"klasse","ensembl"
"ECM_STRUKTUR","ENSG00000106624"
"ECM_STRUKTUR","ENSG00000157766"
"ECM_STRUKTUR","ENSG00000178522"
"ECM_STRUKTUR","ENSG00000125363"
"ECM_STRUKTUR","ENSG00000099721"
"ECM_STRUKTUR","ENSG00000182492"
"ECM_STRUKTUR","ENSG00000010610"
"ECM_STRUKTUR","ENSG00000133048"
"ECM_STRUKTUR","ENSG00000108821"
"ECM_STRUKTUR","ENSG00000164692"
"ECM_STRUKTUR","ENSG00000139219"
"ECM_STRUKTUR","ENSG00000168542"
"ECM_STRUKTUR","ENSG00000291748"
"ECM_STRUKTUR","ENSG00000187498"
"ECM_STRUKTUR","ENSG00000134871"
"ECM_STRUKTUR","ENSG00000169031"
"ECM_STRUKTUR","ENSG00000081052"
"ECM_STRUKTUR","ENSG00000188153"
"ECM_STRUKTUR","ENSG00000197565"
"ECM_STRUKTUR","ENSG00000130635"
"ECM_STRUKTUR","ENSG00000204262"
"ECM_STRUKTUR","ENSG00000142156"
"ECM_STRUKTUR","ENSG00000142173"
"ECM_STRUKTUR","ENSG00000163359"
"ECM_STRUKTUR","ENSG00000114270"
"ECM_STRUKTUR","ENSG00000144810"
"ECM_STRUKTUR","ENSG00000171812"
"ECM_STRUKTUR","ENSG00000112280"
"ECM_STRUKTUR","ENSG00000049089"
"ECM_STRUKTUR","ENSG00000092758"
"ECM_STRUKTUR","ENSG00000123500"
"ECM_STRUKTUR","ENSG00000060718"
"ECM_STRUKTUR","ENSG00000204248"
"ECM_STRUKTUR","ENSG00000232541"
"ECM_STRUKTUR","ENSG00000223699"
"ECM_STRUKTUR","ENSG00000227801"
"ECM_STRUKTUR","ENSG00000206290"
"ECM_STRUKTUR","ENSG00000235708"
"ECM_STRUKTUR","ENSG00000230930"
"ECM_STRUKTUR","ENSG00000111799"
"ECM_STRUKTUR","ENSG00000197467"
"ECM_STRUKTUR","ENSG00000204291"
"ECM_STRUKTUR","ENSG00000084636"
"ECM_STRUKTUR","ENSG00000065618"
"ECM_STRUKTUR","ENSG00000082293"
"ECM_STRUKTUR","ENSG00000105664"
"ECM_STRUKTUR","ENSG00000145681"
"ECM_STRUKTUR","ENSG00000038427"
"ECM_STRUKTUR","ENSG00000011465"
"ECM_STRUKTUR","ENSG00000143196"
"ECM_STRUKTUR","ENSG00000152591"
"ECM_STRUKTUR","ENSG00000143369"
"ECM_STRUKTUR","ENSG00000049540"
"ECM_STRUKTUR","ENSG00000077942"
"ECM_STRUKTUR","ENSG00000163520"
"ECM_STRUKTUR","ENSG00000166147"
"ECM_STRUKTUR","ENSG00000138829"
"ECM_STRUKTUR","ENSG00000115380"
"ECM_STRUKTUR","ENSG00000171560"
"ECM_STRUKTUR","ENSG00000171564"
"ECM_STRUKTUR","ENSG00000171557"
"ECM_STRUKTUR","ENSG00000122176"
"ECM_STRUKTUR","ENSG00000115414"
"ECM_STRUKTUR","ENSG00000142798"
"ECM_STRUKTUR","ENSG00000041982"
"ECM_STRUKTUR","ENSG00000163453"
"ECM_STRUKTUR","ENSG00000142871"
"ECM_STRUKTUR","ENSG00000112706"
"ECM_STRUKTUR","ENSG00000011201"
"ECM_STRUKTUR","ENSG00000196569"
"ECM_STRUKTUR","ENSG00000053747"
"ECM_STRUKTUR","ENSG00000112769"
"ECM_STRUKTUR","ENSG00000130702"
"ECM_STRUKTUR","ENSG00000091136"
"ECM_STRUKTUR","ENSG00000172037"
"ECM_STRUKTUR","ENSG00000196878"
"ECM_STRUKTUR","ENSG00000135862"
"ECM_STRUKTUR","ENSG00000058085"
"ECM_STRUKTUR","ENSG00000049323"
"ECM_STRUKTUR","ENSG00000119681"
"ECM_STRUKTUR","ENSG00000139329"
"ECM_STRUKTUR","ENSG00000162510"
"ECM_STRUKTUR","ENSG00000132561"
"ECM_STRUKTUR","ENSG00000132031"
"ECM_STRUKTUR","ENSG00000117122"
"ECM_STRUKTUR","ENSG00000166482"
"ECM_STRUKTUR","ENSG00000140545"
"ECM_STRUKTUR","ENSG00000111341"
"ECM_STRUKTUR","ENSG00000169894"
"ECM_STRUKTUR","ENSG00000145113"
"ECM_STRUKTUR","ENSG00000277585"
"ECM_STRUKTUR","ENSG00000273822"
"ECM_STRUKTUR","ENSG00000278303"
"ECM_STRUKTUR","ENSG00000278468"
"ECM_STRUKTUR","ENSG00000273984"
"ECM_STRUKTUR","ENSG00000276613"
"ECM_STRUKTUR","ENSG00000275164"
"ECM_STRUKTUR","ENSG00000215182"
"ECM_STRUKTUR","ENSG00000291363"
"ECM_STRUKTUR","ENSG00000184956"
"ECM_STRUKTUR","ENSG00000277281"
"ECM_STRUKTUR","ENSG00000277518"
"ECM_STRUKTUR","ENSG00000116962"
"ECM_STRUKTUR","ENSG00000106809"
"ECM_STRUKTUR","ENSG00000291350"
"ECM_STRUKTUR","ENSG00000106333"
"ECM_STRUKTUR","ENSG00000188783"
"ECM_STRUKTUR","ENSG00000186652"
"ECM_STRUKTUR","ENSG00000113140"
"ECM_STRUKTUR","ENSG00000126549"
"ECM_STRUKTUR","ENSG00000282891"
"ECM_STRUKTUR","ENSG00000119913"
"ECM_STRUKTUR","ENSG00000109927"
"ECM_STRUKTUR","ENSG00000120708"
"ECM_STRUKTUR","ENSG00000137801"
"ECM_STRUKTUR","ENSG00000186340"
"ECM_STRUKTUR","ENSG00000169231"
"ECM_STRUKTUR","ENSG00000168477"
"ECM_STRUKTUR","ENSG00000229341"
"ECM_STRUKTUR","ENSG00000236221"
"ECM_STRUKTUR","ENSG00000233323"
"ECM_STRUKTUR","ENSG00000231608"
"ECM_STRUKTUR","ENSG00000229353"
"ECM_STRUKTUR","ENSG00000236236"
"ECM_STRUKTUR","ENSG00000206258"
"ECM_STRUKTUR","ENSG00000143367"
"ECM_STRUKTUR","ENSG00000187955"
"ECM_STRUKTUR","ENSG00000109072"
"ECM_STRUKTUR","ENSG00000110799"
"ECM_STRUKTUR","ENSG00000103310"
"ECM_STRUKTUR","ENSG00000284588"
"ECM_STRUKTUR","ENSG00000188372"
"ECM_STRUKTUR","ENSG00000130508"
"ECM_STRUKTUR","ENSG00000105825"
"ECM_STRUKTUR","ENSG00000197614"
"ECM_STRUKTUR","ENSG00000206561"
"ECM_STRUKTUR","ENSG00000101955"
"ECM_STRUKTUR","ENSG00000090006"
"ECM_STRUKTUR","ENSG00000138615"
"ECM_STRUKTUR","ENSG00000181092"
"ECM_STRUKTUR","ENSG00000164176"
"ECM_STRUKTUR","ENSG00000132464"
"ECM_STRUKTUR","ENSG00000116690"
"ECM_STRUKTUR","ENSG00000156575"
"ECM_STRUKTUR","ENSG00000262655"
"ECM_STRUKTUR","ENSG00000140092"
"ECM_STRUKTUR","ENSG00000133110"
"ECM_STRUKTUR","ENSG00000127951"
"ECM_STRUKTUR","ENSG00000138080"
"ECM_STRUKTUR","ENSG00000087303"
"ECM_STRUKTUR","ENSG00000138722"
"ECM_STRUKTUR","ENSG00000149506"
"ECM_STRUKTUR","ENSG00000101825"
"ECM_STRUKTUR","ENSG00000154175"
"ECM_STRUKTUR","ENSG00000188770"
"ECM_STRUKTUR","ENSG00000102359"
"ECM_STRUKTUR","ENSG00000172638"
"ECM_STRUKTUR","ENSG00000080573"
"ECM_STRUKTUR","ENSG00000081148"
"ECM_STRUKTUR","ENSG00000106819"
"ECM_STRUKTUR","ENSG00000292224"
"ECM_STRUKTUR","ENSG00000152595"
"ECM_STRUKTUR","ENSG00000116996"
"ECM_STRUKTUR","ENSG00000142910"
"ECM_STRUKTUR","ENSG00000179403"
"ECM_STRUKTUR","ENSG00000163703"
"ECM_STRUKTUR","ENSG00000173269"
"ECM_STRUKTUR","ENSG00000187720"
"ECM_STRUKTUR","ENSG00000182871"
"ECM_STRUKTUR","ENSG00000292234"
"ECM_STRUKTUR","ENSG00000124749"
"ECM_STRUKTUR","ENSG00000143341"
"ECM_STRUKTUR","ENSG00000132205"
"ECM_STRUKTUR","ENSG00000142449"
"ECM_STRUKTUR","ENSG00000188517"
"ECM_STRUKTUR","ENSG00000196739"
"ECM_STRUKTUR","ENSG00000183798"
"ECM_STRUKTUR","ENSG00000050767"
"ECM_STRUKTUR","ENSG00000164932"
"ECM_STRUKTUR","ENSG00000174348"
"ECM_STRUKTUR","ENSG00000182447"
"ECM_STRUKTUR","ENSG00000206384"
"ECM_STRUKTUR","ENSG00000169876"
"ECM_STRUKTUR","ENSG00000100399"
"ECM_STRUKTUR","ENSG00000164764"
"ECM_STRUKTUR","ENSG00000169436"
"ECM_STRUKTUR","ENSG00000171502"
"ECM_STRUKTUR","ENSG00000168743"
"ECM_STRUKTUR","ENSG00000172752"
"ECM_STRUKTUR","ENSG00000148357"
"ECM_STRUKTUR","ENSG00000101680"
"ECM_STRUKTUR","ENSG00000215018"
"ECM_STRUKTUR","ENSG00000188157"
"ECM_STRUKTUR","ENSG00000187664"
"ECM_STRUKTUR","ENSG00000248109"
"ECM_STRUKTUR","ENSG00000097007"
"ECM_STRUKTUR","ENSG00000151651"
"ECM_STRUKTUR","ENSG00000137845"
"ECM_STRUKTUR","ENSG00000135744"
"ECM_STRUKTUR","ENSG00000182718"
"ECM_STRUKTUR","ENSG00000163697"
"ECM_STRUKTUR","ENSG00000105290"
"ECM_STRUKTUR","ENSG00000142192"
"ECM_STRUKTUR","ENSG00000165240"
"ECM_STRUKTUR","ENSG00000069399"
"ECM_STRUKTUR","ENSG00000168487"
"ECM_STRUKTUR","ENSG00000125845"
"ECM_STRUKTUR","ENSG00000204580"
"ECM_STRUKTUR","ENSG00000229767"
"ECM_STRUKTUR","ENSG00000234078"
"ECM_STRUKTUR","ENSG00000137332"
"ECM_STRUKTUR","ENSG00000223680"
"ECM_STRUKTUR","ENSG00000215522"
"ECM_STRUKTUR","ENSG00000230456"
"ECM_STRUKTUR","ENSG00000105974"
"ECM_STRUKTUR","ENSG00000105971"
"ECM_STRUKTUR","ENSG00000159216"
"ECM_STRUKTUR","ENSG00000149257"
"ECM_STRUKTUR","ENSG00000092009"
"ECM_STRUKTUR","ENSG00000080618"
"ECM_STRUKTUR","ENSG00000101439"
"ECM_STRUKTUR","ENSG00000100448"
"ECM_STRUKTUR","ENSG00000143387"
"ECM_STRUKTUR","ENSG00000136943"
"ECM_STRUKTUR","ENSG00000163131"
"ECM_STRUKTUR","ENSG00000138061"
"ECM_STRUKTUR","ENSG00000173402"
"ECM_STRUKTUR","ENSG00000152592"
"ECM_STRUKTUR","ENSG00000197635"
"ECM_STRUKTUR","ENSG00000106823"
"ECM_STRUKTUR","ENSG00000291357"
"ECM_STRUKTUR","ENSG00000197561"
"ECM_STRUKTUR","ENSG00000277571"
"ECM_STRUKTUR","ENSG00000163435"
"ECM_STRUKTUR","ENSG00000106991"
"ECM_STRUKTUR","ENSG00000104884"
"ECM_STRUKTUR","ENSG00000182197"
"ECM_STRUKTUR","ENSG00000078098"
"ECM_STRUKTUR","ENSG00000160867"
"ECM_STRUKTUR","ENSG00000103241"
"ECM_STRUKTUR","ENSG00000137273"
"ECM_STRUKTUR","ENSG00000054598"
"ECM_STRUKTUR","ENSG00000176692"
"ECM_STRUKTUR","ENSG00000148935"
"ECM_STRUKTUR","ENSG00000183087"
"ECM_STRUKTUR","ENSG00000131095"
"ECM_STRUKTUR","ENSG00000086062"
"ECM_STRUKTUR","ENSG00000046653"
"ECM_STRUKTUR","ENSG00000105509"
"ECM_STRUKTUR","ENSG00000170961"
"ECM_STRUKTUR","ENSG00000103044"
"ECM_STRUKTUR","ENSG00000105707"
"ECM_STRUKTUR","ENSG00000029559"
"ECM_STRUKTUR","ENSG00000163501"
"ECM_STRUKTUR","ENSG00000136244"
"ECM_STRUKTUR","ENSG00000164171"
"ECM_STRUKTUR","ENSG00000150093"
"ECM_STRUKTUR","ENSG00000259207"
"ECM_STRUKTUR","ENSG00000136167"
"ECM_STRUKTUR","ENSG00000113083"
"ECM_STRUKTUR","ENSG00000129038"
"ECM_STRUKTUR","ENSG00000134013"
"ECM_STRUKTUR","ENSG00000123384"
"ECM_STRUKTUR","ENSG00000166949"
"ECM_STRUKTUR","ENSG00000141646"
"ECM_STRUKTUR","ENSG00000163975"
"ECM_STRUKTUR","ENSG00000196611"
"ECM_STRUKTUR","ENSG00000087245"
"ECM_STRUKTUR","ENSG00000149968"
"ECM_STRUKTUR","ENSG00000137673"
"ECM_STRUKTUR","ENSG00000118113"
"ECM_STRUKTUR","ENSG00000100985"
"ECM_STRUKTUR","ENSG00000166670"
"ECM_STRUKTUR","ENSG00000099953"
"ECM_STRUKTUR","ENSG00000275365"
"ECM_STRUKTUR","ENSG00000262406"
"ECM_STRUKTUR","ENSG00000137745"
"ECM_STRUKTUR","ENSG00000157227"
"ECM_STRUKTUR","ENSG00000102996"
"ECM_STRUKTUR","ENSG00000156103"
"ECM_STRUKTUR","ENSG00000198598"
"ECM_STRUKTUR","ENSG00000123342"
"ECM_STRUKTUR","ENSG00000115204"
"ECM_STRUKTUR","ENSG00000111049"
"ECM_STRUKTUR","ENSG00000133392"
"ECM_STRUKTUR","ENSG00000276480"
"ECM_STRUKTUR","ENSG00000157483"
"ECM_STRUKTUR","ENSG00000196712"
"ECM_STRUKTUR","ENSG00000077150"
"ECM_STRUKTUR","ENSG00000148400"
"ECM_STRUKTUR","ENSG00000161270"
"ECM_STRUKTUR","ENSG00000162733"
"ECM_STRUKTUR","ENSG00000164761"
"ECM_STRUKTUR","ENSG00000122884"
"ECM_STRUKTUR","ENSG00000140564"
"ECM_STRUKTUR","ENSG00000134853"
"ECM_STRUKTUR","ENSG00000205221"
"ECM_STRUKTUR","ENSG00000206075"
"ECM_STRUKTUR","ENSG00000122194"
"ECM_STRUKTUR","ENSG00000167711"
"ECM_STRUKTUR","ENSG00000276838"
"ECM_STRUKTUR","ENSG00000083444"
"ECM_STRUKTUR","ENSG00000152952"
"ECM_STRUKTUR","ENSG00000132170"
"ECM_STRUKTUR","ENSG00000204983"
"ECM_STRUKTUR","ENSG00000274247"
"ECM_STRUKTUR","ENSG00000275896"
"ECM_STRUKTUR","ENSG00000282049"
"ECM_STRUKTUR","ENSG00000169035"
"ECM_STRUKTUR","ENSG00000116260"
"ECM_STRUKTUR","ENSG00000163661"
"ECM_STRUKTUR","ENSG00000139687"
"ECM_STRUKTUR","ENSG00000145423"
"ECM_STRUKTUR","ENSG00000075618"
"ECM_STRUKTUR","ENSG00000125398"
"ECM_STRUKTUR","ENSG00000166145"
"ECM_STRUKTUR","ENSG00000125878"
"ECM_STRUKTUR","ENSG00000105329"
"ECM_STRUKTUR","ENSG00000092969"
"ECM_STRUKTUR","ENSG00000106799"
"ECM_STRUKTUR","ENSG00000069702"
"ECM_STRUKTUR","ENSG00000066056"
"ECM_STRUKTUR","ENSG00000038295"
"ECM_STRUKTUR","ENSG00000095587"
"ECM_STRUKTUR","ENSG00000112333"
"ECM_STRUKTUR","ENSG00000232810"
"ECM_STRUKTUR","ENSG00000228978"
"ECM_STRUKTUR","ENSG00000204490"
"ECM_STRUKTUR","ENSG00000228321"
"ECM_STRUKTUR","ENSG00000230108"
"ECM_STRUKTUR","ENSG00000228849"
"ECM_STRUKTUR","ENSG00000223952"
"ECM_STRUKTUR","ENSG00000206439"
"ECM_STRUKTUR","ENSG00000067182"
"ECM_STRUKTUR","ENSG00000028137"
"ECM_STRUKTUR","ENSG00000116147"
"ECM_STRUKTUR","ENSG00000172236"
"ECM_STRUKTUR","ENSG00000184937"
"ECM_STRUKTUR","ENSG00000004866"
"ECM_STRUKTUR","ENSG00000261857"
"ECM_STRUKTUR","ENSG00000168646"
"ECM_STRUKTUR","ENSG00000122707"
"ECM_STRUKTUR","ENSG00000189409"
"ECM_STRUKTUR","ENSG00000077943"
"ECM_STRUKTUR","ENSG00000143537"
"ECM_STRUKTUR","ENSG00000124159"
"ECM_STRUKTUR","ENSG00000003402"
"ECM_STRUKTUR","ENSG00000106397"
"ECM_STRUKTUR","ENSG00000133424"
"ECM_STRUKTUR","ENSG00000137674"
"ECM_STRUKTUR","ENSG00000158859"
"ECM_STRUKTUR","ENSG00000156140"
"ECM_STRUKTUR","ENSG00000087116"
"ECM_STRUKTUR","ENSG00000154734"
"ECM_STRUKTUR","ENSG00000167749"
"ECM_STRUKTUR","ENSG00000197859"
"ECM_STRUKTUR","ENSG00000107742"
"ECM_STRUKTUR","ENSG00000105993"
"ECM_STRUKTUR","ENSG00000137312"
"ECM_STRUKTUR","ENSG00000223654"
"ECM_STRUKTUR","ENSG00000236271"
"ECM_STRUKTUR","ENSG00000232280"
"ECM_STRUKTUR","ENSG00000230143"
"ECM_STRUKTUR","ENSG00000224740"
"ECM_STRUKTUR","ENSG00000206480"
"ECM_STRUKTUR","ENSG00000206379"
"ECM_STRUKTUR","ENSG00000171819"
"ECM_STRUKTUR","ENSG00000131477"
"ECM_STRUKTUR","ENSG00000116670"
"ECM_STRUKTUR","ENSG00000170275"
"ECM_STRUKTUR","ENSG00000123131"
"ECM_STRUKTUR","ENSG00000130714"
"ECM_STRUKTUR","ENSG00000141696"
"ECM_STRUKTUR","ENSG00000162493"
"ECM_STRUKTUR","ENSG00000167642"
"ECM_STRUKTUR","ENSG00000125966"
"ECM_STRUKTUR","ENSG00000133710"
"ECM_STRUKTUR","ENSG00000160323"
"ECM_STRUKTUR","ENSG00000281244"
"ECM_STRUKTUR","ENSG00000134917"
"ECM_STRUKTUR","ENSG00000154736"
"ECM_STRUKTUR","ENSG00000138738"
"ECM_STRUKTUR","ENSG00000136378"
"ECM_STRUKTUR","ENSG00000049192"
"ECM_STRUKTUR","ENSG00000163539"
"ECM_STRUKTUR","ENSG00000198756"
"ECM_STRUKTUR","ENSG00000019144"
"ECM_STRUKTUR","ENSG00000137573"
"ECM_STRUKTUR","ENSG00000074054"
"ECM_STRUKTUR","ENSG00000185070"
"ECM_STRUKTUR","ENSG00000167754"
"ECM_STRUKTUR","ENSG00000162745"
"ECM_STRUKTUR","ENSG00000198759"
"ECM_STRUKTUR","ENSG00000184056"
"ECM_STRUKTUR","ENSG00000166923"
"ECM_STRUKTUR","ENSG00000276886"
"ECM_STRUKTUR","ENSG00000282046"
"ECM_STRUKTUR","ENSG00000113971"
"ECM_STRUKTUR","ENSG00000007952"
"ECM_STRUKTUR","ENSG00000102760"
"ECM_STRUKTUR","ENSG00000204542"
"ECM_STRUKTUR","ENSG00000231624"
"ECM_STRUKTUR","ENSG00000229432"
"ECM_STRUKTUR","ENSG00000206461"
"ECM_STRUKTUR","ENSG00000224105"
"ECM_STRUKTUR","ENSG00000225543"
"ECM_STRUKTUR","ENSG00000009830"
"ECM_STRUKTUR","ENSG00000197930"
"ECM_STRUKTUR","ENSG00000134049"
"ECM_STRUKTUR","ENSG00000149084"
"ECM_STRUKTUR","ENSG00000143382"
"ECM_STRUKTUR","ENSG00000095209"
"ECM_STRUKTUR","ENSG00000103056"
"ECM_STRUKTUR","ENSG00000101311"
"ECM_STRUKTUR","ENSG00000085998"
"ECM_STRUKTUR","ENSG00000147408"
"ECM_STRUKTUR","ENSG00000196562"
"ECM_STRUKTUR","ENSG00000167346"
"ECM_STRUKTUR","ENSG00000163638"
"ECM_STRUKTUR","ENSG00000156218"
"ECM_STRUKTUR","ENSG00000291606"
"ECM_STRUKTUR","ENSG00000162430"
"ECM_STRUKTUR","ENSG00000163346"
"ECM_STRUKTUR","ENSG00000107036"
"ECM_STRUKTUR","ENSG00000074527"
"ECM_STRUKTUR","ENSG00000171509"
"ECM_STRUKTUR","ENSG00000132702"
"ECM_STRUKTUR","ENSG00000291756"
"ECM_STRUKTUR","ENSG00000172987"
"ECM_STRUKTUR","ENSG00000177963"
"ECM_STRUKTUR","ENSG00000141756"
"ECM_STRUKTUR","ENSG00000151445"
"ECM_STRUKTUR","ENSG00000137675"
"ECM_STRUKTUR","ENSG00000198732"
"ECM_STRUKTUR","ENSG00000112562"
"ECM_STRUKTUR","ENSG00000138821"
"ECM_STRUKTUR","ENSG00000088727"
"ECM_STRUKTUR","ENSG00000008516"
"ECM_STRUKTUR","ENSG00000181027"
"ECM_STRUKTUR","ENSG00000271447"
"ECM_STRUKTUR","ENSG00000278843"
"ECM_STRUKTUR","ENSG00000173376"
"ECM_STRUKTUR","ENSG00000130309"
"ECM_STRUKTUR","ENSG00000173157"
"ECM_STRUKTUR","ENSG00000197496"
"ECM_STRUKTUR","ENSG00000141098"
"ECM_STRUKTUR","ENSG00000107821"
"ECM_STRUKTUR","ENSG00000151388"
"ECM_STRUKTUR","ENSG00000281690"
"ECM_STRUKTUR","ENSG00000142303"
"ECM_STRUKTUR","ENSG00000103196"
"ECM_STRUKTUR","ENSG00000169604"
"ECM_STRUKTUR","ENSG00000138131"
"ECM_STRUKTUR","ENSG00000225614"
"ECM_STRUKTUR","ENSG00000115318"
"ECM_STRUKTUR","ENSG00000111863"
"ECM_STRUKTUR","ENSG00000122335"
"ECM_STRUKTUR","ENSG00000154342"
"ECM_STRUKTUR","ENSG00000100767"
"ECM_STRUKTUR","ENSG00000144824"
"ECM_STRUKTUR","ENSG00000157613"
"ECM_STRUKTUR","ENSG00000178031"
"ECM_STRUKTUR","ENSG00000154485"
"ECM_STRUKTUR","ENSG00000196408"
"ECM_STRUKTUR","ENSG00000291939"
"ECM_STRUKTUR","ENSG00000164318"
"ECM_STRUKTUR","ENSG00000138316"
"ECM_STRUKTUR","ENSG00000139174"
"ECM_STRUKTUR","ENSG00000159753"
"ECM_STRUKTUR","ENSG00000116903"
"ECM_STRUKTUR","ENSG00000091986"
"ECM_STRUKTUR","ENSG00000187045"
"ECM_STRUKTUR","ENSG00000185585"
"ECM_STRUKTUR","ENSG00000166106"
"ECM_STRUKTUR","ENSG00000145536"
"ECM_STRUKTUR","ENSG00000140470"
"ECM_STRUKTUR","ENSG00000140873"
"ECM_STRUKTUR","ENSG00000145808"
"ECM_STRUKTUR","ENSG00000160588"
"ECM_STRUKTUR","ENSG00000166415"
"ECM_STRUKTUR","ENSG00000149380"
"ECM_STRUKTUR","ENSG00000174705"
"ECM_STRUKTUR","ENSG00000185761"
"ECM_STRUKTUR","ENSG00000224470"
"ECM_STRUKTUR","ENSG00000276365"
"ECM_STRUKTUR","ENSG00000283815"
"ECM_STRUKTUR","ENSG00000284112"
"ECM_STRUKTUR","ENSG00000284204"
"ECM_STRUKTUR","ENSG00000284375"
"ECM_STRUKTUR","ENSG00000284190"
"ECM_STRUKTUR","ENSG00000207864"
"ECM_STRUKTUR","ENSG00000283797"
"ECM_STRUKTUR","ENSG00000207933"
"ECM_STRUKTUR","ENSG00000271886"
"ECM_STRUKTUR","ENSG00000207805"
"ECM_STRUKTUR","ENSG00000260428"
"ECM_STRUKTUR","ENSG00000181404"
"ECM_STRUKTUR","ENSG00000205693"
"GLYKO_LINKER","ENSG00000168036"
"GLYKO_LINKER","ENSG00000182197"
"GLYKO_LINKER","ENSG00000151348"
"GLYKO_LINKER","ENSG00000158008"
"GLYKO_LINKER","ENSG00000162694"
"GLYKO_LINKER","ENSG00000012232"
"GLYKO_LINKER","ENSG00000070614"
"GLYKO_LINKER","ENSG00000148737"
"GLYKO_LINKER","ENSG00000109814"
"GLYKO_LINKER","ENSG00000166507"
"GLYKO_LINKER","ENSG00000164100"
"GLYKO_LINKER","ENSG00000125304"
"GLYKO_LINKER","ENSG00000136720"
"GLYKO_LINKER","ENSG00000153936"
"GLYKO_LINKER","ENSG00000182601"
"GLYKO_LINKER","ENSG00000125430"
"GLYKO_LINKER","ENSG00000153976"
"GLYKO_LINKER","ENSG00000122254"
"GLYKO_LINKER","ENSG00000002587"
"GLYKO_LINKER","ENSG00000130958"
"GLYKO_LINKER","ENSG00000138604"
"GLYKO_LINKER","ENSG00000149541"
"GLYKO_LINKER","ENSG00000111817"
"GLYKO_LINKER","ENSG00000147408"
"GLYKO_LINKER","ENSG00000103489"
"GLYKO_LINKER","ENSG00000285395"
"GLYKO_LINKER","ENSG00000015532"
"GLYKO_LINKER","ENSG00000138653"
"GLYKO_LINKER","ENSG00000162040"
"GLYKO_LINKER","ENSG00000276333"
"GLYKO_LINKER","ENSG00000171004"
"GLYKO_LINKER","ENSG00000155893"
"GLYKO_LINKER","ENSG00000176022"
"GLYKO_LINKER","ENSG00000249853"
"GLYKO_LINKER","ENSG00000185352"
"GLYKO_LINKER","ENSG00000122863"
"GLYKO_LINKER","ENSG00000131873"
"GLYKO_LINKER","ENSG00000109956"
"GLYKO_LINKER","ENSG00000171310"
"GLYKO_LINKER","ENSG00000182022"
"GLYKO_LINKER","ENSG00000170891"
"GLYKO_LINKER","ENSG00000033100"
"GLYKO_LINKER","ENSG00000169826"
"GLYKO_LINKER","ENSG00000136213"
"GLYKO_LINKER","ENSG00000147119"
"GLYKO_LINKER","ENSG00000123989"
"GLYKO_LINKER","ENSG00000154080"
"GLYKO_LINKER","ENSG00000112309"
"GLYKO_LINKER","ENSG00000180767"
"GLYKO_LINKER","ENSG00000198108"
"GLYKO_LINKER","ENSG00000157593"
"GLYKO_LINKER","ENSG00000138696"
"GLYKO_LINKER","ENSG00000204217"
"GLYKO_LINKER","ENSG00000176678"
"GLYKO_LINKER","ENSG00000017427"
"GLYKO_LINKER","ENSG00000115526"
"GLYKO_LINKER","ENSG00000116199"
"GLYKO_LINKER","ENSG00000111962"
"GLYKO_LINKER","ENSG00000027847"
"GLYKO_LINKER","ENSG00000124302"
"GLYKO_LINKER","ENSG00000197093"
"GLYKO_LINKER","ENSG00000197496"
"GLYKO_LINKER","ENSG00000175229"
"GLYKO_LINKER","ENSG00000171451"
"GLYKO_LINKER","ENSG00000262102"
"GLYKO_LINKER","ENSG00000169105"
"GLYKO_LINKER","ENSG00000171302"
"GLYKO_LINKER","ENSG00000272573"
"TF_DNABINDEND","ENSG00000106624"
"TF_DNABINDEND","ENSG00000106546"
"TF_DNABINDEND","ENSG00000156150"
"TF_DNABINDEND","ENSG00000169083"
"TF_DNABINDEND","ENSG00000165462"
"TF_DNABINDEND","ENSG00000143437"
"TF_DNABINDEND","ENSG00000133794"
"TF_DNABINDEND","ENSG00000139352"
"TF_DNABINDEND","ENSG00000183734"
"TF_DNABINDEND","ENSG00000140836"
"TF_DNABINDEND","ENSG00000123268"
"TF_DNABINDEND","ENSG00000162772"
"TF_DNABINDEND","ENSG00000128272"
"TF_DNABINDEND","ENSG00000172238"
"TF_DNABINDEND","ENSG00000156273"
"TF_DNABINDEND","ENSG00000109705"
"TF_DNABINDEND","ENSG00000113916"
"TF_DNABINDEND","ENSG00000057657"
"TF_DNABINDEND","ENSG00000169594"
"TF_DNABINDEND","ENSG00000183770"
"TF_DNABINDEND","ENSG00000012048"
"TF_DNABINDEND","ENSG00000119138"
"TF_DNABINDEND","ENSG00000102554"
"TF_DNABINDEND","ENSG00000124920"
"TF_DNABINDEND","ENSG00000124813"
"TF_DNABINDEND","ENSG00000159216"
"TF_DNABINDEND","ENSG00000020633"
"TF_DNABINDEND","ENSG00000096401"
"TF_DNABINDEND","ENSG00000113722"
"TF_DNABINDEND","ENSG00000165556"
"TF_DNABINDEND","ENSG00000131264"
"TF_DNABINDEND","ENSG00000245848"
"TF_DNABINDEND","ENSG00000172216"
"TF_DNABINDEND","ENSG00000221869"
"TF_DNABINDEND","ENSG00000092067"
"TF_DNABINDEND","ENSG00000153879"
"TF_DNABINDEND","ENSG00000053254"
"TF_DNABINDEND","ENSG00000067082"
"TF_DNABINDEND","ENSG00000118260"
"TF_DNABINDEND","ENSG00000115966"
"TF_DNABINDEND","ENSG00000213676"
"TF_DNABINDEND","ENSG00000234539"
"TF_DNABINDEND","ENSG00000228628"
"TF_DNABINDEND","ENSG00000168468"
"TF_DNABINDEND","ENSG00000111269"
"TF_DNABINDEND","ENSG00000095794"
"TF_DNABINDEND","ENSG00000105392"
"TF_DNABINDEND","ENSG00000183072"
"TF_DNABINDEND","ENSG00000257923"
"TF_DNABINDEND","ENSG00000276644"
"TF_DNABINDEND","ENSG00000105516"
"TF_DNABINDEND","ENSG00000175197"
"TF_DNABINDEND","ENSG00000144355"
"TF_DNABINDEND","ENSG00000292098"
"TF_DNABINDEND","ENSG00000115844"
"TF_DNABINDEND","ENSG00000064195"
"TF_DNABINDEND","ENSG00000108813"
"TF_DNABINDEND","ENSG00000105880"
"TF_DNABINDEND","ENSG00000006377"
"TF_DNABINDEND","ENSG00000137090"
"TF_DNABINDEND","ENSG00000101412"
"TF_DNABINDEND","ENSG00000007968"
"TF_DNABINDEND","ENSG00000282899"
"TF_DNABINDEND","ENSG00000112242"
"TF_DNABINDEND","ENSG00000205250"
"TF_DNABINDEND","ENSG00000133740"
"TF_DNABINDEND","ENSG00000169016"
"TF_DNABINDEND","ENSG00000167967"
"TF_DNABINDEND","ENSG00000164330"
"TF_DNABINDEND","ENSG00000120738"
"TF_DNABINDEND","ENSG00000122877"
"TF_DNABINDEND","ENSG00000179388"
"TF_DNABINDEND","ENSG00000135625"
"TF_DNABINDEND","ENSG00000120690"
"TF_DNABINDEND","ENSG00000109381"
"TF_DNABINDEND","ENSG00000163435"
"TF_DNABINDEND","ENSG00000102034"
"TF_DNABINDEND","ENSG00000135374"
"TF_DNABINDEND","ENSG00000126767"
"TF_DNABINDEND","ENSG00000111145"
"TF_DNABINDEND","ENSG00000158711"
"TF_DNABINDEND","ENSG00000135638"
"TF_DNABINDEND","ENSG00000170370"
"TF_DNABINDEND","ENSG00000163064"
"TF_DNABINDEND","ENSG00000164778"
"TF_DNABINDEND","ENSG00000074800"
"TF_DNABINDEND","ENSG00000116016"
"TF_DNABINDEND","ENSG00000160113"
"TF_DNABINDEND","ENSG00000105722"
"TF_DNABINDEND","ENSG00000157554"
"TF_DNABINDEND","ENSG00000091831"
"TF_DNABINDEND","ENSG00000140009"
"TF_DNABINDEND","ENSG00000173153"
"TF_DNABINDEND","ENSG00000119715"
"TF_DNABINDEND","ENSG00000196482"
"TF_DNABINDEND","ENSG00000134954"
"TF_DNABINDEND","ENSG00000157557"
"TF_DNABINDEND","ENSG00000006468"
"TF_DNABINDEND","ENSG00000105672"
"TF_DNABINDEND","ENSG00000117036"
"TF_DNABINDEND","ENSG00000175832"
"TF_DNABINDEND","ENSG00000244405"
"TF_DNABINDEND","ENSG00000139083"
"TF_DNABINDEND","ENSG00000085276"
"TF_DNABINDEND","ENSG00000106038"
"TF_DNABINDEND","ENSG00000176165"
"TF_DNABINDEND","ENSG00000103241"
"TF_DNABINDEND","ENSG00000137273"
"TF_DNABINDEND","ENSG00000054598"
"TF_DNABINDEND","ENSG00000251493"
"TF_DNABINDEND","ENSG00000170122"
"TF_DNABINDEND","ENSG00000168269"
"TF_DNABINDEND","ENSG00000176678"
"TF_DNABINDEND","ENSG00000186790"
"TF_DNABINDEND","ENSG00000129654"
"TF_DNABINDEND","ENSG00000176692"
"TF_DNABINDEND","ENSG00000178919"
"TF_DNABINDEND","ENSG00000111206"
"TF_DNABINDEND","ENSG00000186564"
"TF_DNABINDEND","ENSG00000179772"
"TF_DNABINDEND","ENSG00000150907"
"TF_DNABINDEND","ENSG00000118689"
"TF_DNABINDEND","ENSG00000240445"
"TF_DNABINDEND","ENSG00000151702"
"TF_DNABINDEND","ENSG00000170345"
"TF_DNABINDEND","ENSG00000125740"
"TF_DNABINDEND","ENSG00000075426"
"TF_DNABINDEND","ENSG00000116833"
"TF_DNABINDEND","ENSG00000136931"
"TF_DNABINDEND","ENSG00000154727"
"TF_DNABINDEND","ENSG00000102145"
"TF_DNABINDEND","ENSG00000179348"
"TF_DNABINDEND","ENSG00000107485"
"TF_DNABINDEND","ENSG00000136574"
"TF_DNABINDEND","ENSG00000285109"
"TF_DNABINDEND","ENSG00000141448"
"TF_DNABINDEND","ENSG00000164900"
"TF_DNABINDEND","ENSG00000168505"
"TF_DNABINDEND","ENSG00000148200"
"TF_DNABINDEND","ENSG00000162676"
"TF_DNABINDEND","ENSG00000111087"
"TF_DNABINDEND","ENSG00000074047"
"TF_DNABINDEND","ENSG00000106571"
"TF_DNABINDEND","ENSG00000250571"
"TF_DNABINDEND","ENSG00000164850"
"TF_DNABINDEND","ENSG00000113580"
"TF_DNABINDEND","ENSG00000063515"
"TF_DNABINDEND","ENSG00000263001"
"TF_DNABINDEND","ENSG00000143321"
"TF_DNABINDEND","ENSG00000152804"
"TF_DNABINDEND","ENSG00000177374"
"TF_DNABINDEND","ENSG00000100644"
"TF_DNABINDEND","ENSG00000095951"
"TF_DNABINDEND","ENSG00000010818"
"TF_DNABINDEND","ENSG00000204859"
"TF_DNABINDEND","ENSG00000130675"
"TF_DNABINDEND","ENSG00000108924"
"TF_DNABINDEND","ENSG00000136630"
"TF_DNABINDEND","ENSG00000123358"
"TF_DNABINDEND","ENSG00000215612"
"TF_DNABINDEND","ENSG00000288204"
"TF_DNABINDEND","ENSG00000188816"
"TF_DNABINDEND","ENSG00000129514"
"TF_DNABINDEND","ENSG00000125798"
"TF_DNABINDEND","ENSG00000170608"
"TF_DNABINDEND","ENSG00000101076"
"TF_DNABINDEND","ENSG00000164749"
"TF_DNABINDEND","ENSG00000169856"
"TF_DNABINDEND","ENSG00000107807"
"TF_DNABINDEND","ENSG00000115297"
"TF_DNABINDEND","ENSG00000105991"
"TF_DNABINDEND","ENSG00000105996"
"TF_DNABINDEND","ENSG00000105997"
"TF_DNABINDEND","ENSG00000197576"
"TF_DNABINDEND","ENSG00000106004"
"TF_DNABINDEND","ENSG00000106006"
"TF_DNABINDEND","ENSG00000122592"
"TF_DNABINDEND","ENSG00000078399"
"TF_DNABINDEND","ENSG00000253293"
"TF_DNABINDEND","ENSG00000005073"
"TF_DNABINDEND","ENSG00000106031"
"TF_DNABINDEND","ENSG00000120094"
"TF_DNABINDEND","ENSG00000173917"
"TF_DNABINDEND","ENSG00000120093"
"TF_DNABINDEND","ENSG00000182742"
"TF_DNABINDEND","ENSG00000120075"
"TF_DNABINDEND","ENSG00000108511"
"TF_DNABINDEND","ENSG00000260027"
"TF_DNABINDEND","ENSG00000120068"
"TF_DNABINDEND","ENSG00000170689"
"TF_DNABINDEND","ENSG00000198353"
"TF_DNABINDEND","ENSG00000172789"
"TF_DNABINDEND","ENSG00000197757"
"TF_DNABINDEND","ENSG00000037965"
"TF_DNABINDEND","ENSG00000180806"
"TF_DNABINDEND","ENSG00000180818"
"TF_DNABINDEND","ENSG00000123388"
"TF_DNABINDEND","ENSG00000123407"
"TF_DNABINDEND","ENSG00000123364"
"TF_DNABINDEND","ENSG00000128645"
"TF_DNABINDEND","ENSG00000128652"
"TF_DNABINDEND","ENSG00000170166"
"TF_DNABINDEND","ENSG00000175879"
"TF_DNABINDEND","ENSG00000128709"
"TF_DNABINDEND","ENSG00000128710"
"TF_DNABINDEND","ENSG00000128713"
"TF_DNABINDEND","ENSG00000170178"
"TF_DNABINDEND","ENSG00000128714"
"TF_DNABINDEND","ENSG00000114315"
"TF_DNABINDEND","ENSG00000185122"
"TF_DNABINDEND","ENSG00000284774"
"TF_DNABINDEND","ENSG00000025156"
"TF_DNABINDEND","ENSG00000102878"
"TF_DNABINDEND","ENSG00000170802"
"TF_DNABINDEND","ENSG00000140968"
"TF_DNABINDEND","ENSG00000135899"
"TF_DNABINDEND","ENSG00000168214"
"TF_DNABINDEND","ENSG00000141568"
"TF_DNABINDEND","ENSG00000173404"
"TF_DNABINDEND","ENSG00000139515"
"TF_DNABINDEND","ENSG00000125347"
"TF_DNABINDEND","ENSG00000168310"
"TF_DNABINDEND","ENSG00000126456"
"TF_DNABINDEND","ENSG00000137265"
"TF_DNABINDEND","ENSG00000128604"
"TF_DNABINDEND","ENSG00000117595"
"TF_DNABINDEND","ENSG00000185507"
"TF_DNABINDEND","ENSG00000276561"
"TF_DNABINDEND","ENSG00000016082"
"TF_DNABINDEND","ENSG00000177606"
"TF_DNABINDEND","ENSG00000171223"
"TF_DNABINDEND","ENSG00000130522"
"TF_DNABINDEND","ENSG00000144218"
"TF_DNABINDEND","ENSG00000273706"
"TF_DNABINDEND","ENSG00000274577"
"TF_DNABINDEND","ENSG00000162761"
"TF_DNABINDEND","ENSG00000136944"
"TF_DNABINDEND","ENSG00000104903"
"TF_DNABINDEND","ENSG00000059728"
"TF_DNABINDEND","ENSG00000170365"
"TF_DNABINDEND","ENSG00000175387"
"TF_DNABINDEND","ENSG00000166949"
"TF_DNABINDEND","ENSG00000141646"
"TF_DNABINDEND","ENSG00000113658"
"TF_DNABINDEND","ENSG00000120693"
"TF_DNABINDEND","ENSG00000178573"
"TF_DNABINDEND","ENSG00000197063"
"TF_DNABINDEND","ENSG00000125952"
"TF_DNABINDEND","ENSG00000103495"
"TF_DNABINDEND","ENSG00000068305"
"TF_DNABINDEND","ENSG00000213999"
"TF_DNABINDEND","ENSG00000081189"
"TF_DNABINDEND","ENSG00000116604"
"TF_DNABINDEND","ENSG00000291761"
"TF_DNABINDEND","ENSG00000143995"
"TF_DNABINDEND","ENSG00000134138"
"TF_DNABINDEND","ENSG00000005102"
"TF_DNABINDEND","ENSG00000106511"
"TF_DNABINDEND","ENSG00000187098"
"TF_DNABINDEND","ENSG00000184481"
"TF_DNABINDEND","ENSG00000151623"
"TF_DNABINDEND","ENSG00000070444"
"TF_DNABINDEND","ENSG00000163132"
"TF_DNABINDEND","ENSG00000120149"
"TF_DNABINDEND","ENSG00000188786"
"TF_DNABINDEND","ENSG00000119950"
"TF_DNABINDEND","ENSG00000118513"
"TF_DNABINDEND","ENSG00000185697"
"TF_DNABINDEND","ENSG00000101057"
"TF_DNABINDEND","ENSG00000136997"
"TF_DNABINDEND","ENSG00000116990"
"TF_DNABINDEND","ENSG00000134323"
"TF_DNABINDEND","ENSG00000111049"
"TF_DNABINDEND","ENSG00000111046"
"TF_DNABINDEND","ENSG00000129152"
"TF_DNABINDEND","ENSG00000122180"
"TF_DNABINDEND","ENSG00000196132"
"TF_DNABINDEND","ENSG00000276876"
"TF_DNABINDEND","ENSG00000162992"
"TF_DNABINDEND","ENSG00000171532"
"TF_DNABINDEND","ENSG00000181965"
"TF_DNABINDEND","ENSG00000131196"
"TF_DNABINDEND","ENSG00000101096"
"TF_DNABINDEND","ENSG00000162599"
"TF_DNABINDEND","ENSG00000072736"
"TF_DNABINDEND","ENSG00000100968"
"TF_DNABINDEND","ENSG00000285485"
"TF_DNABINDEND","ENSG00000123405"
"TF_DNABINDEND","ENSG00000082641"
"TF_DNABINDEND","ENSG00000116044"
"TF_DNABINDEND","ENSG00000147862"
"TF_DNABINDEND","ENSG00000141905"
"TF_DNABINDEND","ENSG00000165030"
"TF_DNABINDEND","ENSG00000008441"
"TF_DNABINDEND","ENSG00000109320"
"TF_DNABINDEND","ENSG00000077150"
"TF_DNABINDEND","ENSG00000086102"
"TF_DNABINDEND","ENSG00000001167"
"TF_DNABINDEND","ENSG00000120837"
"TF_DNABINDEND","ENSG00000066136"
"TF_DNABINDEND","ENSG00000171786"
"TF_DNABINDEND","ENSG00000177551"
"TF_DNABINDEND","ENSG00000125820"
"TF_DNABINDEND","ENSG00000167034"
"TF_DNABINDEND","ENSG00000163623"
"TF_DNABINDEND","ENSG00000148400"
"TF_DNABINDEND","ENSG00000134250"
"TF_DNABINDEND","ENSG00000204301"
"TF_DNABINDEND","ENSG00000238196"
"TF_DNABINDEND","ENSG00000232339"
"TF_DNABINDEND","ENSG00000234876"
"TF_DNABINDEND","ENSG00000235396"
"TF_DNABINDEND","ENSG00000223355"
"TF_DNABINDEND","ENSG00000206312"
"TF_DNABINDEND","ENSG00000130751"
"TF_DNABINDEND","ENSG00000170485"
"TF_DNABINDEND","ENSG00000106459"
"TF_DNABINDEND","ENSG00000129535"
"TF_DNABINDEND","ENSG00000285493"
"TF_DNABINDEND","ENSG00000162068"
"TF_DNABINDEND","ENSG00000153234"
"TF_DNABINDEND","ENSG00000184302"
"TF_DNABINDEND","ENSG00000115507"
"TF_DNABINDEND","ENSG00000165588"
"TF_DNABINDEND","ENSG00000172818"
"TF_DNABINDEND","ENSG00000125813"
"TF_DNABINDEND","ENSG00000075891"
"TF_DNABINDEND","ENSG00000135903"
"TF_DNABINDEND","ENSG00000106331"
"TF_DNABINDEND","ENSG00000196092"
"TF_DNABINDEND","ENSG00000007372"
"TF_DNABINDEND","ENSG00000009709"
"TF_DNABINDEND","ENSG00000198807"
"TF_DNABINDEND","ENSG00000185630"
"TF_DNABINDEND","ENSG00000204304"
"TF_DNABINDEND","ENSG00000225987"
"TF_DNABINDEND","ENSG00000224952"
"TF_DNABINDEND","ENSG00000232005"
"TF_DNABINDEND","ENSG00000237344"
"TF_DNABINDEND","ENSG00000206315"
"TF_DNABINDEND","ENSG00000236353"
"TF_DNABINDEND","ENSG00000167081"
"TF_DNABINDEND","ENSG00000169564"
"TF_DNABINDEND","ENSG00000172572"
"TF_DNABINDEND","ENSG00000198300"
"TF_DNABINDEND","ENSG00000082175"
"TF_DNABINDEND","ENSG00000069011"
"TF_DNABINDEND","ENSG00000164093"
"TF_DNABINDEND","ENSG00000107859"
"TF_DNABINDEND","ENSG00000160199"
"TF_DNABINDEND","ENSG00000181690"
"TF_DNABINDEND","ENSG00000118495"
"TF_DNABINDEND","ENSG00000126003"
"TF_DNABINDEND","ENSG00000188313"
"TF_DNABINDEND","ENSG00000116132"
"TF_DNABINDEND","ENSG00000064835"
"TF_DNABINDEND","ENSG00000143190"
"TF_DNABINDEND","ENSG00000028277"
"TF_DNABINDEND","ENSG00000185668"
"TF_DNABINDEND","ENSG00000184486"
"TF_DNABINDEND","ENSG00000198914"
"TF_DNABINDEND","ENSG00000196767"
"TF_DNABINDEND","ENSG00000152192"
"TF_DNABINDEND","ENSG00000151615"
"TF_DNABINDEND","ENSG00000091010"
"TF_DNABINDEND","ENSG00000204531"
"TF_DNABINDEND","ENSG00000237582"
"TF_DNABINDEND","ENSG00000230336"
"TF_DNABINDEND","ENSG00000235068"
"TF_DNABINDEND","ENSG00000206454"
"TF_DNABINDEND","ENSG00000233911"
"TF_DNABINDEND","ENSG00000229094"
"TF_DNABINDEND","ENSG00000212993"
"TF_DNABINDEND","ENSG00000184271"
"TF_DNABINDEND","ENSG00000186951"
"TF_DNABINDEND","ENSG00000112033"
"TF_DNABINDEND","ENSG00000132170"
"TF_DNABINDEND","ENSG00000175325"
"TF_DNABINDEND","ENSG00000280635"
"TF_DNABINDEND","ENSG00000274382"
"TF_DNABINDEND","ENSG00000117707"
"TF_DNABINDEND","ENSG00000185129"
"TF_DNABINDEND","ENSG00000146676"
"TF_DNABINDEND","ENSG00000131759"
"TF_DNABINDEND","ENSG00000077092"
"TF_DNABINDEND","ENSG00000172819"
"TF_DNABINDEND","ENSG00000162924"
"TF_DNABINDEND","ENSG00000173039"
"TF_DNABINDEND","ENSG00000104856"
"TF_DNABINDEND","ENSG00000084093"
"TF_DNABINDEND","ENSG00000132005"
"TF_DNABINDEND","ENSG00000288283"
"TF_DNABINDEND","ENSG00000087903"
"TF_DNABINDEND","ENSG00000080298"
"TF_DNABINDEND","ENSG00000111783"
"TF_DNABINDEND","ENSG00000143390"
"TF_DNABINDEND","ENSG00000133111"
"TF_DNABINDEND","ENSG00000117000"
"TF_DNABINDEND","ENSG00000069667"
"TF_DNABINDEND","ENSG00000198963"
"TF_DNABINDEND","ENSG00000143365"
"TF_DNABINDEND","ENSG00000124782"
"TF_DNABINDEND","ENSG00000186350"
"TF_DNABINDEND","ENSG00000204231"
"TF_DNABINDEND","ENSG00000231321"
"TF_DNABINDEND","ENSG00000227322"
"TF_DNABINDEND","ENSG00000228333"
"TF_DNABINDEND","ENSG00000235712"
"TF_DNABINDEND","ENSG00000206289"
"TF_DNABINDEND","ENSG00000143171"
"TF_DNABINDEND","ENSG00000165821"
"TF_DNABINDEND","ENSG00000103449"
"TF_DNABINDEND","ENSG00000182568"
"TF_DNABINDEND","ENSG00000185960"
"TF_DNABINDEND","ENSG00000292354"
"TF_DNABINDEND","ENSG00000168779"
"TF_DNABINDEND","ENSG00000112246"
"TF_DNABINDEND","ENSG00000159263"
"TF_DNABINDEND","ENSG00000126778"
"TF_DNABINDEND","ENSG00000138083"
"TF_DNABINDEND","ENSG00000157933"
"TF_DNABINDEND","ENSG00000136603"
"TF_DNABINDEND","ENSG00000019549"
"TF_DNABINDEND","ENSG00000124216"
"TF_DNABINDEND","ENSG00000182968"
"TF_DNABINDEND","ENSG00000181449"
"TF_DNABINDEND","ENSG00000134595"
"TF_DNABINDEND","ENSG00000124766"
"TF_DNABINDEND","ENSG00000134532"
"TF_DNABINDEND","ENSG00000125398"
"TF_DNABINDEND","ENSG00000100146"
"TF_DNABINDEND","ENSG00000176887"
"TF_DNABINDEND","ENSG00000129194"
"TF_DNABINDEND","ENSG00000177732"
"TF_DNABINDEND","ENSG00000185591"
"TF_DNABINDEND","ENSG00000167182"
"TF_DNABINDEND","ENSG00000172845"
"TF_DNABINDEND","ENSG00000105866"
"TF_DNABINDEND","ENSG00000067066"
"TF_DNABINDEND","ENSG00000066336"
"TF_DNABINDEND","ENSG00000269404"
"TF_DNABINDEND","ENSG00000072310"
"TF_DNABINDEND","ENSG00000198911"
"TF_DNABINDEND","ENSG00000112658"
"TF_DNABINDEND","ENSG00000184895"
"TF_DNABINDEND","ENSG00000115415"
"TF_DNABINDEND","ENSG00000170581"
"TF_DNABINDEND","ENSG00000168610"
"TF_DNABINDEND","ENSG00000138378"
"TF_DNABINDEND","ENSG00000126561"
"TF_DNABINDEND","ENSG00000173757"
"TF_DNABINDEND","ENSG00000166888"
"TF_DNABINDEND","ENSG00000164458"
"TF_DNABINDEND","ENSG00000162367"
"TF_DNABINDEND","ENSG00000186051"
"TF_DNABINDEND","ENSG00000184058"
"TF_DNABINDEND","ENSG00000121068"
"TF_DNABINDEND","ENSG00000089225"
"TF_DNABINDEND","ENSG00000149922"
"TF_DNABINDEND","ENSG00000092607"
"TF_DNABINDEND","ENSG00000196628"
"TF_DNABINDEND","ENSG00000135111"
"TF_DNABINDEND","ENSG00000135100"
"TF_DNABINDEND","ENSG00000275410"
"TF_DNABINDEND","ENSG00000276194"
"TF_DNABINDEND","ENSG00000071564"
"TF_DNABINDEND","ENSG00000081059"
"TF_DNABINDEND","ENSG00000148737"
"TF_DNABINDEND","ENSG00000148516"
"TF_DNABINDEND","ENSG00000140262"
"TF_DNABINDEND","ENSG00000125878"
"TF_DNABINDEND","ENSG00000169131"
"TF_DNABINDEND","ENSG00000118526"
"TF_DNABINDEND","ENSG00000108788"
"TF_DNABINDEND","ENSG00000187079"
"TF_DNABINDEND","ENSG00000197905"
"TF_DNABINDEND","ENSG00000007866"
"TF_DNABINDEND","ENSG00000167074"
"TF_DNABINDEND","ENSG00000137203"
"TF_DNABINDEND","ENSG00000008196"
"TF_DNABINDEND","ENSG00000087510"
"TF_DNABINDEND","ENSG00000090447"
"TF_DNABINDEND","ENSG00000135457"
"TF_DNABINDEND","ENSG00000175745"
"TF_DNABINDEND","ENSG00000185551"
"TF_DNABINDEND","ENSG00000198176"
"TF_DNABINDEND","ENSG00000114126"
"TF_DNABINDEND","ENSG00000068323"
"TF_DNABINDEND","ENSG00000292217"
"TF_DNABINDEND","ENSG00000177426"
"TF_DNABINDEND","ENSG00000126351"
"TF_DNABINDEND","ENSG00000151090"
"TF_DNABINDEND","ENSG00000155090"
"TF_DNABINDEND","ENSG00000136352"
"TF_DNABINDEND","ENSG00000112333"
"TF_DNABINDEND","ENSG00000141510"
"TF_DNABINDEND","ENSG00000078900"
"TF_DNABINDEND","ENSG00000120798"
"TF_DNABINDEND","ENSG00000177463"
"TF_DNABINDEND","ENSG00000104447"
"TF_DNABINDEND","ENSG00000122691"
"TF_DNABINDEND","ENSG00000153560"
"TF_DNABINDEND","ENSG00000131408"
"TF_DNABINDEND","ENSG00000158773"
"TF_DNABINDEND","ENSG00000105698"
"TF_DNABINDEND","ENSG00000111424"
"TF_DNABINDEND","ENSG00000184937"
"TF_DNABINDEND","ENSG00000100219"
"TF_DNABINDEND","ENSG00000100811"
"TF_DNABINDEND","ENSG00000136866"
"TF_DNABINDEND","ENSG00000198081"
"TF_DNABINDEND","ENSG00000005889"
"TF_DNABINDEND","ENSG00000067646"
"TF_DNABINDEND","ENSG00000152977"
"TF_DNABINDEND","ENSG00000043355"
"TF_DNABINDEND","ENSG00000156925"
"TF_DNABINDEND","ENSG00000275111"
"TF_DNABINDEND","ENSG00000166526"
"TF_DNABINDEND","ENSG00000147180"
"TF_DNABINDEND","ENSG00000147789"
"TF_DNABINDEND","ENSG00000278129"
"TF_DNABINDEND","ENSG00000256223"
"TF_DNABINDEND","ENSG00000164631"
"TF_DNABINDEND","ENSG00000105708"
"TF_DNABINDEND","ENSG00000182141"
"TF_DNABINDEND","ENSG00000170631"
"TF_DNABINDEND","ENSG00000186272"
"TF_DNABINDEND","ENSG00000154957"
"TF_DNABINDEND","ENSG00000157429"
"TF_DNABINDEND","ENSG00000132010"
"TF_DNABINDEND","ENSG00000147118"
"TF_DNABINDEND","ENSG00000165512"
"TF_DNABINDEND","ENSG00000167377"
"TF_DNABINDEND","ENSG00000172466"
"TF_DNABINDEND","ENSG00000198393"
"TF_DNABINDEND","ENSG00000198538"
"TF_DNABINDEND","ENSG00000121903"
"TF_DNABINDEND","ENSG00000169740"
"TF_DNABINDEND","ENSG00000189180"
"TF_DNABINDEND","ENSG00000196693"
"TF_DNABINDEND","ENSG00000169981"
"TF_DNABINDEND","ENSG00000281306"
"TF_DNABINDEND","ENSG00000106261"
"TF_DNABINDEND","ENSG00000075407"
"TF_DNABINDEND","ENSG00000166529"
"TF_DNABINDEND","ENSG00000147124"
"TF_DNABINDEND","ENSG00000099326"
"TF_DNABINDEND","ENSG00000198521"
"TF_DNABINDEND","ENSG00000279566"
"TF_DNABINDEND","ENSG00000124459"
"TF_DNABINDEND","ENSG00000089775"
"TF_DNABINDEND","ENSG00000160229"
"TF_DNABINDEND","ENSG00000275050"
"TF_DNABINDEND","ENSG00000198429"
"TF_DNABINDEND","ENSG00000187792"
"TF_DNABINDEND","ENSG00000185252"
"TF_DNABINDEND","ENSG00000186376"
"TF_DNABINDEND","ENSG00000162086"
"TF_DNABINDEND","ENSG00000065029"
"TF_DNABINDEND","ENSG00000196152"
"TF_DNABINDEND","ENSG00000174255"
"TF_DNABINDEND","ENSG00000198040"
"TF_DNABINDEND","ENSG00000159905"
"TF_DNABINDEND","ENSG00000105750"
"TF_DNABINDEND","ENSG00000278091"
"TF_DNABINDEND","ENSG00000213988"
"TF_DNABINDEND","ENSG00000167232"
"TF_DNABINDEND","ENSG00000213973"
"TF_DNABINDEND","ENSG00000159885"
"TF_DNABINDEND","ENSG00000197961"
"TF_DNABINDEND","ENSG00000196418"
"TF_DNABINDEND","ENSG00000172262"
"TF_DNABINDEND","ENSG00000131849"
"TF_DNABINDEND","ENSG00000125846"
"TF_DNABINDEND","ENSG00000213762"
"TF_DNABINDEND","ENSG00000176293"
"TF_DNABINDEND","ENSG00000196646"
"TF_DNABINDEND","ENSG00000197008"
"TF_DNABINDEND","ENSG00000196387"
"TF_DNABINDEND","ENSG00000131127"
"TF_DNABINDEND","ENSG00000115568"
"TF_DNABINDEND","ENSG00000166478"
"TF_DNABINDEND","ENSG00000109906"
"TF_DNABINDEND","ENSG00000167635"
"TF_DNABINDEND","ENSG00000163848"
"TF_DNABINDEND","ENSG00000116809"
"TF_DNABINDEND","ENSG00000179909"
"TF_DNABINDEND","ENSG00000204920"
"TF_DNABINDEND","ENSG00000147117"
"TF_DNABINDEND","ENSG00000136451"
"TF_DNABINDEND","ENSG00000197279"
"TF_DNABINDEND","ENSG00000103343"
"TF_DNABINDEND","ENSG00000105497"
"TF_DNABINDEND","ENSG00000188629"
"TF_DNABINDEND","ENSG00000167384"
"TF_DNABINDEND","ENSG00000096654"
"TF_DNABINDEND","ENSG00000197062"
"TF_DNABINDEND","ENSG00000136870"
"TF_DNABINDEND","ENSG00000198315"
"TF_DNABINDEND","ENSG00000137185"
"TF_DNABINDEND","ENSG00000005801"
"TF_DNABINDEND","ENSG00000166261"
"TF_DNABINDEND","ENSG00000122386"
"TF_DNABINDEND","ENSG00000160321"
"TF_DNABINDEND","ENSG00000085644"
"TF_DNABINDEND","ENSG00000149050"
"TF_DNABINDEND","ENSG00000149054"
"TF_DNABINDEND","ENSG00000171940"
"TF_DNABINDEND","ENSG00000178386"
"TF_DNABINDEND","ENSG00000267680"
"TF_DNABINDEND","ENSG00000256294"
"TF_DNABINDEND","ENSG00000167380"
"TF_DNABINDEND","ENSG00000131115"
"TF_DNABINDEND","ENSG00000062370"
"TF_DNABINDEND","ENSG00000278318"
"TF_DNABINDEND","ENSG00000159882"
"TF_DNABINDEND","ENSG00000167840"
"TF_DNABINDEND","ENSG00000130856"
"TF_DNABINDEND","ENSG00000116731"
"TF_DNABINDEND","ENSG00000125618"
"TF_DNABINDEND","ENSG00000112561"
"TF_DNABINDEND","ENSG00000198517"
"TF_DNABINDEND","ENSG00000170260"
"TF_DNABINDEND","ENSG00000119508"
"TF_DNABINDEND","ENSG00000107187"
"TF_DNABINDEND","ENSG00000175592"
"TF_DNABINDEND","ENSG00000180318"
"TF_DNABINDEND","ENSG00000196793"
"TF_DNABINDEND","ENSG00000163508"
"TF_DNABINDEND","ENSG00000165702"
"TF_DNABINDEND","ENSG00000168875"
"TF_DNABINDEND","ENSG00000170265"
"TF_DNABINDEND","ENSG00000109101"
"TF_DNABINDEND","ENSG00000172059"
"TF_DNABINDEND","ENSG00000074219"
"TF_DNABINDEND","ENSG00000137270"
"TF_DNABINDEND","ENSG00000043039"
"TF_DNABINDEND","ENSG00000134107"
"TF_DNABINDEND","ENSG00000118263"
"TF_DNABINDEND","ENSG00000064490"
"TF_DNABINDEND","ENSG00000073282"
"TF_DNABINDEND","ENSG00000163666"
"TF_DNABINDEND","ENSG00000144852"
"TF_DNABINDEND","ENSG00000160973"
"TF_DNABINDEND","ENSG00000109132"
"TF_DNABINDEND","ENSG00000143178"
"TF_DNABINDEND","ENSG00000112837"
"TF_DNABINDEND","ENSG00000214717"
"TF_DNABINDEND","ENSG00000292345"
"TF_DNABINDEND","ENSG00000124831"
"TF_DNABINDEND","ENSG00000178860"
"TF_DNABINDEND","ENSG00000124827"
"TF_DNABINDEND","ENSG00000236104"
"TF_DNABINDEND","ENSG00000229253"
"TF_DNABINDEND","ENSG00000206280"
"TF_DNABINDEND","ENSG00000227780"
"TF_DNABINDEND","ENSG00000237056"
"TF_DNABINDEND","ENSG00000159917"
"TF_DNABINDEND","ENSG00000136826"
"TF_DNABINDEND","ENSG00000106689"
"TF_DNABINDEND","ENSG00000113196"
"TF_DNABINDEND","ENSG00000083844"
"TF_DNABINDEND","ENSG00000065320"
"TF_DNABINDEND","ENSG00000164107"
"TF_DNABINDEND","ENSG00000119547"
"TF_DNABINDEND","ENSG00000121075"
"TF_DNABINDEND","ENSG00000189067"
"TF_DNABINDEND","ENSG00000213096"
"TF_DNABINDEND","ENSG00000006704"
"TF_DNABINDEND","ENSG00000126368"
"TF_DNABINDEND","ENSG00000134852"
"TF_DNABINDEND","ENSG00000143842"
"TF_DNABINDEND","ENSG00000146592"
"TF_DNABINDEND","ENSG00000050344"
"TF_DNABINDEND","ENSG00000166716"
"TF_DNABINDEND","ENSG00000101493"
"TF_DNABINDEND","ENSG00000256087"
"TF_DNABINDEND","ENSG00000147488"
"TF_DNABINDEND","ENSG00000167395"
"TF_DNABINDEND","ENSG00000198597"
"TF_DNABINDEND","ENSG00000158691"
"TF_DNABINDEND","ENSG00000183309"
"TF_DNABINDEND","ENSG00000276340"
"TF_DNABINDEND","ENSG00000169554"
"TF_DNABINDEND","ENSG00000112365"
"TF_DNABINDEND","ENSG00000177853"
"TF_DNABINDEND","ENSG00000166860"
"TF_DNABINDEND","ENSG00000100426"
"TF_DNABINDEND","ENSG00000172379"
"TF_DNABINDEND","ENSG00000184677"
"TF_DNABINDEND","ENSG00000168795"
"TF_DNABINDEND","ENSG00000204103"
"TF_DNABINDEND","ENSG00000143257"
"TF_DNABINDEND","ENSG00000012504"
"TF_DNABINDEND","ENSG00000174738"
"TF_DNABINDEND","ENSG00000135164"
"TF_DNABINDEND","ENSG00000278570"
"TF_DNABINDEND","ENSG00000177485"
"TF_DNABINDEND","ENSG00000025434"
"TF_DNABINDEND","ENSG00000006194"
"TF_DNABINDEND","ENSG00000186448"
"TF_DNABINDEND","ENSG00000281709"
"TF_DNABINDEND","ENSG00000152454"
"TF_DNABINDEND","ENSG00000179981"
"TF_DNABINDEND","ENSG00000205927"
"TF_DNABINDEND","ENSG00000180855"
"TF_DNABINDEND","ENSG00000176842"
"TF_DNABINDEND","ENSG00000185947"
"TF_DNABINDEND","ENSG00000185811"
"TF_DNABINDEND","ENSG00000127528"
"TF_DNABINDEND","ENSG00000213928"
"TF_DNABINDEND","ENSG00000285048"
"TF_DNABINDEND","ENSG00000164040"
"TF_DNABINDEND","ENSG00000179456"
"TF_DNABINDEND","ENSG00000159184"
"TF_DNABINDEND","ENSG00000107175"
"TF_DNABINDEND","ENSG00000121417"
"TF_DNABINDEND","ENSG00000177030"
"TF_DNABINDEND","ENSG00000282712"
"TF_DNABINDEND","ENSG00000156127"
"TF_DNABINDEND","ENSG00000123933"
"TF_DNABINDEND","ENSG00000173253"
"TF_DNABINDEND","ENSG00000138136"
"TF_DNABINDEND","ENSG00000105610"
"TF_DNABINDEND","ENSG00000102974"
"TF_DNABINDEND","ENSG00000162419"
"TF_DNABINDEND","ENSG00000136535"
"TF_DNABINDEND","ENSG00000102908"
"TF_DNABINDEND","ENSG00000101190"
"TF_DNABINDEND","ENSG00000170577"
"TF_DNABINDEND","ENSG00000186130"
"TF_DNABINDEND","ENSG00000263002"
"TF_DNABINDEND","ENSG00000174652"
"TF_DNABINDEND","ENSG00000171606"
"TF_DNABINDEND","ENSG00000198039"
"TF_DNABINDEND","ENSG00000197714"
"TF_DNABINDEND","ENSG00000090612"
"TF_DNABINDEND","ENSG00000063587"
"TF_DNABINDEND","ENSG00000170653"
"TF_DNABINDEND","ENSG00000148704"
"TF_DNABINDEND","ENSG00000140526"
"TF_DNABINDEND","ENSG00000039600"
"TF_DNABINDEND","ENSG00000138738"
"TF_DNABINDEND","ENSG00000110851"
"TF_DNABINDEND","ENSG00000125285"
"TF_DNABINDEND","ENSG00000165156"
"TF_DNABINDEND","ENSG00000079263"
"TF_DNABINDEND","ENSG00000118922"
"TF_DNABINDEND","ENSG00000102349"
"TF_DNABINDEND","ENSG00000106536"
"TF_DNABINDEND","ENSG00000124232"
"TF_DNABINDEND","ENSG00000105967"
"TF_DNABINDEND","ENSG00000161405"
"TF_DNABINDEND","ENSG00000030419"
"TF_DNABINDEND","ENSG00000169136"
"TF_DNABINDEND","ENSG00000198740"
"TF_DNABINDEND","ENSG00000120784"
"TF_DNABINDEND","ENSG00000101544"
"TF_DNABINDEND","ENSG00000081386"
"TF_DNABINDEND","ENSG00000175727"
"TF_DNABINDEND","ENSG00000281178"
"TF_DNABINDEND","ENSG00000178764"
"TF_DNABINDEND","ENSG00000198815"
"TF_DNABINDEND","ENSG00000126804"
"TF_DNABINDEND","ENSG00000118217"
"TF_DNABINDEND","ENSG00000188994"
"TF_DNABINDEND","ENSG00000186487"
"TF_DNABINDEND","ENSG00000174306"
"TF_DNABINDEND","ENSG00000102935"
"TF_DNABINDEND","ENSG00000169155"
"TF_DNABINDEND","ENSG00000181418"
"TF_DNABINDEND","ENSG00000169635"
"TF_DNABINDEND","ENSG00000079432"
"TF_DNABINDEND","ENSG00000174197"
"TF_DNABINDEND","ENSG00000166454"
"TF_DNABINDEND","ENSG00000291953"
"TF_DNABINDEND","ENSG00000119042"
"TF_DNABINDEND","ENSG00000111249"
"TF_DNABINDEND","ENSG00000102870"
"TF_DNABINDEND","ENSG00000101126"
"TF_DNABINDEND","ENSG00000171540"
"TF_DNABINDEND","ENSG00000164683"
"TF_DNABINDEND","ENSG00000135547"
"TF_DNABINDEND","ENSG00000162702"
"TF_DNABINDEND","ENSG00000100105"
"TF_DNABINDEND","ENSG00000269699"
"TF_DNABINDEND","ENSG00000196652"
"TF_DNABINDEND","ENSG00000185022"
"TF_DNABINDEND","ENSG00000083812"
"TF_DNABINDEND","ENSG00000124664"
"TF_DNABINDEND","ENSG00000116035"
"TF_DNABINDEND","ENSG00000137709"
"TF_DNABINDEND","ENSG00000251247"
"TF_DNABINDEND","ENSG00000142528"
"TF_DNABINDEND","ENSG00000198795"
"TF_DNABINDEND","ENSG00000172273"
"TF_DNABINDEND","ENSG00000112200"
"TF_DNABINDEND","ENSG00000103199"
"TF_DNABINDEND","ENSG00000181722"
"TF_DNABINDEND","ENSG00000274349"
"TF_DNABINDEND","ENSG00000130684"
"TF_DNABINDEND","ENSG00000101216"
"TF_DNABINDEND","ENSG00000136327"
"TF_DNABINDEND","ENSG00000135373"
"TF_DNABINDEND","ENSG00000106852"
"TF_DNABINDEND","ENSG00000163909"
"TF_DNABINDEND","ENSG00000105856"
"TF_DNABINDEND","ENSG00000283847"
"TF_DNABINDEND","ENSG00000267508"
"TF_DNABINDEND","ENSG00000187140"
"TF_DNABINDEND","ENSG00000171956"
"TF_DNABINDEND","ENSG00000011590"
"TF_DNABINDEND","ENSG00000114861"
"TF_DNABINDEND","ENSG00000066422"
"TF_DNABINDEND","ENSG00000196453"
"TF_DNABINDEND","ENSG00000256463"
"TF_DNABINDEND","ENSG00000263310"
"TF_DNABINDEND","ENSG00000277015"
"TF_DNABINDEND","ENSG00000126705"
"TF_DNABINDEND","ENSG00000151650"
"TF_DNABINDEND","ENSG00000198131"
"TF_DNABINDEND","ENSG00000180828"
"TF_DNABINDEND","ENSG00000163884"
"TF_DNABINDEND","ENSG00000134317"
"TF_DNABINDEND","ENSG00000115112"
"TF_DNABINDEND","ENSG00000172733"
"TF_DNABINDEND","ENSG00000073861"
"TF_DNABINDEND","ENSG00000164438"
"TF_DNABINDEND","ENSG00000134438"
"TF_DNABINDEND","ENSG00000005513"
"TF_DNABINDEND","ENSG00000100987"
"TF_DNABINDEND","ENSG00000115041"
"TF_DNABINDEND","ENSG00000177932"
"TF_DNABINDEND","ENSG00000173276"
"TF_DNABINDEND","ENSG00000122859"
"TF_DNABINDEND","ENSG00000113430"
"TF_DNABINDEND","ENSG00000049768"
"TF_DNABINDEND","ENSG00000122145"
"TF_DNABINDEND","ENSG00000277800"
"TF_DNABINDEND","ENSG00000160685"
"TF_DNABINDEND","ENSG00000164011"
"TF_DNABINDEND","ENSG00000009950"
"TF_DNABINDEND","ENSG00000213015"
"TF_DNABINDEND","ENSG00000138795"
"TF_DNABINDEND","ENSG00000121864"
"TF_DNABINDEND","ENSG00000165804"
"TF_DNABINDEND","ENSG00000109787"
"TF_DNABINDEND","ENSG00000180479"
"TF_DNABINDEND","ENSG00000179965"
"TF_DNABINDEND","ENSG00000178951"
"TF_DNABINDEND","ENSG00000152926"
"TF_DNABINDEND","ENSG00000164048"
"TF_DNABINDEND","ENSG00000196247"
"TF_DNABINDEND","ENSG00000167157"
"TF_DNABINDEND","ENSG00000010030"
"TF_DNABINDEND","ENSG00000171425"
"TF_DNABINDEND","ENSG00000169926"
"TF_DNABINDEND","ENSG00000275746"
"TF_DNABINDEND","ENSG00000197857"
"TF_DNABINDEND","ENSG00000100625"
"TF_DNABINDEND","ENSG00000119866"
"TF_DNABINDEND","ENSG00000203883"
"TF_DNABINDEND","ENSG00000069812"
"TF_DNABINDEND","ENSG00000235608"
"TF_DNABINDEND","ENSG00000163497"
"TF_DNABINDEND","ENSG00000236609"
"TF_DNABINDEND","ENSG00000083828"
"TF_DNABINDEND","ENSG00000171466"
"TF_DNABINDEND","ENSG00000137871"
"TF_DNABINDEND","ENSG00000132024"
"TF_DNABINDEND","ENSG00000288293"
"TF_DNABINDEND","ENSG00000130940"
"TF_DNABINDEND","ENSG00000140987"
"TF_DNABINDEND","ENSG00000120669"
"TF_DNABINDEND","ENSG00000198146"
"TF_DNABINDEND","ENSG00000176371"
"TF_DNABINDEND","ENSG00000291625"
"TF_DNABINDEND","ENSG00000153266"
"TF_DNABINDEND","ENSG00000131931"
"TF_DNABINDEND","ENSG00000074657"
"TF_DNABINDEND","ENSG00000175105"
"TF_DNABINDEND","ENSG00000167685"
"TF_DNABINDEND","ENSG00000130844"
"TF_DNABINDEND","ENSG00000144485"
"TF_DNABINDEND","ENSG00000123685"
"TF_DNABINDEND","ENSG00000197933"
"TF_DNABINDEND","ENSG00000110693"
"TF_DNABINDEND","ENSG00000102984"
"TF_DNABINDEND","ENSG00000056277"
"TF_DNABINDEND","ENSG00000171163"
"TF_DNABINDEND","ENSG00000083817"
"TF_DNABINDEND","ENSG00000083838"
"TF_DNABINDEND","ENSG00000198185"
"TF_DNABINDEND","ENSG00000167562"
"TF_DNABINDEND","ENSG00000167766"
"TF_DNABINDEND","ENSG00000170954"
"TF_DNABINDEND","ENSG00000065970"
"TF_DNABINDEND","ENSG00000196345"
"TF_DNABINDEND","ENSG00000281894"
"TF_DNABINDEND","ENSG00000085274"
"TF_DNABINDEND","ENSG00000186918"
"TF_DNABINDEND","ENSG00000166823"
"TF_DNABINDEND","ENSG00000089335"
"TF_DNABINDEND","ENSG00000186416"
"TF_DNABINDEND","ENSG00000292244"
"TF_DNABINDEND","ENSG00000131668"
"TF_DNABINDEND","ENSG00000256771"
"TF_DNABINDEND","ENSG00000176009"
"TF_DNABINDEND","ENSG00000125520"
"TF_DNABINDEND","ENSG00000125492"
"TF_DNABINDEND","ENSG00000129028"
"TF_DNABINDEND","ENSG00000105419"
"TF_DNABINDEND","ENSG00000029153"
"TF_DNABINDEND","ENSG00000143355"
"TF_DNABINDEND","ENSG00000173320"
"TF_DNABINDEND","ENSG00000170325"
"TF_DNABINDEND","ENSG00000114439"
"TF_DNABINDEND","ENSG00000164532"
"TF_DNABINDEND","ENSG00000197472"
"TF_DNABINDEND","ENSG00000149596"
"TF_DNABINDEND","ENSG00000101115"
"TF_DNABINDEND","ENSG00000198105"
"TF_DNABINDEND","ENSG00000168286"
"TF_DNABINDEND","ENSG00000221994"
"TF_DNABINDEND","ENSG00000187607"
"TF_DNABINDEND","ENSG00000141040"
"TF_DNABINDEND","ENSG00000131845"
"TF_DNABINDEND","ENSG00000196700"
"TF_DNABINDEND","ENSG00000188033"
"TF_DNABINDEND","ENSG00000063438"
"TF_DNABINDEND","ENSG00000197024"
"TF_DNABINDEND","ENSG00000197566"
"TF_DNABINDEND","ENSG00000166188"
"TF_DNABINDEND","ENSG00000196263"
"TF_DNABINDEND","ENSG00000143373"
"TF_DNABINDEND","ENSG00000088881"
"TF_DNABINDEND","ENSG00000290292"
"TF_DNABINDEND","ENSG00000229676"
"TF_DNABINDEND","ENSG00000121297"
"TF_DNABINDEND","ENSG00000181472"
"TF_DNABINDEND","ENSG00000066827"
"TF_DNABINDEND","ENSG00000174282"
"TF_DNABINDEND","ENSG00000283868"
"TF_DNABINDEND","ENSG00000142065"
"TF_DNABINDEND","ENSG00000171448"
"TF_DNABINDEND","ENSG00000130803"
"TF_DNABINDEND","ENSG00000186020"
"TF_DNABINDEND","ENSG00000146587"
"TF_DNABINDEND","ENSG00000188290"
"TF_DNABINDEND","ENSG00000158055"
"TF_DNABINDEND","ENSG00000119725"
"TF_DNABINDEND","ENSG00000123307"
"TF_DNABINDEND","ENSG00000137504"
"TF_DNABINDEND","ENSG00000197951"
"TF_DNABINDEND","ENSG00000175691"
"TF_DNABINDEND","ENSG00000125850"
"TF_DNABINDEND","ENSG00000196150"
"TF_DNABINDEND","ENSG00000064218"
"TF_DNABINDEND","ENSG00000011451"
"TF_DNABINDEND","ENSG00000127124"
"TF_DNABINDEND","ENSG00000112238"
"TF_DNABINDEND","ENSG00000256683"
"TF_DNABINDEND","ENSG00000118707"
"TF_DNABINDEND","ENSG00000112182"
"TF_DNABINDEND","ENSG00000052850"
"TF_DNABINDEND","ENSG00000165495"
"TF_DNABINDEND","ENSG00000198046"
"TF_DNABINDEND","ENSG00000142025"
"TF_DNABINDEND","ENSG00000143006"
"TF_DNABINDEND","ENSG00000142700"
"TF_DNABINDEND","ENSG00000176399"
"TF_DNABINDEND","ENSG00000178403"
"TF_DNABINDEND","ENSG00000164600"
"TF_DNABINDEND","ENSG00000142611"
"TF_DNABINDEND","ENSG00000141956"
"TF_DNABINDEND","ENSG00000151322"
"TF_DNABINDEND","ENSG00000089116"
"TF_DNABINDEND","ENSG00000235109"
"TF_DNABINDEND","ENSG00000164736"
"TF_DNABINDEND","ENSG00000124440"
"TF_DNABINDEND","ENSG00000123411"
"TF_DNABINDEND","ENSG00000095574"
"TF_DNABINDEND","ENSG00000125812"
"TF_DNABINDEND","ENSG00000221818"
"TF_DNABINDEND","ENSG00000144655"
"TF_DNABINDEND","ENSG00000105732"
"TF_DNABINDEND","ENSG00000182158"
"TF_DNABINDEND","ENSG00000159556"
"TF_DNABINDEND","ENSG00000181827"
"TF_DNABINDEND","ENSG00000127152"
"TF_DNABINDEND","ENSG00000062194"
"TF_DNABINDEND","ENSG00000187801"
"TF_DNABINDEND","ENSG00000198093"
"TF_DNABINDEND","ENSG00000121413"
"TF_DNABINDEND","ENSG00000205189"
"TF_DNABINDEND","ENSG00000197343"
"TF_DNABINDEND","ENSG00000130818"
"TF_DNABINDEND","ENSG00000131848"
"TF_DNABINDEND","ENSG00000088876"
"TF_DNABINDEND","ENSG00000124444"
"TF_DNABINDEND","ENSG00000159387"
"TF_DNABINDEND","ENSG00000177508"
"TF_DNABINDEND","ENSG00000170549"
"TF_DNABINDEND","ENSG00000130544"
"TF_DNABINDEND","ENSG00000123095"
"TF_DNABINDEND","ENSG00000177494"
"TF_DNABINDEND","ENSG00000181894"
"TF_DNABINDEND","ENSG00000181315"
"TF_DNABINDEND","ENSG00000169957"
"TF_DNABINDEND","ENSG00000129173"
"TF_DNABINDEND","ENSG00000105136"
"TF_DNABINDEND","ENSG00000141579"
"TF_DNABINDEND","ENSG00000167394"
"TF_DNABINDEND","ENSG00000091656"
"TF_DNABINDEND","ENSG00000197497"
"TF_DNABINDEND","ENSG00000175213"
"TF_DNABINDEND","ENSG00000138380"
"TF_DNABINDEND","ENSG00000178935"
"TF_DNABINDEND","ENSG00000185670"
"TF_DNABINDEND","ENSG00000188295"
"TF_DNABINDEND","ENSG00000083814"
"TF_DNABINDEND","ENSG00000171161"
"TF_DNABINDEND","ENSG00000176024"
"TF_DNABINDEND","ENSG00000111704"
"TF_DNABINDEND","ENSG00000185730"
"TF_DNABINDEND","ENSG00000198342"
"TF_DNABINDEND","ENSG00000083307"
"TF_DNABINDEND","ENSG00000293317"
"TF_DNABINDEND","ENSG00000172000"
"TF_DNABINDEND","ENSG00000178662"
"TF_DNABINDEND","ENSG00000166704"
"TF_DNABINDEND","ENSG00000198939"
"TF_DNABINDEND","ENSG00000142556"
"TF_DNABINDEND","ENSG00000118620"
"TF_DNABINDEND","ENSG00000278780"
"TF_DNABINDEND","ENSG00000189298"
"TF_DNABINDEND","ENSG00000189120"
"TF_DNABINDEND","ENSG00000196812"
"TF_DNABINDEND","ENSG00000123576"
"TF_DNABINDEND","ENSG00000105717"
"TF_DNABINDEND","ENSG00000196378"
"TF_DNABINDEND","ENSG00000125945"
"TF_DNABINDEND","ENSG00000283009"
"TF_DNABINDEND","ENSG00000167332"
"TF_DNABINDEND","ENSG00000110925"
"TF_DNABINDEND","ENSG00000213020"
"TF_DNABINDEND","ENSG00000184635"
"TF_DNABINDEND","ENSG00000152284"
"TF_DNABINDEND","ENSG00000292149"
"TF_DNABINDEND","ENSG00000213347"
"TF_DNABINDEND","ENSG00000261678"
"TF_DNABINDEND","ENSG00000284923"
"TF_DNABINDEND","ENSG00000171056"
"TF_DNABINDEND","ENSG00000285438"
"TF_DNABINDEND","ENSG00000008197"
"TF_DNABINDEND","ENSG00000127081"
"TF_DNABINDEND","ENSG00000129911"
"TF_DNABINDEND","ENSG00000185155"
"TF_DNABINDEND","ENSG00000174963"
"TF_DNABINDEND","ENSG00000160908"
"TF_DNABINDEND","ENSG00000122482"
"TF_DNABINDEND","ENSG00000196275"
"TF_DNABINDEND","ENSG00000186812"
"TF_DNABINDEND","ENSG00000132846"
"TF_DNABINDEND","ENSG00000133250"
"TF_DNABINDEND","ENSG00000167555"
"TF_DNABINDEND","ENSG00000160961"
"TF_DNABINDEND","ENSG00000243943"
"TF_DNABINDEND","ENSG00000189164"
"TF_DNABINDEND","ENSG00000148826"
"TF_DNABINDEND","ENSG00000144161"
"TF_DNABINDEND","ENSG00000188321"
"TF_DNABINDEND","ENSG00000131721"
"TF_DNABINDEND","ENSG00000137338"
"TF_DNABINDEND","ENSG00000185278"
"TF_DNABINDEND","ENSG00000197114"
"TF_DNABINDEND","ENSG00000180626"
"TF_DNABINDEND","ENSG00000225614"
"TF_DNABINDEND","ENSG00000164299"
"TF_DNABINDEND","ENSG00000126603"
"TF_DNABINDEND","ENSG00000274636"
"TF_DNABINDEND","ENSG00000179111"
"TF_DNABINDEND","ENSG00000197937"
"TF_DNABINDEND","ENSG00000168348"
"TF_DNABINDEND","ENSG00000060566"
"TF_DNABINDEND","ENSG00000161551"
"TF_DNABINDEND","ENSG00000198182"
"TF_DNABINDEND","ENSG00000162714"
"TF_DNABINDEND","ENSG00000291884"
"TF_DNABINDEND","ENSG00000173976"
"TF_DNABINDEND","ENSG00000144026"
"TF_DNABINDEND","ENSG00000119574"
"TF_DNABINDEND","ENSG00000130182"
"TF_DNABINDEND","ENSG00000131061"
"TF_DNABINDEND","ENSG00000161298"
"TF_DNABINDEND","ENSG00000168874"
"TF_DNABINDEND","ENSG00000198466"
"TF_DNABINDEND","ENSG00000186017"
"TF_DNABINDEND","ENSG00000170915"
"TF_DNABINDEND","ENSG00000139800"
"TF_DNABINDEND","ENSG00000136367"
"TF_DNABINDEND","ENSG00000178163"
"TF_DNABINDEND","ENSG00000179528"
"TF_DNABINDEND","ENSG00000215397"
"TF_DNABINDEND","ENSG00000172468"
"TF_DNABINDEND","ENSG00000121454"
"TF_DNABINDEND","ENSG00000197483"
"TF_DNABINDEND","ENSG00000168661"
"TF_DNABINDEND","ENSG00000204519"
"TF_DNABINDEND","ENSG00000153779"
"TF_DNABINDEND","ENSG00000204611"
"TF_DNABINDEND","ENSG00000196214"
"TF_DNABINDEND","ENSG00000204604"
"TF_DNABINDEND","ENSG00000170949"
"TF_DNABINDEND","ENSG00000127903"
"TF_DNABINDEND","ENSG00000196466"
"TF_DNABINDEND","ENSG00000257591"
"TF_DNABINDEND","ENSG00000196757"
"TF_DNABINDEND","ENSG00000171291"
"TF_DNABINDEND","ENSG00000256229"
"TF_DNABINDEND","ENSG00000176679"
"TF_DNABINDEND","ENSG00000185177"
"TF_DNABINDEND","ENSG00000143067"
"TF_DNABINDEND","ENSG00000198169"
"TF_DNABINDEND","ENSG00000278062"
"TF_DNABINDEND","ENSG00000157613"
"TF_DNABINDEND","ENSG00000197124"
"TF_DNABINDEND","ENSG00000196653"
"TF_DNABINDEND","ENSG00000281448"
"TF_DNABINDEND","ENSG00000175329"
"TF_DNABINDEND","ENSG00000196417"
"TF_DNABINDEND","ENSG00000213799"
"TF_DNABINDEND","ENSG00000145908"
"TF_DNABINDEND","ENSG00000197808"
"TF_DNABINDEND","ENSG00000245680"
"TF_DNABINDEND","ENSG00000169951"
"TF_DNABINDEND","ENSG00000114853"
"TF_DNABINDEND","ENSG00000171469"
"TF_DNABINDEND","ENSG00000185404"
"TF_DNABINDEND","ENSG00000277462"
"TF_DNABINDEND","ENSG00000128573"
"TF_DNABINDEND","ENSG00000181896"
"TF_DNABINDEND","ENSG00000164379"
"TF_DNABINDEND","ENSG00000160877"
"TF_DNABINDEND","ENSG00000197134"
"TF_DNABINDEND","ENSG00000141946"
"TF_DNABINDEND","ENSG00000157657"
"TF_DNABINDEND","ENSG00000172006"
"TF_DNABINDEND","ENSG00000156853"
"TF_DNABINDEND","ENSG00000186446"
"TF_DNABINDEND","ENSG00000281661"
"TF_DNABINDEND","ENSG00000164920"
"TF_DNABINDEND","ENSG00000168062"
"TF_DNABINDEND","ENSG00000137166"
"TF_DNABINDEND","ENSG00000167625"
"TF_DNABINDEND","ENSG00000152475"
"TF_DNABINDEND","ENSG00000184221"
"TF_DNABINDEND","ENSG00000126733"
"TF_DNABINDEND","ENSG00000233608"
"TF_DNABINDEND","ENSG00000288335"
"TF_DNABINDEND","ENSG00000178338"
"TF_DNABINDEND","ENSG00000198546"
"TF_DNABINDEND","ENSG00000109851"
"TF_DNABINDEND","ENSG00000167528"
"TF_DNABINDEND","ENSG00000170374"
"TF_DNABINDEND","ENSG00000291837"
"TF_DNABINDEND","ENSG00000187855"
"TF_DNABINDEND","ENSG00000166211"
"TF_DNABINDEND","ENSG00000139445"
"TF_DNABINDEND","ENSG00000140044"
"TF_DNABINDEND","ENSG00000176160"
"TF_DNABINDEND","ENSG00000180787"
"TF_DNABINDEND","ENSG00000180257"
"TF_DNABINDEND","ENSG00000178229"
"TF_DNABINDEND","ENSG00000198346"
"TF_DNABINDEND","ENSG00000197044"
"TF_DNABINDEND","ENSG00000177599"
"TF_DNABINDEND","ENSG00000171295"
"TF_DNABINDEND","ENSG00000142409"
"TF_DNABINDEND","ENSG00000189144"
"TF_DNABINDEND","ENSG00000171970"
"TF_DNABINDEND","ENSG00000180884"
"TF_DNABINDEND","ENSG00000197587"
"TF_DNABINDEND","ENSG00000117010"
"TF_DNABINDEND","ENSG00000179930"
"TF_DNABINDEND","ENSG00000171872"
"TF_DNABINDEND","ENSG00000125533"
"TF_DNABINDEND","ENSG00000182463"
"TF_DNABINDEND","ENSG00000169548"
"TF_DNABINDEND","ENSG00000275499"
"TF_DNABINDEND","ENSG00000143867"
"TF_DNABINDEND","ENSG00000179059"
"TF_DNABINDEND","ENSG00000248483"
"TF_DNABINDEND","ENSG00000106410"
"TF_DNABINDEND","ENSG00000285328"
"TF_DNABINDEND","ENSG00000197362"
"TF_DNABINDEND","ENSG00000266265"
"TF_DNABINDEND","ENSG00000180938"
"TF_DNABINDEND","ENSG00000180053"
"TF_DNABINDEND","ENSG00000148411"
"TF_DNABINDEND","ENSG00000165259"
"TF_DNABINDEND","ENSG00000189299"
"TF_DNABINDEND","ENSG00000189420"
"TF_DNABINDEND","ENSG00000198816"
"TF_DNABINDEND","ENSG00000196867"
"TF_DNABINDEND","ENSG00000130700"
"TF_DNABINDEND","ENSG00000130584"
"TF_DNABINDEND","ENSG00000124092"
"TF_DNABINDEND","ENSG00000275004"
"TF_DNABINDEND","ENSG00000277421"
"TF_DNABINDEND","ENSG00000179195"
"TF_DNABINDEND","ENSG00000165891"
"TF_DNABINDEND","ENSG00000133937"
"TF_DNABINDEND","ENSG00000188095"
"TF_DNABINDEND","ENSG00000140265"
"TF_DNABINDEND","ENSG00000184939"
"TF_DNABINDEND","ENSG00000167981"
"TF_DNABINDEND","ENSG00000197162"
"TF_DNABINDEND","ENSG00000229809"
"TF_DNABINDEND","ENSG00000198464"
"TF_DNABINDEND","ENSG00000198633"
"TF_DNABINDEND","ENSG00000258405"
"TF_DNABINDEND","ENSG00000196724"
"TF_DNABINDEND","ENSG00000173480"
"TF_DNABINDEND","ENSG00000188785"
"TF_DNABINDEND","ENSG00000198028"
"TF_DNABINDEND","ENSG00000171443"
"TF_DNABINDEND","ENSG00000179922"
"TF_DNABINDEND","ENSG00000188868"
"TF_DNABINDEND","ENSG00000177045"
"TF_DNABINDEND","ENSG00000197050"
"TF_DNABINDEND","ENSG00000196357"
"TF_DNABINDEND","ENSG00000290720"
"TF_DNABINDEND","ENSG00000018869"
"TF_DNABINDEND","ENSG00000198440"
"TF_DNABINDEND","ENSG00000153896"
"TF_DNABINDEND","ENSG00000167785"
"TF_DNABINDEND","ENSG00000291737"
"TF_DNABINDEND","ENSG00000197360"
"TF_DNABINDEND","ENSG00000160352"
"TF_DNABINDEND","ENSG00000196172"
"TF_DNABINDEND","ENSG00000186300"
"TF_DNABINDEND","ENSG00000196437"
"TF_DNABINDEND","ENSG00000171827"
"TF_DNABINDEND","ENSG00000143578"
"TF_DNABINDEND","ENSG00000187634"
"TF_DNABINDEND","ENSG00000174332"
"TF_DNABINDEND","ENSG00000160094"
"TF_DNABINDEND","ENSG00000163792"
"TF_DNABINDEND","ENSG00000170448"
"TF_DNABINDEND","ENSG00000272602"
"TF_DNABINDEND","ENSG00000164463"
"TF_DNABINDEND","ENSG00000170561"
"TF_DNABINDEND","ENSG00000204947"
"TF_DNABINDEND","ENSG00000181220"
"TF_DNABINDEND","ENSG00000165066"
"TF_DNABINDEND","ENSG00000173258"
"TF_DNABINDEND","ENSG00000196597"
"TF_DNABINDEND","ENSG00000101883"
"TF_DNABINDEND","ENSG00000169953"
"TF_DNABINDEND","ENSG00000119919"
"TF_DNABINDEND","ENSG00000184517"
"TF_DNABINDEND","ENSG00000175322"
"TF_DNABINDEND","ENSG00000196267"
"TF_DNABINDEND","ENSG00000167554"
"TF_DNABINDEND","ENSG00000189190"
"TF_DNABINDEND","ENSG00000182986"
"TF_DNABINDEND","ENSG00000174586"
"TF_DNABINDEND","ENSG00000251369"
"TF_DNABINDEND","ENSG00000170684"
"TF_DNABINDEND","ENSG00000196605"
"TF_DNABINDEND","ENSG00000218891"
"TF_DNABINDEND","ENSG00000173875"
"TF_DNABINDEND","ENSG00000249709"
"TF_DNABINDEND","ENSG00000242852"
"TF_DNABINDEND","ENSG00000197647"
"TF_DNABINDEND","ENSG00000178150"
"TF_DNABINDEND","ENSG00000189042"
"TF_DNABINDEND","ENSG00000188283"
"TF_DNABINDEND","ENSG00000290988"
"TF_DNABINDEND","ENSG00000128000"
"TF_DNABINDEND","ENSG00000281601"
"TF_DNABINDEND","ENSG00000196109"
"TF_DNABINDEND","ENSG00000276219"
"TF_DNABINDEND","ENSG00000197020"
"TF_DNABINDEND","ENSG00000274746"
"TF_DNABINDEND","ENSG00000171817"
"TF_DNABINDEND","ENSG00000182749"
"TF_DNABINDEND","ENSG00000168826"
"TF_DNABINDEND","ENSG00000178175"
"TF_DNABINDEND","ENSG00000177468"
"TF_DNABINDEND","ENSG00000146757"
"TF_DNABINDEND","ENSG00000197123"
"TF_DNABINDEND","ENSG00000181444"
"TF_DNABINDEND","ENSG00000180535"
"TF_DNABINDEND","ENSG00000048405"
"TF_DNABINDEND","ENSG00000172748"
"TF_DNABINDEND","ENSG00000107249"
"TF_DNABINDEND","ENSG00000228623"
"TF_DNABINDEND","ENSG00000175787"
"TF_DNABINDEND","ENSG00000004848"
"TF_DNABINDEND","ENSG00000180613"
"TF_DNABINDEND","ENSG00000203326"
"TF_DNABINDEND","ENSG00000196705"
"TF_DNABINDEND","ENSG00000182903"
"TF_DNABINDEND","ENSG00000126746"
"TF_DNABINDEND","ENSG00000197372"
"TF_DNABINDEND","ENSG00000165244"
"TF_DNABINDEND","ENSG00000166268"
"TF_DNABINDEND","ENSG00000170100"
"TF_DNABINDEND","ENSG00000180035"
"TF_DNABINDEND","ENSG00000198551"
"TF_DNABINDEND","ENSG00000196967"
"TF_DNABINDEND","ENSG00000188171"
"TF_DNABINDEND","ENSG00000154222"
"TF_DNABINDEND","ENSG00000184492"
"TF_DNABINDEND","ENSG00000184828"
"TF_DNABINDEND","ENSG00000171574"
"TF_DNABINDEND","ENSG00000180532"
"TF_DNABINDEND","ENSG00000173275"
"TF_DNABINDEND","ENSG00000176542"
"TF_DNABINDEND","ENSG00000169840"
"TF_DNABINDEND","ENSG00000165730"
"TF_DNABINDEND","ENSG00000175395"
"TF_DNABINDEND","ENSG00000179774"
"TF_DNABINDEND","ENSG00000183621"
"TF_DNABINDEND","ENSG00000198298"
"TF_DNABINDEND","ENSG00000213588"
"TF_DNABINDEND","ENSG00000236515"
"TF_DNABINDEND","ENSG00000204366"
"TF_DNABINDEND","ENSG00000237900"
"TF_DNABINDEND","ENSG00000206366"
"TF_DNABINDEND","ENSG00000234852"
"TF_DNABINDEND","ENSG00000234196"
"TF_DNABINDEND","ENSG00000197037"
"TF_DNABINDEND","ENSG00000164651"
"TF_DNABINDEND","ENSG00000164916"
"TF_DNABINDEND","ENSG00000185002"
"TF_DNABINDEND","ENSG00000187987"
"TF_DNABINDEND","ENSG00000146618"
"TF_DNABINDEND","ENSG00000186496"
"TF_DNABINDEND","ENSG00000177311"
"TF_DNABINDEND","ENSG00000177842"
"TF_DNABINDEND","ENSG00000108001"
"TF_DNABINDEND","ENSG00000250312"
"TF_DNABINDEND","ENSG00000161940"
"TF_DNABINDEND","ENSG00000121406"
"TF_DNABINDEND","ENSG00000168267"
"TF_DNABINDEND","ENSG00000176083"
"TF_DNABINDEND","ENSG00000174576"
"TF_DNABINDEND","ENSG00000197935"
"TF_DNABINDEND","ENSG00000225351"
"TF_DNABINDEND","ENSG00000223687"
"TF_DNABINDEND","ENSG00000233831"
"TF_DNABINDEND","ENSG00000235589"
"TF_DNABINDEND","ENSG00000169260"
"TF_DNABINDEND","ENSG00000235178"
"TF_DNABINDEND","ENSG00000150051"
"TF_DNABINDEND","ENSG00000176302"
"TF_DNABINDEND","ENSG00000139651"
"TF_DNABINDEND","ENSG00000119608"
"TF_DNABINDEND","ENSG00000152433"
"TF_DNABINDEND","ENSG00000171649"
"TF_DNABINDEND","ENSG00000152443"
"TF_DNABINDEND","ENSG00000152467"
"TF_DNABINDEND","ENSG00000197782"
"TF_DNABINDEND","ENSG00000280568"
"TF_DNABINDEND","ENSG00000176472"
"TF_DNABINDEND","ENSG00000167637"
"TF_DNABINDEND","ENSG00000178928"
"TF_DNABINDEND","ENSG00000197619"
"TF_DNABINDEND","ENSG00000197608"
"TF_DNABINDEND","ENSG00000197054"
"TF_DNABINDEND","ENSG00000223547"
"TF_DNABINDEND","ENSG00000181007"
"TF_DNABINDEND","ENSG00000196268"
"TF_DNABINDEND","ENSG00000181666"
"TF_DNABINDEND","ENSG00000177873"
"TF_DNABINDEND","ENSG00000172888"
"TF_DNABINDEND","ENSG00000178917"
"TF_DNABINDEND","ENSG00000281626"
"TF_DNABINDEND","ENSG00000144792"
"TF_DNABINDEND","ENSG00000280661"
"TF_DNABINDEND","ENSG00000178187"
"TF_DNABINDEND","ENSG00000196456"
"TF_DNABINDEND","ENSG00000198556"
"TF_DNABINDEND","ENSG00000181135"
"TF_DNABINDEND","ENSG00000274352"
"TF_DNABINDEND","ENSG00000181638"
"TF_DNABINDEND","ENSG00000187559"
"TF_DNABINDEND","ENSG00000185669"
"TF_DNABINDEND","ENSG00000119614"
"TF_DNABINDEND","ENSG00000197841"
"TF_DNABINDEND","ENSG00000254004"
"TF_DNABINDEND","ENSG00000187187"
"TF_DNABINDEND","ENSG00000281526"
"TF_DNABINDEND","ENSG00000176182"
"TF_DNABINDEND","ENSG00000116819"
"TF_DNABINDEND","ENSG00000181450"
"TF_DNABINDEND","ENSG00000187815"
"TF_DNABINDEND","ENSG00000173041"
"TF_DNABINDEND","ENSG00000164853"
"TF_DNABINDEND","ENSG00000197363"
"TF_DNABINDEND","ENSG00000188620"
"TF_DNABINDEND","ENSG00000196391"
"TF_DNABINDEND","ENSG00000155592"
"TF_DNABINDEND","ENSG00000267041"
"TF_DNABINDEND","ENSG00000213921"
"TF_DNABINDEND","ENSG00000280774"
"TF_DNABINDEND","ENSG00000176222"
"TF_DNABINDEND","ENSG00000186026"
"TF_DNABINDEND","ENSG00000197928"
"TF_DNABINDEND","ENSG00000197213"
"TF_DNABINDEND","ENSG00000182318"
"TF_DNABINDEND","ENSG00000143032"
"TF_DNABINDEND","ENSG00000151379"
"TF_DNABINDEND","ENSG00000183733"
"TF_DNABINDEND","ENSG00000214513"
"TF_DNABINDEND","ENSG00000233757"
"TF_DNABINDEND","ENSG00000214336"
"TF_DNABINDEND","ENSG00000174279"
"TF_DNABINDEND","ENSG00000187033"
"TF_DNABINDEND","ENSG00000197385"
"TF_DNABINDEND","ENSG00000234284"
"TF_DNABINDEND","ENSG00000124613"
"TF_DNABINDEND","ENSG00000204644"
"TF_DNABINDEND","ENSG00000227858"
"TF_DNABINDEND","ENSG00000226858"
"TF_DNABINDEND","ENSG00000234669"
"TF_DNABINDEND","ENSG00000223852"
"TF_DNABINDEND","ENSG00000223858"
"TF_DNABINDEND","ENSG00000232099"
"TF_DNABINDEND","ENSG00000206510"
"TF_DNABINDEND","ENSG00000197779"
"TF_DNABINDEND","ENSG00000167800"
"TF_DNABINDEND","ENSG00000183647"
"TF_DNABINDEND","ENSG00000292995"
"TF_DNABINDEND","ENSG00000178665"
"TF_DNABINDEND","ENSG00000184659"
"TF_DNABINDEND","ENSG00000197013"
"TF_DNABINDEND","ENSG00000185219"
"TF_DNABINDEND","ENSG00000159915"
"TF_DNABINDEND","ENSG00000177888"
"TF_DNABINDEND","ENSG00000205857"
"TF_DNABINDEND","ENSG00000140548"
"TF_DNABINDEND","ENSG00000196110"
"TF_DNABINDEND","ENSG00000185869"
"TF_DNABINDEND","ENSG00000198453"
"TF_DNABINDEND","ENSG00000152439"
"TF_DNABINDEND","ENSG00000187626"
"TF_DNABINDEND","ENSG00000180592"
"TF_DNABINDEND","ENSG00000255192"
"TF_DNABINDEND","ENSG00000269067"
"TF_DNABINDEND","ENSG00000197863"
"TF_DNABINDEND","ENSG00000198482"
"TF_DNABINDEND","ENSG00000213793"
"TF_DNABINDEND","ENSG00000160336"
"TF_DNABINDEND","ENSG00000197016"
"TF_DNABINDEND","ENSG00000186230"
"TF_DNABINDEND","ENSG00000249471"
"TF_DNABINDEND","ENSG00000197921"
"TF_DNABINDEND","ENSG00000273529"
"TF_DNABINDEND","ENSG00000204335"
"TF_DNABINDEND","ENSG00000182983"
"TF_DNABINDEND","ENSG00000174428"
"TF_DNABINDEND","ENSG00000128610"
"TF_DNABINDEND","ENSG00000182759"
"TF_DNABINDEND","ENSG00000229544"
"TF_DNABINDEND","ENSG00000188909"
"TF_DNABINDEND","ENSG00000188779"
"TF_DNABINDEND","ENSG00000205922"
"TF_DNABINDEND","ENSG00000188227"
"TF_DNABINDEND","ENSG00000268041"
"TF_DNABINDEND","ENSG00000204524"
"TF_DNABINDEND","ENSG00000173673"
"TF_DNABINDEND","ENSG00000187821"
"TF_DNABINDEND","ENSG00000186766"
"TF_DNABINDEND","ENSG00000221923"
"TF_DNABINDEND","ENSG00000197128"
"TF_DNABINDEND","ENSG00000165643"
"TF_DNABINDEND","ENSG00000177125"
"TF_DNABINDEND","ENSG00000230797"
"TF_DNABINDEND","ENSG00000162624"
"TF_DNABINDEND","ENSG00000196946"
"TF_DNABINDEND","ENSG00000185610"
"TF_DNABINDEND","ENSG00000081665"
"TF_DNABINDEND","ENSG00000196081"
"TF_DNABINDEND","ENSG00000283201"
"TF_DNABINDEND","ENSG00000253831"
"TF_DNABINDEND","ENSG00000182111"
"TF_DNABINDEND","ENSG00000214652"
"TF_DNABINDEND","ENSG00000204612"
"TF_DNABINDEND","ENSG00000186103"
"TF_DNABINDEND","ENSG00000259009"
"TF_DNABINDEND","ENSG00000204595"
"TF_DNABINDEND","ENSG00000258873"
"TF_DNABINDEND","ENSG00000164684"
"TF_DNABINDEND","ENSG00000251192"
"TF_DNABINDEND","ENSG00000290382"
"TF_DNABINDEND","ENSG00000260428"
"TF_DNABINDEND","ENSG00000243660"
"TF_DNABINDEND","ENSG00000196670"
"TF_DNABINDEND","ENSG00000278970"
"TF_DNABINDEND","ENSG00000165606"
"TF_DNABINDEND","ENSG00000125816"
"TF_DNABINDEND","ENSG00000274529"
"TF_DNABINDEND","ENSG00000267908"
"TF_DNABINDEND","ENSG00000268696"
"TF_DNABINDEND","ENSG00000232237"
"TF_DNABINDEND","ENSG00000227059"
"TF_DNABINDEND","ENSG00000204532"
"TF_DNABINDEND","ENSG00000215474"
"TF_DNABINDEND","ENSG00000160062"
"TF_DNABINDEND","ENSG00000273514"
"TF_DNABINDEND","ENSG00000204779"
"TF_DNABINDEND","ENSG00000186777"
"TF_DNABINDEND","ENSG00000205899"
"TF_DNABINDEND","ENSG00000203989"
"TF_DNABINDEND","ENSG00000273274"
"TF_DNABINDEND","ENSG00000105261"
"TF_DNABINDEND","ENSG00000234444"
"TF_DNABINDEND","ENSG00000215343"
"TF_DNABINDEND","ENSG00000285124"
"TF_DNABINDEND","ENSG00000290687"
"TF_DNABINDEND","ENSG00000257446"
"TF_DNABINDEND","ENSG00000204514"
"TF_DNABINDEND","ENSG00000213967"
"TF_DNABINDEND","ENSG00000223614"
"TF_DNABINDEND","ENSG00000196460"
"TF_DNABINDEND","ENSG00000282757"
"TF_DNABINDEND","ENSG00000186814"
"TF_DNABINDEND","ENSG00000220201"
"TF_DNABINDEND","ENSG00000179627"
"TF_DNABINDEND","ENSG00000183850"
"TF_DNABINDEND","ENSG00000261787"
"TF_DNABINDEND","ENSG00000237440"
"TF_DNABINDEND","ENSG00000268738"
"TF_DNABINDEND","ENSG00000205903"
"TF_DNABINDEND","ENSG00000217236"
"TF_DNABINDEND","ENSG00000227124"
"TF_DNABINDEND","ENSG00000215372"
"TF_DNABINDEND","ENSG00000292386"
"TF_DNABINDEND","ENSG00000285286"
"TF_DNABINDEND","ENSG00000274195"
"TF_DNABINDEND","ENSG00000215356"
"TF_DNABINDEND","ENSG00000204060"
"TF_DNABINDEND","ENSG00000281518"
"TF_DNABINDEND","ENSG00000196350"
"TF_DNABINDEND","ENSG00000279552"
"TF_DNABINDEND","ENSG00000248767"
"TF_DNABINDEND","ENSG00000260596"
"TF_DNABINDEND","ENSG00000283949"
"TF_DNABINDEND","ENSG00000196458"
"TF_DNABINDEND","ENSG00000204946"
"TF_DNABINDEND","ENSG00000269343"
"TF_DNABINDEND","ENSG00000267235"
"TF_DNABINDEND","ENSG00000257315"
"TF_DNABINDEND","ENSG00000241149"
"TF_DNABINDEND","ENSG00000171116"
"TF_DNABINDEND","ENSG00000261221"
"TF_DNABINDEND","ENSG00000270011"
"TF_DNABINDEND","ENSG00000214029"
"TF_DNABINDEND","ENSG00000283463"
"TF_DNABINDEND","ENSG00000283697"
"TF_DNABINDEND","ENSG00000283755"
"TF_DNABINDEND","ENSG00000268480"
"TF_DNABINDEND","ENSG00000283039"
"TF_DNABINDEND","ENSG00000284484"
"CILIUM","ENSG00000142208"
"CILIUM","ENSG00000168374"
"CILIUM","ENSG00000138175"
"CILIUM","ENSG00000174483"
"CILIUM","ENSG00000125124"
"CILIUM","ENSG00000140463"
"CILIUM","ENSG00000160226"
"CILIUM","ENSG00000122545"
"CILIUM","ENSG00000073464"
"CILIUM","ENSG00000141551"
"CILIUM","ENSG00000083799"
"CILIUM","ENSG00000204843"
"CILIUM","ENSG00000077279"
"CILIUM","ENSG00000198947"
"CILIUM","ENSG00000039139"
"CILIUM","ENSG00000124721"
"CILIUM","ENSG00000205250"
"CILIUM","ENSG00000198121"
"CILIUM","ENSG00000143126"
"CILIUM","ENSG00000129654"
"CILIUM","ENSG00000196924"
"CILIUM","ENSG00000141013"
"CILIUM","ENSG00000057608"
"CILIUM","ENSG00000196475"
"CILIUM","ENSG00000160007"
"CILIUM","ENSG00000082701"
"CILIUM","ENSG00000148180"
"CILIUM","ENSG00000197386"
"CILIUM","ENSG00000169856"
"CILIUM","ENSG00000162975"
"CILIUM","ENSG00000177807"
"CILIUM","ENSG00000053918"
"CILIUM","ENSG00000282076"
"CILIUM","ENSG00000130702"
"CILIUM","ENSG00000099204"
"CILIUM","ENSG00000182541"
"CILIUM","ENSG00000111837"
"CILIUM","ENSG00000047849"
"CILIUM","ENSG00000167461"
"CILIUM","ENSG00000168385"
"CILIUM","ENSG00000137601"
"CILIUM","ENSG00000148400"
"CILIUM","ENSG00000122126"
"CILIUM","ENSG00000136811"
"CILIUM","ENSG00000078674"
"CILIUM","ENSG00000160299"
"CILIUM","ENSG00000170927"
"CILIUM","ENSG00000087903"
"CILIUM","ENSG00000080298"
"CILIUM","ENSG00000111783"
"CILIUM","ENSG00000104237"
"CILIUM","ENSG00000102218"
"CILIUM","ENSG00000156313"
"CILIUM","ENSG00000104450"
"CILIUM","ENSG00000116747"
"CILIUM","ENSG00000008086"
"CILIUM","ENSG00000107140"
"CILIUM","ENSG00000119048"
"CILIUM","ENSG00000078668"
"CILIUM","ENSG00000163879"
"CILIUM","ENSG00000032742"
"CILIUM","ENSG00000125863"
"CILIUM","ENSG00000124486"
"CILIUM","ENSG00000112981"
"CILIUM","ENSG00000046651"
"CILIUM","ENSG00000081377"
"CILIUM","ENSG00000079335"
"CILIUM","ENSG00000185324"
"CILIUM","ENSG00000187775"
"CILIUM","ENSG00000088986"
"CILIUM","ENSG00000107862"
"CILIUM","ENSG00000103769"
"CILIUM","ENSG00000100490"
"CILIUM","ENSG00000147081"
"CILIUM","ENSG00000173805"
"CILIUM","ENSG00000159720"
"CILIUM","ENSG00000107954"
"CILIUM","ENSG00000099940"
"CILIUM","ENSG00000101350"
"CILIUM","ENSG00000057663"
"CILIUM","ENSG00000119547"
"CILIUM","ENSG00000077327"
"CILIUM","ENSG00000173226"
"CILIUM","ENSG00000174799"
"CILIUM","ENSG00000058453"
"CILIUM","ENSG00000090565"
"CILIUM","ENSG00000275338"
"CILIUM","ENSG00000103540"
"CILIUM","ENSG00000187535"
"CILIUM","ENSG00000100578"
"CILIUM","ENSG00000198920"
"CILIUM","ENSG00000135837"
"CILIUM","ENSG00000094631"
"CILIUM","ENSG00000115091"
"CILIUM","ENSG00000138071"
"CILIUM","ENSG00000051825"
"CILIUM","ENSG00000010626"
"CILIUM","ENSG00000125257"
"CILIUM","ENSG00000152669"
"CILIUM","ENSG00000137693"
"CILIUM","ENSG00000083535"
"CILIUM","ENSG00000070367"
"CILIUM","ENSG00000135407"
"CILIUM","ENSG00000142731"
"CILIUM","ENSG00000184640"
"CILIUM","ENSG00000282302"
"CILIUM","ENSG00000054282"
"CILIUM","ENSG00000276111"
"CILIUM","ENSG00000165689"
"CILIUM","ENSG00000110047"
"CILIUM","ENSG00000100360"
"CILIUM","ENSG00000165698"
"CILIUM","ENSG00000131437"
"CILIUM","ENSG00000079974"
"CILIUM","ENSG00000010322"
"CILIUM","ENSG00000126001"
"CILIUM","ENSG00000135315"
"CILIUM","ENSG00000112144"
"CILIUM","ENSG00000134874"
"CILIUM","ENSG00000173210"
"CILIUM","ENSG00000110274"
"CILIUM","ENSG00000101367"
"CILIUM","ENSG00000119401"
"CILIUM","ENSG00000141577"
"CILIUM","ENSG00000103351"
"CILIUM","ENSG00000119685"
"CILIUM","ENSG00000198718"
"CILIUM","ENSG00000125354"
"CILIUM","ENSG00000054654"
"CILIUM","ENSG00000107554"
"CILIUM","ENSG00000166454"
"CILIUM","ENSG00000291953"
"CILIUM","ENSG00000103494"
"CILIUM","ENSG00000111490"
"CILIUM","ENSG00000015676"
"CILIUM","ENSG00000129295"
"CILIUM","ENSG00000100211"
"CILIUM","ENSG00000100271"
"CILIUM","ENSG00000130638"
"CILIUM","ENSG00000101222"
"CILIUM","ENSG00000164087"
"CILIUM","ENSG00000076201"
"CILIUM","ENSG00000018408"
"CILIUM","ENSG00000114841"
"CILIUM","ENSG00000168014"
"CILIUM","ENSG00000089101"
"CILIUM","ENSG00000119977"
"CILIUM","ENSG00000214021"
"CILIUM","ENSG00000204104"
"CILIUM","ENSG00000138002"
"CILIUM","ENSG00000104164"
"CILIUM","ENSG00000174989"
"CILIUM","ENSG00000122735"
"CILIUM","ENSG00000113971"
"CILIUM","ENSG00000108641"
"CILIUM","ENSG00000163482"
"CILIUM","ENSG00000164066"
"CILIUM","ENSG00000162946"
"CILIUM","ENSG00000122507"
"CILIUM","ENSG00000092850"
"CILIUM","ENSG00000122970"
"CILIUM","ENSG00000103021"
"CILIUM","ENSG00000070761"
"CILIUM","ENSG00000086300"
"CILIUM","ENSG00000103966"
"CILIUM","ENSG00000013016"
"CILIUM","ENSG00000024422"
"CILIUM","ENSG00000116213"
"CILIUM","ENSG00000100078"
"CILIUM","ENSG00000153317"
"CILIUM","ENSG00000143951"
"CILIUM","ENSG00000101052"
"CILIUM","ENSG00000173588"
"CILIUM","ENSG00000145979"
"CILIUM","ENSG00000187049"
"CILIUM","ENSG00000086288"
"CILIUM","ENSG00000004838"
"CILIUM","ENSG00000100554"
"CILIUM","ENSG00000146038"
"CILIUM","ENSG00000149483"
"CILIUM","ENSG00000138036"
"CILIUM","ENSG00000081870"
"CILIUM","ENSG00000112210"
"CILIUM","ENSG00000131725"
"CILIUM","ENSG00000132122"
"CILIUM","ENSG00000157423"
"CILIUM","ENSG00000171811"
"CILIUM","ENSG00000135541"
"CILIUM","ENSG00000137942"
"CILIUM","ENSG00000011143"
"CILIUM","ENSG00000164818"
"CILIUM","ENSG00000158716"
"CILIUM","ENSG00000149292"
"CILIUM","ENSG00000141519"
"CILIUM","ENSG00000291505"
"CILIUM","ENSG00000114446"
"CILIUM","ENSG00000126870"
"CILIUM","ENSG00000169126"
"CILIUM","ENSG00000165506"
"CILIUM","ENSG00000138686"
"CILIUM","ENSG00000146826"
"CILIUM","ENSG00000138587"
"CILIUM","ENSG00000110675"
"CILIUM","ENSG00000165115"
"CILIUM","ENSG00000115355"
"CILIUM","ENSG00000120008"
"CILIUM","ENSG00000197702"
"CILIUM","ENSG00000163913"
"CILIUM","ENSG00000206530"
"CILIUM","ENSG00000151849"
"CILIUM","ENSG00000118997"
"CILIUM","ENSG00000148384"
"CILIUM","ENSG00000159079"
"CILIUM","ENSG00000118096"
"CILIUM","ENSG00000092200"
"CILIUM","ENSG00000162738"
"CILIUM","ENSG00000122417"
"CILIUM","ENSG00000118965"
"CILIUM","ENSG00000048342"
"CILIUM","ENSG00000068885"
"CILIUM","ENSG00000110318"
"CILIUM","ENSG00000135205"
"CILIUM","ENSG00000157796"
"CILIUM","ENSG00000007047"
"CILIUM","ENSG00000178234"
"CILIUM","ENSG00000124839"
"CILIUM","ENSG00000144848"
"CILIUM","ENSG00000171595"
"CILIUM","ENSG00000125409"
"CILIUM","ENSG00000128581"
"CILIUM","ENSG00000136536"
"CILIUM","ENSG00000155755"
"CILIUM","ENSG00000197603"
"CILIUM","ENSG00000127399"
"CILIUM","ENSG00000160050"
"CILIUM","ENSG00000132881"
"CILIUM","ENSG00000291382"
"CILIUM","ENSG00000144451"
"CILIUM","ENSG00000205084"
"CILIUM","ENSG00000182504"
"CILIUM","ENSG00000204852"
"CILIUM","ENSG00000034239"
"CILIUM","ENSG00000187240"
"CILIUM","ENSG00000100379"
"CILIUM","ENSG00000179941"
"CILIUM","ENSG00000113621"
"CILIUM","ENSG00000123607"
"CILIUM","ENSG00000152763"
"CILIUM","ENSG00000105792"
"CILIUM","ENSG00000109944"
"CILIUM","ENSG00000168778"
"CILIUM","ENSG00000177548"
"CILIUM","ENSG00000152582"
"CILIUM","ENSG00000137343"
"CILIUM","ENSG00000234549"
"CILIUM","ENSG00000235658"
"CILIUM","ENSG00000223752"
"CILIUM","ENSG00000231257"
"CILIUM","ENSG00000206488"
"CILIUM","ENSG00000229061"
"CILIUM","ENSG00000105948"
"CILIUM","ENSG00000119636"
"CILIUM","ENSG00000096872"
"CILIUM","ENSG00000198707"
"CILIUM","ENSG00000010361"
"CILIUM","ENSG00000135931"
"CILIUM","ENSG00000073331"
"CILIUM","ENSG00000197748"
"CILIUM","ENSG00000114107"
"CILIUM","ENSG00000123810"
"CILIUM","ENSG00000104941"
"CILIUM","ENSG00000204815"
"CILIUM","ENSG00000119661"
"CILIUM","ENSG00000167705"
"CILIUM","ENSG00000274145"
"CILIUM","ENSG00000167858"
"CILIUM","ENSG00000109113"
"CILIUM","ENSG00000005448"
"CILIUM","ENSG00000047579"
"CILIUM","ENSG00000118690"
"CILIUM","ENSG00000124074"
"CILIUM","ENSG00000113966"
"CILIUM","ENSG00000170264"
"CILIUM","ENSG00000115459"
"CILIUM","ENSG00000066185"
"CILIUM","ENSG00000114473"
"CILIUM","ENSG00000159625"
"CILIUM","ENSG00000139437"
"CILIUM","ENSG00000179029"
"CILIUM","ENSG00000175970"
"CILIUM","ENSG00000121289"
"CILIUM","ENSG00000174007"
"CILIUM","ENSG00000188878"
"CILIUM","ENSG00000142609"
"CILIUM","ENSG00000137460"
"CILIUM","ENSG00000139537"
"CILIUM","ENSG00000160188"
"CILIUM","ENSG00000183833"
"CILIUM","ENSG00000119333"
"CILIUM","ENSG00000238227"
"CILIUM","ENSG00000181751"
"CILIUM","ENSG00000109083"
"CILIUM","ENSG00000164953"
"CILIUM","ENSG00000141933"
"CILIUM","ENSG00000120370"
"CILIUM","ENSG00000214413"
"CILIUM","ENSG00000157856"
"CILIUM","ENSG00000105479"
"CILIUM","ENSG00000156787"
"CILIUM","ENSG00000183638"
"CILIUM","ENSG00000292297"
"CILIUM","ENSG00000106477"
"CILIUM","ENSG00000119650"
"CILIUM","ENSG00000142459"
"CILIUM","ENSG00000198003"
"CILIUM","ENSG00000243667"
"CILIUM","ENSG00000170037"
"CILIUM","ENSG00000127328"
"CILIUM","ENSG00000117155"
"CILIUM","ENSG00000156042"
"CILIUM","ENSG00000165972"
"CILIUM","ENSG00000165533"
"CILIUM","ENSG00000133393"
"CILIUM","ENSG00000276914"
"CILIUM","ENSG00000154099"
"CILIUM","ENSG00000168234"
"CILIUM","ENSG00000162643"
"CILIUM","ENSG00000178965"
"CILIUM","ENSG00000162543"
"CILIUM","ENSG00000163093"
"CILIUM","ENSG00000151466"
"CILIUM","ENSG00000163440"
"CILIUM","ENSG00000155530"
"CILIUM","ENSG00000188343"
"CILIUM","ENSG00000160345"
"CILIUM","ENSG00000158079"
"CILIUM","ENSG00000080572"
"CILIUM","ENSG00000179532"
"CILIUM","ENSG00000139174"
"CILIUM","ENSG00000188596"
"CILIUM","ENSG00000187676"
"CILIUM","ENSG00000100629"
"CILIUM","ENSG00000261652"
"CILIUM","ENSG00000128881"
"CILIUM","ENSG00000153060"
"CILIUM","ENSG00000166246"
"CILIUM","ENSG00000183914"
"CILIUM","ENSG00000161973"
"CILIUM","ENSG00000104892"
"CILIUM","ENSG00000243710"
"CILIUM","ENSG00000163060"
"CILIUM","ENSG00000196659"
"CILIUM","ENSG00000244607"
"CILIUM","ENSG00000168944"
"CILIUM","ENSG00000272514"
"CILIUM","ENSG00000164675"
"CILIUM","ENSG00000155875"
"CILIUM","ENSG00000120051"
"CILIUM","ENSG00000173093"
"CILIUM","ENSG00000156206"
"CILIUM","ENSG00000167139"
"CILIUM","ENSG00000256061"
"CILIUM","ENSG00000138892"
"CILIUM","ENSG00000123977"
"CILIUM","ENSG00000218305"
"CILIUM","ENSG00000145536"
"CILIUM","ENSG00000150977"
"CILIUM","ENSG00000161996"
"CILIUM","ENSG00000158163"
"CILIUM","ENSG00000155761"
"CILIUM","ENSG00000163075"
"CILIUM","ENSG00000186889"
"CILIUM","ENSG00000169379"
"CILIUM","ENSG00000169762"
"CILIUM","ENSG00000198331"
"CILIUM","ENSG00000172361"
"CILIUM","ENSG00000146350"
"CILIUM","ENSG00000172426"
"CILIUM","ENSG00000157343"
"CILIUM","ENSG00000160813"
"CILIUM","ENSG00000181085"
"CILIUM","ENSG00000274205"
"CILIUM","ENSG00000158113"
"CILIUM","ENSG00000181378"
"CILIUM","ENSG00000213123"
"CILIUM","ENSG00000173013"
"CILIUM","ENSG00000139323"
"CILIUM","ENSG00000177042"
"CILIUM","ENSG00000176155"
"CILIUM","ENSG00000231256"
"CILIUM","ENSG00000180376"
"CILIUM","ENSG00000160401"
"CILIUM","ENSG00000165164"
"CILIUM","ENSG00000138286"
"CILIUM","ENSG00000153789"
"CILIUM","ENSG00000284862"
"CILIUM","ENSG00000214513"
"CILIUM","ENSG00000234602"
"CILIUM","ENSG00000111834"
"CILIUM","ENSG00000186638"
"CILIUM","ENSG00000163885"
"CILIUM","ENSG00000167646"
"CILIUM","ENSG00000188026"
"CILIUM","ENSG00000187726"
"CILIUM","ENSG00000176732"
"CILIUM","ENSG00000188649"
"CILIUM","ENSG00000186710"
"CILIUM","ENSG00000167131"
"CILIUM","ENSG00000174225"
"CILIUM","ENSG00000183644"
"CILIUM","ENSG00000188738"
"CILIUM","ENSG00000197889"
"CILIUM","ENSG00000205835"
"CILIUM","ENSG00000261949"
"CILIUM","ENSG00000198691"
"CILIUM","ENSG00000107796"
"CILIUM","ENSG00000138031"
"CILIUM","ENSG00000173175"
"CILIUM","ENSG00000174233"
"CILIUM","ENSG00000173020"
"CILIUM","ENSG00000106992"
"CILIUM","ENSG00000004455"
"CILIUM","ENSG00000135046"
"CILIUM","ENSG00000142192"
"CILIUM","ENSG00000120500"
"CILIUM","ENSG00000163399"
"CILIUM","ENSG00000132681"
"CILIUM","ENSG00000143153"
"CILIUM","ENSG00000069849"
"CILIUM","ENSG00000058668"
"CILIUM","ENSG00000128617"
"CILIUM","ENSG00000172270"
"CILIUM","ENSG00000102001"
"CILIUM","ENSG00000004948"
"CILIUM","ENSG00000198668"
"CILIUM","ENSG00000143933"
"CILIUM","ENSG00000160014"
"CILIUM","ENSG00000105974"
"CILIUM","ENSG00000110395"
"CILIUM","ENSG00000169442"
"CILIUM","ENSG00000117724"
"CILIUM","ENSG00000177143"
"CILIUM","ENSG00000147400"
"CILIUM","ENSG00000292191"
"CILIUM","ENSG00000153140"
"CILIUM","ENSG00000175416"
"CILIUM","ENSG00000112486"
"CILIUM","ENSG00000070729"
"CILIUM","ENSG00000198515"
"CILIUM","ENSG00000183862"
"CILIUM","ENSG00000132259"
"CILIUM","ENSG00000113712"
"CILIUM","ENSG00000038427"
"CILIUM","ENSG00000159640"
"CILIUM","ENSG00000164825"
"CILIUM","ENSG00000284881"
"CILIUM","ENSG00000091140"
"CILIUM","ENSG00000115423"
"CILIUM","ENSG00000007174"
"CILIUM","ENSG00000091138"
"CILIUM","ENSG00000184845"
"CILIUM","ENSG00000149295"
"CILIUM","ENSG00000169676"
"CILIUM","ENSG00000108861"
"CILIUM","ENSG00000072840"
"CILIUM","ENSG00000268221"
"CILIUM","ENSG00000119392"
"CILIUM","ENSG00000111087"
"CILIUM","ENSG00000074047"
"CILIUM","ENSG00000106571"
"CILIUM","ENSG00000088256"
"CILIUM","ENSG00000156052"
"CILIUM","ENSG00000114349"
"CILIUM","ENSG00000134183"
"CILIUM","ENSG00000078369"
"CILIUM","ENSG00000127928"
"CILIUM","ENSG00000105220"
"CILIUM","ENSG00000282019"
"CILIUM","ENSG00000119973"
"CILIUM","ENSG00000183150"
"CILIUM","ENSG00000128285"
"CILIUM","ENSG00000125388"
"CILIUM","ENSG00000134202"
"CILIUM","ENSG00000048545"
"CILIUM","ENSG00000112599"
"CILIUM","ENSG00000101890"
"CILIUM","ENSG00000132518"
"CILIUM","ENSG00000100644"
"CILIUM","ENSG00000080824"
"CILIUM","ENSG00000144381"
"CILIUM","ENSG00000158748"
"CILIUM","ENSG00000112706"
"CILIUM","ENSG00000123999"
"CILIUM","ENSG00000068796"
"CILIUM","ENSG00000084731"
"CILIUM","ENSG00000155980"
"CILIUM","ENSG00000170759"
"CILIUM","ENSG00000168280"
"CILIUM","ENSG00000276734"
"CILIUM","ENSG00000083312"
"CILIUM","ENSG00000166796"
"CILIUM","ENSG00000131711"
"CILIUM","ENSG00000178053"
"CILIUM","ENSG00000137474"
"CILIUM","ENSG00000034971"
"CILIUM","ENSG00000103274"
"CILIUM","ENSG00000111859"
"CILIUM","ENSG00000103024"
"CILIUM","ENSG00000134250"
"CILIUM","ENSG00000144061"
"CILIUM","ENSG00000159899"
"CILIUM","ENSG00000185149"
"CILIUM","ENSG00000155087"
"CILIUM","ENSG00000169860"
"CILIUM","ENSG00000007168"
"CILIUM","ENSG00000136940"
"CILIUM","ENSG00000116703"
"CILIUM","ENSG00000105650"
"CILIUM","ENSG00000285188"
"CILIUM","ENSG00000132915"
"CILIUM","ENSG00000156973"
"CILIUM","ENSG00000185527"
"CILIUM","ENSG00000139053"
"CILIUM","ENSG00000134853"
"CILIUM","ENSG00000133256"
"CILIUM","ENSG00000124587"
"CILIUM","ENSG00000152556"
"CILIUM","ENSG00000170950"
"CILIUM","ENSG00000107537"
"CILIUM","ENSG00000078142"
"CILIUM","ENSG00000127445"
"CILIUM","ENSG00000150867"
"CILIUM","ENSG00000008710"
"CILIUM","ENSG00000118762"
"CILIUM","ENSG00000067225"
"CILIUM","ENSG00000108387"
"CILIUM","ENSG00000156194"
"CILIUM","ENSG00000188386"
"CILIUM","ENSG00000072062"
"CILIUM","ENSG00000288516"
"CILIUM","ENSG00000142875"
"CILIUM","ENSG00000165059"
"CILIUM","ENSG00000108946"
"CILIUM","ENSG00000188191"
"CILIUM","ENSG00000114302"
"CILIUM","ENSG00000005249"
"CILIUM","ENSG00000154229"
"CILIUM","ENSG00000080815"
"CILIUM","ENSG00000159377"
"CILIUM","ENSG00000185920"
"CILIUM","ENSG00000095303"
"CILIUM","ENSG00000169398"
"CILIUM","ENSG00000069974"
"CILIUM","ENSG00000080823"
"CILIUM","ENSG00000132341"
"CILIUM","ENSG00000116473"
"CILIUM","ENSG00000102076"
"CILIUM","ENSG00000109047"
"CILIUM","ENSG00000112619"
"CILIUM","ENSG00000163914"
"CILIUM","ENSG00000185974"
"CILIUM","ENSG00000288263"
"CILIUM","ENSG00000281988"
"CILIUM","ENSG00000149489"
"CILIUM","ENSG00000130561"
"CILIUM","ENSG00000281857"
"CILIUM","ENSG00000111319"
"CILIUM","ENSG00000128602"
"CILIUM","ENSG00000140263"
"CILIUM","ENSG00000061656"
"CILIUM","ENSG00000278195"
"CILIUM","ENSG00000126752"
"CILIUM","ENSG00000114904"
"CILIUM","ENSG00000087586"
"CILIUM","ENSG00000166900"
"CILIUM","ENSG00000075073"
"CILIUM","ENSG00000115353"
"CILIUM","ENSG00000169836"
"CILIUM","ENSG00000124659"
"CILIUM","ENSG00000135111"
"CILIUM","ENSG00000124678"
"CILIUM","ENSG00000166402"
"CILIUM","ENSG00000131462"
"CILIUM","ENSG00000112041"
"CILIUM","ENSG00000104804"
"CILIUM","ENSG00000078246"
"CILIUM","ENSG00000169344"
"CILIUM","ENSG00000042781"
"CILIUM","ENSG00000165637"
"CILIUM","ENSG00000092820"
"CILIUM","ENSG00000116127"
"CILIUM","ENSG00000167552"
"CILIUM","ENSG00000093009"
"CILIUM","ENSG00000186792"
"CILIUM","ENSG00000036257"
"CILIUM","ENSG00000128310"
"CILIUM","ENSG00000147044"
"CILIUM","ENSG00000176101"
"CILIUM","ENSG00000105877"
"CILIUM","ENSG00000143537"
"CILIUM","ENSG00000182687"
"CILIUM","ENSG00000007062"
"CILIUM","ENSG00000161011"
"CILIUM","ENSG00000284099"
"CILIUM","ENSG00000107593"
"CILIUM","ENSG00000151208"
"CILIUM","ENSG00000274429"
"CILIUM","ENSG00000162496"
"CILIUM","ENSG00000170075"
"CILIUM","ENSG00000157869"
"CILIUM","ENSG00000109062"
"CILIUM","ENSG00000144671"
"CILIUM","ENSG00000138472"
"CILIUM","ENSG00000135912"
"CILIUM","ENSG00000116198"
"CILIUM","ENSG00000173726"
"CILIUM","ENSG00000143702"
"CILIUM","ENSG00000276725"
"CILIUM","ENSG00000187391"
"CILIUM","ENSG00000198961"
"CILIUM","ENSG00000008226"
"CILIUM","ENSG00000006611"
"CILIUM","ENSG00000095906"
"CILIUM","ENSG00000100246"
"CILIUM","ENSG00000197579"
"CILIUM","ENSG00000171596"
"CILIUM","ENSG00000104833"
"CILIUM","ENSG00000188229"
"CILIUM","ENSG00000153208"
"CILIUM","ENSG00000136425"
"CILIUM","ENSG00000197548"
"CILIUM","ENSG00000124198"
"CILIUM","ENSG00000111254"
"CILIUM","ENSG00000076382"
"CILIUM","ENSG00000180245"
"CILIUM","ENSG00000156261"
"CILIUM","ENSG00000291533"
"CILIUM","ENSG00000214530"
"CILIUM","ENSG00000187003"
"CILIUM","ENSG00000123901"
"CILIUM","ENSG00000084733"
"CILIUM","ENSG00000140526"
"CILIUM","ENSG00000119397"
"CILIUM","ENSG00000170296"
"CILIUM","ENSG00000126775"
"CILIUM","ENSG00000075945"
"CILIUM","ENSG00000162105"
"CILIUM","ENSG00000100592"
"CILIUM","ENSG00000040199"
"CILIUM","ENSG00000082805"
"CILIUM","ENSG00000197969"
"CILIUM","ENSG00000118200"
"CILIUM","ENSG00000106012"
"CILIUM","ENSG00000134376"
"CILIUM","ENSG00000143147"
"CILIUM","ENSG00000156345"
"CILIUM","ENSG00000102931"
"CILIUM","ENSG00000054277"
"CILIUM","ENSG00000203668"
"CILIUM","ENSG00000213085"
"CILIUM","ENSG00000219435"
"CILIUM","ENSG00000095397"
"CILIUM","ENSG00000176225"
"CILIUM","ENSG00000170011"
"CILIUM","ENSG00000140474"
"CILIUM","ENSG00000128408"
"CILIUM","ENSG00000137098"
"CILIUM","ENSG00000154040"
"CILIUM","ENSG00000113249"
"CILIUM","ENSG00000119509"
"CILIUM","ENSG00000100218"
"CILIUM","ENSG00000189306"
"CILIUM","ENSG00000143156"
"CILIUM","ENSG00000196455"
"CILIUM","ENSG00000127364"
"CILIUM","ENSG00000115239"
"CILIUM","ENSG00000108423"
"CILIUM","ENSG00000100503"
"CILIUM","ENSG00000137877"
"CILIUM","ENSG00000153310"
"CILIUM","ENSG00000107882"
"CILIUM","ENSG00000064199"
"CILIUM","ENSG00000185658"
"CILIUM","ENSG00000175894"
"CILIUM","ENSG00000181656"
"CILIUM","ENSG00000163818"
"CILIUM","ENSG00000162576"
"CILIUM","ENSG00000170289"
"CILIUM","ENSG00000065371"
"CILIUM","ENSG00000039987"
"CILIUM","ENSG00000169551"
"CILIUM","ENSG00000085978"
"CILIUM","ENSG00000281089"
"CILIUM","ENSG00000118307"
"CILIUM","ENSG00000158486"
"CILIUM","ENSG00000110497"
"CILIUM","ENSG00000145220"
"CILIUM","ENSG00000143199"
"CILIUM","ENSG00000042317"
"CILIUM","ENSG00000113248"
"CILIUM","ENSG00000291695"
"CILIUM","ENSG00000187372"
"CILIUM","ENSG00000291692"
"CILIUM","ENSG00000124449"
"CILIUM","ENSG00000106524"
"CILIUM","ENSG00000275722"
"CILIUM","ENSG00000277042"
"CILIUM","ENSG00000114405"
"CILIUM","ENSG00000117245"
"CILIUM","ENSG00000076826"
"CILIUM","ENSG00000122778"
"CILIUM","ENSG00000117477"
"CILIUM","ENSG00000099338"
"CILIUM","ENSG00000130234"
"CILIUM","ENSG00000111199"
"CILIUM","ENSG00000189037"
"CILIUM","ENSG00000198754"
"CILIUM","ENSG00000107736"
"CILIUM","ENSG00000148734"
"CILIUM","ENSG00000088727"
"CILIUM","ENSG00000164161"
"CILIUM","ENSG00000137720"
"CILIUM","ENSG00000186976"
"CILIUM","ENSG00000103852"
"CILIUM","ENSG00000225697"
"CILIUM","ENSG00000150275"
"CILIUM","ENSG00000137941"
"CILIUM","ENSG00000118492"
"CILIUM","ENSG00000162817"
"CILIUM","ENSG00000132321"
"CILIUM","ENSG00000133962"
"CILIUM","ENSG00000274338"
"CILIUM","ENSG00000165923"
"CILIUM","ENSG00000285501"
"CILIUM","ENSG00000186862"
"CILIUM","ENSG00000077684"
"CILIUM","ENSG00000180758"
"CILIUM","ENSG00000120262"
"CILIUM","ENSG00000162062"
"CILIUM","ENSG00000183690"
"CILIUM","ENSG00000166510"
"CILIUM","ENSG00000135951"
"CILIUM","ENSG00000162526"
"CILIUM","ENSG00000140941"
"CILIUM","ENSG00000119705"
"CILIUM","ENSG00000099715"
"CILIUM","ENSG00000151475"
"CILIUM","ENSG00000118557"
"CILIUM","ENSG00000171962"
"CILIUM","ENSG00000168589"
"CILIUM","ENSG00000125971"
"CILIUM","ENSG00000134588"
"CILIUM","ENSG00000145491"
"CILIUM","ENSG00000130363"
"CILIUM","ENSG00000120440"
"CILIUM","ENSG00000137473"
"CILIUM","ENSG00000212122"
"CILIUM","ENSG00000178093"
"CILIUM","ENSG00000129646"
"CILIUM","ENSG00000189139"
"CILIUM","ENSG00000148019"
"CILIUM","ENSG00000090686"
"CILIUM","ENSG00000203666"
"CILIUM","ENSG00000122986"
"CILIUM","ENSG00000203965"
"CILIUM","ENSG00000116014"
"CILIUM","ENSG00000126603"
"CILIUM","ENSG00000274636"
"CILIUM","ENSG00000164972"
"CILIUM","ENSG00000186094"
"CILIUM","ENSG00000137691"
"CILIUM","ENSG00000251322"
"CILIUM","ENSG00000292254"
"CILIUM","ENSG00000145309"
"CILIUM","ENSG00000147144"
"CILIUM","ENSG00000292279"
"CILIUM","ENSG00000196118"
"CILIUM","ENSG00000109881"
"CILIUM","ENSG00000197557"
"CILIUM","ENSG00000148600"
"CILIUM","ENSG00000203780"
"CILIUM","ENSG00000157330"
"CILIUM","ENSG00000122375"
"CILIUM","ENSG00000163001"
"CILIUM","ENSG00000177947"
"CILIUM","ENSG00000096093"
"CILIUM","ENSG00000161328"
"CILIUM","ENSG00000273831"
"CILIUM","ENSG00000166578"
"CILIUM","ENSG00000171773"
"CILIUM","ENSG00000112053"
"CILIUM","ENSG00000175294"
"CILIUM","ENSG00000166762"
"CILIUM","ENSG00000166352"
"CILIUM","ENSG00000139350"
"CILIUM","ENSG00000140057"
"CILIUM","ENSG00000179636"
"CILIUM","ENSG00000140090"
"CILIUM","ENSG00000167523"
"CILIUM","ENSG00000168096"
"CILIUM","ENSG00000140623"
"CILIUM","ENSG00000182040"
"CILIUM","ENSG00000196169"
"CILIUM","ENSG00000141316"
"CILIUM","ENSG00000160994"
"CILIUM","ENSG00000154429"
"CILIUM","ENSG00000179902"
"CILIUM","ENSG00000185842"
"CILIUM","ENSG00000163382"
"CILIUM","ENSG00000173947"
"CILIUM","ENSG00000124237"
"CILIUM","ENSG00000154479"
"CILIUM","ENSG00000155749"
"CILIUM","ENSG00000157093"
"CILIUM","ENSG00000114124"
"CILIUM","ENSG00000188817"
"CILIUM","ENSG00000150628"
"CILIUM","ENSG00000173040"
"CILIUM","ENSG00000164038"
"CILIUM","ENSG00000171495"
"CILIUM","ENSG00000215217"
"CILIUM","ENSG00000152359"
"CILIUM","ENSG00000112530"
"CILIUM","ENSG00000153790"
"CILIUM","ENSG00000204711"
"CILIUM","ENSG00000264364"
"CILIUM","ENSG00000125831"
"CILIUM","ENSG00000170788"
"CILIUM","ENSG00000165863"
"CILIUM","ENSG00000291892"
"CILIUM","ENSG00000158023"
"CILIUM","ENSG00000156050"
"CILIUM","ENSG00000166596"
"CILIUM","ENSG00000162456"
"CILIUM","ENSG00000157578"
"CILIUM","ENSG00000164037"
"CILIUM","ENSG00000155066"
"CILIUM","ENSG00000292084"
"CILIUM","ENSG00000186522"
"CILIUM","ENSG00000155754"
"CILIUM","ENSG00000163576"
"CILIUM","ENSG00000174776"
"CILIUM","ENSG00000137075"
"CILIUM","ENSG00000114547"
"CILIUM","ENSG00000156172"
"CILIUM","ENSG00000215262"
"CILIUM","ENSG00000165695"
"CILIUM","ENSG00000175764"
"CILIUM","ENSG00000158423"
"CILIUM","ENSG00000186471"
"CILIUM","ENSG00000133115"
"CILIUM","ENSG00000172717"
"CILIUM","ENSG00000242866"
"CILIUM","ENSG00000131044"
"CILIUM","ENSG00000183066"
"CILIUM","ENSG00000189350"
"CILIUM","ENSG00000181004"
"CILIUM","ENSG00000135338"
"CILIUM","ENSG00000158683"
"CILIUM","ENSG00000205795"
"CILIUM","ENSG00000197653"
"CILIUM","ENSG00000281935"
"CILIUM","ENSG00000168026"
"CILIUM","ENSG00000172073"
"CILIUM","ENSG00000154803"
"CILIUM","ENSG00000174844"
"CILIUM","ENSG00000146221"
"CILIUM","ENSG00000165138"
"CILIUM","ENSG00000183346"
"CILIUM","ENSG00000151023"
"CILIUM","ENSG00000166220"
"CILIUM","ENSG00000150433"
"CILIUM","ENSG00000166118"
"CILIUM","ENSG00000162148"
"CILIUM","ENSG00000155085"
"CILIUM","ENSG00000161040"
"CILIUM","ENSG00000161048"
"CILIUM","ENSG00000275723"
"CILIUM","ENSG00000155026"
"CILIUM","ENSG00000270765"
"CILIUM","ENSG00000175513"
"CILIUM","ENSG00000185681"
"CILIUM","ENSG00000257987"
"CILIUM","ENSG00000179397"
"CILIUM","ENSG00000174898"
"CILIUM","ENSG00000188931"
"CILIUM","ENSG00000255374"
"CILIUM","ENSG00000262612"
"CILIUM","ENSG00000282537"
"CILIUM","ENSG00000226761"
"CILIUM","ENSG00000262525"
"CILIUM","ENSG00000278111"
"CILIUM","ENSG00000104951"
"CILIUM","ENSG00000131697"
"CILIUM","ENSG00000248712"
"CILIUM","ENSG00000176605"
"CILIUM","ENSG00000139908"
"CILIUM","ENSG00000285140"
"CILIUM","ENSG00000185347"
"CILIUM","ENSG00000188659"
"CILIUM","ENSG00000170703"
"CILIUM","ENSG00000160602"
"CILIUM","ENSG00000172139"
"CILIUM","ENSG00000285044"
"CILIUM","ENSG00000214360"
"CILIUM","ENSG00000186188"
"CILIUM","ENSG00000185264"
"CILIUM","ENSG00000173557"
"CILIUM","ENSG00000164556"
"CILIUM","ENSG00000261587"
"CILIUM","ENSG00000285272"
"CILIUM","ENSG00000198570"
"CILIUM","ENSG00000188396"
"CILIUM","ENSG00000188107"
"CILIUM","ENSG00000214415"
"CILIUM","ENSG00000152705"
"CILIUM","ENSG00000182077"
"CILIUM","ENSG00000276595"
"CILIUM","ENSG00000182645"
"CILIUM","ENSG00000166813"
"CILIUM","ENSG00000159648"
"CILIUM","ENSG00000166960"
"CILIUM","ENSG00000188452"
"CILIUM","ENSG00000139998"
"CILIUM","ENSG00000188782"
"CILIUM","ENSG00000186326"
"CILIUM","ENSG00000163263"
"CILIUM","ENSG00000179270"
"CILIUM","ENSG00000215203"
"CILIUM","ENSG00000196900"
"CILIUM","ENSG00000188523"
"CILIUM","ENSG00000232434"
"CILIUM","ENSG00000171489"
"CILIUM","ENSG00000188163"
"CILIUM","ENSG00000206113"
"CILIUM","ENSG00000213471"
"CILIUM","ENSG00000186973"
"CILIUM","ENSG00000177989"
"CILIUM","ENSG00000205129"
"CILIUM","ENSG00000226784"
"CILIUM","ENSG00000204311"
"CILIUM","ENSG00000290691"
"CILIUM","ENSG00000186952"
"CILIUM","ENSG00000257057"
"CILIUM","ENSG00000274847"
"CILIUM","ENSG00000169402"
"CILIUM","ENSG00000166160"
"CILIUM","ENSG00000214866"
"CILIUM","ENSG00000171478"
"CILIUM","ENSG00000104983"
"CILIUM","ENSG00000185716"
"CILIUM","ENSG00000284487"
"CILIUM","ENSG00000215187"
"CILIUM","ENSG00000214140"
"CILIUM","ENSG00000183397"
"CILIUM","ENSG00000187066"
"CILIUM","ENSG00000178404"
"CILIUM","ENSG00000268235"
"CILIUM","ENSG00000215029"
"CILIUM","ENSG00000269433"
"CILIUM","ENSG00000290147"
"SIGNAL_FWBI","ENSG00000124813"
"SIGNAL_FWBI","ENSG00000099942"
"SIGNAL_FWBI","ENSG00000118523"
"SIGNAL_FWBI","ENSG00000168036"
"SIGNAL_FWBI","ENSG00000182197"
"SIGNAL_FWBI","ENSG00000113578"
"SIGNAL_FWBI","ENSG00000138685"
"SIGNAL_FWBI","ENSG00000186895"
"SIGNAL_FWBI","ENSG00000075388"
"SIGNAL_FWBI","ENSG00000138675"
"SIGNAL_FWBI","ENSG00000111241"
"SIGNAL_FWBI","ENSG00000140285"
"SIGNAL_FWBI","ENSG00000107831"
"SIGNAL_FWBI","ENSG00000102678"
"SIGNAL_FWBI","ENSG00000070193"
"SIGNAL_FWBI","ENSG00000077782"
"SIGNAL_FWBI","ENSG00000068078"
"SIGNAL_FWBI","ENSG00000066468"
"SIGNAL_FWBI","ENSG00000160867"
"SIGNAL_FWBI","ENSG00000115339"
"SIGNAL_FWBI","ENSG00000107485"
"SIGNAL_FWBI","ENSG00000063660"
"SIGNAL_FWBI","ENSG00000177885"
"SIGNAL_FWBI","ENSG00000070614"
"SIGNAL_FWBI","ENSG00000150093"
"SIGNAL_FWBI","ENSG00000064300"
"SIGNAL_FWBI","ENSG00000165588"
"SIGNAL_FWBI","ENSG00000179295"
"SIGNAL_FWBI","ENSG00000115904"
"SIGNAL_FWBI","ENSG00000121068"
"SIGNAL_FWBI","ENSG00000137801"
"SIGNAL_FWBI","ENSG00000114251"
"SIGNAL_FWBI","ENSG00000108061"
"SIGNAL_FWBI","ENSG00000118972"
"SIGNAL_FWBI","ENSG00000046651"
"SIGNAL_FWBI","ENSG00000156427"
"SIGNAL_FWBI","ENSG00000158815"
"SIGNAL_FWBI","ENSG00000196468"
"SIGNAL_FWBI","ENSG00000140575"
"SIGNAL_FWBI","ENSG00000171388"
"SIGNAL_FWBI","ENSG00000172500"
"SIGNAL_FWBI","ENSG00000183691"
"SIGNAL_FWBI","ENSG00000133116"
"SIGNAL_FWBI","ENSG00000179915"
"SIGNAL_FWBI","ENSG00000166037"
"SIGNAL_FWBI","ENSG00000162344"
"SIGNAL_FWBI","ENSG00000137440"
"SIGNAL_FWBI","ENSG00000168939"
"SIGNAL_FWBI","ENSG00000164056"
"SIGNAL_FWBI","ENSG00000136158"
"SIGNAL_FWBI","ENSG00000137218"
"SIGNAL_FWBI","ENSG00000166225"
"SIGNAL_FWBI","ENSG00000137573"
"SIGNAL_FWBI","ENSG00000125848"
"SIGNAL_FWBI","ENSG00000185070"
"SIGNAL_FWBI","ENSG00000126500"
"SIGNAL_FWBI","ENSG00000133059"
"SIGNAL_FWBI","ENSG00000105287"
"SIGNAL_FWBI","ENSG00000078579"
"SIGNAL_FWBI","ENSG00000105550"
"SIGNAL_FWBI","ENSG00000070388"
"SIGNAL_FWBI","ENSG00000156642"
"SIGNAL_FWBI","ENSG00000119396"
"SIGNAL_FWBI","ENSG00000127418"
"SIGNAL_FWBI","ENSG00000162552"
"SIGNAL_FWBI","ENSG00000089177"
"SIGNAL_FWBI","ENSG00000196562"
"SIGNAL_FWBI","ENSG00000177706"
"SIGNAL_FWBI","ENSG00000288499"
"SIGNAL_FWBI","ENSG00000282147"
"SIGNAL_FWBI","ENSG00000281429"
"SIGNAL_FWBI","ENSG00000068885"
"SIGNAL_FWBI","ENSG00000147596"
"SIGNAL_FWBI","ENSG00000112562"
"SIGNAL_FWBI","ENSG00000164161"
"SIGNAL_FWBI","ENSG00000171241"
"SIGNAL_FWBI","ENSG00000010361"
"SIGNAL_FWBI","ENSG00000187678"
"SIGNAL_FWBI","ENSG00000171307"
"SIGNAL_FWBI","ENSG00000157613"
"SIGNAL_FWBI","ENSG00000258289"
"SIGNAL_FWBI","ENSG00000206557"
"SIGNAL_FWBI","ENSG00000291501"
"SIGNAL_FWBI","ENSG00000174721"
"SIGNAL_FWBI","ENSG00000134962"
"SIGNAL_FWBI","ENSG00000183423"
"SIGNAL_FWBI","ENSG00000180730"
"SIGNAL_FWBI","ENSG00000199017"
"SIGNAL_FWBI","ENSG00000283733"
"SIGNAL_FWBI","ENSG00000207611"
"SIGNAL_FWBI","ENSG00000208006"
"SIGNAL_FWBI","ENSG00000284231"
"SIGNAL_FWBI","ENSG00000208005"
"SIGNAL_FWBI","ENSG00000207697"
"SIGNAL_FWBI","ENSG00000097007"
"SIGNAL_FWBI","ENSG00000104964"
"SIGNAL_FWBI","ENSG00000159461"
"SIGNAL_FWBI","ENSG00000134982"
"SIGNAL_FWBI","ENSG00000101966"
"SIGNAL_FWBI","ENSG00000130203"
"SIGNAL_FWBI","ENSG00000142192"
"SIGNAL_FWBI","ENSG00000067560"
"SIGNAL_FWBI","ENSG00000133794"
"SIGNAL_FWBI","ENSG00000185883"
"SIGNAL_FWBI","ENSG00000140463"
"SIGNAL_FWBI","ENSG00000110092"
"SIGNAL_FWBI","ENSG00000116128"
"SIGNAL_FWBI","ENSG00000125845"
"SIGNAL_FWBI","ENSG00000105974"
"SIGNAL_FWBI","ENSG00000105173"
"SIGNAL_FWBI","ENSG00000070831"
"SIGNAL_FWBI","ENSG00000170558"
"SIGNAL_FWBI","ENSG00000062038"
"SIGNAL_FWBI","ENSG00000108821"
"SIGNAL_FWBI","ENSG00000142156"
"SIGNAL_FWBI","ENSG00000109472"
"SIGNAL_FWBI","ENSG00000112062"
"SIGNAL_FWBI","ENSG00000113712"
"SIGNAL_FWBI","ENSG00000141551"
"SIGNAL_FWBI","ENSG00000213923"
"SIGNAL_FWBI","ENSG00000133275"
"SIGNAL_FWBI","ENSG00000151292"
"SIGNAL_FWBI","ENSG00000101266"
"SIGNAL_FWBI","ENSG00000070770"
"SIGNAL_FWBI","ENSG00000204435"
"SIGNAL_FWBI","ENSG00000232960"
"SIGNAL_FWBI","ENSG00000224774"
"SIGNAL_FWBI","ENSG00000230700"
"SIGNAL_FWBI","ENSG00000228875"
"SIGNAL_FWBI","ENSG00000206406"
"SIGNAL_FWBI","ENSG00000224398"
"SIGNAL_FWBI","ENSG00000183072"
"SIGNAL_FWBI","ENSG00000198561"
"SIGNAL_FWBI","ENSG00000169862"
"SIGNAL_FWBI","ENSG00000083799"
"SIGNAL_FWBI","ENSG00000153071"
"SIGNAL_FWBI","ENSG00000167657"
"SIGNAL_FWBI","ENSG00000167986"
"SIGNAL_FWBI","ENSG00000175197"
"SIGNAL_FWBI","ENSG00000215301"
"SIGNAL_FWBI","ENSG00000064195"
"SIGNAL_FWBI","ENSG00000105880"
"SIGNAL_FWBI","ENSG00000149295"
"SIGNAL_FWBI","ENSG00000107404"
"SIGNAL_FWBI","ENSG00000004975"
"SIGNAL_FWBI","ENSG00000161202"
"SIGNAL_FWBI","ENSG00000158813"
"SIGNAL_FWBI","ENSG00000078401"
"SIGNAL_FWBI","ENSG00000151617"
"SIGNAL_FWBI","ENSG00000136160"
"SIGNAL_FWBI","ENSG00000138798"
"SIGNAL_FWBI","ENSG00000008300"
"SIGNAL_FWBI","ENSG00000143126"
"SIGNAL_FWBI","ENSG00000146648"
"SIGNAL_FWBI","ENSG00000120738"
"SIGNAL_FWBI","ENSG00000139610"
"SIGNAL_FWBI","ENSG00000102119"
"SIGNAL_FWBI","ENSG00000072518"
"SIGNAL_FWBI","ENSG00000105672"
"SIGNAL_FWBI","ENSG00000076716"
"SIGNAL_FWBI","ENSG00000179399"
"SIGNAL_FWBI","ENSG00000251493"
"SIGNAL_FWBI","ENSG00000176678"
"SIGNAL_FWBI","ENSG00000150907"
"SIGNAL_FWBI","ENSG00000118689"
"SIGNAL_FWBI","ENSG00000110195"
"SIGNAL_FWBI","ENSG00000162998"
"SIGNAL_FWBI","ENSG00000180340"
"SIGNAL_FWBI","ENSG00000147257"
"SIGNAL_FWBI","ENSG00000111087"
"SIGNAL_FWBI","ENSG00000106571"
"SIGNAL_FWBI","ENSG00000156052"
"SIGNAL_FWBI","ENSG00000198873"
"SIGNAL_FWBI","ENSG00000198055"
"SIGNAL_FWBI","ENSG00000106070"
"SIGNAL_FWBI","ENSG00000105723"
"SIGNAL_FWBI","ENSG00000082701"
"SIGNAL_FWBI","ENSG00000116478"
"SIGNAL_FWBI","ENSG00000152804"
"SIGNAL_FWBI","ENSG00000177374"
"SIGNAL_FWBI","ENSG00000146678"
"SIGNAL_FWBI","ENSG00000115457"
"SIGNAL_FWBI","ENSG00000141753"
"SIGNAL_FWBI","ENSG00000167779"
"SIGNAL_FWBI","ENSG00000168214"
"SIGNAL_FWBI","ENSG00000166333"
"SIGNAL_FWBI","ENSG00000016082"
"SIGNAL_FWBI","ENSG00000005884"
"SIGNAL_FWBI","ENSG00000173801"
"SIGNAL_FWBI","ENSG00000114030"
"SIGNAL_FWBI","ENSG00000123384"
"SIGNAL_FWBI","ENSG00000134569"
"SIGNAL_FWBI","ENSG00000070018"
"SIGNAL_FWBI","ENSG00000281324"
"SIGNAL_FWBI","ENSG00000162337"
"SIGNAL_FWBI","ENSG00000166949"
"SIGNAL_FWBI","ENSG00000141646"
"SIGNAL_FWBI","ENSG00000116141"
"SIGNAL_FWBI","ENSG00000171444"
"SIGNAL_FWBI","ENSG00000112559"
"SIGNAL_FWBI","ENSG00000110492"
"SIGNAL_FWBI","ENSG00000187098"
"SIGNAL_FWBI","ENSG00000171843"
"SIGNAL_FWBI","ENSG00000125931"
"SIGNAL_FWBI","ENSG00000034971"
"SIGNAL_FWBI","ENSG00000124479"
"SIGNAL_FWBI","ENSG00000100968"
"SIGNAL_FWBI","ENSG00000285485"
"SIGNAL_FWBI","ENSG00000109320"
"SIGNAL_FWBI","ENSG00000116962"
"SIGNAL_FWBI","ENSG00000148400"
"SIGNAL_FWBI","ENSG00000175206"
"SIGNAL_FWBI","ENSG00000185483"
"SIGNAL_FWBI","ENSG00000169071"
"SIGNAL_FWBI","ENSG00000153234"
"SIGNAL_FWBI","ENSG00000185345"
"SIGNAL_FWBI","ENSG00000123349"
"SIGNAL_FWBI","ENSG00000291834"
"SIGNAL_FWBI","ENSG00000058091"
"SIGNAL_FWBI","ENSG00000127445"
"SIGNAL_FWBI","ENSG00000008710"
"SIGNAL_FWBI","ENSG00000118762"
"SIGNAL_FWBI","ENSG00000197943"
"SIGNAL_FWBI","ENSG00000204531"
"SIGNAL_FWBI","ENSG00000237582"
"SIGNAL_FWBI","ENSG00000230336"
"SIGNAL_FWBI","ENSG00000235068"
"SIGNAL_FWBI","ENSG00000206454"
"SIGNAL_FWBI","ENSG00000233911"
"SIGNAL_FWBI","ENSG00000229094"
"SIGNAL_FWBI","ENSG00000100614"
"SIGNAL_FWBI","ENSG00000138032"
"SIGNAL_FWBI","ENSG00000172531"
"SIGNAL_FWBI","ENSG00000073711"
"SIGNAL_FWBI","ENSG00000132356"
"SIGNAL_FWBI","ENSG00000162409"
"SIGNAL_FWBI","ENSG00000080815"
"SIGNAL_FWBI","ENSG00000171862"
"SIGNAL_FWBI","ENSG00000284792"
"SIGNAL_FWBI","ENSG00000112655"
"SIGNAL_FWBI","ENSG00000151490"
"SIGNAL_FWBI","ENSG00000144566"
"SIGNAL_FWBI","ENSG00000136238"
"SIGNAL_FWBI","ENSG00000169750"
"SIGNAL_FWBI","ENSG00000172819"
"SIGNAL_FWBI","ENSG00000112306"
"SIGNAL_FWBI","ENSG00000163785"
"SIGNAL_FWBI","ENSG00000103449"
"SIGNAL_FWBI","ENSG00000115884"
"SIGNAL_FWBI","ENSG00000104332"
"SIGNAL_FWBI","ENSG00000145423"
"SIGNAL_FWBI","ENSG00000106483"
"SIGNAL_FWBI","ENSG00000120057"
"SIGNAL_FWBI","ENSG00000107829"
"SIGNAL_FWBI","ENSG00000164690"
"SIGNAL_FWBI","ENSG00000196470"
"SIGNAL_FWBI","ENSG00000181788"
"SIGNAL_FWBI","ENSG00000157933"
"SIGNAL_FWBI","ENSG00000019549"
"SIGNAL_FWBI","ENSG00000127616"
"SIGNAL_FWBI","ENSG00000124216"
"SIGNAL_FWBI","ENSG00000181449"
"SIGNAL_FWBI","ENSG00000124766"
"SIGNAL_FWBI","ENSG00000125398"
"SIGNAL_FWBI","ENSG00000100146"
"SIGNAL_FWBI","ENSG00000197122"
"SIGNAL_FWBI","ENSG00000291971"
"SIGNAL_FWBI","ENSG00000104375"
"SIGNAL_FWBI","ENSG00000101109"
"SIGNAL_FWBI","ENSG00000118046"
"SIGNAL_FWBI","ENSG00000115808"
"SIGNAL_FWBI","ENSG00000101849"
"SIGNAL_FWBI","ENSG00000275410"
"SIGNAL_FWBI","ENSG00000276194"
"SIGNAL_FWBI","ENSG00000081059"
"SIGNAL_FWBI","ENSG00000148737"
"SIGNAL_FWBI","ENSG00000164362"
"SIGNAL_FWBI","ENSG00000105329"
"SIGNAL_FWBI","ENSG00000140682"
"SIGNAL_FWBI","ENSG00000156299"
"SIGNAL_FWBI","ENSG00000196781"
"SIGNAL_FWBI","ENSG00000065717"
"SIGNAL_FWBI","ENSG00000140332"
"SIGNAL_FWBI","ENSG00000106829"
"SIGNAL_FWBI","ENSG00000137462"
"SIGNAL_FWBI","ENSG00000118503"
"SIGNAL_FWBI","ENSG00000146242"
"SIGNAL_FWBI","ENSG00000283085"
"SIGNAL_FWBI","ENSG00000103197"
"SIGNAL_FWBI","ENSG00000119048"
"SIGNAL_FWBI","ENSG00000165280"
"SIGNAL_FWBI","ENSG00000125084"
"SIGNAL_FWBI","ENSG00000105989"
"SIGNAL_FWBI","ENSG00000108379"
"SIGNAL_FWBI","ENSG00000277641"
"SIGNAL_FWBI","ENSG00000277626"
"SIGNAL_FWBI","ENSG00000115596"
"SIGNAL_FWBI","ENSG00000154764"
"SIGNAL_FWBI","ENSG00000188064"
"SIGNAL_FWBI","ENSG00000061492"
"SIGNAL_FWBI","ENSG00000075290"
"SIGNAL_FWBI","ENSG00000169884"
"SIGNAL_FWBI","ENSG00000085741"
"SIGNAL_FWBI","ENSG00000134245"
"SIGNAL_FWBI","ENSG00000143816"
"SIGNAL_FWBI","ENSG00000158955"
"SIGNAL_FWBI","ENSG00000276799"
"SIGNAL_FWBI","ENSG00000163251"
"SIGNAL_FWBI","ENSG00000112425"
"SIGNAL_FWBI","ENSG00000104290"
"SIGNAL_FWBI","ENSG00000103126"
"SIGNAL_FWBI","ENSG00000168646"
"SIGNAL_FWBI","ENSG00000157240"
"SIGNAL_FWBI","ENSG00000174804"
"SIGNAL_FWBI","ENSG00000164930"
"SIGNAL_FWBI","ENSG00000155760"
"SIGNAL_FWBI","ENSG00000177283"
"SIGNAL_FWBI","ENSG00000188763"
"SIGNAL_FWBI","ENSG00000293489"
"SIGNAL_FWBI","ENSG00000122707"
"SIGNAL_FWBI","ENSG00000036257"
"SIGNAL_FWBI","ENSG00000109625"
"SIGNAL_FWBI","ENSG00000139292"
"SIGNAL_FWBI","ENSG00000175792"
"SIGNAL_FWBI","ENSG00000162407"
"SIGNAL_FWBI","ENSG00000234616"
"SIGNAL_FWBI","ENSG00000173273"
"SIGNAL_FWBI","ENSG00000285372"
"SIGNAL_FWBI","ENSG00000112335"
"SIGNAL_FWBI","ENSG00000136155"
"SIGNAL_FWBI","ENSG00000163666"
"SIGNAL_FWBI","ENSG00000104415"
"SIGNAL_FWBI","ENSG00000198728"
"SIGNAL_FWBI","ENSG00000134046"
"SIGNAL_FWBI","ENSG00000166167"
"SIGNAL_FWBI","ENSG00000144791"
"SIGNAL_FWBI","ENSG00000112902"
"SIGNAL_FWBI","ENSG00000112837"
"SIGNAL_FWBI","ENSG00000138592"
"SIGNAL_FWBI","ENSG00000131023"
"SIGNAL_FWBI","ENSG00000093167"
"SIGNAL_FWBI","ENSG00000106635"
"SIGNAL_FWBI","ENSG00000136826"
"SIGNAL_FWBI","ENSG00000109062"
"SIGNAL_FWBI","ENSG00000119541"
"SIGNAL_FWBI","ENSG00000143842"
"SIGNAL_FWBI","ENSG00000013561"
"SIGNAL_FWBI","ENSG00000075275"
"SIGNAL_FWBI","ENSG00000198730"
"SIGNAL_FWBI","ENSG00000189319"
"SIGNAL_FWBI","ENSG00000144560"
"SIGNAL_FWBI","ENSG00000115464"
"SIGNAL_FWBI","ENSG00000169554"
"SIGNAL_FWBI","ENSG00000187391"
"SIGNAL_FWBI","ENSG00000184634"
"SIGNAL_FWBI","ENSG00000100387"
"SIGNAL_FWBI","ENSG00000177485"
"SIGNAL_FWBI","ENSG00000165879"
"SIGNAL_FWBI","ENSG00000100281"
"SIGNAL_FWBI","ENSG00000060656"
"SIGNAL_FWBI","ENSG00000145907"
"SIGNAL_FWBI","ENSG00000182220"
"SIGNAL_FWBI","ENSG00000115266"
"SIGNAL_FWBI","ENSG00000204628"
"SIGNAL_FWBI","ENSG00000137693"
"SIGNAL_FWBI","ENSG00000116670"
"SIGNAL_FWBI","ENSG00000183207"
"SIGNAL_FWBI","ENSG00000106723"
"SIGNAL_FWBI","ENSG00000073712"
"SIGNAL_FWBI","ENSG00000039600"
"SIGNAL_FWBI","ENSG00000156076"
"SIGNAL_FWBI","ENSG00000111432"
"SIGNAL_FWBI","ENSG00000135299"
"SIGNAL_FWBI","ENSG00000107984"
"SIGNAL_FWBI","ENSG00000100592"
"SIGNAL_FWBI","ENSG00000154310"
"SIGNAL_FWBI","ENSG00000002746"
"SIGNAL_FWBI","ENSG00000137815"
"SIGNAL_FWBI","ENSG00000117899"
"SIGNAL_FWBI","ENSG00000107104"
"SIGNAL_FWBI","ENSG00000121210"
"SIGNAL_FWBI","ENSG00000072803"
"SIGNAL_FWBI","ENSG00000101126"
"SIGNAL_FWBI","ENSG00000175826"
"SIGNAL_FWBI","ENSG00000181274"
"SIGNAL_FWBI","ENSG00000127603"
"SIGNAL_FWBI","ENSG00000146122"
"SIGNAL_FWBI","ENSG00000100211"
"SIGNAL_FWBI","ENSG00000095739"
"SIGNAL_FWBI","ENSG00000116035"
"SIGNAL_FWBI","ENSG00000101222"
"SIGNAL_FWBI","ENSG00000171243"
"SIGNAL_FWBI","ENSG00000018408"
"SIGNAL_FWBI","ENSG00000020181"
"SIGNAL_FWBI","ENSG00000182704"
"SIGNAL_FWBI","ENSG00000171016"
"SIGNAL_FWBI","ENSG00000150457"
"SIGNAL_FWBI","ENSG00000166923"
"SIGNAL_FWBI","ENSG00000276886"
"SIGNAL_FWBI","ENSG00000282046"
"SIGNAL_FWBI","ENSG00000105856"
"SIGNAL_FWBI","ENSG00000283847"
"SIGNAL_FWBI","ENSG00000113971"
"SIGNAL_FWBI","ENSG00000104901"
"SIGNAL_FWBI","ENSG00000104371"
"SIGNAL_FWBI","ENSG00000050165"
"SIGNAL_FWBI","ENSG00000155011"
"SIGNAL_FWBI","ENSG00000119509"
"SIGNAL_FWBI","ENSG00000162946"
"SIGNAL_FWBI","ENSG00000144642"
"SIGNAL_FWBI","ENSG00000163884"
"SIGNAL_FWBI","ENSG00000166164"
"SIGNAL_FWBI","ENSG00000135272"
"SIGNAL_FWBI","ENSG00000213977"
"SIGNAL_FWBI","ENSG00000167941"
"SIGNAL_FWBI","ENSG00000138795"
"SIGNAL_FWBI","ENSG00000113851"
"SIGNAL_FWBI","ENSG00000165617"
"SIGNAL_FWBI","ENSG00000104517"
"SIGNAL_FWBI","ENSG00000002745"
"SIGNAL_FWBI","ENSG00000114019"
"SIGNAL_FWBI","ENSG00000134758"
"SIGNAL_FWBI","ENSG00000146038"
"SIGNAL_FWBI","ENSG00000100744"
"SIGNAL_FWBI","ENSG00000105229"
"SIGNAL_FWBI","ENSG00000087095"
"SIGNAL_FWBI","ENSG00000167191"
"SIGNAL_FWBI","ENSG00000186153"
"SIGNAL_FWBI","ENSG00000169118"
"SIGNAL_FWBI","ENSG00000073536"
"SIGNAL_FWBI","ENSG00000006712"
"SIGNAL_FWBI","ENSG00000019995"
"SIGNAL_FWBI","ENSG00000130529"
"SIGNAL_FWBI","ENSG00000108375"
"SIGNAL_FWBI","ENSG00000011143"
"SIGNAL_FWBI","ENSG00000167985"
"SIGNAL_FWBI","ENSG00000006118"
"SIGNAL_FWBI","ENSG00000101193"
"SIGNAL_FWBI","ENSG00000170242"
"SIGNAL_FWBI","ENSG00000187147"
"SIGNAL_FWBI","ENSG00000205213"
"SIGNAL_FWBI","ENSG00000068308"
"SIGNAL_FWBI","ENSG00000292211"
"SIGNAL_FWBI","ENSG00000101311"
"SIGNAL_FWBI","ENSG00000136021"
"SIGNAL_FWBI","ENSG00000139636"
"SIGNAL_FWBI","ENSG00000069329"
"SIGNAL_FWBI","ENSG00000035499"
"SIGNAL_FWBI","ENSG00000166823"
"SIGNAL_FWBI","ENSG00000131668"
"SIGNAL_FWBI","ENSG00000178585"
"SIGNAL_FWBI","ENSG00000198742"
"SIGNAL_FWBI","ENSG00000162738"
"SIGNAL_FWBI","ENSG00000163346"
"SIGNAL_FWBI","ENSG00000165795"
"SIGNAL_FWBI","ENSG00000012822"
"SIGNAL_FWBI","ENSG00000105559"
"SIGNAL_FWBI","ENSG00000173821"
"SIGNAL_FWBI","ENSG00000100888"
"SIGNAL_FWBI","ENSG00000158941"
"SIGNAL_FWBI","ENSG00000163904"
"SIGNAL_FWBI","ENSG00000117153"
"SIGNAL_FWBI","ENSG00000133067"
"SIGNAL_FWBI","ENSG00000120332"
"SIGNAL_FWBI","ENSG00000141956"
"SIGNAL_FWBI","ENSG00000164736"
"SIGNAL_FWBI","ENSG00000167693"
"SIGNAL_FWBI","ENSG00000280563"
"SIGNAL_FWBI","ENSG00000281300"
"SIGNAL_FWBI","ENSG00000108854"
"SIGNAL_FWBI","ENSG00000102312"
"SIGNAL_FWBI","ENSG00000157895"
"SIGNAL_FWBI","ENSG00000155755"
"SIGNAL_FWBI","ENSG00000060237"
"SIGNAL_FWBI","ENSG00000165238"
"SIGNAL_FWBI","ENSG00000110888"
"SIGNAL_FWBI","ENSG00000131650"
"SIGNAL_FWBI","ENSG00000134371"
"SIGNAL_FWBI","ENSG00000154237"
"SIGNAL_FWBI","ENSG00000177565"
"SIGNAL_FWBI","ENSG00000123607"
"SIGNAL_FWBI","ENSG00000104953"
"SIGNAL_FWBI","ENSG00000077684"
"SIGNAL_FWBI","ENSG00000116729"
"SIGNAL_FWBI","ENSG00000122870"
"SIGNAL_FWBI","ENSG00000183779"
"SIGNAL_FWBI","ENSG00000168772"
"SIGNAL_FWBI","ENSG00000135925"
"SIGNAL_FWBI","ENSG00000140395"
"SIGNAL_FWBI","ENSG00000107854"
"SIGNAL_FWBI","ENSG00000111186"
"SIGNAL_FWBI","ENSG00000173218"
"SIGNAL_FWBI","ENSG00000118518"
"SIGNAL_FWBI","ENSG00000099715"
"SIGNAL_FWBI","ENSG00000152284"
"SIGNAL_FWBI","ENSG00000292149"
"SIGNAL_FWBI","ENSG00000171056"
"SIGNAL_FWBI","ENSG00000285438"
"SIGNAL_FWBI","ENSG00000126391"
"SIGNAL_FWBI","ENSG00000227942"
"SIGNAL_FWBI","ENSG00000183762"
"SIGNAL_FWBI","ENSG00000113966"
"SIGNAL_FWBI","ENSG00000183579"
"SIGNAL_FWBI","ENSG00000132846"
"SIGNAL_FWBI","ENSG00000107816"
"SIGNAL_FWBI","ENSG00000146374"
"SIGNAL_FWBI","ENSG00000140807"
"SIGNAL_FWBI","ENSG00000145506"
"SIGNAL_FWBI","ENSG00000276920"
"SIGNAL_FWBI","ENSG00000150764"
"SIGNAL_FWBI","ENSG00000179528"
"SIGNAL_FWBI","ENSG00000154342"
"SIGNAL_FWBI","ENSG00000154124"
"SIGNAL_FWBI","ENSG00000109083"
"SIGNAL_FWBI","ENSG00000163348"
"SIGNAL_FWBI","ENSG00000164953"
"SIGNAL_FWBI","ENSG00000167874"
"SIGNAL_FWBI","ENSG00000214413"
"SIGNAL_FWBI","ENSG00000293247"
"SIGNAL_FWBI","ENSG00000198796"
"SIGNAL_FWBI","ENSG00000164932"
"SIGNAL_FWBI","ENSG00000188906"
"SIGNAL_FWBI","ENSG00000180138"
"SIGNAL_FWBI","ENSG00000166477"
"SIGNAL_FWBI","ENSG00000142632"
"SIGNAL_FWBI","ENSG00000291381"
"SIGNAL_FWBI","ENSG00000186854"
"SIGNAL_FWBI","ENSG00000187123"
"SIGNAL_FWBI","ENSG00000188760"
"SIGNAL_FWBI","ENSG00000184675"
"SIGNAL_FWBI","ENSG00000186767"
"SIGNAL_FWBI","ENSG00000139174"
"SIGNAL_FWBI","ENSG00000133937"
"SIGNAL_FWBI","ENSG00000185269"
"SIGNAL_FWBI","ENSG00000154856"
"SIGNAL_FWBI","ENSG00000213889"
"SIGNAL_FWBI","ENSG00000197380"
"SIGNAL_FWBI","ENSG00000163249"
"SIGNAL_FWBI","ENSG00000178343"
"SIGNAL_FWBI","ENSG00000136848"
"SIGNAL_FWBI","ENSG00000166025"
"SIGNAL_FWBI","ENSG00000198768"
"SIGNAL_FWBI","ENSG00000163637"
"SIGNAL_FWBI","ENSG00000180694"
"SIGNAL_FWBI","ENSG00000178171"
"SIGNAL_FWBI","ENSG00000165566"
"SIGNAL_FWBI","ENSG00000108100"
"SIGNAL_FWBI","ENSG00000143882"
"SIGNAL_FWBI","ENSG00000116857"
"SIGNAL_FWBI","ENSG00000173452"
"SIGNAL_FWBI","ENSG00000066279"
"SIGNAL_FWBI","ENSG00000131697"
"SIGNAL_FWBI","ENSG00000186174"
"SIGNAL_FWBI","ENSG00000169218"
"SIGNAL_FWBI","ENSG00000134882"
"SIGNAL_FWBI","ENSG00000147655"
"SIGNAL_FWBI","ENSG00000101282"
"SIGNAL_FWBI","ENSG00000162490"
"SIGNAL_FWBI","ENSG00000188803"
"SIGNAL_FWBI","ENSG00000269113"
"SIGNAL_FWBI","ENSG00000276365"
"SIGNAL_FWBI","ENSG00000207691"
"SIGNAL_FWBI","ENSG00000207752"
"SIGNAL_FWBI","ENSG00000284375"
"SIGNAL_FWBI","ENSG00000207568"
"SIGNAL_FWBI","ENSG00000267195"
"SIGNAL_FWBI","ENSG00000284363"
"SIGNAL_FWBI","ENSG00000199075"
"SIGNAL_FWBI","ENSG00000283797"
"SIGNAL_FWBI","ENSG00000284214"
"SIGNAL_FWBI","ENSG00000207698"
"SIGNAL_FWBI","ENSG00000290445"
"SIGNAL_FWBI","ENSG00000015133"
"SIGNAL_FWBI","ENSG00000198435"
"SIGNAL_FWBI","ENSG00000199104"
"SIGNAL_FWBI","ENSG00000207869"
"SIGNAL_FWBI","ENSG00000211538"
"SIGNAL_FWBI","ENSG00000205116"
"SIGNAL_FWBI","ENSG00000205269"
"SIGNAL_FWBI","ENSG00000283159"
"SIGNAL_FWBI","ENSG00000272398"
"SIGNAL_FWBI","ENSG00000266192"
"SIGNAL_FWBI","ENSG00000261594"
"SIGNAL_FWBI","ENSG00000260734"
"SIGNAL_FWBI","ENSG00000242120"
"SIGNAL_FWBI","ENSG00000115170"
"SIGNAL_FWBI","ENSG00000121989"
"SIGNAL_FWBI","ENSG00000114739"
"SIGNAL_FWBI","ENSG00000139567"
"SIGNAL_FWBI","ENSG00000135409"
"SIGNAL_FWBI","ENSG00000125378"
"SIGNAL_FWBI","ENSG00000112175"
"SIGNAL_FWBI","ENSG00000153162"
"SIGNAL_FWBI","ENSG00000101144"
"SIGNAL_FWBI","ENSG00000107779"
"SIGNAL_FWBI","ENSG00000138696"
"SIGNAL_FWBI","ENSG00000204217"
"SIGNAL_FWBI","ENSG00000179776"
"SIGNAL_FWBI","ENSG00000105664"
"SIGNAL_FWBI","ENSG00000115966"
"SIGNAL_FWBI","ENSG00000108654"
"SIGNAL_FWBI","ENSG00000144355"
"SIGNAL_FWBI","ENSG00000292098"
"SIGNAL_FWBI","ENSG00000105429"
"SIGNAL_FWBI","ENSG00000106991"
"SIGNAL_FWBI","ENSG00000166147"
"SIGNAL_FWBI","ENSG00000136574"
"SIGNAL_FWBI","ENSG00000285109"
"SIGNAL_FWBI","ENSG00000141448"
"SIGNAL_FWBI","ENSG00000263761"
"SIGNAL_FWBI","ENSG00000010704"
"SIGNAL_FWBI","ENSG00000095951"
"SIGNAL_FWBI","ENSG00000106031"
"SIGNAL_FWBI","ENSG00000126457"
"SIGNAL_FWBI","ENSG00000114315"
"SIGNAL_FWBI","ENSG00000142871"
"SIGNAL_FWBI","ENSG00000128052"
"SIGNAL_FWBI","ENSG00000081479"
"SIGNAL_FWBI","ENSG00000170365"
"SIGNAL_FWBI","ENSG00000175387"
"SIGNAL_FWBI","ENSG00000113658"
"SIGNAL_FWBI","ENSG00000137834"
"SIGNAL_FWBI","ENSG00000101665"
"SIGNAL_FWBI","ENSG00000120693"
"SIGNAL_FWBI","ENSG00000163132"
"SIGNAL_FWBI","ENSG00000120149"
"SIGNAL_FWBI","ENSG00000158747"
"SIGNAL_FWBI","ENSG00000067141"
"SIGNAL_FWBI","ENSG00000162599"
"SIGNAL_FWBI","ENSG00000134250"
"SIGNAL_FWBI","ENSG00000137497"
"SIGNAL_FWBI","ENSG00000140479"
"SIGNAL_FWBI","ENSG00000132170"
"SIGNAL_FWBI","ENSG00000102882"
"SIGNAL_FWBI","ENSG00000166033"
"SIGNAL_FWBI","ENSG00000136603"
"SIGNAL_FWBI","ENSG00000137642"
"SIGNAL_FWBI","ENSG00000176887"
"SIGNAL_FWBI","ENSG00000008196"
"SIGNAL_FWBI","ENSG00000069702"
"SIGNAL_FWBI","ENSG00000123610"
"SIGNAL_FWBI","ENSG00000072401"
"SIGNAL_FWBI","ENSG00000109332"
"SIGNAL_FWBI","ENSG00000278129"
"SIGNAL_FWBI","ENSG00000125965"
"SIGNAL_FWBI","ENSG00000124486"
"SIGNAL_FWBI","ENSG00000114374"
"SIGNAL_FWBI","ENSG00000090539"
"SIGNAL_FWBI","ENSG00000108389"
"SIGNAL_FWBI","ENSG00000147869"
"SIGNAL_FWBI","ENSG00000184344"
"SIGNAL_FWBI","ENSG00000164621"
"SIGNAL_FWBI","ENSG00000135655"
"SIGNAL_FWBI","ENSG00000141232"
"SIGNAL_FWBI","ENSG00000070404"
"SIGNAL_FWBI","ENSG00000134363"
"SIGNAL_FWBI","ENSG00000163430"
"SIGNAL_FWBI","ENSG00000102935"
"SIGNAL_FWBI","ENSG00000053108"
"SIGNAL_FWBI","ENSG00000133104"
"SIGNAL_FWBI","ENSG00000174106"
"SIGNAL_FWBI","ENSG00000105701"
"SIGNAL_FWBI","ENSG00000054938"
"SIGNAL_FWBI","ENSG00000150593"
"SIGNAL_FWBI","ENSG00000163217"
"SIGNAL_FWBI","ENSG00000064393"
"SIGNAL_FWBI","ENSG00000150938"
"SIGNAL_FWBI","ENSG00000277354"
"SIGNAL_FWBI","ENSG00000137770"
"SIGNAL_FWBI","ENSG00000197323"
"SIGNAL_FWBI","ENSG00000152684"
"SIGNAL_FWBI","ENSG00000166292"
"SIGNAL_FWBI","ENSG00000103056"
"SIGNAL_FWBI","ENSG00000151092"
"SIGNAL_FWBI","ENSG00000168843"
"SIGNAL_FWBI","ENSG00000182175"
"SIGNAL_FWBI","ENSG00000128791"
"SIGNAL_FWBI","ENSG00000164532"
"SIGNAL_FWBI","ENSG00000175931"
"SIGNAL_FWBI","ENSG00000180875"
"SIGNAL_FWBI","ENSG00000107872"
"SIGNAL_FWBI","ENSG00000126106"
"SIGNAL_FWBI","ENSG00000101938"
"SIGNAL_FWBI","ENSG00000170801"
"SIGNAL_FWBI","ENSG00000175065"
"SIGNAL_FWBI","ENSG00000168509"
"SIGNAL_FWBI","ENSG00000143869"
"SIGNAL_FWBI","ENSG00000163328"
"SIGNAL_FWBI","ENSG00000187045"
"SIGNAL_FWBI","ENSG00000164619"
"SIGNAL_FWBI","ENSG00000179284"
"SIGNAL_FWBI","ENSG00000164659"
"SIGNAL_FWBI","ENSG00000146197"
"SIGNAL_FWBI","ENSG00000139540"
"SIGNAL_FWBI","ENSG00000174136"
"SIGNAL_FWBI","ENSG00000148204"
"SIGNAL_FWBI","ENSG00000166831"
"SIGNAL_FWBI","ENSG00000188730"
"SIGNAL_FWBI","ENSG00000135253"
"SIGNAL_FWBI","ENSG00000197921"
"SIGNAL_FWBI","ENSG00000273529"
"SIGNAL_FWBI","ENSG00000188779"
"SIGNAL_FWBI","ENSG00000156466"
"SIGNAL_FWBI","ENSG00000174453"
"SIGNAL_FWBI","ENSG00000207994"
"SIGNAL_FWBI","ENSG00000284157"
"SIGNAL_FWBI","ENSG00000207971"
"SIGNAL_FWBI","ENSG00000208017"
"SIGNAL_FWBI","ENSG00000284112"
"SIGNAL_FWBI","ENSG00000207581"
"SIGNAL_FWBI","ENSG00000283762"
"SIGNAL_FWBI","ENSG00000284190"
"SIGNAL_FWBI","ENSG00000199038"
"SIGNAL_FWBI","ENSG00000283844"
"SIGNAL_FWBI","ENSG00000207757"
"SIGNAL_FWBI","ENSG00000271886"
"SIGNAL_FWBI","ENSG00000199102"
"SIGNAL_FWBI","ENSG00000141622"
"SIGNAL_FWBI","ENSG00000260428"
"SIGNAL_FWBI","ENSG00000188522"
"SIGNAL_FWBI","ENSG00000215474"
"SIGNAL_FWBI","ENSG00000216135"
"SIGNAL_FWBI","ENSG00000138175"
"SIGNAL_FWBI","ENSG00000160226"
"SIGNAL_FWBI","ENSG00000198851"
"SIGNAL_FWBI","ENSG00000005339"
"SIGNAL_FWBI","ENSG00000044115"
"SIGNAL_FWBI","ENSG00000072840"
"SIGNAL_FWBI","ENSG00000103241"
"SIGNAL_FWBI","ENSG00000180447"
"SIGNAL_FWBI","ENSG00000141013"
"SIGNAL_FWBI","ENSG00000074047"
"SIGNAL_FWBI","ENSG00000129514"
"SIGNAL_FWBI","ENSG00000142798"
"SIGNAL_FWBI","ENSG00000163501"
"SIGNAL_FWBI","ENSG00000139515"
"SIGNAL_FWBI","ENSG00000130758"
"SIGNAL_FWBI","ENSG00000168385"
"SIGNAL_FWBI","ENSG00000125820"
"SIGNAL_FWBI","ENSG00000163623"
"SIGNAL_FWBI","ENSG00000007372"
"SIGNAL_FWBI","ENSG00000136940"
"SIGNAL_FWBI","ENSG00000197594"
"SIGNAL_FWBI","ENSG00000135919"
"SIGNAL_FWBI","ENSG00000116132"
"SIGNAL_FWBI","ENSG00000072062"
"SIGNAL_FWBI","ENSG00000288516"
"SIGNAL_FWBI","ENSG00000142875"
"SIGNAL_FWBI","ENSG00000185920"
"SIGNAL_FWBI","ENSG00000139687"
"SIGNAL_FWBI","ENSG00000111783"
"SIGNAL_FWBI","ENSG00000069667"
"SIGNAL_FWBI","ENSG00000168779"
"SIGNAL_FWBI","ENSG00000123473"
"SIGNAL_FWBI","ENSG00000128602"
"SIGNAL_FWBI","ENSG00000116747"
"SIGNAL_FWBI","ENSG00000163513"
"SIGNAL_FWBI","ENSG00000078246"
"SIGNAL_FWBI","ENSG00000152977"
"SIGNAL_FWBI","ENSG00000156925"
"SIGNAL_FWBI","ENSG00000167552"
"SIGNAL_FWBI","ENSG00000127334"
"SIGNAL_FWBI","ENSG00000117425"
"SIGNAL_FWBI","ENSG00000107593"
"SIGNAL_FWBI","ENSG00000151208"
"SIGNAL_FWBI","ENSG00000274429"
"SIGNAL_FWBI","ENSG00000170075"
"SIGNAL_FWBI","ENSG00000187535"
"SIGNAL_FWBI","ENSG00000100578"
"SIGNAL_FWBI","ENSG00000086598"
"SIGNAL_FWBI","ENSG00000100360"
"SIGNAL_FWBI","ENSG00000131873"
"SIGNAL_FWBI","ENSG00000134874"
"SIGNAL_FWBI","ENSG00000103351"
"SIGNAL_FWBI","ENSG00000102858"
"SIGNAL_FWBI","ENSG00000103494"
"SIGNAL_FWBI","ENSG00000143147"
"SIGNAL_FWBI","ENSG00000156345"
"SIGNAL_FWBI","ENSG00000140474"
"SIGNAL_FWBI","ENSG00000168014"
"SIGNAL_FWBI","ENSG00000148634"
"SIGNAL_FWBI","ENSG00000119977"
"SIGNAL_FWBI","ENSG00000138002"
"SIGNAL_FWBI","ENSG00000108641"
"SIGNAL_FWBI","ENSG00000163482"
"SIGNAL_FWBI","ENSG00000164066"
"SIGNAL_FWBI","ENSG00000122970"
"SIGNAL_FWBI","ENSG00000147383"
"SIGNAL_FWBI","ENSG00000292192"
"SIGNAL_FWBI","ENSG00000139549"
"SIGNAL_FWBI","ENSG00000064309"
"SIGNAL_FWBI","ENSG00000143951"
"SIGNAL_FWBI","ENSG00000101052"
"SIGNAL_FWBI","ENSG00000108423"
"SIGNAL_FWBI","ENSG00000116750"
"SIGNAL_FWBI","ENSG00000081870"
"SIGNAL_FWBI","ENSG00000107882"
"SIGNAL_FWBI","ENSG00000114446"
"SIGNAL_FWBI","ENSG00000138686"
"SIGNAL_FWBI","ENSG00000120008"
"SIGNAL_FWBI","ENSG00000054392"
"SIGNAL_FWBI","ENSG00000280680"
"SIGNAL_FWBI","ENSG00000163913"
"SIGNAL_FWBI","ENSG00000151849"
"SIGNAL_FWBI","ENSG00000204624"
"SIGNAL_FWBI","ENSG00000048342"
"SIGNAL_FWBI","ENSG00000157796"
"SIGNAL_FWBI","ENSG00000145743"
"SIGNAL_FWBI","ENSG00000103852"
"SIGNAL_FWBI","ENSG00000132881"
"SIGNAL_FWBI","ENSG00000291382"
"SIGNAL_FWBI","ENSG00000205084"
"SIGNAL_FWBI","ENSG00000204852"
"SIGNAL_FWBI","ENSG00000187240"
"SIGNAL_FWBI","ENSG00000113621"
"SIGNAL_FWBI","ENSG00000168778"
"SIGNAL_FWBI","ENSG00000105948"
"SIGNAL_FWBI","ENSG00000162062"
"SIGNAL_FWBI","ENSG00000135931"
"SIGNAL_FWBI","ENSG00000159307"
"SIGNAL_FWBI","ENSG00000109113"
"SIGNAL_FWBI","ENSG00000203965"
"SIGNAL_FWBI","ENSG00000126603"
"SIGNAL_FWBI","ENSG00000274636"
"SIGNAL_FWBI","ENSG00000154309"
"SIGNAL_FWBI","ENSG00000140323"
"SIGNAL_FWBI","ENSG00000120370"
"SIGNAL_FWBI","ENSG00000173040"
"SIGNAL_FWBI","ENSG00000188343"
"SIGNAL_FWBI","ENSG00000165186"
"SIGNAL_FWBI","ENSG00000123165"
"SIGNAL_FWBI","ENSG00000128881"
"SIGNAL_FWBI","ENSG00000164675"
"SIGNAL_FWBI","ENSG00000158163"
"SIGNAL_FWBI","ENSG00000186889"
"SIGNAL_FWBI","ENSG00000168301"
"SIGNAL_FWBI","ENSG00000169379"
"SIGNAL_FWBI","ENSG00000163349"
"SIGNAL_FWBI","ENSG00000146350"
"SIGNAL_FWBI","ENSG00000213420"
"SIGNAL_FWBI","ENSG00000188997"
"SIGNAL_FWBI","ENSG00000185347"
"SIGNAL_FWBI","ENSG00000166813"
"SIGNAL_FWBI","ENSG00000185716"
"SIGNAL_FWBI","ENSG00000284487"
"VESIKEL_SEKRET","ENSG00000165029"
"VESIKEL_SEKRET","ENSG00000107331"
"VESIKEL_SEKRET","ENSG00000097007"
"VESIKEL_SEKRET","ENSG00000143322"
"VESIKEL_SEKRET","ENSG00000087085"
"VESIKEL_SEKRET","ENSG00000075624"
"VESIKEL_SEKRET","ENSG00000184009"
"VESIKEL_SEKRET","ENSG00000291420"
"VESIKEL_SEKRET","ENSG00000077522"
"VESIKEL_SEKRET","ENSG00000148926"
"VESIKEL_SEKRET","ENSG00000163485"
"VESIKEL_SEKRET","ENSG00000128271"
"VESIKEL_SEKRET","ENSG00000170425"
"VESIKEL_SEKRET","ENSG00000150594"
"VESIKEL_SEKRET","ENSG00000169252"
"VESIKEL_SEKRET","ENSG00000173020"
"VESIKEL_SEKRET","ENSG00000100077"
"VESIKEL_SEKRET","ENSG00000196961"
"VESIKEL_SEKRET","ENSG00000183020"
"VESIKEL_SEKRET","ENSG00000281385"
"VESIKEL_SEKRET","ENSG00000280759"
"VESIKEL_SEKRET","ENSG00000100280"
"VESIKEL_SEKRET","ENSG00000006125"
"VESIKEL_SEKRET","ENSG00000166747"
"VESIKEL_SEKRET","ENSG00000204305"
"VESIKEL_SEKRET","ENSG00000231268"
"VESIKEL_SEKRET","ENSG00000229058"
"VESIKEL_SEKRET","ENSG00000237405"
"VESIKEL_SEKRET","ENSG00000234729"
"VESIKEL_SEKRET","ENSG00000206320"
"VESIKEL_SEKRET","ENSG00000230514"
"VESIKEL_SEKRET","ENSG00000134817"
"VESIKEL_SEKRET","ENSG00000145192"
"VESIKEL_SEKRET","ENSG00000204472"
"VESIKEL_SEKRET","ENSG00000235588"
"VESIKEL_SEKRET","ENSG00000206428"
"VESIKEL_SEKRET","ENSG00000237727"
"VESIKEL_SEKRET","ENSG00000234836"
"VESIKEL_SEKRET","ENSG00000235985"
"VESIKEL_SEKRET","ENSG00000161905"
"VESIKEL_SEKRET","ENSG00000078053"
"VESIKEL_SEKRET","ENSG00000136717"
"VESIKEL_SEKRET","ENSG00000154188"
"VESIKEL_SEKRET","ENSG00000029534"
"VESIKEL_SEKRET","ENSG00000145362"
"VESIKEL_SEKRET","ENSG00000151150"
"VESIKEL_SEKRET","ENSG00000135046"
"VESIKEL_SEKRET","ENSG00000182718"
"VESIKEL_SEKRET","ENSG00000138772"
"VESIKEL_SEKRET","ENSG00000122359"
"VESIKEL_SEKRET","ENSG00000104537"
"VESIKEL_SEKRET","ENSG00000105290"
"VESIKEL_SEKRET","ENSG00000118137"
"VESIKEL_SEKRET","ENSG00000158874"
"VESIKEL_SEKRET","ENSG00000130208"
"VESIKEL_SEKRET","ENSG00000234906"
"VESIKEL_SEKRET","ENSG00000110245"
"VESIKEL_SEKRET","ENSG00000130203"
"VESIKEL_SEKRET","ENSG00000142192"
"VESIKEL_SEKRET","ENSG00000095139"
"VESIKEL_SEKRET","ENSG00000113595"
"VESIKEL_SEKRET","ENSG00000143761"
"VESIKEL_SEKRET","ENSG00000134287"
"VESIKEL_SEKRET","ENSG00000168374"
"VESIKEL_SEKRET","ENSG00000175906"
"VESIKEL_SEKRET","ENSG00000004059"
"VESIKEL_SEKRET","ENSG00000165527"
"VESIKEL_SEKRET","ENSG00000143878"
"VESIKEL_SEKRET","ENSG00000175220"
"VESIKEL_SEKRET","ENSG00000141522"
"VESIKEL_SEKRET","ENSG00000120805"
"VESIKEL_SEKRET","ENSG00000138175"
"VESIKEL_SEKRET","ENSG00000120500"
"VESIKEL_SEKRET","ENSG00000137486"
"VESIKEL_SEKRET","ENSG00000141480"
"VESIKEL_SEKRET","ENSG00000141505"
"VESIKEL_SEKRET","ENSG00000161944"
"VESIKEL_SEKRET","ENSG00000174437"
"VESIKEL_SEKRET","ENSG00000114573"
"VESIKEL_SEKRET","ENSG00000116039"
"VESIKEL_SEKRET","ENSG00000147416"
"VESIKEL_SEKRET","ENSG00000185883"
"VESIKEL_SEKRET","ENSG00000155097"
"VESIKEL_SEKRET","ENSG00000131100"
"VESIKEL_SEKRET","ENSG00000213760"
"VESIKEL_SEKRET","ENSG00000234920"
"VESIKEL_SEKRET","ENSG00000226850"
"VESIKEL_SEKRET","ENSG00000227587"
"VESIKEL_SEKRET","ENSG00000230900"
"VESIKEL_SEKRET","ENSG00000234668"
"VESIKEL_SEKRET","ENSG00000206445"
"VESIKEL_SEKRET","ENSG00000033627"
"VESIKEL_SEKRET","ENSG00000071553"
"VESIKEL_SEKRET","ENSG00000130294"
"VESIKEL_SEKRET","ENSG00000167601"
"VESIKEL_SEKRET","ENSG00000172232"
"VESIKEL_SEKRET","ENSG00000278624"
"VESIKEL_SEKRET","ENSG00000166710"
"VESIKEL_SEKRET","ENSG00000273686"
"VESIKEL_SEKRET","ENSG00000181790"
"VESIKEL_SEKRET","ENSG00000174483"
"VESIKEL_SEKRET","ENSG00000125124"
"VESIKEL_SEKRET","ENSG00000171552"
"VESIKEL_SEKRET","ENSG00000186716"
"VESIKEL_SEKRET","ENSG00000079385"
"VESIKEL_SEKRET","ENSG00000151746"
"VESIKEL_SEKRET","ENSG00000113734"
"VESIKEL_SEKRET","ENSG00000157764"
"VESIKEL_SEKRET","ENSG00000010671"
"VESIKEL_SEKRET","ENSG00000166278"
"VESIKEL_SEKRET","ENSG00000204364"
"VESIKEL_SEKRET","ENSG00000231543"
"VESIKEL_SEKRET","ENSG00000206372"
"VESIKEL_SEKRET","ENSG00000235696"
"VESIKEL_SEKRET","ENSG00000235017"
"VESIKEL_SEKRET","ENSG00000226560"
"VESIKEL_SEKRET","ENSG00000125730"
"VESIKEL_SEKRET","ENSG00000244731"
"VESIKEL_SEKRET","ENSG00000244207"
"VESIKEL_SEKRET","ENSG00000206340"
"VESIKEL_SEKRET","ENSG00000227746"
"VESIKEL_SEKRET","ENSG00000224389"
"VESIKEL_SEKRET","ENSG00000228454"
"VESIKEL_SEKRET","ENSG00000228267"
"VESIKEL_SEKRET","ENSG00000236625"
"VESIKEL_SEKRET","ENSG00000224639"
"VESIKEL_SEKRET","ENSG00000123838"
"VESIKEL_SEKRET","ENSG00000123843"
"VESIKEL_SEKRET","ENSG00000149823"
"VESIKEL_SEKRET","ENSG00000142188"
"VESIKEL_SEKRET","ENSG00000263160"
"VESIKEL_SEKRET","ENSG00000182389"
"VESIKEL_SEKRET","ENSG00000110680"
"VESIKEL_SEKRET","ENSG00000198668"
"VESIKEL_SEKRET","ENSG00000143933"
"VESIKEL_SEKRET","ENSG00000160014"
"VESIKEL_SEKRET","ENSG00000179218"
"VESIKEL_SEKRET","ENSG00000164615"
"VESIKEL_SEKRET","ENSG00000127022"
"VESIKEL_SEKRET","ENSG00000283777"
"VESIKEL_SEKRET","ENSG00000162909"
"VESIKEL_SEKRET","ENSG00000164305"
"VESIKEL_SEKRET","ENSG00000105974"
"VESIKEL_SEKRET","ENSG00000105971"
"VESIKEL_SEKRET","ENSG00000182533"
"VESIKEL_SEKRET","ENSG00000110395"
"VESIKEL_SEKRET","ENSG00000114423"
"VESIKEL_SEKRET","ENSG00000010278"
"VESIKEL_SEKRET","ENSG00000170458"
"VESIKEL_SEKRET","ENSG00000012124"
"VESIKEL_SEKRET","ENSG00000135218"
"VESIKEL_SEKRET","ENSG00000073060"
"VESIKEL_SEKRET","ENSG00000138760"
"VESIKEL_SEKRET","ENSG00000196776"
"VESIKEL_SEKRET","ENSG00000135404"
"VESIKEL_SEKRET","ENSG00000110651"
"VESIKEL_SEKRET","ENSG00000177697"
"VESIKEL_SEKRET","ENSG00000070831"
"VESIKEL_SEKRET","ENSG00000170558"
"VESIKEL_SEKRET","ENSG00000140945"
"VESIKEL_SEKRET","ENSG00000164885"
"VESIKEL_SEKRET","ENSG00000165556"
"VESIKEL_SEKRET","ENSG00000092067"
"VESIKEL_SEKRET","ENSG00000198848"
"VESIKEL_SEKRET","ENSG00000262243"
"VESIKEL_SEKRET","ENSG00000001626"
"VESIKEL_SEKRET","ENSG00000105352"
"VESIKEL_SEKRET","ENSG00000274131"
"VESIKEL_SEKRET","ENSG00000100604"
"VESIKEL_SEKRET","ENSG00000276781"
"VESIKEL_SEKRET","ENSG00000188419"
"VESIKEL_SEKRET","ENSG00000203668"
"VESIKEL_SEKRET","ENSG00000143669"
"VESIKEL_SEKRET","ENSG00000161203"
"VESIKEL_SEKRET","ENSG00000106367"
"VESIKEL_SEKRET","ENSG00000042753"
"VESIKEL_SEKRET","ENSG00000177879"
"VESIKEL_SEKRET","ENSG00000114859"
"VESIKEL_SEKRET","ENSG00000109572"
"VESIKEL_SEKRET","ENSG00000171365"
"VESIKEL_SEKRET","ENSG00000120885"
"VESIKEL_SEKRET","ENSG00000188603"
"VESIKEL_SEKRET","ENSG00000261832"
"VESIKEL_SEKRET","ENSG00000102805"
"VESIKEL_SEKRET","ENSG00000122705"
"VESIKEL_SEKRET","ENSG00000175416"
"VESIKEL_SEKRET","ENSG00000141367"
"VESIKEL_SEKRET","ENSG00000163823"
"VESIKEL_SEKRET","ENSG00000144648"
"VESIKEL_SEKRET","ENSG00000064666"
"VESIKEL_SEKRET","ENSG00000122218"
"VESIKEL_SEKRET","ENSG00000129083"
"VESIKEL_SEKRET","ENSG00000145708"
"VESIKEL_SEKRET","ENSG00000132693"
"VESIKEL_SEKRET","ENSG00000108255"
"VESIKEL_SEKRET","ENSG00000103653"
"VESIKEL_SEKRET","ENSG00000141551"
"VESIKEL_SEKRET","ENSG00000213923"
"VESIKEL_SEKRET","ENSG00000133275"
"VESIKEL_SEKRET","ENSG00000151292"
"VESIKEL_SEKRET","ENSG00000159692"
"VESIKEL_SEKRET","ENSG00000168036"
"VESIKEL_SEKRET","ENSG00000135047"
"VESIKEL_SEKRET","ENSG00000257923"
"VESIKEL_SEKRET","ENSG00000051523"
"VESIKEL_SEKRET","ENSG00000153071"
"VESIKEL_SEKRET","ENSG00000145214"
"VESIKEL_SEKRET","ENSG00000204843"
"VESIKEL_SEKRET","ENSG00000180096"
"VESIKEL_SEKRET","ENSG00000132535"
"VESIKEL_SEKRET","ENSG00000187908"
"VESIKEL_SEKRET","ENSG00000106976"
"VESIKEL_SEKRET","ENSG00000079805"
"VESIKEL_SEKRET","ENSG00000150760"
"VESIKEL_SEKRET","ENSG00000134516"
"VESIKEL_SEKRET","ENSG00000197635"
"VESIKEL_SEKRET","ENSG00000092964"
"VESIKEL_SEKRET","ENSG00000149295"
"VESIKEL_SEKRET","ENSG00000151577"
"VESIKEL_SEKRET","ENSG00000069696"
"VESIKEL_SEKRET","ENSG00000276825"
"VESIKEL_SEKRET","ENSG00000107404"
"VESIKEL_SEKRET","ENSG00000136827"
"VESIKEL_SEKRET","ENSG00000198121"
"VESIKEL_SEKRET","ENSG00000125266"
"VESIKEL_SEKRET","ENSG00000138798"
"VESIKEL_SEKRET","ENSG00000197561"
"VESIKEL_SEKRET","ENSG00000277571"
"VESIKEL_SEKRET","ENSG00000213853"
"VESIKEL_SEKRET","ENSG00000085733"
"VESIKEL_SEKRET","ENSG00000288401"
"VESIKEL_SEKRET","ENSG00000044524"
"VESIKEL_SEKRET","ENSG00000133216"
"VESIKEL_SEKRET","ENSG00000111450"
"VESIKEL_SEKRET","ENSG00000085832"
"VESIKEL_SEKRET","ENSG00000164251"
"VESIKEL_SEKRET","ENSG00000123983"
"VESIKEL_SEKRET","ENSG00000179639"
"VESIKEL_SEKRET","ENSG00000291905"
"VESIKEL_SEKRET","ENSG00000158869"
"VESIKEL_SEKRET","ENSG00000104921"
"VESIKEL_SEKRET","ENSG00000150337"
"VESIKEL_SEKRET","ENSG00000143226"
"VESIKEL_SEKRET","ENSG00000072694"
"VESIKEL_SEKRET","ENSG00000203747"
"VESIKEL_SEKRET","ENSG00000104870"
"VESIKEL_SEKRET","ENSG00000085265"
"VESIKEL_SEKRET","ENSG00000160339"
"VESIKEL_SEKRET","ENSG00000182511"
"VESIKEL_SEKRET","ENSG00000171560"
"VESIKEL_SEKRET","ENSG00000171564"
"VESIKEL_SEKRET","ENSG00000171557"
"VESIKEL_SEKRET","ENSG00000000938"
"VESIKEL_SEKRET","ENSG00000103241"
"VESIKEL_SEKRET","ENSG00000196924"
"VESIKEL_SEKRET","ENSG00000102081"
"VESIKEL_SEKRET","ENSG00000110195"
"VESIKEL_SEKRET","ENSG00000171049"
"VESIKEL_SEKRET","ENSG00000010810"
"VESIKEL_SEKRET","ENSG00000178950"
"VESIKEL_SEKRET","ENSG00000180447"
"VESIKEL_SEKRET","ENSG00000183087"
"VESIKEL_SEKRET","ENSG00000102145"
"VESIKEL_SEKRET","ENSG00000179348"
"VESIKEL_SEKRET","ENSG00000215644"
"VESIKEL_SEKRET","ENSG00000288269"
"VESIKEL_SEKRET","ENSG00000135441"
"VESIKEL_SEKRET","ENSG00000203879"
"VESIKEL_SEKRET","ENSG00000057608"
"VESIKEL_SEKRET","ENSG00000112964"
"VESIKEL_SEKRET","ENSG00000147257"
"VESIKEL_SEKRET","ENSG00000114353"
"VESIKEL_SEKRET","ENSG00000087258"
"VESIKEL_SEKRET","ENSG00000167110"
"VESIKEL_SEKRET","ENSG00000144674"
"VESIKEL_SEKRET","ENSG00000169347"
"VESIKEL_SEKRET","ENSG00000125388"
"VESIKEL_SEKRET","ENSG00000177885"
"VESIKEL_SEKRET","ENSG00000155511"
"VESIKEL_SEKRET","ENSG00000105737"
"VESIKEL_SEKRET","ENSG00000134443"
"VESIKEL_SEKRET","ENSG00000148180"
"VESIKEL_SEKRET","ENSG00000145736"
"VESIKEL_SEKRET","ENSG00000276910"
"VESIKEL_SEKRET","ENSG00000275045"
"VESIKEL_SEKRET","ENSG00000124610"
"VESIKEL_SEKRET","ENSG00000101336"
"VESIKEL_SEKRET","ENSG00000197386"
"VESIKEL_SEKRET","ENSG00000123338"
"VESIKEL_SEKRET","ENSG00000010704"
"VESIKEL_SEKRET","ENSG00000157168"
"VESIKEL_SEKRET","ENSG00000127946"
"VESIKEL_SEKRET","ENSG00000204642"
"VESIKEL_SEKRET","ENSG00000237508"
"VESIKEL_SEKRET","ENSG00000229698"
"VESIKEL_SEKRET","ENSG00000234487"
"VESIKEL_SEKRET","ENSG00000137403"
"VESIKEL_SEKRET","ENSG00000235220"
"VESIKEL_SEKRET","ENSG00000206509"
"VESIKEL_SEKRET","ENSG00000189403"
"VESIKEL_SEKRET","ENSG00000072571"
"VESIKEL_SEKRET","ENSG00000165119"
"VESIKEL_SEKRET","ENSG00000121905"
"VESIKEL_SEKRET","ENSG00000107521"
"VESIKEL_SEKRET","ENSG00000174775"
"VESIKEL_SEKRET","ENSG00000276536"
"VESIKEL_SEKRET","ENSG00000109971"
"VESIKEL_SEKRET","ENSG00000142798"
"VESIKEL_SEKRET","ENSG00000135312"
"VESIKEL_SEKRET","ENSG00000076662"
"VESIKEL_SEKRET","ENSG00000140968"
"VESIKEL_SEKRET","ENSG00000111537"
"VESIKEL_SEKRET","ENSG00000140443"
"VESIKEL_SEKRET","ENSG00000197081"
"VESIKEL_SEKRET","ENSG00000211891"
"VESIKEL_SEKRET","ENSG00000100385"
"VESIKEL_SEKRET","ENSG00000147168"
"VESIKEL_SEKRET","ENSG00000113520"
"VESIKEL_SEKRET","ENSG00000077238"
"VESIKEL_SEKRET","ENSG00000169429"
"VESIKEL_SEKRET","ENSG00000163464"
"VESIKEL_SEKRET","ENSG00000180871"
"VESIKEL_SEKRET","ENSG00000110324"
"VESIKEL_SEKRET","ENSG00000169194"
"VESIKEL_SEKRET","ENSG00000123496"
"VESIKEL_SEKRET","ENSG00000164136"
"VESIKEL_SEKRET","ENSG00000134470"
"VESIKEL_SEKRET","ENSG00000165458"
"VESIKEL_SEKRET","ENSG00000186480"
"VESIKEL_SEKRET","ENSG00000171105"
"VESIKEL_SEKRET","ENSG00000164171"
"VESIKEL_SEKRET","ENSG00000115232"
"VESIKEL_SEKRET","ENSG00000005844"
"VESIKEL_SEKRET","ENSG00000169896"
"VESIKEL_SEKRET","ENSG00000138448"
"VESIKEL_SEKRET","ENSG00000150093"
"VESIKEL_SEKRET","ENSG00000160255"
"VESIKEL_SEKRET","ENSG00000259207"
"VESIKEL_SEKRET","ENSG00000158445"
"VESIKEL_SEKRET","ENSG00000104783"
"VESIKEL_SEKRET","ENSG00000184156"
"VESIKEL_SEKRET","ENSG00000155980"
"VESIKEL_SEKRET","ENSG00000157404"
"VESIKEL_SEKRET","ENSG00000205809"
"VESIKEL_SEKRET","ENSG00000111057"
"VESIKEL_SEKRET","ENSG00000185896"
"VESIKEL_SEKRET","ENSG00000129988"
"VESIKEL_SEKRET","ENSG00000130164"
"VESIKEL_SEKRET","ENSG00000174697"
"VESIKEL_SEKRET","ENSG00000116678"
"VESIKEL_SEKRET","ENSG00000131981"
"VESIKEL_SEKRET","ENSG00000108679"
"VESIKEL_SEKRET","ENSG00000168961"
"VESIKEL_SEKRET","ENSG00000106683"
"VESIKEL_SEKRET","ENSG00000107798"
"VESIKEL_SEKRET","ENSG00000073350"
"VESIKEL_SEKRET","ENSG00000131899"
"VESIKEL_SEKRET","ENSG00000074695"
"VESIKEL_SEKRET","ENSG00000118308"
"VESIKEL_SEKRET","ENSG00000123384"
"VESIKEL_SEKRET","ENSG00000081479"
"VESIKEL_SEKRET","ENSG00000130881"
"VESIKEL_SEKRET","ENSG00000134569"
"VESIKEL_SEKRET","ENSG00000070018"
"VESIKEL_SEKRET","ENSG00000281324"
"VESIKEL_SEKRET","ENSG00000162337"
"VESIKEL_SEKRET","ENSG00000163956"
"VESIKEL_SEKRET","ENSG00000054219"
"VESIKEL_SEKRET","ENSG00000254087"
"VESIKEL_SEKRET","ENSG00000003056"
"VESIKEL_SEKRET","ENSG00000165471"
"VESIKEL_SEKRET","ENSG00000135679"
"VESIKEL_SEKRET","ENSG00000167461"
"VESIKEL_SEKRET","ENSG00000105976"
"VESIKEL_SEKRET","ENSG00000140545"
"VESIKEL_SEKRET","ENSG00000150527"
"VESIKEL_SEKRET","ENSG00000128585"
"VESIKEL_SEKRET","ENSG00000260314"
"VESIKEL_SEKRET","ENSG00000128641"
"VESIKEL_SEKRET","ENSG00000147065"
"VESIKEL_SEKRET","ENSG00000038945"
"VESIKEL_SEKRET","ENSG00000164078"
"VESIKEL_SEKRET","ENSG00000171100"
"VESIKEL_SEKRET","ENSG00000142347"
"VESIKEL_SEKRET","ENSG00000172936"
"VESIKEL_SEKRET","ENSG00000100345"
"VESIKEL_SEKRET","ENSG00000065534"
"VESIKEL_SEKRET","ENSG00000166866"
"VESIKEL_SEKRET","ENSG00000197879"
"VESIKEL_SEKRET","ENSG00000176658"
"VESIKEL_SEKRET","ENSG00000157483"
"VESIKEL_SEKRET","ENSG00000197535"
"VESIKEL_SEKRET","ENSG00000167306"
"VESIKEL_SEKRET","ENSG00000196586"
"VESIKEL_SEKRET","ENSG00000137474"
"VESIKEL_SEKRET","ENSG00000169994"
"VESIKEL_SEKRET","ENSG00000108784"
"VESIKEL_SEKRET","ENSG00000116701"
"VESIKEL_SEKRET","ENSG00000100365"
"VESIKEL_SEKRET","ENSG00000275990"
"VESIKEL_SEKRET","ENSG00000124479"
"VESIKEL_SEKRET","ENSG00000069869"
"VESIKEL_SEKRET","ENSG00000168385"
"VESIKEL_SEKRET","ENSG00000186575"
"VESIKEL_SEKRET","ENSG00000105374"
"VESIKEL_SEKRET","ENSG00000239672"
"VESIKEL_SEKRET","ENSG00000148400"
"VESIKEL_SEKRET","ENSG00000141458"
"VESIKEL_SEKRET","ENSG00000073969"
"VESIKEL_SEKRET","ENSG00000276262"
"VESIKEL_SEKRET","ENSG00000278174"
"VESIKEL_SEKRET","ENSG00000185652"
"VESIKEL_SEKRET","ENSG00000173391"
"VESIKEL_SEKRET","ENSG00000079482"
"VESIKEL_SEKRET","ENSG00000108405"
"VESIKEL_SEKRET","ENSG00000089041"
"VESIKEL_SEKRET","ENSG00000169860"
"VESIKEL_SEKRET","ENSG00000186912"
"VESIKEL_SEKRET","ENSG00000171631"
"VESIKEL_SEKRET","ENSG00000185624"
"VESIKEL_SEKRET","ENSG00000106366"
"VESIKEL_SEKRET","ENSG00000149269"
"VESIKEL_SEKRET","ENSG00000185345"
"VESIKEL_SEKRET","ENSG00000131165"
"VESIKEL_SEKRET","ENSG00000102225"
"VESIKEL_SEKRET","ENSG00000197594"
"VESIKEL_SEKRET","ENSG00000136960"
"VESIKEL_SEKRET","ENSG00000140992"
"VESIKEL_SEKRET","ENSG00000261371"
"VESIKEL_SEKRET","ENSG00000126759"
"VESIKEL_SEKRET","ENSG00000070087"
"VESIKEL_SEKRET","ENSG00000162896"
"VESIKEL_SEKRET","ENSG00000011405"
"VESIKEL_SEKRET","ENSG00000078142"
"VESIKEL_SEKRET","ENSG00000121879"
"VESIKEL_SEKRET","ENSG00000051382"
"VESIKEL_SEKRET","ENSG00000171608"
"VESIKEL_SEKRET","ENSG00000105851"
"VESIKEL_SEKRET","ENSG00000143393"
"VESIKEL_SEKRET","ENSG00000150867"
"VESIKEL_SEKRET","ENSG00000127472"
"VESIKEL_SEKRET","ENSG00000197943"
"VESIKEL_SEKRET","ENSG00000075651"
"VESIKEL_SEKRET","ENSG00000129219"
"VESIKEL_SEKRET","ENSG00000115956"
"VESIKEL_SEKRET","ENSG00000188313"
"VESIKEL_SEKRET","ENSG00000184702"
"VESIKEL_SEKRET","ENSG00000108387"
"VESIKEL_SEKRET","ENSG00000138814"
"VESIKEL_SEKRET","ENSG00000107758"
"VESIKEL_SEKRET","ENSG00000120910"
"VESIKEL_SEKRET","ENSG00000221823"
"VESIKEL_SEKRET","ENSG00000119414"
"VESIKEL_SEKRET","ENSG00000131238"
"VESIKEL_SEKRET","ENSG00000132356"
"VESIKEL_SEKRET","ENSG00000188191"
"VESIKEL_SEKRET","ENSG00000166501"
"VESIKEL_SEKRET","ENSG00000163932"
"VESIKEL_SEKRET","ENSG00000171132"
"VESIKEL_SEKRET","ENSG00000126583"
"VESIKEL_SEKRET","ENSG00000163558"
"VESIKEL_SEKRET","ENSG00000184304"
"VESIKEL_SEKRET","ENSG00000100030"
"VESIKEL_SEKRET","ENSG00000102882"
"VESIKEL_SEKRET","ENSG00000169032"
"VESIKEL_SEKRET","ENSG00000126934"
"VESIKEL_SEKRET","ENSG00000196415"
"VESIKEL_SEKRET","ENSG00000277804"
"VESIKEL_SEKRET","ENSG00000080815"
"VESIKEL_SEKRET","ENSG00000169403"
"VESIKEL_SEKRET","ENSG00000171862"
"VESIKEL_SEKRET","ENSG00000284792"
"VESIKEL_SEKRET","ENSG00000168229"
"VESIKEL_SEKRET","ENSG00000107317"
"VESIKEL_SEKRET","ENSG00000169398"
"VESIKEL_SEKRET","ENSG00000196396"
"VESIKEL_SEKRET","ENSG00000081237"
"VESIKEL_SEKRET","ENSG00000262418"
"VESIKEL_SEKRET","ENSG00000149177"
"VESIKEL_SEKRET","ENSG00000163661"
"VESIKEL_SEKRET","ENSG00000138069"
"VESIKEL_SEKRET","ENSG00000104388"
"VESIKEL_SEKRET","ENSG00000105649"
"VESIKEL_SEKRET","ENSG00000169213"
"VESIKEL_SEKRET","ENSG00000167994"
"VESIKEL_SEKRET","ENSG00000168118"
"VESIKEL_SEKRET","ENSG00000144566"
"VESIKEL_SEKRET","ENSG00000111540"
"VESIKEL_SEKRET","ENSG00000175582"
"VESIKEL_SEKRET","ENSG00000168067"
"VESIKEL_SEKRET","ENSG00000143545"
"VESIKEL_SEKRET","ENSG00000069974"
"VESIKEL_SEKRET","ENSG00000041353"
"VESIKEL_SEKRET","ENSG00000100949"
"VESIKEL_SEKRET","ENSG00000285193"
"VESIKEL_SEKRET","ENSG00000137955"
"VESIKEL_SEKRET","ENSG00000183155"
"VESIKEL_SEKRET","ENSG00000108774"
"VESIKEL_SEKRET","ENSG00000136238"
"VESIKEL_SEKRET","ENSG00000128340"
"VESIKEL_SEKRET","ENSG00000006451"
"VESIKEL_SEKRET","ENSG00000144118"
"VESIKEL_SEKRET","ENSG00000116473"
"VESIKEL_SEKRET","ENSG00000127314"
"VESIKEL_SEKRET","ENSG00000131759"
"VESIKEL_SEKRET","ENSG00000137710"
"VESIKEL_SEKRET","ENSG00000084093"
"VESIKEL_SEKRET","ENSG00000204713"
"VESIKEL_SEKRET","ENSG00000234495"
"VESIKEL_SEKRET","ENSG00000229006"
"VESIKEL_SEKRET","ENSG00000233948"
"VESIKEL_SEKRET","ENSG00000215641"
"VESIKEL_SEKRET","ENSG00000237462"
"VESIKEL_SEKRET","ENSG00000237071"
"VESIKEL_SEKRET","ENSG00000152214"
"VESIKEL_SEKRET","ENSG00000067900"
"VESIKEL_SEKRET","ENSG00000102218"
"VESIKEL_SEKRET","ENSG00000215695"
"VESIKEL_SEKRET","ENSG00000134243"
"VESIKEL_SEKRET","ENSG00000197747"
"VESIKEL_SEKRET","ENSG00000189171"
"VESIKEL_SEKRET","ENSG00000271853"
"VESIKEL_SEKRET","ENSG00000223501"
"VESIKEL_SEKRET","ENSG00000223618"
"VESIKEL_SEKRET","ENSG00000236014"
"VESIKEL_SEKRET","ENSG00000225590"
"VESIKEL_SEKRET","ENSG00000228425"
"VESIKEL_SEKRET","ENSG00000224455"
"VESIKEL_SEKRET","ENSG00000206286"
"VESIKEL_SEKRET","ENSG00000130561"
"VESIKEL_SEKRET","ENSG00000281857"
"VESIKEL_SEKRET","ENSG00000204842"
"VESIKEL_SEKRET","ENSG00000108691"
"VESIKEL_SEKRET","ENSG00000277632"
"VESIKEL_SEKRET","ENSG00000278567"
"VESIKEL_SEKRET","ENSG00000274221"
"VESIKEL_SEKRET","ENSG00000271503"
"VESIKEL_SEKRET","ENSG00000274233"
"VESIKEL_SEKRET","ENSG00000108700"
"VESIKEL_SEKRET","ENSG00000172724"
"VESIKEL_SEKRET","ENSG00000137077"
"VESIKEL_SEKRET","ENSG00000115884"
"VESIKEL_SEKRET","ENSG00000124145"
"VESIKEL_SEKRET","ENSG00000137575"
"VESIKEL_SEKRET","ENSG00000157020"
"VESIKEL_SEKRET","ENSG00000196459"
"VESIKEL_SEKRET","ENSG00000007908"
"VESIKEL_SEKRET","ENSG00000106483"
"VESIKEL_SEKRET","ENSG00000133661"
"VESIKEL_SEKRET","ENSG00000205726"
"VESIKEL_SEKRET","ENSG00000141985"
"VESIKEL_SEKRET","ENSG00000107295"
"VESIKEL_SEKRET","ENSG00000140600"
"VESIKEL_SEKRET","ENSG00000291608"
"VESIKEL_SEKRET","ENSG00000164690"
"VESIKEL_SEKRET","ENSG00000117090"
"VESIKEL_SEKRET","ENSG00000106688"
"VESIKEL_SEKRET","ENSG00000181856"
"VESIKEL_SEKRET","ENSG00000288174"
"VESIKEL_SEKRET","ENSG00000018280"
"VESIKEL_SEKRET","ENSG00000036565"
"VESIKEL_SEKRET","ENSG00000165646"
"VESIKEL_SEKRET","ENSG00000166311"
"VESIKEL_SEKRET","ENSG00000088827"
"VESIKEL_SEKRET","ENSG00000132639"
"VESIKEL_SEKRET","ENSG00000074317"
"VESIKEL_SEKRET","ENSG00000145335"
"VESIKEL_SEKRET","ENSG00000173267"
"VESIKEL_SEKRET","ENSG00000028528"
"VESIKEL_SEKRET","ENSG00000205302"
"VESIKEL_SEKRET","ENSG00000142168"
"VESIKEL_SEKRET","ENSG00000137642"
"VESIKEL_SEKRET","ENSG00000021574"
"VESIKEL_SEKRET","ENSG00000066336"
"VESIKEL_SEKRET","ENSG00000115306"
"VESIKEL_SEKRET","ENSG00000173898"
"VESIKEL_SEKRET","ENSG00000197122"
"VESIKEL_SEKRET","ENSG00000291971"
"VESIKEL_SEKRET","ENSG00000106089"
"VESIKEL_SEKRET","ENSG00000166900"
"VESIKEL_SEKRET","ENSG00000103496"
"VESIKEL_SEKRET","ENSG00000162236"
"VESIKEL_SEKRET","ENSG00000136854"
"VESIKEL_SEKRET","ENSG00000076944"
"VESIKEL_SEKRET","ENSG00000116266"
"VESIKEL_SEKRET","ENSG00000148248"
"VESIKEL_SEKRET","ENSG00000280951"
"VESIKEL_SEKRET","ENSG00000139190"
"VESIKEL_SEKRET","ENSG00000220205"
"VESIKEL_SEKRET","ENSG00000124333"
"VESIKEL_SEKRET","ENSG00000292366"
"VESIKEL_SEKRET","ENSG00000165025"
"VESIKEL_SEKRET","ENSG00000008056"
"VESIKEL_SEKRET","ENSG00000157152"
"VESIKEL_SEKRET","ENSG00000102003"
"VESIKEL_SEKRET","ENSG00000067715"
"VESIKEL_SEKRET","ENSG00000132872"
"VESIKEL_SEKRET","ENSG00000129990"
"VESIKEL_SEKRET","ENSG00000231925"
"VESIKEL_SEKRET","ENSG00000112493"
"VESIKEL_SEKRET","ENSG00000206281"
"VESIKEL_SEKRET","ENSG00000236490"
"VESIKEL_SEKRET","ENSG00000206208"
"VESIKEL_SEKRET","ENSG00000184144"
"VESIKEL_SEKRET","ENSG00000091513"
"VESIKEL_SEKRET","ENSG00000106327"
"VESIKEL_SEKRET","ENSG00000072274"
"VESIKEL_SEKRET","ENSG00000105329"
"VESIKEL_SEKRET","ENSG00000198959"
"VESIKEL_SEKRET","ENSG00000180176"
"VESIKEL_SEKRET","ENSG00000137801"
"VESIKEL_SEKRET","ENSG00000105376"
"VESIKEL_SEKRET","ENSG00000137462"
"VESIKEL_SEKRET","ENSG00000136869"
"VESIKEL_SEKRET","ENSG00000160218"
"VESIKEL_SEKRET","ENSG00000185215"
"VESIKEL_SEKRET","ENSG00000129167"
"VESIKEL_SEKRET","ENSG00000103197"
"VESIKEL_SEKRET","ENSG00000074319"
"VESIKEL_SEKRET","ENSG00000032389"
"VESIKEL_SEKRET","ENSG00000166402"
"VESIKEL_SEKRET","ENSG00000112041"
"VESIKEL_SEKRET","ENSG00000092445"
"VESIKEL_SEKRET","ENSG00000011600"
"VESIKEL_SEKRET","ENSG00000114062"
"VESIKEL_SEKRET","ENSG00000131408"
"VESIKEL_SEKRET","ENSG00000198382"
"VESIKEL_SEKRET","ENSG00000141968"
"VESIKEL_SEKRET","ENSG00000160293"
"VESIKEL_SEKRET","ENSG00000165280"
"VESIKEL_SEKRET","ENSG00000112715"
"VESIKEL_SEKRET","ENSG00000092820"
"VESIKEL_SEKRET","ENSG00000147852"
"VESIKEL_SEKRET","ENSG00000163032"
"VESIKEL_SEKRET","ENSG00000109072"
"VESIKEL_SEKRET","ENSG00000015285"
"VESIKEL_SEKRET","ENSG00000086730"
"VESIKEL_SEKRET","ENSG00000114251"
"VESIKEL_SEKRET","ENSG00000154764"
"VESIKEL_SEKRET","ENSG00000176105"
"VESIKEL_SEKRET","ENSG00000162300"
"VESIKEL_SEKRET","ENSG00000188372"
"VESIKEL_SEKRET","ENSG00000157193"
"VESIKEL_SEKRET","ENSG00000162511"
"VESIKEL_SEKRET","ENSG00000067208"
"VESIKEL_SEKRET","ENSG00000116127"
"VESIKEL_SEKRET","ENSG00000114738"
"VESIKEL_SEKRET","ENSG00000187555"
"VESIKEL_SEKRET","ENSG00000075785"
"VESIKEL_SEKRET","ENSG00000119508"
"VESIKEL_SEKRET","ENSG00000136738"
"VESIKEL_SEKRET","ENSG00000107611"
"VESIKEL_SEKRET","ENSG00000103723"
"VESIKEL_SEKRET","ENSG00000070371"
"VESIKEL_SEKRET","ENSG00000185666"
"VESIKEL_SEKRET","ENSG00000135636"
"VESIKEL_SEKRET","ENSG00000073921"
"VESIKEL_SEKRET","ENSG00000186792"
"VESIKEL_SEKRET","ENSG00000143398"
"VESIKEL_SEKRET","ENSG00000276293"
"VESIKEL_SEKRET","ENSG00000277292"
"VESIKEL_SEKRET","ENSG00000184381"
"VESIKEL_SEKRET","ENSG00000101955"
"VESIKEL_SEKRET","ENSG00000102189"
"VESIKEL_SEKRET","ENSG00000079950"
"VESIKEL_SEKRET","ENSG00000272636"
"VESIKEL_SEKRET","ENSG00000272670"
"VESIKEL_SEKRET","ENSG00000149927"
"VESIKEL_SEKRET","ENSG00000036257"
"VESIKEL_SEKRET","ENSG00000164099"
"VESIKEL_SEKRET","ENSG00000139220"
"VESIKEL_SEKRET","ENSG00000077044"
"VESIKEL_SEKRET","ENSG00000177380"
"VESIKEL_SEKRET","ENSG00000132842"
"VESIKEL_SEKRET","ENSG00000142748"
"VESIKEL_SEKRET","ENSG00000117475"
"VESIKEL_SEKRET","ENSG00000147044"
"VESIKEL_SEKRET","ENSG00000074660"
"VESIKEL_SEKRET","ENSG00000276336"
"VESIKEL_SEKRET","ENSG00000162407"
"VESIKEL_SEKRET","ENSG00000138768"
"VESIKEL_SEKRET","ENSG00000163618"
"VESIKEL_SEKRET","ENSG00000133961"
"VESIKEL_SEKRET","ENSG00000118640"
"VESIKEL_SEKRET","ENSG00000117533"
"VESIKEL_SEKRET","ENSG00000124222"
"VESIKEL_SEKRET","ENSG00000135604"
"VESIKEL_SEKRET","ENSG00000104915"
"VESIKEL_SEKRET","ENSG00000126581"
"VESIKEL_SEKRET","ENSG00000019169"
"VESIKEL_SEKRET","ENSG00000140943"
"VESIKEL_SEKRET","ENSG00000114520"
"VESIKEL_SEKRET","ENSG00000112335"
"VESIKEL_SEKRET","ENSG00000107862"
"VESIKEL_SEKRET","ENSG00000103769"
"VESIKEL_SEKRET","ENSG00000092531"
"VESIKEL_SEKRET","ENSG00000134265"
"VESIKEL_SEKRET","ENSG00000105402"
"VESIKEL_SEKRET","ENSG00000143162"
"VESIKEL_SEKRET","ENSG00000111052"
"VESIKEL_SEKRET","ENSG00000099250"
"VESIKEL_SEKRET","ENSG00000066294"
"VESIKEL_SEKRET","ENSG00000176749"
"VESIKEL_SEKRET","ENSG00000171388"
"VESIKEL_SEKRET","ENSG00000159082"
"VESIKEL_SEKRET","ENSG00000078269"
"VESIKEL_SEKRET","ENSG00000176170"
"VESIKEL_SEKRET","ENSG00000161011"
"VESIKEL_SEKRET","ENSG00000284099"
"VESIKEL_SEKRET","ENSG00000087053"
"VESIKEL_SEKRET","ENSG00000214078"
"VESIKEL_SEKRET","ENSG00000182287"
"VESIKEL_SEKRET","ENSG00000213983"
"VESIKEL_SEKRET","ENSG00000072958"
"VESIKEL_SEKRET","ENSG00000111405"
"VESIKEL_SEKRET","ENSG00000164061"
"VESIKEL_SEKRET","ENSG00000117280"
"VESIKEL_SEKRET","ENSG00000112290"
"VESIKEL_SEKRET","ENSG00000007516"
"VESIKEL_SEKRET","ENSG00000171450"
"VESIKEL_SEKRET","ENSG00000065000"
"VESIKEL_SEKRET","ENSG00000106299"
"VESIKEL_SEKRET","ENSG00000118804"
"VESIKEL_SEKRET","ENSG00000160145"
"VESIKEL_SEKRET","ENSG00000173805"
"VESIKEL_SEKRET","ENSG00000174672"
"VESIKEL_SEKRET","ENSG00000291428"
"VESIKEL_SEKRET","ENSG00000130787"
"VESIKEL_SEKRET","ENSG00000008294"
"VESIKEL_SEKRET","ENSG00000140368"
"VESIKEL_SEKRET","ENSG00000011347"
"VESIKEL_SEKRET","ENSG00000109103"
"VESIKEL_SEKRET","ENSG00000129204"
"VESIKEL_SEKRET","ENSG00000139505"
"VESIKEL_SEKRET","ENSG00000108389"
"VESIKEL_SEKRET","ENSG00000159720"
"VESIKEL_SEKRET","ENSG00000093183"
"VESIKEL_SEKRET","ENSG00000029725"
"VESIKEL_SEKRET","ENSG00000127561"
"VESIKEL_SEKRET","ENSG00000291941"
"VESIKEL_SEKRET","ENSG00000108639"
"VESIKEL_SEKRET","ENSG00000100321"
"VESIKEL_SEKRET","ENSG00000185359"
"VESIKEL_SEKRET","ENSG00000221838"
"VESIKEL_SEKRET","ENSG00000198774"
"VESIKEL_SEKRET","ENSG00000086827"
"VESIKEL_SEKRET","ENSG00000169891"
"VESIKEL_SEKRET","ENSG00000133083"
"VESIKEL_SEKRET","ENSG00000162894"
"VESIKEL_SEKRET","ENSG00000124164"
"VESIKEL_SEKRET","ENSG00000101558"
"VESIKEL_SEKRET","ENSG00000185236"
"VESIKEL_SEKRET","ENSG00000196923"
"VESIKEL_SEKRET","ENSG00000162889"
"VESIKEL_SEKRET","ENSG00000008256"
"VESIKEL_SEKRET","ENSG00000105443"
"VESIKEL_SEKRET","ENSG00000108669"
"VESIKEL_SEKRET","ENSG00000184432"
"VESIKEL_SEKRET","ENSG00000128524"
"VESIKEL_SEKRET","ENSG00000100815"
"VESIKEL_SEKRET","ENSG00000125733"
"VESIKEL_SEKRET","ENSG00000177575"
"VESIKEL_SEKRET","ENSG00000049245"
"VESIKEL_SEKRET","ENSG00000099940"
"VESIKEL_SEKRET","ENSG00000123595"
"VESIKEL_SEKRET","ENSG00000181092"
"VESIKEL_SEKRET","ENSG00000101350"
"VESIKEL_SEKRET","ENSG00000157077"
"VESIKEL_SEKRET","ENSG00000137055"
"VESIKEL_SEKRET","ENSG00000179915"
"VESIKEL_SEKRET","ENSG00000115155"
"VESIKEL_SEKRET","ENSG00000166685"
"VESIKEL_SEKRET","ENSG00000135966"
"VESIKEL_SEKRET","ENSG00000135063"
"VESIKEL_SEKRET","ENSG00000100151"
"VESIKEL_SEKRET","ENSG00000057663"
"VESIKEL_SEKRET","ENSG00000121653"
"VESIKEL_SEKRET","ENSG00000170310"
"VESIKEL_SEKRET","ENSG00000179841"
"VESIKEL_SEKRET","ENSG00000050438"
"VESIKEL_SEKRET","ENSG00000181031"
"VESIKEL_SEKRET","ENSG00000282013"
"VESIKEL_SEKRET","ENSG00000262334"
"VESIKEL_SEKRET","ENSG00000145087"
"VESIKEL_SEKRET","ENSG00000085365"
"VESIKEL_SEKRET","ENSG00000119541"
"VESIKEL_SEKRET","ENSG00000108587"
"VESIKEL_SEKRET","ENSG00000105514"
"VESIKEL_SEKRET","ENSG00000136888"
"VESIKEL_SEKRET","ENSG00000265808"
"VESIKEL_SEKRET","ENSG00000122958"
"VESIKEL_SEKRET","ENSG00000108433"
"VESIKEL_SEKRET","ENSG00000138078"
"VESIKEL_SEKRET","ENSG00000075399"
"VESIKEL_SEKRET","ENSG00000100228"
"VESIKEL_SEKRET","ENSG00000174791"
"VESIKEL_SEKRET","ENSG00000176986"
"VESIKEL_SEKRET","ENSG00000135968"
"VESIKEL_SEKRET","ENSG00000113282"
"VESIKEL_SEKRET","ENSG00000176406"
"VESIKEL_SEKRET","ENSG00000145016"
"VESIKEL_SEKRET","ENSG00000148429"
"VESIKEL_SEKRET","ENSG00000090565"
"VESIKEL_SEKRET","ENSG00000275338"
"VESIKEL_SEKRET","ENSG00000198932"
"VESIKEL_SEKRET","ENSG00000101298"
"VESIKEL_SEKRET","ENSG00000039319"
"VESIKEL_SEKRET","ENSG00000101337"
"VESIKEL_SEKRET","ENSG00000131374"
"VESIKEL_SEKRET","ENSG00000117016"
"VESIKEL_SEKRET","ENSG00000115234"
"VESIKEL_SEKRET","ENSG00000136193"
"VESIKEL_SEKRET","ENSG00000139436"
"VESIKEL_SEKRET","ENSG00000107185"
"VESIKEL_SEKRET","ENSG00000116675"
"VESIKEL_SEKRET","ENSG00000225190"
"VESIKEL_SEKRET","ENSG00000276358"
"VESIKEL_SEKRET","ENSG00000277111"
"VESIKEL_SEKRET","ENSG00000155849"
"VESIKEL_SEKRET","ENSG00000033327"
"VESIKEL_SEKRET","ENSG00000111731"
"VESIKEL_SEKRET","ENSG00000187391"
"VESIKEL_SEKRET","ENSG00000150961"
"VESIKEL_SEKRET","ENSG00000137478"
"VESIKEL_SEKRET","ENSG00000136111"
"VESIKEL_SEKRET","ENSG00000130703"
"VESIKEL_SEKRET","ENSG00000072422"
"VESIKEL_SEKRET","ENSG00000065609"
"VESIKEL_SEKRET","ENSG00000164961"
"VESIKEL_SEKRET","ENSG00000185518"
"VESIKEL_SEKRET","ENSG00000159164"
"VESIKEL_SEKRET","ENSG00000011028"
"VESIKEL_SEKRET","ENSG00000141258"
"VESIKEL_SEKRET","ENSG00000242802"
"VESIKEL_SEKRET","ENSG00000152061"
"VESIKEL_SEKRET","ENSG00000006740"
"VESIKEL_SEKRET","ENSG00000148396"
"VESIKEL_SEKRET","ENSG00000241399"
"VESIKEL_SEKRET","ENSG00000163219"
"VESIKEL_SEKRET","ENSG00000066455"
"VESIKEL_SEKRET","ENSG00000142197"
"VESIKEL_SEKRET","ENSG00000170248"
"VESIKEL_SEKRET","ENSG00000249915"
"VESIKEL_SEKRET","ENSG00000100281"
"VESIKEL_SEKRET","ENSG00000100284"
"VESIKEL_SEKRET","ENSG00000129354"
"VESIKEL_SEKRET","ENSG00000087470"
"VESIKEL_SEKRET","ENSG00000025434"
"VESIKEL_SEKRET","ENSG00000140497"
"VESIKEL_SEKRET","ENSG00000116521"
"VESIKEL_SEKRET","ENSG00000263290"
"VESIKEL_SEKRET","ENSG00000054793"
"VESIKEL_SEKRET","ENSG00000111229"
"VESIKEL_SEKRET","ENSG00000138073"
"VESIKEL_SEKRET","ENSG00000138107"
"VESIKEL_SEKRET","ENSG00000188042"
"VESIKEL_SEKRET","ENSG00000122644"
"VESIKEL_SEKRET","ENSG00000172575"
"VESIKEL_SEKRET","ENSG00000123240"
"VESIKEL_SEKRET","ENSG00000185825"
"VESIKEL_SEKRET","ENSG00000101246"
"VESIKEL_SEKRET","ENSG00000182220"
"VESIKEL_SEKRET","ENSG00000158195"
"VESIKEL_SEKRET","ENSG00000100528"
"VESIKEL_SEKRET","ENSG00000061938"
"VESIKEL_SEKRET","ENSG00000064989"
"VESIKEL_SEKRET","ENSG00000137312"
"VESIKEL_SEKRET","ENSG00000223654"
"VESIKEL_SEKRET","ENSG00000236271"
"VESIKEL_SEKRET","ENSG00000232280"
"VESIKEL_SEKRET","ENSG00000230143"
"VESIKEL_SEKRET","ENSG00000224740"
"VESIKEL_SEKRET","ENSG00000206480"
"VESIKEL_SEKRET","ENSG00000206379"
"VESIKEL_SEKRET","ENSG00000116690"
"VESIKEL_SEKRET","ENSG00000105355"
"VESIKEL_SEKRET","ENSG00000135823"
"VESIKEL_SEKRET","ENSG00000157823"
"VESIKEL_SEKRET","ENSG00000136933"
"VESIKEL_SEKRET","ENSG00000115145"
"VESIKEL_SEKRET","ENSG00000125257"
"VESIKEL_SEKRET","ENSG00000131477"
"VESIKEL_SEKRET","ENSG00000132329"
"VESIKEL_SEKRET","ENSG00000122679"
"VESIKEL_SEKRET","ENSG00000105829"
"VESIKEL_SEKRET","ENSG00000157538"
"VESIKEL_SEKRET","ENSG00000133318"
"VESIKEL_SEKRET","ENSG00000101307"
"VESIKEL_SEKRET","ENSG00000104938"
"VESIKEL_SEKRET","ENSG00000114354"
"VESIKEL_SEKRET","ENSG00000064687"
"VESIKEL_SEKRET","ENSG00000006116"
"VESIKEL_SEKRET","ENSG00000166862"
"VESIKEL_SEKRET","ENSG00000124406"
"VESIKEL_SEKRET","ENSG00000204628"
"VESIKEL_SEKRET","ENSG00000159674"
"VESIKEL_SEKRET","ENSG00000138802"
"VESIKEL_SEKRET","ENSG00000120992"
"VESIKEL_SEKRET","ENSG00000134215"
"VESIKEL_SEKRET","ENSG00000153208"
"VESIKEL_SEKRET","ENSG00000132514"
"VESIKEL_SEKRET","ENSG00000164597"
"VESIKEL_SEKRET","ENSG00000284369"
"VESIKEL_SEKRET","ENSG00000101310"
"VESIKEL_SEKRET","ENSG00000100934"
"VESIKEL_SEKRET","ENSG00000131236"
"VESIKEL_SEKRET","ENSG00000100568"
"VESIKEL_SEKRET","ENSG00000198722"
"VESIKEL_SEKRET","ENSG00000149428"
"VESIKEL_SEKRET","ENSG00000280682"
"VESIKEL_SEKRET","ENSG00000124198"
"VESIKEL_SEKRET","ENSG00000066777"
"VESIKEL_SEKRET","ENSG00000184374"
"VESIKEL_SEKRET","ENSG00000256060"
"VESIKEL_SEKRET","ENSG00000070367"
"VESIKEL_SEKRET","ENSG00000106636"
"VESIKEL_SEKRET","ENSG00000114646"
"VESIKEL_SEKRET","ENSG00000134262"
"VESIKEL_SEKRET","ENSG00000129250"
"VESIKEL_SEKRET","ENSG00000168899"
"VESIKEL_SEKRET","ENSG00000113615"
"VESIKEL_SEKRET","ENSG00000165689"
"VESIKEL_SEKRET","ENSG00000145920"
"VESIKEL_SEKRET","ENSG00000168993"
"VESIKEL_SEKRET","ENSG00000162139"
"VESIKEL_SEKRET","ENSG00000104972"
"VESIKEL_SEKRET","ENSG00000274669"
"VESIKEL_SEKRET","ENSG00000276452"
"VESIKEL_SEKRET","ENSG00000277807"
"VESIKEL_SEKRET","ENSG00000277134"
"VESIKEL_SEKRET","ENSG00000136878"
"VESIKEL_SEKRET","ENSG00000084733"
"VESIKEL_SEKRET","ENSG00000133800"
"VESIKEL_SEKRET","ENSG00000174851"
"VESIKEL_SEKRET","ENSG00000017797"
"VESIKEL_SEKRET","ENSG00000110047"
"VESIKEL_SEKRET","ENSG00000105438"
"VESIKEL_SEKRET","ENSG00000070718"
"VESIKEL_SEKRET","ENSG00000131748"
"VESIKEL_SEKRET","ENSG00000086598"
"VESIKEL_SEKRET","ENSG00000169223"
"VESIKEL_SEKRET","ENSG00000141542"
"VESIKEL_SEKRET","ENSG00000170348"
"VESIKEL_SEKRET","ENSG00000118508"
"VESIKEL_SEKRET","ENSG00000121022"
"VESIKEL_SEKRET","ENSG00000186818"
"VESIKEL_SEKRET","ENSG00000278555"
"VESIKEL_SEKRET","ENSG00000278279"
"VESIKEL_SEKRET","ENSG00000276042"
"VESIKEL_SEKRET","ENSG00000275730"
"VESIKEL_SEKRET","ENSG00000136240"
"VESIKEL_SEKRET","ENSG00000100196"
"VESIKEL_SEKRET","ENSG00000099203"
"VESIKEL_SEKRET","ENSG00000100360"
"VESIKEL_SEKRET","ENSG00000111737"
"VESIKEL_SEKRET","ENSG00000168461"
"VESIKEL_SEKRET","ENSG00000243244"
"VESIKEL_SEKRET","ENSG00000039600"
"VESIKEL_SEKRET","ENSG00000091428"
"VESIKEL_SEKRET","ENSG00000126062"
"VESIKEL_SEKRET","ENSG00000157916"
"VESIKEL_SEKRET","ENSG00000160325"
"VESIKEL_SEKRET","ENSG00000280479"
"VESIKEL_SEKRET","ENSG00000117281"
"VESIKEL_SEKRET","ENSG00000169306"
"VESIKEL_SEKRET","ENSG00000112276"
"VESIKEL_SEKRET","ENSG00000102879"
"VESIKEL_SEKRET","ENSG00000100478"
"VESIKEL_SEKRET","ENSG00000107651"
"VESIKEL_SEKRET","ENSG00000170881"
"VESIKEL_SEKRET","ENSG00000291729"
"VESIKEL_SEKRET","ENSG00000100266"
"VESIKEL_SEKRET","ENSG00000159210"
"VESIKEL_SEKRET","ENSG00000275066"
"VESIKEL_SEKRET","ENSG00000274047"
"VESIKEL_SEKRET","ENSG00000213689"
"VESIKEL_SEKRET","ENSG00000168356"
"VESIKEL_SEKRET","ENSG00000136631"
"VESIKEL_SEKRET","ENSG00000167851"
"VESIKEL_SEKRET","ENSG00000291918"
"VESIKEL_SEKRET","ENSG00000116288"
"VESIKEL_SEKRET","ENSG00000105669"
"VESIKEL_SEKRET","ENSG00000114383"
"VESIKEL_SEKRET","ENSG00000180104"
"VESIKEL_SEKRET","ENSG00000034713"
"VESIKEL_SEKRET","ENSG00000135775"
"VESIKEL_SEKRET","ENSG00000111481"
"VESIKEL_SEKRET","ENSG00000181789"
"VESIKEL_SEKRET","ENSG00000165246"
"VESIKEL_SEKRET","ENSG00000164292"
"VESIKEL_SEKRET","ENSG00000107560"
"VESIKEL_SEKRET","ENSG00000115977"
"VESIKEL_SEKRET","ENSG00000164715"
"VESIKEL_SEKRET","ENSG00000126775"
"VESIKEL_SEKRET","ENSG00000169760"
"VESIKEL_SEKRET","ENSG00000138674"
"VESIKEL_SEKRET","ENSG00000198825"
"VESIKEL_SEKRET","ENSG00000153339"
"VESIKEL_SEKRET","ENSG00000103111"
"VESIKEL_SEKRET","ENSG00000171603"
"VESIKEL_SEKRET","ENSG00000089169"
"VESIKEL_SEKRET","ENSG00000105339"
"VESIKEL_SEKRET","ENSG00000072134"
"VESIKEL_SEKRET","ENSG00000182606"
"VESIKEL_SEKRET","ENSG00000125810"
"VESIKEL_SEKRET","ENSG00000153246"
"VESIKEL_SEKRET","ENSG00000115839"
"VESIKEL_SEKRET","ENSG00000114650"
"VESIKEL_SEKRET","ENSG00000107984"
"VESIKEL_SEKRET","ENSG00000122012"
"VESIKEL_SEKRET","ENSG00000079841"
"VESIKEL_SEKRET","ENSG00000080371"
"VESIKEL_SEKRET","ENSG00000172765"
"VESIKEL_SEKRET","ENSG00000130477"
"VESIKEL_SEKRET","ENSG00000077254"
"VESIKEL_SEKRET","ENSG00000083097"
"VESIKEL_SEKRET","ENSG00000061987"
"VESIKEL_SEKRET","ENSG00000187239"
"VESIKEL_SEKRET","ENSG00000103365"
"VESIKEL_SEKRET","ENSG00000111647"
"VESIKEL_SEKRET","ENSG00000082805"
"VESIKEL_SEKRET","ENSG00000110723"
"VESIKEL_SEKRET","ENSG00000242265"
"VESIKEL_SEKRET","ENSG00000054523"
"VESIKEL_SEKRET","ENSG00000167202"
"VESIKEL_SEKRET","ENSG00000163539"
"VESIKEL_SEKRET","ENSG00000130475"
"VESIKEL_SEKRET","ENSG00000020129"
"VESIKEL_SEKRET","ENSG00000138834"
"VESIKEL_SEKRET","ENSG00000125447"
"VESIKEL_SEKRET","ENSG00000010327"
"VESIKEL_SEKRET","ENSG00000164402"
"VESIKEL_SEKRET","ENSG00000117899"
"VESIKEL_SEKRET","ENSG00000273749"
"VESIKEL_SEKRET","ENSG00000288461"
"VESIKEL_SEKRET","ENSG00000280618"
"VESIKEL_SEKRET","ENSG00000132718"
"VESIKEL_SEKRET","ENSG00000100427"
"VESIKEL_SEKRET","ENSG00000070495"
"VESIKEL_SEKRET","ENSG00000008853"
"VESIKEL_SEKRET","ENSG00000197969"
"VESIKEL_SEKRET","ENSG00000144036"
"VESIKEL_SEKRET","ENSG00000198576"
"VESIKEL_SEKRET","ENSG00000092108"
"VESIKEL_SEKRET","ENSG00000184014"
"VESIKEL_SEKRET","ENSG00000182473"
"VESIKEL_SEKRET","ENSG00000038532"
"VESIKEL_SEKRET","ENSG00000102858"
"VESIKEL_SEKRET","ENSG00000185963"
"VESIKEL_SEKRET","ENSG00000115504"
"VESIKEL_SEKRET","ENSG00000119321"
"VESIKEL_SEKRET","ENSG00000138246"
"VESIKEL_SEKRET","ENSG00000136051"
"VESIKEL_SEKRET","ENSG00000049759"
"VESIKEL_SEKRET","ENSG00000074054"
"VESIKEL_SEKRET","ENSG00000166887"
"VESIKEL_SEKRET","ENSG00000131018"
"VESIKEL_SEKRET","ENSG00000156931"
"VESIKEL_SEKRET","ENSG00000186111"
"VESIKEL_SEKRET","ENSG00000159363"
"VESIKEL_SEKRET","ENSG00000166557"
"VESIKEL_SEKRET","ENSG00000155974"
"VESIKEL_SEKRET","ENSG00000081014"
"VESIKEL_SEKRET","ENSG00000119729"
"VESIKEL_SEKRET","ENSG00000104660"
"VESIKEL_SEKRET","ENSG00000127603"
"VESIKEL_SEKRET","ENSG00000180900"
"VESIKEL_SEKRET","ENSG00000274287"
"VESIKEL_SEKRET","ENSG00000114331"
"VESIKEL_SEKRET","ENSG00000143553"
"VESIKEL_SEKRET","ENSG00000183726"
"VESIKEL_SEKRET","ENSG00000110880"
"VESIKEL_SEKRET","ENSG00000100092"
"VESIKEL_SEKRET","ENSG00000117758"
"VESIKEL_SEKRET","ENSG00000130147"
"VESIKEL_SEKRET","ENSG00000123892"
"VESIKEL_SEKRET","ENSG00000180957"
"VESIKEL_SEKRET","ENSG00000241484"
"VESIKEL_SEKRET","ENSG00000167964"
"VESIKEL_SEKRET","ENSG00000103051"
"VESIKEL_SEKRET","ENSG00000050426"
"VESIKEL_SEKRET","ENSG00000143612"
"VESIKEL_SEKRET","ENSG00000076201"
"VESIKEL_SEKRET","ENSG00000129493"
"VESIKEL_SEKRET","ENSG00000075826"
"VESIKEL_SEKRET","ENSG00000103978"
"VESIKEL_SEKRET","ENSG00000089818"
"VESIKEL_SEKRET","ENSG00000083937"
"VESIKEL_SEKRET","ENSG00000105270"
"VESIKEL_SEKRET","ENSG00000169221"
"VESIKEL_SEKRET","ENSG00000197324"
"VESIKEL_SEKRET","ENSG00000146006"
"VESIKEL_SEKRET","ENSG00000197959"
"VESIKEL_SEKRET","ENSG00000135631"
"VESIKEL_SEKRET","ENSG00000187672"
"VESIKEL_SEKRET","ENSG00000157500"
"VESIKEL_SEKRET","ENSG00000100083"
"VESIKEL_SEKRET","ENSG00000157978"
"VESIKEL_SEKRET","ENSG00000165219"
"VESIKEL_SEKRET","ENSG00000144452"
"VESIKEL_SEKRET","ENSG00000153485"
"VESIKEL_SEKRET","ENSG00000275947"
"VESIKEL_SEKRET","ENSG00000162980"
"VESIKEL_SEKRET","ENSG00000035720"
"VESIKEL_SEKRET","ENSG00000104164"
"VESIKEL_SEKRET","ENSG00000184056"
"VESIKEL_SEKRET","ENSG00000242247"
"VESIKEL_SEKRET","ENSG00000119899"
"VESIKEL_SEKRET","ENSG00000166923"
"VESIKEL_SEKRET","ENSG00000276886"
"VESIKEL_SEKRET","ENSG00000282046"
"VESIKEL_SEKRET","ENSG00000113249"
"VESIKEL_SEKRET","ENSG00000158623"
"VESIKEL_SEKRET","ENSG00000121542"
"VESIKEL_SEKRET","ENSG00000185009"
"VESIKEL_SEKRET","ENSG00000017260"
"VESIKEL_SEKRET","ENSG00000213658"
"VESIKEL_SEKRET","ENSG00000168824"
"VESIKEL_SEKRET","ENSG00000006715"
"VESIKEL_SEKRET","ENSG00000075429"
"VESIKEL_SEKRET","ENSG00000075461"
"VESIKEL_SEKRET","ENSG00000054116"
"VESIKEL_SEKRET","ENSG00000086232"
"VESIKEL_SEKRET","ENSG00000089006"
"VESIKEL_SEKRET","ENSG00000136305"
"VESIKEL_SEKRET","ENSG00000285199"
"VESIKEL_SEKRET","ENSG00000146966"
"VESIKEL_SEKRET","ENSG00000164066"
"VESIKEL_SEKRET","ENSG00000132612"
"VESIKEL_SEKRET","ENSG00000164144"
"VESIKEL_SEKRET","ENSG00000130724"
"VESIKEL_SEKRET","ENSG00000076321"
"VESIKEL_SEKRET","ENSG00000118946"
"VESIKEL_SEKRET","ENSG00000137502"
"VESIKEL_SEKRET","ENSG00000154710"
"VESIKEL_SEKRET","ENSG00000100359"
"VESIKEL_SEKRET","ENSG00000099954"
"VESIKEL_SEKRET","ENSG00000186472"
"VESIKEL_SEKRET","ENSG00000198719"
"VESIKEL_SEKRET","ENSG00000275555"
"VESIKEL_SEKRET","ENSG00000101997"
"VESIKEL_SEKRET","ENSG00000108262"
"VESIKEL_SEKRET","ENSG00000136279"
"VESIKEL_SEKRET","ENSG00000105875"
"VESIKEL_SEKRET","ENSG00000254505"
"VESIKEL_SEKRET","ENSG00000285302"
"VESIKEL_SEKRET","ENSG00000168952"
"VESIKEL_SEKRET","ENSG00000143771"
"VESIKEL_SEKRET","ENSG00000108961"
"VESIKEL_SEKRET","ENSG00000103490"
"VESIKEL_SEKRET","ENSG00000165912"
"VESIKEL_SEKRET","ENSG00000106266"
"VESIKEL_SEKRET","ENSG00000086300"
"VESIKEL_SEKRET","ENSG00000103319"
"VESIKEL_SEKRET","ENSG00000284161"
"VESIKEL_SEKRET","ENSG00000095066"
"VESIKEL_SEKRET","ENSG00000063245"
"VESIKEL_SEKRET","ENSG00000147164"
"VESIKEL_SEKRET","ENSG00000115216"
"VESIKEL_SEKRET","ENSG00000147650"
"VESIKEL_SEKRET","ENSG00000188021"
"VESIKEL_SEKRET","ENSG00000124507"
"VESIKEL_SEKRET","ENSG00000147010"
"VESIKEL_SEKRET","ENSG00000127507"
"VESIKEL_SEKRET","ENSG00000090659"
"VESIKEL_SEKRET","ENSG00000103966"
"VESIKEL_SEKRET","ENSG00000013016"
"VESIKEL_SEKRET","ENSG00000024422"
"VESIKEL_SEKRET","ENSG00000196455"
"VESIKEL_SEKRET","ENSG00000100078"
"VESIKEL_SEKRET","ENSG00000105929"
"VESIKEL_SEKRET","ENSG00000198399"
"VESIKEL_SEKRET","ENSG00000023892"
"VESIKEL_SEKRET","ENSG00000130643"
"VESIKEL_SEKRET","ENSG00000153317"
"VESIKEL_SEKRET","ENSG00000117500"
"VESIKEL_SEKRET","ENSG00000134970"
"VESIKEL_SEKRET","ENSG00000120860"
"VESIKEL_SEKRET","ENSG00000111711"
"VESIKEL_SEKRET","ENSG00000136100"
"VESIKEL_SEKRET","ENSG00000171928"
"VESIKEL_SEKRET","ENSG00000171853"
"VESIKEL_SEKRET","ENSG00000274891"
"VESIKEL_SEKRET","ENSG00000134049"
"VESIKEL_SEKRET","ENSG00000147533"
"VESIKEL_SEKRET","ENSG00000152700"
"VESIKEL_SEKRET","ENSG00000173588"
"VESIKEL_SEKRET","ENSG00000144635"
"VESIKEL_SEKRET","ENSG00000078808"
"VESIKEL_SEKRET","ENSG00000160948"
"VESIKEL_SEKRET","ENSG00000285339"
"VESIKEL_SEKRET","ENSG00000091536"
"VESIKEL_SEKRET","ENSG00000104219"
"VESIKEL_SEKRET","ENSG00000123570"
"VESIKEL_SEKRET","ENSG00000005243"
"VESIKEL_SEKRET","ENSG00000099785"
"VESIKEL_SEKRET","ENSG00000165006"
"VESIKEL_SEKRET","ENSG00000177951"
"VESIKEL_SEKRET","ENSG00000087502"
"VESIKEL_SEKRET","ENSG00000167775"
"VESIKEL_SEKRET","ENSG00000134709"
"VESIKEL_SEKRET","ENSG00000162627"
"VESIKEL_SEKRET","ENSG00000100554"
"VESIKEL_SEKRET","ENSG00000196655"
"VESIKEL_SEKRET","ENSG00000280495"
"VESIKEL_SEKRET","ENSG00000110934"
"VESIKEL_SEKRET","ENSG00000130340"
"VESIKEL_SEKRET","ENSG00000168077"
"VESIKEL_SEKRET","ENSG00000144366"
"VESIKEL_SEKRET","ENSG00000185722"
"VESIKEL_SEKRET","ENSG00000086065"
"VESIKEL_SEKRET","ENSG00000213672"
"VESIKEL_SEKRET","ENSG00000009844"
"VESIKEL_SEKRET","ENSG00000143952"
"VESIKEL_SEKRET","ENSG00000119396"
"VESIKEL_SEKRET","ENSG00000129048"
"VESIKEL_SEKRET","ENSG00000154917"
"VESIKEL_SEKRET","ENSG00000151779"
"VESIKEL_SEKRET","ENSG00000047249"
"VESIKEL_SEKRET","ENSG00000125991"
"VESIKEL_SEKRET","ENSG00000170091"
"VESIKEL_SEKRET","ENSG00000122674"
"VESIKEL_SEKRET","ENSG00000115561"
"VESIKEL_SEKRET","ENSG00000167515"
"VESIKEL_SEKRET","ENSG00000111237"
"VESIKEL_SEKRET","ENSG00000103528"
"VESIKEL_SEKRET","ENSG00000166128"
"VESIKEL_SEKRET","ENSG00000168702"
"VESIKEL_SEKRET","ENSG00000186815"
"VESIKEL_SEKRET","ENSG00000168818"
"VESIKEL_SEKRET","ENSG00000167578"
"VESIKEL_SEKRET","ENSG00000169118"
"VESIKEL_SEKRET","ENSG00000095970"
"VESIKEL_SEKRET","ENSG00000196338"
"VESIKEL_SEKRET","ENSG00000058799"
"VESIKEL_SEKRET","ENSG00000132669"
"VESIKEL_SEKRET","ENSG00000214357"
"VESIKEL_SEKRET","ENSG00000008869"
"VESIKEL_SEKRET","ENSG00000125633"
"VESIKEL_SEKRET","ENSG00000131725"
"VESIKEL_SEKRET","ENSG00000138190"
"VESIKEL_SEKRET","ENSG00000103154"
"VESIKEL_SEKRET","ENSG00000254585"
"VESIKEL_SEKRET","ENSG00000288188"
"VESIKEL_SEKRET","ENSG00000120160"
"VESIKEL_SEKRET","ENSG00000184840"
"VESIKEL_SEKRET","ENSG00000179331"
"VESIKEL_SEKRET","ENSG00000213625"
"VESIKEL_SEKRET","ENSG00000135541"
"VESIKEL_SEKRET","ENSG00000205413"
"VESIKEL_SEKRET","ENSG00000129003"
"VESIKEL_SEKRET","ENSG00000137501"
"VESIKEL_SEKRET","ENSG00000137942"
"VESIKEL_SEKRET","ENSG00000133138"
"VESIKEL_SEKRET","ENSG00000091317"
"VESIKEL_SEKRET","ENSG00000109180"
"VESIKEL_SEKRET","ENSG00000149357"
"VESIKEL_SEKRET","ENSG00000136874"
"VESIKEL_SEKRET","ENSG00000049283"
"VESIKEL_SEKRET","ENSG00000167987"
"VESIKEL_SEKRET","ENSG00000143502"
"VESIKEL_SEKRET","ENSG00000070540"
"VESIKEL_SEKRET","ENSG00000104886"
"VESIKEL_SEKRET","ENSG00000158156"
"VESIKEL_SEKRET","ENSG00000140750"
"VESIKEL_SEKRET","ENSG00000288353"
"VESIKEL_SEKRET","ENSG00000187147"
"VESIKEL_SEKRET","ENSG00000136044"
"VESIKEL_SEKRET","ENSG00000143457"
"VESIKEL_SEKRET","ENSG00000134108"
"VESIKEL_SEKRET","ENSG00000164253"
"VESIKEL_SEKRET","ENSG00000141252"
"VESIKEL_SEKRET","ENSG00000283883"
"VESIKEL_SEKRET","ENSG00000151116"
"VESIKEL_SEKRET","ENSG00000123106"
"VESIKEL_SEKRET","ENSG00000125843"
"VESIKEL_SEKRET","ENSG00000148943"
"VESIKEL_SEKRET","ENSG00000213463"
"VESIKEL_SEKRET","ENSG00000104341"
"VESIKEL_SEKRET","ENSG00000137216"
"VESIKEL_SEKRET","ENSG00000089012"
"VESIKEL_SEKRET","ENSG00000138660"
"VESIKEL_SEKRET","ENSG00000165125"
"VESIKEL_SEKRET","ENSG00000276971"
"VESIKEL_SEKRET","ENSG00000103056"
"VESIKEL_SEKRET","ENSG00000155099"
"VESIKEL_SEKRET","ENSG00000136011"
"VESIKEL_SEKRET","ENSG00000138756"
"VESIKEL_SEKRET","ENSG00000079691"
"VESIKEL_SEKRET","ENSG00000004766"
"VESIKEL_SEKRET","ENSG00000089177"
"VESIKEL_SEKRET","ENSG00000145220"
"VESIKEL_SEKRET","ENSG00000139832"
"VESIKEL_SEKRET","ENSG00000211584"
"VESIKEL_SEKRET","ENSG00000070423"
"VESIKEL_SEKRET","ENSG00000204130"
"VESIKEL_SEKRET","ENSG00000136021"
"VESIKEL_SEKRET","ENSG00000103043"
"VESIKEL_SEKRET","ENSG00000157191"
"VESIKEL_SEKRET","ENSG00000291380"
"VESIKEL_SEKRET","ENSG00000139636"
"VESIKEL_SEKRET","ENSG00000120008"
"VESIKEL_SEKRET","ENSG00000069329"
"VESIKEL_SEKRET","ENSG00000101199"
"VESIKEL_SEKRET","ENSG00000053770"
"VESIKEL_SEKRET","ENSG00000090989"
"VESIKEL_SEKRET","ENSG00000112685"
"VESIKEL_SEKRET","ENSG00000036054"
"VESIKEL_SEKRET","ENSG00000168216"
"VESIKEL_SEKRET","ENSG00000160695"
"VESIKEL_SEKRET","ENSG00000280616"
"VESIKEL_SEKRET","ENSG00000053501"
"VESIKEL_SEKRET","ENSG00000147439"
"VESIKEL_SEKRET","ENSG00000184730"
"VESIKEL_SEKRET","ENSG00000075790"
"VESIKEL_SEKRET","ENSG00000283852"
"VESIKEL_SEKRET","ENSG00000254245"
"VESIKEL_SEKRET","ENSG00000079332"
"VESIKEL_SEKRET","ENSG00000155816"
"VESIKEL_SEKRET","ENSG00000063176"
"VESIKEL_SEKRET","ENSG00000068400"
"VESIKEL_SEKRET","ENSG00000292219"
"VESIKEL_SEKRET","ENSG00000197622"
"VESIKEL_SEKRET","ENSG00000215717"
"VESIKEL_SEKRET","ENSG00000134278"
"VESIKEL_SEKRET","ENSG00000158985"
"VESIKEL_SEKRET","ENSG00000163638"
"VESIKEL_SEKRET","ENSG00000144476"
"VESIKEL_SEKRET","ENSG00000103544"
"VESIKEL_SEKRET","ENSG00000104888"
"VESIKEL_SEKRET","ENSG00000091664"
"VESIKEL_SEKRET","ENSG00000047621"
"VESIKEL_SEKRET","ENSG00000132698"
"VESIKEL_SEKRET","ENSG00000183049"
"VESIKEL_SEKRET","ENSG00000047932"
"VESIKEL_SEKRET","ENSG00000204936"
"VESIKEL_SEKRET","ENSG00000255112"
"VESIKEL_SEKRET","ENSG00000151458"
"VESIKEL_SEKRET","ENSG00000113719"
"VESIKEL_SEKRET","ENSG00000126785"
"VESIKEL_SEKRET","ENSG00000147003"
"VESIKEL_SEKRET","ENSG00000124209"
"VESIKEL_SEKRET","ENSG00000142186"
"VESIKEL_SEKRET","ENSG00000162065"
"VESIKEL_SEKRET","ENSG00000117868"
"VESIKEL_SEKRET","ENSG00000146938"
"VESIKEL_SEKRET","ENSG00000133103"
"VESIKEL_SEKRET","ENSG00000132405"
"VESIKEL_SEKRET","ENSG00000101752"
"VESIKEL_SEKRET","ENSG00000243156"
"VESIKEL_SEKRET","ENSG00000033122"
"VESIKEL_SEKRET","ENSG00000169992"
"VESIKEL_SEKRET","ENSG00000283859"
"VESIKEL_SEKRET","ENSG00000117245"
"VESIKEL_SEKRET","ENSG00000019505"
"VESIKEL_SEKRET","ENSG00000107036"
"VESIKEL_SEKRET","ENSG00000104142"
"VESIKEL_SEKRET","ENSG00000003393"
"VESIKEL_SEKRET","ENSG00000119522"
"VESIKEL_SEKRET","ENSG00000148358"
"VESIKEL_SEKRET","ENSG00000152223"
"VESIKEL_SEKRET","ENSG00000160460"
"VESIKEL_SEKRET","ENSG00000197562"
"VESIKEL_SEKRET","ENSG00000105697"
"VESIKEL_SEKRET","ENSG00000116996"
"VESIKEL_SEKRET","ENSG00000161921"
"VESIKEL_SEKRET","ENSG00000116574"
"VESIKEL_SEKRET","ENSG00000284984"
"VESIKEL_SEKRET","ENSG00000170043"
"VESIKEL_SEKRET","ENSG00000127527"
"VESIKEL_SEKRET","ENSG00000129515"
"VESIKEL_SEKRET","ENSG00000130234"
"VESIKEL_SEKRET","ENSG00000142408"
"VESIKEL_SEKRET","ENSG00000105605"
"VESIKEL_SEKRET","ENSG00000117153"
"VESIKEL_SEKRET","ENSG00000131558"
"VESIKEL_SEKRET","ENSG00000135249"
"VESIKEL_SEKRET","ENSG00000112305"
"VESIKEL_SEKRET","ENSG00000168538"
"VESIKEL_SEKRET","ENSG00000175931"
"VESIKEL_SEKRET","ENSG00000151445"
"VESIKEL_SEKRET","ENSG00000125814"
"VESIKEL_SEKRET","ENSG00000188428"
"VESIKEL_SEKRET","ENSG00000062598"
"VESIKEL_SEKRET","ENSG00000018610"
"VESIKEL_SEKRET","ENSG00000137177"
"VESIKEL_SEKRET","ENSG00000136286"
"VESIKEL_SEKRET","ENSG00000113384"
"VESIKEL_SEKRET","ENSG00000104497"
"VESIKEL_SEKRET","ENSG00000167207"
"VESIKEL_SEKRET","ENSG00000142910"
"VESIKEL_SEKRET","ENSG00000104863"
"VESIKEL_SEKRET","ENSG00000131381"
"VESIKEL_SEKRET","ENSG00000289750"
"VESIKEL_SEKRET","ENSG00000108666"
"VESIKEL_SEKRET","ENSG00000124839"
"VESIKEL_SEKRET","ENSG00000166971"
"VESIKEL_SEKRET","ENSG00000120318"
"VESIKEL_SEKRET","ENSG00000144848"
"VESIKEL_SEKRET","ENSG00000172243"
"VESIKEL_SEKRET","ENSG00000215305"
"VESIKEL_SEKRET","ENSG00000212710"
"VESIKEL_SEKRET","ENSG00000282841"
"VESIKEL_SEKRET","ENSG00000182158"
"VESIKEL_SEKRET","ENSG00000135596"
"VESIKEL_SEKRET","ENSG00000103034"
"VESIKEL_SEKRET","ENSG00000158828"
"VESIKEL_SEKRET","ENSG00000139719"
"VESIKEL_SEKRET","ENSG00000154889"
"VESIKEL_SEKRET","ENSG00000116095"
"VESIKEL_SEKRET","ENSG00000144868"
"VESIKEL_SEKRET","ENSG00000104643"
"VESIKEL_SEKRET","ENSG00000285032"
"VESIKEL_SEKRET","ENSG00000118004"
"VESIKEL_SEKRET","ENSG00000130733"
"VESIKEL_SEKRET","ENSG00000105700"
"VESIKEL_SEKRET","ENSG00000007255"
"VESIKEL_SEKRET","ENSG00000166289"
"VESIKEL_SEKRET","ENSG00000132881"
"VESIKEL_SEKRET","ENSG00000291382"
"VESIKEL_SEKRET","ENSG00000262246"
"VESIKEL_SEKRET","ENSG00000282725"
"VESIKEL_SEKRET","ENSG00000176108"
"VESIKEL_SEKRET","ENSG00000175895"
"VESIKEL_SEKRET","ENSG00000139722"
"VESIKEL_SEKRET","ENSG00000104946"
"VESIKEL_SEKRET","ENSG00000140506"
"VESIKEL_SEKRET","ENSG00000102890"
"VESIKEL_SEKRET","ENSG00000175471"
"VESIKEL_SEKRET","ENSG00000164877"
"VESIKEL_SEKRET","ENSG00000105879"
"VESIKEL_SEKRET","ENSG00000177548"
"VESIKEL_SEKRET","ENSG00000100599"
"VESIKEL_SEKRET","ENSG00000101463"
"VESIKEL_SEKRET","ENSG00000205744"
"VESIKEL_SEKRET","ENSG00000113597"
"VESIKEL_SEKRET","ENSG00000197121"
"VESIKEL_SEKRET","ENSG00000179674"
"VESIKEL_SEKRET","ENSG00000122490"
"VESIKEL_SEKRET","ENSG00000102445"
"VESIKEL_SEKRET","ENSG00000010361"
"VESIKEL_SEKRET","ENSG00000104133"
"VESIKEL_SEKRET","ENSG00000156675"
"VESIKEL_SEKRET","ENSG00000176783"
"VESIKEL_SEKRET","ENSG00000284260"
"VESIKEL_SEKRET","ENSG00000125149"
"VESIKEL_SEKRET","ENSG00000101152"
"VESIKEL_SEKRET","ENSG00000167671"
"VESIKEL_SEKRET","ENSG00000277363"
"VESIKEL_SEKRET","ENSG00000273608"
"VESIKEL_SEKRET","ENSG00000144596"
"VESIKEL_SEKRET","ENSG00000158270"
"VESIKEL_SEKRET","ENSG00000145817"
"VESIKEL_SEKRET","ENSG00000114988"
"VESIKEL_SEKRET","ENSG00000178878"
"VESIKEL_SEKRET","ENSG00000143376"
"VESIKEL_SEKRET","ENSG00000139734"
"VESIKEL_SEKRET","ENSG00000166126"
"VESIKEL_SEKRET","ENSG00000174903"
"VESIKEL_SEKRET","ENSG00000172007"
"VESIKEL_SEKRET","ENSG00000167705"
"VESIKEL_SEKRET","ENSG00000274145"
"VESIKEL_SEKRET","ENSG00000136152"
"VESIKEL_SEKRET","ENSG00000167632"
"VESIKEL_SEKRET","ENSG00000078747"
"VESIKEL_SEKRET","ENSG00000289720"
"VESIKEL_SEKRET","ENSG00000204176"
"VESIKEL_SEKRET","ENSG00000109113"
"VESIKEL_SEKRET","ENSG00000099992"
"VESIKEL_SEKRET","ENSG00000010270"
"VESIKEL_SEKRET","ENSG00000104490"
"VESIKEL_SEKRET","ENSG00000005448"
"VESIKEL_SEKRET","ENSG00000047579"
"VESIKEL_SEKRET","ENSG00000051009"
"VESIKEL_SEKRET","ENSG00000120519"
"VESIKEL_SEKRET","ENSG00000136449"
"VESIKEL_SEKRET","ENSG00000105186"
"VESIKEL_SEKRET","ENSG00000222014"
"VESIKEL_SEKRET","ENSG00000292140"
"VESIKEL_SEKRET","ENSG00000113966"
"VESIKEL_SEKRET","ENSG00000133246"
"VESIKEL_SEKRET","ENSG00000138688"
"VESIKEL_SEKRET","ENSG00000118473"
"VESIKEL_SEKRET","ENSG00000213023"
"VESIKEL_SEKRET","ENSG00000119820"
"VESIKEL_SEKRET","ENSG00000163472"
"VESIKEL_SEKRET","ENSG00000127419"
"VESIKEL_SEKRET","ENSG00000131475"
"VESIKEL_SEKRET","ENSG00000164077"
"VESIKEL_SEKRET","ENSG00000213380"
"VESIKEL_SEKRET","ENSG00000149182"
"VESIKEL_SEKRET","ENSG00000168172"
"VESIKEL_SEKRET","ENSG00000131242"
"VESIKEL_SEKRET","ENSG00000160469"
"VESIKEL_SEKRET","ENSG00000145794"
"VESIKEL_SEKRET","ENSG00000204991"
"VESIKEL_SEKRET","ENSG00000171135"
"VESIKEL_SEKRET","ENSG00000162961"
"VESIKEL_SEKRET","ENSG00000130038"
"VESIKEL_SEKRET","ENSG00000173349"
"VESIKEL_SEKRET","ENSG00000168389"
"VESIKEL_SEKRET","ENSG00000138138"
"VESIKEL_SEKRET","ENSG00000153214"
"VESIKEL_SEKRET","ENSG00000129472"
"VESIKEL_SEKRET","ENSG00000186187"
"VESIKEL_SEKRET","ENSG00000142765"
"VESIKEL_SEKRET","ENSG00000108306"
"VESIKEL_SEKRET","ENSG00000174007"
"VESIKEL_SEKRET","ENSG00000135597"
"VESIKEL_SEKRET","ENSG00000100139"
"VESIKEL_SEKRET","ENSG00000145506"
"VESIKEL_SEKRET","ENSG00000276920"
"VESIKEL_SEKRET","ENSG00000140022"
"VESIKEL_SEKRET","ENSG00000006747"
"VESIKEL_SEKRET","ENSG00000076513"
"VESIKEL_SEKRET","ENSG00000154342"
"VESIKEL_SEKRET","ENSG00000100099"
"VESIKEL_SEKRET","ENSG00000196814"
"VESIKEL_SEKRET","ENSG00000120341"
"VESIKEL_SEKRET","ENSG00000149043"
"VESIKEL_SEKRET","ENSG00000288149"
"VESIKEL_SEKRET","ENSG00000157570"
"VESIKEL_SEKRET","ENSG00000204070"
"VESIKEL_SEKRET","ENSG00000283632"
"VESIKEL_SEKRET","ENSG00000180398"
"VESIKEL_SEKRET","ENSG00000128891"
"VESIKEL_SEKRET","ENSG00000167645"
"VESIKEL_SEKRET","ENSG00000148356"
"VESIKEL_SEKRET","ENSG00000206053"
"VESIKEL_SEKRET","ENSG00000254470"
"VESIKEL_SEKRET","ENSG00000244486"
"VESIKEL_SEKRET","ENSG00000162878"
"VESIKEL_SEKRET","ENSG00000173227"
"VESIKEL_SEKRET","ENSG00000147457"
"VESIKEL_SEKRET","ENSG00000205436"
"VESIKEL_SEKRET","ENSG00000145850"
"VESIKEL_SEKRET","ENSG00000168434"
"VESIKEL_SEKRET","ENSG00000198771"
"VESIKEL_SEKRET","ENSG00000164695"
"VESIKEL_SEKRET","ENSG00000187957"
"VESIKEL_SEKRET","ENSG00000163121"
"VESIKEL_SEKRET","ENSG00000141971"
"VESIKEL_SEKRET","ENSG00000081803"
"VESIKEL_SEKRET","ENSG00000164674"
"VESIKEL_SEKRET","ENSG00000102362"
"VESIKEL_SEKRET","ENSG00000147041"
"VESIKEL_SEKRET","ENSG00000165322"
"VESIKEL_SEKRET","ENSG00000167371"
"VESIKEL_SEKRET","ENSG00000178996"
"VESIKEL_SEKRET","ENSG00000099365"
"VESIKEL_SEKRET","ENSG00000151502"
"VESIKEL_SEKRET","ENSG00000198818"
"VESIKEL_SEKRET","ENSG00000144043"
"VESIKEL_SEKRET","ENSG00000183826"
"VESIKEL_SEKRET","ENSG00000206579"
"VESIKEL_SEKRET","ENSG00000178235"
"VESIKEL_SEKRET","ENSG00000108018"
"VESIKEL_SEKRET","ENSG00000141447"
"VESIKEL_SEKRET","ENSG00000021762"
"VESIKEL_SEKRET","ENSG00000173926"
"VESIKEL_SEKRET","ENSG00000157107"
"VESIKEL_SEKRET","ENSG00000163072"
"VESIKEL_SEKRET","ENSG00000275326"
"VESIKEL_SEKRET","ENSG00000152213"
"VESIKEL_SEKRET","ENSG00000152932"
"VESIKEL_SEKRET","ENSG00000155961"
"VESIKEL_SEKRET","ENSG00000109684"
"VESIKEL_SEKRET","ENSG00000110243"
"VESIKEL_SEKRET","ENSG00000143740"
"VESIKEL_SEKRET","ENSG00000135439"
"VESIKEL_SEKRET","ENSG00000127328"
"VESIKEL_SEKRET","ENSG00000183695"
"VESIKEL_SEKRET","ENSG00000155256"
"VESIKEL_SEKRET","ENSG00000166275"
"VESIKEL_SEKRET","ENSG00000188906"
"VESIKEL_SEKRET","ENSG00000182400"
"VESIKEL_SEKRET","ENSG00000166428"
"VESIKEL_SEKRET","ENSG00000156232"
"VESIKEL_SEKRET","ENSG00000188089"
"VESIKEL_SEKRET","ENSG00000182040"
"VESIKEL_SEKRET","ENSG00000141316"
"VESIKEL_SEKRET","ENSG00000198720"
"VESIKEL_SEKRET","ENSG00000167716"
"VESIKEL_SEKRET","ENSG00000276021"
"VESIKEL_SEKRET","ENSG00000181029"
"VESIKEL_SEKRET","ENSG00000171487"
"VESIKEL_SEKRET","ENSG00000187994"
"VESIKEL_SEKRET","ENSG00000282895"
"VESIKEL_SEKRET","ENSG00000151418"
"VESIKEL_SEKRET","ENSG00000263014"
"VESIKEL_SEKRET","ENSG00000158109"
"VESIKEL_SEKRET","ENSG00000143858"
"VESIKEL_SEKRET","ENSG00000174567"
"VESIKEL_SEKRET","ENSG00000125875"
"VESIKEL_SEKRET","ENSG00000101421"
"VESIKEL_SEKRET","ENSG00000152056"
"VESIKEL_SEKRET","ENSG00000145247"
"VESIKEL_SEKRET","ENSG00000164038"
"VESIKEL_SEKRET","ENSG00000173250"
"VESIKEL_SEKRET","ENSG00000164506"
"VESIKEL_SEKRET","ENSG00000155975"
"VESIKEL_SEKRET","ENSG00000101438"
"VESIKEL_SEKRET","ENSG00000101098"
"VESIKEL_SEKRET","ENSG00000176994"
"VESIKEL_SEKRET","ENSG00000283741"
"VESIKEL_SEKRET","ENSG00000198053"
"VESIKEL_SEKRET","ENSG00000172476"
"VESIKEL_SEKRET","ENSG00000146809"
"VESIKEL_SEKRET","ENSG00000151532"
"VESIKEL_SEKRET","ENSG00000170743"
"VESIKEL_SEKRET","ENSG00000179241"
"VESIKEL_SEKRET","ENSG00000139174"
"VESIKEL_SEKRET","ENSG00000198324"
"VESIKEL_SEKRET","ENSG00000169181"
"VESIKEL_SEKRET","ENSG00000157315"
"VESIKEL_SEKRET","ENSG00000186074"
"VESIKEL_SEKRET","ENSG00000134207"
"VESIKEL_SEKRET","ENSG00000143786"
"VESIKEL_SEKRET","ENSG00000116903"
"VESIKEL_SEKRET","ENSG00000176177"
"VESIKEL_SEKRET","ENSG00000177096"
"VESIKEL_SEKRET","ENSG00000173163"
"VESIKEL_SEKRET","ENSG00000155066"
"VESIKEL_SEKRET","ENSG00000292084"
"VESIKEL_SEKRET","ENSG00000233087"
"VESIKEL_SEKRET","ENSG00000155754"
"VESIKEL_SEKRET","ENSG00000163840"
"VESIKEL_SEKRET","ENSG00000163377"
"VESIKEL_SEKRET","ENSG00000184178"
"VESIKEL_SEKRET","ENSG00000174695"
"VESIKEL_SEKRET","ENSG00000179869"
"VESIKEL_SEKRET","ENSG00000176428"
"VESIKEL_SEKRET","ENSG00000132549"
"VESIKEL_SEKRET","ENSG00000176853"
"VESIKEL_SEKRET","ENSG00000165105"
"VESIKEL_SEKRET","ENSG00000161835"
"VESIKEL_SEKRET","ENSG00000213047"
"VESIKEL_SEKRET","ENSG00000162852"
"VESIKEL_SEKRET","ENSG00000152672"
"VESIKEL_SEKRET","ENSG00000164756"
"VESIKEL_SEKRET","ENSG00000174226"
"VESIKEL_SEKRET","ENSG00000104140"
"VESIKEL_SEKRET","ENSG00000198794"
"VESIKEL_SEKRET","ENSG00000203805"
"VESIKEL_SEKRET","ENSG00000177119"
"VESIKEL_SEKRET","ENSG00000084652"
"VESIKEL_SEKRET","ENSG00000115020"
"VESIKEL_SEKRET","ENSG00000174013"
"VESIKEL_SEKRET","ENSG00000175106"
"VESIKEL_SEKRET","ENSG00000159314"
"VESIKEL_SEKRET","ENSG00000276907"
"VESIKEL_SEKRET","ENSG00000276836"
"VESIKEL_SEKRET","ENSG00000092929"
"VESIKEL_SEKRET","ENSG00000206418"
"VESIKEL_SEKRET","ENSG00000171045"
"VESIKEL_SEKRET","ENSG00000168481"
"VESIKEL_SEKRET","ENSG00000147894"
"VESIKEL_SEKRET","ENSG00000162341"
"VESIKEL_SEKRET","ENSG00000165997"
"VESIKEL_SEKRET","ENSG00000146574"
"VESIKEL_SEKRET","ENSG00000158604"
"VESIKEL_SEKRET","ENSG00000180233"
"VESIKEL_SEKRET","ENSG00000181085"
"VESIKEL_SEKRET","ENSG00000274205"
"VESIKEL_SEKRET","ENSG00000179520"
"VESIKEL_SEKRET","ENSG00000172661"
"VESIKEL_SEKRET","ENSG00000172803"
"VESIKEL_SEKRET","ENSG00000174871"
"VESIKEL_SEKRET","ENSG00000099625"
"VESIKEL_SEKRET","ENSG00000169174"
"VESIKEL_SEKRET","ENSG00000166415"
"VESIKEL_SEKRET","ENSG00000173548"
"VESIKEL_SEKRET","ENSG00000178038"
"VESIKEL_SEKRET","ENSG00000157214"
"VESIKEL_SEKRET","ENSG00000102128"
"VESIKEL_SEKRET","ENSG00000196072"
"VESIKEL_SEKRET","ENSG00000197992"
"VESIKEL_SEKRET","ENSG00000174527"
"VESIKEL_SEKRET","ENSG00000179044"
"VESIKEL_SEKRET","ENSG00000271605"
"VESIKEL_SEKRET","ENSG00000179954"
"VESIKEL_SEKRET","ENSG00000169218"
"VESIKEL_SEKRET","ENSG00000189195"
"VESIKEL_SEKRET","ENSG00000177752"
"VESIKEL_SEKRET","ENSG00000171044"
"VESIKEL_SEKRET","ENSG00000284927"
"VESIKEL_SEKRET","ENSG00000168079"
"VESIKEL_SEKRET","ENSG00000181704"
"VESIKEL_SEKRET","ENSG00000145103"
"VESIKEL_SEKRET","ENSG00000184811"
"VESIKEL_SEKRET","ENSG00000280938"
"VESIKEL_SEKRET","ENSG00000277494"
"VESIKEL_SEKRET","ENSG00000276600"
"VESIKEL_SEKRET","ENSG00000172932"
"VESIKEL_SEKRET","ENSG00000172780"
"VESIKEL_SEKRET","ENSG00000166569"
"VESIKEL_SEKRET","ENSG00000271321"
"VESIKEL_SEKRET","ENSG00000285123"
"VESIKEL_SEKRET","ENSG00000110975"
"VESIKEL_SEKRET","ENSG00000179751"
"VESIKEL_SEKRET","ENSG00000260903"
"VESIKEL_SEKRET","ENSG00000147127"
"VESIKEL_SEKRET","ENSG00000162951"
"VESIKEL_SEKRET","ENSG00000243414"
"VESIKEL_SEKRET","ENSG00000175463"
"VESIKEL_SEKRET","ENSG00000166377"
"VESIKEL_SEKRET","ENSG00000274273"
"VESIKEL_SEKRET","ENSG00000282266"
"VESIKEL_SEKRET","ENSG00000187800"
"VESIKEL_SEKRET","ENSG00000213064"
"VESIKEL_SEKRET","ENSG00000154305"
"VESIKEL_SEKRET","ENSG00000139998"
"VESIKEL_SEKRET","ENSG00000099290"
"VESIKEL_SEKRET","ENSG00000188373"
"VESIKEL_SEKRET","ENSG00000275591"
"VESIKEL_SEKRET","ENSG00000285327"
"VESIKEL_SEKRET","ENSG00000221947"
"VESIKEL_SEKRET","ENSG00000141748"
"VESIKEL_SEKRET","ENSG00000196535"
"VESIKEL_SEKRET","ENSG00000120451"
"VESIKEL_SEKRET","ENSG00000255587"
"VESIKEL_SEKRET","ENSG00000148158"
"VESIKEL_SEKRET","ENSG00000119979"
"VESIKEL_SEKRET","ENSG00000284536"
"VESIKEL_SEKRET","ENSG00000207975"
"VESIKEL_SEKRET","ENSG00000207691"
"VESIKEL_SEKRET","ENSG00000208023"
"VESIKEL_SEKRET","ENSG00000207752"
"VESIKEL_SEKRET","ENSG00000283762"
"VESIKEL_SEKRET","ENSG00000284485"
"VESIKEL_SEKRET","ENSG00000207808"
"VESIKEL_SEKRET","ENSG00000288183"
"VESIKEL_SEKRET","ENSG00000207864"
"VESIKEL_SEKRET","ENSG00000178750"
"VESIKEL_SEKRET","ENSG00000137766"
"VESIKEL_SEKRET","ENSG00000219200"
"VESIKEL_SEKRET","ENSG00000271079"
"VESIKEL_SEKRET","ENSG00000285172"
"VESIKEL_SEKRET","ENSG00000196289"
"VESIKEL_SEKRET","ENSG00000177238"
"VESIKEL_SEKRET","ENSG00000162517"
"VESIKEL_SEKRET","ENSG00000213578"
"VESIKEL_SEKRET","ENSG00000236761"
"VESIKEL_SEKRET","ENSG00000122574"
"VESIKEL_SEKRET","ENSG00000265190"
"VESIKEL_SEKRET","ENSG00000288244"
"VESIKEL_SEKRET","ENSG00000276850"
"VESIKEL_SEKRET","ENSG00000182484"
"VESIKEL_SEKRET","ENSG00000292372"
"VESIKEL_SEKRET","ENSG00000122852"
"VESIKEL_SEKRET","ENSG00000284586"
"VESIKEL_SEKRET","ENSG00000264230"
"VESIKEL_SEKRET","ENSG00000121807"
"VESIKEL_SEKRET","ENSG00000166676"
"VESIKEL_SEKRET","ENSG00000173626"
"VESIKEL_SEKRET","ENSG00000288784"
"VESIKEL_SEKRET","ENSG00000288370"
"VESIKEL_SEKRET","ENSG00000289604"
"VESIKEL_SEKRET","ENSG00000288181"
"VESIKEL_SEKRET","ENSG00000181404"
"VESIKEL_SEKRET","ENSG00000256797"
"VESIKEL_SEKRET","ENSG00000248329"
"VESIKEL_SEKRET","ENSG00000228696"
"VESIKEL_SEKRET","ENSG00000276276"
"VESIKEL_SEKRET","ENSG00000275748"
"VESIKEL_SEKRET","ENSG00000185829"
"LYSOSOM","ENSG00000196136"
"LYSOSOM","ENSG00000107331"
"LYSOSOM","ENSG00000167972"
"LYSOSOM","ENSG00000131473"
"LYSOSOM","ENSG00000134575"
"LYSOSOM","ENSG00000102575"
"LYSOSOM","ENSG00000014257"
"LYSOSOM","ENSG00000196839"
"LYSOSOM","ENSG00000151651"
"LYSOSOM","ENSG00000169252"
"LYSOSOM","ENSG00000196961"
"LYSOSOM","ENSG00000183020"
"LYSOSOM","ENSG00000281385"
"LYSOSOM","ENSG00000280759"
"LYSOSOM","ENSG00000100280"
"LYSOSOM","ENSG00000006125"
"LYSOSOM","ENSG00000166747"
"LYSOSOM","ENSG00000038002"
"LYSOSOM","ENSG00000157766"
"LYSOSOM","ENSG00000101986"
"LYSOSOM","ENSG00000145362"
"LYSOSOM","ENSG00000151150"
"LYSOSOM","ENSG00000166825"
"LYSOSOM","ENSG00000182718"
"LYSOSOM","ENSG00000197043"
"LYSOSOM","ENSG00000122359"
"LYSOSOM","ENSG00000084674"
"LYSOSOM","ENSG00000291544"
"LYSOSOM","ENSG00000142192"
"LYSOSOM","ENSG00000117560"
"LYSOSOM","ENSG00000113595"
"LYSOSOM","ENSG00000118520"
"LYSOSOM","ENSG00000137486"
"LYSOSOM","ENSG00000100299"
"LYSOSOM","ENSG00000113273"
"LYSOSOM","ENSG00000101846"
"LYSOSOM","ENSG00000006756"
"LYSOSOM","ENSG00000104763"
"LYSOSOM","ENSG00000114573"
"LYSOSOM","ENSG00000147416"
"LYSOSOM","ENSG00000185883"
"LYSOSOM","ENSG00000155097"
"LYSOSOM","ENSG00000131100"
"LYSOSOM","ENSG00000117410"
"LYSOSOM","ENSG00000033627"
"LYSOSOM","ENSG00000071553"
"LYSOSOM","ENSG00000172232"
"LYSOSOM","ENSG00000278624"
"LYSOSOM","ENSG00000166710"
"LYSOSOM","ENSG00000273686"
"LYSOSOM","ENSG00000182492"
"LYSOSOM","ENSG00000101425"
"LYSOSOM","ENSG00000130303"
"LYSOSOM","ENSG00000125730"
"LYSOSOM","ENSG00000171860"
"LYSOSOM","ENSG00000179218"
"LYSOSOM","ENSG00000014216"
"LYSOSOM","ENSG00000162909"
"LYSOSOM","ENSG00000158485"
"LYSOSOM","ENSG00000158481"
"LYSOSOM","ENSG00000158473"
"LYSOSOM","ENSG00000158488"
"LYSOSOM","ENSG00000174059"
"LYSOSOM","ENSG00000073060"
"LYSOSOM","ENSG00000138760"
"LYSOSOM","ENSG00000135404"
"LYSOSOM","ENSG00000129226"
"LYSOSOM","ENSG00000019582"
"LYSOSOM","ENSG00000198589"
"LYSOSOM","ENSG00000109861"
"LYSOSOM","ENSG00000001626"
"LYSOSOM","ENSG00000124469"
"LYSOSOM","ENSG00000133063"
"LYSOSOM","ENSG00000161203"
"LYSOSOM","ENSG00000106367"
"LYSOSOM","ENSG00000042753"
"LYSOSOM","ENSG00000109572"
"LYSOSOM","ENSG00000073464"
"LYSOSOM","ENSG00000171365"
"LYSOSOM","ENSG00000011021"
"LYSOSOM","ENSG00000103249"
"LYSOSOM","ENSG00000166340"
"LYSOSOM","ENSG00000188603"
"LYSOSOM","ENSG00000261832"
"LYSOSOM","ENSG00000102805"
"LYSOSOM","ENSG00000122705"
"LYSOSOM","ENSG00000141367"
"LYSOSOM","ENSG00000142156"
"LYSOSOM","ENSG00000136867"
"LYSOSOM","ENSG00000047457"
"LYSOSOM","ENSG00000145708"
"LYSOSOM","ENSG00000109846"
"LYSOSOM","ENSG00000108342"
"LYSOSOM","ENSG00000119535"
"LYSOSOM","ENSG00000038427"
"LYSOSOM","ENSG00000130287"
"LYSOSOM","ENSG00000173546"
"LYSOSOM","ENSG00000117151"
"LYSOSOM","ENSG00000040531"
"LYSOSOM","ENSG00000164733"
"LYSOSOM","ENSG00000285132"
"LYSOSOM","ENSG00000117984"
"LYSOSOM","ENSG00000100448"
"LYSOSOM","ENSG00000103811"
"LYSOSOM","ENSG00000143387"
"LYSOSOM","ENSG00000135047"
"LYSOSOM","ENSG00000136943"
"LYSOSOM","ENSG00000256043"
"LYSOSOM","ENSG00000263238"
"LYSOSOM","ENSG00000163131"
"LYSOSOM","ENSG00000172543"
"LYSOSOM","ENSG00000101160"
"LYSOSOM","ENSG00000008283"
"LYSOSOM","ENSG00000153071"
"LYSOSOM","ENSG00000011465"
"LYSOSOM","ENSG00000159640"
"LYSOSOM","ENSG00000244038"
"LYSOSOM","ENSG00000206047"
"LYSOSOM","ENSG00000284983"
"LYSOSOM","ENSG00000239839"
"LYSOSOM","ENSG00000284835"
"LYSOSOM","ENSG00000164821"
"LYSOSOM","ENSG00000285318"
"LYSOSOM","ENSG00000100243"
"LYSOSOM","ENSG00000105612"
"LYSOSOM","ENSG00000197102"
"LYSOSOM","ENSG00000197635"
"LYSOSOM","ENSG00000117298"
"LYSOSOM","ENSG00000156508"
"LYSOSOM","ENSG00000101210"
"LYSOSOM","ENSG00000138798"
"LYSOSOM","ENSG00000197561"
"LYSOSOM","ENSG00000277571"
"LYSOSOM","ENSG00000021355"
"LYSOSOM","ENSG00000138792"
"LYSOSOM","ENSG00000148175"
"LYSOSOM","ENSG00000164687"
"LYSOSOM","ENSG00000076716"
"LYSOSOM","ENSG00000179399"
"LYSOSOM","ENSG00000122176"
"LYSOSOM","ENSG00000171051"
"LYSOSOM","ENSG00000111816"
"LYSOSOM","ENSG00000198793"
"LYSOSOM","ENSG00000167996"
"LYSOSOM","ENSG00000087086"
"LYSOSOM","ENSG00000179163"
"LYSOSOM","ENSG00000001036"
"LYSOSOM","ENSG00000171298"
"LYSOSOM","ENSG00000291507"
"LYSOSOM","ENSG00000054983"
"LYSOSOM","ENSG00000141012"
"LYSOSOM","ENSG00000177628"
"LYSOSOM","ENSG00000262446"
"LYSOSOM","ENSG00000145321"
"LYSOSOM","ENSG00000135441"
"LYSOSOM","ENSG00000057608"
"LYSOSOM","ENSG00000131095"
"LYSOSOM","ENSG00000086062"
"LYSOSOM","ENSG00000134812"
"LYSOSOM","ENSG00000102393"
"LYSOSOM","ENSG00000147257"
"LYSOSOM","ENSG00000170266"
"LYSOSOM","ENSG00000196743"
"LYSOSOM","ENSG00000088256"
"LYSOSOM","ENSG00000127955"
"LYSOSOM","ENSG00000065135"
"LYSOSOM","ENSG00000156052"
"LYSOSOM","ENSG00000078369"
"LYSOSOM","ENSG00000172354"
"LYSOSOM","ENSG00000135677"
"LYSOSOM","ENSG00000063660"
"LYSOSOM","ENSG00000112293"
"LYSOSOM","ENSG00000030582"
"LYSOSOM","ENSG00000273079"
"LYSOSOM","ENSG00000169919"
"LYSOSOM","ENSG00000163754"
"LYSOSOM","ENSG00000100450"
"LYSOSOM","ENSG00000100453"
"LYSOSOM","ENSG00000170961"
"LYSOSOM","ENSG00000101336"
"LYSOSOM","ENSG00000213614"
"LYSOSOM","ENSG00000049860"
"LYSOSOM","ENSG00000204257"
"LYSOSOM","ENSG00000242361"
"LYSOSOM","ENSG00000243189"
"LYSOSOM","ENSG00000243215"
"LYSOSOM","ENSG00000241394"
"LYSOSOM","ENSG00000243719"
"LYSOSOM","ENSG00000239463"
"LYSOSOM","ENSG00000242685"
"LYSOSOM","ENSG00000242574"
"LYSOSOM","ENSG00000242092"
"LYSOSOM","ENSG00000241296"
"LYSOSOM","ENSG00000234154"
"LYSOSOM","ENSG00000239329"
"LYSOSOM","ENSG00000226264"
"LYSOSOM","ENSG00000241674"
"LYSOSOM","ENSG00000242386"
"LYSOSOM","ENSG00000204252"
"LYSOSOM","ENSG00000232957"
"LYSOSOM","ENSG00000231558"
"LYSOSOM","ENSG00000232962"
"LYSOSOM","ENSG00000235744"
"LYSOSOM","ENSG00000206292"
"LYSOSOM","ENSG00000230141"
"LYSOSOM","ENSG00000241106"
"LYSOSOM","ENSG00000243612"
"LYSOSOM","ENSG00000239457"
"LYSOSOM","ENSG00000241386"
"LYSOSOM","ENSG00000243496"
"LYSOSOM","ENSG00000241910"
"LYSOSOM","ENSG00000231389"
"LYSOSOM","ENSG00000235844"
"LYSOSOM","ENSG00000228163"
"LYSOSOM","ENSG00000236177"
"LYSOSOM","ENSG00000224103"
"LYSOSOM","ENSG00000229685"
"LYSOSOM","ENSG00000206291"
"LYSOSOM","ENSG00000168384"
"LYSOSOM","ENSG00000223865"
"LYSOSOM","ENSG00000236693"
"LYSOSOM","ENSG00000230708"
"LYSOSOM","ENSG00000226826"
"LYSOSOM","ENSG00000229295"
"LYSOSOM","ENSG00000215048"
"LYSOSOM","ENSG00000230763"
"LYSOSOM","ENSG00000237710"
"LYSOSOM","ENSG00000196735"
"LYSOSOM","ENSG00000237541"
"LYSOSOM","ENSG00000233192"
"LYSOSOM","ENSG00000225890"
"LYSOSOM","ENSG00000231526"
"LYSOSOM","ENSG00000257473"
"LYSOSOM","ENSG00000232062"
"LYSOSOM","ENSG00000231823"
"LYSOSOM","ENSG00000236418"
"LYSOSOM","ENSG00000223793"
"LYSOSOM","ENSG00000228284"
"LYSOSOM","ENSG00000206301"
"LYSOSOM","ENSG00000225103"
"LYSOSOM","ENSG00000206305"
"LYSOSOM","ENSG00000179344"
"LYSOSOM","ENSG00000231939"
"LYSOSOM","ENSG00000206237"
"LYSOSOM","ENSG00000225824"
"LYSOSOM","ENSG00000231286"
"LYSOSOM","ENSG00000206302"
"LYSOSOM","ENSG00000233209"
"LYSOSOM","ENSG00000232629"
"LYSOSOM","ENSG00000226165"
"LYSOSOM","ENSG00000230675"
"LYSOSOM","ENSG00000229493"
"LYSOSOM","ENSG00000224305"
"LYSOSOM","ENSG00000228813"
"LYSOSOM","ENSG00000228254"
"LYSOSOM","ENSG00000196610"
"LYSOSOM","ENSG00000204287"
"LYSOSOM","ENSG00000277263"
"LYSOSOM","ENSG00000226260"
"LYSOSOM","ENSG00000234794"
"LYSOSOM","ENSG00000227993"
"LYSOSOM","ENSG00000230726"
"LYSOSOM","ENSG00000228987"
"LYSOSOM","ENSG00000206308"
"LYSOSOM","ENSG00000196126"
"LYSOSOM","ENSG00000229074"
"LYSOSOM","ENSG00000228080"
"LYSOSOM","ENSG00000206240"
"LYSOSOM","ENSG00000236884"
"LYSOSOM","ENSG00000206306"
"LYSOSOM","ENSG00000230463"
"LYSOSOM","ENSG00000231679"
"LYSOSOM","ENSG00000196101"
"LYSOSOM","ENSG00000227357"
"LYSOSOM","ENSG00000227826"
"LYSOSOM","ENSG00000231021"
"LYSOSOM","ENSG00000198502"
"LYSOSOM","ENSG00000204642"
"LYSOSOM","ENSG00000237508"
"LYSOSOM","ENSG00000229698"
"LYSOSOM","ENSG00000234487"
"LYSOSOM","ENSG00000137403"
"LYSOSOM","ENSG00000235220"
"LYSOSOM","ENSG00000206509"
"LYSOSOM","ENSG00000107521"
"LYSOSOM","ENSG00000126457"
"LYSOSOM","ENSG00000109971"
"LYSOSOM","ENSG00000080824"
"LYSOSOM","ENSG00000142798"
"LYSOSOM","ENSG00000114378"
"LYSOSOM","ENSG00000010404"
"LYSOSOM","ENSG00000127415"
"LYSOSOM","ENSG00000142166"
"LYSOSOM","ENSG00000125538"
"LYSOSOM","ENSG00000180871"
"LYSOSOM","ENSG00000106348"
"LYSOSOM","ENSG00000171105"
"LYSOSOM","ENSG00000180509"
"LYSOSOM","ENSG00000053918"
"LYSOSOM","ENSG00000282076"
"LYSOSOM","ENSG00000170759"
"LYSOSOM","ENSG00000185896"
"LYSOSOM","ENSG00000005893"
"LYSOSOM","ENSG00000130164"
"LYSOSOM","ENSG00000107798"
"LYSOSOM","ENSG00000113441"
"LYSOSOM","ENSG00000118308"
"LYSOSOM","ENSG00000123384"
"LYSOSOM","ENSG00000081479"
"LYSOSOM","ENSG00000139329"
"LYSOSOM","ENSG00000254087"
"LYSOSOM","ENSG00000090382"
"LYSOSOM","ENSG00000003056"
"LYSOSOM","ENSG00000188554"
"LYSOSOM","ENSG00000104774"
"LYSOSOM","ENSG00000109323"
"LYSOSOM","ENSG00000167461"
"LYSOSOM","ENSG00000008394"
"LYSOSOM","ENSG00000187098"
"LYSOSOM","ENSG00000066427"
"LYSOSOM","ENSG00000163563"
"LYSOSOM","ENSG00000005381"
"LYSOSOM","ENSG00000197535"
"LYSOSOM","ENSG00000196586"
"LYSOSOM","ENSG00000137474"
"LYSOSOM","ENSG00000198951"
"LYSOSOM","ENSG00000108784"
"LYSOSOM","ENSG00000086548"
"LYSOSOM","ENSG00000116701"
"LYSOSOM","ENSG00000100365"
"LYSOSOM","ENSG00000275990"
"LYSOSOM","ENSG00000151366"
"LYSOSOM","ENSG00000204386"
"LYSOSOM","ENSG00000228691"
"LYSOSOM","ENSG00000227315"
"LYSOSOM","ENSG00000234343"
"LYSOSOM","ENSG00000184494"
"LYSOSOM","ENSG00000234846"
"LYSOSOM","ENSG00000223957"
"LYSOSOM","ENSG00000227129"
"LYSOSOM","ENSG00000115488"
"LYSOSOM","ENSG00000105374"
"LYSOSOM","ENSG00000141458"
"LYSOSOM","ENSG00000110911"
"LYSOSOM","ENSG00000073969"
"LYSOSOM","ENSG00000276262"
"LYSOSOM","ENSG00000278174"
"LYSOSOM","ENSG00000101850"
"LYSOSOM","ENSG00000104044"
"LYSOSOM","ENSG00000277361"
"LYSOSOM","ENSG00000122126"
"LYSOSOM","ENSG00000127083"
"LYSOSOM","ENSG00000291355"
"LYSOSOM","ENSG00000106809"
"LYSOSOM","ENSG00000291350"
"LYSOSOM","ENSG00000228278"
"LYSOSOM","ENSG00000135124"
"LYSOSOM","ENSG00000170515"
"LYSOSOM","ENSG00000131165"
"LYSOSOM","ENSG00000154678"
"LYSOSOM","ENSG00000113721"
"LYSOSOM","ENSG00000197594"
"LYSOSOM","ENSG00000197641"
"LYSOSOM","ENSG00000162896"
"LYSOSOM","ENSG00000078142"
"LYSOSOM","ENSG00000150867"
"LYSOSOM","ENSG00000127472"
"LYSOSOM","ENSG00000075651"
"LYSOSOM","ENSG00000064601"
"LYSOSOM","ENSG00000131238"
"LYSOSOM","ENSG00000137509"
"LYSOSOM","ENSG00000188783"
"LYSOSOM","ENSG00000180644"
"LYSOSOM","ENSG00000122862"
"LYSOSOM","ENSG00000163932"
"LYSOSOM","ENSG00000100030"
"LYSOSOM","ENSG00000102580"
"LYSOSOM","ENSG00000100600"
"LYSOSOM","ENSG00000275896"
"LYSOSOM","ENSG00000282049"
"LYSOSOM","ENSG00000196415"
"LYSOSOM","ENSG00000277804"
"LYSOSOM","ENSG00000197746"
"LYSOSOM","ENSG00000080815"
"LYSOSOM","ENSG00000173692"
"LYSOSOM","ENSG00000119688"
"LYSOSOM","ENSG00000100994"
"LYSOSOM","ENSG00000104388"
"LYSOSOM","ENSG00000105649"
"LYSOSOM","ENSG00000069974"
"LYSOSOM","ENSG00000108774"
"LYSOSOM","ENSG00000127314"
"LYSOSOM","ENSG00000106615"
"LYSOSOM","ENSG00000169385"
"LYSOSOM","ENSG00000169397"
"LYSOSOM","ENSG00000169413"
"LYSOSOM","ENSG00000134243"
"LYSOSOM","ENSG00000143556"
"LYSOSOM","ENSG00000057149"
"LYSOSOM","ENSG00000115884"
"LYSOSOM","ENSG00000169439"
"LYSOSOM","ENSG00000124145"
"LYSOSOM","ENSG00000137575"
"LYSOSOM","ENSG00000157020"
"LYSOSOM","ENSG00000168878"
"LYSOSOM","ENSG00000133661"
"LYSOSOM","ENSG00000181523"
"LYSOSOM","ENSG00000168003"
"LYSOSOM","ENSG00000018280"
"LYSOSOM","ENSG00000124067"
"LYSOSOM","ENSG00000174640"
"LYSOSOM","ENSG00000166311"
"LYSOSOM","ENSG00000145335"
"LYSOSOM","ENSG00000028528"
"LYSOSOM","ENSG00000205302"
"LYSOSOM","ENSG00000197122"
"LYSOSOM","ENSG00000291971"
"LYSOSOM","ENSG00000166900"
"LYSOSOM","ENSG00000076944"
"LYSOSOM","ENSG00000198203"
"LYSOSOM","ENSG00000148248"
"LYSOSOM","ENSG00000280951"
"LYSOSOM","ENSG00000124333"
"LYSOSOM","ENSG00000292366"
"LYSOSOM","ENSG00000185339"
"LYSOSOM","ENSG00000068323"
"LYSOSOM","ENSG00000292217"
"LYSOSOM","ENSG00000151923"
"LYSOSOM","ENSG00000164342"
"LYSOSOM","ENSG00000077585"
"LYSOSOM","ENSG00000118503"
"LYSOSOM","ENSG00000142185"
"LYSOSOM","ENSG00000165699"
"LYSOSOM","ENSG00000103197"
"LYSOSOM","ENSG00000118271"
"LYSOSOM","ENSG00000077498"
"LYSOSOM","ENSG00000221983"
"LYSOSOM","ENSG00000130985"
"LYSOSOM","ENSG00000077721"
"LYSOSOM","ENSG00000114316"
"LYSOSOM","ENSG00000198382"
"LYSOSOM","ENSG00000165280"
"LYSOSOM","ENSG00000147852"
"LYSOSOM","ENSG00000158014"
"LYSOSOM","ENSG00000115194"
"LYSOSOM","ENSG00000104154"
"LYSOSOM","ENSG00000162511"
"LYSOSOM","ENSG00000121966"
"LYSOSOM","ENSG00000075785"
"LYSOSOM","ENSG00000112561"
"LYSOSOM","ENSG00000107611"
"LYSOSOM","ENSG00000266412"
"LYSOSOM","ENSG00000111667"
"LYSOSOM","ENSG00000103148"
"LYSOSOM","ENSG00000103257"
"LYSOSOM","ENSG00000186792"
"LYSOSOM","ENSG00000069764"
"LYSOSOM","ENSG00000276870"
"LYSOSOM","ENSG00000079950"
"LYSOSOM","ENSG00000149927"
"LYSOSOM","ENSG00000185885"
"LYSOSOM","ENSG00000077984"
"LYSOSOM","ENSG00000132842"
"LYSOSOM","ENSG00000026297"
"LYSOSOM","ENSG00000109270"
"LYSOSOM","ENSG00000118640"
"LYSOSOM","ENSG00000117533"
"LYSOSOM","ENSG00000068001"
"LYSOSOM","ENSG00000174080"
"LYSOSOM","ENSG00000135535"
"LYSOSOM","ENSG00000092531"
"LYSOSOM","ENSG00000134265"
"LYSOSOM","ENSG00000143162"
"LYSOSOM","ENSG00000137563"
"LYSOSOM","ENSG00000112299"
"LYSOSOM","ENSG00000161011"
"LYSOSOM","ENSG00000284099"
"LYSOSOM","ENSG00000085719"
"LYSOSOM","ENSG00000214078"
"LYSOSOM","ENSG00000182287"
"LYSOSOM","ENSG00000072958"
"LYSOSOM","ENSG00000142867"
"LYSOSOM","ENSG00000065000"
"LYSOSOM","ENSG00000113732"
"LYSOSOM","ENSG00000173805"
"LYSOSOM","ENSG00000142484"
"LYSOSOM","ENSG00000008294"
"LYSOSOM","ENSG00000011347"
"LYSOSOM","ENSG00000129204"
"LYSOSOM","ENSG00000159720"
"LYSOSOM","ENSG00000100321"
"LYSOSOM","ENSG00000185359"
"LYSOSOM","ENSG00000162894"
"LYSOSOM","ENSG00000101558"
"LYSOSOM","ENSG00000128524"
"LYSOSOM","ENSG00000125733"
"LYSOSOM","ENSG00000099940"
"LYSOSOM","ENSG00000123595"
"LYSOSOM","ENSG00000221988"
"LYSOSOM","ENSG00000168452"
"LYSOSOM","ENSG00000236649"
"LYSOSOM","ENSG00000206256"
"LYSOSOM","ENSG00000227600"
"LYSOSOM","ENSG00000228116"
"LYSOSOM","ENSG00000206329"
"LYSOSOM","ENSG00000231618"
"LYSOSOM","ENSG00000131400"
"LYSOSOM","ENSG00000189067"
"LYSOSOM","ENSG00000116209"
"LYSOSOM","ENSG00000105514"
"LYSOSOM","ENSG00000136888"
"LYSOSOM","ENSG00000122958"
"LYSOSOM","ENSG00000197217"
"LYSOSOM","ENSG00000117592"
"LYSOSOM","ENSG00000162512"
"LYSOSOM","ENSG00000100150"
"LYSOSOM","ENSG00000145016"
"LYSOSOM","ENSG00000196187"
"LYSOSOM","ENSG00000068697"
"LYSOSOM","ENSG00000182149"
"LYSOSOM","ENSG00000023287"
"LYSOSOM","ENSG00000225190"
"LYSOSOM","ENSG00000276358"
"LYSOSOM","ENSG00000277111"
"LYSOSOM","ENSG00000242802"
"LYSOSOM","ENSG00000159197"
"LYSOSOM","ENSG00000141198"
"LYSOSOM","ENSG00000100284"
"LYSOSOM","ENSG00000129354"
"LYSOSOM","ENSG00000115657"
"LYSOSOM","ENSG00000183098"
"LYSOSOM","ENSG00000138071"
"LYSOSOM","ENSG00000117472"
"LYSOSOM","ENSG00000182220"
"LYSOSOM","ENSG00000064989"
"LYSOSOM","ENSG00000137312"
"LYSOSOM","ENSG00000223654"
"LYSOSOM","ENSG00000236271"
"LYSOSOM","ENSG00000232280"
"LYSOSOM","ENSG00000230143"
"LYSOSOM","ENSG00000224740"
"LYSOSOM","ENSG00000206480"
"LYSOSOM","ENSG00000206379"
"LYSOSOM","ENSG00000131477"
"LYSOSOM","ENSG00000122679"
"LYSOSOM","ENSG00000112812"
"LYSOSOM","ENSG00000110719"
"LYSOSOM","ENSG00000083750"
"LYSOSOM","ENSG00000188229"
"LYSOSOM","ENSG00000124406"
"LYSOSOM","ENSG00000104324"
"LYSOSOM","ENSG00000142089"
"LYSOSOM","ENSG00000216490"
"LYSOSOM","ENSG00000131236"
"LYSOSOM","ENSG00000100568"
"LYSOSOM","ENSG00000108828"
"LYSOSOM","ENSG00000134248"
"LYSOSOM","ENSG00000100926"
"LYSOSOM","ENSG00000285465"
"LYSOSOM","ENSG00000166226"
"LYSOSOM","ENSG00000119655"
"LYSOSOM","ENSG00000115523"
"LYSOSOM","ENSG00000185201"
"LYSOSOM","ENSG00000114388"
"LYSOSOM","ENSG00000155876"
"LYSOSOM","ENSG00000114646"
"LYSOSOM","ENSG00000156261"
"LYSOSOM","ENSG00000291533"
"LYSOSOM","ENSG00000162139"
"LYSOSOM","ENSG00000173083"
"LYSOSOM","ENSG00000084733"
"LYSOSOM","ENSG00000131748"
"LYSOSOM","ENSG00000136026"
"LYSOSOM","ENSG00000139278"
"LYSOSOM","ENSG00000139330"
"LYSOSOM","ENSG00000118162"
"LYSOSOM","ENSG00000176485"
"LYSOSOM","ENSG00000160326"
"LYSOSOM","ENSG00000281165"
"LYSOSOM","ENSG00000117115"
"LYSOSOM","ENSG00000291387"
"LYSOSOM","ENSG00000170296"
"LYSOSOM","ENSG00000082996"
"LYSOSOM","ENSG00000141337"
"LYSOSOM","ENSG00000187239"
"LYSOSOM","ENSG00000055208"
"LYSOSOM","ENSG00000118322"
"LYSOSOM","ENSG00000125447"
"LYSOSOM","ENSG00000113194"
"LYSOSOM","ENSG00000058063"
"LYSOSOM","ENSG00000116786"
"LYSOSOM","ENSG00000132718"
"LYSOSOM","ENSG00000100427"
"LYSOSOM","ENSG00000197969"
"LYSOSOM","ENSG00000068650"
"LYSOSOM","ENSG00000138246"
"LYSOSOM","ENSG00000013288"
"LYSOSOM","ENSG00000198198"
"LYSOSOM","ENSG00000166887"
"LYSOSOM","ENSG00000162736"
"LYSOSOM","ENSG00000159363"
"LYSOSOM","ENSG00000150967"
"LYSOSOM","ENSG00000154265"
"LYSOSOM","ENSG00000072121"
"LYSOSOM","ENSG00000104635"
"LYSOSOM","ENSG00000180448"
"LYSOSOM","ENSG00000108960"
"LYSOSOM","ENSG00000185344"
"LYSOSOM","ENSG00000143553"
"LYSOSOM","ENSG00000051620"
"LYSOSOM","ENSG00000186318"
"LYSOSOM","ENSG00000105223"
"LYSOSOM","ENSG00000137699"
"LYSOSOM","ENSG00000103066"
"LYSOSOM","ENSG00000123892"
"LYSOSOM","ENSG00000125869"
"LYSOSOM","ENSG00000164713"
"LYSOSOM","ENSG00000115271"
"LYSOSOM","ENSG00000205356"
"LYSOSOM","ENSG00000083937"
"LYSOSOM","ENSG00000108523"
"LYSOSOM","ENSG00000184056"
"LYSOSOM","ENSG00000119899"
"LYSOSOM","ENSG00000136643"
"LYSOSOM","ENSG00000185009"
"LYSOSOM","ENSG00000168824"
"LYSOSOM","ENSG00000006715"
"LYSOSOM","ENSG00000078081"
"LYSOSOM","ENSG00000105327"
"LYSOSOM","ENSG00000138744"
"LYSOSOM","ENSG00000132612"
"LYSOSOM","ENSG00000130724"
"LYSOSOM","ENSG00000137251"
"LYSOSOM","ENSG00000109084"
"LYSOSOM","ENSG00000116586"
"LYSOSOM","ENSG00000081087"
"LYSOSOM","ENSG00000254505"
"LYSOSOM","ENSG00000285302"
"LYSOSOM","ENSG00000103490"
"LYSOSOM","ENSG00000180209"
"LYSOSOM","ENSG00000141452"
"LYSOSOM","ENSG00000176978"
"LYSOSOM","ENSG00000089486"
"LYSOSOM","ENSG00000274336"
"LYSOSOM","ENSG00000136856"
"LYSOSOM","ENSG00000105929"
"LYSOSOM","ENSG00000136100"
"LYSOSOM","ENSG00000149577"
"LYSOSOM","ENSG00000162931"
"LYSOSOM","ENSG00000152700"
"LYSOSOM","ENSG00000123570"
"LYSOSOM","ENSG00000145979"
"LYSOSOM","ENSG00000099785"
"LYSOSOM","ENSG00000196664"
"LYSOSOM","ENSG00000110446"
"LYSOSOM","ENSG00000101916"
"LYSOSOM","ENSG00000145287"
"LYSOSOM","ENSG00000138085"
"LYSOSOM","ENSG00000100554"
"LYSOSOM","ENSG00000116005"
"LYSOSOM","ENSG00000185722"
"LYSOSOM","ENSG00000086065"
"LYSOSOM","ENSG00000133706"
"LYSOSOM","ENSG00000119396"
"LYSOSOM","ENSG00000047249"
"LYSOSOM","ENSG00000170091"
"LYSOSOM","ENSG00000122674"
"LYSOSOM","ENSG00000115561"
"LYSOSOM","ENSG00000186153"
"LYSOSOM","ENSG00000093072"
"LYSOSOM","ENSG00000136404"
"LYSOSOM","ENSG00000186815"
"LYSOSOM","ENSG00000239732"
"LYSOSOM","ENSG00000110013"
"LYSOSOM","ENSG00000164654"
"LYSOSOM","ENSG00000078902"
"LYSOSOM","ENSG00000291426"
"LYSOSOM","ENSG00000106460"
"LYSOSOM","ENSG00000179331"
"LYSOSOM","ENSG00000086289"
"LYSOSOM","ENSG00000196544"
"LYSOSOM","ENSG00000129003"
"LYSOSOM","ENSG00000196505"
"LYSOSOM","ENSG00000072858"
"LYSOSOM","ENSG00000040487"
"LYSOSOM","ENSG00000091317"
"LYSOSOM","ENSG00000109180"
"LYSOSOM","ENSG00000213699"
"LYSOSOM","ENSG00000149357"
"LYSOSOM","ENSG00000145416"
"LYSOSOM","ENSG00000085978"
"LYSOSOM","ENSG00000281089"
"LYSOSOM","ENSG00000134108"
"LYSOSOM","ENSG00000103042"
"LYSOSOM","ENSG00000164253"
"LYSOSOM","ENSG00000055732"
"LYSOSOM","ENSG00000103381"
"LYSOSOM","ENSG00000198246"
"LYSOSOM","ENSG00000125843"
"LYSOSOM","ENSG00000136048"
"LYSOSOM","ENSG00000196329"
"LYSOSOM","ENSG00000104341"
"LYSOSOM","ENSG00000155252"
"LYSOSOM","ENSG00000155099"
"LYSOSOM","ENSG00000211584"
"LYSOSOM","ENSG00000118242"
"LYSOSOM","ENSG00000120008"
"LYSOSOM","ENSG00000069329"
"LYSOSOM","ENSG00000053770"
"LYSOSOM","ENSG00000112697"
"LYSOSOM","ENSG00000168216"
"LYSOSOM","ENSG00000160695"
"LYSOSOM","ENSG00000280616"
"LYSOSOM","ENSG00000111203"
"LYSOSOM","ENSG00000134851"
"LYSOSOM","ENSG00000131966"
"LYSOSOM","ENSG00000136802"
"LYSOSOM","ENSG00000141580"
"LYSOSOM","ENSG00000175348"
"LYSOSOM","ENSG00000079332"
"LYSOSOM","ENSG00000104918"
"LYSOSOM","ENSG00000105939"
"LYSOSOM","ENSG00000173264"
"LYSOSOM","ENSG00000063176"
"LYSOSOM","ENSG00000176407"
"LYSOSOM","ENSG00000005206"
"LYSOSOM","ENSG00000198074"
"LYSOSOM","ENSG00000127252"
"LYSOSOM","ENSG00000047932"
"LYSOSOM","ENSG00000255112"
"LYSOSOM","ENSG00000129353"
"LYSOSOM","ENSG00000090674"
"LYSOSOM","ENSG00000135317"
"LYSOSOM","ENSG00000163686"
"LYSOSOM","ENSG00000141564"
"LYSOSOM","ENSG00000116299"
"LYSOSOM","ENSG00000113369"
"LYSOSOM","ENSG00000114742"
"LYSOSOM","ENSG00000052795"
"LYSOSOM","ENSG00000104142"
"LYSOSOM","ENSG00000240857"
"LYSOSOM","ENSG00000140950"
"LYSOSOM","ENSG00000013293"
"LYSOSOM","ENSG00000152223"
"LYSOSOM","ENSG00000170043"
"LYSOSOM","ENSG00000137976"
"LYSOSOM","ENSG00000025039"
"LYSOSOM","ENSG00000129515"
"LYSOSOM","ENSG00000129925"
"LYSOSOM","ENSG00000114450"
"LYSOSOM","ENSG00000132692"
"LYSOSOM","ENSG00000101194"
"LYSOSOM","ENSG00000104497"
"LYSOSOM","ENSG00000135926"
"LYSOSOM","ENSG00000138821"
"LYSOSOM","ENSG00000116954"
"LYSOSOM","ENSG00000142910"
"LYSOSOM","ENSG00000167965"
"LYSOSOM","ENSG00000215305"
"LYSOSOM","ENSG00000118855"
"LYSOSOM","ENSG00000155792"
"LYSOSOM","ENSG00000174996"
"LYSOSOM","ENSG00000139719"
"LYSOSOM","ENSG00000177830"
"LYSOSOM","ENSG00000124942"
"LYSOSOM","ENSG00000105700"
"LYSOSOM","ENSG00000166289"
"LYSOSOM","ENSG00000163820"
"LYSOSOM","ENSG00000163154"
"LYSOSOM","ENSG00000176108"
"LYSOSOM","ENSG00000103091"
"LYSOSOM","ENSG00000166189"
"LYSOSOM","ENSG00000121316"
"LYSOSOM","ENSG00000153395"
"LYSOSOM","ENSG00000275079"
"LYSOSOM","ENSG00000071967"
"LYSOSOM","ENSG00000149636"
"LYSOSOM","ENSG00000171017"
"LYSOSOM","ENSG00000148334"
"LYSOSOM","ENSG00000104133"
"LYSOSOM","ENSG00000120280"
"LYSOSOM","ENSG00000101152"
"LYSOSOM","ENSG00000009790"
"LYSOSOM","ENSG00000167671"
"LYSOSOM","ENSG00000154978"
"LYSOSOM","ENSG00000239264"
"LYSOSOM","ENSG00000152128"
"LYSOSOM","ENSG00000135916"
"LYSOSOM","ENSG00000110057"
"LYSOSOM","ENSG00000085415"
"LYSOSOM","ENSG00000167705"
"LYSOSOM","ENSG00000274145"
"LYSOSOM","ENSG00000130766"
"LYSOSOM","ENSG00000285069"
"LYSOSOM","ENSG00000010270"
"LYSOSOM","ENSG00000169682"
"LYSOSOM","ENSG00000102158"
"LYSOSOM","ENSG00000105186"
"LYSOSOM","ENSG00000115363"
"LYSOSOM","ENSG00000127580"
"LYSOSOM","ENSG00000157800"
"LYSOSOM","ENSG00000163472"
"LYSOSOM","ENSG00000127419"
"LYSOSOM","ENSG00000123154"
"LYSOSOM","ENSG00000136710"
"LYSOSOM","ENSG00000101460"
"LYSOSOM","ENSG00000090581"
"LYSOSOM","ENSG00000172728"
"LYSOSOM","ENSG00000099910"
"LYSOSOM","ENSG00000149582"
"LYSOSOM","ENSG00000138600"
"LYSOSOM","ENSG00000138463"
"LYSOSOM","ENSG00000186187"
"LYSOSOM","ENSG00000100099"
"LYSOSOM","ENSG00000124574"
"LYSOSOM","ENSG00000165782"
"LYSOSOM","ENSG00000291802"
"LYSOSOM","ENSG00000254470"
"LYSOSOM","ENSG00000147457"
"LYSOSOM","ENSG00000164695"
"LYSOSOM","ENSG00000160410"
"LYSOSOM","ENSG00000139266"
"LYSOSOM","ENSG00000147813"
"LYSOSOM","ENSG00000278488"
"LYSOSOM","ENSG00000142513"
"LYSOSOM","ENSG00000187713"
"LYSOSOM","ENSG00000217128"
"LYSOSOM","ENSG00000198715"
"LYSOSOM","ENSG00000144589"
"LYSOSOM","ENSG00000168140"
"LYSOSOM","ENSG00000274334"
"LYSOSOM","ENSG00000173926"
"LYSOSOM","ENSG00000109684"
"LYSOSOM","ENSG00000165714"
"LYSOSOM","ENSG00000280689"
"LYSOSOM","ENSG00000166275"
"LYSOSOM","ENSG00000180773"
"LYSOSOM","ENSG00000151715"
"LYSOSOM","ENSG00000188906"
"LYSOSOM","ENSG00000139370"
"LYSOSOM","ENSG00000153498"
"LYSOSOM","ENSG00000275865"
"LYSOSOM","ENSG00000188089"
"LYSOSOM","ENSG00000167716"
"LYSOSOM","ENSG00000276021"
"LYSOSOM","ENSG00000161091"
"LYSOSOM","ENSG00000116514"
"LYSOSOM","ENSG00000143862"
"LYSOSOM","ENSG00000156171"
"LYSOSOM","ENSG00000101421"
"LYSOSOM","ENSG00000204099"
"LYSOSOM","ENSG00000277926"
"LYSOSOM","ENSG00000152056"
"LYSOSOM","ENSG00000145247"
"LYSOSOM","ENSG00000165102"
"LYSOSOM","ENSG00000165188"
"LYSOSOM","ENSG00000174206"
"LYSOSOM","ENSG00000244045"
"LYSOSOM","ENSG00000235568"
"LYSOSOM","ENSG00000163328"
"LYSOSOM","ENSG00000163840"
"LYSOSOM","ENSG00000293490"
"LYSOSOM","ENSG00000177058"
"LYSOSOM","ENSG00000164291"
"LYSOSOM","ENSG00000179869"
"LYSOSOM","ENSG00000171130"
"LYSOSOM","ENSG00000132549"
"LYSOSOM","ENSG00000164841"
"LYSOSOM","ENSG00000235387"
"LYSOSOM","ENSG00000167723"
"LYSOSOM","ENSG00000185294"
"LYSOSOM","ENSG00000277106"
"LYSOSOM","ENSG00000278194"
"LYSOSOM","ENSG00000151176"
"LYSOSOM","ENSG00000154803"
"LYSOSOM","ENSG00000092929"
"LYSOSOM","ENSG00000206418"
"LYSOSOM","ENSG00000170088"
"LYSOSOM","ENSG00000196230"
"LYSOSOM","ENSG00000224156"
"LYSOSOM","ENSG00000232421"
"LYSOSOM","ENSG00000232575"
"LYSOSOM","ENSG00000235067"
"LYSOSOM","ENSG00000229684"
"LYSOSOM","ENSG00000227739"
"LYSOSOM","ENSG00000183311"
"LYSOSOM","ENSG00000147894"
"LYSOSOM","ENSG00000160131"
"LYSOSOM","ENSG00000123643"
"LYSOSOM","ENSG00000162341"
"LYSOSOM","ENSG00000197629"
"LYSOSOM","ENSG00000162144"
"LYSOSOM","ENSG00000176641"
"LYSOSOM","ENSG00000165406"
"LYSOSOM","ENSG00000278545"
"LYSOSOM","ENSG00000213420"
"LYSOSOM","ENSG00000164535"
"LYSOSOM","ENSG00000146574"
"LYSOSOM","ENSG00000180233"
"LYSOSOM","ENSG00000147614"
"LYSOSOM","ENSG00000143882"
"LYSOSOM","ENSG00000116857"
"LYSOSOM","ENSG00000169174"
"LYSOSOM","ENSG00000164073"
"LYSOSOM","ENSG00000104951"
"LYSOSOM","ENSG00000196072"
"LYSOSOM","ENSG00000139508"
"LYSOSOM","ENSG00000180998"
"LYSOSOM","ENSG00000181045"
"LYSOSOM","ENSG00000101974"
"LYSOSOM","ENSG00000172794"
"LYSOSOM","ENSG00000276600"
"LYSOSOM","ENSG00000186188"
"LYSOSOM","ENSG00000237693"
"LYSOSOM","ENSG00000173930"
"LYSOSOM","ENSG00000185475"
"LYSOSOM","ENSG00000188157"
"LYSOSOM","ENSG00000185127"
"LYSOSOM","ENSG00000188811"
"LYSOSOM","ENSG00000197915"
"LYSOSOM","ENSG00000188186"
"LYSOSOM","ENSG00000185198"
"LYSOSOM","ENSG00000255587"
"LYSOSOM","ENSG00000219200"
"LYSOSOM","ENSG00000249242"
"LYSOSOM","ENSG00000158517"
"LYSOSOM","ENSG00000240247"
"LYSOSOM","ENSG00000285176"
"LYSOSOM","ENSG00000254901"
"LYSOSOM","ENSG00000178597"
"LYSOSOM","ENSG00000186367"
"LYSOSOM","ENSG00000197822"
"LYSOSOM","ENSG00000273814"
"LYSOSOM","ENSG00000283516"
