"ensembl","expr","expr_rank","arm","klasse","punkt","label","n_undiff","n_diff"
"ENSG00000001561",6.78755105030261,0.531614487415592,"osteogen","N",13,"SERPINA3-KD osteo (GSE247528)",6,12
"ENSG00000002933",1.66727110453025,0.0724370779619398,"osteogen","N",13,"SERPINA3-KD osteo (GSE247528)",6,12
"ENSG00000003056",11.55884317479,0.958563535911602,"osteogen","N",13,"SERPINA3-KD osteo (GSE247528)",6,12
"ENSG00000003137",4.33896661774099,0.317065684468999,"osteogen","N",13,"SERPINA3-KD osteo (GSE247528)",6,12
"ENSG00000004478",9.88070941646976,0.859116022099447,"osteogen","N",13,"SERPINA3-KD osteo (GSE247528)",6,12
"ENSG00000004799",6.12978919039297,0.466850828729282,"osteogen","N",13,"SERPINA3-KD osteo (GSE247528)",6,12
"ENSG00000005022",11.9228612571168,0.970534069981584,"osteogen","N",13,"SERPINA3-KD osteo (GSE247528)",6,12
"ENSG00000005073",4.2270791889855,0.307857581338244,"osteogen","N",13,"SERPINA3-KD osteo (GSE247528)",6,12
"ENSG00000005700",9.30452692348564,0.799570288520565,"osteogen","N",13,"SERPINA3-KD osteo (GSE247528)",6,12
"ENSG00000006210",4.35387869744632,0.31767955801105,"osteogen","N",13,"SERPINA3-KD osteo (GSE247528)",6,12
"ENSG00000006451",10.4274579231508,0.902394106813996,"osteogen","N",13,"SERPINA3-KD osteo (GSE247528)",6,12
"ENSG00000006606",5.52714721091326,0.41743400859423,"osteogen","N",13,"SERPINA3-KD osteo (GSE247528)",6,12
"ENSG00000006634",7.70807042307855,0.61817065684469,"osteogen","N",13,"SERPINA3-KD osteo (GSE247528)",6,12
"ENSG00000006831",9.73688925448211,0.846531614487416,"osteogen","N",13,"SERPINA3-KD osteo (GSE247528)",6,12
"ENSG00000007376",9.2424714468436,0.79158993247391,"osteogen","N",13,"SERPINA3-KD osteo (GSE247528)",6,12
"ENSG00000007520",6.03271972942212,0.455187231430325,"osteogen","N",13,"SERPINA3-KD osteo (GSE247528)",6,12
"ENSG00000007968",3.81301800020164,0.278084714548803,"osteogen","N",13,"SERPINA3-KD osteo (GSE247528)",6,12
"ENSG00000008018",11.7637043015,0.96316758747698,"osteogen","N",13,"SERPINA3-KD osteo (GSE247528)",6,12
"ENSG00000010310",2.07604779138659,0.116022099447514,"osteogen","N",13,"SERPINA3-KD osteo (GSE247528)",6,12
"ENSG00000013275",11.2908005943654,0.949969306322897,"osteogen","N",13,"SERPINA3-KD osteo (GSE247528)",6,12
"ENSG00000013288",10.497182367489,0.907612031921424,"osteogen","N",13,"SERPINA3-KD osteo (GSE247528)",6,12
"ENSG00000013293",4.91394604062862,0.365254757519951,"osteogen","N",13,"SERPINA3-KD osteo (GSE247528)",6,12
"ENSG00000013392",7.72948364461449,0.621546961325967,"osteogen","N",13,"SERPINA3-KD osteo (GSE247528)",6,12
"ENSG00000014164",9.64357759665957,0.836402701043585,"osteogen","N",13,"SERPINA3-KD osteo (GSE247528)",6,12
"ENSG00000015479",8.36038893258106,0.689073050951504,"osteogen","N",13,"SERPINA3-KD osteo (GSE247528)",6,12
"ENSG00000019995",6.85374472702541,0.537139349294045,"osteogen","N",13,"SERPINA3-KD osteo (GSE247528)",6,12
"ENSG00000023318",10.7855610067254,0.923265807243708,"osteogen","N",13,"SERPINA3-KD osteo (GSE247528)",6,12
"ENSG00000023516",9.06746877213899,0.769797421731123,"osteogen","N",13,"SERPINA3-KD osteo (GSE247528)",6,12
"ENSG00000023608",10.2605226018602,0.887968078575813,"osteogen","N",13,"SERPINA3-KD osteo (GSE247528)",6,12
"ENSG00000025772",10.0795503488661,0.872007366482505,"osteogen","N",13,"SERPINA3-KD osteo (GSE247528)",6,12
"ENSG00000027644",1.77109947788318,0.0828729281767956,"osteogen","N",13,"SERPINA3-KD osteo (GSE247528)",6,12
"ENSG00000029559",7.54302404693724,0.59975445058318,"osteogen","N",13,"SERPINA3-KD osteo (GSE247528)",6,12
"ENSG00000031691",5.86681275379773,0.440147329650092,"osteogen","N",13,"SERPINA3-KD osteo (GSE247528)",6,12
"ENSG00000033050",10.7745583149955,0.922344996930632,"osteogen","N",13,"SERPINA3-KD osteo (GSE247528)",6,12
"ENSG00000034510",14.5268662911804,0.996316758747698,"osteogen","N",13,"SERPINA3-KD osteo (GSE247528)",6,12
"ENSG00000034713",10.4204383281676,0.902087170042971,"osteogen","N",13,"SERPINA3-KD osteo (GSE247528)",6,12
"ENSG00000035681",8.84843211580999,0.74462860650706,"osteogen","N",13,"SERPINA3-KD osteo (GSE247528)",6,12
"ENSG00000036530",4.76995018677867,0.352363413136894,"osteogen","N",13,"SERPINA3-KD osteo (GSE247528)",6,12
"ENSG00000037042",8.87830230145738,0.748618784530387,"osteogen","N",13,"SERPINA3-KD osteo (GSE247528)",6,12
"ENSG00000037241",9.74892415700442,0.847759361571516,"osteogen","N",13,"SERPINA3-KD osteo (GSE247528)",6,12
"ENSG00000037965",7.36848303315773,0.58133824432167,"osteogen","N",13,"SERPINA3-KD osteo (GSE247528)",6,12
"ENSG00000038002",8.64738115161144,0.722222222222222,"osteogen","N",13,"SERPINA3-KD osteo (GSE247528)",6,12
"ENSG00000038295",5.38829419582691,0.407305095150399,"osteogen","N",13,"SERPINA3-KD osteo (GSE247528)",6,12
"ENSG00000044574",15.4672417858598,0.998158379373849,"osteogen","N",13,"SERPINA3-KD osteo (GSE247528)",6,12
"ENSG00000047597",1.57240770435988,0.0620012277470841,"osteogen","N",13,"SERPINA3-KD osteo (GSE247528)",6,12
"ENSG00000048544",10.4391683138369,0.903621853898097,"osteogen","N",13,"SERPINA3-KD osteo (GSE247528)",6,12
"ENSG00000050344",3.31289025469353,0.240945365254758,"osteogen","N",13,"SERPINA3-KD osteo (GSE247528)",6,12
"ENSG00000051382",8.71025519197334,0.729281767955801,"osteogen","N",13,"SERPINA3-KD osteo (GSE247528)",6,12
"ENSG00000052850",3.25612283054895,0.237875997544506,"osteogen","N",13,"SERPINA3-KD osteo (GSE247528)",6,12
"ENSG00000053372",9.5972555596998,0.833026396562308,"osteogen","N",13,"SERPINA3-KD osteo (GSE247528)",6,12
"ENSG00000054392",6.60236470415093,0.513812154696133,"osteogen","N",13,"SERPINA3-KD osteo (GSE247528)",6,12
"ENSG00000054598",6.45723524024643,0.496930632289748,"osteogen","N",13,"SERPINA3-KD osteo (GSE247528)",6,12
"ENSG00000056050",9.64976210804961,0.837937384898711,"osteogen","N",13,"SERPINA3-KD osteo (GSE247528)",6,12
"ENSG00000058600",5.41428860280966,0.409453652547575,"osteogen","N",13,"SERPINA3-KD osteo (GSE247528)",6,12
"ENSG00000059573",12.0940867759449,0.974831184775936,"osteogen","N",13,"SERPINA3-KD osteo (GSE247528)",6,12
"ENSG00000059758",10.3526165916928,0.896869244935543,"osteogen","N",13,"SERPINA3-KD osteo (GSE247528)",6,12
"ENSG00000060140",3.92068282272568,0.285758133824432,"osteogen","N",13,"SERPINA3-KD osteo (GSE247528)",6,12
"ENSG00000063180",4.26144566333333,0.310620012277471,"osteogen","N",13,"SERPINA3-KD osteo (GSE247528)",6,12
"ENSG00000063241",10.4168312783822,0.901473296500921,"osteogen","N",13,"SERPINA3-KD osteo (GSE247528)",6,12
"ENSG00000063660",9.16703808533051,0.782381829343155,"osteogen","N",13,"SERPINA3-KD osteo (GSE247528)",6,12
"ENSG00000064195",3.0937748854086,0.220073664825046,"osteogen","N",13,"SERPINA3-KD osteo (GSE247528)",6,12
"ENSG00000064199",6.8519728299469,0.53683241252302,"osteogen","N",13,"SERPINA3-KD osteo (GSE247528)",6,12
"ENSG00000064300",2.74158807662173,0.189686924493554,"osteogen","N",13,"SERPINA3-KD osteo (GSE247528)",6,12
"ENSG00000065057",7.70358258523873,0.61755678330264,"osteogen","N",13,"SERPINA3-KD osteo (GSE247528)",6,12
"ENSG00000065308",11.4131300506284,0.953959484346225,"osteogen","N",13,"SERPINA3-KD osteo (GSE247528)",6,12
"ENSG00000065320",3.50910710818721,0.253836709637815,"osteogen","N",13,"SERPINA3-KD osteo (GSE247528)",6,12
"ENSG00000065491",8.19189761659149,0.669122160834868,"osteogen","N",13,"SERPINA3-KD osteo (GSE247528)",6,12
"ENSG00000065518",9.83215619841643,0.85451197053407,"osteogen","N",13,"SERPINA3-KD osteo (GSE247528)",6,12
"ENSG00000065833",10.1659283600546,0.879373848987109,"osteogen","N",13,"SERPINA3-KD osteo (GSE247528)",6,12
"ENSG00000065970",8.46284687421964,0.701964395334561,"osteogen","N",13,"SERPINA3-KD osteo (GSE247528)",6,12
"ENSG00000066422",8.41697006040678,0.695518723143033,"osteogen","N",13,"SERPINA3-KD osteo (GSE247528)",6,12
"ENSG00000066557",8.95753565892469,0.756292203806016,"osteogen","N",13,"SERPINA3-KD osteo (GSE247528)",6,12
"ENSG00000066777",8.02573927584058,0.652854511970534,"osteogen","N",13,"SERPINA3-KD osteo (GSE247528)",6,12
"ENSG00000067167",13.4569666419256,0.99048496009822,"osteogen","N",13,"SERPINA3-KD osteo (GSE247528)",6,12
"ENSG00000067182",12.2292206410806,0.976979742173112,"osteogen","N",13,"SERPINA3-KD osteo (GSE247528)",6,12
"ENSG00000067533",8.76943322964567,0.735113566605279,"osteogen","N",13,"SERPINA3-KD osteo (GSE247528)",6,12
"ENSG00000067900",10.7860917590253,0.923572744014733,"osteogen","N",13,"SERPINA3-KD osteo (GSE247528)",6,12
"ENSG00000068079",8.48283297142275,0.704419889502762,"osteogen","N",13,"SERPINA3-KD osteo (GSE247528)",6,12
"ENSG00000068697",13.3793959647563,0.989871086556169,"osteogen","N",13,"SERPINA3-KD osteo (GSE247528)",6,12
"ENSG00000068903",9.28922145832349,0.796807857581338,"osteogen","N",13,"SERPINA3-KD osteo (GSE247528)",6,12
"ENSG00000069482",1.16688669175517,0.0214855739717618,"osteogen","N",13,"SERPINA3-KD osteo (GSE247528)",6,12
"ENSG00000069509",8.07662924763141,0.657151626764886,"osteogen","N",13,"SERPINA3-KD osteo (GSE247528)",6,12
"ENSG00000070018",8.52929567497782,0.708103130755064,"osteogen","N",13,"SERPINA3-KD osteo (GSE247528)",6,12
"ENSG00000070761",9.36765342167954,0.806936771025169,"osteogen","N",13,"SERPINA3-KD osteo (GSE247528)",6,12
"ENSG00000071894",8.81667972500941,0.741866175567833,"osteogen","N",13,"SERPINA3-KD osteo (GSE247528)",6,12
"ENSG00000072062",4.58758855249687,0.337630448127686,"osteogen","N",13,"SERPINA3-KD osteo (GSE247528)",6,12
"ENSG00000072071",3.35390819461295,0.243093922651934,"osteogen","N",13,"SERPINA3-KD osteo (GSE247528)",6,12
"ENSG00000072818",4.50193275166207,0.329650092081031,"osteogen","N",13,"SERPINA3-KD osteo (GSE247528)",6,12
"ENSG00000072954",3.56491843169879,0.258440761203192,"osteogen","N",13,"SERPINA3-KD osteo (GSE247528)",6,12
"ENSG00000072958",11.5936848490819,0.959791282995703,"osteogen","N",13,"SERPINA3-KD osteo (GSE247528)",6,12
"ENSG00000074181",6.31322981169549,0.483732351135666,"osteogen","N",13,"SERPINA3-KD osteo (GSE247528)",6,12
"ENSG00000074201",9.81631259441533,0.85389809699202,"osteogen","N",13,"SERPINA3-KD osteo (GSE247528)",6,12
"ENSG00000074695",12.6256514049637,0.984039287906691,"osteogen","N",13,"SERPINA3-KD osteo (GSE247528)",6,12
"ENSG00000074842",13.0052710029217,0.986801718845918,"osteogen","N",13,"SERPINA3-KD osteo (GSE247528)",6,12
"ENSG00000075188",8.90712704029563,0.751688152240638,"osteogen","N",13,"SERPINA3-KD osteo (GSE247528)",6,12
"ENSG00000075643",7.33032420515262,0.578268876611418,"osteogen","N",13,"SERPINA3-KD osteo (GSE247528)",6,12
"ENSG00000075790",5.61286895803276,0.423879680785758,"osteogen","N",13,"SERPINA3-KD osteo (GSE247528)",6,12
"ENSG00000076003",9.57118782982756,0.828115408225905,"osteogen","N",13,"SERPINA3-KD osteo (GSE247528)",6,12
"ENSG00000076356",7.48537696770716,0.593922651933702,"osteogen","N",13,"SERPINA3-KD osteo (GSE247528)",6,12
"ENSG00000076641",7.19404406004969,0.565377532228361,"osteogen","N",13,"SERPINA3-KD osteo (GSE247528)",6,12
"ENSG00000076650",7.72974725347657,0.621853898096992,"osteogen","N",13,"SERPINA3-KD osteo (GSE247528)",6,12
"ENSG00000076716",10.6136149509803,0.915899324739104,"osteogen","N",13,"SERPINA3-KD osteo (GSE247528)",6,12
"ENSG00000077312",9.56978329019637,0.82780847145488,"osteogen","N",13,"SERPINA3-KD osteo (GSE247528)",6,12
"ENSG00000077514",8.29655768697464,0.680478821362799,"osteogen","N",13,"SERPINA3-KD osteo (GSE247528)",6,12
"ENSG00000077943",4.67158600212805,0.344076120319214,"osteogen","N",13,"SERPINA3-KD osteo (GSE247528)",6,12
"ENSG00000078237",8.68831259931025,0.7268262737876,"osteogen","N",13,"SERPINA3-KD osteo (GSE247528)",6,12
"ENSG00000078401",6.93898710739425,0.546040515653775,"osteogen","N",13,"SERPINA3-KD osteo (GSE247528)",6,12
"ENSG00000078747",7.50091809311498,0.595764272559853,"osteogen","N",13,"SERPINA3-KD osteo (GSE247528)",6,12
"ENSG00000079257",8.95898024733108,0.757519950890117,"osteogen","N",13,"SERPINA3-KD osteo (GSE247528)",6,12
"ENSG00000079432",8.60115808617556,0.717618170656845,"osteogen","N",13,"SERPINA3-KD osteo (GSE247528)",6,12
"ENSG00000079459",11.4024408681588,0.952424800491099,"osteogen","N",13,"SERPINA3-KD osteo (GSE247528)",6,12
"ENSG00000079462",7.82178797000472,0.631675874769797,"osteogen","N",13,"SERPINA3-KD osteo (GSE247528)",6,12
"ENSG00000080007",4.44066463305118,0.325046040515654,"osteogen","N",13,"SERPINA3-KD osteo (GSE247528)",6,12
"ENSG00000080371",8.53902136399633,0.710251688152241,"osteogen","N",13,"SERPINA3-KD osteo (GSE247528)",6,12
"ENSG00000080573",8.3589567167127,0.688459177409454,"osteogen","N",13,"SERPINA3-KD osteo (GSE247528)",6,12
"ENSG00000080819",6.17826224202271,0.469613259668508,"osteogen","N",13,"SERPINA3-KD osteo (GSE247528)",6,12
"ENSG00000081041",9.71929781376636,0.845917740945365,"osteogen","N",13,"SERPINA3-KD osteo (GSE247528)",6,12
"ENSG00000081051",4.14998622530094,0.302332719459791,"osteogen","N",13,"SERPINA3-KD osteo (GSE247528)",6,12
"ENSG00000081181",7.15460338134147,0.56292203806016,"osteogen","N",13,"SERPINA3-KD osteo (GSE247528)",6,12
"ENSG00000081791",9.62910568733574,0.835481890730509,"osteogen","N",13,"SERPINA3-KD osteo (GSE247528)",6,12
"ENSG00000081818",4.5768512575176,0.33670963781461,"osteogen","N",13,"SERPINA3-KD osteo (GSE247528)",6,12
"ENSG00000082068",8.40433747703274,0.694290976058932,"osteogen","N",13,"SERPINA3-KD osteo (GSE247528)",6,12
"ENSG00000082497",4.87749229134678,0.361571516267649,"osteogen","N",13,"SERPINA3-KD osteo (GSE247528)",6,12
"ENSG00000082516",9.03775541325518,0.76427255985267,"osteogen","N",13,"SERPINA3-KD osteo (GSE247528)",6,12
"ENSG00000083635",7.21693276544122,0.567833026396562,"osteogen","N",13,"SERPINA3-KD osteo (GSE247528)",6,12
"ENSG00000083817",7.29330955885587,0.573664825046041,"osteogen","N",13,"SERPINA3-KD osteo (GSE247528)",6,12
"ENSG00000083845",12.0149637017444,0.974217311233886,"osteogen","N",13,"SERPINA3-KD osteo (GSE247528)",6,12
"ENSG00000084092",8.47030333837426,0.702578268876611,"osteogen","N",13,"SERPINA3-KD osteo (GSE247528)",6,12
"ENSG00000084463",10.6281042619733,0.916513198281154,"osteogen","N",13,"SERPINA3-KD osteo (GSE247528)",6,12
"ENSG00000084734",4.36567394708076,0.31890730509515,"osteogen","N",13,"SERPINA3-KD osteo (GSE247528)",6,12
"ENSG00000085733",11.9907085914098,0.973910374462861,"osteogen","N",13,"SERPINA3-KD osteo (GSE247528)",6,12
"ENSG00000085871",6.11998613301888,0.465316144874156,"osteogen","N",13,"SERPINA3-KD osteo (GSE247528)",6,12
"ENSG00000085978",7.91918959548466,0.639656230816452,"osteogen","N",13,"SERPINA3-KD osteo (GSE247528)",6,12
"ENSG00000086544",8.44198453485832,0.699815837937385,"osteogen","N",13,"SERPINA3-KD osteo (GSE247528)",6,12
"ENSG00000086827",9.06856046996305,0.770104358502149,"osteogen","N",13,"SERPINA3-KD osteo (GSE247528)",6,12
"ENSG00000087074",11.254358323577,0.948127685696746,"osteogen","N",13,"SERPINA3-KD osteo (GSE247528)",6,12
"ENSG00000087076",3.20156425427066,0.232044198895028,"osteogen","N",13,"SERPINA3-KD osteo (GSE247528)",6,12
"ENSG00000087301",5.62317619093551,0.425107427869859,"osteogen","N",13,"SERPINA3-KD osteo (GSE247528)",6,12
"ENSG00000087302",11.1993298133226,0.94597912829957,"osteogen","N",13,"SERPINA3-KD osteo (GSE247528)",6,12
"ENSG00000087338",9.37617519020828,0.807550644567219,"osteogen","N",13,"SERPINA3-KD osteo (GSE247528)",6,12
"ENSG00000088179",7.7962275831147,0.62768569674647,"osteogen","N",13,"SERPINA3-KD osteo (GSE247528)",6,12
"ENSG00000088256",8.26261822584829,0.676181706568447,"osteogen","N",13,"SERPINA3-KD osteo (GSE247528)",6,12
"ENSG00000088320",1.7372883908502,0.0788827501534684,"osteogen","N",13,"SERPINA3-KD osteo (GSE247528)",6,12
"ENSG00000088356",9.41904262383665,0.812461632903622,"osteogen","N",13,"SERPINA3-KD osteo (GSE247528)",6,12
"ENSG00000088882",1.96936749391478,0.102516881522406,"osteogen","N",13,"SERPINA3-KD osteo (GSE247528)",6,12
"ENSG00000088930",10.6979002147541,0.919275629220381,"osteogen","N",13,"SERPINA3-KD osteo (GSE247528)",6,12
"ENSG00000089163",4.13482882818094,0.301104972375691,"osteogen","N",13,"SERPINA3-KD osteo (GSE247528)",6,12
"ENSG00000089220",11.7756315019313,0.964088397790055,"osteogen","N",13,"SERPINA3-KD osteo (GSE247528)",6,12
"ENSG00000089248",10.9633770632004,0.933701657458563,"osteogen","N",13,"SERPINA3-KD osteo (GSE247528)",6,12
"ENSG00000090339",10.1317022591761,0.875690607734807,"osteogen","N",13,"SERPINA3-KD osteo (GSE247528)",6,12
"ENSG00000090432",10.5113931253814,0.9085328422345,"osteogen","N",13,"SERPINA3-KD osteo (GSE247528)",6,12
"ENSG00000090776",8.83305243102891,0.743707796193984,"osteogen","N",13,"SERPINA3-KD osteo (GSE247528)",6,12
"ENSG00000090971",4.85274598832089,0.359116022099448,"osteogen","N",13,"SERPINA3-KD osteo (GSE247528)",6,12
"ENSG00000091009",8.05254854335123,0.655616942909761,"osteogen","N",13,"SERPINA3-KD osteo (GSE247528)",6,12
"ENSG00000091317",11.3765898285855,0.951503990178023,"osteogen","N",13,"SERPINA3-KD osteo (GSE247528)",6,12
"ENSG00000091483",9.90600128105934,0.861264579496624,"osteogen","N",13,"SERPINA3-KD osteo (GSE247528)",6,12
"ENSG00000091542",11.0778967438994,0.939533456108042,"osteogen","N",13,"SERPINA3-KD osteo (GSE247528)",6,12
"ENSG00000091640",10.2466746441319,0.886433394720687,"osteogen","N",13,"SERPINA3-KD osteo (GSE247528)",6,12
"ENSG00000091651",7.5681080670149,0.602516881522406,"osteogen","N",13,"SERPINA3-KD osteo (GSE247528)",6,12
"ENSG00000091844",6.28761734509198,0.481276856967465,"osteogen","N",13,"SERPINA3-KD osteo (GSE247528)",6,12
"ENSG00000092010",9.18653427827992,0.784223449969306,"osteogen","N",13,"SERPINA3-KD osteo (GSE247528)",6,12
"ENSG00000092098",4.01801353434163,0.29097605893186,"osteogen","N",13,"SERPINA3-KD osteo (GSE247528)",6,12
"ENSG00000092295",2.35305707906742,0.146408839779006,"osteogen","N",13,"SERPINA3-KD osteo (GSE247528)",6,12
"ENSG00000092330",9.0371405980917,0.763965623081645,"osteogen","N",13,"SERPINA3-KD osteo (GSE247528)",6,12
"ENSG00000094661",4.70443002241421,0.34622467771639,"osteogen","N",13,"SERPINA3-KD osteo (GSE247528)",6,12
"ENSG00000095015",5.18896329065483,0.389809699201964,"osteogen","N",13,"SERPINA3-KD osteo (GSE247528)",6,12
"ENSG00000095587",4.21057305971166,0.306322897483118,"osteogen","N",13,"SERPINA3-KD osteo (GSE247528)",6,12
"ENSG00000095752",4.83431041808674,0.357274401473296,"osteogen","N",13,"SERPINA3-KD osteo (GSE247528)",6,12
"ENSG00000096092",9.98636751729637,0.864947820748926,"osteogen","N",13,"SERPINA3-KD osteo (GSE247528)",6,12
"ENSG00000096401",9.7438051675544,0.847145488029466,"osteogen","N",13,"SERPINA3-KD osteo (GSE247528)",6,12
"ENSG00000099194",12.6837726631495,0.984346224677716,"osteogen","N",13,"SERPINA3-KD osteo (GSE247528)",6,12
"ENSG00000099203",10.8292098603909,0.925107427869859,"osteogen","N",13,"SERPINA3-KD osteo (GSE247528)",6,12
"ENSG00000099326",7.5306124651802,0.597605893186004,"osteogen","N",13,"SERPINA3-KD osteo (GSE247528)",6,12
"ENSG00000099330",7.4450824268675,0.59085328422345,"osteogen","N",13,"SERPINA3-KD osteo (GSE247528)",6,12
"ENSG00000099337",9.60290921142797,0.833947206875384,"osteogen","N",13,"SERPINA3-KD osteo (GSE247528)",6,12
"ENSG00000099617",5.50909205130448,0.414978514426028,"osteogen","N",13,"SERPINA3-KD osteo (GSE247528)",6,12
"ENSG00000099624",10.5272038095174,0.910067526089625,"osteogen","N",13,"SERPINA3-KD osteo (GSE247528)",6,12
"ENSG00000099795",10.5132254875422,0.908839779005525,"osteogen","N",13,"SERPINA3-KD osteo (GSE247528)",6,12
"ENSG00000099800",10.9080674049143,0.928483732351136,"osteogen","N",13,"SERPINA3-KD osteo (GSE247528)",6,12
"ENSG00000099804",6.20466333387172,0.47268262737876,"osteogen","N",13,"SERPINA3-KD osteo (GSE247528)",6,12
"ENSG00000099860",11.7764183937218,0.96439533456108,"osteogen","N",13,"SERPINA3-KD osteo (GSE247528)",6,12
"ENSG00000099974",7.70355938832006,0.617249846531615,"osteogen","N",13,"SERPINA3-KD osteo (GSE247528)",6,12
"ENSG00000100079",1.57974261843306,0.0629220380601596,"osteogen","N",13,"SERPINA3-KD osteo (GSE247528)",6,12
"ENSG00000100216",10.2811551660313,0.889195825659914,"osteogen","N",13,"SERPINA3-KD osteo (GSE247528)",6,12
"ENSG00000100302",1.29531849557372,0.0337630448127686,"osteogen","N",13,"SERPINA3-KD osteo (GSE247528)",6,12
"ENSG00000100314",5.28931516513114,0.399324739103745,"osteogen","N",13,"SERPINA3-KD osteo (GSE247528)",6,12
"ENSG00000100387",10.5595701649754,0.912216083486802,"osteogen","N",13,"SERPINA3-KD osteo (GSE247528)",6,12
"ENSG00000100410",9.16455060931012,0.78207489257213,"osteogen","N",13,"SERPINA3-KD osteo (GSE247528)",6,12
"ENSG00000100418",9.46689186648823,0.81767955801105,"osteogen","N",13,"SERPINA3-KD osteo (GSE247528)",6,12
"ENSG00000100426",7.79769220437072,0.627992633517495,"osteogen","N",13,"SERPINA3-KD osteo (GSE247528)",6,12
"ENSG00000100558",5.91900138742284,0.446286065070595,"osteogen","N",13,"SERPINA3-KD osteo (GSE247528)",6,12
"ENSG00000100564",8.66324574609617,0.724063842848373,"osteogen","N",13,"SERPINA3-KD osteo (GSE247528)",6,12
"ENSG00000100580",8.03367455673038,0.65438919582566,"osteogen","N",13,"SERPINA3-KD osteo (GSE247528)",6,12
"ENSG00000100583",5.0506245855448,0.377839165131983,"osteogen","N",13,"SERPINA3-KD osteo (GSE247528)",6,12
"ENSG00000100591",10.5277310197822,0.910374462860651,"osteogen","N",13,"SERPINA3-KD osteo (GSE247528)",6,12
"ENSG00000100596",9.78760610559195,0.851135666052793,"osteogen","N",13,"SERPINA3-KD osteo (GSE247528)",6,12
"ENSG00000100625",6.44657154147335,0.495395948434622,"osteogen","N",13,"SERPINA3-KD osteo (GSE247528)",6,12
"ENSG00000100647",10.8643899320714,0.926642111724985,"osteogen","N",13,"SERPINA3-KD osteo (GSE247528)",6,12
"ENSG00000100749",8.77541971949543,0.73572744014733,"osteogen","N",13,"SERPINA3-KD osteo (GSE247528)",6,12
"ENSG00000100889",7.67497788848117,0.613566605279313,"osteogen","N",13,"SERPINA3-KD osteo (GSE247528)",6,12
"ENSG00000100897",9.05054167516831,0.767034990791897,"osteogen","N",13,"SERPINA3-KD osteo (GSE247528)",6,12
"ENSG00000100908",6.82283701870696,0.533456108041743,"osteogen","N",13,"SERPINA3-KD osteo (GSE247528)",6,12
"ENSG00000100911",10.0711040312602,0.870165745856354,"osteogen","N",13,"SERPINA3-KD osteo (GSE247528)",6,12
"ENSG00000100918",3.13843119017943,0.226519337016575,"osteogen","N",13,"SERPINA3-KD osteo (GSE247528)",6,12
"ENSG00000100926",10.528554188537,0.910681399631676,"osteogen","N",13,"SERPINA3-KD osteo (GSE247528)",6,12
"ENSG00000100938",8.10367345722535,0.660834868017188,"osteogen","N",13,"SERPINA3-KD osteo (GSE247528)",6,12
"ENSG00000100941",9.45792365026226,0.816451810926949,"osteogen","N",13,"SERPINA3-KD osteo (GSE247528)",6,12
"ENSG00000100949",8.1115474712349,0.661448741559239,"osteogen","N",13,"SERPINA3-KD osteo (GSE247528)",6,12
"ENSG00000100968",9.40963530534812,0.811233885819521,"osteogen","N",13,"SERPINA3-KD osteo (GSE247528)",6,12
"ENSG00000101000",9.03500858447895,0.76365868631062,"osteogen","N",13,"SERPINA3-KD osteo (GSE247528)",6,12
"ENSG00000101161",10.9667237275673,0.934008594229589,"osteogen","N",13,"SERPINA3-KD osteo (GSE247528)",6,12
"ENSG00000101162",1.12464220308838,0.0184162062615101,"osteogen","N",13,"SERPINA3-KD osteo (GSE247528)",6,12
"ENSG00000101188",2.88312233101196,0.199201964395335,"osteogen","N",13,"SERPINA3-KD osteo (GSE247528)",6,12
"ENSG00000101189",5.35507366834871,0.404542664211173,"osteogen","N",13,"SERPINA3-KD osteo (GSE247528)",6,12
"ENSG00000101193",9.23148370280733,0.789134438305709,"osteogen","N",13,"SERPINA3-KD osteo (GSE247528)",6,12
"ENSG00000101213",2.33681115346727,0.144260282381829,"osteogen","N",13,"SERPINA3-KD osteo (GSE247528)",6,12
"ENSG00000101230",4.85773034746464,0.360036832412523,"osteogen","N",13,"SERPINA3-KD osteo (GSE247528)",6,12
"ENSG00000101280",2.24739118309321,0.133824432166974,"osteogen","N",13,"SERPINA3-KD osteo (GSE247528)",6,12
"ENSG00000101282",0.395250733420396,0.000920810313075506,"osteogen","N",13,"SERPINA3-KD osteo (GSE247528)",6,12
"ENSG00000101292",1.55685689197757,0.0598526703499079,"osteogen","N",13,"SERPINA3-KD osteo (GSE247528)",6,12
"ENSG00000101350",9.58844161444265,0.831184775936157,"osteogen","N",13,"SERPINA3-KD osteo (GSE247528)",6,12
"ENSG00000101367",11.8269029454805,0.968078575813382,"osteogen","N",13,"SERPINA3-KD osteo (GSE247528)",6,12
"ENSG00000101400",4.80666200045301,0.355432780847145,"osteogen","N",13,"SERPINA3-KD osteo (GSE247528)",6,12
"ENSG00000101405",1.26491782746054,0.0285451197053407,"osteogen","N",13,"SERPINA3-KD osteo (GSE247528)",6,12
"ENSG00000101421",6.34683243250972,0.484960098219767,"osteogen","N",13,"SERPINA3-KD osteo (GSE247528)",6,12
"ENSG00000101439",13.2102807326216,0.988029465930018,"osteogen","N",13,"SERPINA3-KD osteo (GSE247528)",6,12
"ENSG00000101463",4.91346517707336,0.364640883977901,"osteogen","N",13,"SERPINA3-KD osteo (GSE247528)",6,12
"ENSG00000101544",6.40422140740396,0.489871086556169,"osteogen","N",13,"SERPINA3-KD osteo (GSE247528)",6,12
"ENSG00000101695",3.46875683727721,0.251381215469613,"osteogen","N",13,"SERPINA3-KD osteo (GSE247528)",6,12
"ENSG00000101825",8.97624294133182,0.758440761203192,"osteogen","N",13,"SERPINA3-KD osteo (GSE247528)",6,12
"ENSG00000101846",7.42457535282814,0.589011663597299,"osteogen","N",13,"SERPINA3-KD osteo (GSE247528)",6,12
"ENSG00000101898",3.52193434778966,0.25475751995089,"osteogen","N",13,"SERPINA3-KD osteo (GSE247528)",6,12
"ENSG00000102109",3.43027405005054,0.249232658072437,"osteogen","N",13,"SERPINA3-KD osteo (GSE247528)",6,12
"ENSG00000102218",8.05875800842684,0.655923879680786,"osteogen","N",13,"SERPINA3-KD osteo (GSE247528)",6,12
"ENSG00000102302",6.19714959851033,0.47206875383671,"osteogen","N",13,"SERPINA3-KD osteo (GSE247528)",6,12
"ENSG00000102359",11.1559237286837,0.943830570902394,"osteogen","N",13,"SERPINA3-KD osteo (GSE247528)",6,12
"ENSG00000102699",11.0528841448385,0.93707796193984,"osteogen","N",13,"SERPINA3-KD osteo (GSE247528)",6,12
"ENSG00000102738",8.63668280805813,0.720073664825046,"osteogen","N",13,"SERPINA3-KD osteo (GSE247528)",6,12
"ENSG00000102870",8.69267627563834,0.727133210558625,"osteogen","N",13,"SERPINA3-KD osteo (GSE247528)",6,12
"ENSG00000102921",7.42605130293145,0.589318600368324,"osteogen","N",13,"SERPINA3-KD osteo (GSE247528)",6,12
"ENSG00000102931",11.4323826205531,0.9548802946593,"osteogen","N",13,"SERPINA3-KD osteo (GSE247528)",6,12
"ENSG00000102962",1.60337315928321,0.0647636586863106,"osteogen","N",13,"SERPINA3-KD osteo (GSE247528)",6,12
"ENSG00000102996",4.94972880068103,0.368631062001228,"osteogen","N",13,"SERPINA3-KD osteo (GSE247528)",6,12
"ENSG00000103024",9.23925375463617,0.79036218538981,"osteogen","N",13,"SERPINA3-KD osteo (GSE247528)",6,12
"ENSG00000103042",9.65169996121532,0.838244321669736,"osteogen","N",13,"SERPINA3-KD osteo (GSE247528)",6,12
"ENSG00000103047",8.98391414229247,0.759975445058318,"osteogen","N",13,"SERPINA3-KD osteo (GSE247528)",6,12
"ENSG00000103121",9.21256797376227,0.786372007366482,"osteogen","N",13,"SERPINA3-KD osteo (GSE247528)",6,12
"ENSG00000103150",4.96078679038126,0.369551872314303,"osteogen","N",13,"SERPINA3-KD osteo (GSE247528)",6,12
"ENSG00000103187",11.3504258521105,0.950890116635973,"osteogen","N",13,"SERPINA3-KD osteo (GSE247528)",6,12
"ENSG00000103257",8.42385951308948,0.696746470227133,"osteogen","N",13,"SERPINA3-KD osteo (GSE247528)",6,12
"ENSG00000103260",6.03015786349388,0.454573357888275,"osteogen","N",13,"SERPINA3-KD osteo (GSE247528)",6,12
"ENSG00000103319",8.6464057759431,0.721915285451197,"osteogen","N",13,"SERPINA3-KD osteo (GSE247528)",6,12
"ENSG00000104147",5.74207247465888,0.433701657458564,"osteogen","N",13,"SERPINA3-KD osteo (GSE247528)",6,12
"ENSG00000104154",9.10329581333927,0.773480662983425,"osteogen","N",13,"SERPINA3-KD osteo (GSE247528)",6,12
"ENSG00000104312",9.64562695213535,0.837016574585635,"osteogen","N",13,"SERPINA3-KD osteo (GSE247528)",6,12
"ENSG00000104325",10.1829030762921,0.879987722529159,"osteogen","N",13,"SERPINA3-KD osteo (GSE247528)",6,12
"ENSG00000104331",8.71603458061596,0.730202578268877,"osteogen","N",13,"SERPINA3-KD osteo (GSE247528)",6,12
"ENSG00000104412",9.15893504148889,0.780847145488029,"osteogen","N",13,"SERPINA3-KD osteo (GSE247528)",6,12
"ENSG00000104643",4.13032219685253,0.30049109883364,"osteogen","N",13,"SERPINA3-KD osteo (GSE247528)",6,12
"ENSG00000104671",9.41930608256366,0.812768569674647,"osteogen","N",13,"SERPINA3-KD osteo (GSE247528)",6,12
"ENSG00000104823",11.0578042327082,0.937998772252916,"osteogen","N",13,"SERPINA3-KD osteo (GSE247528)",6,12
"ENSG00000104824",7.34040692325141,0.578882750153468,"osteogen","N",13,"SERPINA3-KD osteo (GSE247528)",6,12
"ENSG00000104825",7.7210773395405,0.620319214241866,"osteogen","N",13,"SERPINA3-KD osteo (GSE247528)",6,12
"ENSG00000104835",3.01594349702211,0.213321055862492,"osteogen","N",13,"SERPINA3-KD osteo (GSE247528)",6,12
"ENSG00000104848",1.92613617352635,0.0994475138121547,"osteogen","N",13,"SERPINA3-KD osteo (GSE247528)",6,12
"ENSG00000104879",1.88013333906247,0.092694904849601,"osteogen","N",13,"SERPINA3-KD osteo (GSE247528)",6,12
"ENSG00000104883",6.38933471112403,0.488643339472069,"osteogen","N",13,"SERPINA3-KD osteo (GSE247528)",6,12
"ENSG00000104889",8.21561498677364,0.671884591774095,"osteogen","N",13,"SERPINA3-KD osteo (GSE247528)",6,12
"ENSG00000104967",3.24063383281763,0.234806629834254,"osteogen","N",13,"SERPINA3-KD osteo (GSE247528)",6,12
"ENSG00000104979",10.5408147192766,0.911295273173726,"osteogen","N",13,"SERPINA3-KD osteo (GSE247528)",6,12
"ENSG00000104980",9.29941984904644,0.798035604665439,"osteogen","N",13,"SERPINA3-KD osteo (GSE247528)",6,12
"ENSG00000104983",2.13732240937098,0.121853898096992,"osteogen","N",13,"SERPINA3-KD osteo (GSE247528)",6,12
"ENSG00000104998",7.29365567652035,0.573971761817066,"osteogen","N",13,"SERPINA3-KD osteo (GSE247528)",6,12
"ENSG00000105011",7.32524699488928,0.577655003069368,"osteogen","N",13,"SERPINA3-KD osteo (GSE247528)",6,12
"ENSG00000105072",7.04907945645133,0.55463474524248,"osteogen","N",13,"SERPINA3-KD osteo (GSE247528)",6,12
"ENSG00000105088",3.40645386173515,0.247697974217311,"osteogen","N",13,"SERPINA3-KD osteo (GSE247528)",6,12
"ENSG00000105193",11.0750456655661,0.938919582565991,"osteogen","N",13,"SERPINA3-KD osteo (GSE247528)",6,12
"ENSG00000105202",9.37750687005363,0.807857581338244,"osteogen","N",13,"SERPINA3-KD osteo (GSE247528)",6,12
"ENSG00000105204",6.85603188563665,0.537753222836096,"osteogen","N",13,"SERPINA3-KD osteo (GSE247528)",6,12
"ENSG00000105229",9.37845760444814,0.808164518109269,"osteogen","N",13,"SERPINA3-KD osteo (GSE247528)",6,12
"ENSG00000105245",7.31284582582959,0.575506445672192,"osteogen","N",13,"SERPINA3-KD osteo (GSE247528)",6,12
"ENSG00000105246",1.25185108059785,0.0263965623081645,"osteogen","N",13,"SERPINA3-KD osteo (GSE247528)",6,12
"ENSG00000105258",9.60169276218673,0.833640270104358,"osteogen","N",13,"SERPINA3-KD osteo (GSE247528)",6,12
"ENSG00000105355",13.1496858521136,0.987108655616943,"osteogen","N",13,"SERPINA3-KD osteo (GSE247528)",6,12
"ENSG00000105372",13.8493731944564,0.992940454266421,"osteogen","N",13,"SERPINA3-KD osteo (GSE247528)",6,12
"ENSG00000105401",11.3666054835609,0.951197053406998,"osteogen","N",13,"SERPINA3-KD osteo (GSE247528)",6,12
"ENSG00000105402",11.7943656050269,0.967157765500307,"osteogen","N",13,"SERPINA3-KD osteo (GSE247528)",6,12
"ENSG00000105438",11.863451217168,0.969306322897483,"osteogen","N",13,"SERPINA3-KD osteo (GSE247528)",6,12
"ENSG00000105497",6.55382252008591,0.509208103130755,"osteogen","N",13,"SERPINA3-KD osteo (GSE247528)",6,12
"ENSG00000105514",7.77709844169266,0.62645794966237,"osteogen","N",13,"SERPINA3-KD osteo (GSE247528)",6,12
"ENSG00000105617",7.9215644824728,0.639963167587477,"osteogen","N",13,"SERPINA3-KD osteo (GSE247528)",6,12
"ENSG00000105696",6.8861377499209,0.539901780233272,"osteogen","N",13,"SERPINA3-KD osteo (GSE247528)",6,12
"ENSG00000105697",2.03448005414209,0.110190300798036,"osteogen","N",13,"SERPINA3-KD osteo (GSE247528)",6,12
"ENSG00000105708",6.89267826306104,0.540515653775322,"osteogen","N",13,"SERPINA3-KD osteo (GSE247528)",6,12
"ENSG00000105755",8.70090428064369,0.728667894413751,"osteogen","N",13,"SERPINA3-KD osteo (GSE247528)",6,12
"ENSG00000105767",4.62582496163602,0.341927562922038,"osteogen","N",13,"SERPINA3-KD osteo (GSE247528)",6,12
"ENSG00000105849",9.21310558445531,0.786678944137508,"osteogen","N",13,"SERPINA3-KD osteo (GSE247528)",6,12
"ENSG00000105856",9.84240689324411,0.856353591160221,"osteogen","N",13,"SERPINA3-KD osteo (GSE247528)",6,12
"ENSG00000105865",4.46894166785008,0.32719459791283,"osteogen","N",13,"SERPINA3-KD osteo (GSE247528)",6,12
"ENSG00000105880",6.68593326121396,0.522099447513812,"osteogen","N",13,"SERPINA3-KD osteo (GSE247528)",6,12
"ENSG00000105996",2.25922662056468,0.134745242480049,"osteogen","N",13,"SERPINA3-KD osteo (GSE247528)",6,12
"ENSG00000106004",6.69180087894647,0.523941068139963,"osteogen","N",13,"SERPINA3-KD osteo (GSE247528)",6,12
"ENSG00000106006",5.77214161447782,0.43646408839779,"osteogen","N",13,"SERPINA3-KD osteo (GSE247528)",6,12
"ENSG00000106025",5.07933804733674,0.380294659300184,"osteogen","N",13,"SERPINA3-KD osteo (GSE247528)",6,12
"ENSG00000106031",1.23817489824979,0.0248618784530387,"osteogen","N",13,"SERPINA3-KD osteo (GSE247528)",6,12
"ENSG00000106049",10.4099119354571,0.900552486187845,"osteogen","N",13,"SERPINA3-KD osteo (GSE247528)",6,12
"ENSG00000106236",2.98039332152749,0.20902394106814,"osteogen","N",13,"SERPINA3-KD osteo (GSE247528)",6,12
"ENSG00000106299",8.95892156483636,0.757213014119091,"osteogen","N",13,"SERPINA3-KD osteo (GSE247528)",6,12
"ENSG00000106344",9.26252625763312,0.793124616329036,"osteogen","N",13,"SERPINA3-KD osteo (GSE247528)",6,12
"ENSG00000106366",15.7613183277228,0.999079189686924,"osteogen","N",13,"SERPINA3-KD osteo (GSE247528)",6,12
"ENSG00000106511",6.89235294705013,0.540208717004297,"osteogen","N",13,"SERPINA3-KD osteo (GSE247528)",6,12
"ENSG00000106524",8.68614181330214,0.726212400245549,"osteogen","N",13,"SERPINA3-KD osteo (GSE247528)",6,12
"ENSG00000106537",8.08013945986358,0.657765500306937,"osteogen","N",13,"SERPINA3-KD osteo (GSE247528)",6,12
"ENSG00000106591",9.93240900457267,0.862492326580724,"osteogen","N",13,"SERPINA3-KD osteo (GSE247528)",6,12
"ENSG00000106635",8.68106376276262,0.725598526703499,"osteogen","N",13,"SERPINA3-KD osteo (GSE247528)",6,12
"ENSG00000106636",11.1507212820793,0.943523634131369,"osteogen","N",13,"SERPINA3-KD osteo (GSE247528)",6,12
"ENSG00000106780",6.48107691960214,0.502762430939227,"osteogen","N",13,"SERPINA3-KD osteo (GSE247528)",6,12
"ENSG00000107282",3.01805668485015,0.213627992633518,"osteogen","N",13,"SERPINA3-KD osteo (GSE247528)",6,12
"ENSG00000107341",8.67759513880489,0.724677716390424,"osteogen","N",13,"SERPINA3-KD osteo (GSE247528)",6,12
"ENSG00000107438",9.64380999480324,0.83670963781461,"osteogen","N",13,"SERPINA3-KD osteo (GSE247528)",6,12
"ENSG00000107854",7.85850708730894,0.634745242480049,"osteogen","N",13,"SERPINA3-KD osteo (GSE247528)",6,12
"ENSG00000107862",10.9397802483718,0.930325352977287,"osteogen","N",13,"SERPINA3-KD osteo (GSE247528)",6,12
"ENSG00000108239",6.08982940603472,0.460405156537753,"osteogen","N",13,"SERPINA3-KD osteo (GSE247528)",6,12
"ENSG00000108256",9.10553981123099,0.774094536525476,"osteogen","N",13,"SERPINA3-KD osteo (GSE247528)",6,12
"ENSG00000108518",15.2656541898844,0.997544505831799,"osteogen","N",13,"SERPINA3-KD osteo (GSE247528)",6,12
"ENSG00000108551",10.417943539325,0.901780233271946,"osteogen","N",13,"SERPINA3-KD osteo (GSE247528)",6,12
"ENSG00000108561",11.7840850319657,0.965316144874156,"osteogen","N",13,"SERPINA3-KD osteo (GSE247528)",6,12
"ENSG00000108639",9.00292456204299,0.761817065684469,"osteogen","N",13,"SERPINA3-KD osteo (GSE247528)",6,12
"ENSG00000108700",5.51481294313847,0.415899324739104,"osteogen","N",13,"SERPINA3-KD osteo (GSE247528)",6,12
"ENSG00000108759",0.590645133535149,0.00276243093922652,"osteogen","N",13,"SERPINA3-KD osteo (GSE247528)",6,12
"ENSG00000108861",10.6998757289582,0.919582565991406,"osteogen","N",13,"SERPINA3-KD osteo (GSE247528)",6,12
"ENSG00000108947",1.7634361444675,0.0813382443216697,"osteogen","N",13,"SERPINA3-KD osteo (GSE247528)",6,12
"ENSG00000108960",8.8693414759841,0.747697974217311,"osteogen","N",13,"SERPINA3-KD osteo (GSE247528)",6,12
"ENSG00000109089",9.21095682317671,0.786065070595457,"osteogen","N",13,"SERPINA3-KD osteo (GSE247528)",6,12
"ENSG00000109272",7.68058201613653,0.615101289134438,"osteogen","N",13,"SERPINA3-KD osteo (GSE247528)",6,12
"ENSG00000109436",8.75103462100742,0.734499693063229,"osteogen","N",13,"SERPINA3-KD osteo (GSE247528)",6,12
"ENSG00000109536",7.8013526567689,0.628913443830571,"osteogen","N",13,"SERPINA3-KD osteo (GSE247528)",6,12
"ENSG00000109610",6.28558205108469,0.48096992019644,"osteogen","N",13,"SERPINA3-KD osteo (GSE247528)",6,12
"ENSG00000109674",5.07464179228546,0.379987722529159,"osteogen","N",13,"SERPINA3-KD osteo (GSE247528)",6,12
"ENSG00000109819",2.36531713745924,0.147636586863106,"osteogen","N",13,"SERPINA3-KD osteo (GSE247528)",6,12
"ENSG00000109846",10.0577092085029,0.869244935543278,"osteogen","N",13,"SERPINA3-KD osteo (GSE247528)",6,12
"ENSG00000109919",10.2309466715397,0.884898710865562,"osteogen","N",13,"SERPINA3-KD osteo (GSE247528)",6,12
"ENSG00000109920",8.7896202859114,0.738796807857581,"osteogen","N",13,"SERPINA3-KD osteo (GSE247528)",6,12
"ENSG00000109943",2.01146120137379,0.108041743400859,"osteogen","N",13,"SERPINA3-KD osteo (GSE247528)",6,12
"ENSG00000110057",4.53890558065255,0.333333333333333,"osteogen","N",13,"SERPINA3-KD osteo (GSE247528)",6,12
"ENSG00000110060",7.70730034214792,0.617863720073665,"osteogen","N",13,"SERPINA3-KD osteo (GSE247528)",6,12
"ENSG00000110092",15.0347637795643,0.996930632289748,"osteogen","N",13,"SERPINA3-KD osteo (GSE247528)",6,12
"ENSG00000110107",7.92858051693024,0.640577041129527,"osteogen","N",13,"SERPINA3-KD osteo (GSE247528)",6,12
"ENSG00000110200",9.1113536517998,0.775015346838551,"osteogen","N",13,"SERPINA3-KD osteo (GSE247528)",6,12
"ENSG00000110218",10.2496741220068,0.886740331491713,"osteogen","N",13,"SERPINA3-KD osteo (GSE247528)",6,12
"ENSG00000110237",10.3422247661026,0.895641497851443,"osteogen","N",13,"SERPINA3-KD osteo (GSE247528)",6,12
"ENSG00000110315",10.5847841095587,0.914364640883978,"osteogen","N",13,"SERPINA3-KD osteo (GSE247528)",6,12
"ENSG00000110328",7.33342614148051,0.578575813382443,"osteogen","N",13,"SERPINA3-KD osteo (GSE247528)",6,12
"ENSG00000110375",1.24679284027478,0.025475751995089,"osteogen","N",13,"SERPINA3-KD osteo (GSE247528)",6,12
"ENSG00000110395",8.02683601747598,0.653161448741559,"osteogen","N",13,"SERPINA3-KD osteo (GSE247528)",6,12
"ENSG00000110700",11.7787594773869,0.964702271332106,"osteogen","N",13,"SERPINA3-KD osteo (GSE247528)",6,12
"ENSG00000110756",9.22524583692724,0.787599754450583,"osteogen","N",13,"SERPINA3-KD osteo (GSE247528)",6,12
"ENSG00000110768",9.63010539400465,0.835788827501535,"osteogen","N",13,"SERPINA3-KD osteo (GSE247528)",6,12
"ENSG00000110852",5.09243045379097,0.38121546961326,"osteogen","N",13,"SERPINA3-KD osteo (GSE247528)",6,12
"ENSG00000110917",10.412347702498,0.90085942295887,"osteogen","N",13,"SERPINA3-KD osteo (GSE247528)",6,12
"ENSG00000110925",7.44392732454092,0.590546347452425,"osteogen","N",13,"SERPINA3-KD osteo (GSE247528)",6,12
"ENSG00000110944",2.44264995004893,0.157151626764886,"osteogen","N",13,"SERPINA3-KD osteo (GSE247528)",6,12
"ENSG00000110955",13.8533902207588,0.993247391037446,"osteogen","N",13,"SERPINA3-KD osteo (GSE247528)",6,12
"ENSG00000110987",6.22635674275983,0.475751995089012,"osteogen","N",13,"SERPINA3-KD osteo (GSE247528)",6,12
"ENSG00000111052",7.39603425893749,0.585635359116022,"osteogen","N",13,"SERPINA3-KD osteo (GSE247528)",6,12
"ENSG00000111058",8.02110249006305,0.652547575199509,"osteogen","N",13,"SERPINA3-KD osteo (GSE247528)",6,12
"ENSG00000111145",11.1872423704061,0.945672191528545,"osteogen","N",13,"SERPINA3-KD osteo (GSE247528)",6,12
"ENSG00000111231",9.26950340052345,0.794352363413137,"osteogen","N",13,"SERPINA3-KD osteo (GSE247528)",6,12
"ENSG00000111254",2.5121300346293,0.166052793124616,"osteogen","N",13,"SERPINA3-KD osteo (GSE247528)",6,12
"ENSG00000111261",6.65367581407399,0.51841620626151,"osteogen","N",13,"SERPINA3-KD osteo (GSE247528)",6,12
"ENSG00000111266",7.20165134898817,0.566605279312462,"osteogen","N",13,"SERPINA3-KD osteo (GSE247528)",6,12
"ENSG00000111269",7.54080800690977,0.599447513812155,"osteogen","N",13,"SERPINA3-KD osteo (GSE247528)",6,12
"ENSG00000111328",9.56395429979301,0.82719459791283,"osteogen","N",13,"SERPINA3-KD osteo (GSE247528)",6,12
"ENSG00000111348",5.20016212713914,0.39073050951504,"osteogen","N",13,"SERPINA3-KD osteo (GSE247528)",6,12
"ENSG00000111404",0.774252871655506,0.00429711479435236,"osteogen","N",13,"SERPINA3-KD osteo (GSE247528)",6,12
"ENSG00000111405",1.40897955326458,0.0466543891958257,"osteogen","N",13,"SERPINA3-KD osteo (GSE247528)",6,12
"ENSG00000111412",8.88001586222011,0.749539594843462,"osteogen","N",13,"SERPINA3-KD osteo (GSE247528)",6,12
"ENSG00000111639",11.0768987190032,0.939226519337017,"osteogen","N",13,"SERPINA3-KD osteo (GSE247528)",6,12
"ENSG00000111674",8.71809549197187,0.731123388581952,"osteogen","N",13,"SERPINA3-KD osteo (GSE247528)",6,12
"ENSG00000111775",11.57410755894,0.959177409453653,"osteogen","N",13,"SERPINA3-KD osteo (GSE247528)",6,12
"ENSG00000111816",6.25459071738365,0.478514426028238,"osteogen","N",13,"SERPINA3-KD osteo (GSE247528)",6,12
"ENSG00000111843",10.0998605189242,0.873235113566605,"osteogen","N",13,"SERPINA3-KD osteo (GSE247528)",6,12
"ENSG00000111845",8.90230058051445,0.751381215469613,"osteogen","N",13,"SERPINA3-KD osteo (GSE247528)",6,12
"ENSG00000111875",9.49100362870976,0.821362799263352,"osteogen","N",13,"SERPINA3-KD osteo (GSE247528)",6,12
"ENSG00000111885",9.22586800533136,0.787906691221608,"osteogen","N",13,"SERPINA3-KD osteo (GSE247528)",6,12
"ENSG00000111897",12.5701009276744,0.982811540822591,"osteogen","N",13,"SERPINA3-KD osteo (GSE247528)",6,12
"ENSG00000111911",8.0871034759026,0.658993247391037,"osteogen","N",13,"SERPINA3-KD osteo (GSE247528)",6,12
"ENSG00000111962",6.93118276423033,0.543891958256599,"osteogen","N",13,"SERPINA3-KD osteo (GSE247528)",6,12
"ENSG00000111981",4.52215656336049,0.331184775936157,"osteogen","N",13,"SERPINA3-KD osteo (GSE247528)",6,12
"ENSG00000112039",4.45307728201118,0.325352977286679,"osteogen","N",13,"SERPINA3-KD osteo (GSE247528)",6,12
"ENSG00000112079",10.3958331699628,0.89963167587477,"osteogen","N",13,"SERPINA3-KD osteo (GSE247528)",6,12
"ENSG00000112175",1.37193068905796,0.041743400859423,"osteogen","N",13,"SERPINA3-KD osteo (GSE247528)",6,12
"ENSG00000112218",2.50199774876136,0.165131982811541,"osteogen","N",13,"SERPINA3-KD osteo (GSE247528)",6,12
"ENSG00000112234",9.08799599669316,0.772252915899325,"osteogen","N",13,"SERPINA3-KD osteo (GSE247528)",6,12
"ENSG00000112299",4.04504095294427,0.293124616329036,"osteogen","N",13,"SERPINA3-KD osteo (GSE247528)",6,12
"ENSG00000112306",10.7075049128299,0.919889502762431,"osteogen","N",13,"SERPINA3-KD osteo (GSE247528)",6,12
"ENSG00000112365",6.59138231165776,0.512584407612032,"osteogen","N",13,"SERPINA3-KD osteo (GSE247528)",6,12
"ENSG00000112379",2.66765205319426,0.182013505217925,"osteogen","N",13,"SERPINA3-KD osteo (GSE247528)",6,12
"ENSG00000112406",6.82430863731042,0.533763044812769,"osteogen","N",13,"SERPINA3-KD osteo (GSE247528)",6,12
"ENSG00000112599",2.96798508042971,0.207489257213014,"osteogen","N",13,"SERPINA3-KD osteo (GSE247528)",6,12
"ENSG00000112619",4.52949409654031,0.332412523020258,"osteogen","N",13,"SERPINA3-KD osteo (GSE247528)",6,12
"ENSG00000112658",7.9518267100131,0.643646408839779,"osteogen","N",13,"SERPINA3-KD osteo (GSE247528)",6,12
"ENSG00000112852",6.04210879245618,0.455801104972376,"osteogen","N",13,"SERPINA3-KD osteo (GSE247528)",6,12
"ENSG00000112877",4.89572823013025,0.36279926335175,"osteogen","N",13,"SERPINA3-KD osteo (GSE247528)",6,12
"ENSG00000112981",5.44346155942125,0.410988336402701,"osteogen","N",13,"SERPINA3-KD osteo (GSE247528)",6,12
"ENSG00000113070",7.22734038388001,0.569060773480663,"osteogen","N",13,"SERPINA3-KD osteo (GSE247528)",6,12
"ENSG00000113205",2.32824371189389,0.143032535297729,"osteogen","N",13,"SERPINA3-KD osteo (GSE247528)",6,12
"ENSG00000113209",4.98766328889793,0.371086556169429,"osteogen","N",13,"SERPINA3-KD osteo (GSE247528)",6,12
"ENSG00000113211",6.23566479462568,0.476672805402087,"osteogen","N",13,"SERPINA3-KD osteo (GSE247528)",6,12
"ENSG00000113212",7.12643798821784,0.560773480662983,"osteogen","N",13,"SERPINA3-KD osteo (GSE247528)",6,12
"ENSG00000113248",4.62202066982332,0.341620626151013,"osteogen","N",13,"SERPINA3-KD osteo (GSE247528)",6,12
"ENSG00000113369",10.2767717744396,0.888888888888889,"osteogen","N",13,"SERPINA3-KD osteo (GSE247528)",6,12
"ENSG00000113555",1.97710341307235,0.104051565377532,"osteogen","N",13,"SERPINA3-KD osteo (GSE247528)",6,12
"ENSG00000113583",11.7706380623875,0.963474524248005,"osteogen","N",13,"SERPINA3-KD osteo (GSE247528)",6,12
"ENSG00000113643",11.4950115994961,0.956108041743401,"osteogen","N",13,"SERPINA3-KD osteo (GSE247528)",6,12
"ENSG00000113732",12.5510792806684,0.98219766728054,"osteogen","N",13,"SERPINA3-KD osteo (GSE247528)",6,12
"ENSG00000113805",2.24162427407017,0.133517495395948,"osteogen","N",13,"SERPINA3-KD osteo (GSE247528)",6,12
"ENSG00000114107",7.98067814530651,0.647022713321056,"osteogen","N",13,"SERPINA3-KD osteo (GSE247528)",6,12
"ENSG00000114166",5.81834495066388,0.438612645794966,"osteogen","N",13,"SERPINA3-KD osteo (GSE247528)",6,12
"ENSG00000114315",2.70119629797924,0.185696746470227,"osteogen","N",13,"SERPINA3-KD osteo (GSE247528)",6,12
"ENSG00000114446",10.778785915409,0.922958870472683,"osteogen","N",13,"SERPINA3-KD osteo (GSE247528)",6,12
"ENSG00000114638",2.47924808169511,0.162676488643339,"osteogen","N",13,"SERPINA3-KD osteo (GSE247528)",6,12
"ENSG00000114686",11.18289716379,0.945058317986495,"osteogen","N",13,"SERPINA3-KD osteo (GSE247528)",6,12
"ENSG00000114744",10.2954771101658,0.89073050951504,"osteogen","N",13,"SERPINA3-KD osteo (GSE247528)",6,12
"ENSG00000114767",9.41676913006492,0.811847759361571,"osteogen","N",13,"SERPINA3-KD osteo (GSE247528)",6,12
"ENSG00000114784",9.15057321121638,0.779619398403929,"osteogen","N",13,"SERPINA3-KD osteo (GSE247528)",6,12
"ENSG00000114850",12.612920110651,0.983732351135666,"osteogen","N",13,"SERPINA3-KD osteo (GSE247528)",6,12
"ENSG00000114999",8.17461982807703,0.666666666666667,"osteogen","N",13,"SERPINA3-KD osteo (GSE247528)",6,12
"ENSG00000115073",10.131360331447,0.875383670963781,"osteogen","N",13,"SERPINA3-KD osteo (GSE247528)",6,12
"ENSG00000115128",10.5451272078062,0.911602209944751,"osteogen","N",13,"SERPINA3-KD osteo (GSE247528)",6,12
"ENSG00000115361",2.06276898302356,0.114180478821363,"osteogen","N",13,"SERPINA3-KD osteo (GSE247528)",6,12
"ENSG00000115461",9.28040512981278,0.795580110497238,"osteogen","N",13,"SERPINA3-KD osteo (GSE247528)",6,12
"ENSG00000115474",2.33963451420177,0.144567219152855,"osteogen","N",13,"SERPINA3-KD osteo (GSE247528)",6,12
"ENSG00000115520",10.3778246679524,0.898096992019644,"osteogen","N",13,"SERPINA3-KD osteo (GSE247528)",6,12
"ENSG00000115942",8.44300190453137,0.70012277470841,"osteogen","N",13,"SERPINA3-KD osteo (GSE247528)",6,12
"ENSG00000115946",9.84120599893353,0.856046654389196,"osteogen","N",13,"SERPINA3-KD osteo (GSE247528)",6,12
"ENSG00000115998",8.14570258461312,0.664825046040516,"osteogen","N",13,"SERPINA3-KD osteo (GSE247528)",6,12
"ENSG00000116035",4.61316241511857,0.340392879066912,"osteogen","N",13,"SERPINA3-KD osteo (GSE247528)",6,12
"ENSG00000116096",9.39720244407884,0.810620012277471,"osteogen","N",13,"SERPINA3-KD osteo (GSE247528)",6,12
"ENSG00000116157",9.30908641611797,0.800798035604665,"osteogen","N",13,"SERPINA3-KD osteo (GSE247528)",6,12
"ENSG00000116273",8.58083616379877,0.714241866175568,"osteogen","N",13,"SERPINA3-KD osteo (GSE247528)",6,12
"ENSG00000116574",4.361759871417,0.317986494782075,"osteogen","N",13,"SERPINA3-KD osteo (GSE247528)",6,12
"ENSG00000116704",10.0715132100149,0.870472682627379,"osteogen","N",13,"SERPINA3-KD osteo (GSE247528)",6,12
"ENSG00000116741",9.71414871793965,0.84499693063229,"osteogen","N",13,"SERPINA3-KD osteo (GSE247528)",6,12
"ENSG00000116752",9.87493380791738,0.858809085328422,"osteogen","N",13,"SERPINA3-KD osteo (GSE247528)",6,12
"ENSG00000116771",5.75474530607194,0.434622467771639,"osteogen","N",13,"SERPINA3-KD osteo (GSE247528)",6,12
"ENSG00000116903",7.40963004401642,0.587476979742173,"osteogen","N",13,"SERPINA3-KD osteo (GSE247528)",6,12
"ENSG00000116954",7.39427502357897,0.585328422344997,"osteogen","N",13,"SERPINA3-KD osteo (GSE247528)",6,12
"ENSG00000117000",9.32700827440427,0.802332719459791,"osteogen","N",13,"SERPINA3-KD osteo (GSE247528)",6,12
"ENSG00000117318",10.4071780042215,0.899938612645795,"osteogen","N",13,"SERPINA3-KD osteo (GSE247528)",6,12
"ENSG00000117592",11.8639657463678,0.969613259668508,"osteogen","N",13,"SERPINA3-KD osteo (GSE247528)",6,12
"ENSG00000117676",2.45601700573933,0.160834868017188,"osteogen","N",13,"SERPINA3-KD osteo (GSE247528)",6,12
"ENSG00000118181",10.3082832242653,0.891651319828115,"osteogen","N",13,"SERPINA3-KD osteo (GSE247528)",6,12
"ENSG00000118217",10.1336461523418,0.876304481276857,"osteogen","N",13,"SERPINA3-KD osteo (GSE247528)",6,12
"ENSG00000118292",7.1696014542459,0.56414978514426,"osteogen","N",13,"SERPINA3-KD osteo (GSE247528)",6,12
"ENSG00000118402",8.16369142614515,0.666359729895642,"osteogen","N",13,"SERPINA3-KD osteo (GSE247528)",6,12
"ENSG00000118412",5.5910362450678,0.422038060159607,"osteogen","N",13,"SERPINA3-KD osteo (GSE247528)",6,12
"ENSG00000118496",9.76741089610349,0.849600982197667,"osteogen","N",13,"SERPINA3-KD osteo (GSE247528)",6,12
"ENSG00000118508",8.58339706136078,0.714855739717618,"osteogen","N",13,"SERPINA3-KD osteo (GSE247528)",6,12
"ENSG00000118523",14.9348361735746,0.996623695518723,"osteogen","N",13,"SERPINA3-KD osteo (GSE247528)",6,12
"ENSG00000118526",4.68399520918766,0.34499693063229,"osteogen","N",13,"SERPINA3-KD osteo (GSE247528)",6,12
"ENSG00000118655",7.84770440384005,0.633824432166974,"osteogen","N",13,"SERPINA3-KD osteo (GSE247528)",6,12
"ENSG00000118762",8.5391524479644,0.710558624923266,"osteogen","N",13,"SERPINA3-KD osteo (GSE247528)",6,12
"ENSG00000118804",7.9648362648912,0.64487415592388,"osteogen","N",13,"SERPINA3-KD osteo (GSE247528)",6,12
"ENSG00000118971",8.43623120410076,0.698281154082259,"osteogen","N",13,"SERPINA3-KD osteo (GSE247528)",6,12
"ENSG00000118972",12.8335200794656,0.985267034990792,"osteogen","N",13,"SERPINA3-KD osteo (GSE247528)",6,12
"ENSG00000119048",10.720423690861,0.920503376304481,"osteogen","N",13,"SERPINA3-KD osteo (GSE247528)",6,12
"ENSG00000119138",8.20330736966481,0.670656844689994,"osteogen","N",13,"SERPINA3-KD osteo (GSE247528)",6,12
"ENSG00000119227",6.40468005754046,0.490178023327195,"osteogen","N",13,"SERPINA3-KD osteo (GSE247528)",6,12
"ENSG00000119242",8.20525026511932,0.671577655003069,"osteogen","N",13,"SERPINA3-KD osteo (GSE247528)",6,12
"ENSG00000119421",10.1572791380282,0.878146101903008,"osteogen","N",13,"SERPINA3-KD osteo (GSE247528)",6,12
"ENSG00000119514",1.45195972438829,0.0506445672191529,"osteogen","N",13,"SERPINA3-KD osteo (GSE247528)",6,12
"ENSG00000119632",9.34113739756163,0.803560466543892,"osteogen","N",13,"SERPINA3-KD osteo (GSE247528)",6,12
"ENSG00000119640",6.22408654587611,0.474831184775936,"osteogen","N",13,"SERPINA3-KD osteo (GSE247528)",6,12
"ENSG00000119669",8.9577795927807,0.756599140577041,"osteogen","N",13,"SERPINA3-KD osteo (GSE247528)",6,12
"ENSG00000119699",7.91876748734937,0.639042357274402,"osteogen","N",13,"SERPINA3-KD osteo (GSE247528)",6,12
"ENSG00000119737",2.09553531210154,0.11878453038674,"osteogen","N",13,"SERPINA3-KD osteo (GSE247528)",6,12
"ENSG00000119865",10.1232665341691,0.874769797421731,"osteogen","N",13,"SERPINA3-KD osteo (GSE247528)",6,12
"ENSG00000119878",9.29841151480131,0.797728667894414,"osteogen","N",13,"SERPINA3-KD osteo (GSE247528)",6,12
"ENSG00000119900",7.67629338494894,0.613873542050338,"osteogen","N",13,"SERPINA3-KD osteo (GSE247528)",6,12
"ENSG00000119913",3.21882797143239,0.233271945979128,"osteogen","N",13,"SERPINA3-KD osteo (GSE247528)",6,12
"ENSG00000119915",5.51049478727681,0.415285451197053,"osteogen","N",13,"SERPINA3-KD osteo (GSE247528)",6,12
"ENSG00000119938",9.29265811782767,0.797114794352363,"osteogen","N",13,"SERPINA3-KD osteo (GSE247528)",6,12
"ENSG00000119986",8.63671682970532,0.720687538367096,"osteogen","N",13,"SERPINA3-KD osteo (GSE247528)",6,12
"ENSG00000120057",2.60295112575168,0.176795580110497,"osteogen","N",13,"SERPINA3-KD osteo (GSE247528)",6,12
"ENSG00000120068",2.01875868515618,0.108962553713935,"osteogen","N",13,"SERPINA3-KD osteo (GSE247528)",6,12
"ENSG00000120075",4.5305304670548,0.332719459791283,"osteogen","N",13,"SERPINA3-KD osteo (GSE247528)",6,12
"ENSG00000120129",11.0254064894905,0.93646408839779,"osteogen","N",13,"SERPINA3-KD osteo (GSE247528)",6,12
"ENSG00000120137",8.63955745982932,0.721301411909147,"osteogen","N",13,"SERPINA3-KD osteo (GSE247528)",6,12
"ENSG00000120210",2.49626023899291,0.164211172498465,"osteogen","N",13,"SERPINA3-KD osteo (GSE247528)",6,12
"ENSG00000120279",3.28504828932496,0.239103744628607,"osteogen","N",13,"SERPINA3-KD osteo (GSE247528)",6,12
"ENSG00000120322",2.47653258882388,0.162369551872314,"osteogen","N",13,"SERPINA3-KD osteo (GSE247528)",6,12
"ENSG00000120324",5.14211353272375,0.386126457949662,"osteogen","N",13,"SERPINA3-KD osteo (GSE247528)",6,12
"ENSG00000120327",6.40895992053525,0.49048496009822,"osteogen","N",13,"SERPINA3-KD osteo (GSE247528)",6,12
"ENSG00000120328",4.04643489246913,0.293738489871087,"osteogen","N",13,"SERPINA3-KD osteo (GSE247528)",6,12
"ENSG00000120333",9.43954893994049,0.813689379987723,"osteogen","N",13,"SERPINA3-KD osteo (GSE247528)",6,12
"ENSG00000120437",10.1233656492565,0.875076734192756,"osteogen","N",13,"SERPINA3-KD osteo (GSE247528)",6,12
"ENSG00000120675",10.9562044252044,0.932473910374463,"osteogen","N",13,"SERPINA3-KD osteo (GSE247528)",6,12
"ENSG00000120688",9.04844357734105,0.766728054020872,"osteogen","N",13,"SERPINA3-KD osteo (GSE247528)",6,12
"ENSG00000120696",7.56225592829211,0.601903007980356,"osteogen","N",13,"SERPINA3-KD osteo (GSE247528)",6,12
"ENSG00000120738",8.59568439400906,0.716083486801719,"osteogen","N",13,"SERPINA3-KD osteo (GSE247528)",6,12
"ENSG00000120800",8.33898708103596,0.685696746470227,"osteogen","N",13,"SERPINA3-KD osteo (GSE247528)",6,12
"ENSG00000120837",8.43995797102846,0.698588090853284,"osteogen","N",13,"SERPINA3-KD osteo (GSE247528)",6,12
"ENSG00000120875",8.85972326921168,0.74585635359116,"osteogen","N",13,"SERPINA3-KD osteo (GSE247528)",6,12
"ENSG00000120937",0.995996092830824,0.0110497237569061,"osteogen","N",13,"SERPINA3-KD osteo (GSE247528)",6,12
"ENSG00000121005",7.15900238419194,0.563228974831185,"osteogen","N",13,"SERPINA3-KD osteo (GSE247528)",6,12
"ENSG00000121058",8.08046055282014,0.658379373848987,"osteogen","N",13,"SERPINA3-KD osteo (GSE247528)",6,12
"ENSG00000121089",3.38718983692061,0.246163290362185,"osteogen","N",13,"SERPINA3-KD osteo (GSE247528)",6,12
"ENSG00000121104",6.02099860883161,0.452731737262124,"osteogen","N",13,"SERPINA3-KD osteo (GSE247528)",6,12
"ENSG00000121211",4.63213792747351,0.342234499693063,"osteogen","N",13,"SERPINA3-KD osteo (GSE247528)",6,12
"ENSG00000121297",7.94242683342135,0.642725598526704,"osteogen","N",13,"SERPINA3-KD osteo (GSE247528)",6,12
"ENSG00000121318",1.23133121415131,0.0242480049109883,"osteogen","N",13,"SERPINA3-KD osteo (GSE247528)",6,12
"ENSG00000121361",7.22794209525588,0.569367710251688,"osteogen","N",13,"SERPINA3-KD osteo (GSE247528)",6,12
"ENSG00000121406",6.97012519746599,0.548189073050952,"osteogen","N",13,"SERPINA3-KD osteo (GSE247528)",6,12
"ENSG00000121454",3.29120875830807,0.240331491712707,"osteogen","N",13,"SERPINA3-KD osteo (GSE247528)",6,12
"ENSG00000121552",5.11761215915343,0.383364027010436,"osteogen","N",13,"SERPINA3-KD osteo (GSE247528)",6,12
"ENSG00000121621",7.10411663179943,0.558011049723757,"osteogen","N",13,"SERPINA3-KD osteo (GSE247528)",6,12
"ENSG00000121691",10.8812659719375,0.927255985267035,"osteogen","N",13,"SERPINA3-KD osteo (GSE247528)",6,12
"ENSG00000121769",5.54775880884863,0.419275629220381,"osteogen","N",13,"SERPINA3-KD osteo (GSE247528)",6,12
"ENSG00000121879",7.7615675468415,0.624002455494168,"osteogen","N",13,"SERPINA3-KD osteo (GSE247528)",6,12
"ENSG00000121895",1.77528308274379,0.0834868017188459,"osteogen","N",13,"SERPINA3-KD osteo (GSE247528)",6,12
"ENSG00000122035",5.705339415645,0.431246163290362,"osteogen","N",13,"SERPINA3-KD osteo (GSE247528)",6,12
"ENSG00000122254",2.37243426207464,0.147943523634131,"osteogen","N",13,"SERPINA3-KD osteo (GSE247528)",6,12
"ENSG00000122484",9.08337375456286,0.771639042357274,"osteogen","N",13,"SERPINA3-KD osteo (GSE247528)",6,12
"ENSG00000122592",8.15168095542997,0.665438919582566,"osteogen","N",13,"SERPINA3-KD osteo (GSE247528)",6,12
"ENSG00000122692",10.2999306017539,0.89134438305709,"osteogen","N",13,"SERPINA3-KD osteo (GSE247528)",6,12
"ENSG00000122862",12.1898153422244,0.976058931860037,"osteogen","N",13,"SERPINA3-KD osteo (GSE247528)",6,12
"ENSG00000122863",9.51516150806594,0.823204419889503,"osteogen","N",13,"SERPINA3-KD osteo (GSE247528)",6,12
"ENSG00000122971",8.42728554052055,0.697667280540209,"osteogen","N",13,"SERPINA3-KD osteo (GSE247528)",6,12
"ENSG00000123066",9.27646759439027,0.794966236955187,"osteogen","N",13,"SERPINA3-KD osteo (GSE247528)",6,12
"ENSG00000123091",10.49060101783,0.907305095150399,"osteogen","N",13,"SERPINA3-KD osteo (GSE247528)",6,12
"ENSG00000123095",7.45680296080764,0.591774094536526,"osteogen","N",13,"SERPINA3-KD osteo (GSE247528)",6,12
"ENSG00000123268",8.87005636342125,0.748004910988336,"osteogen","N",13,"SERPINA3-KD osteo (GSE247528)",6,12
"ENSG00000123364",2.33393401014027,0.143646408839779,"osteogen","N",13,"SERPINA3-KD osteo (GSE247528)",6,12
"ENSG00000123388",6.8780436944167,0.538980969920196,"osteogen","N",13,"SERPINA3-KD osteo (GSE247528)",6,12
"ENSG00000123444",7.80980870839216,0.630141190914672,"osteogen","N",13,"SERPINA3-KD osteo (GSE247528)",6,12
"ENSG00000123496",6.16957761913784,0.468692449355433,"osteogen","N",13,"SERPINA3-KD osteo (GSE247528)",6,12
"ENSG00000123545",8.62412938688362,0.71853898096992,"osteogen","N",13,"SERPINA3-KD osteo (GSE247528)",6,12
"ENSG00000123570",5.00755639206107,0.373848987108656,"osteogen","N",13,"SERPINA3-KD osteo (GSE247528)",6,12
"ENSG00000123575",8.24150258525746,0.674647022713321,"osteogen","N",13,"SERPINA3-KD osteo (GSE247528)",6,12
"ENSG00000123595",8.53717191855098,0.709944751381215,"osteogen","N",13,"SERPINA3-KD osteo (GSE247528)",6,12
"ENSG00000123610",11.135462252082,0.942295887047268,"osteogen","N",13,"SERPINA3-KD osteo (GSE247528)",6,12
"ENSG00000123685",3.53930209996876,0.256599140577041,"osteogen","N",13,"SERPINA3-KD osteo (GSE247528)",6,12
"ENSG00000123689",9.25422415567975,0.791896869244936,"osteogen","N",13,"SERPINA3-KD osteo (GSE247528)",6,12
"ENSG00000123700",8.7831080984072,0.73634131368938,"osteogen","N",13,"SERPINA3-KD osteo (GSE247528)",6,12
"ENSG00000123810",7.13194745050715,0.561080417434009,"osteogen","N",13,"SERPINA3-KD osteo (GSE247528)",6,12
"ENSG00000123901",2.93225010316844,0.204112952731737,"osteogen","N",13,"SERPINA3-KD osteo (GSE247528)",6,12
"ENSG00000123975",8.76850625401292,0.734806629834254,"osteogen","N",13,"SERPINA3-KD osteo (GSE247528)",6,12
"ENSG00000124102",4.39259997758476,0.321055862492327,"osteogen","N",13,"SERPINA3-KD osteo (GSE247528)",6,12
"ENSG00000124107",6.21649292551552,0.473603437691835,"osteogen","N",13,"SERPINA3-KD osteo (GSE247528)",6,12
"ENSG00000124134",2.67468487739911,0.182627378759975,"osteogen","N",13,"SERPINA3-KD osteo (GSE247528)",6,12
"ENSG00000124145",13.1923820720444,0.987415592387968,"osteogen","N",13,"SERPINA3-KD osteo (GSE247528)",6,12
"ENSG00000124171",5.96599577233974,0.450583179864948,"osteogen","N",13,"SERPINA3-KD osteo (GSE247528)",6,12
"ENSG00000124209",8.1895816177582,0.668201350521793,"osteogen","N",13,"SERPINA3-KD osteo (GSE247528)",6,12
"ENSG00000124212",8.66664198914504,0.724370779619398,"osteogen","N",13,"SERPINA3-KD osteo (GSE247528)",6,12
"ENSG00000124216",7.64575482708145,0.60988336402701,"osteogen","N",13,"SERPINA3-KD osteo (GSE247528)",6,12
"ENSG00000124217",8.1614840897846,0.666052793124616,"osteogen","N",13,"SERPINA3-KD osteo (GSE247528)",6,12
"ENSG00000124249",3.70485584239437,0.270411295273174,"osteogen","N",13,"SERPINA3-KD osteo (GSE247528)",6,12
"ENSG00000124257",2.96358658659603,0.207182320441989,"osteogen","N",13,"SERPINA3-KD osteo (GSE247528)",6,12
"ENSG00000124374",3.59700843671517,0.261203192142419,"osteogen","N",13,"SERPINA3-KD osteo (GSE247528)",6,12
"ENSG00000124466",3.6944003987873,0.268876611418048,"osteogen","N",13,"SERPINA3-KD osteo (GSE247528)",6,12
"ENSG00000124541",6.67630090576983,0.520257826887661,"osteogen","N",13,"SERPINA3-KD osteo (GSE247528)",6,12
"ENSG00000124608",8.31283374353657,0.684162062615101,"osteogen","N",13,"SERPINA3-KD osteo (GSE247528)",6,12
"ENSG00000124610",2.37692597201124,0.148557397176182,"osteogen","N",13,"SERPINA3-KD osteo (GSE247528)",6,12
"ENSG00000124613",5.5806509814831,0.421117249846532,"osteogen","N",13,"SERPINA3-KD osteo (GSE247528)",6,12
"ENSG00000124635",5.35647994070941,0.404849600982198,"osteogen","N",13,"SERPINA3-KD osteo (GSE247528)",6,12
"ENSG00000124659",9.57444399193765,0.828729281767956,"osteogen","N",13,"SERPINA3-KD osteo (GSE247528)",6,12
"ENSG00000124713",1.29332727732764,0.0334561080417434,"osteogen","N",13,"SERPINA3-KD osteo (GSE247528)",6,12
"ENSG00000124733",10.9506119573879,0.931553100061387,"osteogen","N",13,"SERPINA3-KD osteo (GSE247528)",6,12
"ENSG00000124743",2.93184359559882,0.203806015960712,"osteogen","N",13,"SERPINA3-KD osteo (GSE247528)",6,12
"ENSG00000124766",11.1144940236848,0.941682013505218,"osteogen","N",13,"SERPINA3-KD osteo (GSE247528)",6,12
"ENSG00000124767",11.714377243989,0.961632903621854,"osteogen","N",13,"SERPINA3-KD osteo (GSE247528)",6,12
"ENSG00000124784",9.05293260652622,0.767648864333947,"osteogen","N",13,"SERPINA3-KD osteo (GSE247528)",6,12
"ENSG00000124785",6.63152333860826,0.516267648864334,"osteogen","N",13,"SERPINA3-KD osteo (GSE247528)",6,12
"ENSG00000124882",6.38069569009267,0.488029465930018,"osteogen","N",13,"SERPINA3-KD osteo (GSE247528)",6,12
"ENSG00000125148",15.1742518495539,0.997237569060773,"osteogen","N",13,"SERPINA3-KD osteo (GSE247528)",6,12
"ENSG00000125249",7.74526262749022,0.622467771639042,"osteogen","N",13,"SERPINA3-KD osteo (GSE247528)",6,12
"ENSG00000125266",5.95037667731344,0.447820748925721,"osteogen","N",13,"SERPINA3-KD osteo (GSE247528)",6,12
"ENSG00000125352",8.03331920085638,0.654082259054635,"osteogen","N",13,"SERPINA3-KD osteo (GSE247528)",6,12
"ENSG00000125356",9.59261349466046,0.832105586249233,"osteogen","N",13,"SERPINA3-KD osteo (GSE247528)",6,12
"ENSG00000125384",9.14054109474471,0.778391651319828,"osteogen","N",13,"SERPINA3-KD osteo (GSE247528)",6,12
"ENSG00000125398",7.31188894622126,0.575199508901166,"osteogen","N",13,"SERPINA3-KD osteo (GSE247528)",6,12
"ENSG00000125430",11.0628124183675,0.938305709023941,"osteogen","N",13,"SERPINA3-KD osteo (GSE247528)",6,12
"ENSG00000125449",8.13912101659223,0.663597298956415,"osteogen","N",13,"SERPINA3-KD osteo (GSE247528)",6,12
"ENSG00000125458",9.3824606651807,0.80877839165132,"osteogen","N",13,"SERPINA3-KD osteo (GSE247528)",6,12
"ENSG00000125650",5.14993750630276,0.387661141804788,"osteogen","N",13,"SERPINA3-KD osteo (GSE247528)",6,12
"ENSG00000125652",9.24190372505826,0.791282995702885,"osteogen","N",13,"SERPINA3-KD osteo (GSE247528)",6,12
"ENSG00000125657",2.41030820178061,0.151319828115408,"osteogen","N",13,"SERPINA3-KD osteo (GSE247528)",6,12
"ENSG00000125741",8.18993145525571,0.668508287292818,"osteogen","N",13,"SERPINA3-KD osteo (GSE247528)",6,12
"ENSG00000125817",7.90470971783602,0.636893799877225,"osteogen","N",13,"SERPINA3-KD osteo (GSE247528)",6,12
"ENSG00000125820",0.949580446216297,0.00798035604665439,"osteogen","N",13,"SERPINA3-KD osteo (GSE247528)",6,12
"ENSG00000125827",10.4779075953687,0.906077348066298,"osteogen","N",13,"SERPINA3-KD osteo (GSE247528)",6,12
"ENSG00000125845",3.70558190027683,0.271025168815224,"osteogen","N",13,"SERPINA3-KD osteo (GSE247528)",6,12
"ENSG00000125872",1.42910337549303,0.0481890730509515,"osteogen","N",13,"SERPINA3-KD osteo (GSE247528)",6,12
"ENSG00000125901",9.52508393432981,0.824432166973603,"osteogen","N",13,"SERPINA3-KD osteo (GSE247528)",6,12
"ENSG00000125965",9.71225941062105,0.844689993861265,"osteogen","N",13,"SERPINA3-KD osteo (GSE247528)",6,12
"ENSG00000125968",6.99916908782628,0.551872314303254,"osteogen","N",13,"SERPINA3-KD osteo (GSE247528)",6,12
"ENSG00000125977",12.1293961238841,0.975751995089012,"osteogen","N",13,"SERPINA3-KD osteo (GSE247528)",6,12
"ENSG00000126003",7.26924106196884,0.57182320441989,"osteogen","N",13,"SERPINA3-KD osteo (GSE247528)",6,12
"ENSG00000126010",1.33084222928621,0.0371393492940454,"osteogen","N",13,"SERPINA3-KD osteo (GSE247528)",6,12
"ENSG00000126062",11.0071644604516,0.93585021485574,"osteogen","N",13,"SERPINA3-KD osteo (GSE247528)",6,12
"ENSG00000126243",6.10663616196956,0.462860650705955,"osteogen","N",13,"SERPINA3-KD osteo (GSE247528)",6,12
"ENSG00000126249",6.34746786836328,0.485267034990792,"osteogen","N",13,"SERPINA3-KD osteo (GSE247528)",6,12
"ENSG00000126262",2.68291205862159,0.183241252302026,"osteogen","N",13,"SERPINA3-KD osteo (GSE247528)",6,12
"ENSG00000126353",1.78818328277709,0.0841006752608962,"osteogen","N",13,"SERPINA3-KD osteo (GSE247528)",6,12
"ENSG00000126368",8.7377929119203,0.733885819521179,"osteogen","N",13,"SERPINA3-KD osteo (GSE247528)",6,12
"ENSG00000126458",8.78991045247105,0.739103744628607,"osteogen","N",13,"SERPINA3-KD osteo (GSE247528)",6,12
"ENSG00000126500",1.44823069781076,0.0500306936771025,"osteogen","N",13,"SERPINA3-KD osteo (GSE247528)",6,12
"ENSG00000126603",7.14894167179217,0.562308164518109,"osteogen","N",13,"SERPINA3-KD osteo (GSE247528)",6,12
"ENSG00000126775",7.37945656498715,0.58256599140577,"osteogen","N",13,"SERPINA3-KD osteo (GSE247528)",6,12
"ENSG00000126814",8.51045158351403,0.705340699815838,"osteogen","N",13,"SERPINA3-KD osteo (GSE247528)",6,12
"ENSG00000126821",5.92689088474785,0.446899938612646,"osteogen","N",13,"SERPINA3-KD osteo (GSE247528)",6,12
"ENSG00000126861",2.56111590911765,0.17280540208717,"osteogen","N",13,"SERPINA3-KD osteo (GSE247528)",6,12
"ENSG00000126945",11.5400709118396,0.957335788827502,"osteogen","N",13,"SERPINA3-KD osteo (GSE247528)",6,12
"ENSG00000126950",3.11959580748779,0.223449969306323,"osteogen","N",13,"SERPINA3-KD osteo (GSE247528)",6,12
"ENSG00000126953",7.76148102099104,0.623695518723143,"osteogen","N",13,"SERPINA3-KD osteo (GSE247528)",6,12
"ENSG00000127022",13.4689768617709,0.990791896869245,"osteogen","N",13,"SERPINA3-KD osteo (GSE247528)",6,12
"ENSG00000127083",7.50923991947536,0.596378146101903,"osteogen","N",13,"SERPINA3-KD osteo (GSE247528)",6,12
"ENSG00000127125",10.2612017146415,0.888275015346839,"osteogen","N",13,"SERPINA3-KD osteo (GSE247528)",6,12
"ENSG00000127220",6.67179399859329,0.519643953345611,"osteogen","N",13,"SERPINA3-KD osteo (GSE247528)",6,12
"ENSG00000127252",2.45740402642319,0.161141804788214,"osteogen","N",13,"SERPINA3-KD osteo (GSE247528)",6,12
"ENSG00000127337",7.65353759220325,0.611724984653161,"osteogen","N",13,"SERPINA3-KD osteo (GSE247528)",6,12
"ENSG00000127364",1.82807458245457,0.0874769797421731,"osteogen","N",13,"SERPINA3-KD osteo (GSE247528)",6,12
"ENSG00000127452",9.10406773837496,0.773787599754451,"osteogen","N",13,"SERPINA3-KD osteo (GSE247528)",6,12
"ENSG00000127528",4.98797391631686,0.371393492940454,"osteogen","N",13,"SERPINA3-KD osteo (GSE247528)",6,12
"ENSG00000127530",3.37476664447528,0.24524248004911,"osteogen","N",13,"SERPINA3-KD osteo (GSE247528)",6,12
"ENSG00000127533",4.01965111079781,0.291282995702885,"osteogen","N",13,"SERPINA3-KD osteo (GSE247528)",6,12
"ENSG00000127720",6.91170973270208,0.542664211172498,"osteogen","N",13,"SERPINA3-KD osteo (GSE247528)",6,12
"ENSG00000127774",9.35900972884372,0.805402087170043,"osteogen","N",13,"SERPINA3-KD osteo (GSE247528)",6,12
"ENSG00000127884",11.575988235526,0.959484346224678,"osteogen","N",13,"SERPINA3-KD osteo (GSE247528)",6,12
"ENSG00000127920",10.3841722796245,0.898403928790669,"osteogen","N",13,"SERPINA3-KD osteo (GSE247528)",6,12
"ENSG00000127951",3.28563151920664,0.239410681399632,"osteogen","N",13,"SERPINA3-KD osteo (GSE247528)",6,12
"ENSG00000128000",5.10288205163854,0.382750153468386,"osteogen","N",13,"SERPINA3-KD osteo (GSE247528)",6,12
"ENSG00000128011",0.972161102639465,0.0098219766728054,"osteogen","N",13,"SERPINA3-KD osteo (GSE247528)",6,12
"ENSG00000128016",8.72167998511109,0.731430325352977,"osteogen","N",13,"SERPINA3-KD osteo (GSE247528)",6,12
"ENSG00000128045",4.29855392927177,0.312768569674647,"osteogen","N",13,"SERPINA3-KD osteo (GSE247528)",6,12
"ENSG00000128050",11.0907484066862,0.940761203192142,"osteogen","N",13,"SERPINA3-KD osteo (GSE247528)",6,12
"ENSG00000128059",8.68717636265459,0.726519337016575,"osteogen","N",13,"SERPINA3-KD osteo (GSE247528)",6,12
"ENSG00000128165",4.73537326044954,0.350214855739718,"osteogen","N",13,"SERPINA3-KD osteo (GSE247528)",6,12
"ENSG00000128203",5.13736516283572,0.385205647636587,"osteogen","N",13,"SERPINA3-KD osteo (GSE247528)",6,12
"ENSG00000128228",9.80045817528086,0.852977286678944,"osteogen","N",13,"SERPINA3-KD osteo (GSE247528)",6,12
"ENSG00000128266",2.68466412619335,0.183855125844076,"osteogen","N",13,"SERPINA3-KD osteo (GSE247528)",6,12
"ENSG00000128283",11.79435272921,0.966850828729282,"osteogen","N",13,"SERPINA3-KD osteo (GSE247528)",6,12
"ENSG00000128285",2.84323330185172,0.195518723143033,"osteogen","N",13,"SERPINA3-KD osteo (GSE247528)",6,12
"ENSG00000128342",8.15656373243275,0.665745856353591,"osteogen","N",13,"SERPINA3-KD osteo (GSE247528)",6,12
"ENSG00000128408",3.69609611545424,0.269490484960098,"osteogen","N",13,"SERPINA3-KD osteo (GSE247528)",6,12
"ENSG00000128524",10.9376976358732,0.929711479435236,"osteogen","N",13,"SERPINA3-KD osteo (GSE247528)",6,12
"ENSG00000128534",8.40095297622281,0.693677102516882,"osteogen","N",13,"SERPINA3-KD osteo (GSE247528)",6,12
"ENSG00000128590",10.8922797577569,0.927869858809085,"osteogen","N",13,"SERPINA3-KD osteo (GSE247528)",6,12
"ENSG00000128594",2.38036413909462,0.149171270718232,"osteogen","N",13,"SERPINA3-KD osteo (GSE247528)",6,12
"ENSG00000128626",8.8591604398862,0.745549416820135,"osteogen","N",13,"SERPINA3-KD osteo (GSE247528)",6,12
"ENSG00000128917",2.07081983882392,0.115101289134438,"osteogen","N",13,"SERPINA3-KD osteo (GSE247528)",6,12
"ENSG00000129009",11.4219996532133,0.954573357888275,"osteogen","N",13,"SERPINA3-KD osteo (GSE247528)",6,12
"ENSG00000129028",6.44909002442566,0.496009821976673,"osteogen","N",13,"SERPINA3-KD osteo (GSE247528)",6,12
"ENSG00000129151",2.93778747234149,0.204419889502762,"osteogen","N",13,"SERPINA3-KD osteo (GSE247528)",6,12
"ENSG00000129194",2.88141938281831,0.198588090853284,"osteogen","N",13,"SERPINA3-KD osteo (GSE247528)",6,12
"ENSG00000129244",1.67428358172426,0.0736648250460405,"osteogen","N",13,"SERPINA3-KD osteo (GSE247528)",6,12
"ENSG00000129355",6.07826577750227,0.458870472682627,"osteogen","N",13,"SERPINA3-KD osteo (GSE247528)",6,12
"ENSG00000129465",4.37238363902653,0.319521178637201,"osteogen","N",13,"SERPINA3-KD osteo (GSE247528)",6,12
"ENSG00000129467",5.8686184397827,0.441068139963168,"osteogen","N",13,"SERPINA3-KD osteo (GSE247528)",6,12
"ENSG00000129535",1.97312342506903,0.103437691835482,"osteogen","N",13,"SERPINA3-KD osteo (GSE247528)",6,12
"ENSG00000129559",10.6361617880782,0.916820135052179,"osteogen","N",13,"SERPINA3-KD osteo (GSE247528)",6,12
"ENSG00000129596",6.90803620420556,0.542050337630448,"osteogen","N",13,"SERPINA3-KD osteo (GSE247528)",6,12
"ENSG00000129749",2.18099703496586,0.12707182320442,"osteogen","N",13,"SERPINA3-KD osteo (GSE247528)",6,12
"ENSG00000129910",3.91466548787578,0.284530386740331,"osteogen","N",13,"SERPINA3-KD osteo (GSE247528)",6,12
"ENSG00000129911",6.74997794805569,0.528238182934316,"osteogen","N",13,"SERPINA3-KD osteo (GSE247528)",6,12
"ENSG00000129988",10.5886882128406,0.914671577655003,"osteogen","N",13,"SERPINA3-KD osteo (GSE247528)",6,12
"ENSG00000130176",8.93595070400364,0.75414364640884,"osteogen","N",13,"SERPINA3-KD osteo (GSE247528)",6,12
"ENSG00000130193",8.09588751485385,0.659607120933088,"osteogen","N",13,"SERPINA3-KD osteo (GSE247528)",6,12
"ENSG00000130312",9.85871157059442,0.857274401473296,"osteogen","N",13,"SERPINA3-KD osteo (GSE247528)",6,12
"ENSG00000130313",10.0887314180419,0.87292817679558,"osteogen","N",13,"SERPINA3-KD osteo (GSE247528)",6,12
"ENSG00000130368",2.11511778886046,0.120319214241866,"osteogen","N",13,"SERPINA3-KD osteo (GSE247528)",6,12
"ENSG00000130382",9.11641730172581,0.775936157151627,"osteogen","N",13,"SERPINA3-KD osteo (GSE247528)",6,12
"ENSG00000130402",12.8982286151971,0.985880908532842,"osteogen","N",13,"SERPINA3-KD osteo (GSE247528)",6,12
"ENSG00000130449",6.62865839352743,0.515960712093309,"osteogen","N",13,"SERPINA3-KD osteo (GSE247528)",6,12
"ENSG00000130513",7.69499216729269,0.616329036218539,"osteogen","N",13,"SERPINA3-KD osteo (GSE247528)",6,12
"ENSG00000130522",6.88543066000972,0.539594843462247,"osteogen","N",13,"SERPINA3-KD osteo (GSE247528)",6,12
"ENSG00000130560",7.65094293472726,0.611111111111111,"osteogen","N",13,"SERPINA3-KD osteo (GSE247528)",6,12
"ENSG00000130561",2.07526340296083,0.115408225905463,"osteogen","N",13,"SERPINA3-KD osteo (GSE247528)",6,12
"ENSG00000130592",6.83078014264052,0.534376918354819,"osteogen","N",13,"SERPINA3-KD osteo (GSE247528)",6,12
"ENSG00000130725",7.57947269890204,0.603437691835482,"osteogen","N",13,"SERPINA3-KD osteo (GSE247528)",6,12
"ENSG00000130748",7.97490186528811,0.646408839779006,"osteogen","N",13,"SERPINA3-KD osteo (GSE247528)",6,12
"ENSG00000130758",4.07250215085536,0.296500920810313,"osteogen","N",13,"SERPINA3-KD osteo (GSE247528)",6,12
"ENSG00000130766",9.18397913730549,0.783916513198281,"osteogen","N",13,"SERPINA3-KD osteo (GSE247528)",6,12
"ENSG00000130827",9.06521071107049,0.769183548189073,"osteogen","N",13,"SERPINA3-KD osteo (GSE247528)",6,12
"ENSG00000130921",9.18872181567133,0.784530386740331,"osteogen","N",13,"SERPINA3-KD osteo (GSE247528)",6,12
"ENSG00000131013",10.0451379616935,0.868324125230203,"osteogen","N",13,"SERPINA3-KD osteo (GSE247528)",6,12
"ENSG00000131015",8.30609700292177,0.68232044198895,"osteogen","N",13,"SERPINA3-KD osteo (GSE247528)",6,12
"ENSG00000131148",9.76134441864924,0.848680171884592,"osteogen","N",13,"SERPINA3-KD osteo (GSE247528)",6,12
"ENSG00000131153",7.1244308346398,0.560159607120933,"osteogen","N",13,"SERPINA3-KD osteo (GSE247528)",6,12
"ENSG00000131174",9.91638259106313,0.862185389809699,"osteogen","N",13,"SERPINA3-KD osteo (GSE247528)",6,12
"ENSG00000131368",9.56365052588705,0.826887661141805,"osteogen","N",13,"SERPINA3-KD osteo (GSE247528)",6,12
"ENSG00000131400",1.67075072128443,0.072744014732965,"osteogen","N",13,"SERPINA3-KD osteo (GSE247528)",6,12
"ENSG00000131462",11.0025759038421,0.935543278084715,"osteogen","N",13,"SERPINA3-KD osteo (GSE247528)",6,12
"ENSG00000131471",4.01695632986126,0.290669122160835,"osteogen","N",13,"SERPINA3-KD osteo (GSE247528)",6,12
"ENSG00000131475",10.4382835741902,0.903314917127072,"osteogen","N",13,"SERPINA3-KD osteo (GSE247528)",6,12
"ENSG00000131480",5.95648885543667,0.449048496009822,"osteogen","N",13,"SERPINA3-KD osteo (GSE247528)",6,12
"ENSG00000131495",10.1860438870553,0.880294659300184,"osteogen","N",13,"SERPINA3-KD osteo (GSE247528)",6,12
"ENSG00000131737",7.60841028697748,0.605893186003683,"osteogen","N",13,"SERPINA3-KD osteo (GSE247528)",6,12
"ENSG00000131791",8.62999154148502,0.719766728054021,"osteogen","N",13,"SERPINA3-KD osteo (GSE247528)",6,12
"ENSG00000131873",7.91208978720159,0.637814610190301,"osteogen","N",13,"SERPINA3-KD osteo (GSE247528)",6,12
"ENSG00000131931",8.56722516901367,0.713627992633518,"osteogen","N",13,"SERPINA3-KD osteo (GSE247528)",6,12
"ENSG00000131941",2.49002966757244,0.16390423572744,"osteogen","N",13,"SERPINA3-KD osteo (GSE247528)",6,12
"ENSG00000132000",9.54265041443562,0.825046040515654,"osteogen","N",13,"SERPINA3-KD osteo (GSE247528)",6,12
"ENSG00000132002",11.7040276279933,0.961325966850829,"osteogen","N",13,"SERPINA3-KD osteo (GSE247528)",6,12
"ENSG00000132003",5.40362018075107,0.4085328422345,"osteogen","N",13,"SERPINA3-KD osteo (GSE247528)",6,12
"ENSG00000132005",6.58700326008415,0.511970534069982,"osteogen","N",13,"SERPINA3-KD osteo (GSE247528)",6,12
"ENSG00000132016",3.04934749452765,0.216697360343769,"osteogen","N",13,"SERPINA3-KD osteo (GSE247528)",6,12
"ENSG00000132017",4.91669704004698,0.365561694290976,"osteogen","N",13,"SERPINA3-KD osteo (GSE247528)",6,12
"ENSG00000132024",7.16535904557195,0.56353591160221,"osteogen","N",13,"SERPINA3-KD osteo (GSE247528)",6,12
"ENSG00000132323",8.72745094504917,0.732658072437078,"osteogen","N",13,"SERPINA3-KD osteo (GSE247528)",6,12
"ENSG00000132467",8.72525937919698,0.732044198895028,"osteogen","N",13,"SERPINA3-KD osteo (GSE247528)",6,12
"ENSG00000132481",6.85185942179913,0.536525475751995,"osteogen","N",13,"SERPINA3-KD osteo (GSE247528)",6,12
"ENSG00000132507",12.531455824589,0.98158379373849,"osteogen","N",13,"SERPINA3-KD osteo (GSE247528)",6,12
"ENSG00000132522",8.51861145779092,0.706875383670964,"osteogen","N",13,"SERPINA3-KD osteo (GSE247528)",6,12
"ENSG00000132661",9.01640342832058,0.762430939226519,"osteogen","N",13,"SERPINA3-KD osteo (GSE247528)",6,12
"ENSG00000132718",9.83978941129558,0.855739717618171,"osteogen","N",13,"SERPINA3-KD osteo (GSE247528)",6,12
"ENSG00000132801",5.28834505938103,0.399017802332719,"osteogen","N",13,"SERPINA3-KD osteo (GSE247528)",6,12
"ENSG00000132825",4.37202133979349,0.319214241866176,"osteogen","N",13,"SERPINA3-KD osteo (GSE247528)",6,12
"ENSG00000132846",3.68044932432342,0.268262737875998,"osteogen","N",13,"SERPINA3-KD osteo (GSE247528)",6,12
"ENSG00000132963",12.2925525715424,0.978821362799263,"osteogen","N",13,"SERPINA3-KD osteo (GSE247528)",6,12
"ENSG00000133111",3.15626909681391,0.2280540208717,"osteogen","N",13,"SERPINA3-KD osteo (GSE247528)",6,12
"ENSG00000133116",1.01172303860975,0.0122774708410068,"osteogen","N",13,"SERPINA3-KD osteo (GSE247528)",6,12
"ENSG00000133169",4.32664669584983,0.315531000613874,"osteogen","N",13,"SERPINA3-KD osteo (GSE247528)",6,12
"ENSG00000133398",10.2837326980181,0.889502762430939,"osteogen","N",13,"SERPINA3-KD osteo (GSE247528)",6,12
"ENSG00000133639",8.06032063208954,0.656230816451811,"osteogen","N",13,"SERPINA3-KD osteo (GSE247528)",6,12
"ENSG00000133874",3.57666830327246,0.259668508287293,"osteogen","N",13,"SERPINA3-KD osteo (GSE247528)",6,12
"ENSG00000133935",10.4300048685294,0.902701043585021,"osteogen","N",13,"SERPINA3-KD osteo (GSE247528)",6,12
"ENSG00000133937",0.958890948225754,0.00828729281767956,"osteogen","N",13,"SERPINA3-KD osteo (GSE247528)",6,12
"ENSG00000134030",8.78324788617223,0.736648250460405,"osteogen","N",13,"SERPINA3-KD osteo (GSE247528)",6,12
"ENSG00000134049",11.0239142168972,0.936157151626765,"osteogen","N",13,"SERPINA3-KD osteo (GSE247528)",6,12
"ENSG00000134070",7.44168680889251,0.5902394106814,"osteogen","N",13,"SERPINA3-KD osteo (GSE247528)",6,12
"ENSG00000134107",8.00233692691965,0.649478207489257,"osteogen","N",13,"SERPINA3-KD osteo (GSE247528)",6,12
"ENSG00000134259",4.58864253526376,0.337937384898711,"osteogen","N",13,"SERPINA3-KD osteo (GSE247528)",6,12
"ENSG00000134333",14.0515617886357,0.994475138121547,"osteogen","N",13,"SERPINA3-KD osteo (GSE247528)",6,12
"ENSG00000134339",14.0722978293511,0.994782074892572,"osteogen","N",13,"SERPINA3-KD osteo (GSE247528)",6,12
"ENSG00000134489",1.83096075569668,0.0877839165131983,"osteogen","N",13,"SERPINA3-KD osteo (GSE247528)",6,12
"ENSG00000134533",2.73418307764784,0.188766114180479,"osteogen","N",13,"SERPINA3-KD osteo (GSE247528)",6,12
"ENSG00000134594",3.04389725177353,0.216083486801719,"osteogen","N",13,"SERPINA3-KD osteo (GSE247528)",6,12
"ENSG00000134757",2.14578151353212,0.123081645181093,"osteogen","N",13,"SERPINA3-KD osteo (GSE247528)",6,12
"ENSG00000134809",7.97614634421601,0.646715776550031,"osteogen","N",13,"SERPINA3-KD osteo (GSE247528)",6,12
"ENSG00000134830",6.00314835696953,0.451810926949049,"osteogen","N",13,"SERPINA3-KD osteo (GSE247528)",6,12
"ENSG00000134962",1.53201231977624,0.0580110497237569,"osteogen","N",13,"SERPINA3-KD osteo (GSE247528)",6,12
"ENSG00000135045",4.66733822349942,0.343769183548189,"osteogen","N",13,"SERPINA3-KD osteo (GSE247528)",6,12
"ENSG00000135097",2.078360907302,0.116329036218539,"osteogen","N",13,"SERPINA3-KD osteo (GSE247528)",6,12
"ENSG00000135211",8.26724552601113,0.676488643339472,"osteogen","N",13,"SERPINA3-KD osteo (GSE247528)",6,12
"ENSG00000135249",9.5876480709744,0.830570902394107,"osteogen","N",13,"SERPINA3-KD osteo (GSE247528)",6,12
"ENSG00000135316",3.22124588123304,0.233578882750153,"osteogen","N",13,"SERPINA3-KD osteo (GSE247528)",6,12
"ENSG00000135324",3.46587509180102,0.251074278698588,"osteogen","N",13,"SERPINA3-KD osteo (GSE247528)",6,12
"ENSG00000135334",10.1000255867507,0.87354205033763,"osteogen","N",13,"SERPINA3-KD osteo (GSE247528)",6,12
"ENSG00000135378",5.11109748247902,0.383057090239411,"osteogen","N",13,"SERPINA3-KD osteo (GSE247528)",6,12
"ENSG00000135436",2.45006930323309,0.158993247391037,"osteogen","N",13,"SERPINA3-KD osteo (GSE247528)",6,12
"ENSG00000135441",9.69132046545027,0.843155310006139,"osteogen","N",13,"SERPINA3-KD osteo (GSE247528)",6,12
"ENSG00000135472",5.3273077785382,0.40085942295887,"osteogen","N",13,"SERPINA3-KD osteo (GSE247528)",6,12
"ENSG00000135482",7.55346700856726,0.600675260896255,"osteogen","N",13,"SERPINA3-KD osteo (GSE247528)",6,12
"ENSG00000135517",1.39811074578771,0.045426642111725,"osteogen","N",13,"SERPINA3-KD osteo (GSE247528)",6,12
"ENSG00000135521",9.54011616352258,0.824739103744629,"osteogen","N",13,"SERPINA3-KD osteo (GSE247528)",6,12
"ENSG00000135547",1.31946739234395,0.0362185389809699,"osteogen","N",13,"SERPINA3-KD osteo (GSE247528)",6,12
"ENSG00000135587",7.53878024788099,0.598526703499079,"osteogen","N",13,"SERPINA3-KD osteo (GSE247528)",6,12
"ENSG00000135617",9.05928932531677,0.768569674647023,"osteogen","N",13,"SERPINA3-KD osteo (GSE247528)",6,12
"ENSG00000135643",2.18027471527336,0.126764886433395,"osteogen","N",13,"SERPINA3-KD osteo (GSE247528)",6,12
"ENSG00000135722",6.280658571117,0.480662983425414,"osteogen","N",13,"SERPINA3-KD osteo (GSE247528)",6,12
"ENSG00000135736",3.84834684358783,0.279926335174954,"osteogen","N",13,"SERPINA3-KD osteo (GSE247528)",6,12
"ENSG00000135744",4.86856790514797,0.360957642725599,"osteogen","N",13,"SERPINA3-KD osteo (GSE247528)",6,12
"ENSG00000135766",7.49592953707699,0.595150399017802,"osteogen","N",13,"SERPINA3-KD osteo (GSE247528)",6,12
"ENSG00000135776",5.74261624864989,0.434008594229589,"osteogen","N",13,"SERPINA3-KD osteo (GSE247528)",6,12
"ENSG00000135862",12.2319316989582,0.977286678944137,"osteogen","N",13,"SERPINA3-KD osteo (GSE247528)",6,12
"ENSG00000135900",8.53263334624239,0.708717004297115,"osteogen","N",13,"SERPINA3-KD osteo (GSE247528)",6,12
"ENSG00000135914",1.29549682070963,0.0340699815837937,"osteogen","N",13,"SERPINA3-KD osteo (GSE247528)",6,12
"ENSG00000135929",8.67955525292854,0.724984653161449,"osteogen","N",13,"SERPINA3-KD osteo (GSE247528)",6,12
"ENSG00000135940",10.2061377407876,0.88182934315531,"osteogen","N",13,"SERPINA3-KD osteo (GSE247528)",6,12
"ENSG00000135972",8.72535698119361,0.732351135666053,"osteogen","N",13,"SERPINA3-KD osteo (GSE247528)",6,12
"ENSG00000136040",4.37570569689699,0.319828115408226,"osteogen","N",13,"SERPINA3-KD osteo (GSE247528)",6,12
"ENSG00000136159",8.5601474864794,0.713014119091467,"osteogen","N",13,"SERPINA3-KD osteo (GSE247528)",6,12
"ENSG00000136206",4.25893384433842,0.310313075506446,"osteogen","N",13,"SERPINA3-KD osteo (GSE247528)",6,12
"ENSG00000136274",5.46925172261468,0.412829957028852,"osteogen","N",13,"SERPINA3-KD osteo (GSE247528)",6,12
"ENSG00000136305",1.96542066815627,0.102209944751381,"osteogen","N",13,"SERPINA3-KD osteo (GSE247528)",6,12
"ENSG00000136383",1.66550001769331,0.0715162676488643,"osteogen","N",13,"SERPINA3-KD osteo (GSE247528)",6,12
"ENSG00000136451",9.46420662354925,0.817372621240025,"osteogen","N",13,"SERPINA3-KD osteo (GSE247528)",6,12
"ENSG00000136463",8.0808472549177,0.658686310620012,"osteogen","N",13,"SERPINA3-KD osteo (GSE247528)",6,12
"ENSG00000136478",10.157432043927,0.878453038674033,"osteogen","N",13,"SERPINA3-KD osteo (GSE247528)",6,12
"ENSG00000136490",8.51615022499468,0.706568446899939,"osteogen","N",13,"SERPINA3-KD osteo (GSE247528)",6,12
"ENSG00000136514",3.1892657548721,0.230816451810927,"osteogen","N",13,"SERPINA3-KD osteo (GSE247528)",6,12
"ENSG00000136542",11.6584175746507,0.960712093308778,"osteogen","N",13,"SERPINA3-KD osteo (GSE247528)",6,12
"ENSG00000136634",1.91649363173751,0.0976058931860037,"osteogen","N",13,"SERPINA3-KD osteo (GSE247528)",6,12
"ENSG00000136720",7.16866779786608,0.563842848373235,"osteogen","N",13,"SERPINA3-KD osteo (GSE247528)",6,12
"ENSG00000136888",11.1809313026117,0.94475138121547,"osteogen","N",13,"SERPINA3-KD osteo (GSE247528)",6,12
"ENSG00000136897",9.66915680116813,0.840699815837937,"osteogen","N",13,"SERPINA3-KD osteo (GSE247528)",6,12
"ENSG00000136928",3.91323267955901,0.284223449969306,"osteogen","N",13,"SERPINA3-KD osteo (GSE247528)",6,12
"ENSG00000136938",10.8325984362295,0.925414364640884,"osteogen","N",13,"SERPINA3-KD osteo (GSE247528)",6,12
"ENSG00000136982",6.95913391402522,0.547575199508901,"osteogen","N",13,"SERPINA3-KD osteo (GSE247528)",6,12
"ENSG00000136999",7.63958375554872,0.608962553713935,"osteogen","N",13,"SERPINA3-KD osteo (GSE247528)",6,12
"ENSG00000137038",9.11300865448526,0.775322283609576,"osteogen","N",13,"SERPINA3-KD osteo (GSE247528)",6,12
"ENSG00000137124",11.7341396111852,0.962553713934929,"osteogen","N",13,"SERPINA3-KD osteo (GSE247528)",6,12
"ENSG00000137142",5.23683882051175,0.394106813996317,"osteogen","N",13,"SERPINA3-KD osteo (GSE247528)",6,12
"ENSG00000137168",8.86028791564708,0.746163290362185,"osteogen","N",13,"SERPINA3-KD osteo (GSE247528)",6,12
"ENSG00000137267",11.298099183549,0.950276243093923,"osteogen","N",13,"SERPINA3-KD osteo (GSE247528)",6,12
"ENSG00000137273",3.64730844580359,0.265193370165746,"osteogen","N",13,"SERPINA3-KD osteo (GSE247528)",6,12
"ENSG00000137338",7.23162057069526,0.569981583793739,"osteogen","N",13,"SERPINA3-KD osteo (GSE247528)",6,12
"ENSG00000137364",9.08126301886492,0.771332105586249,"osteogen","N",13,"SERPINA3-KD osteo (GSE247528)",6,12
"ENSG00000137414",8.29282607407946,0.680171884591774,"osteogen","N",13,"SERPINA3-KD osteo (GSE247528)",6,12
"ENSG00000137441",1.26511848748766,0.0288520564763659,"osteogen","N",13,"SERPINA3-KD osteo (GSE247528)",6,12
"ENSG00000137463",5.0040763296987,0.373235113566605,"osteogen","N",13,"SERPINA3-KD osteo (GSE247528)",6,12
"ENSG00000137492",7.37155670583377,0.58195211786372,"osteogen","N",13,"SERPINA3-KD osteo (GSE247528)",6,12
"ENSG00000137547",10.2969276022551,0.891037446286065,"osteogen","N",13,"SERPINA3-KD osteo (GSE247528)",6,12
"ENSG00000137561",2.15967608332511,0.124616329036219,"osteogen","N",13,"SERPINA3-KD osteo (GSE247528)",6,12
"ENSG00000137673",6.22511615955226,0.475445058317987,"osteogen","N",13,"SERPINA3-KD osteo (GSE247528)",6,12
"ENSG00000137700",3.83416767983362,0.278391651319828,"osteogen","N",13,"SERPINA3-KD osteo (GSE247528)",6,12
"ENSG00000137714",8.03295182094031,0.65377532228361,"osteogen","N",13,"SERPINA3-KD osteo (GSE247528)",6,12
"ENSG00000137720",7.18475289704294,0.565070595457336,"osteogen","N",13,"SERPINA3-KD osteo (GSE247528)",6,12
"ENSG00000137842",7.36126882580382,0.580417434008594,"osteogen","N",13,"SERPINA3-KD osteo (GSE247528)",6,12
"ENSG00000137868",4.54258988236487,0.333947206875384,"osteogen","N",13,"SERPINA3-KD osteo (GSE247528)",6,12
"ENSG00000137880",6.96856567723542,0.547882136279926,"osteogen","N",13,"SERPINA3-KD osteo (GSE247528)",6,12
"ENSG00000137960",4.81724976278112,0.356353591160221,"osteogen","N",13,"SERPINA3-KD osteo (GSE247528)",6,12
"ENSG00000137970",1.0231521621211,0.0135052179251074,"osteogen","N",13,"SERPINA3-KD osteo (GSE247528)",6,12
"ENSG00000137975",5.26778750576342,0.397176181706568,"osteogen","N",13,"SERPINA3-KD osteo (GSE247528)",6,12
"ENSG00000138083",5.14654080498957,0.387047268262738,"osteogen","N",13,"SERPINA3-KD osteo (GSE247528)",6,12
"ENSG00000138131",10.5745652756121,0.913136893799877,"osteogen","N",13,"SERPINA3-KD osteo (GSE247528)",6,12
"ENSG00000138135",5.16171095824887,0.387968078575813,"osteogen","N",13,"SERPINA3-KD osteo (GSE247528)",6,12
"ENSG00000138160",7.78904323038234,0.627378759975445,"osteogen","N",13,"SERPINA3-KD osteo (GSE247528)",6,12
"ENSG00000138166",5.70417187665642,0.430939226519337,"osteogen","N",13,"SERPINA3-KD osteo (GSE247528)",6,12
"ENSG00000138175",10.438178587257,0.903007980356047,"osteogen","N",13,"SERPINA3-KD osteo (GSE247528)",6,12
"ENSG00000138336",4.92816821322537,0.366175567833026,"osteogen","N",13,"SERPINA3-KD osteo (GSE247528)",6,12
"ENSG00000138459",9.46177286695581,0.817065684468999,"osteogen","N",13,"SERPINA3-KD osteo (GSE247528)",6,12
"ENSG00000138463",6.07336734203918,0.458563535911602,"osteogen","N",13,"SERPINA3-KD osteo (GSE247528)",6,12
"ENSG00000138483",1.27571820480676,0.0300798035604665,"osteogen","N",13,"SERPINA3-KD osteo (GSE247528)",6,12
"ENSG00000138495",9.29784248088625,0.797421731123389,"osteogen","N",13,"SERPINA3-KD osteo (GSE247528)",6,12
"ENSG00000138587",6.1137009330724,0.464702271332106,"osteogen","N",13,"SERPINA3-KD osteo (GSE247528)",6,12
"ENSG00000138593",9.20003594606521,0.785144260282382,"osteogen","N",13,"SERPINA3-KD osteo (GSE247528)",6,12
"ENSG00000138615",4.60758112796458,0.339779005524862,"osteogen","N",13,"SERPINA3-KD osteo (GSE247528)",6,12
"ENSG00000138623",8.84295774397048,0.744321669736034,"osteogen","N",13,"SERPINA3-KD osteo (GSE247528)",6,12
"ENSG00000138629",9.39578362433885,0.81000613873542,"osteogen","N",13,"SERPINA3-KD osteo (GSE247528)",6,12
"ENSG00000138641",3.9190753763065,0.285144260282382,"osteogen","N",13,"SERPINA3-KD osteo (GSE247528)",6,12
"ENSG00000138646",3.13070180043431,0.224677716390424,"osteogen","N",13,"SERPINA3-KD osteo (GSE247528)",6,12
"ENSG00000138650",8.39176369092687,0.692449355432781,"osteogen","N",13,"SERPINA3-KD osteo (GSE247528)",6,12
"ENSG00000138663",10.2412857894507,0.886126457949662,"osteogen","N",13,"SERPINA3-KD osteo (GSE247528)",6,12
"ENSG00000138801",11.6558323261109,0.960405156537753,"osteogen","N",13,"SERPINA3-KD osteo (GSE247528)",6,12
"ENSG00000138944",7.93590468036137,0.642111724984653,"osteogen","N",13,"SERPINA3-KD osteo (GSE247528)",6,12
"ENSG00000139133",5.54059044088009,0.418354818907305,"osteogen","N",13,"SERPINA3-KD osteo (GSE247528)",6,12
"ENSG00000139168",9.71141229320712,0.844383057090239,"osteogen","N",13,"SERPINA3-KD osteo (GSE247528)",6,12
"ENSG00000139178",9.03152358342087,0.763351749539595,"osteogen","N",13,"SERPINA3-KD osteo (GSE247528)",6,12
"ENSG00000139182",6.66943732910834,0.519337016574586,"osteogen","N",13,"SERPINA3-KD osteo (GSE247528)",6,12
"ENSG00000139193",3.38945483065026,0.246777163904236,"osteogen","N",13,"SERPINA3-KD osteo (GSE247528)",6,12
"ENSG00000139194",1.67331954919556,0.0733578882750153,"osteogen","N",13,"SERPINA3-KD osteo (GSE247528)",6,12
"ENSG00000139197",7.22215800962622,0.568753836709638,"osteogen","N",13,"SERPINA3-KD osteo (GSE247528)",6,12
"ENSG00000139211",7.2136574623219,0.567526089625537,"osteogen","N",13,"SERPINA3-KD osteo (GSE247528)",6,12
"ENSG00000139233",9.35698386219225,0.805095150399018,"osteogen","N",13,"SERPINA3-KD osteo (GSE247528)",6,12
"ENSG00000139266",3.17028020261293,0.229895641497851,"osteogen","N",13,"SERPINA3-KD osteo (GSE247528)",6,12
"ENSG00000139269",3.70515436092508,0.270718232044199,"osteogen","N",13,"SERPINA3-KD osteo (GSE247528)",6,12
"ENSG00000139318",10.4136773791075,0.901166359729896,"osteogen","N",13,"SERPINA3-KD osteo (GSE247528)",6,12
"ENSG00000139329",14.2118002571067,0.995702885205648,"osteogen","N",13,"SERPINA3-KD osteo (GSE247528)",6,12
"ENSG00000139344",3.98694845435234,0.289441375076734,"osteogen","N",13,"SERPINA3-KD osteo (GSE247528)",6,12
"ENSG00000139517",6.41835627699702,0.49109883364027,"osteogen","N",13,"SERPINA3-KD osteo (GSE247528)",6,12
"ENSG00000139547",3.6750064735624,0.267955801104972,"osteogen","N",13,"SERPINA3-KD osteo (GSE247528)",6,12
"ENSG00000139572",2.89819913799612,0.200429711479435,"osteogen","N",13,"SERPINA3-KD osteo (GSE247528)",6,12
"ENSG00000139574",2.86610382302565,0.197053406998158,"osteogen","N",13,"SERPINA3-KD osteo (GSE247528)",6,12
"ENSG00000139668",9.30273787148518,0.798956414978514,"osteogen","N",13,"SERPINA3-KD osteo (GSE247528)",6,12
"ENSG00000139722",10.1863355066913,0.880601596071209,"osteogen","N",13,"SERPINA3-KD osteo (GSE247528)",6,12
"ENSG00000139725",5.27462762195002,0.398096992019644,"osteogen","N",13,"SERPINA3-KD osteo (GSE247528)",6,12
"ENSG00000139826",8.7918268092832,0.739717618170657,"osteogen","N",13,"SERPINA3-KD osteo (GSE247528)",6,12
"ENSG00000139832",4.92179004802937,0.365868631062001,"osteogen","N",13,"SERPINA3-KD osteo (GSE247528)",6,12
"ENSG00000139874",0.995981203583761,0.0107427869858809,"osteogen","N",13,"SERPINA3-KD osteo (GSE247528)",6,12
"ENSG00000139985",2.91457362729164,0.201964395334561,"osteogen","N",13,"SERPINA3-KD osteo (GSE247528)",6,12
"ENSG00000140030",1.70052199015651,0.074585635359116,"osteogen","N",13,"SERPINA3-KD osteo (GSE247528)",6,12
"ENSG00000140057",3.39472019310165,0.247391037446286,"osteogen","N",13,"SERPINA3-KD osteo (GSE247528)",6,12
"ENSG00000140259",9.0802460673237,0.771025168815224,"osteogen","N",13,"SERPINA3-KD osteo (GSE247528)",6,12
"ENSG00000140323",3.30909605855717,0.240638428483732,"osteogen","N",13,"SERPINA3-KD osteo (GSE247528)",6,12
"ENSG00000140379",2.06496498156956,0.114487415592388,"osteogen","N",13,"SERPINA3-KD osteo (GSE247528)",6,12
"ENSG00000140395",10.216949312639,0.882750153468385,"osteogen","N",13,"SERPINA3-KD osteo (GSE247528)",6,12
"ENSG00000140406",5.73999809116053,0.433394720687538,"osteogen","N",13,"SERPINA3-KD osteo (GSE247528)",6,12
"ENSG00000140450",6.06876044377356,0.457949662369552,"osteogen","N",13,"SERPINA3-KD osteo (GSE247528)",6,12
"ENSG00000140459",3.38544221230754,0.245549416820135,"osteogen","N",13,"SERPINA3-KD osteo (GSE247528)",6,12
"ENSG00000140505",2.43614347011648,0.155923879680786,"osteogen","N",13,"SERPINA3-KD osteo (GSE247528)",6,12
"ENSG00000140743",7.51398947016971,0.596685082872928,"osteogen","N",13,"SERPINA3-KD osteo (GSE247528)",6,12
"ENSG00000140749",3.01969447918415,0.213934929404543,"osteogen","N",13,"SERPINA3-KD osteo (GSE247528)",6,12
"ENSG00000140750",9.64874758181844,0.837630448127686,"osteogen","N",13,"SERPINA3-KD osteo (GSE247528)",6,12
"ENSG00000140807",1.8453850194675,0.089011663597299,"osteogen","N",13,"SERPINA3-KD osteo (GSE247528)",6,12
"ENSG00000140830",7.64121629467671,0.60926949048496,"osteogen","N",13,"SERPINA3-KD osteo (GSE247528)",6,12
"ENSG00000140986",1.82466609439501,0.0868631062001228,"osteogen","N",13,"SERPINA3-KD osteo (GSE247528)",6,12
"ENSG00000141026",8.23603085997734,0.673726212400246,"osteogen","N",13,"SERPINA3-KD osteo (GSE247528)",6,12
"ENSG00000141232",11.0548609020971,0.937384898710866,"osteogen","N",13,"SERPINA3-KD osteo (GSE247528)",6,12
"ENSG00000141252",5.83203071942894,0.439226519337017,"osteogen","N",13,"SERPINA3-KD osteo (GSE247528)",6,12
"ENSG00000141574",2.00423805390577,0.107120933087784,"osteogen","N",13,"SERPINA3-KD osteo (GSE247528)",6,12
"ENSG00000141642",7.81404916002945,0.631368937998772,"osteogen","N",13,"SERPINA3-KD osteo (GSE247528)",6,12
"ENSG00000141753",12.245552599761,0.977593615715163,"osteogen","N",13,"SERPINA3-KD osteo (GSE247528)",6,12
"ENSG00000141854",3.37241264716403,0.244935543278085,"osteogen","N",13,"SERPINA3-KD osteo (GSE247528)",6,12
"ENSG00000141933",3.71666379394409,0.2719459791283,"osteogen","N",13,"SERPINA3-KD osteo (GSE247528)",6,12
"ENSG00000141965",7.11431125928722,0.558931860036832,"osteogen","N",13,"SERPINA3-KD osteo (GSE247528)",6,12
"ENSG00000141985",10.58957495855,0.914978514426028,"osteogen","N",13,"SERPINA3-KD osteo (GSE247528)",6,12
"ENSG00000142039",8.94244914100149,0.75475751995089,"osteogen","N",13,"SERPINA3-KD osteo (GSE247528)",6,12
"ENSG00000142149",2.13737550380282,0.122160834868017,"osteogen","N",13,"SERPINA3-KD osteo (GSE247528)",6,12
"ENSG00000142178",2.19458678916715,0.129220380601596,"osteogen","N",13,"SERPINA3-KD osteo (GSE247528)",6,12
"ENSG00000142207",9.34270575256863,0.803867403314917,"osteogen","N",13,"SERPINA3-KD osteo (GSE247528)",6,12
"ENSG00000142408",2.43106702995766,0.155310006138735,"osteogen","N",13,"SERPINA3-KD osteo (GSE247528)",6,12
"ENSG00000142409",4.60802278476524,0.340085942295887,"osteogen","N",13,"SERPINA3-KD osteo (GSE247528)",6,12
"ENSG00000142444",7.22805821878829,0.569674647022713,"osteogen","N",13,"SERPINA3-KD osteo (GSE247528)",6,12
"ENSG00000142459",6.68825977817215,0.523020257826888,"osteogen","N",13,"SERPINA3-KD osteo (GSE247528)",6,12
"ENSG00000142534",11.8531459718555,0.968692449355433,"osteogen","N",13,"SERPINA3-KD osteo (GSE247528)",6,12
"ENSG00000142544",1.86270320798486,0.0905463474524248,"osteogen","N",13,"SERPINA3-KD osteo (GSE247528)",6,12
"ENSG00000142552",13.8228819444324,0.992326580724371,"osteogen","N",13,"SERPINA3-KD osteo (GSE247528)",6,12
"ENSG00000142619",0.997545645952677,0.0113566605279312,"osteogen","N",13,"SERPINA3-KD osteo (GSE247528)",6,12
"ENSG00000142623",1.56668558772348,0.0610804174340086,"osteogen","N",13,"SERPINA3-KD osteo (GSE247528)",6,12
"ENSG00000142684",8.89368922852746,0.750767341927563,"osteogen","N",13,"SERPINA3-KD osteo (GSE247528)",6,12
"ENSG00000142686",9.60417199979645,0.834254143646409,"osteogen","N",13,"SERPINA3-KD osteo (GSE247528)",6,12
"ENSG00000142694",6.08595879682111,0.459791282995703,"osteogen","N",13,"SERPINA3-KD osteo (GSE247528)",6,12
"ENSG00000142959",2.79494873035681,0.192449355432781,"osteogen","N",13,"SERPINA3-KD osteo (GSE247528)",6,12
"ENSG00000143028",3.52472849523251,0.25537139349294,"osteogen","N",13,"SERPINA3-KD osteo (GSE247528)",6,12
"ENSG00000143067",6.31523243287475,0.484039287906691,"osteogen","N",13,"SERPINA3-KD osteo (GSE247528)",6,12
"ENSG00000143126",2.87089491552575,0.197667280540209,"osteogen","N",13,"SERPINA3-KD osteo (GSE247528)",6,12
"ENSG00000143162",10.198696272533,0.881522406384285,"osteogen","N",13,"SERPINA3-KD osteo (GSE247528)",6,12
"ENSG00000143196",7.35705213242264,0.580110497237569,"osteogen","N",13,"SERPINA3-KD osteo (GSE247528)",6,12
"ENSG00000143217",2.50835732269052,0.165745856353591,"osteogen","N",13,"SERPINA3-KD osteo (GSE247528)",6,12
"ENSG00000143256",9.84666337798367,0.856660527931246,"osteogen","N",13,"SERPINA3-KD osteo (GSE247528)",6,12
"ENSG00000143315",9.11323065091148,0.775629220380602,"osteogen","N",13,"SERPINA3-KD osteo (GSE247528)",6,12
"ENSG00000143320",5.92725759005734,0.447206875383671,"osteogen","N",13,"SERPINA3-KD osteo (GSE247528)",6,12
"ENSG00000143333",6.44553654596154,0.495089011663597,"osteogen","N",13,"SERPINA3-KD osteo (GSE247528)",6,12
"ENSG00000143786",7.85663420979892,0.634438305709024,"osteogen","N",13,"SERPINA3-KD osteo (GSE247528)",6,12
"ENSG00000143801",4.19190748260109,0.305402087170043,"osteogen","N",13,"SERPINA3-KD osteo (GSE247528)",6,12
"ENSG00000143816",4.56866846905447,0.335481890730509,"osteogen","N",13,"SERPINA3-KD osteo (GSE247528)",6,12
"ENSG00000143862",6.59446630928835,0.513198281154082,"osteogen","N",13,"SERPINA3-KD osteo (GSE247528)",6,12
"ENSG00000143867",9.02052065562247,0.762737875997545,"osteogen","N",13,"SERPINA3-KD osteo (GSE247528)",6,12
"ENSG00000143869",1.91548911177202,0.0972989564149785,"osteogen","N",13,"SERPINA3-KD osteo (GSE247528)",6,12
"ENSG00000143921",2.72991110057792,0.187845303867403,"osteogen","N",13,"SERPINA3-KD osteo (GSE247528)",6,12
"ENSG00000143942",6.46911182517453,0.49938612645795,"osteogen","N",13,"SERPINA3-KD osteo (GSE247528)",6,12
"ENSG00000143971",8.34201364166934,0.686003683241252,"osteogen","N",13,"SERPINA3-KD osteo (GSE247528)",6,12
"ENSG00000144021",10.6430749467609,0.91743400859423,"osteogen","N",13,"SERPINA3-KD osteo (GSE247528)",6,12
"ENSG00000144063",8.56740442246748,0.713934929404543,"osteogen","N",13,"SERPINA3-KD osteo (GSE247528)",6,12
"ENSG00000144228",7.34523158094176,0.579189686924494,"osteogen","N",13,"SERPINA3-KD osteo (GSE247528)",6,12
"ENSG00000144476",3.09965731812471,0.221301411909147,"osteogen","N",13,"SERPINA3-KD osteo (GSE247528)",6,12
"ENSG00000144579",9.05523541623714,0.767955801104972,"osteogen","N",13,"SERPINA3-KD osteo (GSE247528)",6,12
"ENSG00000144583",6.06052074742558,0.457642725598527,"osteogen","N",13,"SERPINA3-KD osteo (GSE247528)",6,12
"ENSG00000144635",9.41729408595427,0.812154696132597,"osteogen","N",13,"SERPINA3-KD osteo (GSE247528)",6,12
"ENSG00000144647",8.35285249956332,0.687538367096378,"osteogen","N",13,"SERPINA3-KD osteo (GSE247528)",6,12
"ENSG00000144741",6.1067540238772,0.46316758747698,"osteogen","N",13,"SERPINA3-KD osteo (GSE247528)",6,12
"ENSG00000144746",11.9436410610938,0.972375690607735,"osteogen","N",13,"SERPINA3-KD osteo (GSE247528)",6,12
"ENSG00000144771",3.19833501639101,0.231430325352977,"osteogen","N",13,"SERPINA3-KD osteo (GSE247528)",6,12
"ENSG00000144792",4.49041360720557,0.328422344996931,"osteogen","N",13,"SERPINA3-KD osteo (GSE247528)",6,12
"ENSG00000144827",6.9290873131943,0.543585021485574,"osteogen","N",13,"SERPINA3-KD osteo (GSE247528)",6,12
"ENSG00000144837",2.09945004779344,0.119705340699816,"osteogen","N",13,"SERPINA3-KD osteo (GSE247528)",6,12
"ENSG00000144909",8.2174738516958,0.67219152854512,"osteogen","N",13,"SERPINA3-KD osteo (GSE247528)",6,12
"ENSG00000145002",1.58334908187774,0.0635359116022099,"osteogen","N",13,"SERPINA3-KD osteo (GSE247528)",6,12
"ENSG00000145022",10.1028184067191,0.873848987108656,"osteogen","N",13,"SERPINA3-KD osteo (GSE247528)",6,12
"ENSG00000145040",2.9700858170118,0.208103130755064,"osteogen","N",13,"SERPINA3-KD osteo (GSE247528)",6,12
"ENSG00000145088",4.67968114526675,0.344383057090239,"osteogen","N",13,"SERPINA3-KD osteo (GSE247528)",6,12
"ENSG00000145337",10.2227281001011,0.883824432166974,"osteogen","N",13,"SERPINA3-KD osteo (GSE247528)",6,12
"ENSG00000145358",6.30880676293705,0.483118477593616,"osteogen","N",13,"SERPINA3-KD osteo (GSE247528)",6,12
"ENSG00000145375",7.30219063249715,0.574892572130141,"osteogen","N",13,"SERPINA3-KD osteo (GSE247528)",6,12
"ENSG00000145414",7.55606553967364,0.600982197667281,"osteogen","N",13,"SERPINA3-KD osteo (GSE247528)",6,12
"ENSG00000145423",6.47359969633494,0.500920810313076,"osteogen","N",13,"SERPINA3-KD osteo (GSE247528)",6,12
"ENSG00000145569",2.04919152379827,0.112031921424187,"osteogen","N",13,"SERPINA3-KD osteo (GSE247528)",6,12
"ENSG00000145779",9.20712622020113,0.785758133824432,"osteogen","N",13,"SERPINA3-KD osteo (GSE247528)",6,12
"ENSG00000145780",9.56338012811111,0.82658072437078,"osteogen","N",13,"SERPINA3-KD osteo (GSE247528)",6,12
"ENSG00000145781",9.10973082299683,0.774708410067526,"osteogen","N",13,"SERPINA3-KD osteo (GSE247528)",6,12
"ENSG00000145826",0.998693563547139,0.0116635972989564,"osteogen","N",13,"SERPINA3-KD osteo (GSE247528)",6,12
"ENSG00000145861",4.26950778737351,0.311233885819521,"osteogen","N",13,"SERPINA3-KD osteo (GSE247528)",6,12
"ENSG00000145936",3.24235948967741,0.235420503376304,"osteogen","N",13,"SERPINA3-KD osteo (GSE247528)",6,12
"ENSG00000145945",8.1970186960699,0.669429097605893,"osteogen","N",13,"SERPINA3-KD osteo (GSE247528)",6,12
"ENSG00000146006",4.44044118506483,0.324739103744629,"osteogen","N",13,"SERPINA3-KD osteo (GSE247528)",6,12
"ENSG00000146066",9.76714760806593,0.849294045426642,"osteogen","N",13,"SERPINA3-KD osteo (GSE247528)",6,12
"ENSG00000146072",10.1625279681709,0.879066912216083,"osteogen","N",13,"SERPINA3-KD osteo (GSE247528)",6,12
"ENSG00000146085",9.65836220710076,0.839472068753837,"osteogen","N",13,"SERPINA3-KD osteo (GSE247528)",6,12
"ENSG00000146109",9.23464511341859,0.789748311847759,"osteogen","N",13,"SERPINA3-KD osteo (GSE247528)",6,12
"ENSG00000146197",6.63375078005723,0.516881522406384,"osteogen","N",13,"SERPINA3-KD osteo (GSE247528)",6,12
"ENSG00000146233",4.05813920942426,0.294659300184162,"osteogen","N",13,"SERPINA3-KD osteo (GSE247528)",6,12
"ENSG00000146242",11.0789832275402,0.939840392879067,"osteogen","N",13,"SERPINA3-KD osteo (GSE247528)",6,12
"ENSG00000146250",4.41863721462792,0.323204419889503,"osteogen","N",13,"SERPINA3-KD osteo (GSE247528)",6,12
"ENSG00000146281",6.27435160449864,0.480049109883364,"osteogen","N",13,"SERPINA3-KD osteo (GSE247528)",6,12
"ENSG00000146386",8.88201592912659,0.750153468385513,"osteogen","N",13,"SERPINA3-KD osteo (GSE247528)",6,12
"ENSG00000146411",5.26243712567077,0.396562308164518,"osteogen","N",13,"SERPINA3-KD osteo (GSE247528)",6,12
"ENSG00000146477",6.13978424154492,0.467157765500307,"osteogen","N",13,"SERPINA3-KD osteo (GSE247528)",6,12
"ENSG00000146700",4.1369806191025,0.301718845917741,"osteogen","N",13,"SERPINA3-KD osteo (GSE247528)",6,12
"ENSG00000146858",5.53324013677156,0.41804788213628,"osteogen","N",13,"SERPINA3-KD osteo (GSE247528)",6,12
"ENSG00000146859",8.12946783945665,0.66267648864334,"osteogen","N",13,"SERPINA3-KD osteo (GSE247528)",6,12
"ENSG00000146904",2.36244001967445,0.147329650092081,"osteogen","N",13,"SERPINA3-KD osteo (GSE247528)",6,12
"ENSG00000146909",8.41909506314174,0.695825659914058,"osteogen","N",13,"SERPINA3-KD osteo (GSE247528)",6,12
"ENSG00000147003",1.70325112034102,0.0755064456721915,"osteogen","N",13,"SERPINA3-KD osteo (GSE247528)",6,12
"ENSG00000147027",11.0572550642926,0.937691835481891,"osteogen","N",13,"SERPINA3-KD osteo (GSE247528)",6,12
"ENSG00000147059",4.06166554361429,0.295580110497238,"osteogen","N",13,"SERPINA3-KD osteo (GSE247528)",6,12
"ENSG00000147119",5.4630180545715,0.412216083486802,"osteogen","N",13,"SERPINA3-KD osteo (GSE247528)",6,12
"ENSG00000147127",1.19142326159534,0.0224063842848373,"osteogen","N",13,"SERPINA3-KD osteo (GSE247528)",6,12
"ENSG00000147324",1.71899812269917,0.0773480662983425,"osteogen","N",13,"SERPINA3-KD osteo (GSE247528)",6,12
"ENSG00000147571",1.11192420823382,0.0168815224063843,"osteogen","N",13,"SERPINA3-KD osteo (GSE247528)",6,12
"ENSG00000147592",8.22116524246348,0.67280540208717,"osteogen","N",13,"SERPINA3-KD osteo (GSE247528)",6,12
"ENSG00000147614",2.00533536523728,0.107427869858809,"osteogen","N",13,"SERPINA3-KD osteo (GSE247528)",6,12
"ENSG00000147804",6.4731450563928,0.500306936771025,"osteogen","N",13,"SERPINA3-KD osteo (GSE247528)",6,12
"ENSG00000148248",12.9339099926221,0.986187845303867,"osteogen","N",13,"SERPINA3-KD osteo (GSE247528)",6,12
"ENSG00000148290",7.05775377166781,0.555555555555556,"osteogen","N",13,"SERPINA3-KD osteo (GSE247528)",6,12
"ENSG00000148291",6.9783733510963,0.549723756906077,"osteogen","N",13,"SERPINA3-KD osteo (GSE247528)",6,12
"ENSG00000148296",10.0833063066221,0.872621240024555,"osteogen","N",13,"SERPINA3-KD osteo (GSE247528)",6,12
"ENSG00000148297",8.30758619240392,0.682934315531001,"osteogen","N",13,"SERPINA3-KD osteo (GSE247528)",6,12
"ENSG00000148300",6.51510668758115,0.506445672191529,"osteogen","N",13,"SERPINA3-KD osteo (GSE247528)",6,12
"ENSG00000148303",11.2636713141531,0.948741559238797,"osteogen","N",13,"SERPINA3-KD osteo (GSE247528)",6,12
"ENSG00000148411",8.27910618022382,0.678023327194598,"osteogen","N",13,"SERPINA3-KD osteo (GSE247528)",6,12
"ENSG00000148483",2.81635439293801,0.194597912829957,"osteogen","N",13,"SERPINA3-KD osteo (GSE247528)",6,12
"ENSG00000148677",8.9585755093364,0.756906077348066,"osteogen","N",13,"SERPINA3-KD osteo (GSE247528)",6,12
"ENSG00000148730",9.96458138286554,0.86402701043585,"osteogen","N",13,"SERPINA3-KD osteo (GSE247528)",6,12
"ENSG00000148734",2.56641132141179,0.173112338858195,"osteogen","N",13,"SERPINA3-KD osteo (GSE247528)",6,12
"ENSG00000149043",1.35308977295781,0.0386740331491713,"osteogen","N",13,"SERPINA3-KD osteo (GSE247528)",6,12
"ENSG00000149136",11.1603469053002,0.944137507673419,"osteogen","N",13,"SERPINA3-KD osteo (GSE247528)",6,12
"ENSG00000149150",8.00548179568028,0.649785144260282,"osteogen","N",13,"SERPINA3-KD osteo (GSE247528)",6,12
"ENSG00000149218",9.40415136041099,0.810926949048496,"osteogen","N",13,"SERPINA3-KD osteo (GSE247528)",6,12
"ENSG00000149305",2.02305276059892,0.10926949048496,"osteogen","N",13,"SERPINA3-KD osteo (GSE247528)",6,12
"ENSG00000149428",10.1570305204933,0.877839165131983,"osteogen","N",13,"SERPINA3-KD osteo (GSE247528)",6,12
"ENSG00000149480",8.98964541322638,0.760589318600368,"osteogen","N",13,"SERPINA3-KD osteo (GSE247528)",6,12
"ENSG00000149489",6.7350031579202,0.526396562308165,"osteogen","N",13,"SERPINA3-KD osteo (GSE247528)",6,12
"ENSG00000149575",1.12780909848544,0.0190300798035605,"osteogen","N",13,"SERPINA3-KD osteo (GSE247528)",6,12
"ENSG00000149596",4.69367913286608,0.34561080417434,"osteogen","N",13,"SERPINA3-KD osteo (GSE247528)",6,12
"ENSG00000149609",2.44266125342215,0.157458563535912,"osteogen","N",13,"SERPINA3-KD osteo (GSE247528)",6,12
"ENSG00000149761",10.2629805657463,0.888581952117864,"osteogen","N",13,"SERPINA3-KD osteo (GSE247528)",6,12
"ENSG00000149792",10.2333549157205,0.885512584407612,"osteogen","N",13,"SERPINA3-KD osteo (GSE247528)",6,12
"ENSG00000149798",9.26515685694344,0.793738489871087,"osteogen","N",13,"SERPINA3-KD osteo (GSE247528)",6,12
"ENSG00000150281",4.05982535031039,0.294966236955187,"osteogen","N",13,"SERPINA3-KD osteo (GSE247528)",6,12
"ENSG00000150457",7.8694818824442,0.635359116022099,"osteogen","N",13,"SERPINA3-KD osteo (GSE247528)",6,12
"ENSG00000150594",4.31983101180826,0.314610190300798,"osteogen","N",13,"SERPINA3-KD osteo (GSE247528)",6,12
"ENSG00000150628",2.47337744072167,0.161755678330264,"osteogen","N",13,"SERPINA3-KD osteo (GSE247528)",6,12
"ENSG00000150630",7.64239795100793,0.609576427255985,"osteogen","N",13,"SERPINA3-KD osteo (GSE247528)",6,12
"ENSG00000150637",3.99254815641888,0.289748311847759,"osteogen","N",13,"SERPINA3-KD osteo (GSE247528)",6,12
"ENSG00000150667",5.27815606592755,0.398710865561694,"osteogen","N",13,"SERPINA3-KD osteo (GSE247528)",6,12
"ENSG00000150787",10.2590570523652,0.887661141804788,"osteogen","N",13,"SERPINA3-KD osteo (GSE247528)",6,12
"ENSG00000150990",9.10606094642956,0.774401473296501,"osteogen","N",13,"SERPINA3-KD osteo (GSE247528)",6,12
"ENSG00000151006",4.52561294709723,0.331798649478207,"osteogen","N",13,"SERPINA3-KD osteo (GSE247528)",6,12
"ENSG00000151014",6.20988751608753,0.47329650092081,"osteogen","N",13,"SERPINA3-KD osteo (GSE247528)",6,12
"ENSG00000151062",1.54847290552811,0.0592387968078576,"osteogen","N",13,"SERPINA3-KD osteo (GSE247528)",6,12
"ENSG00000151065",7.7737261963023,0.625537139349294,"osteogen","N",13,"SERPINA3-KD osteo (GSE247528)",6,12
"ENSG00000151067",5.34411400643716,0.403621853898097,"osteogen","N",13,"SERPINA3-KD osteo (GSE247528)",6,12
"ENSG00000151093",7.59866742821443,0.604972375690608,"osteogen","N",13,"SERPINA3-KD osteo (GSE247528)",6,12
"ENSG00000151117",4.83795059371279,0.357581338244322,"osteogen","N",13,"SERPINA3-KD osteo (GSE247528)",6,12
"ENSG00000151151",6.09620654313354,0.461632903621854,"osteogen","N",13,"SERPINA3-KD osteo (GSE247528)",6,12
"ENSG00000151176",10.4607317582621,0.905463474524248,"osteogen","N",13,"SERPINA3-KD osteo (GSE247528)",6,12
"ENSG00000151304",8.46206152297339,0.701657458563536,"osteogen","N",13,"SERPINA3-KD osteo (GSE247528)",6,12
"ENSG00000151790",7.03937750009887,0.553713934929405,"osteogen","N",13,"SERPINA3-KD osteo (GSE247528)",6,12
"ENSG00000151846",1.75258002194338,0.0804174340085942,"osteogen","N",13,"SERPINA3-KD osteo (GSE247528)",6,12
"ENSG00000152049",9.67863913990241,0.842541436464088,"osteogen","N",13,"SERPINA3-KD osteo (GSE247528)",6,12
"ENSG00000152127",8.28732839006368,0.678944137507673,"osteogen","N",13,"SERPINA3-KD osteo (GSE247528)",6,12
"ENSG00000152137",8.30585906644574,0.682013505217925,"osteogen","N",13,"SERPINA3-KD osteo (GSE247528)",6,12
"ENSG00000152193",8.441510546627,0.699201964395335,"osteogen","N",13,"SERPINA3-KD osteo (GSE247528)",6,12
"ENSG00000152207",1.28730414385167,0.0325352977286679,"osteogen","N",13,"SERPINA3-KD osteo (GSE247528)",6,12
"ENSG00000152219",9.47192411167754,0.818600368324125,"osteogen","N",13,"SERPINA3-KD osteo (GSE247528)",6,12
"ENSG00000152253",6.37664056453753,0.487415592387968,"osteogen","N",13,"SERPINA3-KD osteo (GSE247528)",6,12
"ENSG00000152270",1.36977130485892,0.0411295273173726,"osteogen","N",13,"SERPINA3-KD osteo (GSE247528)",6,12
"ENSG00000152284",5.11977242774954,0.383670963781461,"osteogen","N",13,"SERPINA3-KD osteo (GSE247528)",6,12
"ENSG00000152382",7.90992735270154,0.637507673419276,"osteogen","N",13,"SERPINA3-KD osteo (GSE247528)",6,12
"ENSG00000152409",6.58751089641082,0.512277470841007,"osteogen","N",13,"SERPINA3-KD osteo (GSE247528)",6,12
"ENSG00000152454",5.87480268315083,0.441375076734193,"osteogen","N",13,"SERPINA3-KD osteo (GSE247528)",6,12
"ENSG00000152475",1.71170451387454,0.0761203192142419,"osteogen","N",13,"SERPINA3-KD osteo (GSE247528)",6,12
"ENSG00000152518",10.5321854694416,0.910988336402701,"osteogen","N",13,"SERPINA3-KD osteo (GSE247528)",6,12
"ENSG00000152580",2.93121935344537,0.203499079189687,"osteogen","N",13,"SERPINA3-KD osteo (GSE247528)",6,12
"ENSG00000152661",12.7056263015221,0.984653161448742,"osteogen","N",13,"SERPINA3-KD osteo (GSE247528)",6,12
"ENSG00000152669",5.61753527952465,0.424493554327808,"osteogen","N",13,"SERPINA3-KD osteo (GSE247528)",6,12
"ENSG00000152705",2.14988911071547,0.124002455494168,"osteogen","N",13,"SERPINA3-KD osteo (GSE247528)",6,12
"ENSG00000152749",10.3428044170742,0.895948434622468,"osteogen","N",13,"SERPINA3-KD osteo (GSE247528)",6,12
"ENSG00000152766",2.2879939499513,0.139042357274401,"osteogen","N",13,"SERPINA3-KD osteo (GSE247528)",6,12
"ENSG00000152944",9.34418925455177,0.804174340085942,"osteogen","N",13,"SERPINA3-KD osteo (GSE247528)",6,12
"ENSG00000153140",7.59573215323791,0.604665438919583,"osteogen","N",13,"SERPINA3-KD osteo (GSE247528)",6,12
"ENSG00000153147",11.1409752754381,0.943216697360344,"osteogen","N",13,"SERPINA3-KD osteo (GSE247528)",6,12
"ENSG00000153162",5.42481490123982,0.410067526089626,"osteogen","N",13,"SERPINA3-KD osteo (GSE247528)",6,12
"ENSG00000153485",7.27899840345645,0.572744014732965,"osteogen","N",13,"SERPINA3-KD osteo (GSE247528)",6,12
"ENSG00000153574",8.21828277675085,0.672498465316145,"osteogen","N",13,"SERPINA3-KD osteo (GSE247528)",6,12
"ENSG00000153714",7.99881003887288,0.648864333947207,"osteogen","N",13,"SERPINA3-KD osteo (GSE247528)",6,12
"ENSG00000153774",9.22183056768111,0.786985880908533,"osteogen","N",13,"SERPINA3-KD osteo (GSE247528)",6,12
"ENSG00000153879",9.57765090146639,0.829650092081031,"osteogen","N",13,"SERPINA3-KD osteo (GSE247528)",6,12
"ENSG00000153976",5.67638356140603,0.429404542664211,"osteogen","N",13,"SERPINA3-KD osteo (GSE247528)",6,12
"ENSG00000153989",10.797399470437,0.924186617556783,"osteogen","N",13,"SERPINA3-KD osteo (GSE247528)",6,12
"ENSG00000154079",5.56244702175668,0.420503376304481,"osteogen","N",13,"SERPINA3-KD osteo (GSE247528)",6,12
"ENSG00000154124",6.68046266070922,0.520871700429711,"osteogen","N",13,"SERPINA3-KD osteo (GSE247528)",6,12
"ENSG00000154174",7.70076460514328,0.616942909760589,"osteogen","N",13,"SERPINA3-KD osteo (GSE247528)",6,12
"ENSG00000154309",7.44861405995751,0.591160220994475,"osteogen","N",13,"SERPINA3-KD osteo (GSE247528)",6,12
"ENSG00000154359",4.56050074742362,0.334561080417434,"osteogen","N",13,"SERPINA3-KD osteo (GSE247528)",6,12
"ENSG00000154548",3.6287720426552,0.263351749539595,"osteogen","N",13,"SERPINA3-KD osteo (GSE247528)",6,12
"ENSG00000154589",6.87336535059462,0.538674033149171,"osteogen","N",13,"SERPINA3-KD osteo (GSE247528)",6,12
"ENSG00000154736",10.1040449889008,0.874155923879681,"osteogen","N",13,"SERPINA3-KD osteo (GSE247528)",6,12
"ENSG00000154822",2.99320598284831,0.210558624923266,"osteogen","N",13,"SERPINA3-KD osteo (GSE247528)",6,12
"ENSG00000154945",8.79304945182913,0.740024554941682,"osteogen","N",13,"SERPINA3-KD osteo (GSE247528)",6,12
"ENSG00000154997",3.2459630551028,0.236034376918355,"osteogen","N",13,"SERPINA3-KD osteo (GSE247528)",6,12
"ENSG00000155011",5.21259988615038,0.391651319828115,"osteogen","N",13,"SERPINA3-KD osteo (GSE247528)",6,12
"ENSG00000155099",9.48256473517409,0.820135052179251,"osteogen","N",13,"SERPINA3-KD osteo (GSE247528)",6,12
"ENSG00000155115",10.9754126395899,0.934622467771639,"osteogen","N",13,"SERPINA3-KD osteo (GSE247528)",6,12
"ENSG00000155189",8.0742203248227,0.656844689993861,"osteogen","N",13,"SERPINA3-KD osteo (GSE247528)",6,12
"ENSG00000155304",10.3233102515255,0.893492940454266,"osteogen","N",13,"SERPINA3-KD osteo (GSE247528)",6,12
"ENSG00000155380",10.1737900213105,0.879680785758134,"osteogen","N",13,"SERPINA3-KD osteo (GSE247528)",6,12
"ENSG00000155530",1.89989420444018,0.094536525475752,"osteogen","N",13,"SERPINA3-KD osteo (GSE247528)",6,12
"ENSG00000155760",6.99780120927905,0.551258440761203,"osteogen","N",13,"SERPINA3-KD osteo (GSE247528)",6,12
"ENSG00000155850",10.0204361844269,0.867096378146102,"osteogen","N",13,"SERPINA3-KD osteo (GSE247528)",6,12
"ENSG00000155858",5.0032796193419,0.37292817679558,"osteogen","N",13,"SERPINA3-KD osteo (GSE247528)",6,12
"ENSG00000155868",8.38223508209167,0.690914671577655,"osteogen","N",13,"SERPINA3-KD osteo (GSE247528)",6,12
"ENSG00000155876",11.7876850055722,0.965623081645181,"osteogen","N",13,"SERPINA3-KD osteo (GSE247528)",6,12
"ENSG00000155918",2.12263671281758,0.120933087783917,"osteogen","N",13,"SERPINA3-KD osteo (GSE247528)",6,12
"ENSG00000155961",1.91130840490471,0.096378146101903,"osteogen","N",13,"SERPINA3-KD osteo (GSE247528)",6,12
"ENSG00000156006",1.64196369672815,0.0696746470227133,"osteogen","N",13,"SERPINA3-KD osteo (GSE247528)",6,12
"ENSG00000156049",6.02211347293939,0.453345610804174,"osteogen","N",13,"SERPINA3-KD osteo (GSE247528)",6,12
"ENSG00000156127",3.9332682423977,0.286678944137508,"osteogen","N",13,"SERPINA3-KD osteo (GSE247528)",6,12
"ENSG00000156172",5.92080021158119,0.446593001841621,"osteogen","N",13,"SERPINA3-KD osteo (GSE247528)",6,12
"ENSG00000156232",6.10810988288605,0.46378146101903,"osteogen","N",13,"SERPINA3-KD osteo (GSE247528)",6,12
"ENSG00000156234",3.80984321303979,0.277777777777778,"osteogen","N",13,"SERPINA3-KD osteo (GSE247528)",6,12
"ENSG00000156253",9.30553603737893,0.800184162062615,"osteogen","N",13,"SERPINA3-KD osteo (GSE247528)",6,12
"ENSG00000156381",4.86834886336649,0.360650705954573,"osteogen","N",13,"SERPINA3-KD osteo (GSE247528)",6,12
"ENSG00000156469",8.68325956822445,0.725905463474524,"osteogen","N",13,"SERPINA3-KD osteo (GSE247528)",6,12
"ENSG00000156486",2.68090823363781,0.182934315531001,"osteogen","N",13,"SERPINA3-KD osteo (GSE247528)",6,12
"ENSG00000156650",8.20052123725009,0.670042971147944,"osteogen","N",13,"SERPINA3-KD osteo (GSE247528)",6,12
"ENSG00000156689",4.06569465994981,0.295887047268263,"osteogen","N",13,"SERPINA3-KD osteo (GSE247528)",6,12
"ENSG00000156795",7.60768249684476,0.605586249232658,"osteogen","N",13,"SERPINA3-KD osteo (GSE247528)",6,12
"ENSG00000156804",10.9631714499792,0.933394720687538,"osteogen","N",13,"SERPINA3-KD osteo (GSE247528)",6,12
"ENSG00000156831",7.91469615447795,0.638428483732351,"osteogen","N",13,"SERPINA3-KD osteo (GSE247528)",6,12
"ENSG00000156928",9.54805473405622,0.825659914057704,"osteogen","N",13,"SERPINA3-KD osteo (GSE247528)",6,12
"ENSG00000156959",2.06033127395576,0.113873542050338,"osteogen","N",13,"SERPINA3-KD osteo (GSE247528)",6,12
"ENSG00000156966",3.08489846337053,0.218845917740945,"osteogen","N",13,"SERPINA3-KD osteo (GSE247528)",6,12
"ENSG00000156968",6.24165470055132,0.477286678944138,"osteogen","N",13,"SERPINA3-KD osteo (GSE247528)",6,12
"ENSG00000157045",9.13143775880913,0.777163904235727,"osteogen","N",13,"SERPINA3-KD osteo (GSE247528)",6,12
"ENSG00000157150",7.24337534868098,0.570595457335789,"osteogen","N",13,"SERPINA3-KD osteo (GSE247528)",6,12
"ENSG00000157184",8.08041713170343,0.658072437077962,"osteogen","N",13,"SERPINA3-KD osteo (GSE247528)",6,12
"ENSG00000157240",8.66311583315539,0.723756906077348,"osteogen","N",13,"SERPINA3-KD osteo (GSE247528)",6,12
"ENSG00000157259",6.9990785566514,0.551565377532228,"osteogen","N",13,"SERPINA3-KD osteo (GSE247528)",6,12
"ENSG00000157315",1.98205768797219,0.104665438919583,"osteogen","N",13,"SERPINA3-KD osteo (GSE247528)",6,12
"ENSG00000157326",6.51720979082421,0.506752608962554,"osteogen","N",13,"SERPINA3-KD osteo (GSE247528)",6,12
"ENSG00000157343",2.08606715193535,0.11755678330264,"osteogen","N",13,"SERPINA3-KD osteo (GSE247528)",6,12
"ENSG00000157379",6.73050500421345,0.525475751995089,"osteogen","N",13,"SERPINA3-KD osteo (GSE247528)",6,12
"ENSG00000157456",7.77826428152256,0.626764886433395,"osteogen","N",13,"SERPINA3-KD osteo (GSE247528)",6,12
"ENSG00000157483",11.2768182324938,0.949048496009822,"osteogen","N",13,"SERPINA3-KD osteo (GSE247528)",6,12
"ENSG00000157778",8.86713001424314,0.747391037446286,"osteogen","N",13,"SERPINA3-KD osteo (GSE247528)",6,12
"ENSG00000157999",1.1525254288107,0.019950890116636,"osteogen","N",13,"SERPINA3-KD osteo (GSE247528)",6,12
"ENSG00000158042",10.0648471820484,0.869858809085328,"osteogen","N",13,"SERPINA3-KD osteo (GSE247528)",6,12
"ENSG00000158050",4.65424308249964,0.342541436464088,"osteogen","N",13,"SERPINA3-KD osteo (GSE247528)",6,12
"ENSG00000158092",9.27497507108782,0.794659300184162,"osteogen","N",13,"SERPINA3-KD osteo (GSE247528)",6,12
"ENSG00000158156",8.52570561804484,0.707489257213014,"osteogen","N",13,"SERPINA3-KD osteo (GSE247528)",6,12
"ENSG00000158164",1.35848239493398,0.0392879066912216,"osteogen","N",13,"SERPINA3-KD osteo (GSE247528)",6,12
"ENSG00000158246",3.63178942971809,0.263965623081645,"osteogen","N",13,"SERPINA3-KD osteo (GSE247528)",6,12
"ENSG00000158292",3.56336978974499,0.258133824432167,"osteogen","N",13,"SERPINA3-KD osteo (GSE247528)",6,12
"ENSG00000158373",5.655539830378,0.42756292203806,"osteogen","N",13,"SERPINA3-KD osteo (GSE247528)",6,12
"ENSG00000158406",6.77760403529256,0.531000613873542,"osteogen","N",13,"SERPINA3-KD osteo (GSE247528)",6,12
"ENSG00000158428",4.25653299189,0.31000613873542,"osteogen","N",13,"SERPINA3-KD osteo (GSE247528)",6,12
"ENSG00000158435",6.77588282088702,0.530386740331492,"osteogen","N",13,"SERPINA3-KD osteo (GSE247528)",6,12
"ENSG00000158470",8.20480924804113,0.671270718232044,"osteogen","N",13,"SERPINA3-KD osteo (GSE247528)",6,12
"ENSG00000158473",2.21710402859532,0.131368937998772,"osteogen","N",13,"SERPINA3-KD osteo (GSE247528)",6,12
"ENSG00000158526",9.95833296302458,0.863720073664825,"osteogen","N",13,"SERPINA3-KD osteo (GSE247528)",6,12
"ENSG00000158715",6.021799612723,0.453038674033149,"osteogen","N",13,"SERPINA3-KD osteo (GSE247528)",6,12
"ENSG00000158716",9.99868900872651,0.866789441375077,"osteogen","N",13,"SERPINA3-KD osteo (GSE247528)",6,12
"ENSG00000158825",8.36100108051101,0.689379987722529,"osteogen","N",13,"SERPINA3-KD osteo (GSE247528)",6,12
"ENSG00000158828",8.11300875634088,0.661755678330264,"osteogen","N",13,"SERPINA3-KD osteo (GSE247528)",6,12
"ENSG00000159055",7.2187252754185,0.568139963167588,"osteogen","N",13,"SERPINA3-KD osteo (GSE247528)",6,12
"ENSG00000159231",8.20038277353743,0.669736034376918,"osteogen","N",13,"SERPINA3-KD osteo (GSE247528)",6,12
"ENSG00000159248",3.26148401067719,0.238182934315531,"osteogen","N",13,"SERPINA3-KD osteo (GSE247528)",6,12
"ENSG00000159259",7.11832175503995,0.559545733578883,"osteogen","N",13,"SERPINA3-KD osteo (GSE247528)",6,12
"ENSG00000159337",1.56427013034716,0.0607734806629834,"osteogen","N",13,"SERPINA3-KD osteo (GSE247528)",6,12
"ENSG00000159388",7.62706413123989,0.607427869858809,"osteogen","N",13,"SERPINA3-KD osteo (GSE247528)",6,12
"ENSG00000159403",12.6063661503738,0.983425414364641,"osteogen","N",13,"SERPINA3-KD osteo (GSE247528)",6,12
"ENSG00000159596",8.87917549845767,0.749232658072437,"osteogen","N",13,"SERPINA3-KD osteo (GSE247528)",6,12
"ENSG00000159840",11.9800399685572,0.973603437691835,"osteogen","N",13,"SERPINA3-KD osteo (GSE247528)",6,12
"ENSG00000159958",2.95914911991417,0.206568446899939,"osteogen","N",13,"SERPINA3-KD osteo (GSE247528)",6,12
"ENSG00000159961",1.61138590061805,0.065377532228361,"osteogen","N",13,"SERPINA3-KD osteo (GSE247528)",6,12
"ENSG00000160013",7.97185875795595,0.645794966236955,"osteogen","N",13,"SERPINA3-KD osteo (GSE247528)",6,12
"ENSG00000160113",7.19819658564026,0.565684468999386,"osteogen","N",13,"SERPINA3-KD osteo (GSE247528)",6,12
"ENSG00000160124",7.98384971678843,0.647329650092081,"osteogen","N",13,"SERPINA3-KD osteo (GSE247528)",6,12
"ENSG00000160161",5.22043492379194,0.393186003683241,"osteogen","N",13,"SERPINA3-KD osteo (GSE247528)",6,12
"ENSG00000160207",4.9458184095031,0.368324125230203,"osteogen","N",13,"SERPINA3-KD osteo (GSE247528)",6,12
"ENSG00000160233",2.52432228323072,0.168201350521792,"osteogen","N",13,"SERPINA3-KD osteo (GSE247528)",6,12
"ENSG00000160318",3.50997264049439,0.25414364640884,"osteogen","N",13,"SERPINA3-KD osteo (GSE247528)",6,12
"ENSG00000160323",3.00517350201233,0.211786372007366,"osteogen","N",13,"SERPINA3-KD osteo (GSE247528)",6,12
"ENSG00000160325",6.48550075955517,0.503683241252302,"osteogen","N",13,"SERPINA3-KD osteo (GSE247528)",6,12
"ENSG00000160326",8.0208390424719,0.652240638428484,"osteogen","N",13,"SERPINA3-KD osteo (GSE247528)",6,12
"ENSG00000160447",5.09528413003691,0.38182934315531,"osteogen","N",13,"SERPINA3-KD osteo (GSE247528)",6,12
"ENSG00000160539",9.33902919955785,0.803253529772867,"osteogen","N",13,"SERPINA3-KD osteo (GSE247528)",6,12
"ENSG00000160695",8.8003291624785,0.740945365254758,"osteogen","N",13,"SERPINA3-KD osteo (GSE247528)",6,12
"ENSG00000160803",8.65882721206414,0.723143032535298,"osteogen","N",13,"SERPINA3-KD osteo (GSE247528)",6,12
"ENSG00000160813",4.30308229955781,0.313382443216697,"osteogen","N",13,"SERPINA3-KD osteo (GSE247528)",6,12
"ENSG00000160877",8.60239349226009,0.71792510742787,"osteogen","N",13,"SERPINA3-KD osteo (GSE247528)",6,12
"ENSG00000160888",10.6928696175147,0.918968692449355,"osteogen","N",13,"SERPINA3-KD osteo (GSE247528)",6,12
"ENSG00000160948",10.3223029046191,0.893186003683241,"osteogen","N",13,"SERPINA3-KD osteo (GSE247528)",6,12
"ENSG00000160959",8.40151930108211,0.693984039287907,"osteogen","N",13,"SERPINA3-KD osteo (GSE247528)",6,12
"ENSG00000160993",8.24385736411106,0.675260896255371,"osteogen","N",13,"SERPINA3-KD osteo (GSE247528)",6,12
"ENSG00000161010",7.25050308396165,0.571209330877839,"osteogen","N",13,"SERPINA3-KD osteo (GSE247528)",6,12
"ENSG00000161011",12.4173837981104,0.980049109883364,"osteogen","N",13,"SERPINA3-KD osteo (GSE247528)",6,12
"ENSG00000161013",6.03160032449654,0.4548802946593,"osteogen","N",13,"SERPINA3-KD osteo (GSE247528)",6,12
"ENSG00000161021",8.53560130757701,0.70963781461019,"osteogen","N",13,"SERPINA3-KD osteo (GSE247528)",6,12
"ENSG00000161664",1.9433326573597,0.10036832412523,"osteogen","N",13,"SERPINA3-KD osteo (GSE247528)",6,12
"ENSG00000161860",1.97529875265207,0.103744628606507,"osteogen","N",13,"SERPINA3-KD osteo (GSE247528)",6,12
"ENSG00000161958",2.71518031273601,0.186924493554328,"osteogen","N",13,"SERPINA3-KD osteo (GSE247528)",6,12
"ENSG00000161980",8.12885032238893,0.662369551872314,"osteogen","N",13,"SERPINA3-KD osteo (GSE247528)",6,12
"ENSG00000162188",1.30100159970782,0.0343769183548189,"osteogen","N",13,"SERPINA3-KD osteo (GSE247528)",6,12
"ENSG00000162227",4.24001412041212,0.30939226519337,"osteogen","N",13,"SERPINA3-KD osteo (GSE247528)",6,12
"ENSG00000162366",6.5108931544055,0.506138735420503,"osteogen","N",13,"SERPINA3-KD osteo (GSE247528)",6,12
"ENSG00000162377",8.73153837082481,0.733271945979128,"osteogen","N",13,"SERPINA3-KD osteo (GSE247528)",6,12
"ENSG00000162396",7.3765066368912,0.582259054634745,"osteogen","N",13,"SERPINA3-KD osteo (GSE247528)",6,12
"ENSG00000162407",10.6856998909879,0.91866175567833,"osteogen","N",13,"SERPINA3-KD osteo (GSE247528)",6,12
"ENSG00000162415",3.00716910696946,0.212400245549417,"osteogen","N",13,"SERPINA3-KD osteo (GSE247528)",6,12
"ENSG00000162461",2.23326039286585,0.132903621853898,"osteogen","N",13,"SERPINA3-KD osteo (GSE247528)",6,12
"ENSG00000162490",2.48079852222715,0.162983425414365,"osteogen","N",13,"SERPINA3-KD osteo (GSE247528)",6,12
"ENSG00000162511",4.71065373606591,0.348373235113567,"osteogen","N",13,"SERPINA3-KD osteo (GSE247528)",6,12
"ENSG00000162545",6.74523526228467,0.52731737262124,"osteogen","N",13,"SERPINA3-KD osteo (GSE247528)",6,12
"ENSG00000162595",6.81375142728303,0.532842234499693,"osteogen","N",13,"SERPINA3-KD osteo (GSE247528)",6,12
"ENSG00000162616",12.1944049657134,0.976365868631062,"osteogen","N",13,"SERPINA3-KD osteo (GSE247528)",6,12
"ENSG00000162630",4.17142431492413,0.304174340085942,"osteogen","N",13,"SERPINA3-KD osteo (GSE247528)",6,12
"ENSG00000162654",2.95265197477777,0.205954573357888,"osteogen","N",13,"SERPINA3-KD osteo (GSE247528)",6,12
"ENSG00000162702",10.4623445244135,0.905770411295273,"osteogen","N",13,"SERPINA3-KD osteo (GSE247528)",6,12
"ENSG00000162722",1.76900266214625,0.0825659914057704,"osteogen","N",13,"SERPINA3-KD osteo (GSE247528)",6,12
"ENSG00000162757",7.11421201784654,0.558624923265807,"osteogen","N",13,"SERPINA3-KD osteo (GSE247528)",6,12
"ENSG00000162851",8.94695751398147,0.755678330263966,"osteogen","N",13,"SERPINA3-KD osteo (GSE247528)",6,12
"ENSG00000162928",9.67619931580159,0.841927562922038,"osteogen","N",13,"SERPINA3-KD osteo (GSE247528)",6,12
"ENSG00000162989",9.26593154699743,0.794045426642112,"osteogen","N",13,"SERPINA3-KD osteo (GSE247528)",6,12
"ENSG00000162992",6.50399590142274,0.504910988336403,"osteogen","N",13,"SERPINA3-KD osteo (GSE247528)",6,12
"ENSG00000162998",3.09433264280372,0.220380601596071,"osteogen","N",13,"SERPINA3-KD osteo (GSE247528)",6,12
"ENSG00000163012",2.05183593367727,0.112952731737262,"osteogen","N",13,"SERPINA3-KD osteo (GSE247528)",6,12
"ENSG00000163064",4.38680323742166,0.320748925721301,"osteogen","N",13,"SERPINA3-KD osteo (GSE247528)",6,12
"ENSG00000163083",0.971874160194169,0.00951503990178023,"osteogen","N",13,"SERPINA3-KD osteo (GSE247528)",6,12
"ENSG00000163132",7.43964876900433,0.589625537139349,"osteogen","N",13,"SERPINA3-KD osteo (GSE247528)",6,12
"ENSG00000163154",2.09484474715299,0.118477593615715,"osteogen","N",13,"SERPINA3-KD osteo (GSE247528)",6,12
"ENSG00000163162",10.3896379184884,0.898710865561694,"osteogen","N",13,"SERPINA3-KD osteo (GSE247528)",6,12
"ENSG00000163171",12.2510782948468,0.977900552486188,"osteogen","N",13,"SERPINA3-KD osteo (GSE247528)",6,12
"ENSG00000163191",13.5126712261318,0.99109883364027,"osteogen","N",13,"SERPINA3-KD osteo (GSE247528)",6,12
"ENSG00000163207",0.532187475277923,0.00214855739717618,"osteogen","N",13,"SERPINA3-KD osteo (GSE247528)",6,12
"ENSG00000163251",5.38167863500519,0.406384284837324,"osteogen","N",13,"SERPINA3-KD osteo (GSE247528)",6,12
"ENSG00000163344",9.4980699174434,0.822283609576427,"osteogen","N",13,"SERPINA3-KD osteo (GSE247528)",6,12
"ENSG00000163347",3.83588493682431,0.278698588090853,"osteogen","N",13,"SERPINA3-KD osteo (GSE247528)",6,12
"ENSG00000163348",9.18301216563635,0.783609576427256,"osteogen","N",13,"SERPINA3-KD osteo (GSE247528)",6,12
"ENSG00000163394",2.71941514340923,0.187231430325353,"osteogen","N",13,"SERPINA3-KD osteo (GSE247528)",6,12
"ENSG00000163428",9.69600323322486,0.843462246777164,"osteogen","N",13,"SERPINA3-KD osteo (GSE247528)",6,12
"ENSG00000163481",9.18217165399571,0.783302639656231,"osteogen","N",13,"SERPINA3-KD osteo (GSE247528)",6,12
"ENSG00000163577",9.52469128769149,0.824125230202578,"osteogen","N",13,"SERPINA3-KD osteo (GSE247528)",6,12
"ENSG00000163602",4.50098834942899,0.329036218538981,"osteogen","N",13,"SERPINA3-KD osteo (GSE247528)",6,12
"ENSG00000163624",1.34637501979439,0.0380601596071209,"osteogen","N",13,"SERPINA3-KD osteo (GSE247528)",6,12
"ENSG00000163633",4.46322384278838,0.32658072437078,"osteogen","N",13,"SERPINA3-KD osteo (GSE247528)",6,12
"ENSG00000163661",10.9496814636414,0.931246163290362,"osteogen","N",13,"SERPINA3-KD osteo (GSE247528)",6,12
"ENSG00000163710",10.1971042650327,0.88121546961326,"osteogen","N",13,"SERPINA3-KD osteo (GSE247528)",6,12
"ENSG00000163734",12.2754161330532,0.978514426028238,"osteogen","N",13,"SERPINA3-KD osteo (GSE247528)",6,12
"ENSG00000163735",13.2312869883278,0.988336402701044,"osteogen","N",13,"SERPINA3-KD osteo (GSE247528)",6,12
"ENSG00000163736",2.48810264580785,0.16329036218539,"osteogen","N",13,"SERPINA3-KD osteo (GSE247528)",6,12
"ENSG00000163737",6.05055110706051,0.456414978514426,"osteogen","N",13,"SERPINA3-KD osteo (GSE247528)",6,12
"ENSG00000163739",13.95151853308,0.993861264579497,"osteogen","N",13,"SERPINA3-KD osteo (GSE247528)",6,12
"ENSG00000163751",1.32935202506806,0.0365254757519951,"osteogen","N",13,"SERPINA3-KD osteo (GSE247528)",6,12
"ENSG00000163755",9.79728766702973,0.852363413136894,"osteogen","N",13,"SERPINA3-KD osteo (GSE247528)",6,12
"ENSG00000163762",2.37638987266372,0.148250460405157,"osteogen","N",13,"SERPINA3-KD osteo (GSE247528)",6,12
"ENSG00000163792",1.76535778221705,0.0816451810926949,"osteogen","N",13,"SERPINA3-KD osteo (GSE247528)",6,12
"ENSG00000163794",1.66345430912153,0.0705954573357888,"osteogen","N",13,"SERPINA3-KD osteo (GSE247528)",6,12
"ENSG00000163807",8.96170775880978,0.758133824432167,"osteogen","N",13,"SERPINA3-KD osteo (GSE247528)",6,12
"ENSG00000163808",5.2135244900153,0.392265193370166,"osteogen","N",13,"SERPINA3-KD osteo (GSE247528)",6,12
"ENSG00000163814",10.7917270409938,0.923879680785758,"osteogen","N",13,"SERPINA3-KD osteo (GSE247528)",6,12
"ENSG00000163815",1.96241993986195,0.101903007980356,"osteogen","N",13,"SERPINA3-KD osteo (GSE247528)",6,12
"ENSG00000163866",10.2302493112385,0.884591774094536,"osteogen","N",13,"SERPINA3-KD osteo (GSE247528)",6,12
"ENSG00000163884",1.40532687943695,0.0460405156537753,"osteogen","N",13,"SERPINA3-KD osteo (GSE247528)",6,12
"ENSG00000163888",1.47854296688249,0.052793124616329,"osteogen","N",13,"SERPINA3-KD osteo (GSE247528)",6,12
"ENSG00000163909",1.47731155331087,0.0524861878453039,"osteogen","N",13,"SERPINA3-KD osteo (GSE247528)",6,12
"ENSG00000163961",10.0497473294294,0.868631062001228,"osteogen","N",13,"SERPINA3-KD osteo (GSE247528)",6,12
"ENSG00000164087",7.13912464585643,0.561387354205034,"osteogen","N",13,"SERPINA3-KD osteo (GSE247528)",6,12
"ENSG00000164099",5.24399509928852,0.394720687538367,"osteogen","N",13,"SERPINA3-KD osteo (GSE247528)",6,12
"ENSG00000164105",4.07513768832229,0.297114794352363,"osteogen","N",13,"SERPINA3-KD osteo (GSE247528)",6,12
"ENSG00000164106",7.19911579225554,0.566298342541437,"osteogen","N",13,"SERPINA3-KD osteo (GSE247528)",6,12
"ENSG00000164122",2.31210515831887,0.142111724984653,"osteogen","N",13,"SERPINA3-KD osteo (GSE247528)",6,12
"ENSG00000164168",10.0749818416805,0.871086556169429,"osteogen","N",13,"SERPINA3-KD osteo (GSE247528)",6,12
"ENSG00000164185",2.20252118927611,0.130141190914672,"osteogen","N",13,"SERPINA3-KD osteo (GSE247528)",6,12
"ENSG00000164187",8.4233998467909,0.696439533456108,"osteogen","N",13,"SERPINA3-KD osteo (GSE247528)",6,12
"ENSG00000164188",7.46699773762158,0.592387968078576,"osteogen","N",13,"SERPINA3-KD osteo (GSE247528)",6,12
"ENSG00000164220",4.11940780607936,0.29987722529159,"osteogen","N",13,"SERPINA3-KD osteo (GSE247528)",6,12
"ENSG00000164237",8.4008183275879,0.693370165745856,"osteogen","N",13,"SERPINA3-KD osteo (GSE247528)",6,12
"ENSG00000164251",5.34343684283157,0.403007980356047,"osteogen","N",13,"SERPINA3-KD osteo (GSE247528)",6,12
"ENSG00000164265",2.04969790645388,0.112645794966237,"osteogen","N",13,"SERPINA3-KD osteo (GSE247528)",6,12
"ENSG00000164296",7.36916802309982,0.581645181092695,"osteogen","N",13,"SERPINA3-KD osteo (GSE247528)",6,12
"ENSG00000164332",8.69799859796764,0.727747084100675,"osteogen","N",13,"SERPINA3-KD osteo (GSE247528)",6,12
"ENSG00000164366",9.27657531511495,0.795273173726212,"osteogen","N",13,"SERPINA3-KD osteo (GSE247528)",6,12
"ENSG00000164400",2.13104765861874,0.121546961325967,"osteogen","N",13,"SERPINA3-KD osteo (GSE247528)",6,12
"ENSG00000164406",2.94484980092805,0.205033763044813,"osteogen","N",13,"SERPINA3-KD osteo (GSE247528)",6,12
"ENSG00000164543",8.81283921490763,0.741559238796808,"osteogen","N",13,"SERPINA3-KD osteo (GSE247528)",6,12
"ENSG00000164588",1.79870875431106,0.0850214855739718,"osteogen","N",13,"SERPINA3-KD osteo (GSE247528)",6,12
"ENSG00000164597",8.94558271225126,0.75537139349294,"osteogen","N",13,"SERPINA3-KD osteo (GSE247528)",6,12
"ENSG00000164615",9.57612199746013,0.829036218538981,"osteogen","N",13,"SERPINA3-KD osteo (GSE247528)",6,12
"ENSG00000164620",7.32461225055711,0.577041129527317,"osteogen","N",13,"SERPINA3-KD osteo (GSE247528)",6,12
"ENSG00000164647",12.2015740187512,0.976672805402087,"osteogen","N",13,"SERPINA3-KD osteo (GSE247528)",6,12
"ENSG00000164690",2.69590985197484,0.184775936157152,"osteogen","N",13,"SERPINA3-KD osteo (GSE247528)",6,12
"ENSG00000164715",6.31921771159002,0.484653161448742,"osteogen","N",13,"SERPINA3-KD osteo (GSE247528)",6,12
"ENSG00000164733",13.3674320171291,0.989564149785144,"osteogen","N",13,"SERPINA3-KD osteo (GSE247528)",6,12
"ENSG00000164736",2.73440055076626,0.189073050951504,"osteogen","N",13,"SERPINA3-KD osteo (GSE247528)",6,12
"ENSG00000164741",5.64965744890868,0.42694904849601,"osteogen","N",13,"SERPINA3-KD osteo (GSE247528)",6,12
"ENSG00000164743",6.64369150074459,0.51780233271946,"osteogen","N",13,"SERPINA3-KD osteo (GSE247528)",6,12
"ENSG00000164758",7.39680246002079,0.585942295887047,"osteogen","N",13,"SERPINA3-KD osteo (GSE247528)",6,12
"ENSG00000164761",12.5106178720274,0.98096992019644,"osteogen","N",13,"SERPINA3-KD osteo (GSE247528)",6,12
"ENSG00000164794",3.06274915747449,0.21792510742787,"osteogen","N",13,"SERPINA3-KD osteo (GSE247528)",6,12
"ENSG00000164949",9.60026128572047,0.833333333333333,"osteogen","N",13,"SERPINA3-KD osteo (GSE247528)",6,12
"ENSG00000164976",6.69162392358924,0.523634131368938,"osteogen","N",13,"SERPINA3-KD osteo (GSE247528)",6,12
"ENSG00000164983",6.22820247246703,0.476058931860037,"osteogen","N",13,"SERPINA3-KD osteo (GSE247528)",6,12
"ENSG00000165030",7.54046446427292,0.59914057704113,"osteogen","N",13,"SERPINA3-KD osteo (GSE247528)",6,12
"ENSG00000165152",8.62888954116394,0.719459791282996,"osteogen","N",13,"SERPINA3-KD osteo (GSE247528)",6,12
"ENSG00000165244",3.2460214566427,0.23634131368938,"osteogen","N",13,"SERPINA3-KD osteo (GSE247528)",6,12
"ENSG00000165300",6.30342447440733,0.482504604051565,"osteogen","N",13,"SERPINA3-KD osteo (GSE247528)",6,12
"ENSG00000165304",8.47679305175881,0.703192142418662,"osteogen","N",13,"SERPINA3-KD osteo (GSE247528)",6,12
"ENSG00000165312",3.11581896227257,0.222836095764273,"osteogen","N",13,"SERPINA3-KD osteo (GSE247528)",6,12
"ENSG00000165355",6.79178443853853,0.532228360957643,"osteogen","N",13,"SERPINA3-KD osteo (GSE247528)",6,12
"ENSG00000165389",10.6539210436012,0.917740945365255,"osteogen","N",13,"SERPINA3-KD osteo (GSE247528)",6,12
"ENSG00000165424",9.89609756494873,0.860343769183548,"osteogen","N",13,"SERPINA3-KD osteo (GSE247528)",6,12
"ENSG00000165434",8.51278281655504,0.705647636586863,"osteogen","N",13,"SERPINA3-KD osteo (GSE247528)",6,12
"ENSG00000165474",2.86591968115166,0.196746470227133,"osteogen","N",13,"SERPINA3-KD osteo (GSE247528)",6,12
"ENSG00000165478",8.31706364718547,0.684775936157152,"osteogen","N",13,"SERPINA3-KD osteo (GSE247528)",6,12
"ENSG00000165502",11.2812777552029,0.949662369551872,"osteogen","N",13,"SERPINA3-KD osteo (GSE247528)",6,12
"ENSG00000165507",11.7834897409624,0.965009208103131,"osteogen","N",13,"SERPINA3-KD osteo (GSE247528)",6,12
"ENSG00000165512",9.30642110086773,0.80049109883364,"osteogen","N",13,"SERPINA3-KD osteo (GSE247528)",6,12
"ENSG00000165526",8.68092369333698,0.725291589932474,"osteogen","N",13,"SERPINA3-KD osteo (GSE247528)",6,12
"ENSG00000165527",11.2153950514505,0.946593001841621,"osteogen","N",13,"SERPINA3-KD osteo (GSE247528)",6,12
"ENSG00000165572",8.58773203734908,0.715469613259669,"osteogen","N",13,"SERPINA3-KD osteo (GSE247528)",6,12
"ENSG00000165632",7.93695877187002,0.642418661755678,"osteogen","N",13,"SERPINA3-KD osteo (GSE247528)",6,12
"ENSG00000165660",8.78427749345804,0.737262124002455,"osteogen","N",13,"SERPINA3-KD osteo (GSE247528)",6,12
"ENSG00000165672",12.5193011682442,0.981276856967465,"osteogen","N",13,"SERPINA3-KD osteo (GSE247528)",6,12
"ENSG00000165684",7.4051545245766,0.587170042971148,"osteogen","N",13,"SERPINA3-KD osteo (GSE247528)",6,12
"ENSG00000165714",6.89507927540855,0.540822590546347,"osteogen","N",13,"SERPINA3-KD osteo (GSE247528)",6,12
"ENSG00000165724",5.32545828992972,0.400552486187845,"osteogen","N",13,"SERPINA3-KD osteo (GSE247528)",6,12
"ENSG00000165733",10.4078674593341,0.90024554941682,"osteogen","N",13,"SERPINA3-KD osteo (GSE247528)",6,12
"ENSG00000165757",10.7129556949386,0.920196439533456,"osteogen","N",13,"SERPINA3-KD osteo (GSE247528)",6,12
"ENSG00000165807",2.92998003769029,0.203192142418662,"osteogen","N",13,"SERPINA3-KD osteo (GSE247528)",6,12
"ENSG00000165832",9.0619696376574,0.768876611418048,"osteogen","N",13,"SERPINA3-KD osteo (GSE247528)",6,12
"ENSG00000165886",9.14034151776164,0.778084714548803,"osteogen","N",13,"SERPINA3-KD osteo (GSE247528)",6,12
"ENSG00000165916",11.9422629140162,0.971454880294659,"osteogen","N",13,"SERPINA3-KD osteo (GSE247528)",6,12
"ENSG00000165923",2.4339317617788,0.155616942909761,"osteogen","N",13,"SERPINA3-KD osteo (GSE247528)",6,12
"ENSG00000165943",8.110946705388,0.661141804788214,"osteogen","N",13,"SERPINA3-KD osteo (GSE247528)",6,12
"ENSG00000165997",7.44097268726865,0.589932473910375,"osteogen","N",13,"SERPINA3-KD osteo (GSE247528)",6,12
"ENSG00000166002",8.40054600553024,0.693063228974831,"osteogen","N",13,"SERPINA3-KD osteo (GSE247528)",6,12
"ENSG00000166016",8.20309049497796,0.670349907918969,"osteogen","N",13,"SERPINA3-KD osteo (GSE247528)",6,12
"ENSG00000166106",3.03937983953464,0.215469613259669,"osteogen","N",13,"SERPINA3-KD osteo (GSE247528)",6,12
"ENSG00000166188",7.93463939134828,0.641190914671578,"osteogen","N",13,"SERPINA3-KD osteo (GSE247528)",6,12
"ENSG00000166189",6.08638172640157,0.460098219766728,"osteogen","N",13,"SERPINA3-KD osteo (GSE247528)",6,12
"ENSG00000166225",8.14702741179499,0.665131982811541,"osteogen","N",13,"SERPINA3-KD osteo (GSE247528)",6,12
"ENSG00000166228",8.53275395020737,0.70902394106814,"osteogen","N",13,"SERPINA3-KD osteo (GSE247528)",6,12
"ENSG00000166289",8.07916162995668,0.657458563535912,"osteogen","N",13,"SERPINA3-KD osteo (GSE247528)",6,12
"ENSG00000166295",10.078898933873,0.871700429711479,"osteogen","N",13,"SERPINA3-KD osteo (GSE247528)",6,12
"ENSG00000166326",9.16026813984242,0.78146101903008,"osteogen","N",13,"SERPINA3-KD osteo (GSE247528)",6,12
"ENSG00000166341",4.05773890392828,0.294352363413137,"osteogen","N",13,"SERPINA3-KD osteo (GSE247528)",6,12
"ENSG00000166402",6.77622590914276,0.530693677102517,"osteogen","N",13,"SERPINA3-KD osteo (GSE247528)",6,12
"ENSG00000166439",5.6814498351894,0.430018416206262,"osteogen","N",13,"SERPINA3-KD osteo (GSE247528)",6,12
"ENSG00000166562",9.37377038756354,0.807243707796194,"osteogen","N",13,"SERPINA3-KD osteo (GSE247528)",6,12
"ENSG00000166573",2.10813734313518,0.120012277470841,"osteogen","N",13,"SERPINA3-KD osteo (GSE247528)",6,12
"ENSG00000166741",13.9050989280862,0.993554327808471,"osteogen","N",13,"SERPINA3-KD osteo (GSE247528)",6,12
"ENSG00000166794",13.8259692487463,0.992633517495396,"osteogen","N",13,"SERPINA3-KD osteo (GSE247528)",6,12
"ENSG00000166821",6.56877008491876,0.510435850214856,"osteogen","N",13,"SERPINA3-KD osteo (GSE247528)",6,12
"ENSG00000166823",2.05258852829892,0.113259668508287,"osteogen","N",13,"SERPINA3-KD osteo (GSE247528)",6,12
"ENSG00000166831",2.41863666694614,0.152854511970534,"osteogen","N",13,"SERPINA3-KD osteo (GSE247528)",6,12
"ENSG00000166848",9.83442151751526,0.854818907305095,"osteogen","N",13,"SERPINA3-KD osteo (GSE247528)",6,12
"ENSG00000166855",9.43232367793361,0.813382443216697,"osteogen","N",13,"SERPINA3-KD osteo (GSE247528)",6,12
"ENSG00000166860",6.80826340282987,0.532535297728668,"osteogen","N",13,"SERPINA3-KD osteo (GSE247528)",6,12
"ENSG00000166896",6.23932236989786,0.476979742173112,"osteogen","N",13,"SERPINA3-KD osteo (GSE247528)",6,12
"ENSG00000166902",9.80104103384601,0.853284223449969,"osteogen","N",13,"SERPINA3-KD osteo (GSE247528)",6,12
"ENSG00000166922",6.05218615325095,0.457028852056476,"osteogen","N",13,"SERPINA3-KD osteo (GSE247528)",6,12
"ENSG00000166925",11.0923938773312,0.941068139963168,"osteogen","N",13,"SERPINA3-KD osteo (GSE247528)",6,12
"ENSG00000166997",8.55513239954072,0.712400245549417,"osteogen","N",13,"SERPINA3-KD osteo (GSE247528)",6,12
"ENSG00000167080",3.15974150418758,0.228974831184776,"osteogen","N",13,"SERPINA3-KD osteo (GSE247528)",6,12
"ENSG00000167105",2.91108314882215,0.201350521792511,"osteogen","N",13,"SERPINA3-KD osteo (GSE247528)",6,12
"ENSG00000167136",4.79471144973077,0.353591160220994,"osteogen","N",13,"SERPINA3-KD osteo (GSE247528)",6,12
"ENSG00000167193",9.74222232298526,0.846838551258441,"osteogen","N",13,"SERPINA3-KD osteo (GSE247528)",6,12
"ENSG00000167283",10.9613880492343,0.933087783916513,"osteogen","N",13,"SERPINA3-KD osteo (GSE247528)",6,12
"ENSG00000167513",4.84738263635976,0.358195211786372,"osteogen","N",13,"SERPINA3-KD osteo (GSE247528)",6,12
"ENSG00000167535",8.29696804461686,0.680785758133824,"osteogen","N",13,"SERPINA3-KD osteo (GSE247528)",6,12
"ENSG00000167617",3.03694058914252,0.214855739717618,"osteogen","N",13,"SERPINA3-KD osteo (GSE247528)",6,12
"ENSG00000167653",3.17239136032315,0.230202578268877,"osteogen","N",13,"SERPINA3-KD osteo (GSE247528)",6,12
"ENSG00000167676",1.50196116510065,0.0555555555555556,"osteogen","N",13,"SERPINA3-KD osteo (GSE247528)",6,12
"ENSG00000167700",9.59062486933941,0.831798649478207,"osteogen","N",13,"SERPINA3-KD osteo (GSE247528)",6,12
"ENSG00000167771",2.52678175694885,0.169122160834868,"osteogen","N",13,"SERPINA3-KD osteo (GSE247528)",6,12
"ENSG00000167778",11.3989776830007,0.952117863720074,"osteogen","N",13,"SERPINA3-KD osteo (GSE247528)",6,12
"ENSG00000167779",12.4169595114863,0.979742173112339,"osteogen","N",13,"SERPINA3-KD osteo (GSE247528)",6,12
"ENSG00000167785",7.7137601020765,0.619398403928791,"osteogen","N",13,"SERPINA3-KD osteo (GSE247528)",6,12
"ENSG00000167797",10.3185811553687,0.892572130141191,"osteogen","N",13,"SERPINA3-KD osteo (GSE247528)",6,12
"ENSG00000167850",1.88902527149328,0.0933087783916513,"osteogen","N",13,"SERPINA3-KD osteo (GSE247528)",6,12
"ENSG00000167977",8.52976484757989,0.70841006752609,"osteogen","N",13,"SERPINA3-KD osteo (GSE247528)",6,12
"ENSG00000167981",6.2550575348078,0.478821362799263,"osteogen","N",13,"SERPINA3-KD osteo (GSE247528)",6,12
"ENSG00000167985",9.38401109082658,0.80939226519337,"osteogen","N",13,"SERPINA3-KD osteo (GSE247528)",6,12
"ENSG00000168005",5.25352434682351,0.395641497851443,"osteogen","N",13,"SERPINA3-KD osteo (GSE247528)",6,12
"ENSG00000168040",10.6262858542312,0.916206261510129,"osteogen","N",13,"SERPINA3-KD osteo (GSE247528)",6,12
"ENSG00000168124",2.64162458063206,0.180171884591774,"osteogen","N",13,"SERPINA3-KD osteo (GSE247528)",6,12
"ENSG00000168140",11.4976647396871,0.956414978514426,"osteogen","N",13,"SERPINA3-KD osteo (GSE247528)",6,12
"ENSG00000168159",6.57374638386958,0.510742786985881,"osteogen","N",13,"SERPINA3-KD osteo (GSE247528)",6,12
"ENSG00000168172",9.83852106359794,0.855432780847145,"osteogen","N",13,"SERPINA3-KD osteo (GSE247528)",6,12
"ENSG00000168209",11.946544856832,0.97268262737876,"osteogen","N",13,"SERPINA3-KD osteo (GSE247528)",6,12
"ENSG00000168229",5.02516687122758,0.374462860650706,"osteogen","N",13,"SERPINA3-KD osteo (GSE247528)",6,12
"ENSG00000168246",6.78562800987748,0.531307550644567,"osteogen","N",13,"SERPINA3-KD osteo (GSE247528)",6,12
"ENSG00000168263",1.00815925695085,0.0119705340699816,"osteogen","N",13,"SERPINA3-KD osteo (GSE247528)",6,12
"ENSG00000168273",7.65605226390075,0.612031921424187,"osteogen","N",13,"SERPINA3-KD osteo (GSE247528)",6,12
"ENSG00000168282",10.9601674078833,0.932780847145488,"osteogen","N",13,"SERPINA3-KD osteo (GSE247528)",6,12
"ENSG00000168286",7.31797497533999,0.576120319214242,"osteogen","N",13,"SERPINA3-KD osteo (GSE247528)",6,12
"ENSG00000168298",2.40572391533013,0.150092081031308,"osteogen","N",13,"SERPINA3-KD osteo (GSE247528)",6,12
"ENSG00000168303",10.2168549005138,0.88244321669736,"osteogen","N",13,"SERPINA3-KD osteo (GSE247528)",6,12
"ENSG00000168334",1.39065281916618,0.0445058317986495,"osteogen","N",13,"SERPINA3-KD osteo (GSE247528)",6,12
"ENSG00000168350",2.29805955151341,0.139963167587477,"osteogen","N",13,"SERPINA3-KD osteo (GSE247528)",6,12
"ENSG00000168398",7.63710053827586,0.608348680171885,"osteogen","N",13,"SERPINA3-KD osteo (GSE247528)",6,12
"ENSG00000168496",9.51005940806966,0.822590546347452,"osteogen","N",13,"SERPINA3-KD osteo (GSE247528)",6,12
"ENSG00000168497",5.14339459761918,0.386433394720688,"osteogen","N",13,"SERPINA3-KD osteo (GSE247528)",6,12
"ENSG00000168556",7.27538990554629,0.57243707796194,"osteogen","N",13,"SERPINA3-KD osteo (GSE247528)",6,12
"ENSG00000168564",8.30975584592262,0.683241252302026,"osteogen","N",13,"SERPINA3-KD osteo (GSE247528)",6,12
"ENSG00000168569",8.59830268135411,0.716697360343769,"osteogen","N",13,"SERPINA3-KD osteo (GSE247528)",6,12
"ENSG00000168612",7.05076403887389,0.55524861878453,"osteogen","N",13,"SERPINA3-KD osteo (GSE247528)",6,12
"ENSG00000168672",1.50476564156938,0.0558624923265807,"osteogen","N",13,"SERPINA3-KD osteo (GSE247528)",6,12
"ENSG00000168785",8.50043181761032,0.705033763044813,"osteogen","N",13,"SERPINA3-KD osteo (GSE247528)",6,12
"ENSG00000168792",6.018098539155,0.452117863720074,"osteogen","N",13,"SERPINA3-KD osteo (GSE247528)",6,12
"ENSG00000168795",6.9977176217556,0.550951503990178,"osteogen","N",13,"SERPINA3-KD osteo (GSE247528)",6,12
"ENSG00000168806",11.569916712811,0.958870472682627,"osteogen","N",13,"SERPINA3-KD osteo (GSE247528)",6,12
"ENSG00000168811",4.06812514151762,0.296193984039288,"osteogen","N",13,"SERPINA3-KD osteo (GSE247528)",6,12
"ENSG00000168876",8.24074272020437,0.674340085942296,"osteogen","N",13,"SERPINA3-KD osteo (GSE247528)",6,12
"ENSG00000168899",10.1477075450796,0.877532228360958,"osteogen","N",13,"SERPINA3-KD osteo (GSE247528)",6,12
"ENSG00000168917",8.82813645044261,0.743093922651934,"osteogen","N",13,"SERPINA3-KD osteo (GSE247528)",6,12
"ENSG00000168938",11.4028847628774,0.952731737262124,"osteogen","N",13,"SERPINA3-KD osteo (GSE247528)",6,12
"ENSG00000168955",4.74646744965977,0.351135666052793,"osteogen","N",13,"SERPINA3-KD osteo (GSE247528)",6,12
"ENSG00000169018",9.52462582285403,0.823818293431553,"osteogen","N",13,"SERPINA3-KD osteo (GSE247528)",6,12
"ENSG00000169021",11.1406681216276,0.942909760589319,"osteogen","N",13,"SERPINA3-KD osteo (GSE247528)",6,12
"ENSG00000169045",3.34291072068977,0.242480049109883,"osteogen","N",13,"SERPINA3-KD osteo (GSE247528)",6,12
"ENSG00000169047",10.7696900709117,0.922038060159607,"osteogen","N",13,"SERPINA3-KD osteo (GSE247528)",6,12
"ENSG00000169067",3.08720012262675,0.219766728054021,"osteogen","N",13,"SERPINA3-KD osteo (GSE247528)",6,12
"ENSG00000169105",6.2196771903447,0.474524248004911,"osteogen","N",13,"SERPINA3-KD osteo (GSE247528)",6,12
"ENSG00000169184",5.18920987617739,0.39011663597299,"osteogen","N",13,"SERPINA3-KD osteo (GSE247528)",6,12
"ENSG00000169188",8.97700266786268,0.758747697974217,"osteogen","N",13,"SERPINA3-KD osteo (GSE247528)",6,12
"ENSG00000169208",2.57709262589921,0.174033149171271,"osteogen","N",13,"SERPINA3-KD osteo (GSE247528)",6,12
"ENSG00000169213",11.2560937281355,0.948434622467772,"osteogen","N",13,"SERPINA3-KD osteo (GSE247528)",6,12
"ENSG00000169217",10.3449330348624,0.896255371393493,"osteogen","N",13,"SERPINA3-KD osteo (GSE247528)",6,12
"ENSG00000169252",4.66379707303817,0.343462246777164,"osteogen","N",13,"SERPINA3-KD osteo (GSE247528)",6,12
"ENSG00000169258",3.93617536626269,0.287599754450583,"osteogen","N",13,"SERPINA3-KD osteo (GSE247528)",6,12
"ENSG00000169271",1.61433271853493,0.0662983425414365,"osteogen","N",13,"SERPINA3-KD osteo (GSE247528)",6,12
"ENSG00000169327",2.43722088851782,0.156537753222836,"osteogen","N",13,"SERPINA3-KD osteo (GSE247528)",6,12
"ENSG00000169330",4.41426357821063,0.322590546347452,"osteogen","N",13,"SERPINA3-KD osteo (GSE247528)",6,12
"ENSG00000169446",9.94374827652569,0.863106200122775,"osteogen","N",13,"SERPINA3-KD osteo (GSE247528)",6,12
"ENSG00000169495",1.81508811424499,0.0859422958870473,"osteogen","N",13,"SERPINA3-KD osteo (GSE247528)",6,12
"ENSG00000169508",3.00908676387466,0.213014119091467,"osteogen","N",13,"SERPINA3-KD osteo (GSE247528)",6,12
"ENSG00000169515",7.64788722786607,0.610190300798036,"osteogen","N",13,"SERPINA3-KD osteo (GSE247528)",6,12
"ENSG00000169564",10.8843754926905,0.92756292203806,"osteogen","N",13,"SERPINA3-KD osteo (GSE247528)",6,12
"ENSG00000169612",9.22939870868169,0.788213627992634,"osteogen","N",13,"SERPINA3-KD osteo (GSE247528)",6,12
"ENSG00000169627",8.7742227685521,0.735420503376304,"osteogen","N",13,"SERPINA3-KD osteo (GSE247528)",6,12
"ENSG00000169683",6.98854802108568,0.550644567219153,"osteogen","N",13,"SERPINA3-KD osteo (GSE247528)",6,12
"ENSG00000169710",12.3205942050667,0.979128299570289,"osteogen","N",13,"SERPINA3-KD osteo (GSE247528)",6,12
"ENSG00000169738",9.7720247525683,0.849907918968692,"osteogen","N",13,"SERPINA3-KD osteo (GSE247528)",6,12
"ENSG00000169750",6.70639675037091,0.524554941682014,"osteogen","N",13,"SERPINA3-KD osteo (GSE247528)",6,12
"ENSG00000169826",9.36527244545519,0.806322897483118,"osteogen","N",13,"SERPINA3-KD osteo (GSE247528)",6,12
"ENSG00000169857",5.35895696990373,0.405156537753223,"osteogen","N",13,"SERPINA3-KD osteo (GSE247528)",6,12
"ENSG00000169860",1.53525720972488,0.0583179864947821,"osteogen","N",13,"SERPINA3-KD osteo (GSE247528)",6,12
"ENSG00000169895",10.5746653813051,0.913443830570902,"osteogen","N",13,"SERPINA3-KD osteo (GSE247528)",6,12
"ENSG00000169903",1.64148892294724,0.0693677102516882,"osteogen","N",13,"SERPINA3-KD osteo (GSE247528)",6,12
"ENSG00000169914",5.51795770224707,0.416206261510129,"osteogen","N",13,"SERPINA3-KD osteo (GSE247528)",6,12
"ENSG00000169955",8.00616979718443,0.650092081031308,"osteogen","N",13,"SERPINA3-KD osteo (GSE247528)",6,12
"ENSG00000169962",1.63657834215898,0.0687538367096378,"osteogen","N",13,"SERPINA3-KD osteo (GSE247528)",6,12
"ENSG00000169964",8.12114178891118,0.662062615101289,"osteogen","N",13,"SERPINA3-KD osteo (GSE247528)",6,12
"ENSG00000169976",10.1469277927938,0.877225291589932,"osteogen","N",13,"SERPINA3-KD osteo (GSE247528)",6,12
"ENSG00000169981",6.08266462839374,0.459484346224678,"osteogen","N",13,"SERPINA3-KD osteo (GSE247528)",6,12
"ENSG00000169992",5.9524025123899,0.448434622467772,"osteogen","N",13,"SERPINA3-KD osteo (GSE247528)",6,12
"ENSG00000170027",11.8674180311541,0.969920196439533,"osteogen","N",13,"SERPINA3-KD osteo (GSE247528)",6,12
"ENSG00000170044",1.1882090558691,0.0220994475138122,"osteogen","N",13,"SERPINA3-KD osteo (GSE247528)",6,12
"ENSG00000170099",1.57426445174023,0.0623081645181093,"osteogen","N",13,"SERPINA3-KD osteo (GSE247528)",6,12
"ENSG00000170145",9.80554584663548,0.853591160220994,"osteogen","N",13,"SERPINA3-KD osteo (GSE247528)",6,12
"ENSG00000170166",2.62600044835349,0.178944137507673,"osteogen","N",13,"SERPINA3-KD osteo (GSE247528)",6,12
"ENSG00000170175",5.44702803425276,0.411602209944751,"osteogen","N",13,"SERPINA3-KD osteo (GSE247528)",6,12
"ENSG00000170191",8.3139153361314,0.684468999386126,"osteogen","N",13,"SERPINA3-KD osteo (GSE247528)",6,12
"ENSG00000170260",7.54525752602649,0.60036832412523,"osteogen","N",13,"SERPINA3-KD osteo (GSE247528)",6,12
"ENSG00000170270",7.7646495467551,0.624923265807244,"osteogen","N",13,"SERPINA3-KD osteo (GSE247528)",6,12
"ENSG00000170276",6.38222928299379,0.488336402701044,"osteogen","N",13,"SERPINA3-KD osteo (GSE247528)",6,12
"ENSG00000170291",8.35136224314367,0.687231430325353,"osteogen","N",13,"SERPINA3-KD osteo (GSE247528)",6,12
"ENSG00000170293",2.77168941449075,0.191528545119705,"osteogen","N",13,"SERPINA3-KD osteo (GSE247528)",6,12
"ENSG00000170323",2.58347689523025,0.174340085942296,"osteogen","N",13,"SERPINA3-KD osteo (GSE247528)",6,12
"ENSG00000170348",13.2665668889124,0.988643339472069,"osteogen","N",13,"SERPINA3-KD osteo (GSE247528)",6,12
"ENSG00000170369",2.9208210522161,0.202578268876611,"osteogen","N",13,"SERPINA3-KD osteo (GSE247528)",6,12
"ENSG00000170373",0.983792183795666,0.0101289134438306,"osteogen","N",13,"SERPINA3-KD osteo (GSE247528)",6,12
"ENSG00000170374",1.28204164874645,0.0310006138735421,"osteogen","N",13,"SERPINA3-KD osteo (GSE247528)",6,12
"ENSG00000170396",4.80435816674687,0.354818907305095,"osteogen","N",13,"SERPINA3-KD osteo (GSE247528)",6,12
"ENSG00000170425",6.02004477795301,0.452424800491099,"osteogen","N",13,"SERPINA3-KD osteo (GSE247528)",6,12
"ENSG00000170439",5.48218439541316,0.413750767341928,"osteogen","N",13,"SERPINA3-KD osteo (GSE247528)",6,12
"ENSG00000170468",6.18513278378497,0.470227133210559,"osteogen","N",13,"SERPINA3-KD osteo (GSE247528)",6,12
"ENSG00000170542",6.47041531435992,0.5,"osteogen","N",13,"SERPINA3-KD osteo (GSE247528)",6,12
"ENSG00000170577",6.71641376134067,0.525168815224064,"osteogen","N",13,"SERPINA3-KD osteo (GSE247528)",6,12
"ENSG00000170604",5.76956572161842,0.43585021485574,"osteogen","N",13,"SERPINA3-KD osteo (GSE247528)",6,12
"ENSG00000170677",8.40981345308199,0.694904849600982,"osteogen","N",13,"SERPINA3-KD osteo (GSE247528)",6,12
"ENSG00000170681",3.7216727424244,0.27255985267035,"osteogen","N",13,"SERPINA3-KD osteo (GSE247528)",6,12
"ENSG00000170775",3.95303177298544,0.288520564763659,"osteogen","N",13,"SERPINA3-KD osteo (GSE247528)",6,12
"ENSG00000170855",9.5603772697907,0.825966850828729,"osteogen","N",13,"SERPINA3-KD osteo (GSE247528)",6,12
"ENSG00000170860",9.9384033670839,0.86279926335175,"osteogen","N",13,"SERPINA3-KD osteo (GSE247528)",6,12
"ENSG00000170876",11.8067038128484,0.967464702271332,"osteogen","N",13,"SERPINA3-KD osteo (GSE247528)",6,12
"ENSG00000170881",8.00743037458485,0.650705954573358,"osteogen","N",13,"SERPINA3-KD osteo (GSE247528)",6,12
"ENSG00000170893",2.18184720827167,0.127378759975445,"osteogen","N",13,"SERPINA3-KD osteo (GSE247528)",6,12
"ENSG00000170915",6.37025097479698,0.487108655616943,"osteogen","N",13,"SERPINA3-KD osteo (GSE247528)",6,12
"ENSG00000170923",1.95266495399489,0.100982197667281,"osteogen","N",13,"SERPINA3-KD osteo (GSE247528)",6,12
"ENSG00000170961",13.9828418815518,0.994168201350522,"osteogen","N",13,"SERPINA3-KD osteo (GSE247528)",6,12
"ENSG00000171049",4.02200216223854,0.29158993247391,"osteogen","N",13,"SERPINA3-KD osteo (GSE247528)",6,12
"ENSG00000171056",2.21573530160898,0.130755064456722,"osteogen","N",13,"SERPINA3-KD osteo (GSE247528)",6,12
"ENSG00000171097",7.65667595481691,0.612338858195212,"osteogen","N",13,"SERPINA3-KD osteo (GSE247528)",6,12
"ENSG00000171115",1.76681464212106,0.0822590546347452,"osteogen","N",13,"SERPINA3-KD osteo (GSE247528)",6,12
"ENSG00000171116",2.29456366450145,0.139656230816452,"osteogen","N",13,"SERPINA3-KD osteo (GSE247528)",6,12
"ENSG00000171150",10.137467419281,0.876918354818907,"osteogen","N",13,"SERPINA3-KD osteo (GSE247528)",6,12
"ENSG00000171155",9.95500049063961,0.8634131368938,"osteogen","N",13,"SERPINA3-KD osteo (GSE247528)",6,12
"ENSG00000171159",9.36085812914671,0.805709023941068,"osteogen","N",13,"SERPINA3-KD osteo (GSE247528)",6,12
"ENSG00000171169",6.47579743440446,0.501841620626151,"osteogen","N",13,"SERPINA3-KD osteo (GSE247528)",6,12
"ENSG00000171180",1.5970267302841,0.0644567219152855,"osteogen","N",13,"SERPINA3-KD osteo (GSE247528)",6,12
"ENSG00000171202",8.81171847199989,0.741252302025783,"osteogen","N",13,"SERPINA3-KD osteo (GSE247528)",6,12
"ENSG00000171223",11.7517407604709,0.962860650705955,"osteogen","N",13,"SERPINA3-KD osteo (GSE247528)",6,12
"ENSG00000171224",2.12338767247585,0.121240024554942,"osteogen","N",13,"SERPINA3-KD osteo (GSE247528)",6,12
"ENSG00000171227",5.58770310285409,0.421731123388582,"osteogen","N",13,"SERPINA3-KD osteo (GSE247528)",6,12
"ENSG00000171241",8.43056987274388,0.697974217311234,"osteogen","N",13,"SERPINA3-KD osteo (GSE247528)",6,12
"ENSG00000171246",1.60433559290599,0.0650705954573358,"osteogen","N",13,"SERPINA3-KD osteo (GSE247528)",6,12
"ENSG00000171291",6.63254071342318,0.516574585635359,"osteogen","N",13,"SERPINA3-KD osteo (GSE247528)",6,12
"ENSG00000171303",3.1578237617233,0.228667894413751,"osteogen","N",13,"SERPINA3-KD osteo (GSE247528)",6,12
"ENSG00000171314",13.3139116817011,0.988950276243094,"osteogen","N",13,"SERPINA3-KD osteo (GSE247528)",6,12
"ENSG00000171357",6.09016345901966,0.460712093308778,"osteogen","N",13,"SERPINA3-KD osteo (GSE247528)",6,12
"ENSG00000171443",7.24885508611606,0.570902394106814,"osteogen","N",13,"SERPINA3-KD osteo (GSE247528)",6,12
"ENSG00000171448",6.34898956565225,0.485573971761817,"osteogen","N",13,"SERPINA3-KD osteo (GSE247528)",6,12
"ENSG00000171497",9.63661904372537,0.83609576427256,"osteogen","N",13,"SERPINA3-KD osteo (GSE247528)",6,12
"ENSG00000171517",2.19658627861886,0.129527317372621,"osteogen","N",13,"SERPINA3-KD osteo (GSE247528)",6,12
"ENSG00000171522",7.29582693439283,0.574278698588091,"osteogen","N",13,"SERPINA3-KD osteo (GSE247528)",6,12
"ENSG00000171532",9.78576245283332,0.850828729281768,"osteogen","N",13,"SERPINA3-KD osteo (GSE247528)",6,12
"ENSG00000171561",4.74216808183557,0.350828729281768,"osteogen","N",13,"SERPINA3-KD osteo (GSE247528)",6,12
"ENSG00000171612",5.25696738296652,0.395948434622468,"osteogen","N",13,"SERPINA3-KD osteo (GSE247528)",6,12
"ENSG00000171657",2.70372472861967,0.186310620012277,"osteogen","N",13,"SERPINA3-KD osteo (GSE247528)",6,12
"ENSG00000171724",1.98291516074426,0.105586249232658,"osteogen","N",13,"SERPINA3-KD osteo (GSE247528)",6,12
"ENSG00000171747",2.01390107150292,0.10865561694291,"osteogen","N",13,"SERPINA3-KD osteo (GSE247528)",6,12
"ENSG00000171815",3.86437840482927,0.28146101903008,"osteogen","N",13,"SERPINA3-KD osteo (GSE247528)",6,12
"ENSG00000171819",2.62393832979467,0.178023327194598,"osteogen","N",13,"SERPINA3-KD osteo (GSE247528)",6,12
"ENSG00000171823",3.43107589785061,0.249539594843462,"osteogen","N",13,"SERPINA3-KD osteo (GSE247528)",6,12
"ENSG00000171860",4.41283753253333,0.322283609576427,"osteogen","N",13,"SERPINA3-KD osteo (GSE247528)",6,12
"ENSG00000171862",7.14380559380866,0.561694290976059,"osteogen","N",13,"SERPINA3-KD osteo (GSE247528)",6,12
"ENSG00000171872",4.36496812372575,0.318600368324125,"osteogen","N",13,"SERPINA3-KD osteo (GSE247528)",6,12
"ENSG00000171951",4.96557292245798,0.369858809085328,"osteogen","N",13,"SERPINA3-KD osteo (GSE247528)",6,12
"ENSG00000172000",2.95816105335335,0.206261510128913,"osteogen","N",13,"SERPINA3-KD osteo (GSE247528)",6,12
"ENSG00000172007",8.03230051043041,0.653468385512584,"osteogen","N",13,"SERPINA3-KD osteo (GSE247528)",6,12
"ENSG00000172031",2.96353268686098,0.206875383670964,"osteogen","N",13,"SERPINA3-KD osteo (GSE247528)",6,12
"ENSG00000172061",9.20654651700059,0.785451197053407,"osteogen","N",13,"SERPINA3-KD osteo (GSE247528)",6,12
"ENSG00000172086",9.38151885010034,0.808471454880295,"osteogen","N",13,"SERPINA3-KD osteo (GSE247528)",6,12
"ENSG00000172115",11.5270550080039,0.956721915285451,"osteogen","N",13,"SERPINA3-KD osteo (GSE247528)",6,12
"ENSG00000172146",2.98013882957313,0.208717004297115,"osteogen","N",13,"SERPINA3-KD osteo (GSE247528)",6,12
"ENSG00000172167",5.73220009217312,0.433087783916513,"osteogen","N",13,"SERPINA3-KD osteo (GSE247528)",6,12
"ENSG00000172172",10.0765221360039,0.871393492940454,"osteogen","N",13,"SERPINA3-KD osteo (GSE247528)",6,12
"ENSG00000172209",3.73083886595779,0.273787599754451,"osteogen","N",13,"SERPINA3-KD osteo (GSE247528)",6,12
"ENSG00000172215",1.86557906514109,0.0911602209944751,"osteogen","N",13,"SERPINA3-KD osteo (GSE247528)",6,12
"ENSG00000172216",6.56858460141102,0.510128913443831,"osteogen","N",13,"SERPINA3-KD osteo (GSE247528)",6,12
"ENSG00000172244",6.4212873140702,0.49171270718232,"osteogen","N",13,"SERPINA3-KD osteo (GSE247528)",6,12
"ENSG00000172315",9.71927366157089,0.84561080417434,"osteogen","N",13,"SERPINA3-KD osteo (GSE247528)",6,12
"ENSG00000172318",7.37966797208556,0.582872928176796,"osteogen","N",13,"SERPINA3-KD osteo (GSE247528)",6,12
"ENSG00000172320",2.52573003201482,0.168508287292818,"osteogen","N",13,"SERPINA3-KD osteo (GSE247528)",6,12
"ENSG00000172324",3.15085036186462,0.227133210558625,"osteogen","N",13,"SERPINA3-KD osteo (GSE247528)",6,12
"ENSG00000172336",9.24102898560405,0.79097605893186,"osteogen","N",13,"SERPINA3-KD osteo (GSE247528)",6,12
"ENSG00000172361",3.85315108422227,0.280233271945979,"osteogen","N",13,"SERPINA3-KD osteo (GSE247528)",6,12
"ENSG00000172380",12.9874767703479,0.986494782074893,"osteogen","N",13,"SERPINA3-KD osteo (GSE247528)",6,12
"ENSG00000172399",4.20111060854579,0.306015960712093,"osteogen","N",13,"SERPINA3-KD osteo (GSE247528)",6,12
"ENSG00000172404",2.73091866770319,0.188152240638428,"osteogen","N",13,"SERPINA3-KD osteo (GSE247528)",6,12
"ENSG00000172409",8.13574773548419,0.66329036218539,"osteogen","N",13,"SERPINA3-KD osteo (GSE247528)",6,12
"ENSG00000172458",4.11869392453143,0.299570288520565,"osteogen","N",13,"SERPINA3-KD osteo (GSE247528)",6,12
"ENSG00000172476",4.95958652531253,0.369244935543278,"osteogen","N",13,"SERPINA3-KD osteo (GSE247528)",6,12
"ENSG00000172543",2.09253403155309,0.11817065684469,"osteogen","N",13,"SERPINA3-KD osteo (GSE247528)",6,12
"ENSG00000172572",5.48941586064392,0.414364640883978,"osteogen","N",13,"SERPINA3-KD osteo (GSE247528)",6,12
"ENSG00000172586",8.82251282623469,0.742480049109883,"osteogen","N",13,"SERPINA3-KD osteo (GSE247528)",6,12
"ENSG00000172613",8.1894614158406,0.667894413750767,"osteogen","N",13,"SERPINA3-KD osteo (GSE247528)",6,12
"ENSG00000172663",9.79631696036095,0.851749539594843,"osteogen","N",13,"SERPINA3-KD osteo (GSE247528)",6,12
"ENSG00000172742",2.88865662014715,0.199815837937385,"osteogen","N",13,"SERPINA3-KD osteo (GSE247528)",6,12
"ENSG00000172789",4.8293814148983,0.356660527931246,"osteogen","N",13,"SERPINA3-KD osteo (GSE247528)",6,12
"ENSG00000172817",6.09599909288515,0.461325966850829,"osteogen","N",13,"SERPINA3-KD osteo (GSE247528)",6,12
"ENSG00000172840",7.66935223195602,0.612952731737262,"osteogen","N",13,"SERPINA3-KD osteo (GSE247528)",6,12
"ENSG00000172927",2.53167521516359,0.170042971147944,"osteogen","N",13,"SERPINA3-KD osteo (GSE247528)",6,12
"ENSG00000172939",9.78528213387753,0.850521792510743,"osteogen","N",13,"SERPINA3-KD osteo (GSE247528)",6,12
"ENSG00000173013",2.81084210414488,0.193984039287907,"osteogen","N",13,"SERPINA3-KD osteo (GSE247528)",6,12
"ENSG00000173110",4.30811820453111,0.313996316758748,"osteogen","N",13,"SERPINA3-KD osteo (GSE247528)",6,12
"ENSG00000173113",10.9868505315141,0.934929404542664,"osteogen","N",13,"SERPINA3-KD osteo (GSE247528)",6,12
"ENSG00000173137",6.61346078810142,0.514732965009208,"osteogen","N",13,"SERPINA3-KD osteo (GSE247528)",6,12
"ENSG00000173141",9.98011628134446,0.864640883977901,"osteogen","N",13,"SERPINA3-KD osteo (GSE247528)",6,12
"ENSG00000173156",8.44303579281295,0.700429711479435,"osteogen","N",13,"SERPINA3-KD osteo (GSE247528)",6,12
"ENSG00000173198",3.91556144385013,0.284837323511357,"osteogen","N",13,"SERPINA3-KD osteo (GSE247528)",6,12
"ENSG00000173208",2.62551886714081,0.178637200736648,"osteogen","N",13,"SERPINA3-KD osteo (GSE247528)",6,12
"ENSG00000173214",10.3671051708574,0.897483118477594,"osteogen","N",13,"SERPINA3-KD osteo (GSE247528)",6,12
"ENSG00000173261",2.52925850986259,0.169429097605893,"osteogen","N",13,"SERPINA3-KD osteo (GSE247528)",6,12
"ENSG00000173273",7.38934129746092,0.584714548802947,"osteogen","N",13,"SERPINA3-KD osteo (GSE247528)",6,12
"ENSG00000173281",8.53401596770562,0.709330877839165,"osteogen","N",13,"SERPINA3-KD osteo (GSE247528)",6,12
"ENSG00000173285",2.09559030279134,0.119091467157766,"osteogen","N",13,"SERPINA3-KD osteo (GSE247528)",6,12
"ENSG00000173327",9.91311996440102,0.861571516267649,"osteogen","N",13,"SERPINA3-KD osteo (GSE247528)",6,12
"ENSG00000173334",5.76448394208153,0.435543278084715,"osteogen","N",13,"SERPINA3-KD osteo (GSE247528)",6,12
"ENSG00000173432",14.2391631249896,0.996009821976673,"osteogen","N",13,"SERPINA3-KD osteo (GSE247528)",6,12
"ENSG00000173451",6.93467495125323,0.5451197053407,"osteogen","N",13,"SERPINA3-KD osteo (GSE247528)",6,12
"ENSG00000173456",11.0840546867356,0.940147329650092,"osteogen","N",13,"SERPINA3-KD osteo (GSE247528)",6,12
"ENSG00000173465",9.22968298193077,0.788520564763659,"osteogen","N",13,"SERPINA3-KD osteo (GSE247528)",6,12
"ENSG00000173530",9.04629151758274,0.765193370165746,"osteogen","N",13,"SERPINA3-KD osteo (GSE247528)",6,12
"ENSG00000173542",7.49176257771084,0.594536525475752,"osteogen","N",13,"SERPINA3-KD osteo (GSE247528)",6,12
"ENSG00000173545",10.503670678733,0.908225905463474,"osteogen","N",13,"SERPINA3-KD osteo (GSE247528)",6,12
"ENSG00000173546",9.1344565256012,0.777470841006753,"osteogen","N",13,"SERPINA3-KD osteo (GSE247528)",6,12
"ENSG00000173548",8.54918690193526,0.711172498465316,"osteogen","N",13,"SERPINA3-KD osteo (GSE247528)",6,12
"ENSG00000173581",8.35934837628142,0.688766114180479,"osteogen","N",13,"SERPINA3-KD osteo (GSE247528)",6,12
"ENSG00000173597",4.36263473896871,0.3182934315531,"osteogen","N",13,"SERPINA3-KD osteo (GSE247528)",6,12
"ENSG00000173621",6.22449321988419,0.475138121546961,"osteogen","N",13,"SERPINA3-KD osteo (GSE247528)",6,12
"ENSG00000173653",8.72747940989735,0.732965009208103,"osteogen","N",13,"SERPINA3-KD osteo (GSE247528)",6,12
"ENSG00000173705",9.07864376898253,0.770718232044199,"osteogen","N",13,"SERPINA3-KD osteo (GSE247528)",6,12
"ENSG00000173905",11.9391619235436,0.971147943523634,"osteogen","N",13,"SERPINA3-KD osteo (GSE247528)",6,12
"ENSG00000173926",7.39842685730614,0.586556169429098,"osteogen","N",13,"SERPINA3-KD osteo (GSE247528)",6,12
"ENSG00000173928",5.71656211655836,0.432780847145488,"osteogen","N",13,"SERPINA3-KD osteo (GSE247528)",6,12
"ENSG00000173930",2.01246999636314,0.108348680171885,"osteogen","N",13,"SERPINA3-KD osteo (GSE247528)",6,12
"ENSG00000173992",8.39574338041545,0.692756292203806,"osteogen","N",13,"SERPINA3-KD osteo (GSE247528)",6,12
"ENSG00000174004",3.25020099350339,0.23695518723143,"osteogen","N",13,"SERPINA3-KD osteo (GSE247528)",6,12
"ENSG00000174007",6.24521356000332,0.477900552486188,"osteogen","N",13,"SERPINA3-KD osteo (GSE247528)",6,12
"ENSG00000174013",6.55888035963285,0.50951503990178,"osteogen","N",13,"SERPINA3-KD osteo (GSE247528)",6,12
"ENSG00000174106",7.77601634434351,0.626151012891344,"osteogen","N",13,"SERPINA3-KD osteo (GSE247528)",6,12
"ENSG00000174109",7.8266390456754,0.632289748311848,"osteogen","N",13,"SERPINA3-KD osteo (GSE247528)",6,12
"ENSG00000174125",5.22800416865938,0.393492940454266,"osteogen","N",13,"SERPINA3-KD osteo (GSE247528)",6,12
"ENSG00000174165",9.662492992669,0.839779005524862,"osteogen","N",13,"SERPINA3-KD osteo (GSE247528)",6,12
"ENSG00000174173",9.31860972888814,0.801718845917741,"osteogen","N",13,"SERPINA3-KD osteo (GSE247528)",6,12
"ENSG00000174236",3.13840065594059,0.226212400245549,"osteogen","N",13,"SERPINA3-KD osteo (GSE247528)",6,12
"ENSG00000174276",8.48277990113458,0.704112952731737,"osteogen","N",13,"SERPINA3-KD osteo (GSE247528)",6,12
"ENSG00000174282",8.98186268966458,0.759668508287293,"osteogen","N",13,"SERPINA3-KD osteo (GSE247528)",6,12
"ENSG00000174307",7.98796503881243,0.647636586863106,"osteogen","N",13,"SERPINA3-KD osteo (GSE247528)",6,12
"ENSG00000174327",4.79490762981614,0.354205033763045,"osteogen","N",13,"SERPINA3-KD osteo (GSE247528)",6,12
"ENSG00000174332",4.12705043138911,0.300184162062615,"osteogen","N",13,"SERPINA3-KD osteo (GSE247528)",6,12
"ENSG00000174343",2.69493678867444,0.184468999386126,"osteogen","N",13,"SERPINA3-KD osteo (GSE247528)",6,12
"ENSG00000174429",1.77481113653532,0.0831798649478207,"osteogen","N",13,"SERPINA3-KD osteo (GSE247528)",6,12
"ENSG00000174521",1.70106945955754,0.0748925721301412,"osteogen","N",13,"SERPINA3-KD osteo (GSE247528)",6,12
"ENSG00000174529",3.6646635381479,0.267341927562922,"osteogen","N",13,"SERPINA3-KD osteo (GSE247528)",6,12
"ENSG00000174579",6.48725334095302,0.503990178023327,"osteogen","N",13,"SERPINA3-KD osteo (GSE247528)",6,12
"ENSG00000174599",6.67640143290495,0.520564763658686,"osteogen","N",13,"SERPINA3-KD osteo (GSE247528)",6,12
"ENSG00000174684",9.8826540398122,0.859729895641498,"osteogen","N",13,"SERPINA3-KD osteo (GSE247528)",6,12
"ENSG00000174697",4.89997770632688,0.3634131368938,"osteogen","N",13,"SERPINA3-KD osteo (GSE247528)",6,12
"ENSG00000174740",5.7113069199964,0.431860036832413,"osteogen","N",13,"SERPINA3-KD osteo (GSE247528)",6,12
"ENSG00000174749",6.90044547945321,0.541129527317373,"osteogen","N",13,"SERPINA3-KD osteo (GSE247528)",6,12
"ENSG00000174804",7.98972842969784,0.647943523634131,"osteogen","N",13,"SERPINA3-KD osteo (GSE247528)",6,12
"ENSG00000174807",12.0509334041267,0.974524248004911,"osteogen","N",13,"SERPINA3-KD osteo (GSE247528)",6,12
"ENSG00000174840",9.44049677336985,0.813996316758748,"osteogen","N",13,"SERPINA3-KD osteo (GSE247528)",6,12
"ENSG00000174917",10.2574843823841,0.887047268262738,"osteogen","N",13,"SERPINA3-KD osteo (GSE247528)",6,12
"ENSG00000175040",7.24166578210316,0.570288520564764,"osteogen","N",13,"SERPINA3-KD osteo (GSE247528)",6,12
"ENSG00000175073",9.17803685127599,0.782995702885206,"osteogen","N",13,"SERPINA3-KD osteo (GSE247528)",6,12
"ENSG00000175105",9.31158049697003,0.801411909146716,"osteogen","N",13,"SERPINA3-KD osteo (GSE247528)",6,12
"ENSG00000175130",7.65990101510779,0.612645794966237,"osteogen","N",13,"SERPINA3-KD osteo (GSE247528)",6,12
"ENSG00000175213",8.58133219979348,0.714548802946593,"osteogen","N",13,"SERPINA3-KD osteo (GSE247528)",6,12
"ENSG00000175264",4.13503537504375,0.301411909146716,"osteogen","N",13,"SERPINA3-KD osteo (GSE247528)",6,12
"ENSG00000175283",9.66784808998062,0.840392879066912,"osteogen","N",13,"SERPINA3-KD osteo (GSE247528)",6,12
"ENSG00000175294",2.75760135965339,0.189993861264579,"osteogen","N",13,"SERPINA3-KD osteo (GSE247528)",6,12
"ENSG00000175311",1.38933915716206,0.0441988950276243,"osteogen","N",13,"SERPINA3-KD osteo (GSE247528)",6,12
"ENSG00000175315",2.88589120998735,0.19950890116636,"osteogen","N",13,"SERPINA3-KD osteo (GSE247528)",6,12
"ENSG00000175334",11.0948850877182,0.941375076734193,"osteogen","N",13,"SERPINA3-KD osteo (GSE247528)",6,12
"ENSG00000175376",8.46171016932107,0.701350521792511,"osteogen","N",13,"SERPINA3-KD osteo (GSE247528)",6,12
"ENSG00000175414",7.6861653271393,0.615715162676489,"osteogen","N",13,"SERPINA3-KD osteo (GSE247528)",6,12
"ENSG00000175482",9.56042352916968,0.826273787599754,"osteogen","N",13,"SERPINA3-KD osteo (GSE247528)",6,12
"ENSG00000175536",5.54572189096741,0.41866175567833,"osteogen","N",13,"SERPINA3-KD osteo (GSE247528)",6,12
"ENSG00000175548",6.43527621608317,0.494168201350522,"osteogen","N",13,"SERPINA3-KD osteo (GSE247528)",6,12
"ENSG00000175550",11.7720628956182,0.96378146101903,"osteogen","N",13,"SERPINA3-KD osteo (GSE247528)",6,12
"ENSG00000175573",7.47078765569104,0.593001841620626,"osteogen","N",13,"SERPINA3-KD osteo (GSE247528)",6,12
"ENSG00000175592",10.5020099229469,0.907918968692449,"osteogen","N",13,"SERPINA3-KD osteo (GSE247528)",6,12
"ENSG00000175602",9.16353770973195,0.781767955801105,"osteogen","N",13,"SERPINA3-KD osteo (GSE247528)",6,12
"ENSG00000175691",5.21251312311546,0.39134438305709,"osteogen","N",13,"SERPINA3-KD osteo (GSE247528)",6,12
"ENSG00000175711",7.41615152853967,0.588397790055249,"osteogen","N",13,"SERPINA3-KD osteo (GSE247528)",6,12
"ENSG00000175806",7.38954637181239,0.585021485573972,"osteogen","N",13,"SERPINA3-KD osteo (GSE247528)",6,12
"ENSG00000175820",2.26840270971857,0.1365868631062,"osteogen","N",13,"SERPINA3-KD osteo (GSE247528)",6,12
"ENSG00000175879",6.56556561543169,0.509821976672805,"osteogen","N",13,"SERPINA3-KD osteo (GSE247528)",6,12
"ENSG00000175895",8.22846871197898,0.67341927562922,"osteogen","N",13,"SERPINA3-KD osteo (GSE247528)",6,12
"ENSG00000175906",9.60942957524305,0.834561080417434,"osteogen","N",13,"SERPINA3-KD osteo (GSE247528)",6,12
"ENSG00000175928",2.4512492425696,0.159300184162063,"osteogen","N",13,"SERPINA3-KD osteo (GSE247528)",6,12
"ENSG00000175938",6.64617419922124,0.518109269490485,"osteogen","N",13,"SERPINA3-KD osteo (GSE247528)",6,12
"ENSG00000175946",1.51946623263507,0.0567833026396562,"osteogen","N",13,"SERPINA3-KD osteo (GSE247528)",6,12
"ENSG00000176020",2.23248233307159,0.132596685082873,"osteogen","N",13,"SERPINA3-KD osteo (GSE247528)",6,12
"ENSG00000176022",6.52235606695903,0.507059545733579,"osteogen","N",13,"SERPINA3-KD osteo (GSE247528)",6,12
"ENSG00000176046",10.3699665868103,0.897790055248619,"osteogen","N",13,"SERPINA3-KD osteo (GSE247528)",6,12
"ENSG00000176108",9.69798089587982,0.843769183548189,"osteogen","N",13,"SERPINA3-KD osteo (GSE247528)",6,12
"ENSG00000176125",5.50491094027968,0.414671577655003,"osteogen","N",13,"SERPINA3-KD osteo (GSE247528)",6,12
"ENSG00000176182",4.8616811679923,0.360343769183548,"osteogen","N",13,"SERPINA3-KD osteo (GSE247528)",6,12
"ENSG00000176208",6.10222310643043,0.462553713934929,"osteogen","N",13,"SERPINA3-KD osteo (GSE247528)",6,12
"ENSG00000176230",1.89354704472109,0.0942295887047268,"osteogen","N",13,"SERPINA3-KD osteo (GSE247528)",6,12
"ENSG00000176244",3.89780990558992,0.283302639656231,"osteogen","N",13,"SERPINA3-KD osteo (GSE247528)",6,12
"ENSG00000176248",9.47065982562237,0.8182934315531,"osteogen","N",13,"SERPINA3-KD osteo (GSE247528)",6,12
"ENSG00000176340",10.3943036422972,0.899324739103745,"osteogen","N",13,"SERPINA3-KD osteo (GSE247528)",6,12
"ENSG00000176383",3.79374461179543,0.277163904235727,"osteogen","N",13,"SERPINA3-KD osteo (GSE247528)",6,12
"ENSG00000176386",9.61761671216514,0.834868017188459,"osteogen","N",13,"SERPINA3-KD osteo (GSE247528)",6,12
"ENSG00000176399",4.2383169491258,0.30877839165132,"osteogen","N",13,"SERPINA3-KD osteo (GSE247528)",6,12
"ENSG00000176401",5.44546025162365,0.411295273173726,"osteogen","N",13,"SERPINA3-KD osteo (GSE247528)",6,12
"ENSG00000176410",8.71769984827366,0.730816451810927,"osteogen","N",13,"SERPINA3-KD osteo (GSE247528)",6,12
"ENSG00000176476",6.93878043757299,0.54573357888275,"osteogen","N",13,"SERPINA3-KD osteo (GSE247528)",6,12
"ENSG00000176490",8.8807501505544,0.749846531614487,"osteogen","N",13,"SERPINA3-KD osteo (GSE247528)",6,12
"ENSG00000176495",1.75836982094083,0.0807243707796194,"osteogen","N",13,"SERPINA3-KD osteo (GSE247528)",6,12
"ENSG00000176532",1.27295311324937,0.0297728667894414,"osteogen","N",13,"SERPINA3-KD osteo (GSE247528)",6,12
"ENSG00000176595",3.22551677766838,0.233885819521179,"osteogen","N",13,"SERPINA3-KD osteo (GSE247528)",6,12
"ENSG00000176678",2.47537317298148,0.162062615101289,"osteogen","N",13,"SERPINA3-KD osteo (GSE247528)",6,12
"ENSG00000176692",6.03757444456504,0.455494168201351,"osteogen","N",13,"SERPINA3-KD osteo (GSE247528)",6,12
"ENSG00000176695",3.69918794083485,0.269797421731123,"osteogen","N",13,"SERPINA3-KD osteo (GSE247528)",6,12
"ENSG00000176720",8.33246089175685,0.685389809699202,"osteogen","N",13,"SERPINA3-KD osteo (GSE247528)",6,12
"ENSG00000176732",3.775347877907,0.276243093922652,"osteogen","N",13,"SERPINA3-KD osteo (GSE247528)",6,12
"ENSG00000176749",4.28305683796813,0.312461632903622,"osteogen","N",13,"SERPINA3-KD osteo (GSE247528)",6,12
"ENSG00000176783",7.67666769013247,0.614180478821363,"osteogen","N",13,"SERPINA3-KD osteo (GSE247528)",6,12
"ENSG00000176788",9.30410792659045,0.79926335174954,"osteogen","N",13,"SERPINA3-KD osteo (GSE247528)",6,12
"ENSG00000176871",10.6033332380112,0.915285451197053,"osteogen","N",13,"SERPINA3-KD osteo (GSE247528)",6,12
"ENSG00000176887",9.67602756608613,0.841620626151013,"osteogen","N",13,"SERPINA3-KD osteo (GSE247528)",6,12
"ENSG00000176896",5.35461628574503,0.404235727440147,"osteogen","N",13,"SERPINA3-KD osteo (GSE247528)",6,12
"ENSG00000176903",9.67443005912261,0.841006752608963,"osteogen","N",13,"SERPINA3-KD osteo (GSE247528)",6,12
"ENSG00000176907",2.35619141041775,0.147022713321056,"osteogen","N",13,"SERPINA3-KD osteo (GSE247528)",6,12
"ENSG00000176928",5.34242100537475,0.402701043585022,"osteogen","N",13,"SERPINA3-KD osteo (GSE247528)",6,12
"ENSG00000176971",9.75495247078349,0.848066298342541,"osteogen","N",13,"SERPINA3-KD osteo (GSE247528)",6,12
"ENSG00000176973",5.79253474541279,0.437691835481891,"osteogen","N",13,"SERPINA3-KD osteo (GSE247528)",6,12
"ENSG00000177025",2.42417343494773,0.154082259054635,"osteogen","N",13,"SERPINA3-KD osteo (GSE247528)",6,12
"ENSG00000177051",4.90589523396336,0.36402701043585,"osteogen","N",13,"SERPINA3-KD osteo (GSE247528)",6,12
"ENSG00000177076",3.11202940097701,0.222222222222222,"osteogen","N",13,"SERPINA3-KD osteo (GSE247528)",6,12
"ENSG00000177096",9.68121583122244,0.842848373235114,"osteogen","N",13,"SERPINA3-KD osteo (GSE247528)",6,12
"ENSG00000177191",3.70004538109421,0.270104358502149,"osteogen","N",13,"SERPINA3-KD osteo (GSE247528)",6,12
"ENSG00000177201",2.48960327002722,0.163597298956415,"osteogen","N",13,"SERPINA3-KD osteo (GSE247528)",6,12
"ENSG00000177283",4.58885039523494,0.338244321669736,"osteogen","N",13,"SERPINA3-KD osteo (GSE247528)",6,12
"ENSG00000177363",6.43491207586959,0.493861264579497,"osteogen","N",13,"SERPINA3-KD osteo (GSE247528)",6,12
"ENSG00000177370",10.1613583181767,0.878759975445058,"osteogen","N",13,"SERPINA3-KD osteo (GSE247528)",6,12
"ENSG00000177383",8.26174030844325,0.675874769797422,"osteogen","N",13,"SERPINA3-KD osteo (GSE247528)",6,12
"ENSG00000177432",7.9131693514148,0.638121546961326,"osteogen","N",13,"SERPINA3-KD osteo (GSE247528)",6,12
"ENSG00000177453",5.33461344726268,0.401780233271946,"osteogen","N",13,"SERPINA3-KD osteo (GSE247528)",6,12
"ENSG00000177464",3.13130465459746,0.225291589932474,"osteogen","N",13,"SERPINA3-KD osteo (GSE247528)",6,12
"ENSG00000177465",5.24464917467055,0.395027624309392,"osteogen","N",13,"SERPINA3-KD osteo (GSE247528)",6,12
"ENSG00000177485",8.69910983003882,0.7280540208717,"osteogen","N",13,"SERPINA3-KD osteo (GSE247528)",6,12
"ENSG00000177494",0.962414619908556,0.0089011663597299,"osteogen","N",13,"SERPINA3-KD osteo (GSE247528)",6,12
"ENSG00000177600",11.4157780059816,0.95426642111725,"osteogen","N",13,"SERPINA3-KD osteo (GSE247528)",6,12
"ENSG00000177602",4.92935335418664,0.367096378146102,"osteogen","N",13,"SERPINA3-KD osteo (GSE247528)",6,12
"ENSG00000177606",11.9251717916131,0.970841006752609,"osteogen","N",13,"SERPINA3-KD osteo (GSE247528)",6,12
"ENSG00000177613",9.4531536932372,0.816144874155924,"osteogen","N",13,"SERPINA3-KD osteo (GSE247528)",6,12
"ENSG00000177675",3.6589291286322,0.265807243707796,"osteogen","N",13,"SERPINA3-KD osteo (GSE247528)",6,12
"ENSG00000177688",2.4554160812934,0.160527931246163,"osteogen","N",13,"SERPINA3-KD osteo (GSE247528)",6,12
"ENSG00000177700",11.9759785749377,0.97329650092081,"osteogen","N",13,"SERPINA3-KD osteo (GSE247528)",6,12
"ENSG00000177706",9.44395265661845,0.814303253529773,"osteogen","N",13,"SERPINA3-KD osteo (GSE247528)",6,12
"ENSG00000177721",3.38891907749092,0.246470227133211,"osteogen","N",13,"SERPINA3-KD osteo (GSE247528)",6,12
"ENSG00000177732",6.58620828176125,0.511663597298956,"osteogen","N",13,"SERPINA3-KD osteo (GSE247528)",6,12
"ENSG00000177733",11.4486068743262,0.955187231430325,"osteogen","N",13,"SERPINA3-KD osteo (GSE247528)",6,12
"ENSG00000177839",4.05994049147152,0.295273173726212,"osteogen","N",13,"SERPINA3-KD osteo (GSE247528)",6,12
"ENSG00000177854",7.68483603440163,0.615408225905464,"osteogen","N",13,"SERPINA3-KD osteo (GSE247528)",6,12
"ENSG00000177875",5.3827931983011,0.406691221608349,"osteogen","N",13,"SERPINA3-KD osteo (GSE247528)",6,12
"ENSG00000177888",8.58484870695008,0.715162676488643,"osteogen","N",13,"SERPINA3-KD osteo (GSE247528)",6,12
"ENSG00000177932",6.50810875387416,0.505831798649478,"osteogen","N",13,"SERPINA3-KD osteo (GSE247528)",6,12
"ENSG00000177971",10.2887267371396,0.889809699201964,"osteogen","N",13,"SERPINA3-KD osteo (GSE247528)",6,12
"ENSG00000178033",6.58118726111488,0.511356660527931,"osteogen","N",13,"SERPINA3-KD osteo (GSE247528)",6,12
"ENSG00000178074",9.48126000448736,0.819521178637201,"osteogen","N",13,"SERPINA3-KD osteo (GSE247528)",6,12
"ENSG00000178096",7.04893592777647,0.554327808471455,"osteogen","N",13,"SERPINA3-KD osteo (GSE247528)",6,12
"ENSG00000178163",8.7796735416762,0.736034376918355,"osteogen","N",13,"SERPINA3-KD osteo (GSE247528)",6,12
"ENSG00000178172",0.930266101796679,0.00767341927562922,"osteogen","N",13,"SERPINA3-KD osteo (GSE247528)",6,12
"ENSG00000178187",4.39597664490906,0.321362799263352,"osteogen","N",13,"SERPINA3-KD osteo (GSE247528)",6,12
"ENSG00000178201",2.29407369003405,0.139349294045427,"osteogen","N",13,"SERPINA3-KD osteo (GSE247528)",6,12
"ENSG00000178229",6.1079336423297,0.463474524248005,"osteogen","N",13,"SERPINA3-KD osteo (GSE247528)",6,12
"ENSG00000178235",2.72886852398234,0.187538367096378,"osteogen","N",13,"SERPINA3-KD osteo (GSE247528)",6,12
"ENSG00000178301",5.69215643902311,0.430325352977287,"osteogen","N",13,"SERPINA3-KD osteo (GSE247528)",6,12
"ENSG00000178343",0.840667673086775,0.00613873542050338,"osteogen","N",13,"SERPINA3-KD osteo (GSE247528)",6,12
"ENSG00000178440",4.40565667021928,0.321976672805402,"osteogen","N",13,"SERPINA3-KD osteo (GSE247528)",6,12
"ENSG00000178449",9.02366243459076,0.76304481276857,"osteogen","N",13,"SERPINA3-KD osteo (GSE247528)",6,12
"ENSG00000178502",6.57857044396317,0.511049723756906,"osteogen","N",13,"SERPINA3-KD osteo (GSE247528)",6,12
"ENSG00000178531",3.29119464947257,0.240024554941682,"osteogen","N",13,"SERPINA3-KD osteo (GSE247528)",6,12
"ENSG00000178567",9.54546977067314,0.825352977286679,"osteogen","N",13,"SERPINA3-KD osteo (GSE247528)",6,12
"ENSG00000178573",5.23351222298048,0.393799877225292,"osteogen","N",13,"SERPINA3-KD osteo (GSE247528)",6,12
"ENSG00000178690",2.94615221423345,0.205340699815838,"osteogen","N",13,"SERPINA3-KD osteo (GSE247528)",6,12
"ENSG00000178695",9.23849785372131,0.790055248618785,"osteogen","N",13,"SERPINA3-KD osteo (GSE247528)",6,12
"ENSG00000178700",6.86880825697243,0.538060159607121,"osteogen","N",13,"SERPINA3-KD osteo (GSE247528)",6,12
"ENSG00000178715",1.76056387856907,0.0810313075506446,"osteogen","N",13,"SERPINA3-KD osteo (GSE247528)",6,12
"ENSG00000178718",6.29020087161495,0.48158379373849,"osteogen","N",13,"SERPINA3-KD osteo (GSE247528)",6,12
"ENSG00000178726",5.26978612049778,0.397483118477594,"osteogen","N",13,"SERPINA3-KD osteo (GSE247528)",6,12
"ENSG00000178764",8.00702910840643,0.650399017802333,"osteogen","N",13,"SERPINA3-KD osteo (GSE247528)",6,12
"ENSG00000178772",5.00235617465781,0.372621240024555,"osteogen","N",13,"SERPINA3-KD osteo (GSE247528)",6,12
"ENSG00000178776",5.25707521726791,0.396255371393493,"osteogen","N",13,"SERPINA3-KD osteo (GSE247528)",6,12
"ENSG00000178860",9.28329939956853,0.795887047268263,"osteogen","N",13,"SERPINA3-KD osteo (GSE247528)",6,12
"ENSG00000178896",9.44610369256646,0.815224063842848,"osteogen","N",13,"SERPINA3-KD osteo (GSE247528)",6,12
"ENSG00000178913",10.9937595991116,0.935236341313689,"osteogen","N",13,"SERPINA3-KD osteo (GSE247528)",6,12
"ENSG00000178935",5.76336201417393,0.435236341313689,"osteogen","N",13,"SERPINA3-KD osteo (GSE247528)",6,12
"ENSG00000178951",7.62741080981358,0.607734806629834,"osteogen","N",13,"SERPINA3-KD osteo (GSE247528)",6,12
"ENSG00000178982",9.3322218252018,0.802639656230816,"osteogen","N",13,"SERPINA3-KD osteo (GSE247528)",6,12
"ENSG00000179008",5.76270219320375,0.434929404542664,"osteogen","N",13,"SERPINA3-KD osteo (GSE247528)",6,12
"ENSG00000179041",9.06534481507446,0.769490484960098,"osteogen","N",13,"SERPINA3-KD osteo (GSE247528)",6,12
"ENSG00000179051",7.36316905513631,0.581031307550645,"osteogen","N",13,"SERPINA3-KD osteo (GSE247528)",6,12
"ENSG00000179058",2.45369270053645,0.159914057704113,"osteogen","N",13,"SERPINA3-KD osteo (GSE247528)",6,12
"ENSG00000179071",4.4587327145781,0.326273787599754,"osteogen","N",13,"SERPINA3-KD osteo (GSE247528)",6,12
"ENSG00000179083",2.79885696404929,0.193063228974831,"osteogen","N",13,"SERPINA3-KD osteo (GSE247528)",6,12
"ENSG00000179085",7.53181123488601,0.597912829957029,"osteogen","N",13,"SERPINA3-KD osteo (GSE247528)",6,12
"ENSG00000179091",11.3845267309466,0.951810926949048,"osteogen","N",13,"SERPINA3-KD osteo (GSE247528)",6,12
"ENSG00000179097",3.16584414140651,0.229588704726826,"osteogen","N",13,"SERPINA3-KD osteo (GSE247528)",6,12
"ENSG00000179104",5.40614654111479,0.408839779005525,"osteogen","N",13,"SERPINA3-KD osteo (GSE247528)",6,12
"ENSG00000179111",2.312559108999,0.142418661755678,"osteogen","N",13,"SERPINA3-KD osteo (GSE247528)",6,12
"ENSG00000179256",1.31166390045747,0.0352977286678944,"osteogen","N",13,"SERPINA3-KD osteo (GSE247528)",6,12
"ENSG00000179271",10.9544860945786,0.932166973603438,"osteogen","N",13,"SERPINA3-KD osteo (GSE247528)",6,12
"ENSG00000179284",1.12740939507018,0.0187231430325353,"osteogen","N",13,"SERPINA3-KD osteo (GSE247528)",6,12
"ENSG00000179292",2.28372277585613,0.138428483732351,"osteogen","N",13,"SERPINA3-KD osteo (GSE247528)",6,12
"ENSG00000179300",4.21264191958508,0.306629834254144,"osteogen","N",13,"SERPINA3-KD osteo (GSE247528)",6,12
"ENSG00000179388",3.15185778420857,0.22744014732965,"osteogen","N",13,"SERPINA3-KD osteo (GSE247528)",6,12
"ENSG00000179431",6.27051351597362,0.479435236341314,"osteogen","N",13,"SERPINA3-KD osteo (GSE247528)",6,12
"ENSG00000179476",6.82152981163137,0.533149171270718,"osteogen","N",13,"SERPINA3-KD osteo (GSE247528)",6,12
"ENSG00000179562",9.25589008561757,0.792203806015961,"osteogen","N",13,"SERPINA3-KD osteo (GSE247528)",6,12
"ENSG00000179564",6.45548233897953,0.496623695518723,"osteogen","N",13,"SERPINA3-KD osteo (GSE247528)",6,12
"ENSG00000179588",2.31985854925855,0.142725598526703,"osteogen","N",13,"SERPINA3-KD osteo (GSE247528)",6,12
"ENSG00000179598",6.48001558200558,0.502455494168201,"osteogen","N",13,"SERPINA3-KD osteo (GSE247528)",6,12
"ENSG00000179772",1.37136693643632,0.0414364640883978,"osteogen","N",13,"SERPINA3-KD osteo (GSE247528)",6,12
"ENSG00000179813",1.27082077751324,0.0294659300184162,"osteogen","N",13,"SERPINA3-KD osteo (GSE247528)",6,12
"ENSG00000179833",9.99719888082352,0.866482504604052,"osteogen","N",13,"SERPINA3-KD osteo (GSE247528)",6,12
"ENSG00000179841",2.85668122284564,0.196439533456108,"osteogen","N",13,"SERPINA3-KD osteo (GSE247528)",6,12
"ENSG00000179862",2.17697794923167,0.125844076120319,"osteogen","N",13,"SERPINA3-KD osteo (GSE247528)",6,12
"ENSG00000179886",5.16768477985523,0.388275015346839,"osteogen","N",13,"SERPINA3-KD osteo (GSE247528)",6,12
"ENSG00000179922",2.828105168395,0.194904849600982,"osteogen","N",13,"SERPINA3-KD osteo (GSE247528)",6,12
"ENSG00000179933",10.6749516142101,0.91804788213628,"osteogen","N",13,"SERPINA3-KD osteo (GSE247528)",6,12
"ENSG00000179941",8.27417651309846,0.677716390423573,"osteogen","N",13,"SERPINA3-KD osteo (GSE247528)",6,12
"ENSG00000179943",4.78607540203731,0.353284223449969,"osteogen","N",13,"SERPINA3-KD osteo (GSE247528)",6,12
"ENSG00000180008",8.09680187966759,0.659914057704113,"osteogen","N",13,"SERPINA3-KD osteo (GSE247528)",6,12
"ENSG00000180011",7.71333713809429,0.61878453038674,"osteogen","N",13,"SERPINA3-KD osteo (GSE247528)",6,12
"ENSG00000180016",1.16440151872458,0.0208717004297115,"osteogen","N",13,"SERPINA3-KD osteo (GSE247528)",6,12
"ENSG00000180044",1.47694174281785,0.0521792510742787,"osteogen","N",13,"SERPINA3-KD osteo (GSE247528)",6,12
"ENSG00000180089",1.75008386966277,0.0798035604665439,"osteogen","N",13,"SERPINA3-KD osteo (GSE247528)",6,12
"ENSG00000180090",1.29216112694988,0.0331491712707182,"osteogen","N",13,"SERPINA3-KD osteo (GSE247528)",6,12
"ENSG00000180098",8.18759804965461,0.667587476979742,"osteogen","N",13,"SERPINA3-KD osteo (GSE247528)",6,12
"ENSG00000180251",2.50200265386479,0.165438919582566,"osteogen","N",13,"SERPINA3-KD osteo (GSE247528)",6,12
"ENSG00000180318",6.76577801396365,0.529465930018416,"osteogen","N",13,"SERPINA3-KD osteo (GSE247528)",6,12
"ENSG00000180332",6.68762723761843,0.522713321055863,"osteogen","N",13,"SERPINA3-KD osteo (GSE247528)",6,12
"ENSG00000180340",6.52710481231271,0.507366482504604,"osteogen","N",13,"SERPINA3-KD osteo (GSE247528)",6,12
"ENSG00000180346",6.7425894740369,0.527010435850215,"osteogen","N",13,"SERPINA3-KD osteo (GSE247528)",6,12
"ENSG00000180423",7.63759150462417,0.60865561694291,"osteogen","N",13,"SERPINA3-KD osteo (GSE247528)",6,12
"ENSG00000180447",7.71366867665314,0.619091467157766,"osteogen","N",13,"SERPINA3-KD osteo (GSE247528)",6,12
"ENSG00000180543",6.66273340250562,0.518723143032535,"osteogen","N",13,"SERPINA3-KD osteo (GSE247528)",6,12
"ENSG00000180574",1.94400276526568,0.100675260896255,"osteogen","N",13,"SERPINA3-KD osteo (GSE247528)",6,12
"ENSG00000180596",7.4158140853009,0.588090853284224,"osteogen","N",13,"SERPINA3-KD osteo (GSE247528)",6,12
"ENSG00000180611",7.65022204142007,0.610804174340086,"osteogen","N",13,"SERPINA3-KD osteo (GSE247528)",6,12
"ENSG00000180616",4.61961082762618,0.341006752608963,"osteogen","N",13,"SERPINA3-KD osteo (GSE247528)",6,12
"ENSG00000180660",3.03777002637343,0.215162676488643,"osteogen","N",13,"SERPINA3-KD osteo (GSE247528)",6,12
"ENSG00000180730",6.02692621826919,0.45426642111725,"osteogen","N",13,"SERPINA3-KD osteo (GSE247528)",6,12
"ENSG00000180787",5.6717481982734,0.428790669122161,"osteogen","N",13,"SERPINA3-KD osteo (GSE247528)",6,12
"ENSG00000180806",7.53022034728934,0.597298956414979,"osteogen","N",13,"SERPINA3-KD osteo (GSE247528)",6,12
"ENSG00000180818",10.1127157235979,0.874462860650706,"osteogen","N",13,"SERPINA3-KD osteo (GSE247528)",6,12
"ENSG00000180834",1.06761063985228,0.0147329650092081,"osteogen","N",13,"SERPINA3-KD osteo (GSE247528)",6,12
"ENSG00000180875",6.75528320573619,0.529158993247391,"osteogen","N",13,"SERPINA3-KD osteo (GSE247528)",6,12
"ENSG00000180921",2.6744456400969,0.18232044198895,"osteogen","N",13,"SERPINA3-KD osteo (GSE247528)",6,12
"ENSG00000180934",1.25789664799541,0.0276243093922652,"osteogen","N",13,"SERPINA3-KD osteo (GSE247528)",6,12
"ENSG00000180938",3.4574384618803,0.250767341927563,"osteogen","N",13,"SERPINA3-KD osteo (GSE247528)",6,12
"ENSG00000180992",10.3370704553783,0.894720687538367,"osteogen","N",13,"SERPINA3-KD osteo (GSE247528)",6,12
"ENSG00000181007",7.79813564027078,0.628299570288521,"osteogen","N",13,"SERPINA3-KD osteo (GSE247528)",6,12
"ENSG00000181016",1.54614927411112,0.0589318600368324,"osteogen","N",13,"SERPINA3-KD osteo (GSE247528)",6,12
"ENSG00000181029",11.1278449547845,0.941988950276243,"osteogen","N",13,"SERPINA3-KD osteo (GSE247528)",6,12
"ENSG00000181104",6.12041249650603,0.465623081645181,"osteogen","N",13,"SERPINA3-KD osteo (GSE247528)",6,12
"ENSG00000181218",4.41491656159402,0.322897483118478,"osteogen","N",13,"SERPINA3-KD osteo (GSE247528)",6,12
"ENSG00000181222",10.4467300477251,0.905156537753223,"osteogen","N",13,"SERPINA3-KD osteo (GSE247528)",6,12
"ENSG00000181264",7.91606078011489,0.638735420503376,"osteogen","N",13,"SERPINA3-KD osteo (GSE247528)",6,12
"ENSG00000181274",3.33286258146527,0.241559238796808,"osteogen","N",13,"SERPINA3-KD osteo (GSE247528)",6,12
"ENSG00000181284",3.49104187162642,0.252608962553714,"osteogen","N",13,"SERPINA3-KD osteo (GSE247528)",6,12
"ENSG00000181374",4.24577004995039,0.309699201964395,"osteogen","N",13,"SERPINA3-KD osteo (GSE247528)",6,12
"ENSG00000181467",10.3306674437925,0.894413750767342,"osteogen","N",13,"SERPINA3-KD osteo (GSE247528)",6,12
"ENSG00000181472",7.8431109307086,0.633517495395948,"osteogen","N",13,"SERPINA3-KD osteo (GSE247528)",6,12
"ENSG00000181634",3.71053756404887,0.271332105586249,"osteogen","N",13,"SERPINA3-KD osteo (GSE247528)",6,12
"ENSG00000181649",10.5827434070082,0.914057704112953,"osteogen","N",13,"SERPINA3-KD osteo (GSE247528)",6,12
"ENSG00000181690",7.93234001952402,0.640883977900553,"osteogen","N",13,"SERPINA3-KD osteo (GSE247528)",6,12
"ENSG00000181744",8.59854929618207,0.71731123388582,"osteogen","N",13,"SERPINA3-KD osteo (GSE247528)",6,12
"ENSG00000181754",3.33992565556261,0.242173112338858,"osteogen","N",13,"SERPINA3-KD osteo (GSE247528)",6,12
"ENSG00000181773",5.27097512145701,0.397790055248619,"osteogen","N",13,"SERPINA3-KD osteo (GSE247528)",6,12
"ENSG00000181785",5.20817841092677,0.391037446286065,"osteogen","N",13,"SERPINA3-KD osteo (GSE247528)",6,12
"ENSG00000181788",6.6080889502013,0.514426028238183,"osteogen","N",13,"SERPINA3-KD osteo (GSE247528)",6,12
"ENSG00000181817",9.86097115251292,0.857581338244322,"osteogen","N",13,"SERPINA3-KD osteo (GSE247528)",6,12
"ENSG00000181830",10.5135662855118,0.90914671577655,"osteogen","N",13,"SERPINA3-KD osteo (GSE247528)",6,12
"ENSG00000181885",2.19076879020459,0.128299570288521,"osteogen","N",13,"SERPINA3-KD osteo (GSE247528)",6,12
"ENSG00000181904",10.0749212437215,0.870779619398404,"osteogen","N",13,"SERPINA3-KD osteo (GSE247528)",6,12
"ENSG00000181915",7.4178352528241,0.588704726826274,"osteogen","N",13,"SERPINA3-KD osteo (GSE247528)",6,12
"ENSG00000181924",9.44494580918926,0.814610190300798,"osteogen","N",13,"SERPINA3-KD osteo (GSE247528)",6,12
"ENSG00000182107",3.15751503551409,0.228360957642726,"osteogen","N",13,"SERPINA3-KD osteo (GSE247528)",6,12
"ENSG00000182111",1.97181982413995,0.103130755064457,"osteogen","N",13,"SERPINA3-KD osteo (GSE247528)",6,12
"ENSG00000182117",11.0350472006907,0.936771025168815,"osteogen","N",13,"SERPINA3-KD osteo (GSE247528)",6,12
"ENSG00000182118",3.53802555870789,0.256292203806016,"osteogen","N",13,"SERPINA3-KD osteo (GSE247528)",6,12
"ENSG00000182154",10.7439492740728,0.920810313075506,"osteogen","N",13,"SERPINA3-KD osteo (GSE247528)",6,12
"ENSG00000182195",10.5190859333674,0.909453652547575,"osteogen","N",13,"SERPINA3-KD osteo (GSE247528)",6,12
"ENSG00000182261",6.46860077244408,0.499079189686924,"osteogen","N",13,"SERPINA3-KD osteo (GSE247528)",6,12
"ENSG00000182308",2.42782134965292,0.154696132596685,"osteogen","N",13,"SERPINA3-KD osteo (GSE247528)",6,12
"ENSG00000182318",7.06523590534619,0.556169429097606,"osteogen","N",13,"SERPINA3-KD osteo (GSE247528)",6,12
"ENSG00000182324",3.7596041465369,0.275629220380602,"osteogen","N",13,"SERPINA3-KD osteo (GSE247528)",6,12
"ENSG00000182325",4.78020410470821,0.352670349907919,"osteogen","N",13,"SERPINA3-KD osteo (GSE247528)",6,12
"ENSG00000182405",6.59437868080442,0.512891344383057,"osteogen","N",13,"SERPINA3-KD osteo (GSE247528)",6,12
"ENSG00000182512",5.51955417439911,0.416513198281154,"osteogen","N",13,"SERPINA3-KD osteo (GSE247528)",6,12
"ENSG00000182544",9.988062512724,0.865561694290976,"osteogen","N",13,"SERPINA3-KD osteo (GSE247528)",6,12
"ENSG00000182575",4.68505744193081,0.345303867403315,"osteogen","N",13,"SERPINA3-KD osteo (GSE247528)",6,12
"ENSG00000182580",4.56918070321362,0.335788827501535,"osteogen","N",13,"SERPINA3-KD osteo (GSE247528)",6,12
"ENSG00000182636",6.68305268890828,0.521792510742787,"osteogen","N",13,"SERPINA3-KD osteo (GSE247528)",6,12
"ENSG00000182685",4.76723009011465,0.352056476365869,"osteogen","N",13,"SERPINA3-KD osteo (GSE247528)",6,12
"ENSG00000182700",6.27337470198358,0.479742173112339,"osteogen","N",13,"SERPINA3-KD osteo (GSE247528)",6,12
"ENSG00000182704",10.5565527617696,0.911909146715776,"osteogen","N",13,"SERPINA3-KD osteo (GSE247528)",6,12
"ENSG00000182742",4.91383778153134,0.364947820748926,"osteogen","N",13,"SERPINA3-KD osteo (GSE247528)",6,12
"ENSG00000182749",8.35665138056931,0.687845303867403,"osteogen","N",13,"SERPINA3-KD osteo (GSE247528)",6,12
"ENSG00000182768",11.9429603046456,0.97206875383671,"osteogen","N",13,"SERPINA3-KD osteo (GSE247528)",6,12
"ENSG00000182791",3.66439165964959,0.267034990791897,"osteogen","N",13,"SERPINA3-KD osteo (GSE247528)",6,12
"ENSG00000182810",7.75088759260173,0.623081645181093,"osteogen","N",13,"SERPINA3-KD osteo (GSE247528)",6,12
"ENSG00000182827",8.70392101990497,0.728974831184776,"osteogen","N",13,"SERPINA3-KD osteo (GSE247528)",6,12
"ENSG00000182916",5.84413131857639,0.439533456108042,"osteogen","N",13,"SERPINA3-KD osteo (GSE247528)",6,12
"ENSG00000182950",2.51763826053321,0.166973603437692,"osteogen","N",13,"SERPINA3-KD osteo (GSE247528)",6,12
"ENSG00000182952",9.96565414881953,0.864333947206875,"osteogen","N",13,"SERPINA3-KD osteo (GSE247528)",6,12
"ENSG00000182993",5.18763899326488,0.389195825659914,"osteogen","N",13,"SERPINA3-KD osteo (GSE247528)",6,12
"ENSG00000183018",4.32927715079978,0.316144874155924,"osteogen","N",13,"SERPINA3-KD osteo (GSE247528)",6,12
"ENSG00000183067",2.21555333346188,0.130448127685697,"osteogen","N",13,"SERPINA3-KD osteo (GSE247528)",6,12
"ENSG00000183114",2.98263527099358,0.20963781461019,"osteogen","N",13,"SERPINA3-KD osteo (GSE247528)",6,12
"ENSG00000183134",4.45505894014487,0.325659914057704,"osteogen","N",13,"SERPINA3-KD osteo (GSE247528)",6,12
"ENSG00000183145",1.38090605787675,0.0429711479435236,"osteogen","N",13,"SERPINA3-KD osteo (GSE247528)",6,12
"ENSG00000183150",2.34716991623479,0.14548802946593,"osteogen","N",13,"SERPINA3-KD osteo (GSE247528)",6,12
"ENSG00000183153",3.16424922005318,0.229281767955801,"osteogen","N",13,"SERPINA3-KD osteo (GSE247528)",6,12
"ENSG00000183155",9.08680294971193,0.7719459791283,"osteogen","N",13,"SERPINA3-KD osteo (GSE247528)",6,12
"ENSG00000183160",12.5379963557454,0.981890730509515,"osteogen","N",13,"SERPINA3-KD osteo (GSE247528)",6,12
"ENSG00000183161",7.75191984029931,0.623388581952118,"osteogen","N",13,"SERPINA3-KD osteo (GSE247528)",6,12
"ENSG00000183172",9.04750290775982,0.765500306936771,"osteogen","N",13,"SERPINA3-KD osteo (GSE247528)",6,12
"ENSG00000183246",1.18056587226813,0.021792510742787,"osteogen","N",13,"SERPINA3-KD osteo (GSE247528)",6,12
"ENSG00000183260",2.49937114696239,0.16451810926949,"osteogen","N",13,"SERPINA3-KD osteo (GSE247528)",6,12
"ENSG00000183336",7.10198270881155,0.557704112952732,"osteogen","N",13,"SERPINA3-KD osteo (GSE247528)",6,12
"ENSG00000183340",8.40521656991395,0.694597912829957,"osteogen","N",13,"SERPINA3-KD osteo (GSE247528)",6,12
"ENSG00000183346",2.97003517986901,0.207796193984039,"osteogen","N",13,"SERPINA3-KD osteo (GSE247528)",6,12
"ENSG00000183395",1.85048090768644,0.0893186003683241,"osteogen","N",13,"SERPINA3-KD osteo (GSE247528)",6,12
"ENSG00000183397",2.34303853910398,0.14487415592388,"osteogen","N",13,"SERPINA3-KD osteo (GSE247528)",6,12
"ENSG00000183496",6.25032250756847,0.478207489257213,"osteogen","N",13,"SERPINA3-KD osteo (GSE247528)",6,12
"ENSG00000183508",4.32467139530145,0.315224063842848,"osteogen","N",13,"SERPINA3-KD osteo (GSE247528)",6,12
"ENSG00000183513",8.35774995618799,0.688152240638429,"osteogen","N",13,"SERPINA3-KD osteo (GSE247528)",6,12
"ENSG00000183542",0.421409484756366,0.00122774708410068,"osteogen","N",13,"SERPINA3-KD osteo (GSE247528)",6,12
"ENSG00000183578",7.47568209169878,0.593615715162677,"osteogen","N",13,"SERPINA3-KD osteo (GSE247528)",6,12
"ENSG00000183598",1.56873168600229,0.0613873542050338,"osteogen","N",13,"SERPINA3-KD osteo (GSE247528)",6,12
"ENSG00000183615",4.50127753974126,0.329343155310006,"osteogen","N",13,"SERPINA3-KD osteo (GSE247528)",6,12
"ENSG00000183617",8.34693319832798,0.686617556783303,"osteogen","N",13,"SERPINA3-KD osteo (GSE247528)",6,12
"ENSG00000183638",1.83599675190991,0.0883977900552486,"osteogen","N",13,"SERPINA3-KD osteo (GSE247528)",6,12
"ENSG00000183665",6.85536730409006,0.537446286065071,"osteogen","N",13,"SERPINA3-KD osteo (GSE247528)",6,12
"ENSG00000183682",3.90938888617925,0.283916513198281,"osteogen","N",13,"SERPINA3-KD osteo (GSE247528)",6,12
"ENSG00000183684",5.47385795737954,0.413136893799877,"osteogen","N",13,"SERPINA3-KD osteo (GSE247528)",6,12
"ENSG00000183688",7.6912427250311,0.616022099447514,"osteogen","N",13,"SERPINA3-KD osteo (GSE247528)",6,12
"ENSG00000183691",5.64237053520051,0.42633517495396,"osteogen","N",13,"SERPINA3-KD osteo (GSE247528)",6,12
"ENSG00000183718",6.50050608506915,0.504604051565378,"osteogen","N",13,"SERPINA3-KD osteo (GSE247528)",6,12
"ENSG00000183722",11.3286546741564,0.950583179864948,"osteogen","N",13,"SERPINA3-KD osteo (GSE247528)",6,12
"ENSG00000183763",5.43969613053586,0.410681399631676,"osteogen","N",13,"SERPINA3-KD osteo (GSE247528)",6,12
"ENSG00000183779",7.78166434674289,0.62707182320442,"osteogen","N",13,"SERPINA3-KD osteo (GSE247528)",6,12
"ENSG00000183798",3.42654638313484,0.248618784530387,"osteogen","N",13,"SERPINA3-KD osteo (GSE247528)",6,12
"ENSG00000183801",3.50511039793317,0.252915899324739,"osteogen","N",13,"SERPINA3-KD osteo (GSE247528)",6,12
"ENSG00000183831",2.14163499842266,0.122774708410068,"osteogen","N",13,"SERPINA3-KD osteo (GSE247528)",6,12
"ENSG00000183840",8.01684821003107,0.651626764886433,"osteogen","N",13,"SERPINA3-KD osteo (GSE247528)",6,12
"ENSG00000183864",10.9223550947275,0.929097605893186,"osteogen","N",13,"SERPINA3-KD osteo (GSE247528)",6,12
"ENSG00000183876",6.47422786117679,0.501227747084101,"osteogen","N",13,"SERPINA3-KD osteo (GSE247528)",6,12
"ENSG00000183891",5.65166432541136,0.427255985267035,"osteogen","N",13,"SERPINA3-KD osteo (GSE247528)",6,12
"ENSG00000183943",4.94456353080273,0.368017188459177,"osteogen","N",13,"SERPINA3-KD osteo (GSE247528)",6,12
"ENSG00000183978",10.2916106697798,0.890423572744015,"osteogen","N",13,"SERPINA3-KD osteo (GSE247528)",6,12
"ENSG00000183979",1.44177290098177,0.0494168201350522,"osteogen","N",13,"SERPINA3-KD osteo (GSE247528)",6,12
"ENSG00000184014",9.49410309567604,0.821976672805402,"osteogen","N",13,"SERPINA3-KD osteo (GSE247528)",6,12
"ENSG00000184163",2.77304063032503,0.191835481890731,"osteogen","N",13,"SERPINA3-KD osteo (GSE247528)",6,12
"ENSG00000184166",2.90929475920012,0.201043585021486,"osteogen","N",13,"SERPINA3-KD osteo (GSE247528)",6,12
"ENSG00000184194",4.70676643895181,0.347145488029466,"osteogen","N",13,"SERPINA3-KD osteo (GSE247528)",6,12
"ENSG00000184203",10.2376628282223,0.885819521178637,"osteogen","N",13,"SERPINA3-KD osteo (GSE247528)",6,12
"ENSG00000184207",5.6700179744325,0.428176795580111,"osteogen","N",13,"SERPINA3-KD osteo (GSE247528)",6,12
"ENSG00000184227",8.04556850334291,0.65500306936771,"osteogen","N",13,"SERPINA3-KD osteo (GSE247528)",6,12
"ENSG00000184232",5.89898091661146,0.442909760589319,"osteogen","N",13,"SERPINA3-KD osteo (GSE247528)",6,12
"ENSG00000184260",1.98257495669305,0.105279312461633,"osteogen","N",13,"SERPINA3-KD osteo (GSE247528)",6,12
"ENSG00000184261",1.28823626780846,0.0328422344996931,"osteogen","N",13,"SERPINA3-KD osteo (GSE247528)",6,12
"ENSG00000184292",6.93474074744376,0.545426642111725,"osteogen","N",13,"SERPINA3-KD osteo (GSE247528)",6,12
"ENSG00000184357",1.39417686080815,0.0448127685696746,"osteogen","N",13,"SERPINA3-KD osteo (GSE247528)",6,12
"ENSG00000184374",1.52848248300654,0.0573971761817066,"osteogen","N",13,"SERPINA3-KD osteo (GSE247528)",6,12
"ENSG00000184378",6.95058215529822,0.546961325966851,"osteogen","N",13,"SERPINA3-KD osteo (GSE247528)",6,12
"ENSG00000184434",1.75126815830082,0.0801104972375691,"osteogen","N",13,"SERPINA3-KD osteo (GSE247528)",6,12
"ENSG00000184451",5.36297053812446,0.405770411295273,"osteogen","N",13,"SERPINA3-KD osteo (GSE247528)",6,12
"ENSG00000184454",2.00195834066949,0.106813996316759,"osteogen","N",13,"SERPINA3-KD osteo (GSE247528)",6,12
"ENSG00000184524",4.51285453456264,0.330263965623082,"osteogen","N",13,"SERPINA3-KD osteo (GSE247528)",6,12
"ENSG00000184557",9.34593792755329,0.804481276856967,"osteogen","N",13,"SERPINA3-KD osteo (GSE247528)",6,12
"ENSG00000184584",8.73319570056913,0.733578882750153,"osteogen","N",13,"SERPINA3-KD osteo (GSE247528)",6,12
"ENSG00000184602",5.86696660041674,0.440454266421117,"osteogen","N",13,"SERPINA3-KD osteo (GSE247528)",6,12
"ENSG00000184619",6.60057383687894,0.513505217925107,"osteogen","N",13,"SERPINA3-KD osteo (GSE247528)",6,12
"ENSG00000184785",6.93434159805775,0.544812768569675,"osteogen","N",13,"SERPINA3-KD osteo (GSE247528)",6,12
"ENSG00000184786",4.70645549415751,0.346531614487416,"osteogen","N",13,"SERPINA3-KD osteo (GSE247528)",6,12
"ENSG00000184857",7.10811198529708,0.558317986494782,"osteogen","N",13,"SERPINA3-KD osteo (GSE247528)",6,12
"ENSG00000184897",4.70935364542731,0.347759361571516,"osteogen","N",13,"SERPINA3-KD osteo (GSE247528)",6,12
"ENSG00000184898",6.67628325641534,0.519950890116636,"osteogen","N",13,"SERPINA3-KD osteo (GSE247528)",6,12
"ENSG00000184905",2.09920155830817,0.119398403928791,"osteogen","N",13,"SERPINA3-KD osteo (GSE247528)",6,12
"ENSG00000184916",1.11557211378867,0.0178023327194598,"osteogen","N",13,"SERPINA3-KD osteo (GSE247528)",6,12
"ENSG00000184924",8.63670503488063,0.720380601596071,"osteogen","N",13,"SERPINA3-KD osteo (GSE247528)",6,12
"ENSG00000184967",8.92713264983936,0.753529772866789,"osteogen","N",13,"SERPINA3-KD osteo (GSE247528)",6,12
"ENSG00000184988",7.32214306341212,0.576734192756292,"osteogen","N",13,"SERPINA3-KD osteo (GSE247528)",6,12
"ENSG00000184995",2.99981150581117,0.211172498465316,"osteogen","N",13,"SERPINA3-KD osteo (GSE247528)",6,12
"ENSG00000185000",5.041713195783,0.376611418047882,"osteogen","N",13,"SERPINA3-KD osteo (GSE247528)",6,12
"ENSG00000185015",6.45458138902706,0.496316758747698,"osteogen","N",13,"SERPINA3-KD osteo (GSE247528)",6,12
"ENSG00000185085",9.59023952671349,0.831491712707182,"osteogen","N",13,"SERPINA3-KD osteo (GSE247528)",6,12
"ENSG00000185112",5.19883954804379,0.390423572744015,"osteogen","N",13,"SERPINA3-KD osteo (GSE247528)",6,12
"ENSG00000185115",5.02651767150665,0.374769797421731,"osteogen","N",13,"SERPINA3-KD osteo (GSE247528)",6,12
"ENSG00000185122",10.6048981408056,0.915592387968079,"osteogen","N",13,"SERPINA3-KD osteo (GSE247528)",6,12
"ENSG00000185127",10.4824270646943,0.906384284837323,"osteogen","N",13,"SERPINA3-KD osteo (GSE247528)",6,12
"ENSG00000185129",8.45450953237376,0.701043585021486,"osteogen","N",13,"SERPINA3-KD osteo (GSE247528)",6,12
"ENSG00000185149",5.14924169999709,0.387354205033763,"osteogen","N",13,"SERPINA3-KD osteo (GSE247528)",6,12
"ENSG00000185163",3.73447193569126,0.274401473296501,"osteogen","N",13,"SERPINA3-KD osteo (GSE247528)",6,12
"ENSG00000185262",4.04517382679907,0.293431553100061,"osteogen","N",13,"SERPINA3-KD osteo (GSE247528)",6,12
"ENSG00000185271",3.44946934033698,0.250460405156538,"osteogen","N",13,"SERPINA3-KD osteo (GSE247528)",6,12
"ENSG00000185338",4.0821907395319,0.297421731123389,"osteogen","N",13,"SERPINA3-KD osteo (GSE247528)",6,12
"ENSG00000185361",5.42905151831512,0.410374462860651,"osteogen","N",13,"SERPINA3-KD osteo (GSE247528)",6,12
"ENSG00000185482",1.66715022612492,0.0721301411909147,"osteogen","N",13,"SERPINA3-KD osteo (GSE247528)",6,12
"ENSG00000185567",8.30579594597446,0.6817065684469,"osteogen","N",13,"SERPINA3-KD osteo (GSE247528)",6,12
"ENSG00000185608",9.79657970198585,0.852056476365869,"osteogen","N",13,"SERPINA3-KD osteo (GSE247528)",6,12
"ENSG00000185614",6.47010265863401,0.499693063228975,"osteogen","N",13,"SERPINA3-KD osteo (GSE247528)",6,12
"ENSG00000185669",3.24278226135743,0.23572744014733,"osteogen","N",13,"SERPINA3-KD osteo (GSE247528)",6,12
"ENSG00000185670",6.46476943933691,0.498158379373849,"osteogen","N",13,"SERPINA3-KD osteo (GSE247528)",6,12
"ENSG00000185730",7.466258403142,0.592081031307551,"osteogen","N",13,"SERPINA3-KD osteo (GSE247528)",6,12
"ENSG00000185742",6.91855574019811,0.543278084714549,"osteogen","N",13,"SERPINA3-KD osteo (GSE247528)",6,12
"ENSG00000185798",6.75253359674418,0.528545119705341,"osteogen","N",13,"SERPINA3-KD osteo (GSE247528)",6,12
"ENSG00000185862",4.87999852318278,0.361878453038674,"osteogen","N",13,"SERPINA3-KD osteo (GSE247528)",6,12
"ENSG00000185905",2.03647403586389,0.110804174340086,"osteogen","N",13,"SERPINA3-KD osteo (GSE247528)",6,12
"ENSG00000185924",2.51309291315947,0.166359729895641,"osteogen","N",13,"SERPINA3-KD osteo (GSE247528)",6,12
"ENSG00000185950",7.32513004609831,0.577348066298343,"osteogen","N",13,"SERPINA3-KD osteo (GSE247528)",6,12
"ENSG00000185955",2.77706209358679,0.192142418661756,"osteogen","N",13,"SERPINA3-KD osteo (GSE247528)",6,12
"ENSG00000185972",4.59008088116106,0.338551258440761,"osteogen","N",13,"SERPINA3-KD osteo (GSE247528)",6,12
"ENSG00000185989",9.48864551088149,0.820748925721301,"osteogen","N",13,"SERPINA3-KD osteo (GSE247528)",6,12
"ENSG00000186026",6.98388895826806,0.550030693677103,"osteogen","N",13,"SERPINA3-KD osteo (GSE247528)",6,12
"ENSG00000186103",3.90140131636337,0.283609576427256,"osteogen","N",13,"SERPINA3-KD osteo (GSE247528)",6,12
"ENSG00000186130",7.64805264116313,0.610497237569061,"osteogen","N",13,"SERPINA3-KD osteo (GSE247528)",6,12
"ENSG00000186166",6.90178690174673,0.541436464088398,"osteogen","N",13,"SERPINA3-KD osteo (GSE247528)",6,12
"ENSG00000186193",3.33457451281058,0.241866175567833,"osteogen","N",13,"SERPINA3-KD osteo (GSE247528)",6,12
"ENSG00000186222",5.05736300462546,0.378146101903008,"osteogen","N",13,"SERPINA3-KD osteo (GSE247528)",6,12
"ENSG00000186230",5.94210414839512,0.447513812154696,"osteogen","N",13,"SERPINA3-KD osteo (GSE247528)",6,12
"ENSG00000186280",4.59500387078558,0.338858195211786,"osteogen","N",13,"SERPINA3-KD osteo (GSE247528)",6,12
"ENSG00000186329",4.29923032388497,0.313075506445672,"osteogen","N",13,"SERPINA3-KD osteo (GSE247528)",6,12
"ENSG00000186352",6.16285081478457,0.468078575813382,"osteogen","N",13,"SERPINA3-KD osteo (GSE247528)",6,12
"ENSG00000186377",1.47910737151536,0.0531000613873542,"osteogen","N",13,"SERPINA3-KD osteo (GSE247528)",6,12
"ENSG00000186395",9.15913114861502,0.781154082259055,"osteogen","N",13,"SERPINA3-KD osteo (GSE247528)",6,12
"ENSG00000186446",4.56169858418027,0.334868017188459,"osteogen","N",13,"SERPINA3-KD osteo (GSE247528)",6,12
"ENSG00000186448",6.23070094391438,0.476365868631062,"osteogen","N",13,"SERPINA3-KD osteo (GSE247528)",6,12
"ENSG00000186462",2.5929495757486,0.175567833026397,"osteogen","N",13,"SERPINA3-KD osteo (GSE247528)",6,12
"ENSG00000186469",8.82498384548562,0.742786985880909,"osteogen","N",13,"SERPINA3-KD osteo (GSE247528)",6,12
"ENSG00000186564",1.8276907391792,0.0871700429711479,"osteogen","N",13,"SERPINA3-KD osteo (GSE247528)",6,12
"ENSG00000186603",3.84213356039378,0.279312461632904,"osteogen","N",13,"SERPINA3-KD osteo (GSE247528)",6,12
"ENSG00000186666",7.2699729302299,0.572130141190915,"osteogen","N",13,"SERPINA3-KD osteo (GSE247528)",6,12
"ENSG00000186723",3.86285979540942,0.281154082259055,"osteogen","N",13,"SERPINA3-KD osteo (GSE247528)",6,12
"ENSG00000186767",6.93313340010715,0.544198895027624,"osteogen","N",13,"SERPINA3-KD osteo (GSE247528)",6,12
"ENSG00000186806",5.9103647623142,0.445058317986495,"osteogen","N",13,"SERPINA3-KD osteo (GSE247528)",6,12
"ENSG00000186832",1.79771759339507,0.0847145488029466,"osteogen","N",13,"SERPINA3-KD osteo (GSE247528)",6,12
"ENSG00000186834",9.44699374534527,0.815531000613874,"osteogen","N",13,"SERPINA3-KD osteo (GSE247528)",6,12
"ENSG00000186847",3.75174487216949,0.275015346838551,"osteogen","N",13,"SERPINA3-KD osteo (GSE247528)",6,12
"ENSG00000186871",5.33567297926942,0.402087170042971,"osteogen","N",13,"SERPINA3-KD osteo (GSE247528)",6,12
"ENSG00000186907",1.73946160848828,0.0791896869244936,"osteogen","N",13,"SERPINA3-KD osteo (GSE247528)",6,12
"ENSG00000187051",10.6380162615114,0.917127071823204,"osteogen","N",13,"SERPINA3-KD osteo (GSE247528)",6,12
"ENSG00000187066",6.48298880853383,0.503376304481277,"osteogen","N",13,"SERPINA3-KD osteo (GSE247528)",6,12
"ENSG00000187068",5.10098063405943,0.38244321669736,"osteogen","N",13,"SERPINA3-KD osteo (GSE247528)",6,12
"ENSG00000187105",2.00055753739213,0.106200122774708,"osteogen","N",13,"SERPINA3-KD osteo (GSE247528)",6,12
"ENSG00000187151",5.90580173486704,0.444444444444444,"osteogen","N",13,"SERPINA3-KD osteo (GSE247528)",6,12
"ENSG00000187187",4.15148900449333,0.302639656230816,"osteogen","N",13,"SERPINA3-KD osteo (GSE247528)",6,12
"ENSG00000187193",10.8752418754899,0.92694904849601,"osteogen","N",13,"SERPINA3-KD osteo (GSE247528)",6,12
"ENSG00000187325",9.12340570622495,0.776550030693677,"osteogen","N",13,"SERPINA3-KD osteo (GSE247528)",6,12
"ENSG00000187479",2.73786668045979,0.189379987722529,"osteogen","N",13,"SERPINA3-KD osteo (GSE247528)",6,12
"ENSG00000187556",2.11725564864593,0.120626151012891,"osteogen","N",13,"SERPINA3-KD osteo (GSE247528)",6,12
"ENSG00000187566",6.82504824798308,0.534069981583794,"osteogen","N",13,"SERPINA3-KD osteo (GSE247528)",6,12
"ENSG00000187601",8.78585091506245,0.737569060773481,"osteogen","N",13,"SERPINA3-KD osteo (GSE247528)",6,12
"ENSG00000187624",5.03127272943738,0.375383670963781,"osteogen","N",13,"SERPINA3-KD osteo (GSE247528)",6,12
"ENSG00000187626",6.19594563980961,0.471454880294659,"osteogen","N",13,"SERPINA3-KD osteo (GSE247528)",6,12
"ENSG00000187650",5.63770329603317,0.425721301411909,"osteogen","N",13,"SERPINA3-KD osteo (GSE247528)",6,12
"ENSG00000187676",9.00724335046168,0.762124002455494,"osteogen","N",13,"SERPINA3-KD osteo (GSE247528)",6,12
"ENSG00000187713",6.2953048589023,0.481890730509515,"osteogen","N",13,"SERPINA3-KD osteo (GSE247528)",6,12
"ENSG00000187730",1.58070150153999,0.0632289748311848,"osteogen","N",13,"SERPINA3-KD osteo (GSE247528)",6,12
"ENSG00000187792",6.16406224909421,0.468385512584408,"osteogen","N",13,"SERPINA3-KD osteo (GSE247528)",6,12
"ENSG00000187824",6.84823036564782,0.535911602209945,"osteogen","N",13,"SERPINA3-KD osteo (GSE247528)",6,12
"ENSG00000187837",8.54941681850752,0.711479435236341,"osteogen","N",13,"SERPINA3-KD osteo (GSE247528)",6,12
"ENSG00000187838",9.86641196410871,0.857888275015347,"osteogen","N",13,"SERPINA3-KD osteo (GSE247528)",6,12
"ENSG00000187840",11.2063579005824,0.946286065070595,"osteogen","N",13,"SERPINA3-KD osteo (GSE247528)",6,12
"ENSG00000187857",2.79808365466108,0.192756292203806,"osteogen","N",13,"SERPINA3-KD osteo (GSE247528)",6,12
"ENSG00000187944",1.28118046175874,0.0306936771025169,"osteogen","N",13,"SERPINA3-KD osteo (GSE247528)",6,12
"ENSG00000187957",3.61246739720846,0.262124002455494,"osteogen","N",13,"SERPINA3-KD osteo (GSE247528)",6,12
"ENSG00000187994",3.63099646339386,0.26365868631062,"osteogen","N",13,"SERPINA3-KD osteo (GSE247528)",6,12
"ENSG00000188000",1.90800018532195,0.0954573357888275,"osteogen","N",13,"SERPINA3-KD osteo (GSE247528)",6,12
"ENSG00000188021",11.2800892032976,0.949355432780847,"osteogen","N",13,"SERPINA3-KD osteo (GSE247528)",6,12
"ENSG00000188042",7.15242033375744,0.562615101289134,"osteogen","N",13,"SERPINA3-KD osteo (GSE247528)",6,12
"ENSG00000188060",4.65945288192567,0.342848373235114,"osteogen","N",13,"SERPINA3-KD osteo (GSE247528)",6,12
"ENSG00000188070",5.90312002504186,0.443830570902394,"osteogen","N",13,"SERPINA3-KD osteo (GSE247528)",6,12
"ENSG00000188124",1.25645782776237,0.02731737262124,"osteogen","N",13,"SERPINA3-KD osteo (GSE247528)",6,12
"ENSG00000188163",6.19018350576309,0.470841006752609,"osteogen","N",13,"SERPINA3-KD osteo (GSE247528)",6,12
"ENSG00000188167",4.9291341216224,0.366789441375077,"osteogen","N",13,"SERPINA3-KD osteo (GSE247528)",6,12
"ENSG00000188211",6.93364162726634,0.54450583179865,"osteogen","N",13,"SERPINA3-KD osteo (GSE247528)",6,12
"ENSG00000188229",12.1084371569881,0.975445058317986,"osteogen","N",13,"SERPINA3-KD osteo (GSE247528)",6,12
"ENSG00000188305",2.31152808340867,0.141804788213628,"osteogen","N",13,"SERPINA3-KD osteo (GSE247528)",6,12
"ENSG00000188315",5.21368609973948,0.392572130141191,"osteogen","N",13,"SERPINA3-KD osteo (GSE247528)",6,12
"ENSG00000188396",2.59180716933434,0.175260896255371,"osteogen","N",13,"SERPINA3-KD osteo (GSE247528)",6,12
"ENSG00000188483",4.59988100909212,0.339165131982812,"osteogen","N",13,"SERPINA3-KD osteo (GSE247528)",6,12
"ENSG00000188486",8.78803004559355,0.738182934315531,"osteogen","N",13,"SERPINA3-KD osteo (GSE247528)",6,12
"ENSG00000188505",1.61826623211387,0.0675260896255371,"osteogen","N",13,"SERPINA3-KD osteo (GSE247528)",6,12
"ENSG00000188558",1.91055007124005,0.0960712093308778,"osteogen","N",13,"SERPINA3-KD osteo (GSE247528)",6,12
"ENSG00000188581",4.97617254197234,0.370472682627379,"osteogen","N",13,"SERPINA3-KD osteo (GSE247528)",6,12
"ENSG00000188603",6.83125037417522,0.534683855125844,"osteogen","N",13,"SERPINA3-KD osteo (GSE247528)",6,12
"ENSG00000188613",2.73176114709754,0.188459177409454,"osteogen","N",13,"SERPINA3-KD osteo (GSE247528)",6,12
"ENSG00000188624",2.62933447621984,0.179251074278699,"osteogen","N",13,"SERPINA3-KD osteo (GSE247528)",6,12
"ENSG00000188636",9.6471920620465,0.83732351135666,"osteogen","N",13,"SERPINA3-KD osteo (GSE247528)",6,12
"ENSG00000188710",2.08464792793302,0.116942909760589,"osteogen","N",13,"SERPINA3-KD osteo (GSE247528)",6,12
"ENSG00000188725",10.2138492833755,0.882136279926335,"osteogen","N",13,"SERPINA3-KD osteo (GSE247528)",6,12
"ENSG00000188783",7.86288807054926,0.635052179251074,"osteogen","N",13,"SERPINA3-KD osteo (GSE247528)",6,12
"ENSG00000188822",1.97042709209869,0.102823818293432,"osteogen","N",13,"SERPINA3-KD osteo (GSE247528)",6,12
"ENSG00000188916",3.99441016992028,0.290055248618785,"osteogen","N",13,"SERPINA3-KD osteo (GSE247528)",6,12
"ENSG00000188931",2.70451785810198,0.186617556783303,"osteogen","N",13,"SERPINA3-KD osteo (GSE247528)",6,12
"ENSG00000188986",7.5583786717644,0.601289134438306,"osteogen","N",13,"SERPINA3-KD osteo (GSE247528)",6,12
"ENSG00000188993",3.58803655743043,0.260589318600368,"osteogen","N",13,"SERPINA3-KD osteo (GSE247528)",6,12
"ENSG00000188997",8.38598129642952,0.69122160834868,"osteogen","N",13,"SERPINA3-KD osteo (GSE247528)",6,12
"ENSG00000189058",9.29987610857882,0.798342541436464,"osteogen","N",13,"SERPINA3-KD osteo (GSE247528)",6,12
"ENSG00000189060",11.4029207606126,0.953038674033149,"osteogen","N",13,"SERPINA3-KD osteo (GSE247528)",6,12
"ENSG00000189114",8.90096637853883,0.751074278698588,"osteogen","N",13,"SERPINA3-KD osteo (GSE247528)",6,12
"ENSG00000189120",3.91923444981855,0.285451197053407,"osteogen","N",13,"SERPINA3-KD osteo (GSE247528)",6,12
"ENSG00000189134",5.14610195167793,0.386740331491713,"osteogen","N",13,"SERPINA3-KD osteo (GSE247528)",6,12
"ENSG00000189227",8.44129229481141,0.698895027624309,"osteogen","N",13,"SERPINA3-KD osteo (GSE247528)",6,12
"ENSG00000189241",11.7884912841851,0.966236955187231,"osteogen","N",13,"SERPINA3-KD osteo (GSE247528)",6,12
"ENSG00000189280",1.36968245497107,0.0408225905463475,"osteogen","N",13,"SERPINA3-KD osteo (GSE247528)",6,12
"ENSG00000189320",7.87992760175129,0.63597298956415,"osteogen","N",13,"SERPINA3-KD osteo (GSE247528)",6,12
"ENSG00000189343",1.11385418478563,0.0174953959484346,"osteogen","N",13,"SERPINA3-KD osteo (GSE247528)",6,12
"ENSG00000189369",8.37532789472033,0.69060773480663,"osteogen","N",13,"SERPINA3-KD osteo (GSE247528)",6,12
"ENSG00000196081",1.92924089456152,0.0997544505831799,"osteogen","N",13,"SERPINA3-KD osteo (GSE247528)",6,12
"ENSG00000196110",6.73142994388618,0.525782688766114,"osteogen","N",13,"SERPINA3-KD osteo (GSE247528)",6,12
"ENSG00000196116",5.71369653132963,0.432166973603438,"osteogen","N",13,"SERPINA3-KD osteo (GSE247528)",6,12
"ENSG00000196119",2.34695624589648,0.145181092694905,"osteogen","N",13,"SERPINA3-KD osteo (GSE247528)",6,12
"ENSG00000196172",3.58891260872142,0.260896255371393,"osteogen","N",13,"SERPINA3-KD osteo (GSE247528)",6,12
"ENSG00000196196",6.97778099436506,0.549416820135052,"osteogen","N",13,"SERPINA3-KD osteo (GSE247528)",6,12
"ENSG00000196263",5.41498036117568,0.4097605893186,"osteogen","N",13,"SERPINA3-KD osteo (GSE247528)",6,12
"ENSG00000196345",5.30873472245967,0.39963167587477,"osteogen","N",13,"SERPINA3-KD osteo (GSE247528)",6,12
"ENSG00000196368",7.61733881969138,0.606813996316759,"osteogen","N",13,"SERPINA3-KD osteo (GSE247528)",6,12
"ENSG00000196371",4.83089900672055,0.356967464702271,"osteogen","N",13,"SERPINA3-KD osteo (GSE247528)",6,12
"ENSG00000196388",4.4325043107396,0.324125230202578,"osteogen","N",13,"SERPINA3-KD osteo (GSE247528)",6,12
"ENSG00000196436",2.91232177450463,0.201657458563536,"osteogen","N",13,"SERPINA3-KD osteo (GSE247528)",6,12
"ENSG00000196449",5.71603467677915,0.432473910374463,"osteogen","N",13,"SERPINA3-KD osteo (GSE247528)",6,12
"ENSG00000196453",3.10818426661449,0.221915285451197,"osteogen","N",13,"SERPINA3-KD osteo (GSE247528)",6,12
"ENSG00000196455",9.1548006396766,0.780540208717004,"osteogen","N",13,"SERPINA3-KD osteo (GSE247528)",6,12
"ENSG00000196468",1.09814844427721,0.0165745856353591,"osteogen","N",13,"SERPINA3-KD osteo (GSE247528)",6,12
"ENSG00000196497",8.78702600565293,0.737875997544506,"osteogen","N",13,"SERPINA3-KD osteo (GSE247528)",6,12
"ENSG00000196503",3.00702274930423,0.212093308778392,"osteogen","N",13,"SERPINA3-KD osteo (GSE247528)",6,12
"ENSG00000196544",7.81163131735587,0.630755064456722,"osteogen","N",13,"SERPINA3-KD osteo (GSE247528)",6,12
"ENSG00000196584",5.66674411157586,0.427869858809085,"osteogen","N",13,"SERPINA3-KD osteo (GSE247528)",6,12
"ENSG00000196605",6.36356441314095,0.486801718845918,"osteogen","N",13,"SERPINA3-KD osteo (GSE247528)",6,12
"ENSG00000196611",9.44845713265599,0.815837937384899,"osteogen","N",13,"SERPINA3-KD osteo (GSE247528)",6,12
"ENSG00000196636",8.42617966803317,0.697360343769184,"osteogen","N",13,"SERPINA3-KD osteo (GSE247528)",6,12
"ENSG00000196639",8.2912107462953,0.679864947820749,"osteogen","N",13,"SERPINA3-KD osteo (GSE247528)",6,12
"ENSG00000196653",4.9896539075463,0.371700429711479,"osteogen","N",13,"SERPINA3-KD osteo (GSE247528)",6,12
"ENSG00000196655",9.57763105547813,0.829343155310006,"osteogen","N",13,"SERPINA3-KD osteo (GSE247528)",6,12
"ENSG00000196666",1.90841129446267,0.0957642725598527,"osteogen","N",13,"SERPINA3-KD osteo (GSE247528)",6,12
"ENSG00000196700",6.43253045467879,0.493247391037446,"osteogen","N",13,"SERPINA3-KD osteo (GSE247528)",6,12
"ENSG00000196705",4.73595917747112,0.350521792510743,"osteogen","N",13,"SERPINA3-KD osteo (GSE247528)",6,12
"ENSG00000196715",9.13827980410324,0.777777777777778,"osteogen","N",13,"SERPINA3-KD osteo (GSE247528)",6,12
"ENSG00000196743",8.36448775581857,0.689686924493554,"osteogen","N",13,"SERPINA3-KD osteo (GSE247528)",6,12
"ENSG00000196757",5.57646298770859,0.420810313075506,"osteogen","N",13,"SERPINA3-KD osteo (GSE247528)",6,12
"ENSG00000196778",2.63619334020806,0.179864947820749,"osteogen","N",13,"SERPINA3-KD osteo (GSE247528)",6,12
"ENSG00000196787",5.33428581060343,0.401166359729896,"osteogen","N",13,"SERPINA3-KD osteo (GSE247528)",6,12
"ENSG00000196812",4.71319135499265,0.348680171884592,"osteogen","N",13,"SERPINA3-KD osteo (GSE247528)",6,12
"ENSG00000196850",6.11672209578619,0.465009208103131,"osteogen","N",13,"SERPINA3-KD osteo (GSE247528)",6,12
"ENSG00000196865",8.24067938341691,0.674033149171271,"osteogen","N",13,"SERPINA3-KD osteo (GSE247528)",6,12
"ENSG00000196867",7.19852377601606,0.565991405770411,"osteogen","N",13,"SERPINA3-KD osteo (GSE247528)",6,12
"ENSG00000196890",1.67112041551472,0.0730509515039902,"osteogen","N",13,"SERPINA3-KD osteo (GSE247528)",6,12
"ENSG00000196914",8.78345424845603,0.73695518723143,"osteogen","N",13,"SERPINA3-KD osteo (GSE247528)",6,12
"ENSG00000196917",3.00899658564851,0.212707182320442,"osteogen","N",13,"SERPINA3-KD osteo (GSE247528)",6,12
"ENSG00000196943",7.12097750228278,0.559852670349908,"osteogen","N",13,"SERPINA3-KD osteo (GSE247528)",6,12
"ENSG00000196976",8.79139229940015,0.739410681399632,"osteogen","N",13,"SERPINA3-KD osteo (GSE247528)",6,12
"ENSG00000196981",7.71448299080236,0.619705340699816,"osteogen","N",13,"SERPINA3-KD osteo (GSE247528)",6,12
"ENSG00000197006",8.19063321090309,0.668815224063843,"osteogen","N",13,"SERPINA3-KD osteo (GSE247528)",6,12
"ENSG00000197019",8.89120905614687,0.750460405156538,"osteogen","N",13,"SERPINA3-KD osteo (GSE247528)",6,12
"ENSG00000197021",9.0912022156933,0.77255985267035,"osteogen","N",13,"SERPINA3-KD osteo (GSE247528)",6,12
"ENSG00000197024",6.63839949900129,0.517495395948435,"osteogen","N",13,"SERPINA3-KD osteo (GSE247528)",6,12
"ENSG00000197061",10.7652196725504,0.921424186617557,"osteogen","N",13,"SERPINA3-KD osteo (GSE247528)",6,12
"ENSG00000197106",1.65466864089392,0.0702885205647637,"osteogen","N",13,"SERPINA3-KD osteo (GSE247528)",6,12
"ENSG00000197136",9.42140050836488,0.813075506445672,"osteogen","N",13,"SERPINA3-KD osteo (GSE247528)",6,12
"ENSG00000197149",1.71554707918758,0.0767341927562922,"osteogen","N",13,"SERPINA3-KD osteo (GSE247528)",6,12
"ENSG00000197191",1.2637329281448,0.0282381829343155,"osteogen","N",13,"SERPINA3-KD osteo (GSE247528)",6,12
"ENSG00000197208",8.20464996719734,0.670963781461019,"osteogen","N",13,"SERPINA3-KD osteo (GSE247528)",6,12
"ENSG00000197226",5.23807069729196,0.394413750767342,"osteogen","N",13,"SERPINA3-KD osteo (GSE247528)",6,12
"ENSG00000197245",2.15216916064,0.124309392265193,"osteogen","N",13,"SERPINA3-KD osteo (GSE247528)",6,12
"ENSG00000197265",7.87517174627747,0.635666052793125,"osteogen","N",13,"SERPINA3-KD osteo (GSE247528)",6,12
"ENSG00000197279",3.55692273975913,0.257826887661142,"osteogen","N",13,"SERPINA3-KD osteo (GSE247528)",6,12
"ENSG00000197296",9.10027367010897,0.7731737262124,"osteogen","N",13,"SERPINA3-KD osteo (GSE247528)",6,12
"ENSG00000197324",11.900239453887,0.970227133210559,"osteogen","N",13,"SERPINA3-KD osteo (GSE247528)",6,12
"ENSG00000197361",3.41016198455597,0.248004910988336,"osteogen","N",13,"SERPINA3-KD osteo (GSE247528)",6,12
"ENSG00000197385",2.76901179560784,0.19122160834868,"osteogen","N",13,"SERPINA3-KD osteo (GSE247528)",6,12
"ENSG00000197405",4.72009689833351,0.349600982197667,"osteogen","N",13,"SERPINA3-KD osteo (GSE247528)",6,12
"ENSG00000197409",1.01551062597738,0.0128913443830571,"osteogen","N",13,"SERPINA3-KD osteo (GSE247528)",6,12
"ENSG00000197417",7.57310879103958,0.603130755064457,"osteogen","N",13,"SERPINA3-KD osteo (GSE247528)",6,12
"ENSG00000197446",1.01465144121866,0.0125844076120319,"osteogen","N",13,"SERPINA3-KD osteo (GSE247528)",6,12
"ENSG00000197479",5.06763413349936,0.379373848987109,"osteogen","N",13,"SERPINA3-KD osteo (GSE247528)",6,12
"ENSG00000197496",10.8009024826897,0.924800491098834,"osteogen","N",13,"SERPINA3-KD osteo (GSE247528)",6,12
"ENSG00000197506",4.50228961780697,0.329957028852056,"osteogen","N",13,"SERPINA3-KD osteo (GSE247528)",6,12
"ENSG00000197532",2.50009421145089,0.164825046040516,"osteogen","N",13,"SERPINA3-KD osteo (GSE247528)",6,12
"ENSG00000197557",7.54000811217475,0.598833640270104,"osteogen","N",13,"SERPINA3-KD osteo (GSE247528)",6,12
"ENSG00000197561",2.2238701805722,0.131982811540823,"osteogen","N",13,"SERPINA3-KD osteo (GSE247528)",6,12
"ENSG00000197579",9.72197574690928,0.84622467771639,"osteogen","N",13,"SERPINA3-KD osteo (GSE247528)",6,12
"ENSG00000197632",6.70354423733276,0.524248004910988,"osteogen","N",13,"SERPINA3-KD osteo (GSE247528)",6,12
"ENSG00000197646",9.30134123155683,0.798649478207489,"osteogen","N",13,"SERPINA3-KD osteo (GSE247528)",6,12
"ENSG00000197714",6.46781503720648,0.498772252915899,"osteogen","N",13,"SERPINA3-KD osteo (GSE247528)",6,12
"ENSG00000197747",12.5530977334351,0.982504604051565,"osteogen","N",13,"SERPINA3-KD osteo (GSE247528)",6,12
"ENSG00000197757",5.99855919028196,0.451197053406998,"osteogen","N",13,"SERPINA3-KD osteo (GSE247528)",6,12
"ENSG00000197766",3.66207798549235,0.266421117249847,"osteogen","N",13,"SERPINA3-KD osteo (GSE247528)",6,12
"ENSG00000197769",1.69514654554103,0.0742786985880909,"osteogen","N",13,"SERPINA3-KD osteo (GSE247528)",6,12
"ENSG00000197776",5.89978316256743,0.443216697360344,"osteogen","N",13,"SERPINA3-KD osteo (GSE247528)",6,12
"ENSG00000197782",5.95821761815847,0.449662369551872,"osteogen","N",13,"SERPINA3-KD osteo (GSE247528)",6,12
"ENSG00000197798",9.28392895030503,0.796193984039288,"osteogen","N",13,"SERPINA3-KD osteo (GSE247528)",6,12
"ENSG00000197837",4.08371116540309,0.297728667894414,"osteogen","N",13,"SERPINA3-KD osteo (GSE247528)",6,12
"ENSG00000197863",6.46248179759454,0.497544505831799,"osteogen","N",13,"SERPINA3-KD osteo (GSE247528)",6,12
"ENSG00000197903",8.09717639052077,0.660220994475138,"osteogen","N",13,"SERPINA3-KD osteo (GSE247528)",6,12
"ENSG00000197915",2.66258249184044,0.1817065684469,"osteogen","N",13,"SERPINA3-KD osteo (GSE247528)",6,12
"ENSG00000197935",4.19748443330623,0.305709023941068,"osteogen","N",13,"SERPINA3-KD osteo (GSE247528)",6,12
"ENSG00000197977",3.2184322915125,0.232965009208103,"osteogen","N",13,"SERPINA3-KD osteo (GSE247528)",6,12
"ENSG00000198018",9.91401464043399,0.861878453038674,"osteogen","N",13,"SERPINA3-KD osteo (GSE247528)",6,12
"ENSG00000198026",8.93717579725312,0.754450583179865,"osteogen","N",13,"SERPINA3-KD osteo (GSE247528)",6,12
"ENSG00000198028",2.85216841379883,0.196132596685083,"osteogen","N",13,"SERPINA3-KD osteo (GSE247528)",6,12
"ENSG00000198087",8.01369361367095,0.651319828115408,"osteogen","N",13,"SERPINA3-KD osteo (GSE247528)",6,12
"ENSG00000198108",6.00109946045379,0.451503990178023,"osteogen","N",13,"SERPINA3-KD osteo (GSE247528)",6,12
"ENSG00000198113",3.4248206234539,0.248311847759362,"osteogen","N",13,"SERPINA3-KD osteo (GSE247528)",6,12
"ENSG00000198133",4.85699700479173,0.359729895641498,"osteogen","N",13,"SERPINA3-KD osteo (GSE247528)",6,12
"ENSG00000198142",6.45942301987752,0.497237569060773,"osteogen","N",13,"SERPINA3-KD osteo (GSE247528)",6,12
"ENSG00000198146",9.74598417871441,0.847452424800491,"osteogen","N",13,"SERPINA3-KD osteo (GSE247528)",6,12
"ENSG00000198168",7.9963932445241,0.648250460405157,"osteogen","N",13,"SERPINA3-KD osteo (GSE247528)",6,12
"ENSG00000198169",3.75586248712002,0.275322283609576,"osteogen","N",13,"SERPINA3-KD osteo (GSE247528)",6,12
"ENSG00000198205",4.37669337763179,0.320135052179251,"osteogen","N",13,"SERPINA3-KD osteo (GSE247528)",6,12
"ENSG00000198225",2.94069581368787,0.204726826273788,"osteogen","N",13,"SERPINA3-KD osteo (GSE247528)",6,12
"ENSG00000198353",3.76815358050159,0.275936157151627,"osteogen","N",13,"SERPINA3-KD osteo (GSE247528)",6,12
"ENSG00000198355",7.60015102553231,0.605279312461633,"osteogen","N",13,"SERPINA3-KD osteo (GSE247528)",6,12
"ENSG00000198382",8.52344719171138,0.707182320441989,"osteogen","N",13,"SERPINA3-KD osteo (GSE247528)",6,12
"ENSG00000198393",6.68615414334795,0.522406384284837,"osteogen","N",13,"SERPINA3-KD osteo (GSE247528)",6,12
"ENSG00000198414",1.15304526841759,0.0202578268876611,"osteogen","N",13,"SERPINA3-KD osteo (GSE247528)",6,12
"ENSG00000198417",5.00657914284025,0.37354205033763,"osteogen","N",13,"SERPINA3-KD osteo (GSE247528)",6,12
"ENSG00000198440",4.71045778007198,0.348066298342541,"osteogen","N",13,"SERPINA3-KD osteo (GSE247528)",6,12
"ENSG00000198455",5.34104585061767,0.402394106813996,"osteogen","N",13,"SERPINA3-KD osteo (GSE247528)",6,12
"ENSG00000198478",5.95878888879152,0.449969306322897,"osteogen","N",13,"SERPINA3-KD osteo (GSE247528)",6,12
"ENSG00000198502",6.62138755690968,0.515039901780233,"osteogen","N",13,"SERPINA3-KD osteo (GSE247528)",6,12
"ENSG00000198523",2.17755533147977,0.126151012891344,"osteogen","N",13,"SERPINA3-KD osteo (GSE247528)",6,12
"ENSG00000198553",2.51897042564821,0.167587476979742,"osteogen","N",13,"SERPINA3-KD osteo (GSE247528)",6,12
"ENSG00000198576",3.93950968113602,0.287906691221608,"osteogen","N",13,"SERPINA3-KD osteo (GSE247528)",6,12
"ENSG00000198598",5.51088435135078,0.415592387968079,"osteogen","N",13,"SERPINA3-KD osteo (GSE247528)",6,12
"ENSG00000198642",10.3254152571935,0.893799877225292,"osteogen","N",13,"SERPINA3-KD osteo (GSE247528)",6,12
"ENSG00000198680",5.35939089692628,0.405463474524248,"osteogen","N",13,"SERPINA3-KD osteo (GSE247528)",6,12
"ENSG00000198695",11.8183900550193,0.967771639042357,"osteogen","N",13,"SERPINA3-KD osteo (GSE247528)",6,12
"ENSG00000198712",15.6755459733941,0.998772252915899,"osteogen","N",13,"SERPINA3-KD osteo (GSE247528)",6,12
"ENSG00000198719",4.08452562735576,0.298035604665439,"osteogen","N",13,"SERPINA3-KD osteo (GSE247528)",6,12
"ENSG00000198727",15.3216774540128,0.997851442602824,"osteogen","N",13,"SERPINA3-KD osteo (GSE247528)",6,12
"ENSG00000198729",3.87256900228801,0.281767955801105,"osteogen","N",13,"SERPINA3-KD osteo (GSE247528)",6,12
"ENSG00000198740",9.88152247448037,0.859422958870473,"osteogen","N",13,"SERPINA3-KD osteo (GSE247528)",6,12
"ENSG00000198743",8.28903004352014,0.679251074278699,"osteogen","N",13,"SERPINA3-KD osteo (GSE247528)",6,12
"ENSG00000198744",5.03012919581965,0.375076734192756,"osteogen","N",13,"SERPINA3-KD osteo (GSE247528)",6,12
"ENSG00000198754",3.64504304789299,0.264886433394721,"osteogen","N",13,"SERPINA3-KD osteo (GSE247528)",6,12
"ENSG00000198763",13.5438810818848,0.991405770411295,"osteogen","N",13,"SERPINA3-KD osteo (GSE247528)",6,12
"ENSG00000198774",4.79996710121739,0.35451197053407,"osteogen","N",13,"SERPINA3-KD osteo (GSE247528)",6,12
"ENSG00000198783",7.90690295103622,0.63720073664825,"osteogen","N",13,"SERPINA3-KD osteo (GSE247528)",6,12
"ENSG00000198786",14.1137585962575,0.995089011663597,"osteogen","N",13,"SERPINA3-KD osteo (GSE247528)",6,12
"ENSG00000198796",9.77722109915494,0.850214855739718,"osteogen","N",13,"SERPINA3-KD osteo (GSE247528)",6,12
"ENSG00000198797",1.24737370829846,0.0257826887661142,"osteogen","N",13,"SERPINA3-KD osteo (GSE247528)",6,12
"ENSG00000198804",16.1719503554092,0.999693063228975,"osteogen","N",13,"SERPINA3-KD osteo (GSE247528)",6,12
"ENSG00000198815",8.62572291945276,0.719152854511971,"osteogen","N",13,"SERPINA3-KD osteo (GSE247528)",6,12
"ENSG00000198816",6.68163461084669,0.521178637200737,"osteogen","N",13,"SERPINA3-KD osteo (GSE247528)",6,12
"ENSG00000198824",7.95668026402944,0.643953345610804,"osteogen","N",13,"SERPINA3-KD osteo (GSE247528)",6,12
"ENSG00000198833",10.4392122857559,0.903928790669122,"osteogen","N",13,"SERPINA3-KD osteo (GSE247528)",6,12
"ENSG00000198840",9.45808051708214,0.816758747697974,"osteogen","N",13,"SERPINA3-KD osteo (GSE247528)",6,12
"ENSG00000198841",8.78916670284085,0.738489871086556,"osteogen","N",13,"SERPINA3-KD osteo (GSE247528)",6,12
"ENSG00000198846",5.54894899722629,0.419582565991406,"osteogen","N",13,"SERPINA3-KD osteo (GSE247528)",6,12
"ENSG00000198855",8.994379102987,0.760896255371393,"osteogen","N",13,"SERPINA3-KD osteo (GSE247528)",6,12
"ENSG00000198863",6.36097253226569,0.486187845303867,"osteogen","N",13,"SERPINA3-KD osteo (GSE247528)",6,12
"ENSG00000198868",3.1988961004737,0.231737262124002,"osteogen","N",13,"SERPINA3-KD osteo (GSE247528)",6,12
"ENSG00000198870",3.05564935606878,0.217618170656845,"osteogen","N",13,"SERPINA3-KD osteo (GSE247528)",6,12
"ENSG00000198886",15.8237350610486,0.99938612645795,"osteogen","N",13,"SERPINA3-KD osteo (GSE247528)",6,12
"ENSG00000198887",9.36574380132688,0.806629834254144,"osteogen","N",13,"SERPINA3-KD osteo (GSE247528)",6,12
"ENSG00000198888",12.595438714512,0.983118477593616,"osteogen","N",13,"SERPINA3-KD osteo (GSE247528)",6,12
"ENSG00000198890",9.75545559509069,0.848373235113567,"osteogen","N",13,"SERPINA3-KD osteo (GSE247528)",6,12
"ENSG00000198892",9.84722526468739,0.856967464702271,"osteogen","N",13,"SERPINA3-KD osteo (GSE247528)",6,12
"ENSG00000198894",8.75101577245435,0.734192756292204,"osteogen","N",13,"SERPINA3-KD osteo (GSE247528)",6,12
"ENSG00000198899",13.3285026280982,0.989257213014119,"osteogen","N",13,"SERPINA3-KD osteo (GSE247528)",6,12
"ENSG00000198900",10.0803553406088,0.87231430325353,"osteogen","N",13,"SERPINA3-KD osteo (GSE247528)",6,12
"ENSG00000198909",7.01118253633767,0.552179251074279,"osteogen","N",13,"SERPINA3-KD osteo (GSE247528)",6,12
"ENSG00000198918",10.9114430027023,0.928790669122161,"osteogen","N",13,"SERPINA3-KD osteo (GSE247528)",6,12
"ENSG00000198924",6.6281321388104,0.515653775322284,"osteogen","N",13,"SERPINA3-KD osteo (GSE247528)",6,12
"ENSG00000198934",7.04982589702527,0.554941682013505,"osteogen","N",13,"SERPINA3-KD osteo (GSE247528)",6,12
"ENSG00000198937",8.72174354747734,0.731737262124002,"osteogen","N",13,"SERPINA3-KD osteo (GSE247528)",6,12
"ENSG00000198938",15.6742418477163,0.998465316144874,"osteogen","N",13,"SERPINA3-KD osteo (GSE247528)",6,12
"ENSG00000198939",3.9750054539265,0.289134438305709,"osteogen","N",13,"SERPINA3-KD osteo (GSE247528)",6,12
"ENSG00000198945",6.74944660920785,0.52793124616329,"osteogen","N",13,"SERPINA3-KD osteo (GSE247528)",6,12
"ENSG00000198952",11.2160832466674,0.946899938612646,"osteogen","N",13,"SERPINA3-KD osteo (GSE247528)",6,12
"ENSG00000198954",10.4448044714033,0.904849600982198,"osteogen","N",13,"SERPINA3-KD osteo (GSE247528)",6,12
"ENSG00000203396",18.3194335844266,1,"osteogen","N",13,"SERPINA3-KD osteo (GSE247528)",6,12
"ENSG00000203663",3.24787347546742,0.236648250460405,"osteogen","N",13,"SERPINA3-KD osteo (GSE247528)",6,12
"ENSG00000203668",6.11226643660945,0.464088397790055,"osteogen","N",13,"SERPINA3-KD osteo (GSE247528)",6,12
"ENSG00000203722",6.30904909285096,0.483425414364641,"osteogen","N",13,"SERPINA3-KD osteo (GSE247528)",6,12
"ENSG00000203727",2.76816470370421,0.190914671577655,"osteogen","N",13,"SERPINA3-KD osteo (GSE247528)",6,12
"ENSG00000203760",7.363022242661,0.580724370779619,"osteogen","N",13,"SERPINA3-KD osteo (GSE247528)",6,12
"ENSG00000203778",8.42113572307342,0.696132596685083,"osteogen","N",13,"SERPINA3-KD osteo (GSE247528)",6,12
"ENSG00000203814",3.05312792615267,0.21731123388582,"osteogen","N",13,"SERPINA3-KD osteo (GSE247528)",6,12
"ENSG00000203872",2.33115631065591,0.143339472068754,"osteogen","N",13,"SERPINA3-KD osteo (GSE247528)",6,12
"ENSG00000203943",3.12749071015773,0.224370779619398,"osteogen","N",13,"SERPINA3-KD osteo (GSE247528)",6,12
"ENSG00000203950",10.2912196457828,0.89011663597299,"osteogen","N",13,"SERPINA3-KD osteo (GSE247528)",6,12
"ENSG00000204052",1.71741468309042,0.0770411295273174,"osteogen","N",13,"SERPINA3-KD osteo (GSE247528)",6,12
"ENSG00000204086",1.38127617465211,0.0432780847145488,"osteogen","N",13,"SERPINA3-KD osteo (GSE247528)",6,12
"ENSG00000204103",7.40446222826697,0.586863106200123,"osteogen","N",13,"SERPINA3-KD osteo (GSE247528)",6,12
"ENSG00000204227",7.62646149402032,0.607120933087784,"osteogen","N",13,"SERPINA3-KD osteo (GSE247528)",6,12
"ENSG00000204228",4.27087681216893,0.312154696132597,"osteogen","N",13,"SERPINA3-KD osteo (GSE247528)",6,12
"ENSG00000204237",8.96116573630795,0.757826887661142,"osteogen","N",13,"SERPINA3-KD osteo (GSE247528)",6,12
"ENSG00000204301",4.07432611178424,0.296807857581338,"osteogen","N",13,"SERPINA3-KD osteo (GSE247528)",6,12
"ENSG00000204308",9.80035818861433,0.852670349907919,"osteogen","N",13,"SERPINA3-KD osteo (GSE247528)",6,12
"ENSG00000204315",6.15953092268054,0.467771639042357,"osteogen","N",13,"SERPINA3-KD osteo (GSE247528)",6,12
"ENSG00000204323",2.07586977557631,0.115715162676489,"osteogen","N",13,"SERPINA3-KD osteo (GSE247528)",6,12
"ENSG00000204334",1.55947531475064,0.0604665438919583,"osteogen","N",13,"SERPINA3-KD osteo (GSE247528)",6,12
"ENSG00000204366",1.92085045499762,0.0985267034990792,"osteogen","N",13,"SERPINA3-KD osteo (GSE247528)",6,12
"ENSG00000204388",9.07039353369822,0.770411295273174,"osteogen","N",13,"SERPINA3-KD osteo (GSE247528)",6,12
"ENSG00000204439",9.23027105126954,0.788827501534684,"osteogen","N",13,"SERPINA3-KD osteo (GSE247528)",6,12
"ENSG00000204442",7.3143914342822,0.575813382443217,"osteogen","N",13,"SERPINA3-KD osteo (GSE247528)",6,12
"ENSG00000204505",1.96166115407256,0.101596071209331,"osteogen","N",13,"SERPINA3-KD osteo (GSE247528)",6,12
"ENSG00000204524",8.28156717617382,0.678637200736648,"osteogen","N",13,"SERPINA3-KD osteo (GSE247528)",6,12
"ENSG00000204544",1.28316578786093,0.0316144874155924,"osteogen","N",13,"SERPINA3-KD osteo (GSE247528)",6,12
"ENSG00000204592",12.4531263206609,0.980662983425414,"osteogen","N",13,"SERPINA3-KD osteo (GSE247528)",6,12
"ENSG00000204611",7.99671753912106,0.648557397176182,"osteogen","N",13,"SERPINA3-KD osteo (GSE247528)",6,12
"ENSG00000204619",10.9479749874398,0.930632289748312,"osteogen","N",13,"SERPINA3-KD osteo (GSE247528)",6,12
"ENSG00000204659",1.21125019792348,0.0227133210558625,"osteogen","N",13,"SERPINA3-KD osteo (GSE247528)",6,12
"ENSG00000204695",4.2203511647062,0.307550644567219,"osteogen","N",13,"SERPINA3-KD osteo (GSE247528)",6,12
"ENSG00000204745",4.56523290681741,0.335174953959484,"osteogen","N",13,"SERPINA3-KD osteo (GSE247528)",6,12
"ENSG00000204767",5.21280397579147,0.391958256599141,"osteogen","N",13,"SERPINA3-KD osteo (GSE247528)",6,12
"ENSG00000204822",8.32330875058541,0.685082872928177,"osteogen","N",13,"SERPINA3-KD osteo (GSE247528)",6,12
"ENSG00000204839",2.59776676763399,0.175874769797422,"osteogen","N",13,"SERPINA3-KD osteo (GSE247528)",6,12
"ENSG00000204851",2.60290883994043,0.176488643339472,"osteogen","N",13,"SERPINA3-KD osteo (GSE247528)",6,12
"ENSG00000204869",1.35499309075263,0.0389809699201964,"osteogen","N",13,"SERPINA3-KD osteo (GSE247528)",6,12
"ENSG00000204899",9.2403321281392,0.790669122160835,"osteogen","N",13,"SERPINA3-KD osteo (GSE247528)",6,12
"ENSG00000204909",2.34729004212732,0.145794966236955,"osteogen","N",13,"SERPINA3-KD osteo (GSE247528)",6,12
"ENSG00000204922",8.651413920991,0.722836095764273,"osteogen","N",13,"SERPINA3-KD osteo (GSE247528)",6,12
"ENSG00000204923",6.12179021421507,0.465930018416206,"osteogen","N",13,"SERPINA3-KD osteo (GSE247528)",6,12
"ENSG00000204947",6.66484513032133,0.51903007980356,"osteogen","N",13,"SERPINA3-KD osteo (GSE247528)",6,12
"ENSG00000204956",5.04832445311529,0.377532228360958,"osteogen","N",13,"SERPINA3-KD osteo (GSE247528)",6,12
"ENSG00000204963",3.04507949118755,0.216390423572744,"osteogen","N",13,"SERPINA3-KD osteo (GSE247528)",6,12
"ENSG00000204969",1.05272269426877,0.0144260282381829,"osteogen","N",13,"SERPINA3-KD osteo (GSE247528)",6,12
"ENSG00000205002",1.7203487494695,0.0776550030693677,"osteogen","N",13,"SERPINA3-KD osteo (GSE247528)",6,12
"ENSG00000205078",2.28035581323366,0.138121546961326,"osteogen","N",13,"SERPINA3-KD osteo (GSE247528)",6,12
"ENSG00000205129",4.21665576435504,0.306936771025169,"osteogen","N",13,"SERPINA3-KD osteo (GSE247528)",6,12
"ENSG00000205138",8.13274319809409,0.662983425414365,"osteogen","N",13,"SERPINA3-KD osteo (GSE247528)",6,12
"ENSG00000205155",10.1936692297045,0.880908532842234,"osteogen","N",13,"SERPINA3-KD osteo (GSE247528)",6,12
"ENSG00000205208",8.4821875000432,0.703806015960712,"osteogen","N",13,"SERPINA3-KD osteo (GSE247528)",6,12
"ENSG00000205250",8.56614142932229,0.713321055862492,"osteogen","N",13,"SERPINA3-KD osteo (GSE247528)",6,12
"ENSG00000205269",4.09257078670218,0.298342541436464,"osteogen","N",13,"SERPINA3-KD osteo (GSE247528)",6,12
"ENSG00000205302",10.9719525754833,0.934315531000614,"osteogen","N",13,"SERPINA3-KD osteo (GSE247528)",6,12
"ENSG00000205323",10.1328007643517,0.875997544505832,"osteogen","N",13,"SERPINA3-KD osteo (GSE247528)",6,12
"ENSG00000205364",7.46810194209946,0.592694904849601,"osteogen","N",13,"SERPINA3-KD osteo (GSE247528)",6,12
"ENSG00000205413",7.29036142141649,0.57305095150399,"osteogen","N",13,"SERPINA3-KD osteo (GSE247528)",6,12
"ENSG00000205476",4.23954876465895,0.309085328422345,"osteogen","N",13,"SERPINA3-KD osteo (GSE247528)",6,12
"ENSG00000205544",7.11608532556191,0.559238796807858,"osteogen","N",13,"SERPINA3-KD osteo (GSE247528)",6,12
"ENSG00000205644",1.40397044349009,0.0457335788827502,"osteogen","N",13,"SERPINA3-KD osteo (GSE247528)",6,12
"ENSG00000205710",5.25306895970466,0.395334561080417,"osteogen","N",13,"SERPINA3-KD osteo (GSE247528)",6,12
"ENSG00000205730",9.38268376879959,0.809085328422345,"osteogen","N",13,"SERPINA3-KD osteo (GSE247528)",6,12
"ENSG00000205795",2.41550654214448,0.152547575199509,"osteogen","N",13,"SERPINA3-KD osteo (GSE247528)",6,12
"ENSG00000205808",7.91911890985134,0.639349294045427,"osteogen","N",13,"SERPINA3-KD osteo (GSE247528)",6,12
"ENSG00000205835",2.20201374611072,0.129834254143646,"osteogen","N",13,"SERPINA3-KD osteo (GSE247528)",6,12
"ENSG00000205903",6.60434511484078,0.514119091467158,"osteogen","N",13,"SERPINA3-KD osteo (GSE247528)",6,12
"ENSG00000205922",1.63046936396334,0.0684468999386127,"osteogen","N",13,"SERPINA3-KD osteo (GSE247528)",6,12
"ENSG00000205978",7.12631930796507,0.560466543891958,"osteogen","N",13,"SERPINA3-KD osteo (GSE247528)",6,12
"ENSG00000205981",8.86397152987133,0.746470227133211,"osteogen","N",13,"SERPINA3-KD osteo (GSE247528)",6,12
"ENSG00000206262",2.98979953230202,0.209944751381215,"osteogen","N",13,"SERPINA3-KD osteo (GSE247528)",6,12
"ENSG00000206418",2.4222564536908,0.153161448741559,"osteogen","N",13,"SERPINA3-KD osteo (GSE247528)",6,12
"ENSG00000206535",4.89740447648227,0.363106200122775,"osteogen","N",13,"SERPINA3-KD osteo (GSE247528)",6,12
"ENSG00000206538",9.65251439906731,0.838551258440761,"osteogen","N",13,"SERPINA3-KD osteo (GSE247528)",6,12
"ENSG00000206559",5.786117983119,0.43707796193984,"osteogen","N",13,"SERPINA3-KD osteo (GSE247528)",6,12
"ENSG00000211455",10.2579847701927,0.887354205033763,"osteogen","N",13,"SERPINA3-KD osteo (GSE247528)",6,12
"ENSG00000212123",4.03512474955008,0.292203806015961,"osteogen","N",13,"SERPINA3-KD osteo (GSE247528)",6,12
"ENSG00000212127",4.53600642822432,0.333026396562308,"osteogen","N",13,"SERPINA3-KD osteo (GSE247528)",6,12
"ENSG00000212722",0.797609196722796,0.00460405156537753,"osteogen","N",13,"SERPINA3-KD osteo (GSE247528)",6,12
"ENSG00000212724",7.38427289460805,0.583486801718846,"osteogen","N",13,"SERPINA3-KD osteo (GSE247528)",6,12
"ENSG00000212747",9.86657818127011,0.858195211786372,"osteogen","N",13,"SERPINA3-KD osteo (GSE247528)",6,12
"ENSG00000212807",1.45609150225674,0.0512584407612032,"osteogen","N",13,"SERPINA3-KD osteo (GSE247528)",6,12
"ENSG00000212864",2.19004313032515,0.127992633517495,"osteogen","N",13,"SERPINA3-KD osteo (GSE247528)",6,12
"ENSG00000212907",12.8595566539437,0.985573971761817,"osteogen","N",13,"SERPINA3-KD osteo (GSE247528)",6,12
"ENSG00000212916",5.78067342841563,0.436771025168815,"osteogen","N",13,"SERPINA3-KD osteo (GSE247528)",6,12
"ENSG00000212993",1.37676263556518,0.0423572744014733,"osteogen","N",13,"SERPINA3-KD osteo (GSE247528)",6,12
"ENSG00000213015",5.58279817608568,0.421424186617557,"osteogen","N",13,"SERPINA3-KD osteo (GSE247528)",6,12
"ENSG00000213090",1.3436807248658,0.0377532228360958,"osteogen","N",13,"SERPINA3-KD osteo (GSE247528)",6,12
"ENSG00000213139",3.5988373278022,0.261510128913444,"osteogen","N",13,"SERPINA3-KD osteo (GSE247528)",6,12
"ENSG00000213185",4.0249729765503,0.291896869244936,"osteogen","N",13,"SERPINA3-KD osteo (GSE247528)",6,12
"ENSG00000213186",8.63900980527604,0.720994475138122,"osteogen","N",13,"SERPINA3-KD osteo (GSE247528)",6,12
"ENSG00000213190",10.3143822834711,0.891958256599141,"osteogen","N",13,"SERPINA3-KD osteo (GSE247528)",6,12
"ENSG00000213199",1.24022471972162,0.0251688152240638,"osteogen","N",13,"SERPINA3-KD osteo (GSE247528)",6,12
"ENSG00000213214",5.8189604064553,0.438919582565991,"osteogen","N",13,"SERPINA3-KD osteo (GSE247528)",6,12
"ENSG00000213221",3.97346028120616,0.288827501534684,"osteogen","N",13,"SERPINA3-KD osteo (GSE247528)",6,12
"ENSG00000213222",2.19178301565741,0.128913443830571,"osteogen","N",13,"SERPINA3-KD osteo (GSE247528)",6,12
"ENSG00000213246",9.76398700046533,0.848987108655617,"osteogen","N",13,"SERPINA3-KD osteo (GSE247528)",6,12
"ENSG00000213269",2.40866931250513,0.150705954573358,"osteogen","N",13,"SERPINA3-KD osteo (GSE247528)",6,12
"ENSG00000213281",10.5202224474617,0.9097605893186,"osteogen","N",13,"SERPINA3-KD osteo (GSE247528)",6,12
"ENSG00000213316",2.54684555967368,0.171884591774095,"osteogen","N",13,"SERPINA3-KD osteo (GSE247528)",6,12
"ENSG00000213337",8.14323000860102,0.664518109269491,"osteogen","N",13,"SERPINA3-KD osteo (GSE247528)",6,12
"ENSG00000213339",7.52669606784123,0.596992019643953,"osteogen","N",13,"SERPINA3-KD osteo (GSE247528)",6,12
"ENSG00000213398",5.0118463522671,0.374155923879681,"osteogen","N",13,"SERPINA3-KD osteo (GSE247528)",6,12
"ENSG00000213420",3.02863425358634,0.214241866175568,"osteogen","N",13,"SERPINA3-KD osteo (GSE247528)",6,12
"ENSG00000213431",3.12501099903993,0.224063842848373,"osteogen","N",13,"SERPINA3-KD osteo (GSE247528)",6,12
"ENSG00000213462",7.45671550386829,0.5914671577655,"osteogen","N",13,"SERPINA3-KD osteo (GSE247528)",6,12
"ENSG00000213463",8.9807128522656,0.759361571516268,"osteogen","N",13,"SERPINA3-KD osteo (GSE247528)",6,12
"ENSG00000213465",10.9231821640143,0.929404542664211,"osteogen","N",13,"SERPINA3-KD osteo (GSE247528)",6,12
"ENSG00000213551",8.93094349408457,0.753836709637815,"osteogen","N",13,"SERPINA3-KD osteo (GSE247528)",6,12
"ENSG00000213563",4.14908389512545,0.302025782688766,"osteogen","N",13,"SERPINA3-KD osteo (GSE247528)",6,12
"ENSG00000213588",8.30648837195705,0.682627378759975,"osteogen","N",13,"SERPINA3-KD osteo (GSE247528)",6,12
"ENSG00000213625",12.0974660566026,0.975138121546961,"osteogen","N",13,"SERPINA3-KD osteo (GSE247528)",6,12
"ENSG00000213638",5.79569198707511,0.437998772252916,"osteogen","N",13,"SERPINA3-KD osteo (GSE247528)",6,12
"ENSG00000213672",9.04803568141941,0.766421117249847,"osteogen","N",13,"SERPINA3-KD osteo (GSE247528)",6,12
"ENSG00000213693",3.19568906112166,0.231123388581952,"osteogen","N",13,"SERPINA3-KD osteo (GSE247528)",6,12
"ENSG00000213694",8.91007710836505,0.752302025782689,"osteogen","N",13,"SERPINA3-KD osteo (GSE247528)",6,12
"ENSG00000213699",6.18248669256552,0.469920196439533,"osteogen","N",13,"SERPINA3-KD osteo (GSE247528)",6,12
"ENSG00000213700",2.84258993795373,0.195211786372007,"osteogen","N",13,"SERPINA3-KD osteo (GSE247528)",6,12
"ENSG00000213719",13.6857486055478,0.992019643953346,"osteogen","N",13,"SERPINA3-KD osteo (GSE247528)",6,12
"ENSG00000213782",10.3938193861886,0.899017802332719,"osteogen","N",13,"SERPINA3-KD osteo (GSE247528)",6,12
"ENSG00000213793",5.85960004789856,0.439840392879067,"osteogen","N",13,"SERPINA3-KD osteo (GSE247528)",6,12
"ENSG00000213809",2.8693987290573,0.197360343769184,"osteogen","N",13,"SERPINA3-KD osteo (GSE247528)",6,12
"ENSG00000213859",9.305414946134,0.79987722529159,"osteogen","N",13,"SERPINA3-KD osteo (GSE247528)",6,12
"ENSG00000213891",1.26919374629169,0.029158993247391,"osteogen","N",13,"SERPINA3-KD osteo (GSE247528)",6,12
"ENSG00000213903",4.15202299943475,0.302946593001842,"osteogen","N",13,"SERPINA3-KD osteo (GSE247528)",6,12
"ENSG00000213920",6.18532435439468,0.470534069981584,"osteogen","N",13,"SERPINA3-KD osteo (GSE247528)",6,12
"ENSG00000213928",8.29076006515169,0.679558011049724,"osteogen","N",13,"SERPINA3-KD osteo (GSE247528)",6,12
"ENSG00000213965",9.15100981549713,0.779926335174954,"osteogen","N",13,"SERPINA3-KD osteo (GSE247528)",6,12
"ENSG00000213977",12.4416402003832,0.980356046654389,"osteogen","N",13,"SERPINA3-KD osteo (GSE247528)",6,12
"ENSG00000214026",7.47119462918219,0.593308778391651,"osteogen","N",13,"SERPINA3-KD osteo (GSE247528)",6,12
"ENSG00000214029",6.21945837235744,0.473910374462861,"osteogen","N",13,"SERPINA3-KD osteo (GSE247528)",6,12
"ENSG00000214046",10.5596367453335,0.912523020257827,"osteogen","N",13,"SERPINA3-KD osteo (GSE247528)",6,12
"ENSG00000214050",5.90553929128044,0.444137507673419,"osteogen","N",13,"SERPINA3-KD osteo (GSE247528)",6,12
"ENSG00000214087",9.05610218500648,0.768262737875998,"osteogen","N",13,"SERPINA3-KD osteo (GSE247528)",6,12
"ENSG00000214114",8.79989317560956,0.740638428483732,"osteogen","N",13,"SERPINA3-KD osteo (GSE247528)",6,12
"ENSG00000214194",10.3144845058454,0.892265193370166,"osteogen","N",13,"SERPINA3-KD osteo (GSE247528)",6,12
"ENSG00000214212",2.35414053005058,0.146715776550031,"osteogen","N",13,"SERPINA3-KD osteo (GSE247528)",6,12
"ENSG00000214226",3.8450109719081,0.279619398403929,"osteogen","N",13,"SERPINA3-KD osteo (GSE247528)",6,12
"ENSG00000214253",10.5678176035416,0.912829957028852,"osteogen","N",13,"SERPINA3-KD osteo (GSE247528)",6,12
"ENSG00000214282",3.20274735094817,0.232351135666053,"osteogen","N",13,"SERPINA3-KD osteo (GSE247528)",6,12
"ENSG00000214300",3.88106781154332,0.282381829343155,"osteogen","N",13,"SERPINA3-KD osteo (GSE247528)",6,12
"ENSG00000214309",2.65341844903175,0.18109269490485,"osteogen","N",13,"SERPINA3-KD osteo (GSE247528)",6,12
"ENSG00000214357",1.89305134152207,0.0939226519337017,"osteogen","N",13,"SERPINA3-KD osteo (GSE247528)",6,12
"ENSG00000214376",1.91971857978519,0.098219766728054,"osteogen","N",13,"SERPINA3-KD osteo (GSE247528)",6,12
"ENSG00000214413",8.04214023200265,0.654696132596685,"osteogen","N",13,"SERPINA3-KD osteo (GSE247528)",6,12
"ENSG00000214435",3.14921029976096,0.2268262737876,"osteogen","N",13,"SERPINA3-KD osteo (GSE247528)",6,12
"ENSG00000214447",2.31145633821626,0.141497851442603,"osteogen","N",13,"SERPINA3-KD osteo (GSE247528)",6,12
"ENSG00000214456",2.25740836589691,0.134131368937999,"osteogen","N",13,"SERPINA3-KD osteo (GSE247528)",6,12
"ENSG00000214491",3.39315142875453,0.247084100675261,"osteogen","N",13,"SERPINA3-KD osteo (GSE247528)",6,12
"ENSG00000214629",1.09318793938661,0.0162676488643339,"osteogen","N",13,"SERPINA3-KD osteo (GSE247528)",6,12
"ENSG00000214652",1.88993445900838,0.0936157151626765,"osteogen","N",13,"SERPINA3-KD osteo (GSE247528)",6,12
"ENSG00000214654",5.60737030494701,0.422958870472683,"osteogen","N",13,"SERPINA3-KD osteo (GSE247528)",6,12
"ENSG00000214736",9.89965250022083,0.860650705954573,"osteogen","N",13,"SERPINA3-KD osteo (GSE247528)",6,12
"ENSG00000214753",7.10030700000732,0.557397176181707,"osteogen","N",13,"SERPINA3-KD osteo (GSE247528)",6,12
"ENSG00000214756",6.49522451367907,0.504297114794352,"osteogen","N",13,"SERPINA3-KD osteo (GSE247528)",6,12
"ENSG00000214814",3.04142819236586,0.215776550030694,"osteogen","N",13,"SERPINA3-KD osteo (GSE247528)",6,12
"ENSG00000214941",7.83744016185661,0.632903621853898,"osteogen","N",13,"SERPINA3-KD osteo (GSE247528)",6,12
"ENSG00000214954",9.09957476940987,0.772866789441375,"osteogen","N",13,"SERPINA3-KD osteo (GSE247528)",6,12
"ENSG00000214967",3.58568104205065,0.260282381829343,"osteogen","N",13,"SERPINA3-KD osteo (GSE247528)",6,12
"ENSG00000215012",9.25912702460032,0.792510742786986,"osteogen","N",13,"SERPINA3-KD osteo (GSE247528)",6,12
"ENSG00000215030",6.6817543439698,0.521485573971762,"osteogen","N",13,"SERPINA3-KD osteo (GSE247528)",6,12
"ENSG00000215032",1.85923659001847,0.0902394106813996,"osteogen","N",13,"SERPINA3-KD osteo (GSE247528)",6,12
"ENSG00000215041",5.05781390812446,0.378453038674033,"osteogen","N",13,"SERPINA3-KD osteo (GSE247528)",6,12
"ENSG00000215183",2.42738474533463,0.15438919582566,"osteogen","N",13,"SERPINA3-KD osteo (GSE247528)",6,12
"ENSG00000215217",1.56980783415673,0.0616942909760589,"osteogen","N",13,"SERPINA3-KD osteo (GSE247528)",6,12
"ENSG00000215251",8.64816231641299,0.722529158993247,"osteogen","N",13,"SERPINA3-KD osteo (GSE247528)",6,12
"ENSG00000215375",7.80573800236351,0.629527317372621,"osteogen","N",13,"SERPINA3-KD osteo (GSE247528)",6,12
"ENSG00000215630",2.98248865561651,0.209330877839165,"osteogen","N",13,"SERPINA3-KD osteo (GSE247528)",6,12
"ENSG00000215695",5.38678191653626,0.406998158379374,"osteogen","N",13,"SERPINA3-KD osteo (GSE247528)",6,12
"ENSG00000215717",10.3285233009646,0.894106813996317,"osteogen","N",13,"SERPINA3-KD osteo (GSE247528)",6,12
"ENSG00000215784",4.66322010211753,0.343155310006139,"osteogen","N",13,"SERPINA3-KD osteo (GSE247528)",6,12
"ENSG00000215817",2.30479727450802,0.140883977900552,"osteogen","N",13,"SERPINA3-KD osteo (GSE247528)",6,12
"ENSG00000215819",2.99009612933916,0.210251688152241,"osteogen","N",13,"SERPINA3-KD osteo (GSE247528)",6,12
"ENSG00000215910",1.66653882553302,0.0718232044198895,"osteogen","N",13,"SERPINA3-KD osteo (GSE247528)",6,12
"ENSG00000216490",9.34691555274334,0.804788213627993,"osteogen","N",13,"SERPINA3-KD osteo (GSE247528)",6,12
"ENSG00000217165",4.52916014625856,0.332105586249233,"osteogen","N",13,"SERPINA3-KD osteo (GSE247528)",6,12
"ENSG00000217648",3.72868218688123,0.2731737262124,"osteogen","N",13,"SERPINA3-KD osteo (GSE247528)",6,12
"ENSG00000217930",8.48488151429625,0.704726826273788,"osteogen","N",13,"SERPINA3-KD osteo (GSE247528)",6,12
"ENSG00000218336",8.34562643621865,0.686310620012277,"osteogen","N",13,"SERPINA3-KD osteo (GSE247528)",6,12
"ENSG00000218426",0.619588708203768,0.00306936771025169,"osteogen","N",13,"SERPINA3-KD osteo (GSE247528)",6,12
"ENSG00000218891",3.93377559224182,0.286985880908533,"osteogen","N",13,"SERPINA3-KD osteo (GSE247528)",6,12
"ENSG00000219438",1.81632369477901,0.0862492326580724,"osteogen","N",13,"SERPINA3-KD osteo (GSE247528)",6,12
"ENSG00000219470",2.25790073454468,0.134438305709024,"osteogen","N",13,"SERPINA3-KD osteo (GSE247528)",6,12
"ENSG00000219607",3.31959190671319,0.241252302025783,"osteogen","N",13,"SERPINA3-KD osteo (GSE247528)",6,12
"ENSG00000219626",7.49269922690219,0.594843462246777,"osteogen","N",13,"SERPINA3-KD osteo (GSE247528)",6,12
"ENSG00000219712",2.14087313430894,0.122467771639042,"osteogen","N",13,"SERPINA3-KD osteo (GSE247528)",6,12
"ENSG00000219755",3.50594883196041,0.253222836095764,"osteogen","N",13,"SERPINA3-KD osteo (GSE247528)",6,12
"ENSG00000220201",2.60163926855957,0.176181706568447,"osteogen","N",13,"SERPINA3-KD osteo (GSE247528)",6,12
"ENSG00000220323",2.22957435473487,0.132289748311848,"osteogen","N",13,"SERPINA3-KD osteo (GSE247528)",6,12
"ENSG00000220793",2.26860199962998,0.136893799877225,"osteogen","N",13,"SERPINA3-KD osteo (GSE247528)",6,12
"ENSG00000220842",10.365464604133,0.897176181706568,"osteogen","N",13,"SERPINA3-KD osteo (GSE247528)",6,12
"ENSG00000221818",6.30622781507639,0.482811540822591,"osteogen","N",13,"SERPINA3-KD osteo (GSE247528)",6,12
"ENSG00000221821",6.0511448877474,0.456721915285451,"osteogen","N",13,"SERPINA3-KD osteo (GSE247528)",6,12
"ENSG00000221836",2.00068630171575,0.106507059545734,"osteogen","N",13,"SERPINA3-KD osteo (GSE247528)",6,12
"ENSG00000221843",2.80802485180987,0.193677102516882,"osteogen","N",13,"SERPINA3-KD osteo (GSE247528)",6,12
"ENSG00000221852",6.90214284670486,0.541743400859423,"osteogen","N",13,"SERPINA3-KD osteo (GSE247528)",6,12
"ENSG00000221869",6.83617060317914,0.534990791896869,"osteogen","N",13,"SERPINA3-KD osteo (GSE247528)",6,12
"ENSG00000221882",1.25554936372745,0.0270104358502149,"osteogen","N",13,"SERPINA3-KD osteo (GSE247528)",6,12
"ENSG00000221886",7.01281632255372,0.552486187845304,"osteogen","N",13,"SERPINA3-KD osteo (GSE247528)",6,12
"ENSG00000221890",5.70209255254243,0.430632289748312,"osteogen","N",13,"SERPINA3-KD osteo (GSE247528)",6,12
"ENSG00000221909",6.97530331796342,0.548802946593002,"osteogen","N",13,"SERPINA3-KD osteo (GSE247528)",6,12
"ENSG00000221916",3.36347401416491,0.244014732965009,"osteogen","N",13,"SERPINA3-KD osteo (GSE247528)",6,12
"ENSG00000221923",8.30487877583542,0.681399631675875,"osteogen","N",13,"SERPINA3-KD osteo (GSE247528)",6,12
"ENSG00000221944",7.09796047196016,0.557090239410681,"osteogen","N",13,"SERPINA3-KD osteo (GSE247528)",6,12
"ENSG00000221947",4.57628802374008,0.336402701043585,"osteogen","N",13,"SERPINA3-KD osteo (GSE247528)",6,12
"ENSG00000221963",7.21043114407636,0.567219152854512,"osteogen","N",13,"SERPINA3-KD osteo (GSE247528)",6,12
"ENSG00000221968",9.23377406181748,0.789441375076734,"osteogen","N",13,"SERPINA3-KD osteo (GSE247528)",6,12
"ENSG00000221970",1.98441171061139,0.105893186003683,"osteogen","N",13,"SERPINA3-KD osteo (GSE247528)",6,12
"ENSG00000221983",11.5415460416927,0.957642725598527,"osteogen","N",13,"SERPINA3-KD osteo (GSE247528)",6,12
"ENSG00000222009",6.93991871970337,0.546347452424801,"osteogen","N",13,"SERPINA3-KD osteo (GSE247528)",6,12
"ENSG00000222011",6.73934556797901,0.52670349907919,"osteogen","N",13,"SERPINA3-KD osteo (GSE247528)",6,12
"ENSG00000222014",1.38811541304635,0.0438919582565991,"osteogen","N",13,"SERPINA3-KD osteo (GSE247528)",6,12
"ENSG00000222036",3.43294337943737,0.249846531614487,"osteogen","N",13,"SERPINA3-KD osteo (GSE247528)",6,12
"ENSG00000223459",7.94522928513585,0.643032535297729,"osteogen","N",13,"SERPINA3-KD osteo (GSE247528)",6,12
"ENSG00000223496",8.71336798403583,0.729895641497851,"osteogen","N",13,"SERPINA3-KD osteo (GSE247528)",6,12
"ENSG00000223501",9.83471848945907,0.85512584407612,"osteogen","N",13,"SERPINA3-KD osteo (GSE247528)",6,12
"ENSG00000223551",6.77041953994134,0.530079803560467,"osteogen","N",13,"SERPINA3-KD osteo (GSE247528)",6,12
"ENSG00000223573",1.7204965278313,0.0779619398403929,"osteogen","N",13,"SERPINA3-KD osteo (GSE247528)",6,12
"ENSG00000223658",3.86076185899557,0.280847145488029,"osteogen","N",13,"SERPINA3-KD osteo (GSE247528)",6,12
"ENSG00000223802",0.675567108140138,0.00337630448127686,"osteogen","N",13,"SERPINA3-KD osteo (GSE247528)",6,12
"ENSG00000223886",1.83844802024626,0.0887047268262738,"osteogen","N",13,"SERPINA3-KD osteo (GSE247528)",6,12
"ENSG00000223953",5.03934969964835,0.376304481276857,"osteogen","N",13,"SERPINA3-KD osteo (GSE247528)",6,12
"ENSG00000224051",7.70953480481579,0.618477593615715,"osteogen","N",13,"SERPINA3-KD osteo (GSE247528)",6,12
"ENSG00000224058",5.88669272546265,0.441988950276243,"osteogen","N",13,"SERPINA3-KD osteo (GSE247528)",6,12
"ENSG00000224114",3.52293833480607,0.255064456721915,"osteogen","N",13,"SERPINA3-KD osteo (GSE247528)",6,12
"ENSG00000224163",2.51780225905455,0.167280540208717,"osteogen","N",13,"SERPINA3-KD osteo (GSE247528)",6,12
"ENSG00000224383",4.09749281136124,0.298956414978514,"osteogen","N",13,"SERPINA3-KD osteo (GSE247528)",6,12
"ENSG00000224389",6.10218767913512,0.462246777163904,"osteogen","N",13,"SERPINA3-KD osteo (GSE247528)",6,12
"ENSG00000224470",7.67940704139252,0.614794352363413,"osteogen","N",13,"SERPINA3-KD osteo (GSE247528)",6,12
"ENSG00000224531",6.55157514309913,0.50828729281768,"osteogen","N",13,"SERPINA3-KD osteo (GSE247528)",6,12
"ENSG00000224831",4.81346246022835,0.356046654389196,"osteogen","N",13,"SERPINA3-KD osteo (GSE247528)",6,12
"ENSG00000224877",9.67774128841904,0.842234499693063,"osteogen","N",13,"SERPINA3-KD osteo (GSE247528)",6,12
"ENSG00000224892",1.21285435165715,0.0230202578268877,"osteogen","N",13,"SERPINA3-KD osteo (GSE247528)",6,12
"ENSG00000224976",2.0850247225666,0.117249846531614,"osteogen","N",13,"SERPINA3-KD osteo (GSE247528)",6,12
"ENSG00000224982",6.55190163088715,0.508594229588705,"osteogen","N",13,"SERPINA3-KD osteo (GSE247528)",6,12
"ENSG00000225131",1.77763007014421,0.0837937384898711,"osteogen","N",13,"SERPINA3-KD osteo (GSE247528)",6,12
"ENSG00000225217",1.87332839308419,0.0917740945365255,"osteogen","N",13,"SERPINA3-KD osteo (GSE247528)",6,12
"ENSG00000225224",1.43818898699698,0.049109883364027,"osteogen","N",13,"SERPINA3-KD osteo (GSE247528)",6,12
"ENSG00000225423",1.48808495622065,0.0537139349294045,"osteogen","N",13,"SERPINA3-KD osteo (GSE247528)",6,12
"ENSG00000225526",1.42588494585472,0.0475751995089012,"osteogen","N",13,"SERPINA3-KD osteo (GSE247528)",6,12
"ENSG00000225614",6.12550463106018,0.466236955187231,"osteogen","N",13,"SERPINA3-KD osteo (GSE247528)",6,12
"ENSG00000225630",8.85561374227322,0.744935543278085,"osteogen","N",13,"SERPINA3-KD osteo (GSE247528)",6,12
"ENSG00000225663",11.5428962679377,0.957949662369552,"osteogen","N",13,"SERPINA3-KD osteo (GSE247528)",6,12
"ENSG00000225828",3.2408927390791,0.235113566605279,"osteogen","N",13,"SERPINA3-KD osteo (GSE247528)",6,12
"ENSG00000225921",10.8973026089201,0.92817679558011,"osteogen","N",13,"SERPINA3-KD osteo (GSE247528)",6,12
"ENSG00000225968",3.36980928099408,0.24462860650706,"osteogen","N",13,"SERPINA3-KD osteo (GSE247528)",6,12
"ENSG00000225972",5.67106166972844,0.428483732351136,"osteogen","N",13,"SERPINA3-KD osteo (GSE247528)",6,12
"ENSG00000225973",6.35365792293265,0.485880908532842,"osteogen","N",13,"SERPINA3-KD osteo (GSE247528)",6,12
"ENSG00000226015",2.14620405277031,0.123388581952118,"osteogen","N",13,"SERPINA3-KD osteo (GSE247528)",6,12
"ENSG00000226174",1.91228545700228,0.0969920196439533,"osteogen","N",13,"SERPINA3-KD osteo (GSE247528)",6,12
"ENSG00000226210",7.96112364686408,0.644260282381829,"osteogen","N",13,"SERPINA3-KD osteo (GSE247528)",6,12
"ENSG00000226278",5.79706771886449,0.438305709023941,"osteogen","N",13,"SERPINA3-KD osteo (GSE247528)",6,12
"ENSG00000226314",2.85095709080746,0.195825659914058,"osteogen","N",13,"SERPINA3-KD osteo (GSE247528)",6,12
"ENSG00000226479",7.6528992646758,0.611418047882136,"osteogen","N",13,"SERPINA3-KD osteo (GSE247528)",6,12
"ENSG00000226498",0.901061134124666,0.00705954573357888,"osteogen","N",13,"SERPINA3-KD osteo (GSE247528)",6,12
"ENSG00000226742",7.38809966419571,0.584407612031921,"osteogen","N",13,"SERPINA3-KD osteo (GSE247528)",6,12
"ENSG00000226763",1.61564282523134,0.0669122160834868,"osteogen","N",13,"SERPINA3-KD osteo (GSE247528)",6,12
"ENSG00000226784",2.54249438781162,0.170963781461019,"osteogen","N",13,"SERPINA3-KD osteo (GSE247528)",6,12
"ENSG00000227051",9.26513190292076,0.793431553100061,"osteogen","N",13,"SERPINA3-KD osteo (GSE247528)",6,12
"ENSG00000227158",1.82064731441307,0.0865561694290976,"osteogen","N",13,"SERPINA3-KD osteo (GSE247528)",6,12
"ENSG00000227268",6.0934623768759,0.461019030079804,"osteogen","N",13,"SERPINA3-KD osteo (GSE247528)",6,12
"ENSG00000227345",9.05157420810263,0.767341927562922,"osteogen","N",13,"SERPINA3-KD osteo (GSE247528)",6,12
"ENSG00000227471",4.79479790392902,0.35389809699202,"osteogen","N",13,"SERPINA3-KD osteo (GSE247528)",6,12
"ENSG00000227507",1.5390659138445,0.0586249232658072,"osteogen","N",13,"SERPINA3-KD osteo (GSE247528)",6,12
"ENSG00000227560",1.64100949587678,0.069060773480663,"osteogen","N",13,"SERPINA3-KD osteo (GSE247528)",6,12
"ENSG00000227827",3.2823268908072,0.238796807857581,"osteogen","N",13,"SERPINA3-KD osteo (GSE247528)",6,12
"ENSG00000228049",5.53309865718893,0.417740945365255,"osteogen","N",13,"SERPINA3-KD osteo (GSE247528)",6,12
"ENSG00000228198",5.4798135890908,0.413443830570902,"osteogen","N",13,"SERPINA3-KD osteo (GSE247528)",6,12
"ENSG00000228253",10.0615419570113,0.869551872314303,"osteogen","N",13,"SERPINA3-KD osteo (GSE247528)",6,12
"ENSG00000228278",5.18523503075649,0.388888888888889,"osteogen","N",13,"SERPINA3-KD osteo (GSE247528)",6,12
"ENSG00000228336",1.73212783346181,0.0785758133824432,"osteogen","N",13,"SERPINA3-KD osteo (GSE247528)",6,12
"ENSG00000228349",1.36671600392244,0.0402087170042971,"osteogen","N",13,"SERPINA3-KD osteo (GSE247528)",6,12
"ENSG00000228474",11.8394286163326,0.968385512584408,"osteogen","N",13,"SERPINA3-KD osteo (GSE247528)",6,12
"ENSG00000228570",0.262076323013431,0.000306936771025169,"osteogen","N",13,"SERPINA3-KD osteo (GSE247528)",6,12
"ENSG00000228594",3.63538323293476,0.26427255985267,"osteogen","N",13,"SERPINA3-KD osteo (GSE247528)",6,12
"ENSG00000228672",2.39264174411214,0.149785144260282,"osteogen","N",13,"SERPINA3-KD osteo (GSE247528)",6,12
"ENSG00000228716",7.58978826011974,0.604051565377532,"osteogen","N",13,"SERPINA3-KD osteo (GSE247528)",6,12
"ENSG00000228729",1.3300685175837,0.0368324125230203,"osteogen","N",13,"SERPINA3-KD osteo (GSE247528)",6,12
"ENSG00000229091",1.36705391362413,0.0405156537753223,"osteogen","N",13,"SERPINA3-KD osteo (GSE247528)",6,12
"ENSG00000229117",13.391030081371,0.990178023327195,"osteogen","N",13,"SERPINA3-KD osteo (GSE247528)",6,12
"ENSG00000229132",1.6300143583356,0.0681399631675875,"osteogen","N",13,"SERPINA3-KD osteo (GSE247528)",6,12
"ENSG00000229314",7.56682094645784,0.602209944751381,"osteogen","N",13,"SERPINA3-KD osteo (GSE247528)",6,12
"ENSG00000229320",5.09327749866624,0.381522406384285,"osteogen","N",13,"SERPINA3-KD osteo (GSE247528)",6,12
"ENSG00000229344",3.11430073929158,0.222529158993247,"osteogen","N",13,"SERPINA3-KD osteo (GSE247528)",6,12
"ENSG00000229419",2.40705966453968,0.150399017802333,"osteogen","N",13,"SERPINA3-KD osteo (GSE247528)",6,12
"ENSG00000229474",2.44749445505966,0.158686310620012,"osteogen","N",13,"SERPINA3-KD osteo (GSE247528)",6,12
"ENSG00000229644",5.39005384991324,0.407612031921424,"osteogen","N",13,"SERPINA3-KD osteo (GSE247528)",6,12
"ENSG00000229676",2.45417384159998,0.160220994475138,"osteogen","N",13,"SERPINA3-KD osteo (GSE247528)",6,12
"ENSG00000229689",4.30887809715055,0.314303253529773,"osteogen","N",13,"SERPINA3-KD osteo (GSE247528)",6,12
"ENSG00000229696",1.37963779262546,0.0426642111724985,"osteogen","N",13,"SERPINA3-KD osteo (GSE247528)",6,12
"ENSG00000229809",6.91285517039901,0.542971147943524,"osteogen","N",13,"SERPINA3-KD osteo (GSE247528)",6,12
"ENSG00000229994",1.43268278507099,0.0484960098219767,"osteogen","N",13,"SERPINA3-KD osteo (GSE247528)",6,12
"ENSG00000230042",1.51196776761625,0.0561694290976059,"osteogen","N",13,"SERPINA3-KD osteo (GSE247528)",6,12
"ENSG00000230071",2.39200943538422,0.149478207489257,"osteogen","N",13,"SERPINA3-KD osteo (GSE247528)",6,12
"ENSG00000230124",9.32300231278068,0.802025782688766,"osteogen","N",13,"SERPINA3-KD osteo (GSE247528)",6,12
"ENSG00000230358",0.733445524604378,0.00368324125230203,"osteogen","N",13,"SERPINA3-KD osteo (GSE247528)",6,12
"ENSG00000230581",1.85160253321329,0.0899324739103745,"osteogen","N",13,"SERPINA3-KD osteo (GSE247528)",6,12
"ENSG00000230712",3.05219708436007,0.217004297114794,"osteogen","N",13,"SERPINA3-KD osteo (GSE247528)",6,12
"ENSG00000230795",3.42880145805929,0.248925721301412,"osteogen","N",13,"SERPINA3-KD osteo (GSE247528)",6,12
"ENSG00000230797",5.61028849954811,0.423572744014733,"osteogen","N",13,"SERPINA3-KD osteo (GSE247528)",6,12
"ENSG00000230987",7.21018733258148,0.566912216083487,"osteogen","N",13,"SERPINA3-KD osteo (GSE247528)",6,12
"ENSG00000230989",11.9658992287419,0.972989564149785,"osteogen","N",13,"SERPINA3-KD osteo (GSE247528)",6,12
"ENSG00000231007",3.10508445234454,0.221608348680172,"osteogen","N",13,"SERPINA3-KD osteo (GSE247528)",6,12
"ENSG00000231087",1.40796267451987,0.0463474524248005,"osteogen","N",13,"SERPINA3-KD osteo (GSE247528)",6,12
"ENSG00000231256",2.30182240578569,0.140270104358502,"osteogen","N",13,"SERPINA3-KD osteo (GSE247528)",6,12
"ENSG00000231333",1.8814220836617,0.0930018416206261,"osteogen","N",13,"SERPINA3-KD osteo (GSE247528)",6,12
"ENSG00000231389",7.56091249921192,0.601596071209331,"osteogen","N",13,"SERPINA3-KD osteo (GSE247528)",6,12
"ENSG00000231500",13.5894046735684,0.99171270718232,"osteogen","N",13,"SERPINA3-KD osteo (GSE247528)",6,12
"ENSG00000231701",0.587469620477847,0.00245549416820135,"osteogen","N",13,"SERPINA3-KD osteo (GSE247528)",6,12
"ENSG00000231887",5.59964124997272,0.422344996930632,"osteogen","N",13,"SERPINA3-KD osteo (GSE247528)",6,12
"ENSG00000232040",2.5264974923975,0.168815224063843,"osteogen","N",13,"SERPINA3-KD osteo (GSE247528)",6,12
"ENSG00000232070",2.51392648804319,0.166666666666667,"osteogen","N",13,"SERPINA3-KD osteo (GSE247528)",6,12
"ENSG00000232112",11.5506955033793,0.958256599140577,"osteogen","N",13,"SERPINA3-KD osteo (GSE247528)",6,12
"ENSG00000232119",8.01993855329699,0.651933701657459,"osteogen","N",13,"SERPINA3-KD osteo (GSE247528)",6,12
"ENSG00000232177",4.71770424670918,0.349294045426642,"osteogen","N",13,"SERPINA3-KD osteo (GSE247528)",6,12
"ENSG00000232268",2.19085589264978,0.128606507059546,"osteogen","N",13,"SERPINA3-KD osteo (GSE247528)",6,12
"ENSG00000232388",9.04785333769195,0.766114180478821,"osteogen","N",13,"SERPINA3-KD osteo (GSE247528)",6,12
"ENSG00000232434",5.45477125883838,0.411909146715777,"osteogen","N",13,"SERPINA3-KD osteo (GSE247528)",6,12
"ENSG00000232450",2.28795019655688,0.138735420503376,"osteogen","N",13,"SERPINA3-KD osteo (GSE247528)",6,12
"ENSG00000232517",1.86638267490584,0.0914671577655003,"osteogen","N",13,"SERPINA3-KD osteo (GSE247528)",6,12
"ENSG00000232573",3.54613507275023,0.257213014119091,"osteogen","N",13,"SERPINA3-KD osteo (GSE247528)",6,12
"ENSG00000232587",1.36665694230348,0.0399017802332719,"osteogen","N",13,"SERPINA3-KD osteo (GSE247528)",6,12
"ENSG00000232593",6.50809344521203,0.505524861878453,"osteogen","N",13,"SERPINA3-KD osteo (GSE247528)",6,12
"ENSG00000232626",1.31476505526254,0.0356046654389196,"osteogen","N",13,"SERPINA3-KD osteo (GSE247528)",6,12
"ENSG00000232653",3.66715503165271,0.267648864333947,"osteogen","N",13,"SERPINA3-KD osteo (GSE247528)",6,12
"ENSG00000232672",1.27810431313373,0.0303867403314917,"osteogen","N",13,"SERPINA3-KD osteo (GSE247528)",6,12
"ENSG00000232818",4.68261465658454,0.344689993861265,"osteogen","N",13,"SERPINA3-KD osteo (GSE247528)",6,12
"ENSG00000232838",7.3973412234576,0.586249232658072,"osteogen","N",13,"SERPINA3-KD osteo (GSE247528)",6,12
"ENSG00000232888",1.28468890599548,0.0319214241866176,"osteogen","N",13,"SERPINA3-KD osteo (GSE247528)",6,12
"ENSG00000233024",6.30001717532367,0.48219766728054,"osteogen","N",13,"SERPINA3-KD osteo (GSE247528)",6,12
"ENSG00000233084",1.13884986251391,0.0196439533456108,"osteogen","N",13,"SERPINA3-KD osteo (GSE247528)",6,12
"ENSG00000233276",11.6396232491063,0.960098219766728,"osteogen","N",13,"SERPINA3-KD osteo (GSE247528)",6,12
"ENSG00000233426",3.5478050775859,0.257519950890117,"osteogen","N",13,"SERPINA3-KD osteo (GSE247528)",6,12
"ENSG00000233436",1.79699440515485,0.0844076120319214,"osteogen","N",13,"SERPINA3-KD osteo (GSE247528)",6,12
"ENSG00000233471",1.80245915828099,0.0853284223449969,"osteogen","N",13,"SERPINA3-KD osteo (GSE247528)",6,12
"ENSG00000233560",1.22789355989209,0.023634131368938,"osteogen","N",13,"SERPINA3-KD osteo (GSE247528)",6,12
"ENSG00000233608",7.38535309352812,0.584100675260896,"osteogen","N",13,"SERPINA3-KD osteo (GSE247528)",6,12
"ENSG00000233719",3.87884837328004,0.28207489257213,"osteogen","N",13,"SERPINA3-KD osteo (GSE247528)",6,12
"ENSG00000233750",5.06966925988113,0.379680785758134,"osteogen","N",13,"SERPINA3-KD osteo (GSE247528)",6,12
"ENSG00000233757",2.35220682507961,0.14610190300798,"osteogen","N",13,"SERPINA3-KD osteo (GSE247528)",6,12
"ENSG00000233822",5.31052034809554,0.399938612645795,"osteogen","N",13,"SERPINA3-KD osteo (GSE247528)",6,12
"ENSG00000233913",5.89624230065054,0.442602823818293,"osteogen","N",13,"SERPINA3-KD osteo (GSE247528)",6,12
"ENSG00000233927",10.7755788127243,0.922651933701657,"osteogen","N",13,"SERPINA3-KD osteo (GSE247528)",6,12
"ENSG00000233954",6.42437118301452,0.492326580724371,"osteogen","N",13,"SERPINA3-KD osteo (GSE247528)",6,12
"ENSG00000233994",1.45552022320611,0.050951503990178,"osteogen","N",13,"SERPINA3-KD osteo (GSE247528)",6,12
"ENSG00000234031",1.38681225219165,0.043585021485574,"osteogen","N",13,"SERPINA3-KD osteo (GSE247528)",6,12
"ENSG00000234106",3.93216517422425,0.286372007366482,"osteogen","N",13,"SERPINA3-KD osteo (GSE247528)",6,12
"ENSG00000234127",9.48948625845608,0.821055862492327,"osteogen","N",13,"SERPINA3-KD osteo (GSE247528)",6,12
"ENSG00000234231",1.91674255547522,0.0979128299570289,"osteogen","N",13,"SERPINA3-KD osteo (GSE247528)",6,12
"ENSG00000234284",5.91294909688064,0.445672191528545,"osteogen","N",13,"SERPINA3-KD osteo (GSE247528)",6,12
"ENSG00000234329",1.74419024385183,0.0794966236955187,"osteogen","N",13,"SERPINA3-KD osteo (GSE247528)",6,12
"ENSG00000234409",2.25929426173429,0.135052179251074,"osteogen","N",13,"SERPINA3-KD osteo (GSE247528)",6,12
"ENSG00000234545",8.17651306131307,0.666973603437692,"osteogen","N",13,"SERPINA3-KD osteo (GSE247528)",6,12
"ENSG00000234616",7.84265216845898,0.633210558624923,"osteogen","N",13,"SERPINA3-KD osteo (GSE247528)",6,12
"ENSG00000234719",3.54261526394609,0.256906077348066,"osteogen","N",13,"SERPINA3-KD osteo (GSE247528)",6,12
"ENSG00000234857",6.42064376255748,0.491405770411295,"osteogen","N",13,"SERPINA3-KD osteo (GSE247528)",6,12
"ENSG00000234975",2.54608661975722,0.171270718232044,"osteogen","N",13,"SERPINA3-KD osteo (GSE247528)",6,12
"ENSG00000235098",2.60918895534427,0.177409453652548,"osteogen","N",13,"SERPINA3-KD osteo (GSE247528)",6,12
"ENSG00000235109",4.9310023847692,0.367403314917127,"osteogen","N",13,"SERPINA3-KD osteo (GSE247528)",6,12
"ENSG00000235162",10.9480884217453,0.930939226519337,"osteogen","N",13,"SERPINA3-KD osteo (GSE247528)",6,12
"ENSG00000235173",6.09861483819613,0.461939840392879,"osteogen","N",13,"SERPINA3-KD osteo (GSE247528)",6,12
"ENSG00000235194",4.88686345002524,0.362185389809699,"osteogen","N",13,"SERPINA3-KD osteo (GSE247528)",6,12
"ENSG00000235241",2.64374006954393,0.180478821362799,"osteogen","N",13,"SERPINA3-KD osteo (GSE247528)",6,12
"ENSG00000235272",5.64458253202364,0.426642111724985,"osteogen","N",13,"SERPINA3-KD osteo (GSE247528)",6,12
"ENSG00000235387",2.76547953682162,0.19060773480663,"osteogen","N",13,"SERPINA3-KD osteo (GSE247528)",6,12
"ENSG00000235508",1.45054253927273,0.0503376304481277,"osteogen","N",13,"SERPINA3-KD osteo (GSE247528)",6,12
"ENSG00000235613",1.61492422376328,0.0666052793124616,"osteogen","N",13,"SERPINA3-KD osteo (GSE247528)",6,12
"ENSG00000235649",1.87477776232586,0.0920810313075506,"osteogen","N",13,"SERPINA3-KD osteo (GSE247528)",6,12
"ENSG00000235863",5.62263960082918,0.424800491098834,"osteogen","N",13,"SERPINA3-KD osteo (GSE247528)",6,12
"ENSG00000235961",1.08879037854183,0.0159607120933088,"osteogen","N",13,"SERPINA3-KD osteo (GSE247528)",6,12
"ENSG00000236032",1.11800441641795,0.018109269490485,"osteogen","N",13,"SERPINA3-KD osteo (GSE247528)",6,12
"ENSG00000236047",1.34770165409425,0.0383670963781461,"osteogen","N",13,"SERPINA3-KD osteo (GSE247528)",6,12
"ENSG00000236104",5.56096632885466,0.420196439533456,"osteogen","N",13,"SERPINA3-KD osteo (GSE247528)",6,12
"ENSG00000236138",1.07852793557879,0.0153468385512584,"osteogen","N",13,"SERPINA3-KD osteo (GSE247528)",6,12
"ENSG00000236287",8.94714260605802,0.755985267034991,"osteogen","N",13,"SERPINA3-KD osteo (GSE247528)",6,12
"ENSG00000236320",1.49793636644664,0.05463474524248,"osteogen","N",13,"SERPINA3-KD osteo (GSE247528)",6,12
"ENSG00000236383",5.12347862955746,0.384284837323511,"osteogen","N",13,"SERPINA3-KD osteo (GSE247528)",6,12
"ENSG00000236444",4.16346691977713,0.303560466543892,"osteogen","N",13,"SERPINA3-KD osteo (GSE247528)",6,12
"ENSG00000236523",5.89292728721997,0.442295887047268,"osteogen","N",13,"SERPINA3-KD osteo (GSE247528)",6,12
"ENSG00000236670",1.31123592700364,0.0349907918968692,"osteogen","N",13,"SERPINA3-KD osteo (GSE247528)",6,12
"ENSG00000236675",5.36383298738165,0.406077348066298,"osteogen","N",13,"SERPINA3-KD osteo (GSE247528)",6,12
"ENSG00000236699",2.6309393921859,0.179558011049724,"osteogen","N",13,"SERPINA3-KD osteo (GSE247528)",6,12
"ENSG00000236782",7.34572838175628,0.579496623695519,"osteogen","N",13,"SERPINA3-KD osteo (GSE247528)",6,12
"ENSG00000237172",6.47322922690267,0.50061387354205,"osteogen","N",13,"SERPINA3-KD osteo (GSE247528)",6,12
"ENSG00000237190",8.62491197574575,0.718845917740945,"osteogen","N",13,"SERPINA3-KD osteo (GSE247528)",6,12
"ENSG00000237406",2.43651899664997,0.156230816451811,"osteogen","N",13,"SERPINA3-KD osteo (GSE247528)",6,12
"ENSG00000237440",5.86815260663847,0.440761203192142,"osteogen","N",13,"SERPINA3-KD osteo (GSE247528)",6,12
"ENSG00000237489",5.26482987649271,0.396869244935543,"osteogen","N",13,"SERPINA3-KD osteo (GSE247528)",6,12
"ENSG00000237624",4.16665080604598,0.303867403314917,"osteogen","N",13,"SERPINA3-KD osteo (GSE247528)",6,12
"ENSG00000237649",7.97338315284388,0.64610190300798,"osteogen","N",13,"SERPINA3-KD osteo (GSE247528)",6,12
"ENSG00000237651",8.04685358998451,0.655310006138735,"osteogen","N",13,"SERPINA3-KD osteo (GSE247528)",6,12
"ENSG00000237765",8.85618430964947,0.74524248004911,"osteogen","N",13,"SERPINA3-KD osteo (GSE247528)",6,12
"ENSG00000237872",1.26117964238295,0.0279312461632904,"osteogen","N",13,"SERPINA3-KD osteo (GSE247528)",6,12
"ENSG00000237973",8.14143432864105,0.66390423572744,"osteogen","N",13,"SERPINA3-KD osteo (GSE247528)",6,12
"ENSG00000238083",3.58033216359319,0.259975445058318,"osteogen","N",13,"SERPINA3-KD osteo (GSE247528)",6,12
"ENSG00000238086",2.45746035364871,0.161448741559239,"osteogen","N",13,"SERPINA3-KD osteo (GSE247528)",6,12
"ENSG00000238227",7.74933489426754,0.622774708410068,"osteogen","N",13,"SERPINA3-KD osteo (GSE247528)",6,12
"ENSG00000238228",2.42354670430598,0.15377532228361,"osteogen","N",13,"SERPINA3-KD osteo (GSE247528)",6,12
"ENSG00000238271",2.27419003233755,0.137507673419276,"osteogen","N",13,"SERPINA3-KD osteo (GSE247528)",6,12
"ENSG00000239264",8.92478553094877,0.753222836095764,"osteogen","N",13,"SERPINA3-KD osteo (GSE247528)",6,12
"ENSG00000239282",7.6782870164776,0.614487415592388,"osteogen","N",13,"SERPINA3-KD osteo (GSE247528)",6,12
"ENSG00000239305",7.49820831657554,0.595457335788828,"osteogen","N",13,"SERPINA3-KD osteo (GSE247528)",6,12
"ENSG00000239306",10.4433304989016,0.904542664211172,"osteogen","N",13,"SERPINA3-KD osteo (GSE247528)",6,12
"ENSG00000239474",2.17815769495858,0.12645794966237,"osteogen","N",13,"SERPINA3-KD osteo (GSE247528)",6,12
"ENSG00000239617",3.08618744407294,0.219459791282996,"osteogen","N",13,"SERPINA3-KD osteo (GSE247528)",6,12
"ENSG00000239672",11.0746034828705,0.938612645794966,"osteogen","N",13,"SERPINA3-KD osteo (GSE247528)",6,12
"ENSG00000239713",6.19642200167992,0.471761817065684,"osteogen","N",13,"SERPINA3-KD osteo (GSE247528)",6,12
"ENSG00000239732",0.963511072199492,0.00920810313075507,"osteogen","N",13,"SERPINA3-KD osteo (GSE247528)",6,12
"ENSG00000239779",9.47741737776062,0.819214241866176,"osteogen","N",13,"SERPINA3-KD osteo (GSE247528)",6,12
"ENSG00000239789",8.52583238626142,0.707796193984039,"osteogen","N",13,"SERPINA3-KD osteo (GSE247528)",6,12
"ENSG00000239830",0.99070878754146,0.0104358502148557,"osteogen","N",13,"SERPINA3-KD osteo (GSE247528)",6,12
"ENSG00000239857",9.47260830627858,0.81890730509515,"osteogen","N",13,"SERPINA3-KD osteo (GSE247528)",6,12
"ENSG00000239887",1.43546879438553,0.0488029465930018,"osteogen","N",13,"SERPINA3-KD osteo (GSE247528)",6,12
"ENSG00000239998",1.58646339945238,0.0641497851442603,"osteogen","N",13,"SERPINA3-KD osteo (GSE247528)",6,12
"ENSG00000240038",3.73335214977847,0.274094536525476,"osteogen","N",13,"SERPINA3-KD osteo (GSE247528)",6,12
"ENSG00000240053",4.22019487943769,0.307243707796194,"osteogen","N",13,"SERPINA3-KD osteo (GSE247528)",6,12
"ENSG00000240065",8.9092776478016,0.751995089011664,"osteogen","N",13,"SERPINA3-KD osteo (GSE247528)",6,12
"ENSG00000240184",11.8558094043052,0.968999386126458,"osteogen","N",13,"SERPINA3-KD osteo (GSE247528)",6,12
"ENSG00000240204",2.22292577749234,0.131675874769797,"osteogen","N",13,"SERPINA3-KD osteo (GSE247528)",6,12
"ENSG00000240230",8.44903447059388,0.70073664825046,"osteogen","N",13,"SERPINA3-KD osteo (GSE247528)",6,12
"ENSG00000240303",7.5725899580791,0.602823818293432,"osteogen","N",13,"SERPINA3-KD osteo (GSE247528)",6,12
"ENSG00000240342",8.44173477377147,0.69950890116636,"osteogen","N",13,"SERPINA3-KD osteo (GSE247528)",6,12
"ENSG00000240445",4.43034733475579,0.323818293431553,"osteogen","N",13,"SERPINA3-KD osteo (GSE247528)",6,12
"ENSG00000240590",9.2845231500554,0.796500920810313,"osteogen","N",13,"SERPINA3-KD osteo (GSE247528)",6,12
"ENSG00000240694",8.83771523613478,0.744014732965009,"osteogen","N",13,"SERPINA3-KD osteo (GSE247528)",6,12
"ENSG00000240729",2.44728002125607,0.158379373848987,"osteogen","N",13,"SERPINA3-KD osteo (GSE247528)",6,12
"ENSG00000240747",2.68387968955156,0.183548189073051,"osteogen","N",13,"SERPINA3-KD osteo (GSE247528)",6,12
"ENSG00000240764",5.64031292487768,0.426028238182934,"osteogen","N",13,"SERPINA3-KD osteo (GSE247528)",6,12
"ENSG00000240771",4.33088409027916,0.316451810926949,"osteogen","N",13,"SERPINA3-KD osteo (GSE247528)",6,12
"ENSG00000240775",1.57896215910691,0.0626151012891344,"osteogen","N",13,"SERPINA3-KD osteo (GSE247528)",6,12
"ENSG00000240809",7.32145062313608,0.576427255985267,"osteogen","N",13,"SERPINA3-KD osteo (GSE247528)",6,12
"ENSG00000240854",2.5858131378032,0.174647022713321,"osteogen","N",13,"SERPINA3-KD osteo (GSE247528)",6,12
"ENSG00000240857",8.0906536523614,0.659300184162063,"osteogen","N",13,"SERPINA3-KD osteo (GSE247528)",6,12
"ENSG00000240891",3.53012170335494,0.255678330263966,"osteogen","N",13,"SERPINA3-KD osteo (GSE247528)",6,12
"ENSG00000240898",2.16119700750483,0.124923265807244,"osteogen","N",13,"SERPINA3-KD osteo (GSE247528)",6,12
"ENSG00000240972",13.1940363935051,0.987722529158993,"osteogen","N",13,"SERPINA3-KD osteo (GSE247528)",6,12
"ENSG00000241058",6.75391375733451,0.528852056476366,"osteogen","N",13,"SERPINA3-KD osteo (GSE247528)",6,12
"ENSG00000241127",7.97130041613753,0.64548802946593,"osteogen","N",13,"SERPINA3-KD osteo (GSE247528)",6,12
"ENSG00000241258",9.11975481252434,0.776243093922652,"osteogen","N",13,"SERPINA3-KD osteo (GSE247528)",6,12
"ENSG00000241360",3.71242373975644,0.271639042357274,"osteogen","N",13,"SERPINA3-KD osteo (GSE247528)",6,12
"ENSG00000241370",8.37020299734096,0.690300798035605,"osteogen","N",13,"SERPINA3-KD osteo (GSE247528)",6,12
"ENSG00000241399",8.42478152871998,0.697053406998158,"osteogen","N",13,"SERPINA3-KD osteo (GSE247528)",6,12
"ENSG00000241404",3.08581410178282,0.219152854511971,"osteogen","N",13,"SERPINA3-KD osteo (GSE247528)",6,12
"ENSG00000241468",11.2355995594179,0.947820748925721,"osteogen","N",13,"SERPINA3-KD osteo (GSE247528)",6,12
"ENSG00000241563",2.41113117388863,0.151626764886433,"osteogen","N",13,"SERPINA3-KD osteo (GSE247528)",6,12
"ENSG00000241635",1.64268574065823,0.0699815837937385,"osteogen","N",13,"SERPINA3-KD osteo (GSE247528)",6,12
"ENSG00000241644",3.56557625756433,0.258747697974217,"osteogen","N",13,"SERPINA3-KD osteo (GSE247528)",6,12
"ENSG00000241697",3.51816048991256,0.254450583179865,"osteogen","N",13,"SERPINA3-KD osteo (GSE247528)",6,12
"ENSG00000241837",11.2230379626409,0.947513812154696,"osteogen","N",13,"SERPINA3-KD osteo (GSE247528)",6,12
"ENSG00000241935",4.32845491711532,0.315837937384899,"osteogen","N",13,"SERPINA3-KD osteo (GSE247528)",6,12
"ENSG00000241941",1.02820085777892,0.0138121546961326,"osteogen","N",13,"SERPINA3-KD osteo (GSE247528)",6,12
"ENSG00000241945",4.90903790029213,0.364333947206875,"osteogen","N",13,"SERPINA3-KD osteo (GSE247528)",6,12
"ENSG00000242028",8.79323461387996,0.740331491712707,"osteogen","N",13,"SERPINA3-KD osteo (GSE247528)",6,12
"ENSG00000242071",1.66354188417026,0.070902394106814,"osteogen","N",13,"SERPINA3-KD osteo (GSE247528)",6,12
"ENSG00000242110",8.2708089959176,0.677409453652548,"osteogen","N",13,"SERPINA3-KD osteo (GSE247528)",6,12
"ENSG00000242114",6.2088320162517,0.472989564149785,"osteogen","N",13,"SERPINA3-KD osteo (GSE247528)",6,12
"ENSG00000242220",2.76102168167429,0.190300798035605,"osteogen","N",13,"SERPINA3-KD osteo (GSE247528)",6,12
"ENSG00000242221",4.54183964174812,0.333640270104358,"osteogen","N",13,"SERPINA3-KD osteo (GSE247528)",6,12
"ENSG00000242252",8.29982274869757,0.68109269490485,"osteogen","N",13,"SERPINA3-KD osteo (GSE247528)",6,12
"ENSG00000242259",8.64494954808768,0.721608348680172,"osteogen","N",13,"SERPINA3-KD osteo (GSE247528)",6,12
"ENSG00000242261",4.5804334019668,0.337016574585635,"osteogen","N",13,"SERPINA3-KD osteo (GSE247528)",6,12
"ENSG00000242265",7.22175848236366,0.568446899938613,"osteogen","N",13,"SERPINA3-KD osteo (GSE247528)",6,12
"ENSG00000242299",2.26169917114007,0.135359116022099,"osteogen","N",13,"SERPINA3-KD osteo (GSE247528)",6,12
"ENSG00000242372",11.7196968670908,0.961939840392879,"osteogen","N",13,"SERPINA3-KD osteo (GSE247528)",6,12
"ENSG00000242419",1.3422363476334,0.0374462860650706,"osteogen","N",13,"SERPINA3-KD osteo (GSE247528)",6,12
"ENSG00000242441",1.30414649553209,0.0346838551258441,"osteogen","N",13,"SERPINA3-KD osteo (GSE247528)",6,12
"ENSG00000242485",5.87664909797546,0.441682013505218,"osteogen","N",13,"SERPINA3-KD osteo (GSE247528)",6,12
"ENSG00000242498",4.74775691365314,0.351442602823818,"osteogen","N",13,"SERPINA3-KD osteo (GSE247528)",6,12
"ENSG00000242574",3.74995556075896,0.274708410067526,"osteogen","N",13,"SERPINA3-KD osteo (GSE247528)",6,12
"ENSG00000242612",6.17602167799011,0.469306322897483,"osteogen","N",13,"SERPINA3-KD osteo (GSE247528)",6,12
"ENSG00000242615",4.48014197230604,0.32780847145488,"osteogen","N",13,"SERPINA3-KD osteo (GSE247528)",6,12
"ENSG00000242616",10.7626650381806,0.921117249846532,"osteogen","N",13,"SERPINA3-KD osteo (GSE247528)",6,12
"ENSG00000242715",6.04214074110347,0.456108041743401,"osteogen","N",13,"SERPINA3-KD osteo (GSE247528)",6,12
"ENSG00000242732",4.70664381002466,0.346838551258441,"osteogen","N",13,"SERPINA3-KD osteo (GSE247528)",6,12
"ENSG00000242802",10.2216595471575,0.883364027010436,"osteogen","N",13,"SERPINA3-KD osteo (GSE247528)",6,12
"ENSG00000242829",0.830054425272547,0.00521792510742787,"osteogen","N",13,"SERPINA3-KD osteo (GSE247528)",6,12
"ENSG00000242852",5.03214601607619,0.375690607734807,"osteogen","N",13,"SERPINA3-KD osteo (GSE247528)",6,12
"ENSG00000242950",4.6063131036401,0.339472068753837,"osteogen","N",13,"SERPINA3-KD osteo (GSE247528)",6,12
"ENSG00000243056",5.13297132270222,0.384898710865562,"osteogen","N",13,"SERPINA3-KD osteo (GSE247528)",6,12
"ENSG00000243137",4.27031833235311,0.311540822590546,"osteogen","N",13,"SERPINA3-KD osteo (GSE247528)",6,12
"ENSG00000243147",9.14566660551217,0.778698588090853,"osteogen","N",13,"SERPINA3-KD osteo (GSE247528)",6,12
"ENSG00000243156",7.35050041174336,0.579803560466544,"osteogen","N",13,"SERPINA3-KD osteo (GSE247528)",6,12
"ENSG00000243199",2.54621839093092,0.171577655003069,"osteogen","N",13,"SERPINA3-KD osteo (GSE247528)",6,12
"ENSG00000243207",4.92857725861266,0.366482504604052,"osteogen","N",13,"SERPINA3-KD osteo (GSE247528)",6,12
"ENSG00000243244",7.80136337654201,0.629220380601596,"osteogen","N",13,"SERPINA3-KD osteo (GSE247528)",6,12
"ENSG00000243279",11.4527437891622,0.95549416820135,"osteogen","N",13,"SERPINA3-KD osteo (GSE247528)",6,12
"ENSG00000243284",2.89242754845947,0.20012277470841,"osteogen","N",13,"SERPINA3-KD osteo (GSE247528)",6,12
"ENSG00000243317",11.1405506136091,0.942602823818293,"osteogen","N",13,"SERPINA3-KD osteo (GSE247528)",6,12
"ENSG00000243364",6.44251670298779,0.494782074892572,"osteogen","N",13,"SERPINA3-KD osteo (GSE247528)",6,12
"ENSG00000243414",8.28115482221009,0.678330263965623,"osteogen","N",13,"SERPINA3-KD osteo (GSE247528)",6,12
"ENSG00000243449",5.1278921494736,0.384591774094537,"osteogen","N",13,"SERPINA3-KD osteo (GSE247528)",6,12
"ENSG00000243477",7.29600682693038,0.574585635359116,"osteogen","N",13,"SERPINA3-KD osteo (GSE247528)",6,12
"ENSG00000243509",5.95665493998663,0.449355432780847,"osteogen","N",13,"SERPINA3-KD osteo (GSE247528)",6,12
"ENSG00000243547",3.25439704276109,0.237569060773481,"osteogen","N",13,"SERPINA3-KD osteo (GSE247528)",6,12
"ENSG00000243554",3.72240780058788,0.272866789441375,"osteogen","N",13,"SERPINA3-KD osteo (GSE247528)",6,12
"ENSG00000243667",4.48075621777776,0.328115408225905,"osteogen","N",13,"SERPINA3-KD osteo (GSE247528)",6,12
"ENSG00000243710",1.70259797552785,0.0751995089011664,"osteogen","N",13,"SERPINA3-KD osteo (GSE247528)",6,12
"ENSG00000243725",9.52414922106763,0.823511356660528,"osteogen","N",13,"SERPINA3-KD osteo (GSE247528)",6,12
"ENSG00000243749",9.79198374103759,0.851442602823818,"osteogen","N",13,"SERPINA3-KD osteo (GSE247528)",6,12
"ENSG00000243896",2.04787688461724,0.111724984653161,"osteogen","N",13,"SERPINA3-KD osteo (GSE247528)",6,12
"ENSG00000243927",9.82216572240702,0.854205033763045,"osteogen","N",13,"SERPINA3-KD osteo (GSE247528)",6,12
"ENSG00000243978",2.99742865737166,0.210865561694291,"osteogen","N",13,"SERPINA3-KD osteo (GSE247528)",6,12
"ENSG00000243986",2.04657594075783,0.111418047882136,"osteogen","N",13,"SERPINA3-KD osteo (GSE247528)",6,12
"ENSG00000243989",9.36493208242977,0.806015960712093,"osteogen","N",13,"SERPINA3-KD osteo (GSE247528)",6,12
"ENSG00000244115",7.94896627900203,0.643339472068754,"osteogen","N",13,"SERPINA3-KD osteo (GSE247528)",6,12
"ENSG00000244165",6.02454826891038,0.4536525475752,"osteogen","N",13,"SERPINA3-KD osteo (GSE247528)",6,12
"ENSG00000244187",9.04756647356749,0.765807243707796,"osteogen","N",13,"SERPINA3-KD osteo (GSE247528)",6,12
"ENSG00000244219",2.26351259265987,0.135666052793125,"osteogen","N",13,"SERPINA3-KD osteo (GSE247528)",6,12
"ENSG00000244242",7.18175749352034,0.564456721915285,"osteogen","N",13,"SERPINA3-KD osteo (GSE247528)",6,12
"ENSG00000244257",1.50124826551006,0.0549416820135052,"osteogen","N",13,"SERPINA3-KD osteo (GSE247528)",6,12
"ENSG00000244270",4.51286840941286,0.330570902394107,"osteogen","N",13,"SERPINA3-KD osteo (GSE247528)",6,12
"ENSG00000244274",7.67357084556568,0.613259668508287,"osteogen","N",13,"SERPINA3-KD osteo (GSE247528)",6,12
"ENSG00000244398",6.71218777995058,0.524861878453039,"osteogen","N",13,"SERPINA3-KD osteo (GSE247528)",6,12
"ENSG00000244405",8.38818187482165,0.691835481890731,"osteogen","N",13,"SERPINA3-KD osteo (GSE247528)",6,12
"ENSG00000244462",10.0355206250461,0.868017188459177,"osteogen","N",13,"SERPINA3-KD osteo (GSE247528)",6,12
"ENSG00000244486",5.17186401143175,0.388581952117864,"osteogen","N",13,"SERPINA3-KD osteo (GSE247528)",6,12
"ENSG00000244509",10.1340451197317,0.876611418047882,"osteogen","N",13,"SERPINA3-KD osteo (GSE247528)",6,12
"ENSG00000244515",2.14836028283801,0.123695518723143,"osteogen","N",13,"SERPINA3-KD osteo (GSE247528)",6,12
"ENSG00000244563",4.17145258057528,0.304481276856967,"osteogen","N",13,"SERPINA3-KD osteo (GSE247528)",6,12
"ENSG00000244607",4.61560027546691,0.340699815837937,"osteogen","N",13,"SERPINA3-KD osteo (GSE247528)",6,12
"ENSG00000244617",2.87281016096333,0.197974217311234,"osteogen","N",13,"SERPINA3-KD osteo (GSE247528)",6,12
"ENSG00000244694",7.41025801723321,0.587783916513198,"osteogen","N",13,"SERPINA3-KD osteo (GSE247528)",6,12
"ENSG00000244754",9.87294452528472,0.858502148557397,"osteogen","N",13,"SERPINA3-KD osteo (GSE247528)",6,12
"ENSG00000246705",9.6648557730762,0.840085942295887,"osteogen","N",13,"SERPINA3-KD osteo (GSE247528)",6,12
"ENSG00000247077",6.08150940892625,0.459177409453653,"osteogen","N",13,"SERPINA3-KD osteo (GSE247528)",6,12
"ENSG00000247315",5.60912988332418,0.423265807243708,"osteogen","N",13,"SERPINA3-KD osteo (GSE247528)",6,12
"ENSG00000247595",4.49606982836535,0.328729281767956,"osteogen","N",13,"SERPINA3-KD osteo (GSE247528)",6,12
"ENSG00000247626",7.01818785981296,0.553100061387354,"osteogen","N",13,"SERPINA3-KD osteo (GSE247528)",6,12
"ENSG00000247627",7.88517593007184,0.636279926335175,"osteogen","N",13,"SERPINA3-KD osteo (GSE247528)",6,12
"ENSG00000247746",2.53938521442601,0.170349907918969,"osteogen","N",13,"SERPINA3-KD osteo (GSE247528)",6,12
"ENSG00000248144",0.831826068545019,0.00552486187845304,"osteogen","N",13,"SERPINA3-KD osteo (GSE247528)",6,12
"ENSG00000248167",2.65023645292197,0.180785758133824,"osteogen","N",13,"SERPINA3-KD osteo (GSE247528)",6,12
"ENSG00000248333",8.51539096654907,0.706261510128913,"osteogen","N",13,"SERPINA3-KD osteo (GSE247528)",6,12
"ENSG00000248483",4.11098333810684,0.29926335174954,"osteogen","N",13,"SERPINA3-KD osteo (GSE247528)",6,12
"ENSG00000248527",11.725463847563,0.962246777163904,"osteogen","N",13,"SERPINA3-KD osteo (GSE247528)",6,12
"ENSG00000248592",2.9476210401804,0.205647636586863,"osteogen","N",13,"SERPINA3-KD osteo (GSE247528)",6,12
"ENSG00000248643",6.1709375360369,0.468999386126458,"osteogen","N",13,"SERPINA3-KD osteo (GSE247528)",6,12
"ENSG00000248672",3.56902926320917,0.259054634745242,"osteogen","N",13,"SERPINA3-KD osteo (GSE247528)",6,12
"ENSG00000248710",6.07310609333379,0.458256599140577,"osteogen","N",13,"SERPINA3-KD osteo (GSE247528)",6,12
"ENSG00000248712",3.13253252976144,0.225598526703499,"osteogen","N",13,"SERPINA3-KD osteo (GSE247528)",6,12
"ENSG00000248771",1.52261098364676,0.0570902394106814,"osteogen","N",13,"SERPINA3-KD osteo (GSE247528)",6,12
"ENSG00000248919",7.14610127350651,0.562001227747084,"osteogen","N",13,"SERPINA3-KD osteo (GSE247528)",6,12
"ENSG00000248923",2.52942820802992,0.169736034376918,"osteogen","N",13,"SERPINA3-KD osteo (GSE247528)",6,12
"ENSG00000249115",7.54377558189478,0.600061387354205,"osteogen","N",13,"SERPINA3-KD osteo (GSE247528)",6,12
"ENSG00000249200",2.26880204357445,0.13720073664825,"osteogen","N",13,"SERPINA3-KD osteo (GSE247528)",6,12
"ENSG00000249242",6.74838912930406,0.527624309392265,"osteogen","N",13,"SERPINA3-KD osteo (GSE247528)",6,12
"ENSG00000249437",5.789813376035,0.437384898710866,"osteogen","N",13,"SERPINA3-KD osteo (GSE247528)",6,12
"ENSG00000249439",2.03566081546949,0.110497237569061,"osteogen","N",13,"SERPINA3-KD osteo (GSE247528)",6,12
"ENSG00000249471",6.02457857080173,0.453959484346225,"osteogen","N",13,"SERPINA3-KD osteo (GSE247528)",6,12
"ENSG00000249693",1.92177911008146,0.0988336402701044,"osteogen","N",13,"SERPINA3-KD osteo (GSE247528)",6,12
"ENSG00000249709",2.2379607428195,0.133210558624923,"osteogen","N",13,"SERPINA3-KD osteo (GSE247528)",6,12
"ENSG00000249751",1.55299891524902,0.0595457335788828,"osteogen","N",13,"SERPINA3-KD osteo (GSE247528)",6,12
"ENSG00000249850",1.37590632583523,0.0420503376304481,"osteogen","N",13,"SERPINA3-KD osteo (GSE247528)",6,12
"ENSG00000249855",1.58594515814704,0.0638428483732351,"osteogen","N",13,"SERPINA3-KD osteo (GSE247528)",6,12
"ENSG00000249884",3.25324844160654,0.237262124002455,"osteogen","N",13,"SERPINA3-KD osteo (GSE247528)",6,12
"ENSG00000249915",10.7988954847099,0.924493554327808,"osteogen","N",13,"SERPINA3-KD osteo (GSE247528)",6,12
"ENSG00000249992",7.76284618062747,0.624616329036219,"osteogen","N",13,"SERPINA3-KD osteo (GSE247528)",6,12
"ENSG00000250021",9.48432018455088,0.820441988950276,"osteogen","N",13,"SERPINA3-KD osteo (GSE247528)",6,12
"ENSG00000250111",4.7804007014176,0.352977286678944,"osteogen","N",13,"SERPINA3-KD osteo (GSE247528)",6,12
"ENSG00000250120",2.91478837678338,0.202271332105586,"osteogen","N",13,"SERPINA3-KD osteo (GSE247528)",6,12
"ENSG00000250138",2.17204601327732,0.125230202578269,"osteogen","N",13,"SERPINA3-KD osteo (GSE247528)",6,12
"ENSG00000250151",3.78160244401426,0.276550030693677,"osteogen","N",13,"SERPINA3-KD osteo (GSE247528)",6,12
"ENSG00000250227",1.90482414740648,0.0951503990178023,"osteogen","N",13,"SERPINA3-KD osteo (GSE247528)",6,12
"ENSG00000250305",4.09323186391114,0.298649478207489,"osteogen","N",13,"SERPINA3-KD osteo (GSE247528)",6,12
"ENSG00000250312",6.15478361703647,0.467464702271332,"osteogen","N",13,"SERPINA3-KD osteo (GSE247528)",6,12
"ENSG00000250317",8.39162014211089,0.692142418661756,"osteogen","N",13,"SERPINA3-KD osteo (GSE247528)",6,12
"ENSG00000250318",2.26437787066679,0.13597298956415,"osteogen","N",13,"SERPINA3-KD osteo (GSE247528)",6,12
"ENSG00000250479",4.69514794270723,0.345917740945365,"osteogen","N",13,"SERPINA3-KD osteo (GSE247528)",6,12
"ENSG00000250483",1.61713177589848,0.067219152854512,"osteogen","N",13,"SERPINA3-KD osteo (GSE247528)",6,12
"ENSG00000250506",1.39759486492217,0.0451197053406998,"osteogen","N",13,"SERPINA3-KD osteo (GSE247528)",6,12
"ENSG00000250510",4.22748161417665,0.308164518109269,"osteogen","N",13,"SERPINA3-KD osteo (GSE247528)",6,12
"ENSG00000250539",3.03229720098972,0.214548802946593,"osteogen","N",13,"SERPINA3-KD osteo (GSE247528)",6,12
"ENSG00000250565",4.75637109804889,0.351749539594843,"osteogen","N",13,"SERPINA3-KD osteo (GSE247528)",6,12
"ENSG00000250569",1.90007425037431,0.0948434622467772,"osteogen","N",13,"SERPINA3-KD osteo (GSE247528)",6,12
"ENSG00000250571",3.92101385263874,0.286065070595457,"osteogen","N",13,"SERPINA3-KD osteo (GSE247528)",6,12
"ENSG00000250709",2.08880339485839,0.117863720073665,"osteogen","N",13,"SERPINA3-KD osteo (GSE247528)",6,12
"ENSG00000250722",9.58533341494427,0.829957028852056,"osteogen","N",13,"SERPINA3-KD osteo (GSE247528)",6,12
"ENSG00000250827",1.93238495614198,0.100061387354205,"osteogen","N",13,"SERPINA3-KD osteo (GSE247528)",6,12
"ENSG00000250878",1.49505929311496,0.0543278084714549,"osteogen","N",13,"SERPINA3-KD osteo (GSE247528)",6,12
"ENSG00000251013",2.42248003301142,0.153468385512584,"osteogen","N",13,"SERPINA3-KD osteo (GSE247528)",6,12
"ENSG00000251046",1.53094306057166,0.0577041129527317,"osteogen","N",13,"SERPINA3-KD osteo (GSE247528)",6,12
"ENSG00000251192",5.52103668894827,0.416820135052179,"osteogen","N",13,"SERPINA3-KD osteo (GSE247528)",6,12
"ENSG00000251201",8.99580837376643,0.761203192142419,"osteogen","N",13,"SERPINA3-KD osteo (GSE247528)",6,12
"ENSG00000251211",1.70449922522758,0.0758133824432167,"osteogen","N",13,"SERPINA3-KD osteo (GSE247528)",6,12
"ENSG00000251287",2.97348875415929,0.20841006752609,"osteogen","N",13,"SERPINA3-KD osteo (GSE247528)",6,12
"ENSG00000251349",4.88921561768994,0.362492326580724,"osteogen","N",13,"SERPINA3-KD osteo (GSE247528)",6,12
"ENSG00000251493",5.55176774658018,0.419889502762431,"osteogen","N",13,"SERPINA3-KD osteo (GSE247528)",6,12
"ENSG00000251503",4.45784117955479,0.325966850828729,"osteogen","N",13,"SERPINA3-KD osteo (GSE247528)",6,12
"ENSG00000253119",1.44345990103687,0.0497237569060773,"osteogen","N",13,"SERPINA3-KD osteo (GSE247528)",6,12
"ENSG00000253159",10.337808878319,0.895027624309392,"osteogen","N",13,"SERPINA3-KD osteo (GSE247528)",6,12
"ENSG00000253250",7.58860993315555,0.603744628606507,"osteogen","N",13,"SERPINA3-KD osteo (GSE247528)",6,12
"ENSG00000253251",5.46391091221837,0.412523020257827,"osteogen","N",13,"SERPINA3-KD osteo (GSE247528)",6,12
"ENSG00000253276",7.72414368828568,0.620933087783917,"osteogen","N",13,"SERPINA3-KD osteo (GSE247528)",6,12
"ENSG00000253293",8.22344414952915,0.673112338858195,"osteogen","N",13,"SERPINA3-KD osteo (GSE247528)",6,12
"ENSG00000253304",5.06629019518493,0.379066912216083,"osteogen","N",13,"SERPINA3-KD osteo (GSE247528)",6,12
"ENSG00000253305",5.34521465948653,0.403928790669122,"osteogen","N",13,"SERPINA3-KD osteo (GSE247528)",6,12
"ENSG00000253309",1.9808238372593,0.104358502148557,"osteogen","N",13,"SERPINA3-KD osteo (GSE247528)",6,12
"ENSG00000253368",5.12245499449627,0.383977900552486,"osteogen","N",13,"SERPINA3-KD osteo (GSE247528)",6,12
"ENSG00000253457",2.59070680577226,0.174953959484346,"osteogen","N",13,"SERPINA3-KD osteo (GSE247528)",6,12
"ENSG00000253485",4.80610042225535,0.35512584407612,"osteogen","N",13,"SERPINA3-KD osteo (GSE247528)",6,12
"ENSG00000253488",10.3491980329905,0.896562308164518,"osteogen","N",13,"SERPINA3-KD osteo (GSE247528)",6,12
"ENSG00000253537",6.2759390450578,0.480356046654389,"osteogen","N",13,"SERPINA3-KD osteo (GSE247528)",6,12
"ENSG00000253558",2.04006336667516,0.111111111111111,"osteogen","N",13,"SERPINA3-KD osteo (GSE247528)",6,12
"ENSG00000253626",7.92545973238918,0.640270104358502,"osteogen","N",13,"SERPINA3-KD osteo (GSE247528)",6,12
"ENSG00000253696",3.48854013941632,0.252302025782689,"osteogen","N",13,"SERPINA3-KD osteo (GSE247528)",6,12
"ENSG00000253710",10.2201035705155,0.883057090239411,"osteogen","N",13,"SERPINA3-KD osteo (GSE247528)",6,12
"ENSG00000253719",10.8369647403676,0.925721301411909,"osteogen","N",13,"SERPINA3-KD osteo (GSE247528)",6,12
"ENSG00000253729",11.4064016574537,0.953345610804174,"osteogen","N",13,"SERPINA3-KD osteo (GSE247528)",6,12
"ENSG00000253731",6.4009674233335,0.489257213014119,"osteogen","N",13,"SERPINA3-KD osteo (GSE247528)",6,12
"ENSG00000253767",4.32016055153978,0.314917127071823,"osteogen","N",13,"SERPINA3-KD osteo (GSE247528)",6,12
"ENSG00000253846",7.32849108137478,0.577961939840393,"osteogen","N",13,"SERPINA3-KD osteo (GSE247528)",6,12
"ENSG00000253873",8.2678840352852,0.676795580110497,"osteogen","N",13,"SERPINA3-KD osteo (GSE247528)",6,12
"ENSG00000253910",6.4658657293226,0.498465316144874,"osteogen","N",13,"SERPINA3-KD osteo (GSE247528)",6,12
"ENSG00000253953",8.98752157316296,0.760282381829343,"osteogen","N",13,"SERPINA3-KD osteo (GSE247528)",6,12
"ENSG00000253958",5.95063694940703,0.448127685696746,"osteogen","N",13,"SERPINA3-KD osteo (GSE247528)",6,12
"ENSG00000254004",7.80688867352723,0.629834254143646,"osteogen","N",13,"SERPINA3-KD osteo (GSE247528)",6,12
"ENSG00000254017",4.97335852485493,0.370165745856354,"osteogen","N",13,"SERPINA3-KD osteo (GSE247528)",6,12
"ENSG00000254087",5.96125802982052,0.450276243093923,"osteogen","N",13,"SERPINA3-KD osteo (GSE247528)",6,12
"ENSG00000254093",7.4882719295099,0.594229588704727,"osteogen","N",13,"SERPINA3-KD osteo (GSE247528)",6,12
"ENSG00000254122",7.59328805778789,0.604358502148557,"osteogen","N",13,"SERPINA3-KD osteo (GSE247528)",6,12
"ENSG00000254206",6.11363318843483,0.46439533456108,"osteogen","N",13,"SERPINA3-KD osteo (GSE247528)",6,12
"ENSG00000254221",5.68076569599299,0.429711479435236,"osteogen","N",13,"SERPINA3-KD osteo (GSE247528)",6,12
"ENSG00000254245",5.63096301262917,0.425414364640884,"osteogen","N",13,"SERPINA3-KD osteo (GSE247528)",6,12
"ENSG00000254285",2.42813540806574,0.15500306936771,"osteogen","N",13,"SERPINA3-KD osteo (GSE247528)",6,12
"ENSG00000254413",5.31946830852408,0.40024554941682,"osteogen","N",13,"SERPINA3-KD osteo (GSE247528)",6,12
"ENSG00000254470",6.48137190105804,0.503069367710252,"osteogen","N",13,"SERPINA3-KD osteo (GSE247528)",6,12
"ENSG00000254503",3.93408457202478,0.287292817679558,"osteogen","N",13,"SERPINA3-KD osteo (GSE247528)",6,12
"ENSG00000254505",8.01058296447634,0.651012891344383,"osteogen","N",13,"SERPINA3-KD osteo (GSE247528)",6,12
"ENSG00000254535",3.20524066981219,0.232658072437078,"osteogen","N",13,"SERPINA3-KD osteo (GSE247528)",6,12
"ENSG00000254585",4.27041823013793,0.311847759361571,"osteogen","N",13,"SERPINA3-KD osteo (GSE247528)",6,12
"ENSG00000254598",0.840355608529608,0.00583179864947821,"osteogen","N",13,"SERPINA3-KD osteo (GSE247528)",6,12
"ENSG00000254634",2.02729090245129,0.109576427255985,"osteogen","N",13,"SERPINA3-KD osteo (GSE247528)",6,12
"ENSG00000254681",3.48773858867027,0.251688152240638,"osteogen","N",13,"SERPINA3-KD osteo (GSE247528)",6,12
"ENSG00000254685",8.69971453021623,0.728360957642726,"osteogen","N",13,"SERPINA3-KD osteo (GSE247528)",6,12
"ENSG00000254717",1.85077773764605,0.0896255371393493,"osteogen","N",13,"SERPINA3-KD osteo (GSE247528)",6,12
"ENSG00000254726",4.93985004594177,0.367710251688152,"osteogen","N",13,"SERPINA3-KD osteo (GSE247528)",6,12
"ENSG00000254759",1.42797975139019,0.0478821362799263,"osteogen","N",13,"SERPINA3-KD osteo (GSE247528)",6,12
"ENSG00000254788",4.26195730254794,0.310926949048496,"osteogen","N",13,"SERPINA3-KD osteo (GSE247528)",6,12
"ENSG00000254806",4.71445464587015,0.348987108655617,"osteogen","N",13,"SERPINA3-KD osteo (GSE247528)",6,12
"ENSG00000254870",6.97090738631005,0.548496009821977,"osteogen","N",13,"SERPINA3-KD osteo (GSE247528)",6,12
"ENSG00000254901",8.47497927187761,0.702885205647637,"osteogen","N",13,"SERPINA3-KD osteo (GSE247528)",6,12
"ENSG00000254986",10.8637111013906,0.926335174953959,"osteogen","N",13,"SERPINA3-KD osteo (GSE247528)",6,12
"ENSG00000254995",1.42024417830214,0.047268262737876,"osteogen","N",13,"SERPINA3-KD osteo (GSE247528)",6,12
"ENSG00000254996",6.24398500249526,0.477593615715163,"osteogen","N",13,"SERPINA3-KD osteo (GSE247528)",6,12
"ENSG00000254999",11.7880334031864,0.965930018416206,"osteogen","N",13,"SERPINA3-KD osteo (GSE247528)",6,12
"ENSG00000255071",6.8484066395291,0.53621853898097,"osteogen","N",13,"SERPINA3-KD osteo (GSE247528)",6,12
"ENSG00000255072",10.2227281001011,0.883824432166974,"osteogen","N",13,"SERPINA3-KD osteo (GSE247528)",6,12
"ENSG00000255112",9.99032500088269,0.865868631062001,"osteogen","N",13,"SERPINA3-KD osteo (GSE247528)",6,12
"ENSG00000255150",5.21607361859141,0.392879066912216,"osteogen","N",13,"SERPINA3-KD osteo (GSE247528)",6,12
"ENSG00000255152",2.70274532443506,0.186003683241252,"osteogen","N",13,"SERPINA3-KD osteo (GSE247528)",6,12
"ENSG00000255154",8.24343573156653,0.674953959484346,"osteogen","N",13,"SERPINA3-KD osteo (GSE247528)",6,12
"ENSG00000255302",12.272652990611,0.978207489257213,"osteogen","N",13,"SERPINA3-KD osteo (GSE247528)",6,12
"ENSG00000255408",3.36775227404827,0.244321669736034,"osteogen","N",13,"SERPINA3-KD osteo (GSE247528)",6,12
"ENSG00000255423",4.1308535369705,0.300798035604665,"osteogen","N",13,"SERPINA3-KD osteo (GSE247528)",6,12
"ENSG00000255526",3.28737200163963,0.239717618170657,"osteogen","N",13,"SERPINA3-KD osteo (GSE247528)",6,12
"ENSG00000255529",9.71667702515849,0.845303867403315,"osteogen","N",13,"SERPINA3-KD osteo (GSE247528)",6,12
"ENSG00000255561",6.47728045786626,0.502148557397176,"osteogen","N",13,"SERPINA3-KD osteo (GSE247528)",6,12
"ENSG00000255757",1.87699055335035,0.0923879680785758,"osteogen","N",13,"SERPINA3-KD osteo (GSE247528)",6,12
"ENSG00000255836",3.59925843576428,0.261817065684469,"osteogen","N",13,"SERPINA3-KD osteo (GSE247528)",6,12
"ENSG00000256043",10.3218020036901,0.892879066912216,"osteogen","N",13,"SERPINA3-KD osteo (GSE247528)",6,12
"ENSG00000256053",9.70415276417131,0.844076120319214,"osteogen","N",13,"SERPINA3-KD osteo (GSE247528)",6,12
"ENSG00000256060",7.76164532776899,0.624309392265193,"osteogen","N",13,"SERPINA3-KD osteo (GSE247528)",6,12
"ENSG00000256061",5.90182489193997,0.443523634131369,"osteogen","N",13,"SERPINA3-KD osteo (GSE247528)",6,12
"ENSG00000256087",4.55250320658462,0.334254143646409,"osteogen","N",13,"SERPINA3-KD osteo (GSE247528)",6,12
"ENSG00000256188",1.49063194542319,0.0540208717004297,"osteogen","N",13,"SERPINA3-KD osteo (GSE247528)",6,12
"ENSG00000256223",4.85586710970547,0.359422958870473,"osteogen","N",13,"SERPINA3-KD osteo (GSE247528)",6,12
"ENSG00000256229",6.12855994271988,0.466543891958257,"osteogen","N",13,"SERPINA3-KD osteo (GSE247528)",6,12
"ENSG00000256235",11.666305643784,0.961019030079804,"osteogen","N",13,"SERPINA3-KD osteo (GSE247528)",6,12
"ENSG00000256294",5.40748174942255,0.40914671577655,"osteogen","N",13,"SERPINA3-KD osteo (GSE247528)",6,12
"ENSG00000256525",6.73180690916167,0.526089625537139,"osteogen","N",13,"SERPINA3-KD osteo (GSE247528)",6,12
"ENSG00000256537",10.4407302748067,0.904235727440147,"osteogen","N",13,"SERPINA3-KD osteo (GSE247528)",6,12
"ENSG00000256671",4.95779067671639,0.368937998772253,"osteogen","N",13,"SERPINA3-KD osteo (GSE247528)",6,12
"ENSG00000256683",7.38256107148546,0.583179864947821,"osteogen","N",13,"SERPINA3-KD osteo (GSE247528)",6,12
"ENSG00000256771",6.4254622443788,0.492940454266421,"osteogen","N",13,"SERPINA3-KD osteo (GSE247528)",6,12
"ENSG00000256806",5.60407178527988,0.422651933701657,"osteogen","N",13,"SERPINA3-KD osteo (GSE247528)",6,12
"ENSG00000256981",0.879874813765727,0.00675260896255371,"osteogen","N",13,"SERPINA3-KD osteo (GSE247528)",6,12
"ENSG00000257093",5.18845882497168,0.389502762430939,"osteogen","N",13,"SERPINA3-KD osteo (GSE247528)",6,12
"ENSG00000257103",10.8507858239667,0.926028238182934,"osteogen","N",13,"SERPINA3-KD osteo (GSE247528)",6,12
"ENSG00000257108",2.06903359809741,0.114794352363413,"osteogen","N",13,"SERPINA3-KD osteo (GSE247528)",6,12
"ENSG00000257218",9.62710724332197,0.835174953959484,"osteogen","N",13,"SERPINA3-KD osteo (GSE247528)",6,12
"ENSG00000257315",9.00040222574675,0.761510128913444,"osteogen","N",13,"SERPINA3-KD osteo (GSE247528)",6,12
"ENSG00000257335",4.23050574950608,0.308471454880295,"osteogen","N",13,"SERPINA3-KD osteo (GSE247528)",6,12
"ENSG00000257365",9.4924401235654,0.821669736034377,"osteogen","N",13,"SERPINA3-KD osteo (GSE247528)",6,12
"ENSG00000257511",2.69336598206294,0.184162062615101,"osteogen","N",13,"SERPINA3-KD osteo (GSE247528)",6,12
"ENSG00000257529",7.93546323325705,0.641497851442603,"osteogen","N",13,"SERPINA3-KD osteo (GSE247528)",6,12
"ENSG00000257591",4.18841368510123,0.305095150399018,"osteogen","N",13,"SERPINA3-KD osteo (GSE247528)",6,12
"ENSG00000257594",7.80043980646722,0.628606507059546,"osteogen","N",13,"SERPINA3-KD osteo (GSE247528)",6,12
"ENSG00000257704",5.9107575193464,0.44536525475752,"osteogen","N",13,"SERPINA3-KD osteo (GSE247528)",6,12
"ENSG00000257727",11.0841404463514,0.940454266421117,"osteogen","N",13,"SERPINA3-KD osteo (GSE247528)",6,12
"ENSG00000257790",2.21687203858292,0.131062001227747,"osteogen","N",13,"SERPINA3-KD osteo (GSE247528)",6,12
"ENSG00000257949",8.51455850668914,0.705954573357888,"osteogen","N",13,"SERPINA3-KD osteo (GSE247528)",6,12
"ENSG00000257950",7.29218885399967,0.573357888275015,"osteogen","N",13,"SERPINA3-KD osteo (GSE247528)",6,12
"ENSG00000258102",7.09363176137137,0.556783302639656,"osteogen","N",13,"SERPINA3-KD osteo (GSE247528)",6,12
"ENSG00000258315",8.59854793015585,0.717004297114794,"osteogen","N",13,"SERPINA3-KD osteo (GSE247528)",6,12
"ENSG00000258388",6.41307169183126,0.490791896869245,"osteogen","N",13,"SERPINA3-KD osteo (GSE247528)",6,12
"ENSG00000258429",7.08006358146675,0.556476365868631,"osteogen","N",13,"SERPINA3-KD osteo (GSE247528)",6,12
"ENSG00000258484",4.90362672645037,0.363720073664825,"osteogen","N",13,"SERPINA3-KD osteo (GSE247528)",6,12
"ENSG00000258555",0.329541334090658,0.000613873542050338,"osteogen","N",13,"SERPINA3-KD osteo (GSE247528)",6,12
"ENSG00000258588",2.33633178369442,0.143953345610804,"osteogen","N",13,"SERPINA3-KD osteo (GSE247528)",6,12
"ENSG00000258643",7.69826667198359,0.616635972989564,"osteogen","N",13,"SERPINA3-KD osteo (GSE247528)",6,12
"ENSG00000258644",8.55912946042489,0.712707182320442,"osteogen","N",13,"SERPINA3-KD osteo (GSE247528)",6,12
"ENSG00000258659",6.91006144952548,0.542357274401473,"osteogen","N",13,"SERPINA3-KD osteo (GSE247528)",6,12
"ENSG00000258684",3.12104394731281,0.223756906077348,"osteogen","N",13,"SERPINA3-KD osteo (GSE247528)",6,12
"ENSG00000258818",8.59569024686538,0.716390423572744,"osteogen","N",13,"SERPINA3-KD osteo (GSE247528)",6,12
"ENSG00000258839",6.3619349102393,0.486494782074893,"osteogen","N",13,"SERPINA3-KD osteo (GSE247528)",6,12
"ENSG00000258890",7.26033767305133,0.571516267648864,"osteogen","N",13,"SERPINA3-KD osteo (GSE247528)",6,12
"ENSG00000258947",7.05960883373532,0.555862492326581,"osteogen","N",13,"SERPINA3-KD osteo (GSE247528)",6,12
"ENSG00000258984",2.27785105807254,0.137814610190301,"osteogen","N",13,"SERPINA3-KD osteo (GSE247528)",6,12
"ENSG00000259024",7.60919367823484,0.606200122774708,"osteogen","N",13,"SERPINA3-KD osteo (GSE247528)",6,12
"ENSG00000259030",3.48799904293094,0.251995089011664,"osteogen","N",13,"SERPINA3-KD osteo (GSE247528)",6,12
"ENSG00000259040",8.58958047226938,0.715776550030694,"osteogen","N",13,"SERPINA3-KD osteo (GSE247528)",6,12
"ENSG00000259075",6.21958585454503,0.474217311233886,"osteogen","N",13,"SERPINA3-KD osteo (GSE247528)",6,12
"ENSG00000259112",9.44542716819677,0.814917127071823,"osteogen","N",13,"SERPINA3-KD osteo (GSE247528)",6,12
"ENSG00000259169",2.90057515296788,0.20073664825046,"osteogen","N",13,"SERPINA3-KD osteo (GSE247528)",6,12
"ENSG00000259224",1.08069709190281,0.0156537753222836,"osteogen","N",13,"SERPINA3-KD osteo (GSE247528)",6,12
"ENSG00000259295",0.815117725598036,0.0049109883364027,"osteogen","N",13,"SERPINA3-KD osteo (GSE247528)",6,12
"ENSG00000259305",4.72140399843019,0.349907918968692,"osteogen","N",13,"SERPINA3-KD osteo (GSE247528)",6,12
"ENSG00000259330",5.39614803469777,0.408225905463475,"osteogen","N",13,"SERPINA3-KD osteo (GSE247528)",6,12
"ENSG00000259332",6.8449524033846,0.53560466543892,"osteogen","N",13,"SERPINA3-KD osteo (GSE247528)",6,12
"ENSG00000259335",2.05942503032582,0.113566605279312,"osteogen","N",13,"SERPINA3-KD osteo (GSE247528)",6,12
"ENSG00000259399",1.3170823753711,0.0359116022099447,"osteogen","N",13,"SERPINA3-KD osteo (GSE247528)",6,12
"ENSG00000259431",8.46766102151218,0.702271332105586,"osteogen","N",13,"SERPINA3-KD osteo (GSE247528)",6,12
"ENSG00000259494",8.83037420202236,0.743400859422959,"osteogen","N",13,"SERPINA3-KD osteo (GSE247528)",6,12
"ENSG00000259571",5.48560801991078,0.414057704112953,"osteogen","N",13,"SERPINA3-KD osteo (GSE247528)",6,12
"ENSG00000259904",2.52266715626174,0.167894413750767,"osteogen","N",13,"SERPINA3-KD osteo (GSE247528)",6,12
"ENSG00000259956",7.76498309840159,0.625230202578269,"osteogen","N",13,"SERPINA3-KD osteo (GSE247528)",6,12
"ENSG00000260001",5.70552832578674,0.431553100061387,"osteogen","N",13,"SERPINA3-KD osteo (GSE247528)",6,12
"ENSG00000260027",8.87869148460551,0.748925721301412,"osteogen","N",13,"SERPINA3-KD osteo (GSE247528)",6,12
"ENSG00000260097",3.23151136112145,0.234499693063229,"osteogen","N",13,"SERPINA3-KD osteo (GSE247528)",6,12
"ENSG00000260139",1.11321568812375,0.0171884591774095,"osteogen","N",13,"SERPINA3-KD osteo (GSE247528)",6,12
"ENSG00000260230",3.73051799827389,0.273480662983425,"osteogen","N",13,"SERPINA3-KD osteo (GSE247528)",6,12
"ENSG00000260238",7.63490952873305,0.608041743400859,"osteogen","N",13,"SERPINA3-KD osteo (GSE247528)",6,12
"ENSG00000260428",1.2852796242693,0.0322283609576427,"osteogen","N",13,"SERPINA3-KD osteo (GSE247528)",6,12
"ENSG00000260456",6.55038145887568,0.507980356046654,"osteogen","N",13,"SERPINA3-KD osteo (GSE247528)",6,12
"ENSG00000260689",0.855966600304697,0.00644567219152855,"osteogen","N",13,"SERPINA3-KD osteo (GSE247528)",6,12
"ENSG00000260916",11.4114436281001,0.953652547575199,"osteogen","N",13,"SERPINA3-KD osteo (GSE247528)",6,12
"ENSG00000261052",4.34694733829747,0.317372621240025,"osteogen","N",13,"SERPINA3-KD osteo (GSE247528)",6,12
"ENSG00000261210",1.2820683084192,0.0313075506445672,"osteogen","N",13,"SERPINA3-KD osteo (GSE247528)",6,12
"ENSG00000261221",4.18320273401807,0.304788213627993,"osteogen","N",13,"SERPINA3-KD osteo (GSE247528)",6,12
"ENSG00000261236",8.27061506677833,0.677102516881522,"osteogen","N",13,"SERPINA3-KD osteo (GSE247528)",6,12
"ENSG00000261371",4.43658173944918,0.324432166973603,"osteogen","N",13,"SERPINA3-KD osteo (GSE247528)",6,12
"ENSG00000261408",6.76842951541502,0.529772866789441,"osteogen","N",13,"SERPINA3-KD osteo (GSE247528)",6,12
"ENSG00000261456",0.908843127927838,0.00736648250460405,"osteogen","N",13,"SERPINA3-KD osteo (GSE247528)",6,12
"ENSG00000261609",7.90426588112403,0.6365868631062,"osteogen","N",13,"SERPINA3-KD osteo (GSE247528)",6,12
"ENSG00000261652",6.19479584882581,0.471147943523634,"osteogen","N",13,"SERPINA3-KD osteo (GSE247528)",6,12
"ENSG00000261716",2.41019836685774,0.151012891344383,"osteogen","N",13,"SERPINA3-KD osteo (GSE247528)",6,12
"ENSG00000261740",9.40995304653944,0.811540822590546,"osteogen","N",13,"SERPINA3-KD osteo (GSE247528)",6,12
"ENSG00000261796",7.83556797808043,0.632596685082873,"osteogen","N",13,"SERPINA3-KD osteo (GSE247528)",6,12
"ENSG00000261934",5.141634122831,0.385819521178637,"osteogen","N",13,"SERPINA3-KD osteo (GSE247528)",6,12
"ENSG00000262152",2.61256515451116,0.177716390423573,"osteogen","N",13,"SERPINA3-KD osteo (GSE247528)",6,12
"ENSG00000262165",1.96149576716522,0.101289134438306,"osteogen","N",13,"SERPINA3-KD osteo (GSE247528)",6,12
"ENSG00000262209",6.46328368289654,0.497851442602824,"osteogen","N",13,"SERPINA3-KD osteo (GSE247528)",6,12
"ENSG00000262246",7.85285948341697,0.634131368937999,"osteogen","N",13,"SERPINA3-KD osteo (GSE247528)",6,12
"ENSG00000262406",3.64146536783493,0.264579496623696,"osteogen","N",13,"SERPINA3-KD osteo (GSE247528)",6,12
"ENSG00000262461",2.41153116034731,0.152087170042971,"osteogen","N",13,"SERPINA3-KD osteo (GSE247528)",6,12
"ENSG00000262576",6.95286977910155,0.547268262737876,"osteogen","N",13,"SERPINA3-KD osteo (GSE247528)",6,12
"ENSG00000262655",6.39406316450684,0.488950276243094,"osteogen","N",13,"SERPINA3-KD osteo (GSE247528)",6,12
"ENSG00000262664",9.6533231492705,0.838858195211786,"osteogen","N",13,"SERPINA3-KD osteo (GSE247528)",6,12
"ENSG00000262814",10.0211733252563,0.867403314917127,"osteogen","N",13,"SERPINA3-KD osteo (GSE247528)",6,12
"ENSG00000262902",3.83696654097843,0.279005524861878,"osteogen","N",13,"SERPINA3-KD osteo (GSE247528)",6,12
"ENSG00000262919",4.84947764205386,0.358502148557397,"osteogen","N",13,"SERPINA3-KD osteo (GSE247528)",6,12
"ENSG00000263001",11.1853346003995,0.94536525475752,"osteogen","N",13,"SERPINA3-KD osteo (GSE247528)",6,12
"ENSG00000263002",8.06734199607932,0.656537753222836,"osteogen","N",13,"SERPINA3-KD osteo (GSE247528)",6,12
"ENSG00000263465",9.04613949227208,0.764886433394721,"osteogen","N",13,"SERPINA3-KD osteo (GSE247528)",6,12
"ENSG00000263513",3.89284564454733,0.28268876611418,"osteogen","N",13,"SERPINA3-KD osteo (GSE247528)",6,12
"ENSG00000263528",9.1257487962723,0.776856967464702,"osteogen","N",13,"SERPINA3-KD osteo (GSE247528)",6,12
"ENSG00000263647",1.01875471948795,0.0131982811540823,"osteogen","N",13,"SERPINA3-KD osteo (GSE247528)",6,12
"ENSG00000263874",2.44561975654137,0.157765500306937,"osteogen","N",13,"SERPINA3-KD osteo (GSE247528)",6,12
"ENSG00000263956",7.72898467111749,0.621240024554942,"osteogen","N",13,"SERPINA3-KD osteo (GSE247528)",6,12
"ENSG00000264230",1.72466747795544,0.078268876611418,"osteogen","N",13,"SERPINA3-KD osteo (GSE247528)",6,12
"ENSG00000264343",9.98676492231622,0.865254757519951,"osteogen","N",13,"SERPINA3-KD osteo (GSE247528)",6,12
"ENSG00000264364",6.98510735113954,0.550337630448128,"osteogen","N",13,"SERPINA3-KD osteo (GSE247528)",6,12
"ENSG00000264522",8.41132935251411,0.695211786372007,"osteogen","N",13,"SERPINA3-KD osteo (GSE247528)",6,12
"ENSG00000265107",2.37903361203378,0.148864333947207,"osteogen","N",13,"SERPINA3-KD osteo (GSE247528)",6,12
"ENSG00000265190",4.00763998993299,0.29036218538981,"osteogen","N",13,"SERPINA3-KD osteo (GSE247528)",6,12
"ENSG00000265241",11.4751473760371,0.955801104972376,"osteogen","N",13,"SERPINA3-KD osteo (GSE247528)",6,12
"ENSG00000265354",10.5801050174274,0.913750767341928,"osteogen","N",13,"SERPINA3-KD osteo (GSE247528)",6,12
"ENSG00000265491",9.65714359919392,0.839165131982812,"osteogen","N",13,"SERPINA3-KD osteo (GSE247528)",6,12
"ENSG00000265681",12.34799441513,0.979435236341314,"osteogen","N",13,"SERPINA3-KD osteo (GSE247528)",6,12
"ENSG00000265713",2.57620243769385,0.173726212400246,"osteogen","N",13,"SERPINA3-KD osteo (GSE247528)",6,12
"ENSG00000265808",12.7949557533503,0.984960098219767,"osteogen","N",13,"SERPINA3-KD osteo (GSE247528)",6,12
"ENSG00000265817",5.0969124342428,0.382136279926335,"osteogen","N",13,"SERPINA3-KD osteo (GSE247528)",6,12
"ENSG00000265972",9.58686299031124,0.830263965623082,"osteogen","N",13,"SERPINA3-KD osteo (GSE247528)",6,12
"ENSG00000266028",10.0235395269963,0.867710251688152,"osteogen","N",13,"SERPINA3-KD osteo (GSE247528)",6,12
"ENSG00000266066",3.1830336075465,0.230509515039902,"osteogen","N",13,"SERPINA3-KD osteo (GSE247528)",6,12
"ENSG00000266094",3.434334004852,0.250153468385513,"osteogen","N",13,"SERPINA3-KD osteo (GSE247528)",6,12
"ENSG00000266173",9.14736797534959,0.779005524861878,"osteogen","N",13,"SERPINA3-KD osteo (GSE247528)",6,12
"ENSG00000266338",9.3941192315308,0.809699201964395,"osteogen","N",13,"SERPINA3-KD osteo (GSE247528)",6,12
"ENSG00000266412",11.9426155857473,0.971761817065684,"osteogen","N",13,"SERPINA3-KD osteo (GSE247528)",6,12
"ENSG00000266472",10.4831787459921,0.906691221608349,"osteogen","N",13,"SERPINA3-KD osteo (GSE247528)",6,12
"ENSG00000266964",2.18404765551485,0.12768569674647,"osteogen","N",13,"SERPINA3-KD osteo (GSE247528)",6,12
"ENSG00000266967",9.48164239999102,0.819828115408226,"osteogen","N",13,"SERPINA3-KD osteo (GSE247528)",6,12
"ENSG00000267041",4.99438419564034,0.372007366482505,"osteogen","N",13,"SERPINA3-KD osteo (GSE247528)",6,12
"ENSG00000267060",2.9247244014349,0.202885205647637,"osteogen","N",13,"SERPINA3-KD osteo (GSE247528)",6,12
"ENSG00000267221",1.07683167400299,0.0150399017802333,"osteogen","N",13,"SERPINA3-KD osteo (GSE247528)",6,12
"ENSG00000267281",3.09665968596231,0.220687538367096,"osteogen","N",13,"SERPINA3-KD osteo (GSE247528)",6,12
"ENSG00000267368",7.72196926896671,0.620626151012891,"osteogen","N",13,"SERPINA3-KD osteo (GSE247528)",6,12
"ENSG00000267508",5.90914967924162,0.44475138121547,"osteogen","N",13,"SERPINA3-KD osteo (GSE247528)",6,12
"ENSG00000267534",9.67473545255996,0.841313689379988,"osteogen","N",13,"SERPINA3-KD osteo (GSE247528)",6,12
"ENSG00000267669",2.60688629389481,0.177102516881522,"osteogen","N",13,"SERPINA3-KD osteo (GSE247528)",6,12
"ENSG00000267673",8.61884584145315,0.718232044198895,"osteogen","N",13,"SERPINA3-KD osteo (GSE247528)",6,12
"ENSG00000267680",5.54750690777293,0.418968692449355,"osteogen","N",13,"SERPINA3-KD osteo (GSE247528)",6,12
"ENSG00000267710",1.91227459557432,0.0966850828729282,"osteogen","N",13,"SERPINA3-KD osteo (GSE247528)",6,12
"ENSG00000267796",5.6174033896719,0.424186617556783,"osteogen","N",13,"SERPINA3-KD osteo (GSE247528)",6,12
"ENSG00000267855",8.69475722935463,0.72744014732965,"osteogen","N",13,"SERPINA3-KD osteo (GSE247528)",6,12
"ENSG00000268043",6.19832584585458,0.472375690607735,"osteogen","N",13,"SERPINA3-KD osteo (GSE247528)",6,12
"ENSG00000268182",3.13113928954244,0.224984653161449,"osteogen","N",13,"SERPINA3-KD osteo (GSE247528)",6,12
"ENSG00000268350",8.97959090215396,0.759054634745242,"osteogen","N",13,"SERPINA3-KD osteo (GSE247528)",6,12
"ENSG00000269113",2.04966074742853,0.112338858195212,"osteogen","N",13,"SERPINA3-KD osteo (GSE247528)",6,12
"ENSG00000269190",9.17169218721048,0.78268876611418,"osteogen","N",13,"SERPINA3-KD osteo (GSE247528)",6,12
"ENSG00000269226",4.99457479241832,0.37231430325353,"osteogen","N",13,"SERPINA3-KD osteo (GSE247528)",6,12
"ENSG00000269313",5.33447469287632,0.401473296500921,"osteogen","N",13,"SERPINA3-KD osteo (GSE247528)",6,12
"ENSG00000269335",10.0547723231835,0.868937998772253,"osteogen","N",13,"SERPINA3-KD osteo (GSE247528)",6,12
"ENSG00000269343",7.96136537022131,0.644567219152855,"osteogen","N",13,"SERPINA3-KD osteo (GSE247528)",6,12
"ENSG00000269374",4.03706335070183,0.292817679558011,"osteogen","N",13,"SERPINA3-KD osteo (GSE247528)",6,12
"ENSG00000269404",1.98212043180244,0.104972375690608,"osteogen","N",13,"SERPINA3-KD osteo (GSE247528)",6,12
"ENSG00000269556",9.15440400309761,0.780233271945979,"osteogen","N",13,"SERPINA3-KD osteo (GSE247528)",6,12
"ENSG00000269713",10.3418426888298,0.895334561080417,"osteogen","N",13,"SERPINA3-KD osteo (GSE247528)",6,12
"ENSG00000269743",5.39178348350421,0.407918968692449,"osteogen","N",13,"SERPINA3-KD osteo (GSE247528)",6,12
"ENSG00000269825",6.63430587205786,0.517188459177409,"osteogen","N",13,"SERPINA3-KD osteo (GSE247528)",6,12
"ENSG00000269858",11.221386628428,0.947206875383671,"osteogen","N",13,"SERPINA3-KD osteo (GSE247528)",6,12
"ENSG00000269891",4.42964361159164,0.323511356660528,"osteogen","N",13,"SERPINA3-KD osteo (GSE247528)",6,12
"ENSG00000269897",3.15248532278046,0.227747084100675,"osteogen","N",13,"SERPINA3-KD osteo (GSE247528)",6,12
"ENSG00000269955",8.34846168392993,0.686924493554328,"osteogen","N",13,"SERPINA3-KD osteo (GSE247528)",6,12
"ENSG00000270011",4.52023635234585,0.330877839165132,"osteogen","N",13,"SERPINA3-KD osteo (GSE247528)",6,12
"ENSG00000270106",1.25303031446173,0.0267034990791897,"osteogen","N",13,"SERPINA3-KD osteo (GSE247528)",6,12
"ENSG00000270170",9.04310784845798,0.764579496623696,"osteogen","N",13,"SERPINA3-KD osteo (GSE247528)",6,12
"ENSG00000270181",6.3778443362884,0.487722529158993,"osteogen","N",13,"SERPINA3-KD osteo (GSE247528)",6,12
"ENSG00000270231",7.71844288607717,0.620012277470841,"osteogen","N",13,"SERPINA3-KD osteo (GSE247528)",6,12
"ENSG00000270276",7.03222944665411,0.553406998158379,"osteogen","N",13,"SERPINA3-KD osteo (GSE247528)",6,12
"ENSG00000270388",6.42469690510352,0.492633517495396,"osteogen","N",13,"SERPINA3-KD osteo (GSE247528)",6,12
"ENSG00000270617",0.489373343325749,0.00153468385512584,"osteogen","N",13,"SERPINA3-KD osteo (GSE247528)",6,12
"ENSG00000270629",10.484147423741,0.906998158379374,"osteogen","N",13,"SERPINA3-KD osteo (GSE247528)",6,12
"ENSG00000270647",8.91332720566566,0.752608962553714,"osteogen","N",13,"SERPINA3-KD osteo (GSE247528)",6,12
"ENSG00000270757",6.79147879578132,0.531921424186618,"osteogen","N",13,"SERPINA3-KD osteo (GSE247528)",6,12
"ENSG00000270800",9.8881162335673,0.860036832412523,"osteogen","N",13,"SERPINA3-KD osteo (GSE247528)",6,12
"ENSG00000270863",1.62391472064217,0.0678330263965623,"osteogen","N",13,"SERPINA3-KD osteo (GSE247528)",6,12
"ENSG00000270882",4.87033895936059,0.361264579496624,"osteogen","N",13,"SERPINA3-KD osteo (GSE247528)",6,12
"ENSG00000270885",4.33596285465903,0.316758747697974,"osteogen","N",13,"SERPINA3-KD osteo (GSE247528)",6,12
"ENSG00000270903",2.03029053328597,0.10988336402701,"osteogen","N",13,"SERPINA3-KD osteo (GSE247528)",6,12
"ENSG00000271092",3.61903106501641,0.262430939226519,"osteogen","N",13,"SERPINA3-KD osteo (GSE247528)",6,12
"ENSG00000271254",8.38764700262198,0.691528545119705,"osteogen","N",13,"SERPINA3-KD osteo (GSE247528)",6,12
"ENSG00000271303",7.18411933988179,0.564763658686311,"osteogen","N",13,"SERPINA3-KD osteo (GSE247528)",6,12
"ENSG00000271383",9.14962341757169,0.779312461632904,"osteogen","N",13,"SERPINA3-KD osteo (GSE247528)",6,12
"ENSG00000271425",8.91597651664298,0.752915899324739,"osteogen","N",13,"SERPINA3-KD osteo (GSE247528)",6,12
"ENSG00000271447",3.79809984712656,0.277470841006753,"osteogen","N",13,"SERPINA3-KD osteo (GSE247528)",6,12
"ENSG00000271503",4.46475085754051,0.326887661141805,"osteogen","N",13,"SERPINA3-KD osteo (GSE247528)",6,12
"ENSG00000271601",8.55510729265152,0.712093308778392,"osteogen","N",13,"SERPINA3-KD osteo (GSE247528)",6,12
"ENSG00000271605",6.69143805010688,0.523327194597913,"osteogen","N",13,"SERPINA3-KD osteo (GSE247528)",6,12
"ENSG00000271647",5.27601150949246,0.398403928790669,"osteogen","N",13,"SERPINA3-KD osteo (GSE247528)",6,12
"ENSG00000272031",7.81387446746085,0.631062001227747,"osteogen","N",13,"SERPINA3-KD osteo (GSE247528)",6,12
"ENSG00000272047",9.90481900389024,0.860957642725598,"osteogen","N",13,"SERPINA3-KD osteo (GSE247528)",6,12
"ENSG00000272325",8.86462343563509,0.746777163904236,"osteogen","N",13,"SERPINA3-KD osteo (GSE247528)",6,12
"ENSG00000272333",6.50795062565374,0.505217925107428,"osteogen","N",13,"SERPINA3-KD osteo (GSE247528)",6,12
"ENSG00000272391",8.18050086578522,0.667280540208717,"osteogen","N",13,"SERPINA3-KD osteo (GSE247528)",6,12
"ENSG00000272398",3.68371998225904,0.268569674647023,"osteogen","N",13,"SERPINA3-KD osteo (GSE247528)",6,12
"ENSG00000272514",2.88092257538179,0.198281154082259,"osteogen","N",13,"SERPINA3-KD osteo (GSE247528)",6,12
"ENSG00000272602",6.53002840471521,0.507673419275629,"osteogen","N",13,"SERPINA3-KD osteo (GSE247528)",6,12
"ENSG00000272674",5.96928104483149,0.450890116635973,"osteogen","N",13,"SERPINA3-KD osteo (GSE247528)",6,12
"ENSG00000272886",8.55212635506761,0.711786372007366,"osteogen","N",13,"SERPINA3-KD osteo (GSE247528)",6,12
"ENSG00000273003",6.86884544766825,0.538367096378146,"osteogen","N",13,"SERPINA3-KD osteo (GSE247528)",6,12
"ENSG00000273045",3.09690802110606,0.220994475138122,"osteogen","N",13,"SERPINA3-KD osteo (GSE247528)",6,12
"ENSG00000273111",3.78640184936963,0.276856967464702,"osteogen","N",13,"SERPINA3-KD osteo (GSE247528)",6,12
"ENSG00000273136",4.84405610349726,0.357888275015347,"osteogen","N",13,"SERPINA3-KD osteo (GSE247528)",6,12
"ENSG00000273173",4.62162230397974,0.341313689379988,"osteogen","N",13,"SERPINA3-KD osteo (GSE247528)",6,12
"ENSG00000273213",6.42201424626309,0.492019643953346,"osteogen","N",13,"SERPINA3-KD osteo (GSE247528)",6,12
"ENSG00000273274",3.65298978304737,0.265500306936771,"osteogen","N",13,"SERPINA3-KD osteo (GSE247528)",6,12
"ENSG00000273294",3.36124163611132,0.243707796193984,"osteogen","N",13,"SERPINA3-KD osteo (GSE247528)",6,12
"ENSG00000273542",4.47180688621777,0.327501534683855,"osteogen","N",13,"SERPINA3-KD osteo (GSE247528)",6,12
"ENSG00000273559",8.87686446152273,0.748311847759362,"osteogen","N",13,"SERPINA3-KD osteo (GSE247528)",6,12
"ENSG00000273604",3.23089128388834,0.234192756292204,"osteogen","N",13,"SERPINA3-KD osteo (GSE247528)",6,12
"ENSG00000273611",8.31082265122846,0.683548189073051,"osteogen","N",13,"SERPINA3-KD osteo (GSE247528)",6,12
"ENSG00000273675",1.22671233852158,0.0233271945979128,"osteogen","N",13,"SERPINA3-KD osteo (GSE247528)",6,12
"ENSG00000273749",11.5334583590466,0.957028852056476,"osteogen","N",13,"SERPINA3-KD osteo (GSE247528)",6,12
"ENSG00000273802",3.00247426599761,0.211479435236341,"osteogen","N",13,"SERPINA3-KD osteo (GSE247528)",6,12
"ENSG00000273820",4.30349501575068,0.313689379987723,"osteogen","N",13,"SERPINA3-KD osteo (GSE247528)",6,12
"ENSG00000273841",7.53563556919688,0.598219766728054,"osteogen","N",13,"SERPINA3-KD osteo (GSE247528)",6,12
"ENSG00000273899",8.86542329631859,0.747084100675261,"osteogen","N",13,"SERPINA3-KD osteo (GSE247528)",6,12
"ENSG00000273976",1.71388578547742,0.076427255985267,"osteogen","N",13,"SERPINA3-KD osteo (GSE247528)",6,12
"ENSG00000273983",1.15508301598876,0.0205647636586863,"osteogen","N",13,"SERPINA3-KD osteo (GSE247528)",6,12
"ENSG00000274049",1.41828177465779,0.0469613259668508,"osteogen","N",13,"SERPINA3-KD osteo (GSE247528)",6,12
"ENSG00000274070",9.56553297878147,0.827501534683855,"osteogen","N",13,"SERPINA3-KD osteo (GSE247528)",6,12
"ENSG00000274180",6.4328362873592,0.493554327808471,"osteogen","N",13,"SERPINA3-KD osteo (GSE247528)",6,12
"ENSG00000274211",6.26652867536203,0.479128299570289,"osteogen","N",13,"SERPINA3-KD osteo (GSE247528)",6,12
"ENSG00000274290",1.47440610678614,0.0518723143032535,"osteogen","N",13,"SERPINA3-KD osteo (GSE247528)",6,12
"ENSG00000274349",5.0914009945589,0.380908532842235,"osteogen","N",13,"SERPINA3-KD osteo (GSE247528)",6,12
"ENSG00000274386",2.44661032327891,0.158072437077962,"osteogen","N",13,"SERPINA3-KD osteo (GSE247528)",6,12
"ENSG00000274419",1.86293870528525,0.09085328422345,"osteogen","N",13,"SERPINA3-KD osteo (GSE247528)",6,12
"ENSG00000274512",3.69552631767621,0.269183548189073,"osteogen","N",13,"SERPINA3-KD osteo (GSE247528)",6,12
"ENSG00000274523",7.73317550391092,0.622160834868017,"osteogen","N",13,"SERPINA3-KD osteo (GSE247528)",6,12
"ENSG00000274570",2.55868020126548,0.172498465316145,"osteogen","N",13,"SERPINA3-KD osteo (GSE247528)",6,12
"ENSG00000274600",0.525541107581113,0.00184162062615101,"osteogen","N",13,"SERPINA3-KD osteo (GSE247528)",6,12
"ENSG00000274750",2.80236544123298,0.193370165745856,"osteogen","N",13,"SERPINA3-KD osteo (GSE247528)",6,12
"ENSG00000274808",1.80548985314989,0.0856353591160221,"osteogen","N",13,"SERPINA3-KD osteo (GSE247528)",6,12
"ENSG00000274810",1.02994227701637,0.0141190914671578,"osteogen","N",13,"SERPINA3-KD osteo (GSE247528)",6,12
"ENSG00000274847",5.08312300622837,0.380601596071209,"osteogen","N",13,"SERPINA3-KD osteo (GSE247528)",6,12
"ENSG00000274933",1.22934295025655,0.0239410681399632,"osteogen","N",13,"SERPINA3-KD osteo (GSE247528)",6,12
"ENSG00000275004",9.33676793469257,0.802946593001842,"osteogen","N",13,"SERPINA3-KD osteo (GSE247528)",6,12
"ENSG00000275023",8.94538664322797,0.755064456721915,"osteogen","N",13,"SERPINA3-KD osteo (GSE247528)",6,12
"ENSG00000275052",10.7663633641097,0.921731123388582,"osteogen","N",13,"SERPINA3-KD osteo (GSE247528)",6,12
"ENSG00000275066",8.81921932924368,0.742173112338858,"osteogen","N",13,"SERPINA3-KD osteo (GSE247528)",6,12
"ENSG00000275074",5.91445912540483,0.44597912829957,"osteogen","N",13,"SERPINA3-KD osteo (GSE247528)",6,12
"ENSG00000275111",7.04763934614369,0.55402087170043,"osteogen","N",13,"SERPINA3-KD osteo (GSE247528)",6,12
"ENSG00000275160",3.66080892374573,0.266114180478821,"osteogen","N",13,"SERPINA3-KD osteo (GSE247528)",6,12
"ENSG00000275183",4.39638016524021,0.321669736034377,"osteogen","N",13,"SERPINA3-KD osteo (GSE247528)",6,12
"ENSG00000275221",1.50166365562171,0.0552486187845304,"osteogen","N",13,"SERPINA3-KD osteo (GSE247528)",6,12
"ENSG00000275318",1.9226148030087,0.0991405770411295,"osteogen","N",13,"SERPINA3-KD osteo (GSE247528)",6,12
"ENSG00000275342",3.08385981972479,0.21853898096992,"osteogen","N",13,"SERPINA3-KD osteo (GSE247528)",6,12
"ENSG00000275395",2.0080504023947,0.107734806629834,"osteogen","N",13,"SERPINA3-KD osteo (GSE247528)",6,12
"ENSG00000275410",0.960326112826098,0.00859422958870473,"osteogen","N",13,"SERPINA3-KD osteo (GSE247528)",6,12
"ENSG00000275591",3.57506292588644,0.259361571516268,"osteogen","N",13,"SERPINA3-KD osteo (GSE247528)",6,12
"ENSG00000275700",10.2325827287086,0.885205647636587,"osteogen","N",13,"SERPINA3-KD osteo (GSE247528)",6,12
"ENSG00000275740",8.71656182610929,0.730509515039902,"osteogen","N",13,"SERPINA3-KD osteo (GSE247528)",6,12
"ENSG00000275778",6.43999025283458,0.494475138121547,"osteogen","N",13,"SERPINA3-KD osteo (GSE247528)",6,12
"ENSG00000275793",3.13602783550524,0.225905463474524,"osteogen","N",13,"SERPINA3-KD osteo (GSE247528)",6,12
"ENSG00000275832",6.88201479286874,0.539287906691222,"osteogen","N",13,"SERPINA3-KD osteo (GSE247528)",6,12
"ENSG00000275835",8.65948295669059,0.723449969306323,"osteogen","N",13,"SERPINA3-KD osteo (GSE247528)",6,12
"ENSG00000275882",2.30301585353974,0.140577041129527,"osteogen","N",13,"SERPINA3-KD osteo (GSE247528)",6,12
"ENSG00000275976",2.41153116034731,0.152087170042971,"osteogen","N",13,"SERPINA3-KD osteo (GSE247528)",6,12
"ENSG00000276023",10.67665838338,0.918354818907305,"osteogen","N",13,"SERPINA3-KD osteo (GSE247528)",6,12
"ENSG00000276043",9.99319785885481,0.866175567833026,"osteogen","N",13,"SERPINA3-KD osteo (GSE247528)",6,12
"ENSG00000276045",5.95483814453279,0.448741559238797,"osteogen","N",13,"SERPINA3-KD osteo (GSE247528)",6,12
"ENSG00000276127",3.66342990789954,0.266728054020872,"osteogen","N",13,"SERPINA3-KD osteo (GSE247528)",6,12
"ENSG00000276180",5.34379362445529,0.403314917127072,"osteogen","N",13,"SERPINA3-KD osteo (GSE247528)",6,12
"ENSG00000276234",7.61104763261805,0.606507059545734,"osteogen","N",13,"SERPINA3-KD osteo (GSE247528)",6,12
"ENSG00000276293",10.2293436880837,0.884284837323511,"osteogen","N",13,"SERPINA3-KD osteo (GSE247528)",6,12
"ENSG00000276368",1.7664337716039,0.0819521178637201,"osteogen","N",13,"SERPINA3-KD osteo (GSE247528)",6,12
"ENSG00000276545",3.27242702313491,0.238489871086556,"osteogen","N",13,"SERPINA3-KD osteo (GSE247528)",6,12
"ENSG00000276547",8.09790462670844,0.660527931246163,"osteogen","N",13,"SERPINA3-KD osteo (GSE247528)",6,12
"ENSG00000276600",7.96930956023198,0.645181092694905,"osteogen","N",13,"SERPINA3-KD osteo (GSE247528)",6,12
"ENSG00000276710",1.13619866284619,0.0193370165745856,"osteogen","N",13,"SERPINA3-KD osteo (GSE247528)",6,12
"ENSG00000276953",2.69774426280034,0.185082872928177,"osteogen","N",13,"SERPINA3-KD osteo (GSE247528)",6,12
"ENSG00000276966",1.25023217300635,0.0260896255371393,"osteogen","N",13,"SERPINA3-KD osteo (GSE247528)",6,12
"ENSG00000277075",1.48031749836704,0.0534069981583794,"osteogen","N",13,"SERPINA3-KD osteo (GSE247528)",6,12
"ENSG00000277149",5.76972620607419,0.436157151626765,"osteogen","N",13,"SERPINA3-KD osteo (GSE247528)",6,12
"ENSG00000277150",2.8144481160271,0.194290976058932,"osteogen","N",13,"SERPINA3-KD osteo (GSE247528)",6,12
"ENSG00000277161",8.31181677070671,0.683855125844076,"osteogen","N",13,"SERPINA3-KD osteo (GSE247528)",6,12
"ENSG00000277258",8.00162285259334,0.649171270718232,"osteogen","N",13,"SERPINA3-KD osteo (GSE247528)",6,12
"ENSG00000277400",6.40371842459495,0.489564149785144,"osteogen","N",13,"SERPINA3-KD osteo (GSE247528)",6,12
"ENSG00000277443",11.7941876883491,0.966543891958257,"osteogen","N",13,"SERPINA3-KD osteo (GSE247528)",6,12
"ENSG00000277462",6.44805236990665,0.495702885205648,"osteogen","N",13,"SERPINA3-KD osteo (GSE247528)",6,12
"ENSG00000277531",1.83413129459198,0.0880908532842234,"osteogen","N",13,"SERPINA3-KD osteo (GSE247528)",6,12
"ENSG00000277586",2.69891220421711,0.185389809699202,"osteogen","N",13,"SERPINA3-KD osteo (GSE247528)",6,12
"ENSG00000277632",2.45235189688567,0.159607120933088,"osteogen","N",13,"SERPINA3-KD osteo (GSE247528)",6,12
"ENSG00000277639",3.34617241228926,0.242786985880909,"osteogen","N",13,"SERPINA3-KD osteo (GSE247528)",6,12
"ENSG00000277734",1.66513910910012,0.0712093308778392,"osteogen","N",13,"SERPINA3-KD osteo (GSE247528)",6,12
"ENSG00000277758",3.89662687189427,0.282995702885206,"osteogen","N",13,"SERPINA3-KD osteo (GSE247528)",6,12
"ENSG00000277791",11.1704547256504,0.944444444444444,"osteogen","N",13,"SERPINA3-KD osteo (GSE247528)",6,12
"ENSG00000277972",9.5971983285451,0.832719459791283,"osteogen","N",13,"SERPINA3-KD osteo (GSE247528)",6,12
"ENSG00000278023",1.67785824630189,0.0739717618170657,"osteogen","N",13,"SERPINA3-KD osteo (GSE247528)",6,12
"ENSG00000278053",9.59596381022953,0.832412523020258,"osteogen","N",13,"SERPINA3-KD osteo (GSE247528)",6,12
"ENSG00000278129",6.97639117351675,0.549109883364027,"osteogen","N",13,"SERPINA3-KD osteo (GSE247528)",6,12
"ENSG00000278259",8.71089680688771,0.729588704726826,"osteogen","N",13,"SERPINA3-KD osteo (GSE247528)",6,12
"ENSG00000278299",2.07869531133835,0.116635972989564,"osteogen","N",13,"SERPINA3-KD osteo (GSE247528)",6,12
"ENSG00000278311",10.953494220568,0.931860036832412,"osteogen","N",13,"SERPINA3-KD osteo (GSE247528)",6,12
"ENSG00000278318",7.50302102275535,0.596071209330878,"osteogen","N",13,"SERPINA3-KD osteo (GSE247528)",6,12
"ENSG00000278522",1.46388209943114,0.0515653775322284,"osteogen","N",13,"SERPINA3-KD osteo (GSE247528)",6,12
"ENSG00000278535",3.71993391926732,0.272252915899325,"osteogen","N",13,"SERPINA3-KD osteo (GSE247528)",6,12
"ENSG00000278540",8.47680764584581,0.703499079189687,"osteogen","N",13,"SERPINA3-KD osteo (GSE247528)",6,12
"ENSG00000278558",2.17627953434426,0.125537139349294,"osteogen","N",13,"SERPINA3-KD osteo (GSE247528)",6,12
"ENSG00000278615",9.46705259919561,0.817986494782075,"osteogen","N",13,"SERPINA3-KD osteo (GSE247528)",6,12
"ENSG00000278619",7.77427021486818,0.625844076120319,"osteogen","N",13,"SERPINA3-KD osteo (GSE247528)",6,12
"ENSG00000278662",3.1180264147634,0.223143032535298,"osteogen","N",13,"SERPINA3-KD osteo (GSE247528)",6,12
"ENSG00000278677",2.53941279356431,0.170656844689994,"osteogen","N",13,"SERPINA3-KD osteo (GSE247528)",6,12
"ENSG00000278828",4.52439133528915,0.331491712707182,"osteogen","N",13,"SERPINA3-KD osteo (GSE247528)",6,12
"ENSG00000278845",9.39700113207483,0.810313075506446,"osteogen","N",13,"SERPINA3-KD osteo (GSE247528)",6,12
"ENSG00000279000",1.55747328493521,0.0601596071209331,"osteogen","N",13,"SERPINA3-KD osteo (GSE247528)",6,12
"ENSG00000279170",7.82215977143212,0.631982811540823,"osteogen","N",13,"SERPINA3-KD osteo (GSE247528)",6,12
"ENSG00000280670",5.04720311769682,0.376918354818907,"osteogen","N",13,"SERPINA3-KD osteo (GSE247528)",6,12
"ENSG00000280789",9.57217976354233,0.828422344996931,"osteogen","N",13,"SERPINA3-KD osteo (GSE247528)",6,12
"ENSG00000283041",5.0630989007826,0.378759975445058,"osteogen","N",13,"SERPINA3-KD osteo (GSE247528)",6,12
"ENSG00000283154",4.57415191626477,0.33609576427256,"osteogen","N",13,"SERPINA3-KD osteo (GSE247528)",6,12
"ENSG00000283199",1.61340996918079,0.0659914057704113,"osteogen","N",13,"SERPINA3-KD osteo (GSE247528)",6,12
"ENSG00000283267",1.51817320388835,0.0564763658686311,"osteogen","N",13,"SERPINA3-KD osteo (GSE247528)",6,12
"ENSG00000283268",2.88214286736335,0.198895027624309,"osteogen","N",13,"SERPINA3-KD osteo (GSE247528)",6,12
"ENSG00000283378",3.62159362163785,0.26304481276857,"osteogen","N",13,"SERPINA3-KD osteo (GSE247528)",6,12
"ENSG00000283473",0.739649077453015,0.00399017802332719,"osteogen","N",13,"SERPINA3-KD osteo (GSE247528)",6,12
"ENSG00000283738",6.31789417716827,0.484346224677716,"osteogen","N",13,"SERPINA3-KD osteo (GSE247528)",6,12
"ENSG00000283787",1.61282171368469,0.0656844689993861,"osteogen","N",13,"SERPINA3-KD osteo (GSE247528)",6,12
"ENSG00000283900",2.625300669658,0.178330263965623,"osteogen","N",13,"SERPINA3-KD osteo (GSE247528)",6,12
"ENSG00000284024",8.54018911576131,0.710865561694291,"osteogen","N",13,"SERPINA3-KD osteo (GSE247528)",6,12
"ENSG00000284130",4.70907676816371,0.347452424800491,"osteogen","N",13,"SERPINA3-KD osteo (GSE247528)",6,12
"ENSG00000284194",9.19207886496093,0.784837323511357,"osteogen","N",13,"SERPINA3-KD osteo (GSE247528)",6,12
"ENSG00000284308",6.62261815100366,0.515346838551258,"osteogen","N",13,"SERPINA3-KD osteo (GSE247528)",6,12
"ENSG00000284337",2.43973604000827,0.156844689993861,"osteogen","N",13,"SERPINA3-KD osteo (GSE247528)",6,12
"ENSG00000284491",4.98440382963983,0.370779619398404,"osteogen","N",13,"SERPINA3-KD osteo (GSE247528)",6,12
"ENSG00000284505",2.26600914972806,0.136279926335175,"osteogen","N",13,"SERPINA3-KD osteo (GSE247528)",6,12
"ENSG00000284526",5.67605354420409,0.429097605893186,"osteogen","N",13,"SERPINA3-KD osteo (GSE247528)",6,12
"ENSG00000284631",2.66215398977618,0.181399631675875,"osteogen","N",13,"SERPINA3-KD osteo (GSE247528)",6,12
"ENSG00000284691",6.47505474635504,0.501534683855126,"osteogen","N",13,"SERPINA3-KD osteo (GSE247528)",6,12
"ENSG00000284753",7.80988181152871,0.630448127685697,"osteogen","N",13,"SERPINA3-KD osteo (GSE247528)",6,12
"ENSG00000284770",8.24489950299075,0.675567833026397,"osteogen","N",13,"SERPINA3-KD osteo (GSE247528)",6,12
"ENSG00000284862",3.35710195217214,0.243400859422959,"osteogen","N",13,"SERPINA3-KD osteo (GSE247528)",6,12
"ENSG00000284874",3.38621934909621,0.24585635359116,"osteogen","N",13,"SERPINA3-KD osteo (GSE247528)",6,12
"ENSG00000284922",6.05427226956134,0.457335788827502,"osteogen","N",13,"SERPINA3-KD osteo (GSE247528)",6,12
"ENSG00000284934",3.85537744474049,0.280540208717004,"osteogen","N",13,"SERPINA3-KD osteo (GSE247528)",6,12
"ENSG00000284976",7.014568993726,0.552793124616329,"osteogen","N",13,"SERPINA3-KD osteo (GSE247528)",6,12
"ENSG00000284981",4.80736740465738,0.355739717618171,"osteogen","N",13,"SERPINA3-KD osteo (GSE247528)",6,12
"ENSG00000285043",6.55362453703079,0.50890116635973,"osteogen","N",13,"SERPINA3-KD osteo (GSE247528)",6,12
"ENSG00000285077",5.03851031081682,0.375997544505832,"osteogen","N",13,"SERPINA3-KD osteo (GSE247528)",6,12
"ENSG00000285292",9.5110475291353,0.822897483118478,"osteogen","N",13,"SERPINA3-KD osteo (GSE247528)",6,12
"ENSG00000285437",8.14272987617382,0.664211172498465,"osteogen","N",13,"SERPINA3-KD osteo (GSE247528)",6,12
"ENSG00000285508",8.36474174429488,0.68999386126458,"osteogen","N",13,"SERPINA3-KD osteo (GSE247528)",6,12
"ENSG00000285781",3.06410475029407,0.218232044198895,"osteogen","N",13,"SERPINA3-KD osteo (GSE247528)",6,12
"ENSG00000285815",1.16534983350467,0.0211786372007366,"osteogen","N",13,"SERPINA3-KD osteo (GSE247528)",6,12
"ENSG00000285976",10.9396968106467,0.930018416206261,"osteogen","N",13,"SERPINA3-KD osteo (GSE247528)",6,12
"ENSG00000286019",9.31000752599011,0.801104972375691,"osteogen","N",13,"SERPINA3-KD osteo (GSE247528)",6,12
"ENSG00000286095",2.55403533269868,0.17219152854512,"osteogen","N",13,"SERPINA3-KD osteo (GSE247528)",6,12
"ENSG00000286106",4.03650873505717,0.292510742786986,"osteogen","N",13,"SERPINA3-KD osteo (GSE247528)",6,12
"ENSG00000286140",9.58799574333006,0.830877839165132,"osteogen","N",13,"SERPINA3-KD osteo (GSE247528)",6,12
"ENSG00000286190",3.6206932350082,0.262737875997545,"osteogen","N",13,"SERPINA3-KD osteo (GSE247528)",6,12
"ENSG00000286219",7.93550253346702,0.641804788213628,"osteogen","N",13,"SERPINA3-KD osteo (GSE247528)",6,12
"ENSG00000286237",4.85238837860706,0.358809085328422,"osteogen","N",13,"SERPINA3-KD osteo (GSE247528)",6,12
"ENSG00000286264",7.38510651636236,0.583793738489871,"osteogen","N",13,"SERPINA3-KD osteo (GSE247528)",6,12
"ENSG00000288534",9.26161422223553,0.792817679558011,"osteogen","N",13,"SERPINA3-KD osteo (GSE247528)",6,12
"ENSG00000288558",6.83911628816638,0.535297728667894,"osteogen","N",13,"SERPINA3-KD osteo (GSE247528)",6,12
"ENSG00000288602",5.7435685947453,0.434315531000614,"osteogen","N",13,"SERPINA3-KD osteo (GSE247528)",6,12
"ENSG00000288622",5.04808572879504,0.377225291589932,"osteogen","N",13,"SERPINA3-KD osteo (GSE247528)",6,12
"ENSG00000288623",5.13773976615674,0.385512584407612,"osteogen","N",13,"SERPINA3-KD osteo (GSE247528)",6,12
"ENSG00000288645",2.56905171147716,0.17341927562922,"osteogen","N",13,"SERPINA3-KD osteo (GSE247528)",6,12
"ENSG00000288649",3.94079171950376,0.288213627992634,"osteogen","N",13,"SERPINA3-KD osteo (GSE247528)",6,12
"ENSG00000288658",1.35995047641269,0.0395948434622468,"osteogen","N",13,"SERPINA3-KD osteo (GSE247528)",6,12
"ENSG00000288675",3.53128742896054,0.255985267034991,"osteogen","N",13,"SERPINA3-KD osteo (GSE247528)",6,12
"ENSG00000288722",4.58513037020722,0.337323511356661,"osteogen","N",13,"SERPINA3-KD osteo (GSE247528)",6,12
"ENSG00000288784",1.23633288216068,0.0245549416820135,"osteogen","N",13,"SERPINA3-KD osteo (GSE247528)",6,12
"ENSG00000288859",9.22241519317486,0.787292817679558,"osteogen","N",13,"SERPINA3-KD osteo (GSE247528)",6,12
"ENSG00000289604",2.30938660734091,0.141190914671578,"osteogen","N",13,"SERPINA3-KD osteo (GSE247528)",6,12
"ENSG00000291049",4.0525453643624,0.294045426642112,"osteogen","N",13,"SERPINA3-KD osteo (GSE247528)",6,12
"ENSG00000291223",4.37721130139439,0.320441988950276,"osteogen","N",13,"SERPINA3-KD osteo (GSE247528)",6,12
"ENSG00000291237",14.165215064498,0.995395948434622,"osteogen","N",13,"SERPINA3-KD osteo (GSE247528)",6,12
"ENSG00000291316",5.52398746645416,0.417127071823204,"osteogen","N",13,"SERPINA3-KD osteo (GSE247528)",6,12
"ENSG00000291317",6.94530575687382,0.546654389195826,"osteogen","N",13,"SERPINA3-KD osteo (GSE247528)",6,12
"ENSG00000291637",3.50704568681566,0.253529772866789,"osteogen","N",13,"SERPINA3-KD osteo (GSE247528)",6,12
"ENSG00000293268",4.16042832641259,0.303253529772867,"osteogen","N",13,"SERPINA3-KD osteo (GSE247528)",6,12
