"ensembl","expr","expr_rank","arm","klasse","punkt","label","n_undiff","n_diff"
"ENSG00000001561",7.61004782879223,0.655162738496072,"chondrogen","N",5,"SERPINA3-KD",6,12
"ENSG00000003056",12.111852967421,0.973063973063973,"chondrogen","N",5,"SERPINA3-KD",6,12
"ENSG00000003137",4.25373727633191,0.366161616161616,"chondrogen","N",5,"SERPINA3-KD",6,12
"ENSG00000004478",9.65644822949785,0.84371492704826,"chondrogen","N",5,"SERPINA3-KD",6,12
"ENSG00000004799",9.29734555037828,0.813131313131313,"chondrogen","N",5,"SERPINA3-KD",6,12
"ENSG00000005022",11.8919394858908,0.964927048260382,"chondrogen","N",5,"SERPINA3-KD",6,12
"ENSG00000005073",5.11938050284299,0.432098765432099,"chondrogen","N",5,"SERPINA3-KD",6,12
"ENSG00000005381",0.208038092364622,0.00224466891133558,"chondrogen","N",5,"SERPINA3-KD",6,12
"ENSG00000005421",0.330907586517971,0.00392817059483726,"chondrogen","N",5,"SERPINA3-KD",6,12
"ENSG00000005700",10.1564257574965,0.882996632996633,"chondrogen","N",5,"SERPINA3-KD",6,12
"ENSG00000006210",2.09207344592568,0.145903479236813,"chondrogen","N",5,"SERPINA3-KD",6,12
"ENSG00000006451",10.6746671168023,0.913299663299663,"chondrogen","N",5,"SERPINA3-KD",6,12
"ENSG00000006606",5.10672766088984,0.430695847362514,"chondrogen","N",5,"SERPINA3-KD",6,12
"ENSG00000006634",8.34787859775189,0.718013468013468,"chondrogen","N",5,"SERPINA3-KD",6,12
"ENSG00000006831",8.60053254035104,0.739337822671156,"chondrogen","N",5,"SERPINA3-KD",6,12
"ENSG00000007376",5.4078726517221,0.457631874298541,"chondrogen","N",5,"SERPINA3-KD",6,12
"ENSG00000007520",5.27643323716529,0.442760942760943,"chondrogen","N",5,"SERPINA3-KD",6,12
"ENSG00000007968",2.09850112875421,0.147867564534231,"chondrogen","N",5,"SERPINA3-KD",6,12
"ENSG00000008018",12.3912296040042,0.979517396184063,"chondrogen","N",5,"SERPINA3-KD",6,12
"ENSG00000010310",4.35785694705324,0.374579124579125,"chondrogen","N",5,"SERPINA3-KD",6,12
"ENSG00000013275",10.900436190178,0.931537598204265,"chondrogen","N",5,"SERPINA3-KD",6,12
"ENSG00000013288",8.49226955722408,0.730078563411897,"chondrogen","N",5,"SERPINA3-KD",6,12
"ENSG00000013293",4.45416894274858,0.38047138047138,"chondrogen","N",5,"SERPINA3-KD",6,12
"ENSG00000013392",8.01309256332897,0.689674523007856,"chondrogen","N",5,"SERPINA3-KD",6,12
"ENSG00000014164",4.54668074012759,0.387205387205387,"chondrogen","N",5,"SERPINA3-KD",6,12
"ENSG00000015479",9.19096952941602,0.802188552188552,"chondrogen","N",5,"SERPINA3-KD",6,12
"ENSG00000019995",7.68738215543037,0.662457912457912,"chondrogen","N",5,"SERPINA3-KD",6,12
"ENSG00000023318",11.4291707177126,0.953984287317621,"chondrogen","N",5,"SERPINA3-KD",6,12
"ENSG00000023516",9.75156088246064,0.854096520763187,"chondrogen","N",5,"SERPINA3-KD",6,12
"ENSG00000023608",11.2387394559094,0.947250280583614,"chondrogen","N",5,"SERPINA3-KD",6,12
"ENSG00000025772",10.0988535994522,0.878226711560045,"chondrogen","N",5,"SERPINA3-KD",6,12
"ENSG00000027644",1.46946360074894,0.0726711560044893,"chondrogen","N",5,"SERPINA3-KD",6,12
"ENSG00000029559",10.6989357654057,0.914983164983165,"chondrogen","N",5,"SERPINA3-KD",6,12
"ENSG00000031691",6.83983296159915,0.583052749719416,"chondrogen","N",5,"SERPINA3-KD",6,12
"ENSG00000033050",10.1858007148153,0.884399551066218,"chondrogen","N",5,"SERPINA3-KD",6,12
"ENSG00000034510",14.9143544672414,0.998035914702581,"chondrogen","N",5,"SERPINA3-KD",6,12
"ENSG00000034713",11.0467259168274,0.939674523007856,"chondrogen","N",5,"SERPINA3-KD",6,12
"ENSG00000035681",9.052235025456,0.785353535353535,"chondrogen","N",5,"SERPINA3-KD",6,12
"ENSG00000036530",5.45511055556731,0.46043771043771,"chondrogen","N",5,"SERPINA3-KD",6,12
"ENSG00000037042",8.99188266771781,0.778900112233446,"chondrogen","N",5,"SERPINA3-KD",6,12
"ENSG00000037241",10.1482690010628,0.881874298540965,"chondrogen","N",5,"SERPINA3-KD",6,12
"ENSG00000037965",7.4749928536532,0.641694725028058,"chondrogen","N",5,"SERPINA3-KD",6,12
"ENSG00000038002",9.03673358060895,0.784231200897868,"chondrogen","N",5,"SERPINA3-KD",6,12
"ENSG00000038295",7.42309179227353,0.638327721661055,"chondrogen","N",5,"SERPINA3-KD",6,12
"ENSG00000043591",1.53278190979114,0.07996632996633,"chondrogen","N",5,"SERPINA3-KD",6,12
"ENSG00000044574",16.2415858254293,0.999438832772166,"chondrogen","N",5,"SERPINA3-KD",6,12
"ENSG00000047597",1.6135369014762,0.0875420875420875,"chondrogen","N",5,"SERPINA3-KD",6,12
"ENSG00000047662",1.3245446540072,0.0558361391694725,"chondrogen","N",5,"SERPINA3-KD",6,12
"ENSG00000048544",10.7250044722232,0.917227833894501,"chondrogen","N",5,"SERPINA3-KD",6,12
"ENSG00000050344",5.06359516651206,0.427328843995511,"chondrogen","N",5,"SERPINA3-KD",6,12
"ENSG00000051382",8.48201450509688,0.728956228956229,"chondrogen","N",5,"SERPINA3-KD",6,12
"ENSG00000052850",2.45018006588854,0.190516273849607,"chondrogen","N",5,"SERPINA3-KD",6,12
"ENSG00000053372",9.19421849565846,0.802749719416386,"chondrogen","N",5,"SERPINA3-KD",6,12
"ENSG00000054277",6.15432519342151,0.522727272727273,"chondrogen","N",5,"SERPINA3-KD",6,12
"ENSG00000054392",7.03397643387172,0.601290684624018,"chondrogen","N",5,"SERPINA3-KD",6,12
"ENSG00000054598",10.2045296807276,0.886363636363636,"chondrogen","N",5,"SERPINA3-KD",6,12
"ENSG00000056050",9.89745535409559,0.862514029180696,"chondrogen","N",5,"SERPINA3-KD",6,12
"ENSG00000057468",2.1415711669826,0.154320987654321,"chondrogen","N",5,"SERPINA3-KD",6,12
"ENSG00000058600",5.32117731643858,0.447811447811448,"chondrogen","N",5,"SERPINA3-KD",6,12
"ENSG00000059573",12.2641461135026,0.97615039281706,"chondrogen","N",5,"SERPINA3-KD",6,12
"ENSG00000059758",10.6331654898362,0.90993265993266,"chondrogen","N",5,"SERPINA3-KD",6,12
"ENSG00000060140",1.91922250720045,0.122053872053872,"chondrogen","N",5,"SERPINA3-KD",6,12
"ENSG00000063180",4.34952785414135,0.373737373737374,"chondrogen","N",5,"SERPINA3-KD",6,12
"ENSG00000063241",8.8796286658584,0.769360269360269,"chondrogen","N",5,"SERPINA3-KD",6,12
"ENSG00000063660",7.42161402448866,0.637766554433221,"chondrogen","N",5,"SERPINA3-KD",6,12
"ENSG00000064195",3.58539756088882,0.310325476992144,"chondrogen","N",5,"SERPINA3-KD",6,12
"ENSG00000064199",6.35886217340307,0.542087542087542,"chondrogen","N",5,"SERPINA3-KD",6,12
"ENSG00000064300",2.24598638648618,0.16638608305275,"chondrogen","N",5,"SERPINA3-KD",6,12
"ENSG00000065057",7.11460937813587,0.606902356902357,"chondrogen","N",5,"SERPINA3-KD",6,12
"ENSG00000065308",9.98796745923164,0.871492704826038,"chondrogen","N",5,"SERPINA3-KD",6,12
"ENSG00000065320",0.862278529066278,0.0187991021324355,"chondrogen","N",5,"SERPINA3-KD",6,12
"ENSG00000065491",8.3791773390633,0.720819304152638,"chondrogen","N",5,"SERPINA3-KD",6,12
"ENSG00000065518",11.1998440889204,0.945566778900112,"chondrogen","N",5,"SERPINA3-KD",6,12
"ENSG00000065833",11.1146991588843,0.942760942760943,"chondrogen","N",5,"SERPINA3-KD",6,12
"ENSG00000065970",7.13930557776951,0.608585858585859,"chondrogen","N",5,"SERPINA3-KD",6,12
"ENSG00000066422",9.08997741622474,0.78956228956229,"chondrogen","N",5,"SERPINA3-KD",6,12
"ENSG00000066557",9.88574684849491,0.861111111111111,"chondrogen","N",5,"SERPINA3-KD",6,12
"ENSG00000066777",9.3184979568932,0.816778900112233,"chondrogen","N",5,"SERPINA3-KD",6,12
"ENSG00000067167",14.2404018665795,0.996071829405163,"chondrogen","N",5,"SERPINA3-KD",6,12
"ENSG00000067182",10.8852672155681,0.929854096520763,"chondrogen","N",5,"SERPINA3-KD",6,12
"ENSG00000067533",9.29803985263115,0.81341189674523,"chondrogen","N",5,"SERPINA3-KD",6,12
"ENSG00000067900",10.6498432610125,0.911896745230079,"chondrogen","N",5,"SERPINA3-KD",6,12
"ENSG00000068079",8.11376734354849,0.698372615039282,"chondrogen","N",5,"SERPINA3-KD",6,12
"ENSG00000068697",14.3823231693519,0.996632996632997,"chondrogen","N",5,"SERPINA3-KD",6,12
"ENSG00000068903",9.57974702328474,0.836139169472503,"chondrogen","N",5,"SERPINA3-KD",6,12
"ENSG00000069482",1.18577396355201,0.0409652076318743,"chondrogen","N",5,"SERPINA3-KD",6,12
"ENSG00000069509",8.95074901865941,0.776094276094276,"chondrogen","N",5,"SERPINA3-KD",6,12
"ENSG00000070018",9.0482410057027,0.784511784511784,"chondrogen","N",5,"SERPINA3-KD",6,12
"ENSG00000070031",2.53935632963689,0.198933782267116,"chondrogen","N",5,"SERPINA3-KD",6,12
"ENSG00000070193",1.53430198763418,0.0805274971941639,"chondrogen","N",5,"SERPINA3-KD",6,12
"ENSG00000070761",9.9843723724671,0.871212121212121,"chondrogen","N",5,"SERPINA3-KD",6,12
"ENSG00000071894",6.23264296062555,0.529461279461279,"chondrogen","N",5,"SERPINA3-KD",6,12
"ENSG00000071991",2.19256088149248,0.15993265993266,"chondrogen","N",5,"SERPINA3-KD",6,12
"ENSG00000072062",3.07969895184337,0.261223344556678,"chondrogen","N",5,"SERPINA3-KD",6,12
"ENSG00000072071",2.96090788305016,0.25,"chondrogen","N",5,"SERPINA3-KD",6,12
"ENSG00000072315",1.94062714236048,0.123456790123457,"chondrogen","N",5,"SERPINA3-KD",6,12
"ENSG00000072818",4.84476803811293,0.40993265993266,"chondrogen","N",5,"SERPINA3-KD",6,12
"ENSG00000072954",5.33664951613278,0.449214365881033,"chondrogen","N",5,"SERPINA3-KD",6,12
"ENSG00000072958",10.210363111116,0.887205387205387,"chondrogen","N",5,"SERPINA3-KD",6,12
"ENSG00000074181",7.30038799636627,0.623456790123457,"chondrogen","N",5,"SERPINA3-KD",6,12
"ENSG00000074201",10.9393514651075,0.933221099887767,"chondrogen","N",5,"SERPINA3-KD",6,12
"ENSG00000074695",13.9766767887083,0.994668911335578,"chondrogen","N",5,"SERPINA3-KD",6,12
"ENSG00000074842",13.0487345008138,0.987654320987654,"chondrogen","N",5,"SERPINA3-KD",6,12
"ENSG00000075188",9.58349224989706,0.836700336700337,"chondrogen","N",5,"SERPINA3-KD",6,12
"ENSG00000075429",1.68322514210521,0.0945566778900112,"chondrogen","N",5,"SERPINA3-KD",6,12
"ENSG00000075643",5.31502404882295,0.447530864197531,"chondrogen","N",5,"SERPINA3-KD",6,12
"ENSG00000075790",4.87309699928898,0.413019079685746,"chondrogen","N",5,"SERPINA3-KD",6,12
"ENSG00000076003",9.82540559191678,0.858585858585859,"chondrogen","N",5,"SERPINA3-KD",6,12
"ENSG00000076356",6.06600021706689,0.51374859708193,"chondrogen","N",5,"SERPINA3-KD",6,12
"ENSG00000076641",7.51782457729804,0.64702581369248,"chondrogen","N",5,"SERPINA3-KD",6,12
"ENSG00000076650",8.18741925218097,0.702861952861953,"chondrogen","N",5,"SERPINA3-KD",6,12
"ENSG00000076716",11.2355750469263,0.946969696969697,"chondrogen","N",5,"SERPINA3-KD",6,12
"ENSG00000077274",5.61542191929496,0.473905723905724,"chondrogen","N",5,"SERPINA3-KD",6,12
"ENSG00000077312",8.80779608796924,0.760942760942761,"chondrogen","N",5,"SERPINA3-KD",6,12
"ENSG00000077514",8.90071432772607,0.771324354657688,"chondrogen","N",5,"SERPINA3-KD",6,12
"ENSG00000077943",5.72153721028481,0.485409652076319,"chondrogen","N",5,"SERPINA3-KD",6,12
"ENSG00000078081",2.18389504004008,0.157968574635241,"chondrogen","N",5,"SERPINA3-KD",6,12
"ENSG00000078237",9.33347585015013,0.818181818181818,"chondrogen","N",5,"SERPINA3-KD",6,12
"ENSG00000078401",5.44241942632695,0.45959595959596,"chondrogen","N",5,"SERPINA3-KD",6,12
"ENSG00000078747",7.6995719061245,0.663299663299663,"chondrogen","N",5,"SERPINA3-KD",6,12
"ENSG00000079257",9.25047740572124,0.809203142536476,"chondrogen","N",5,"SERPINA3-KD",6,12
"ENSG00000079432",5.45752121018953,0.460998877665544,"chondrogen","N",5,"SERPINA3-KD",6,12
"ENSG00000079459",10.2081080463631,0.88692480359147,"chondrogen","N",5,"SERPINA3-KD",6,12
"ENSG00000079462",8.03137842247235,0.691638608305275,"chondrogen","N",5,"SERPINA3-KD",6,12
"ENSG00000080007",6.20933116202568,0.527777777777778,"chondrogen","N",5,"SERPINA3-KD",6,12
"ENSG00000080371",10.1208845384047,0.880190796857463,"chondrogen","N",5,"SERPINA3-KD",6,12
"ENSG00000080573",4.19856022071052,0.362794612794613,"chondrogen","N",5,"SERPINA3-KD",6,12
"ENSG00000080819",6.99454973472211,0.597362514029181,"chondrogen","N",5,"SERPINA3-KD",6,12
"ENSG00000081041",7.61355922082796,0.656004489337823,"chondrogen","N",5,"SERPINA3-KD",6,12
"ENSG00000081051",2.79477400530259,0.230078563411897,"chondrogen","N",5,"SERPINA3-KD",6,12
"ENSG00000081181",9.06418013229275,0.787317620650954,"chondrogen","N",5,"SERPINA3-KD",6,12
"ENSG00000081791",8.88841681120783,0.770482603815937,"chondrogen","N",5,"SERPINA3-KD",6,12
"ENSG00000081818",5.656622320887,0.47979797979798,"chondrogen","N",5,"SERPINA3-KD",6,12
"ENSG00000082068",8.95080087580795,0.776374859708193,"chondrogen","N",5,"SERPINA3-KD",6,12
"ENSG00000082497",7.85478364094435,0.675364758698092,"chondrogen","N",5,"SERPINA3-KD",6,12
"ENSG00000082516",9.10733521780376,0.792929292929293,"chondrogen","N",5,"SERPINA3-KD",6,12
"ENSG00000083635",7.69586531630446,0.662738496071829,"chondrogen","N",5,"SERPINA3-KD",6,12
"ENSG00000083782",6.44781877799131,0.549382716049383,"chondrogen","N",5,"SERPINA3-KD",6,12
"ENSG00000083817",7.15550696016503,0.609427609427609,"chondrogen","N",5,"SERPINA3-KD",6,12
"ENSG00000083845",12.2944054408379,0.976711560044893,"chondrogen","N",5,"SERPINA3-KD",6,12
"ENSG00000084092",8.45101312295982,0.726711560044893,"chondrogen","N",5,"SERPINA3-KD",6,12
"ENSG00000084463",10.6432538258374,0.910493827160494,"chondrogen","N",5,"SERPINA3-KD",6,12
"ENSG00000084734",4.88478974028579,0.414702581369248,"chondrogen","N",5,"SERPINA3-KD",6,12
"ENSG00000085733",11.8976796341335,0.965768799102132,"chondrogen","N",5,"SERPINA3-KD",6,12
"ENSG00000085871",7.06042173017,0.60297418630752,"chondrogen","N",5,"SERPINA3-KD",6,12
"ENSG00000085978",7.49649401166146,0.645061728395062,"chondrogen","N",5,"SERPINA3-KD",6,12
"ENSG00000086544",7.22545395363597,0.617564534231201,"chondrogen","N",5,"SERPINA3-KD",6,12
"ENSG00000086827",9.18901723094489,0.801627384960718,"chondrogen","N",5,"SERPINA3-KD",6,12
"ENSG00000087074",10.4882036134788,0.905162738496072,"chondrogen","N",5,"SERPINA3-KD",6,12
"ENSG00000087076",3.96592527313268,0.34006734006734,"chondrogen","N",5,"SERPINA3-KD",6,12
"ENSG00000087250",3.47650068311791,0.297979797979798,"chondrogen","N",5,"SERPINA3-KD",6,12
"ENSG00000087301",7.11276076982878,0.606341189674523,"chondrogen","N",5,"SERPINA3-KD",6,12
"ENSG00000087302",11.313778680698,0.949775533108866,"chondrogen","N",5,"SERPINA3-KD",6,12
"ENSG00000087338",10.4313072579078,0.900392817059484,"chondrogen","N",5,"SERPINA3-KD",6,12
"ENSG00000088179",7.77538533507618,0.668350168350168,"chondrogen","N",5,"SERPINA3-KD",6,12
"ENSG00000088256",7.38535661722021,0.632996632996633,"chondrogen","N",5,"SERPINA3-KD",6,12
"ENSG00000088356",9.10035980290363,0.792087542087542,"chondrogen","N",5,"SERPINA3-KD",6,12
"ENSG00000088882",1.14164631227898,0.0359147025813693,"chondrogen","N",5,"SERPINA3-KD",6,12
"ENSG00000088930",11.3033096468448,0.949214365881033,"chondrogen","N",5,"SERPINA3-KD",6,12
"ENSG00000089163",5.58753908468855,0.472502805836139,"chondrogen","N",5,"SERPINA3-KD",6,12
"ENSG00000089220",12.2470670280088,0.975869809203143,"chondrogen","N",5,"SERPINA3-KD",6,12
"ENSG00000089248",11.4949065246535,0.956509539842873,"chondrogen","N",5,"SERPINA3-KD",6,12
"ENSG00000090339",7.27677050433444,0.621212121212121,"chondrogen","N",5,"SERPINA3-KD",6,12
"ENSG00000090432",10.0257523233215,0.874017957351291,"chondrogen","N",5,"SERPINA3-KD",6,12
"ENSG00000090776",5.70648615837132,0.483726150392817,"chondrogen","N",5,"SERPINA3-KD",6,12
"ENSG00000090971",4.46637279156643,0.382154882154882,"chondrogen","N",5,"SERPINA3-KD",6,12
"ENSG00000091009",9.14233288233734,0.796576879910213,"chondrogen","N",5,"SERPINA3-KD",6,12
"ENSG00000091317",11.8828621656294,0.964646464646465,"chondrogen","N",5,"SERPINA3-KD",6,12
"ENSG00000091483",9.80262569565369,0.857463524130191,"chondrogen","N",5,"SERPINA3-KD",6,12
"ENSG00000091542",9.72879242272965,0.850729517396184,"chondrogen","N",5,"SERPINA3-KD",6,12
"ENSG00000091640",10.4202989631296,0.899551066217733,"chondrogen","N",5,"SERPINA3-KD",6,12
"ENSG00000091651",7.02929657829798,0.60016835016835,"chondrogen","N",5,"SERPINA3-KD",6,12
"ENSG00000091844",7.37815076449443,0.631874298540965,"chondrogen","N",5,"SERPINA3-KD",6,12
"ENSG00000092010",9.10904522131806,0.793490460157127,"chondrogen","N",5,"SERPINA3-KD",6,12
"ENSG00000092098",3.89643097517521,0.332772166105499,"chondrogen","N",5,"SERPINA3-KD",6,12
"ENSG00000092295",1.97606940270377,0.128226711560045,"chondrogen","N",5,"SERPINA3-KD",6,12
"ENSG00000092330",8.82520739527627,0.763187429854096,"chondrogen","N",5,"SERPINA3-KD",6,12
"ENSG00000094661",5.86752282171332,0.497194163860831,"chondrogen","N",5,"SERPINA3-KD",6,12
"ENSG00000095015",6.40890893395027,0.546015712682379,"chondrogen","N",5,"SERPINA3-KD",6,12
"ENSG00000095587",4.17591552148039,0.359708193041526,"chondrogen","N",5,"SERPINA3-KD",6,12
"ENSG00000095752",4.56058755777956,0.388327721661055,"chondrogen","N",5,"SERPINA3-KD",6,12
"ENSG00000096092",10.7146854225258,0.915544332210999,"chondrogen","N",5,"SERPINA3-KD",6,12
"ENSG00000096401",11.1480121987587,0.944163860830528,"chondrogen","N",5,"SERPINA3-KD",6,12
"ENSG00000099194",13.0374792486759,0.987373737373737,"chondrogen","N",5,"SERPINA3-KD",6,12
"ENSG00000099203",10.7457038734793,0.919472502805836,"chondrogen","N",5,"SERPINA3-KD",6,12
"ENSG00000099326",5.61993763620015,0.474466891133558,"chondrogen","N",5,"SERPINA3-KD",6,12
"ENSG00000099330",7.19359427747857,0.613636363636364,"chondrogen","N",5,"SERPINA3-KD",6,12
"ENSG00000099337",7.3446588495928,0.629349046015713,"chondrogen","N",5,"SERPINA3-KD",6,12
"ENSG00000099617",7.7732547746533,0.668069584736251,"chondrogen","N",5,"SERPINA3-KD",6,12
"ENSG00000099624",8.44696635108456,0.725869809203143,"chondrogen","N",5,"SERPINA3-KD",6,12
"ENSG00000099795",9.77273169541103,0.855780022446689,"chondrogen","N",5,"SERPINA3-KD",6,12
"ENSG00000099800",10.2538243659229,0.889169472502806,"chondrogen","N",5,"SERPINA3-KD",6,12
"ENSG00000099804",4.98804765967597,0.422278338945006,"chondrogen","N",5,"SERPINA3-KD",6,12
"ENSG00000099860",12.5835155346219,0.981481481481482,"chondrogen","N",5,"SERPINA3-KD",6,12
"ENSG00000099974",8.29099646642479,0.710998877665544,"chondrogen","N",5,"SERPINA3-KD",6,12
"ENSG00000100216",9.97913986304636,0.870650953984287,"chondrogen","N",5,"SERPINA3-KD",6,12
"ENSG00000100302",4.88449059468872,0.414421997755331,"chondrogen","N",5,"SERPINA3-KD",6,12
"ENSG00000100314",5.2109326882054,0.437991021324355,"chondrogen","N",5,"SERPINA3-KD",6,12
"ENSG00000100387",11.2479480337446,0.947811447811448,"chondrogen","N",5,"SERPINA3-KD",6,12
"ENSG00000100410",9.19063112818673,0.801907968574635,"chondrogen","N",5,"SERPINA3-KD",6,12
"ENSG00000100418",8.08713916313502,0.69668911335578,"chondrogen","N",5,"SERPINA3-KD",6,12
"ENSG00000100426",7.56313945885697,0.650673400673401,"chondrogen","N",5,"SERPINA3-KD",6,12
"ENSG00000100558",4.86434500342906,0.411896745230079,"chondrogen","N",5,"SERPINA3-KD",6,12
"ENSG00000100564",9.74131616533356,0.852693602693603,"chondrogen","N",5,"SERPINA3-KD",6,12
"ENSG00000100580",9.33110140910605,0.817901234567901,"chondrogen","N",5,"SERPINA3-KD",6,12
"ENSG00000100583",4.46526052933555,0.381874298540965,"chondrogen","N",5,"SERPINA3-KD",6,12
"ENSG00000100591",10.6903871581012,0.914141414141414,"chondrogen","N",5,"SERPINA3-KD",6,12
"ENSG00000100596",9.97123294040597,0.869528619528619,"chondrogen","N",5,"SERPINA3-KD",6,12
"ENSG00000100625",8.25486615343472,0.70679012345679,"chondrogen","N",5,"SERPINA3-KD",6,12
"ENSG00000100647",9.0534397401117,0.786195286195286,"chondrogen","N",5,"SERPINA3-KD",6,12
"ENSG00000100652",1.17361655409749,0.0387205387205387,"chondrogen","N",5,"SERPINA3-KD",6,12
"ENSG00000100749",8.83031195811346,0.764029180695847,"chondrogen","N",5,"SERPINA3-KD",6,12
"ENSG00000100889",5.86866810353226,0.497755331088664,"chondrogen","N",5,"SERPINA3-KD",6,12
"ENSG00000100897",8.25998484463258,0.707912457912458,"chondrogen","N",5,"SERPINA3-KD",6,12
"ENSG00000100908",6.32940731366736,0.539001122334456,"chondrogen","N",5,"SERPINA3-KD",6,12
"ENSG00000100911",9.67071453143481,0.845117845117845,"chondrogen","N",5,"SERPINA3-KD",6,12
"ENSG00000100918",3.75641150242764,0.325196408529742,"chondrogen","N",5,"SERPINA3-KD",6,12
"ENSG00000100926",10.4627431091609,0.902076318742985,"chondrogen","N",5,"SERPINA3-KD",6,12
"ENSG00000100938",8.63835763004006,0.74354657687991,"chondrogen","N",5,"SERPINA3-KD",6,12
"ENSG00000100941",10.7917207193124,0.92368125701459,"chondrogen","N",5,"SERPINA3-KD",6,12
"ENSG00000100949",7.21475547457175,0.616161616161616,"chondrogen","N",5,"SERPINA3-KD",6,12
"ENSG00000100968",7.34694177317847,0.629910213243547,"chondrogen","N",5,"SERPINA3-KD",6,12
"ENSG00000101000",8.76109995889584,0.755611672278339,"chondrogen","N",5,"SERPINA3-KD",6,12
"ENSG00000101074",2.41353080111435,0.185465768799102,"chondrogen","N",5,"SERPINA3-KD",6,12
"ENSG00000101161",10.3674865377897,0.894781144781145,"chondrogen","N",5,"SERPINA3-KD",6,12
"ENSG00000101162",1.6498320154807,0.0914702581369248,"chondrogen","N",5,"SERPINA3-KD",6,12
"ENSG00000101189",6.04278688493596,0.511784511784512,"chondrogen","N",5,"SERPINA3-KD",6,12
"ENSG00000101193",9.09437167753862,0.790123456790123,"chondrogen","N",5,"SERPINA3-KD",6,12
"ENSG00000101213",1.67801958095242,0.0942760942760943,"chondrogen","N",5,"SERPINA3-KD",6,12
"ENSG00000101230",4.80116542043853,0.406565656565657,"chondrogen","N",5,"SERPINA3-KD",6,12
"ENSG00000101280",2.92365667723803,0.245230078563412,"chondrogen","N",5,"SERPINA3-KD",6,12
"ENSG00000101292",2.86910258608297,0.237934904601571,"chondrogen","N",5,"SERPINA3-KD",6,12
"ENSG00000101350",10.2998614691147,0.891975308641975,"chondrogen","N",5,"SERPINA3-KD",6,12
"ENSG00000101367",11.9822591679336,0.968855218855219,"chondrogen","N",5,"SERPINA3-KD",6,12
"ENSG00000101400",5.67889574009614,0.481200897867565,"chondrogen","N",5,"SERPINA3-KD",6,12
"ENSG00000101421",5.0352849309444,0.425925925925926,"chondrogen","N",5,"SERPINA3-KD",6,12
"ENSG00000101439",11.8949251221454,0.965207631874299,"chondrogen","N",5,"SERPINA3-KD",6,12
"ENSG00000101463",5.859742719075,0.49635241301908,"chondrogen","N",5,"SERPINA3-KD",6,12
"ENSG00000101544",7.85436943343884,0.675084175084175,"chondrogen","N",5,"SERPINA3-KD",6,12
"ENSG00000101695",3.99797942950121,0.341750841750842,"chondrogen","N",5,"SERPINA3-KD",6,12
"ENSG00000101825",9.12624448195606,0.795454545454545,"chondrogen","N",5,"SERPINA3-KD",6,12
"ENSG00000101846",6.4229137228524,0.547418630751964,"chondrogen","N",5,"SERPINA3-KD",6,12
"ENSG00000101898",2.60931004154039,0.208473625140292,"chondrogen","N",5,"SERPINA3-KD",6,12
"ENSG00000102109",1.01817632458457,0.0272166105499439,"chondrogen","N",5,"SERPINA3-KD",6,12
"ENSG00000102218",9.97043065450653,0.869248035914703,"chondrogen","N",5,"SERPINA3-KD",6,12
"ENSG00000102302",6.19109187481615,0.526936026936027,"chondrogen","N",5,"SERPINA3-KD",6,12
"ENSG00000102313",3.34195839248222,0.286475869809203,"chondrogen","N",5,"SERPINA3-KD",6,12
"ENSG00000102359",11.9452607369842,0.968013468013468,"chondrogen","N",5,"SERPINA3-KD",6,12
"ENSG00000102683",2.45912993760308,0.191638608305275,"chondrogen","N",5,"SERPINA3-KD",6,12
"ENSG00000102699",10.7760684928637,0.922558922558923,"chondrogen","N",5,"SERPINA3-KD",6,12
"ENSG00000102738",9.05019139272577,0.785072951739618,"chondrogen","N",5,"SERPINA3-KD",6,12
"ENSG00000102870",6.42087815232037,0.547138047138047,"chondrogen","N",5,"SERPINA3-KD",6,12
"ENSG00000102921",8.13366033772884,0.69949494949495,"chondrogen","N",5,"SERPINA3-KD",6,12
"ENSG00000102931",10.8951991866983,0.930695847362514,"chondrogen","N",5,"SERPINA3-KD",6,12
"ENSG00000102962",1.93990180370091,0.12317620650954,"chondrogen","N",5,"SERPINA3-KD",6,12
"ENSG00000102996",2.22037361565726,0.162738496071829,"chondrogen","N",5,"SERPINA3-KD",6,12
"ENSG00000103024",8.54942327905395,0.734287317620651,"chondrogen","N",5,"SERPINA3-KD",6,12
"ENSG00000103042",9.31538992041884,0.8162177328844,"chondrogen","N",5,"SERPINA3-KD",6,12
"ENSG00000103047",7.57667552034086,0.652918069584736,"chondrogen","N",5,"SERPINA3-KD",6,12
"ENSG00000103121",9.89332969182115,0.861672278338945,"chondrogen","N",5,"SERPINA3-KD",6,12
"ENSG00000103150",5.36692298487657,0.453423120089787,"chondrogen","N",5,"SERPINA3-KD",6,12
"ENSG00000103187",9.14942788864432,0.797418630751964,"chondrogen","N",5,"SERPINA3-KD",6,12
"ENSG00000103257",7.84532293248322,0.674242424242424,"chondrogen","N",5,"SERPINA3-KD",6,12
"ENSG00000103260",4.74709655192423,0.402918069584736,"chondrogen","N",5,"SERPINA3-KD",6,12
"ENSG00000103319",7.03287556508602,0.600729517396184,"chondrogen","N",5,"SERPINA3-KD",6,12
"ENSG00000104147",5.01725670452772,0.424803591470258,"chondrogen","N",5,"SERPINA3-KD",6,12
"ENSG00000104154",10.0567933599447,0.87682379349046,"chondrogen","N",5,"SERPINA3-KD",6,12
"ENSG00000104312",10.0029234194577,0.87317620650954,"chondrogen","N",5,"SERPINA3-KD",6,12
"ENSG00000104325",10.9805897983895,0.935465768799102,"chondrogen","N",5,"SERPINA3-KD",6,12
"ENSG00000104327",2.37922952356942,0.181257014590348,"chondrogen","N",5,"SERPINA3-KD",6,12
"ENSG00000104331",9.97414081854265,0.870089786756453,"chondrogen","N",5,"SERPINA3-KD",6,12
"ENSG00000104369",2.1018063135793,0.148709315375982,"chondrogen","N",5,"SERPINA3-KD",6,12
"ENSG00000104412",10.5824680146349,0.909090909090909,"chondrogen","N",5,"SERPINA3-KD",6,12
"ENSG00000104671",10.2514647549387,0.888888888888889,"chondrogen","N",5,"SERPINA3-KD",6,12
"ENSG00000104808",0.956279453011574,0.0244107744107744,"chondrogen","N",5,"SERPINA3-KD",6,12
"ENSG00000104823",11.4572221653229,0.955387205387205,"chondrogen","N",5,"SERPINA3-KD",6,12
"ENSG00000104824",6.53270476056045,0.555274971941639,"chondrogen","N",5,"SERPINA3-KD",6,12
"ENSG00000104825",5.5712073028081,0.471099887766554,"chondrogen","N",5,"SERPINA3-KD",6,12
"ENSG00000104835",2.87240059253735,0.238496071829405,"chondrogen","N",5,"SERPINA3-KD",6,12
"ENSG00000104848",2.7446008267733,0.22334455667789,"chondrogen","N",5,"SERPINA3-KD",6,12
"ENSG00000104879",2.56944149726425,0.202300785634119,"chondrogen","N",5,"SERPINA3-KD",6,12
"ENSG00000104883",5.71212252714544,0.484567901234568,"chondrogen","N",5,"SERPINA3-KD",6,12
"ENSG00000104889",7.22710218762866,0.617845117845118,"chondrogen","N",5,"SERPINA3-KD",6,12
"ENSG00000104901",1.56582907457394,0.0844556677890011,"chondrogen","N",5,"SERPINA3-KD",6,12
"ENSG00000104979",10.4711389331169,0.902637485970819,"chondrogen","N",5,"SERPINA3-KD",6,12
"ENSG00000104980",8.64257509960045,0.743827160493827,"chondrogen","N",5,"SERPINA3-KD",6,12
"ENSG00000104983",1.54587291000643,0.0816498316498317,"chondrogen","N",5,"SERPINA3-KD",6,12
"ENSG00000104998",5.34190595034663,0.4503367003367,"chondrogen","N",5,"SERPINA3-KD",6,12
"ENSG00000105011",5.6322580407148,0.477272727272727,"chondrogen","N",5,"SERPINA3-KD",6,12
"ENSG00000105072",6.55989116038473,0.557800224466891,"chondrogen","N",5,"SERPINA3-KD",6,12
"ENSG00000105088",4.65086176902384,0.395342312008979,"chondrogen","N",5,"SERPINA3-KD",6,12
"ENSG00000105193",11.4079029954721,0.952581369248036,"chondrogen","N",5,"SERPINA3-KD",6,12
"ENSG00000105202",9.07654494688702,0.788439955106622,"chondrogen","N",5,"SERPINA3-KD",6,12
"ENSG00000105204",3.63871866164508,0.314534231200898,"chondrogen","N",5,"SERPINA3-KD",6,12
"ENSG00000105229",8.81358361862243,0.762626262626263,"chondrogen","N",5,"SERPINA3-KD",6,12
"ENSG00000105245",6.08584424190367,0.515993265993266,"chondrogen","N",5,"SERPINA3-KD",6,12
"ENSG00000105258",9.28905283458453,0.812289562289562,"chondrogen","N",5,"SERPINA3-KD",6,12
"ENSG00000105355",11.7283970492789,0.960157126823794,"chondrogen","N",5,"SERPINA3-KD",6,12
"ENSG00000105372",14.5921229768497,0.996913580246914,"chondrogen","N",5,"SERPINA3-KD",6,12
"ENSG00000105398",1.619030727569,0.0886644219977553,"chondrogen","N",5,"SERPINA3-KD",6,12
"ENSG00000105401",9.77828072054028,0.85662177328844,"chondrogen","N",5,"SERPINA3-KD",6,12
"ENSG00000105402",10.9435790310531,0.9337822671156,"chondrogen","N",5,"SERPINA3-KD",6,12
"ENSG00000105438",10.4795267952432,0.904040404040404,"chondrogen","N",5,"SERPINA3-KD",6,12
"ENSG00000105497",7.39339859331095,0.633557800224467,"chondrogen","N",5,"SERPINA3-KD",6,12
"ENSG00000105514",7.12802389353912,0.607744107744108,"chondrogen","N",5,"SERPINA3-KD",6,12
"ENSG00000105523",2.48516078466753,0.195286195286195,"chondrogen","N",5,"SERPINA3-KD",6,12
"ENSG00000105617",7.04527197115894,0.602132435465769,"chondrogen","N",5,"SERPINA3-KD",6,12
"ENSG00000105641",1.8110120029492,0.109147025813692,"chondrogen","N",5,"SERPINA3-KD",6,12
"ENSG00000105650",4.41649361192894,0.378507295173962,"chondrogen","N",5,"SERPINA3-KD",6,12
"ENSG00000105668",2.00274493312489,0.132435465768799,"chondrogen","N",5,"SERPINA3-KD",6,12
"ENSG00000105696",5.72920373385077,0.485970819304153,"chondrogen","N",5,"SERPINA3-KD",6,12
"ENSG00000105697",2.84621125517798,0.235970819304153,"chondrogen","N",5,"SERPINA3-KD",6,12
"ENSG00000105708",7.71154211073915,0.664702581369248,"chondrogen","N",5,"SERPINA3-KD",6,12
"ENSG00000105755",7.67395718694807,0.660774410774411,"chondrogen","N",5,"SERPINA3-KD",6,12
"ENSG00000105767",2.95285787793935,0.248877665544332,"chondrogen","N",5,"SERPINA3-KD",6,12
"ENSG00000105849",9.92546413826407,0.865039281705948,"chondrogen","N",5,"SERPINA3-KD",6,12
"ENSG00000105856",11.7554841385131,0.960998877665544,"chondrogen","N",5,"SERPINA3-KD",6,12
"ENSG00000105865",5.45747805721307,0.460718294051627,"chondrogen","N",5,"SERPINA3-KD",6,12
"ENSG00000105880",9.99139766129213,0.872053872053872,"chondrogen","N",5,"SERPINA3-KD",6,12
"ENSG00000105996",3.54061305998801,0.303591470258137,"chondrogen","N",5,"SERPINA3-KD",6,12
"ENSG00000106004",8.6282850815501,0.741582491582492,"chondrogen","N",5,"SERPINA3-KD",6,12
"ENSG00000106006",6.21577216888344,0.528338945005612,"chondrogen","N",5,"SERPINA3-KD",6,12
"ENSG00000106025",5.85151530223003,0.494949494949495,"chondrogen","N",5,"SERPINA3-KD",6,12
"ENSG00000106031",3.50334276532109,0.30050505050505,"chondrogen","N",5,"SERPINA3-KD",6,12
"ENSG00000106049",10.8114969350077,0.924523007856341,"chondrogen","N",5,"SERPINA3-KD",6,12
"ENSG00000106178",2.07414425291685,0.143939393939394,"chondrogen","N",5,"SERPINA3-KD",6,12
"ENSG00000106236",3.39401339491867,0.289842873176206,"chondrogen","N",5,"SERPINA3-KD",6,12
"ENSG00000106299",9.52394188146699,0.831930415263749,"chondrogen","N",5,"SERPINA3-KD",6,12
"ENSG00000106344",9.23721213615602,0.80695847362514,"chondrogen","N",5,"SERPINA3-KD",6,12
"ENSG00000106366",13.8616135399682,0.99354657687991,"chondrogen","N",5,"SERPINA3-KD",6,12
"ENSG00000106511",6.35641424791694,0.541526374859708,"chondrogen","N",5,"SERPINA3-KD",6,12
"ENSG00000106524",9.47081253928074,0.827721661054994,"chondrogen","N",5,"SERPINA3-KD",6,12
"ENSG00000106537",8.71899587499431,0.750561167227834,"chondrogen","N",5,"SERPINA3-KD",6,12
"ENSG00000106591",10.7473749584338,0.92003367003367,"chondrogen","N",5,"SERPINA3-KD",6,12
"ENSG00000106635",7.32527200715848,0.627665544332211,"chondrogen","N",5,"SERPINA3-KD",6,12
"ENSG00000106636",9.1840132628472,0.801066217732884,"chondrogen","N",5,"SERPINA3-KD",6,12
"ENSG00000106780",7.61367796133002,0.65628507295174,"chondrogen","N",5,"SERPINA3-KD",6,12
"ENSG00000107282",4.67387960498769,0.397586980920314,"chondrogen","N",5,"SERPINA3-KD",6,12
"ENSG00000107341",9.50377995788883,0.829685746352413,"chondrogen","N",5,"SERPINA3-KD",6,12
"ENSG00000107438",8.18518688894115,0.702581369248036,"chondrogen","N",5,"SERPINA3-KD",6,12
"ENSG00000107854",8.76787052884505,0.757014590347924,"chondrogen","N",5,"SERPINA3-KD",6,12
"ENSG00000107862",9.52908115812146,0.832491582491583,"chondrogen","N",5,"SERPINA3-KD",6,12
"ENSG00000108239",7.3081328049761,0.624298540965208,"chondrogen","N",5,"SERPINA3-KD",6,12
"ENSG00000108256",9.63119497879854,0.840909090909091,"chondrogen","N",5,"SERPINA3-KD",6,12
"ENSG00000108518",13.997633281618,0.994949494949495,"chondrogen","N",5,"SERPINA3-KD",6,12
"ENSG00000108551",11.9166868605234,0.967171717171717,"chondrogen","N",5,"SERPINA3-KD",6,12
"ENSG00000108561",11.4811189243048,0.956228956228956,"chondrogen","N",5,"SERPINA3-KD",6,12
"ENSG00000108639",7.6857308104925,0.661616161616162,"chondrogen","N",5,"SERPINA3-KD",6,12
"ENSG00000108700",2.48077111817525,0.194444444444444,"chondrogen","N",5,"SERPINA3-KD",6,12
"ENSG00000108861",9.77108706907374,0.855499438832772,"chondrogen","N",5,"SERPINA3-KD",6,12
"ENSG00000108947",3.18179152073866,0.271885521885522,"chondrogen","N",5,"SERPINA3-KD",6,12
"ENSG00000108960",9.25285341624725,0.809483726150393,"chondrogen","N",5,"SERPINA3-KD",6,12
"ENSG00000109089",8.77997491812871,0.758136924803592,"chondrogen","N",5,"SERPINA3-KD",6,12
"ENSG00000109163",1.38967060476994,0.0625701459034792,"chondrogen","N",5,"SERPINA3-KD",6,12
"ENSG00000109272",4.5613379077644,0.388888888888889,"chondrogen","N",5,"SERPINA3-KD",6,12
"ENSG00000109436",7.67907010120567,0.661054994388328,"chondrogen","N",5,"SERPINA3-KD",6,12
"ENSG00000109536",8.44182731896579,0.725589225589226,"chondrogen","N",5,"SERPINA3-KD",6,12
"ENSG00000109610",1.90564069580857,0.120089786756453,"chondrogen","N",5,"SERPINA3-KD",6,12
"ENSG00000109674",4.17030278045234,0.359147025813692,"chondrogen","N",5,"SERPINA3-KD",6,12
"ENSG00000109705",2.85150749434668,0.236531986531987,"chondrogen","N",5,"SERPINA3-KD",6,12
"ENSG00000109819",5.46661755780903,0.461840628507295,"chondrogen","N",5,"SERPINA3-KD",6,12
"ENSG00000109846",12.1407785883006,0.974466891133558,"chondrogen","N",5,"SERPINA3-KD",6,12
"ENSG00000109919",10.2918201435076,0.891414141414141,"chondrogen","N",5,"SERPINA3-KD",6,12
"ENSG00000109920",9.51630058767854,0.831369248035915,"chondrogen","N",5,"SERPINA3-KD",6,12
"ENSG00000109943",2.90217461768565,0.242704826038159,"chondrogen","N",5,"SERPINA3-KD",6,12
"ENSG00000110042",1.69172808976339,0.0953984287317621,"chondrogen","N",5,"SERPINA3-KD",6,12
"ENSG00000110057",1.75127376640686,0.102132435465769,"chondrogen","N",5,"SERPINA3-KD",6,12
"ENSG00000110060",8.01472905369377,0.689955106621773,"chondrogen","N",5,"SERPINA3-KD",6,12
"ENSG00000110092",13.2252256861301,0.989618406285073,"chondrogen","N",5,"SERPINA3-KD",6,12
"ENSG00000110107",6.29165652473424,0.536195286195286,"chondrogen","N",5,"SERPINA3-KD",6,12
"ENSG00000110200",8.65825179163922,0.745791245791246,"chondrogen","N",5,"SERPINA3-KD",6,12
"ENSG00000110218",9.10276732272392,0.792648709315376,"chondrogen","N",5,"SERPINA3-KD",6,12
"ENSG00000110237",7.8223418324597,0.672839506172839,"chondrogen","N",5,"SERPINA3-KD",6,12
"ENSG00000110315",10.6345671856284,0.910213243546577,"chondrogen","N",5,"SERPINA3-KD",6,12
"ENSG00000110328",7.08850962880572,0.604657687991021,"chondrogen","N",5,"SERPINA3-KD",6,12
"ENSG00000110375",1.80682767433753,0.108585858585859,"chondrogen","N",5,"SERPINA3-KD",6,12
"ENSG00000110395",8.83589293558149,0.765432098765432,"chondrogen","N",5,"SERPINA3-KD",6,12
"ENSG00000110700",12.8207200243489,0.984287317620651,"chondrogen","N",5,"SERPINA3-KD",6,12
"ENSG00000110756",9.52011858461663,0.831649831649832,"chondrogen","N",5,"SERPINA3-KD",6,12
"ENSG00000110768",10.0825643225499,0.877665544332211,"chondrogen","N",5,"SERPINA3-KD",6,12
"ENSG00000110852",8.24207312097861,0.705948372615039,"chondrogen","N",5,"SERPINA3-KD",6,12
"ENSG00000110917",10.8304537038351,0.926206509539843,"chondrogen","N",5,"SERPINA3-KD",6,12
"ENSG00000110925",8.41479330249591,0.72334455667789,"chondrogen","N",5,"SERPINA3-KD",6,12
"ENSG00000110944",2.99135611015177,0.25364758698092,"chondrogen","N",5,"SERPINA3-KD",6,12
"ENSG00000110955",13.3033780399231,0.990179573512907,"chondrogen","N",5,"SERPINA3-KD",6,12
"ENSG00000110987",6.6094824619849,0.562850729517396,"chondrogen","N",5,"SERPINA3-KD",6,12
"ENSG00000111052",8.92274964653795,0.773288439955107,"chondrogen","N",5,"SERPINA3-KD",6,12
"ENSG00000111058",7.53266073857803,0.648989898989899,"chondrogen","N",5,"SERPINA3-KD",6,12
"ENSG00000111145",11.4243319163961,0.95314253647587,"chondrogen","N",5,"SERPINA3-KD",6,12
"ENSG00000111231",9.9150242606126,0.864478114478115,"chondrogen","N",5,"SERPINA3-KD",6,12
"ENSG00000111254",3.45539268385812,0.295454545454545,"chondrogen","N",5,"SERPINA3-KD",6,12
"ENSG00000111261",6.2858319607222,0.534511784511784,"chondrogen","N",5,"SERPINA3-KD",6,12
"ENSG00000111266",7.17367339519159,0.611111111111111,"chondrogen","N",5,"SERPINA3-KD",6,12
"ENSG00000111269",7.97482940412641,0.687429854096521,"chondrogen","N",5,"SERPINA3-KD",6,12
"ENSG00000111328",10.4926127026226,0.905443322109989,"chondrogen","N",5,"SERPINA3-KD",6,12
"ENSG00000111348",4.52606982020629,0.386083052749719,"chondrogen","N",5,"SERPINA3-KD",6,12
"ENSG00000111405",0.924141275431875,0.021324354657688,"chondrogen","N",5,"SERPINA3-KD",6,12
"ENSG00000111412",7.88600205289136,0.677890011223345,"chondrogen","N",5,"SERPINA3-KD",6,12
"ENSG00000111639",11.4028974108726,0.952300785634119,"chondrogen","N",5,"SERPINA3-KD",6,12
"ENSG00000111644",1.87255124949709,0.115319865319865,"chondrogen","N",5,"SERPINA3-KD",6,12
"ENSG00000111674",10.4551961444522,0.901515151515151,"chondrogen","N",5,"SERPINA3-KD",6,12
"ENSG00000111775",12.0938098608789,0.972502805836139,"chondrogen","N",5,"SERPINA3-KD",6,12
"ENSG00000111816",7.50957989239974,0.646184062850729,"chondrogen","N",5,"SERPINA3-KD",6,12
"ENSG00000111843",10.4117177291104,0.897867564534231,"chondrogen","N",5,"SERPINA3-KD",6,12
"ENSG00000111845",9.74598769862534,0.85297418630752,"chondrogen","N",5,"SERPINA3-KD",6,12
"ENSG00000111875",10.6438411125089,0.910774410774411,"chondrogen","N",5,"SERPINA3-KD",6,12
"ENSG00000111885",9.12550601081479,0.794612794612795,"chondrogen","N",5,"SERPINA3-KD",6,12
"ENSG00000111897",13.7277728223819,0.992143658810326,"chondrogen","N",5,"SERPINA3-KD",6,12
"ENSG00000111911",8.62642660009575,0.741301907968575,"chondrogen","N",5,"SERPINA3-KD",6,12
"ENSG00000111962",7.63174552296046,0.657968574635241,"chondrogen","N",5,"SERPINA3-KD",6,12
"ENSG00000111981",4.84780484436732,0.410213243546577,"chondrogen","N",5,"SERPINA3-KD",6,12
"ENSG00000112039",4.3381168819625,0.37317620650954,"chondrogen","N",5,"SERPINA3-KD",6,12
"ENSG00000112079",9.91183081388432,0.864197530864197,"chondrogen","N",5,"SERPINA3-KD",6,12
"ENSG00000112175",3.12235448034705,0.265432098765432,"chondrogen","N",5,"SERPINA3-KD",6,12
"ENSG00000112195",0.916760516446603,0.0204826038159371,"chondrogen","N",5,"SERPINA3-KD",6,12
"ENSG00000112218",2.43499010669596,0.189674523007856,"chondrogen","N",5,"SERPINA3-KD",6,12
"ENSG00000112234",9.45069030087396,0.826879910213244,"chondrogen","N",5,"SERPINA3-KD",6,12
"ENSG00000112299",2.96187137777087,0.250841750841751,"chondrogen","N",5,"SERPINA3-KD",6,12
"ENSG00000112306",10.826768533392,0.925925925925926,"chondrogen","N",5,"SERPINA3-KD",6,12
"ENSG00000112365",6.4886286521319,0.551907968574635,"chondrogen","N",5,"SERPINA3-KD",6,12
"ENSG00000112379",4.91911898403201,0.416666666666667,"chondrogen","N",5,"SERPINA3-KD",6,12
"ENSG00000112406",8.96523425766491,0.777777777777778,"chondrogen","N",5,"SERPINA3-KD",6,12
"ENSG00000112599",4.19762879772538,0.362514029180696,"chondrogen","N",5,"SERPINA3-KD",6,12
"ENSG00000112619",4.53943428656555,0.386644219977553,"chondrogen","N",5,"SERPINA3-KD",6,12
"ENSG00000112658",6.09439591040492,0.517115600448934,"chondrogen","N",5,"SERPINA3-KD",6,12
"ENSG00000112852",6.14269918462384,0.520763187429854,"chondrogen","N",5,"SERPINA3-KD",6,12
"ENSG00000112877",3.54918634288751,0.305555555555556,"chondrogen","N",5,"SERPINA3-KD",6,12
"ENSG00000112981",5.99890697420904,0.507295173961841,"chondrogen","N",5,"SERPINA3-KD",6,12
"ENSG00000113070",6.72205837353226,0.571268237934905,"chondrogen","N",5,"SERPINA3-KD",6,12
"ENSG00000113205",2.64828329347633,0.214085297418631,"chondrogen","N",5,"SERPINA3-KD",6,12
"ENSG00000113209",5.33730987421071,0.44949494949495,"chondrogen","N",5,"SERPINA3-KD",6,12
"ENSG00000113211",5.43430554463731,0.459034792368126,"chondrogen","N",5,"SERPINA3-KD",6,12
"ENSG00000113212",6.78314557554495,0.576599326599327,"chondrogen","N",5,"SERPINA3-KD",6,12
"ENSG00000113248",5.21921558021189,0.438832772166106,"chondrogen","N",5,"SERPINA3-KD",6,12
"ENSG00000113369",13.4998280049018,0.991021324354658,"chondrogen","N",5,"SERPINA3-KD",6,12
"ENSG00000113555",2.46564276210021,0.192760942760943,"chondrogen","N",5,"SERPINA3-KD",6,12
"ENSG00000113583",13.0499395883136,0.987934904601571,"chondrogen","N",5,"SERPINA3-KD",6,12
"ENSG00000113643",11.9124470799222,0.9668911335578,"chondrogen","N",5,"SERPINA3-KD",6,12
"ENSG00000113732",13.2733601775756,0.98989898989899,"chondrogen","N",5,"SERPINA3-KD",6,12
"ENSG00000113805",3.89800767136133,0.333052749719416,"chondrogen","N",5,"SERPINA3-KD",6,12
"ENSG00000113946",1.11278592792826,0.0345117845117845,"chondrogen","N",5,"SERPINA3-KD",6,12
"ENSG00000114107",9.16622556620939,0.798540965207632,"chondrogen","N",5,"SERPINA3-KD",6,12
"ENSG00000114166",7.02336619253378,0.599326599326599,"chondrogen","N",5,"SERPINA3-KD",6,12
"ENSG00000114315",6.29880924126127,0.537037037037037,"chondrogen","N",5,"SERPINA3-KD",6,12
"ENSG00000114446",10.7168243188848,0.915824915824916,"chondrogen","N",5,"SERPINA3-KD",6,12
"ENSG00000114638",2.8268841656061,0.2334455667789,"chondrogen","N",5,"SERPINA3-KD",6,12
"ENSG00000114686",11.589492321338,0.957631874298541,"chondrogen","N",5,"SERPINA3-KD",6,12
"ENSG00000114744",10.8774803153333,0.929292929292929,"chondrogen","N",5,"SERPINA3-KD",6,12
"ENSG00000114767",8.20372066193908,0.703423120089787,"chondrogen","N",5,"SERPINA3-KD",6,12
"ENSG00000114784",9.68568254465949,0.84652076318743,"chondrogen","N",5,"SERPINA3-KD",6,12
"ENSG00000114850",12.3849085217192,0.978675645342312,"chondrogen","N",5,"SERPINA3-KD",6,12
"ENSG00000114854",1.90426170587325,0.119809203142536,"chondrogen","N",5,"SERPINA3-KD",6,12
"ENSG00000114999",8.84703823820172,0.7665544332211,"chondrogen","N",5,"SERPINA3-KD",6,12
"ENSG00000115073",8.54365535900842,0.732884399551066,"chondrogen","N",5,"SERPINA3-KD",6,12
"ENSG00000115128",11.436274264535,0.954545454545455,"chondrogen","N",5,"SERPINA3-KD",6,12
"ENSG00000115361",2.73873164903337,0.222502805836139,"chondrogen","N",5,"SERPINA3-KD",6,12
"ENSG00000115461",12.8399036930895,0.985129068462402,"chondrogen","N",5,"SERPINA3-KD",6,12
"ENSG00000115474",4.1834884463069,0.360549943883277,"chondrogen","N",5,"SERPINA3-KD",6,12
"ENSG00000115520",11.0762806715446,0.941077441077441,"chondrogen","N",5,"SERPINA3-KD",6,12
"ENSG00000115942",8.96485644305594,0.777497194163861,"chondrogen","N",5,"SERPINA3-KD",6,12
"ENSG00000115946",10.0387901407555,0.874859708193041,"chondrogen","N",5,"SERPINA3-KD",6,12
"ENSG00000115998",8.74161809794272,0.75280583613917,"chondrogen","N",5,"SERPINA3-KD",6,12
"ENSG00000116035",2.17080822718212,0.156846240179574,"chondrogen","N",5,"SERPINA3-KD",6,12
"ENSG00000116096",7.81398342846977,0.671156004489338,"chondrogen","N",5,"SERPINA3-KD",6,12
"ENSG00000116157",9.93074060779082,0.865600448933782,"chondrogen","N",5,"SERPINA3-KD",6,12
"ENSG00000116273",7.56682938394981,0.651795735129068,"chondrogen","N",5,"SERPINA3-KD",6,12
"ENSG00000116574",6.17967676429882,0.525252525252525,"chondrogen","N",5,"SERPINA3-KD",6,12
"ENSG00000116704",10.6656845422825,0.913019079685746,"chondrogen","N",5,"SERPINA3-KD",6,12
"ENSG00000116741",11.2932066586296,0.948372615039282,"chondrogen","N",5,"SERPINA3-KD",6,12
"ENSG00000116752",10.8508357400443,0.927890011223345,"chondrogen","N",5,"SERPINA3-KD",6,12
"ENSG00000116771",4.45650000550901,0.380751964085297,"chondrogen","N",5,"SERPINA3-KD",6,12
"ENSG00000116819",1.66354280921162,0.0928731762065095,"chondrogen","N",5,"SERPINA3-KD",6,12
"ENSG00000116903",7.77997794938772,0.669191919191919,"chondrogen","N",5,"SERPINA3-KD",6,12
"ENSG00000116954",8.81389472185517,0.76290684624018,"chondrogen","N",5,"SERPINA3-KD",6,12
"ENSG00000117000",10.8754293155233,0.929012345679012,"chondrogen","N",5,"SERPINA3-KD",6,12
"ENSG00000117318",13.8189397403218,0.993265993265993,"chondrogen","N",5,"SERPINA3-KD",6,12
"ENSG00000117592",11.9904895612736,0.969416386083053,"chondrogen","N",5,"SERPINA3-KD",6,12
"ENSG00000117676",3.5076871123245,0.301066217732884,"chondrogen","N",5,"SERPINA3-KD",6,12
"ENSG00000118181",11.9095405438854,0.966610549943883,"chondrogen","N",5,"SERPINA3-KD",6,12
"ENSG00000118217",10.8187011612488,0.925645342312009,"chondrogen","N",5,"SERPINA3-KD",6,12
"ENSG00000118292",8.11445694140085,0.698653198653199,"chondrogen","N",5,"SERPINA3-KD",6,12
"ENSG00000118402",8.72839554377401,0.751402918069585,"chondrogen","N",5,"SERPINA3-KD",6,12
"ENSG00000118412",7.03241196361133,0.600448933782267,"chondrogen","N",5,"SERPINA3-KD",6,12
"ENSG00000118496",9.61867301586798,0.839506172839506,"chondrogen","N",5,"SERPINA3-KD",6,12
"ENSG00000118508",6.66571890278024,0.567340067340067,"chondrogen","N",5,"SERPINA3-KD",6,12
"ENSG00000118523",13.1901306124908,0.988776655443322,"chondrogen","N",5,"SERPINA3-KD",6,12
"ENSG00000118526",3.69512772651016,0.319584736251403,"chondrogen","N",5,"SERPINA3-KD",6,12
"ENSG00000118655",6.90974694681922,0.588945005611672,"chondrogen","N",5,"SERPINA3-KD",6,12
"ENSG00000118762",9.23753530564894,0.807239057239057,"chondrogen","N",5,"SERPINA3-KD",6,12
"ENSG00000118804",9.01848267709308,0.782828282828283,"chondrogen","N",5,"SERPINA3-KD",6,12
"ENSG00000118971",7.79066396456048,0.669753086419753,"chondrogen","N",5,"SERPINA3-KD",6,12
"ENSG00000118972",12.9530290412539,0.985970819304153,"chondrogen","N",5,"SERPINA3-KD",6,12
"ENSG00000119048",11.4309916927405,0.954264870931538,"chondrogen","N",5,"SERPINA3-KD",6,12
"ENSG00000119138",9.89918236174564,0.86307519640853,"chondrogen","N",5,"SERPINA3-KD",6,12
"ENSG00000119227",4.10398916961752,0.351851851851852,"chondrogen","N",5,"SERPINA3-KD",6,12
"ENSG00000119242",7.8826489652872,0.677048260381594,"chondrogen","N",5,"SERPINA3-KD",6,12
"ENSG00000119421",10.4175518743375,0.898989898989899,"chondrogen","N",5,"SERPINA3-KD",6,12
"ENSG00000119514",1.55464661701801,0.0827721661054994,"chondrogen","N",5,"SERPINA3-KD",6,12
"ENSG00000119547",1.88423767238296,0.117003367003367,"chondrogen","N",5,"SERPINA3-KD",6,12
"ENSG00000119632",9.64252556322385,0.842031425364759,"chondrogen","N",5,"SERPINA3-KD",6,12
"ENSG00000119640",6.73881443269286,0.572671156004489,"chondrogen","N",5,"SERPINA3-KD",6,12
"ENSG00000119669",9.69831221360269,0.847923681257015,"chondrogen","N",5,"SERPINA3-KD",6,12
"ENSG00000119699",8.32990558148397,0.715488215488216,"chondrogen","N",5,"SERPINA3-KD",6,12
"ENSG00000119737",1.96229866647106,0.125982042648709,"chondrogen","N",5,"SERPINA3-KD",6,12
"ENSG00000119865",9.44621445519932,0.82631874298541,"chondrogen","N",5,"SERPINA3-KD",6,12
"ENSG00000119878",10.4174987096513,0.898709315375982,"chondrogen","N",5,"SERPINA3-KD",6,12
"ENSG00000119900",8.25693318139226,0.707070707070707,"chondrogen","N",5,"SERPINA3-KD",6,12
"ENSG00000119913",2.25954593230733,0.168911335578002,"chondrogen","N",5,"SERPINA3-KD",6,12
"ENSG00000119915",6.99431356944008,0.597081930415264,"chondrogen","N",5,"SERPINA3-KD",6,12
"ENSG00000119938",11.4262303309447,0.953423120089787,"chondrogen","N",5,"SERPINA3-KD",6,12
"ENSG00000119986",9.60833509153507,0.838664421997755,"chondrogen","N",5,"SERPINA3-KD",6,12
"ENSG00000120057",1.03323467407191,0.0283389450056117,"chondrogen","N",5,"SERPINA3-KD",6,12
"ENSG00000120075",4.91276210398374,0.41638608305275,"chondrogen","N",5,"SERPINA3-KD",6,12
"ENSG00000120129",12.0457432641672,0.971099887766554,"chondrogen","N",5,"SERPINA3-KD",6,12
"ENSG00000120137",9.59690036336692,0.837261503928171,"chondrogen","N",5,"SERPINA3-KD",6,12
"ENSG00000120210",3.85743690743658,0.331088664421998,"chondrogen","N",5,"SERPINA3-KD",6,12
"ENSG00000120279",2.63490407260218,0.212401795735129,"chondrogen","N",5,"SERPINA3-KD",6,12
"ENSG00000120322",2.01994043248347,0.135521885521886,"chondrogen","N",5,"SERPINA3-KD",6,12
"ENSG00000120324",5.37350007732325,0.454264870931538,"chondrogen","N",5,"SERPINA3-KD",6,12
"ENSG00000120327",6.28602576172894,0.534792368125701,"chondrogen","N",5,"SERPINA3-KD",6,12
"ENSG00000120328",4.00091857124331,0.342312008978676,"chondrogen","N",5,"SERPINA3-KD",6,12
"ENSG00000120333",10.2873252094353,0.891133557800225,"chondrogen","N",5,"SERPINA3-KD",6,12
"ENSG00000120437",9.57296819183659,0.835858585858586,"chondrogen","N",5,"SERPINA3-KD",6,12
"ENSG00000120675",11.1381387973818,0.943602693602694,"chondrogen","N",5,"SERPINA3-KD",6,12
"ENSG00000120688",9.76909366079288,0.855218855218855,"chondrogen","N",5,"SERPINA3-KD",6,12
"ENSG00000120696",8.59057002637913,0.738496071829405,"chondrogen","N",5,"SERPINA3-KD",6,12
"ENSG00000120738",10.0549332601231,0.875982042648709,"chondrogen","N",5,"SERPINA3-KD",6,12
"ENSG00000120800",8.35566382337449,0.718294051627385,"chondrogen","N",5,"SERPINA3-KD",6,12
"ENSG00000120837",9.63806434838335,0.841750841750842,"chondrogen","N",5,"SERPINA3-KD",6,12
"ENSG00000120875",8.63596219734522,0.742985409652076,"chondrogen","N",5,"SERPINA3-KD",6,12
"ENSG00000121005",9.7161755113525,0.849046015712682,"chondrogen","N",5,"SERPINA3-KD",6,12
"ENSG00000121058",9.09248918695994,0.789842873176206,"chondrogen","N",5,"SERPINA3-KD",6,12
"ENSG00000121089",5.08959187381316,0.429573512906846,"chondrogen","N",5,"SERPINA3-KD",6,12
"ENSG00000121104",5.5180143256195,0.465488215488216,"chondrogen","N",5,"SERPINA3-KD",6,12
"ENSG00000121211",4.13873187327763,0.355499438832772,"chondrogen","N",5,"SERPINA3-KD",6,12
"ENSG00000121297",8.46315443147253,0.728114478114478,"chondrogen","N",5,"SERPINA3-KD",6,12
"ENSG00000121318",2.21602694341493,0.162457912457912,"chondrogen","N",5,"SERPINA3-KD",6,12
"ENSG00000121361",7.89188835593691,0.679012345679012,"chondrogen","N",5,"SERPINA3-KD",6,12
"ENSG00000121406",7.4408783135236,0.63973063973064,"chondrogen","N",5,"SERPINA3-KD",6,12
"ENSG00000121454",3.5489464038695,0.305274971941639,"chondrogen","N",5,"SERPINA3-KD",6,12
"ENSG00000121552",4.9522761354179,0.419191919191919,"chondrogen","N",5,"SERPINA3-KD",6,12
"ENSG00000121621",7.21390527639406,0.615881032547699,"chondrogen","N",5,"SERPINA3-KD",6,12
"ENSG00000121691",11.2205356210641,0.946408529741863,"chondrogen","N",5,"SERPINA3-KD",6,12
"ENSG00000121769",5.41185207740641,0.457912457912458,"chondrogen","N",5,"SERPINA3-KD",6,12
"ENSG00000121879",9.26662768839901,0.810606060606061,"chondrogen","N",5,"SERPINA3-KD",6,12
"ENSG00000121895",2.14012855918788,0.154040404040404,"chondrogen","N",5,"SERPINA3-KD",6,12
"ENSG00000121966",1.05039159400018,0.0297418630751964,"chondrogen","N",5,"SERPINA3-KD",6,12
"ENSG00000122035",5.51762504449793,0.465207631874299,"chondrogen","N",5,"SERPINA3-KD",6,12
"ENSG00000122254",4.10264147415208,0.351290684624018,"chondrogen","N",5,"SERPINA3-KD",6,12
"ENSG00000122484",9.89574760203373,0.862233445566779,"chondrogen","N",5,"SERPINA3-KD",6,12
"ENSG00000122592",8.25815223661854,0.707351290684624,"chondrogen","N",5,"SERPINA3-KD",6,12
"ENSG00000122692",11.0100573693076,0.936026936026936,"chondrogen","N",5,"SERPINA3-KD",6,12
"ENSG00000122862",13.3531697267651,0.990740740740741,"chondrogen","N",5,"SERPINA3-KD",6,12
"ENSG00000122863",8.40657094870493,0.721941638608305,"chondrogen","N",5,"SERPINA3-KD",6,12
"ENSG00000122971",6.08312430127073,0.515712682379349,"chondrogen","N",5,"SERPINA3-KD",6,12
"ENSG00000123066",10.3278209589954,0.89337822671156,"chondrogen","N",5,"SERPINA3-KD",6,12
"ENSG00000123091",10.076866752172,0.877104377104377,"chondrogen","N",5,"SERPINA3-KD",6,12
"ENSG00000123095",9.09779739443718,0.791245791245791,"chondrogen","N",5,"SERPINA3-KD",6,12
"ENSG00000123268",9.99785833853013,0.872615039281706,"chondrogen","N",5,"SERPINA3-KD",6,12
"ENSG00000123364",1.3750141652538,0.0603254769921437,"chondrogen","N",5,"SERPINA3-KD",6,12
"ENSG00000123388",6.34147798459305,0.54040404040404,"chondrogen","N",5,"SERPINA3-KD",6,12
"ENSG00000123444",7.69599106892071,0.663019079685746,"chondrogen","N",5,"SERPINA3-KD",6,12
"ENSG00000123496",5.00582707608369,0.424242424242424,"chondrogen","N",5,"SERPINA3-KD",6,12
"ENSG00000123545",9.30472670764944,0.814814814814815,"chondrogen","N",5,"SERPINA3-KD",6,12
"ENSG00000123570",5.0626719272739,0.427048260381594,"chondrogen","N",5,"SERPINA3-KD",6,12
"ENSG00000123575",8.75708857616062,0.754769921436588,"chondrogen","N",5,"SERPINA3-KD",6,12
"ENSG00000123595",9.63280565383133,0.841189674523008,"chondrogen","N",5,"SERPINA3-KD",6,12
"ENSG00000123610",11.0179212014104,0.937710437710438,"chondrogen","N",5,"SERPINA3-KD",6,12
"ENSG00000123685",2.32699805591659,0.175925925925926,"chondrogen","N",5,"SERPINA3-KD",6,12
"ENSG00000123689",8.58318456283656,0.737934904601571,"chondrogen","N",5,"SERPINA3-KD",6,12
"ENSG00000123700",9.74089221418039,0.852413019079686,"chondrogen","N",5,"SERPINA3-KD",6,12
"ENSG00000123810",6.71092873167695,0.570426487093154,"chondrogen","N",5,"SERPINA3-KD",6,12
"ENSG00000123901",3.62229389608661,0.312008978675645,"chondrogen","N",5,"SERPINA3-KD",6,12
"ENSG00000123975",9.42519663431677,0.824915824915825,"chondrogen","N",5,"SERPINA3-KD",6,12
"ENSG00000123999",2.57735424551966,0.20314253647587,"chondrogen","N",5,"SERPINA3-KD",6,12
"ENSG00000124102",2.01315430397467,0.134118967452301,"chondrogen","N",5,"SERPINA3-KD",6,12
"ENSG00000124107",5.85847142552232,0.495791245791246,"chondrogen","N",5,"SERPINA3-KD",6,12
"ENSG00000124134",4.09473688338693,0.350729517396184,"chondrogen","N",5,"SERPINA3-KD",6,12
"ENSG00000124145",12.3850504929302,0.978956228956229,"chondrogen","N",5,"SERPINA3-KD",6,12
"ENSG00000124171",8.27646270256153,0.709315375982043,"chondrogen","N",5,"SERPINA3-KD",6,12
"ENSG00000124209",9.65034870483189,0.843434343434343,"chondrogen","N",5,"SERPINA3-KD",6,12
"ENSG00000124212",7.64048351113322,0.658810325476992,"chondrogen","N",5,"SERPINA3-KD",6,12
"ENSG00000124216",9.47145801349496,0.828002244668911,"chondrogen","N",5,"SERPINA3-KD",6,12
"ENSG00000124217",8.09689548059898,0.696969696969697,"chondrogen","N",5,"SERPINA3-KD",6,12
"ENSG00000124249",2.85073983735984,0.23625140291807,"chondrogen","N",5,"SERPINA3-KD",6,12
"ENSG00000124257",2.63641058453058,0.212682379349046,"chondrogen","N",5,"SERPINA3-KD",6,12
"ENSG00000124374",5.70243418810922,0.483164983164983,"chondrogen","N",5,"SERPINA3-KD",6,12
"ENSG00000124466",6.07447476270109,0.515151515151515,"chondrogen","N",5,"SERPINA3-KD",6,12
"ENSG00000124541",6.43643998562695,0.548260381593715,"chondrogen","N",5,"SERPINA3-KD",6,12
"ENSG00000124608",6.44608085138823,0.549102132435466,"chondrogen","N",5,"SERPINA3-KD",6,12
"ENSG00000124610",1.25505733938174,0.0474186307519641,"chondrogen","N",5,"SERPINA3-KD",6,12
"ENSG00000124613",6.30935578474088,0.537317620650954,"chondrogen","N",5,"SERPINA3-KD",6,12
"ENSG00000124635",5.82750598330157,0.492424242424242,"chondrogen","N",5,"SERPINA3-KD",6,12
"ENSG00000124659",9.87795210771711,0.860830527497194,"chondrogen","N",5,"SERPINA3-KD",6,12
"ENSG00000124701",4.09052614590887,0.35016835016835,"chondrogen","N",5,"SERPINA3-KD",6,12
"ENSG00000124733",10.888029898966,0.93013468013468,"chondrogen","N",5,"SERPINA3-KD",6,12
"ENSG00000124743",4.32728937628385,0.371492704826038,"chondrogen","N",5,"SERPINA3-KD",6,12
"ENSG00000124766",13.7688503457649,0.992704826038159,"chondrogen","N",5,"SERPINA3-KD",6,12
"ENSG00000124767",12.1261188983594,0.973905723905724,"chondrogen","N",5,"SERPINA3-KD",6,12
"ENSG00000124784",9.96622735512389,0.868406285072952,"chondrogen","N",5,"SERPINA3-KD",6,12
"ENSG00000124785",8.94042004865831,0.774971941638608,"chondrogen","N",5,"SERPINA3-KD",6,12
"ENSG00000124882",5.63928711252456,0.477833894500561,"chondrogen","N",5,"SERPINA3-KD",6,12
"ENSG00000124935",1.24326122264523,0.0460157126823793,"chondrogen","N",5,"SERPINA3-KD",6,12
"ENSG00000125148",13.5533329502222,0.991301907968575,"chondrogen","N",5,"SERPINA3-KD",6,12
"ENSG00000125249",9.09660627863919,0.790965207631874,"chondrogen","N",5,"SERPINA3-KD",6,12
"ENSG00000125266",5.74947406238529,0.487934904601571,"chondrogen","N",5,"SERPINA3-KD",6,12
"ENSG00000125352",8.82935913760921,0.76374859708193,"chondrogen","N",5,"SERPINA3-KD",6,12
"ENSG00000125356",10.3652436487682,0.894219977553311,"chondrogen","N",5,"SERPINA3-KD",6,12
"ENSG00000125384",9.67784929863662,0.845679012345679,"chondrogen","N",5,"SERPINA3-KD",6,12
"ENSG00000125398",10.5421018266986,0.907968574635241,"chondrogen","N",5,"SERPINA3-KD",6,12
"ENSG00000125430",11.7002222767478,0.95959595959596,"chondrogen","N",5,"SERPINA3-KD",6,12
"ENSG00000125449",6.44199434958937,0.548540965207632,"chondrogen","N",5,"SERPINA3-KD",6,12
"ENSG00000125458",7.96842795791871,0.686868686868687,"chondrogen","N",5,"SERPINA3-KD",6,12
"ENSG00000125650",4.46084240227482,0.381032547699214,"chondrogen","N",5,"SERPINA3-KD",6,12
"ENSG00000125652",8.2869824713247,0.71043771043771,"chondrogen","N",5,"SERPINA3-KD",6,12
"ENSG00000125657",1.33752169823788,0.0569584736251403,"chondrogen","N",5,"SERPINA3-KD",6,12
"ENSG00000125741",8.07661613065275,0.696127946127946,"chondrogen","N",5,"SERPINA3-KD",6,12
"ENSG00000125817",6.31398201243987,0.537598204264871,"chondrogen","N",5,"SERPINA3-KD",6,12
"ENSG00000125827",11.4012947625791,0.952020202020202,"chondrogen","N",5,"SERPINA3-KD",6,12
"ENSG00000125845",6.57044244621499,0.559203142536476,"chondrogen","N",5,"SERPINA3-KD",6,12
"ENSG00000125901",9.20521473995261,0.804152637485971,"chondrogen","N",5,"SERPINA3-KD",6,12
"ENSG00000125954",9.49634561463788,0.828563411896745,"chondrogen","N",5,"SERPINA3-KD",6,12
"ENSG00000125965",9.25810444870966,0.810044893378227,"chondrogen","N",5,"SERPINA3-KD",6,12
"ENSG00000125968",10.8306087072185,0.92648709315376,"chondrogen","N",5,"SERPINA3-KD",6,12
"ENSG00000125977",12.4545063446035,0.980078563411897,"chondrogen","N",5,"SERPINA3-KD",6,12
"ENSG00000126003",6.64906545052361,0.565937149270483,"chondrogen","N",5,"SERPINA3-KD",6,12
"ENSG00000126062",8.92994335883315,0.774410774410774,"chondrogen","N",5,"SERPINA3-KD",6,12
"ENSG00000126243",3.45975017930394,0.296015712682379,"chondrogen","N",5,"SERPINA3-KD",6,12
"ENSG00000126249",5.89808550118198,0.499438832772166,"chondrogen","N",5,"SERPINA3-KD",6,12
"ENSG00000126262",2.67125751305925,0.216329966329966,"chondrogen","N",5,"SERPINA3-KD",6,12
"ENSG00000126353",1.41763272717152,0.0679012345679012,"chondrogen","N",5,"SERPINA3-KD",6,12
"ENSG00000126368",9.59987706370593,0.837822671156005,"chondrogen","N",5,"SERPINA3-KD",6,12
"ENSG00000126458",7.35587922743106,0.630190796857463,"chondrogen","N",5,"SERPINA3-KD",6,12
"ENSG00000126603",5.13356354408316,0.432659932659933,"chondrogen","N",5,"SERPINA3-KD",6,12
"ENSG00000126775",7.96477018143827,0.686026936026936,"chondrogen","N",5,"SERPINA3-KD",6,12
"ENSG00000126814",9.29007038238865,0.812850729517396,"chondrogen","N",5,"SERPINA3-KD",6,12
"ENSG00000126821",6.827930384393,0.581649831649832,"chondrogen","N",5,"SERPINA3-KD",6,12
"ENSG00000126861",3.57681925664433,0.309483726150393,"chondrogen","N",5,"SERPINA3-KD",6,12
"ENSG00000126945",12.1905509722157,0.975589225589226,"chondrogen","N",5,"SERPINA3-KD",6,12
"ENSG00000126950",4.30812144932335,0.370650953984287,"chondrogen","N",5,"SERPINA3-KD",6,12
"ENSG00000126953",7.79796345616344,0.670314253647587,"chondrogen","N",5,"SERPINA3-KD",6,12
"ENSG00000127022",14.2156322169311,0.995510662177329,"chondrogen","N",5,"SERPINA3-KD",6,12
"ENSG00000127083",11.2307910671493,0.94668911335578,"chondrogen","N",5,"SERPINA3-KD",6,12
"ENSG00000127125",10.5074605738879,0.906565656565657,"chondrogen","N",5,"SERPINA3-KD",6,12
"ENSG00000127220",3.75971221333223,0.325476992143659,"chondrogen","N",5,"SERPINA3-KD",6,12
"ENSG00000127252",2.34587274258419,0.177890011223345,"chondrogen","N",5,"SERPINA3-KD",6,12
"ENSG00000127324",2.23042404526533,0.164141414141414,"chondrogen","N",5,"SERPINA3-KD",6,12
"ENSG00000127337",8.04299740054216,0.693883277216611,"chondrogen","N",5,"SERPINA3-KD",6,12
"ENSG00000127364",2.81751097364937,0.232042648709315,"chondrogen","N",5,"SERPINA3-KD",6,12
"ENSG00000127366",1.88808146037183,0.117283950617284,"chondrogen","N",5,"SERPINA3-KD",6,12
"ENSG00000127452",9.03049160291946,0.783670033670034,"chondrogen","N",5,"SERPINA3-KD",6,12
"ENSG00000127528",5.37463384602985,0.454826038159372,"chondrogen","N",5,"SERPINA3-KD",6,12
"ENSG00000127530",4.92091389013372,0.417227833894501,"chondrogen","N",5,"SERPINA3-KD",6,12
"ENSG00000127533",4.04182919135597,0.34652076318743,"chondrogen","N",5,"SERPINA3-KD",6,12
"ENSG00000127720",7.48303793919255,0.643097643097643,"chondrogen","N",5,"SERPINA3-KD",6,12
"ENSG00000127743",2.52604997376282,0.197530864197531,"chondrogen","N",5,"SERPINA3-KD",6,12
"ENSG00000127774",9.22862775551208,0.806397306397306,"chondrogen","N",5,"SERPINA3-KD",6,12
"ENSG00000127884",11.3082518887355,0.94949494949495,"chondrogen","N",5,"SERPINA3-KD",6,12
"ENSG00000127920",10.7338663317757,0.918350168350168,"chondrogen","N",5,"SERPINA3-KD",6,12
"ENSG00000127951",3.05923102248391,0.259259259259259,"chondrogen","N",5,"SERPINA3-KD",6,12
"ENSG00000128000",5.93274830098677,0.503367003367003,"chondrogen","N",5,"SERPINA3-KD",6,12
"ENSG00000128016",6.84236709589099,0.583333333333333,"chondrogen","N",5,"SERPINA3-KD",6,12
"ENSG00000128045",8.65152146551201,0.744388327721661,"chondrogen","N",5,"SERPINA3-KD",6,12
"ENSG00000128050",11.7303749482865,0.960718294051627,"chondrogen","N",5,"SERPINA3-KD",6,12
"ENSG00000128059",10.1653696809814,0.883557800224467,"chondrogen","N",5,"SERPINA3-KD",6,12
"ENSG00000128165",3.56145620054402,0.307800224466891,"chondrogen","N",5,"SERPINA3-KD",6,12
"ENSG00000128203",6.95997530747699,0.594276094276094,"chondrogen","N",5,"SERPINA3-KD",6,12
"ENSG00000128228",8.33637855958098,0.716329966329966,"chondrogen","N",5,"SERPINA3-KD",6,12
"ENSG00000128266",2.83904744199115,0.234567901234568,"chondrogen","N",5,"SERPINA3-KD",6,12
"ENSG00000128283",7.84060973122754,0.673961840628507,"chondrogen","N",5,"SERPINA3-KD",6,12
"ENSG00000128285",5.18055191231856,0.436026936026936,"chondrogen","N",5,"SERPINA3-KD",6,12
"ENSG00000128342",5.48001829772576,0.46324354657688,"chondrogen","N",5,"SERPINA3-KD",6,12
"ENSG00000128408",2.17853681466295,0.157407407407407,"chondrogen","N",5,"SERPINA3-KD",6,12
"ENSG00000128524",10.8977507156048,0.930976430976431,"chondrogen","N",5,"SERPINA3-KD",6,12
"ENSG00000128534",9.33596834851667,0.818462401795735,"chondrogen","N",5,"SERPINA3-KD",6,12
"ENSG00000128590",11.7676834731371,0.961560044893378,"chondrogen","N",5,"SERPINA3-KD",6,12
"ENSG00000128594",2.03211957064355,0.137205387205387,"chondrogen","N",5,"SERPINA3-KD",6,12
"ENSG00000128626",8.31932261698568,0.714365881032548,"chondrogen","N",5,"SERPINA3-KD",6,12
"ENSG00000129009",10.4197623828346,0.899270482603816,"chondrogen","N",5,"SERPINA3-KD",6,12
"ENSG00000129028",6.28846449555233,0.535634118967452,"chondrogen","N",5,"SERPINA3-KD",6,12
"ENSG00000129048",2.92766536431428,0.245791245791246,"chondrogen","N",5,"SERPINA3-KD",6,12
"ENSG00000129151",4.17483242741591,0.359427609427609,"chondrogen","N",5,"SERPINA3-KD",6,12
"ENSG00000129194",2.46132918741043,0.191919191919192,"chondrogen","N",5,"SERPINA3-KD",6,12
"ENSG00000129244",2.89295843403563,0.241582491582492,"chondrogen","N",5,"SERPINA3-KD",6,12
"ENSG00000129355",6.0604413535622,0.513468013468014,"chondrogen","N",5,"SERPINA3-KD",6,12
"ENSG00000129465",3.44470434459673,0.294332210998878,"chondrogen","N",5,"SERPINA3-KD",6,12
"ENSG00000129467",4.5258662806422,0.385802469135802,"chondrogen","N",5,"SERPINA3-KD",6,12
"ENSG00000129559",10.7381124384392,0.918630751964085,"chondrogen","N",5,"SERPINA3-KD",6,12
"ENSG00000129596",10.123211319131,0.880471380471381,"chondrogen","N",5,"SERPINA3-KD",6,12
"ENSG00000129749",1.57541626708152,0.085016835016835,"chondrogen","N",5,"SERPINA3-KD",6,12
"ENSG00000129910",3.62626684433763,0.312570145903479,"chondrogen","N",5,"SERPINA3-KD",6,12
"ENSG00000129911",4.48033633705574,0.382716049382716,"chondrogen","N",5,"SERPINA3-KD",6,12
"ENSG00000129988",6.69510103718953,0.569304152637486,"chondrogen","N",5,"SERPINA3-KD",6,12
"ENSG00000130035",1.38564214550554,0.0620089786756453,"chondrogen","N",5,"SERPINA3-KD",6,12
"ENSG00000130176",5.53887104567907,0.467171717171717,"chondrogen","N",5,"SERPINA3-KD",6,12
"ENSG00000130193",4.68941863052227,0.398428731762065,"chondrogen","N",5,"SERPINA3-KD",6,12
"ENSG00000130312",9.87715761713667,0.860549943883277,"chondrogen","N",5,"SERPINA3-KD",6,12
"ENSG00000130313",8.63132962457631,0.742143658810326,"chondrogen","N",5,"SERPINA3-KD",6,12
"ENSG00000130368",3.2267690569057,0.27665544332211,"chondrogen","N",5,"SERPINA3-KD",6,12
"ENSG00000130382",7.07974615610678,0.603815937149271,"chondrogen","N",5,"SERPINA3-KD",6,12
"ENSG00000130402",10.3125908474832,0.892255892255892,"chondrogen","N",5,"SERPINA3-KD",6,12
"ENSG00000130449",8.21097083311891,0.704264870931538,"chondrogen","N",5,"SERPINA3-KD",6,12
"ENSG00000130513",7.09449457825596,0.604938271604938,"chondrogen","N",5,"SERPINA3-KD",6,12
"ENSG00000130522",6.07339032197521,0.514870931537598,"chondrogen","N",5,"SERPINA3-KD",6,12
"ENSG00000130560",7.67144353071894,0.660493827160494,"chondrogen","N",5,"SERPINA3-KD",6,12
"ENSG00000130561",3.32421885406333,0.284511784511784,"chondrogen","N",5,"SERPINA3-KD",6,12
"ENSG00000130592",9.71285734193174,0.848484848484849,"chondrogen","N",5,"SERPINA3-KD",6,12
"ENSG00000130595",3.90076374615846,0.33361391694725,"chondrogen","N",5,"SERPINA3-KD",6,12
"ENSG00000130725",6.96494613963951,0.595117845117845,"chondrogen","N",5,"SERPINA3-KD",6,12
"ENSG00000130748",4.50850647608763,0.384960718294052,"chondrogen","N",5,"SERPINA3-KD",6,12
"ENSG00000130758",2.91945029619733,0.244668911335578,"chondrogen","N",5,"SERPINA3-KD",6,12
"ENSG00000130766",8.92165518155587,0.77300785634119,"chondrogen","N",5,"SERPINA3-KD",6,12
"ENSG00000130827",8.03418870009465,0.692199775533109,"chondrogen","N",5,"SERPINA3-KD",6,12
"ENSG00000130921",9.10040628395827,0.792368125701459,"chondrogen","N",5,"SERPINA3-KD",6,12
"ENSG00000131013",10.8948554892118,0.930415263748597,"chondrogen","N",5,"SERPINA3-KD",6,12
"ENSG00000131015",7.95922388073568,0.685185185185185,"chondrogen","N",5,"SERPINA3-KD",6,12
"ENSG00000131097",1.48741773646011,0.0760381593714927,"chondrogen","N",5,"SERPINA3-KD",6,12
"ENSG00000131148",8.27049040974214,0.708754208754209,"chondrogen","N",5,"SERPINA3-KD",6,12
"ENSG00000131153",6.36784826930988,0.542929292929293,"chondrogen","N",5,"SERPINA3-KD",6,12
"ENSG00000131174",10.9597081966764,0.934904601571268,"chondrogen","N",5,"SERPINA3-KD",6,12
"ENSG00000131368",9.44001684795109,0.826038159371493,"chondrogen","N",5,"SERPINA3-KD",6,12
"ENSG00000131400",2.31327472886953,0.174523007856341,"chondrogen","N",5,"SERPINA3-KD",6,12
"ENSG00000131462",9.82094484267018,0.858305274971942,"chondrogen","N",5,"SERPINA3-KD",6,12
"ENSG00000131471",4.57760176040644,0.390291806958474,"chondrogen","N",5,"SERPINA3-KD",6,12
"ENSG00000131475",10.4791753119687,0.903759820426487,"chondrogen","N",5,"SERPINA3-KD",6,12
"ENSG00000131480",8.61977539072597,0.740460157126824,"chondrogen","N",5,"SERPINA3-KD",6,12
"ENSG00000131495",10.4292164285358,0.900112233445567,"chondrogen","N",5,"SERPINA3-KD",6,12
"ENSG00000131721",1.1585255682141,0.037317620650954,"chondrogen","N",5,"SERPINA3-KD",6,12
"ENSG00000131737",2.26386483583757,0.169191919191919,"chondrogen","N",5,"SERPINA3-KD",6,12
"ENSG00000131791",10.1106744928307,0.878787878787879,"chondrogen","N",5,"SERPINA3-KD",6,12
"ENSG00000131873",9.67241902738233,0.845398428731762,"chondrogen","N",5,"SERPINA3-KD",6,12
"ENSG00000131931",9.32708091174228,0.817620650953984,"chondrogen","N",5,"SERPINA3-KD",6,12
"ENSG00000131941",2.9140199797117,0.24354657687991,"chondrogen","N",5,"SERPINA3-KD",6,12
"ENSG00000132000",7.5706601908097,0.652076318742985,"chondrogen","N",5,"SERPINA3-KD",6,12
"ENSG00000132002",11.9992381348274,0.96969696969697,"chondrogen","N",5,"SERPINA3-KD",6,12
"ENSG00000132005",4.95419523133596,0.419472502805836,"chondrogen","N",5,"SERPINA3-KD",6,12
"ENSG00000132017",3.70586966517935,0.320426487093154,"chondrogen","N",5,"SERPINA3-KD",6,12
"ENSG00000132024",4.01731183586185,0.343995510662177,"chondrogen","N",5,"SERPINA3-KD",6,12
"ENSG00000132323",8.40999488998118,0.722502805836139,"chondrogen","N",5,"SERPINA3-KD",6,12
"ENSG00000132467",8.60394860156266,0.73989898989899,"chondrogen","N",5,"SERPINA3-KD",6,12
"ENSG00000132481",5.91160999530262,0.501402918069585,"chondrogen","N",5,"SERPINA3-KD",6,12
"ENSG00000132507",10.7716314521669,0.921997755331089,"chondrogen","N",5,"SERPINA3-KD",6,12
"ENSG00000132518",1.67492112610173,0.0937149270482604,"chondrogen","N",5,"SERPINA3-KD",6,12
"ENSG00000132522",8.64279659530005,0.744107744107744,"chondrogen","N",5,"SERPINA3-KD",6,12
"ENSG00000132661",9.20267215619054,0.803872053872054,"chondrogen","N",5,"SERPINA3-KD",6,12
"ENSG00000132718",10.4067668302012,0.89702581369248,"chondrogen","N",5,"SERPINA3-KD",6,12
"ENSG00000132801",4.97771111247826,0.420594837261504,"chondrogen","N",5,"SERPINA3-KD",6,12
"ENSG00000132825",5.0246737852719,0.425645342312009,"chondrogen","N",5,"SERPINA3-KD",6,12
"ENSG00000132846",5.52692659838275,0.466049382716049,"chondrogen","N",5,"SERPINA3-KD",6,12
"ENSG00000132963",12.6775805757547,0.982323232323232,"chondrogen","N",5,"SERPINA3-KD",6,12
"ENSG00000133111",3.58527948133329,0.310044893378227,"chondrogen","N",5,"SERPINA3-KD",6,12
"ENSG00000133116",1.77559699331764,0.105218855218855,"chondrogen","N",5,"SERPINA3-KD",6,12
"ENSG00000133398",10.4068465798621,0.897306397306397,"chondrogen","N",5,"SERPINA3-KD",6,12
"ENSG00000133639",9.73769669706654,0.851851851851852,"chondrogen","N",5,"SERPINA3-KD",6,12
"ENSG00000133800",1.7448847829853,0.101290684624018,"chondrogen","N",5,"SERPINA3-KD",6,12
"ENSG00000133863",0.828159743036532,0.0173961840628507,"chondrogen","N",5,"SERPINA3-KD",6,12
"ENSG00000133874",5.08858091067705,0.429292929292929,"chondrogen","N",5,"SERPINA3-KD",6,12
"ENSG00000133935",9.74712735049149,0.853254769921437,"chondrogen","N",5,"SERPINA3-KD",6,12
"ENSG00000133962",1.23577192295831,0.0451739618406285,"chondrogen","N",5,"SERPINA3-KD",6,12
"ENSG00000133985",1.17508579600228,0.0392817059483726,"chondrogen","N",5,"SERPINA3-KD",6,12
"ENSG00000134007",0.781677607337692,0.0145903479236813,"chondrogen","N",5,"SERPINA3-KD",6,12
"ENSG00000134030",6.13781756800514,0.520482603815937,"chondrogen","N",5,"SERPINA3-KD",6,12
"ENSG00000134049",11.6515478688426,0.959034792368126,"chondrogen","N",5,"SERPINA3-KD",6,12
"ENSG00000134061",1.6949402415638,0.095959595959596,"chondrogen","N",5,"SERPINA3-KD",6,12
"ENSG00000134070",6.8217459636666,0.57996632996633,"chondrogen","N",5,"SERPINA3-KD",6,12
"ENSG00000134107",11.1270330063824,0.94304152637486,"chondrogen","N",5,"SERPINA3-KD",6,12
"ENSG00000134259",5.97001055316711,0.505611672278339,"chondrogen","N",5,"SERPINA3-KD",6,12
"ENSG00000134333",15.4627504875674,0.998597081930415,"chondrogen","N",5,"SERPINA3-KD",6,12
"ENSG00000134339",6.92430352775266,0.590347923681257,"chondrogen","N",5,"SERPINA3-KD",6,12
"ENSG00000134489",2.41987229819528,0.187149270482604,"chondrogen","N",5,"SERPINA3-KD",6,12
"ENSG00000134533",6.98294174503016,0.595959595959596,"chondrogen","N",5,"SERPINA3-KD",6,12
"ENSG00000134594",5.28342442025061,0.443883277216611,"chondrogen","N",5,"SERPINA3-KD",6,12
"ENSG00000134757",3.56270821476449,0.308080808080808,"chondrogen","N",5,"SERPINA3-KD",6,12
"ENSG00000134809",8.34592082944305,0.717171717171717,"chondrogen","N",5,"SERPINA3-KD",6,12
"ENSG00000134830",6.06632132812165,0.514029180695847,"chondrogen","N",5,"SERPINA3-KD",6,12
"ENSG00000134962",2.45524647291329,0.191077441077441,"chondrogen","N",5,"SERPINA3-KD",6,12
"ENSG00000135045",4.67486369923834,0.397867564534231,"chondrogen","N",5,"SERPINA3-KD",6,12
"ENSG00000135097",1.76672001209818,0.10381593714927,"chondrogen","N",5,"SERPINA3-KD",6,12
"ENSG00000135211",9.1134450924711,0.794332210998878,"chondrogen","N",5,"SERPINA3-KD",6,12
"ENSG00000135249",10.2186079235579,0.887766554433221,"chondrogen","N",5,"SERPINA3-KD",6,12
"ENSG00000135316",1.02302110526753,0.0277777777777778,"chondrogen","N",5,"SERPINA3-KD",6,12
"ENSG00000135324",2.72153452575175,0.220819304152637,"chondrogen","N",5,"SERPINA3-KD",6,12
"ENSG00000135334",9.7326090441741,0.851571268237935,"chondrogen","N",5,"SERPINA3-KD",6,12
"ENSG00000135346",1.35001383080386,0.0589225589225589,"chondrogen","N",5,"SERPINA3-KD",6,12
"ENSG00000135378",6.92104124935571,0.589786756453423,"chondrogen","N",5,"SERPINA3-KD",6,12
"ENSG00000135436",1.74648424327116,0.101571268237935,"chondrogen","N",5,"SERPINA3-KD",6,12
"ENSG00000135441",9.29859153141007,0.813692480359147,"chondrogen","N",5,"SERPINA3-KD",6,12
"ENSG00000135472",4.82161449153893,0.407968574635241,"chondrogen","N",5,"SERPINA3-KD",6,12
"ENSG00000135482",7.1087346702499,0.606060606060606,"chondrogen","N",5,"SERPINA3-KD",6,12
"ENSG00000135517",2.96965778515547,0.251683501683502,"chondrogen","N",5,"SERPINA3-KD",6,12
"ENSG00000135521",9.98862680055464,0.871773288439955,"chondrogen","N",5,"SERPINA3-KD",6,12
"ENSG00000135547",2.66653454698773,0.214927048260382,"chondrogen","N",5,"SERPINA3-KD",6,12
"ENSG00000135587",5.92419849844868,0.502525252525252,"chondrogen","N",5,"SERPINA3-KD",6,12
"ENSG00000135617",7.70599867288894,0.664141414141414,"chondrogen","N",5,"SERPINA3-KD",6,12
"ENSG00000135643",2.32638231934854,0.175645342312009,"chondrogen","N",5,"SERPINA3-KD",6,12
"ENSG00000135722",5.22338123180022,0.439674523007856,"chondrogen","N",5,"SERPINA3-KD",6,12
"ENSG00000135736",4.12777362115808,0.353815937149271,"chondrogen","N",5,"SERPINA3-KD",6,12
"ENSG00000135744",5.46191397759151,0.461279461279461,"chondrogen","N",5,"SERPINA3-KD",6,12
"ENSG00000135766",9.01673146257002,0.782267115600449,"chondrogen","N",5,"SERPINA3-KD",6,12
"ENSG00000135776",6.55974364562196,0.557519640852974,"chondrogen","N",5,"SERPINA3-KD",6,12
"ENSG00000135862",12.3410510761922,0.977553310886644,"chondrogen","N",5,"SERPINA3-KD",6,12
"ENSG00000135900",9.75241474625029,0.854377104377104,"chondrogen","N",5,"SERPINA3-KD",6,12
"ENSG00000135914",3.28814075821985,0.280864197530864,"chondrogen","N",5,"SERPINA3-KD",6,12
"ENSG00000135929",8.24078630885117,0.705667789001122,"chondrogen","N",5,"SERPINA3-KD",6,12
"ENSG00000135940",11.6235755899527,0.958754208754209,"chondrogen","N",5,"SERPINA3-KD",6,12
"ENSG00000135972",9.31030227003419,0.815375982042649,"chondrogen","N",5,"SERPINA3-KD",6,12
"ENSG00000136040",5.95822531427457,0.504769921436588,"chondrogen","N",5,"SERPINA3-KD",6,12
"ENSG00000136159",8.91378881791802,0.771885521885522,"chondrogen","N",5,"SERPINA3-KD",6,12
"ENSG00000136206",4.36625555696543,0.375140291806958,"chondrogen","N",5,"SERPINA3-KD",6,12
"ENSG00000136274",6.3430585086743,0.540684624017957,"chondrogen","N",5,"SERPINA3-KD",6,12
"ENSG00000136305",1.33970855005905,0.0572390572390572,"chondrogen","N",5,"SERPINA3-KD",6,12
"ENSG00000136383",3.2743957018878,0.279461279461279,"chondrogen","N",5,"SERPINA3-KD",6,12
"ENSG00000136451",10.0817291303262,0.877384960718294,"chondrogen","N",5,"SERPINA3-KD",6,12
"ENSG00000136463",6.29619752180888,0.53675645342312,"chondrogen","N",5,"SERPINA3-KD",6,12
"ENSG00000136478",8.76127660739584,0.755892255892256,"chondrogen","N",5,"SERPINA3-KD",6,12
"ENSG00000136490",6.85205327772779,0.585016835016835,"chondrogen","N",5,"SERPINA3-KD",6,12
"ENSG00000136514",3.71990093865766,0.322109988776655,"chondrogen","N",5,"SERPINA3-KD",6,12
"ENSG00000136542",11.9762478079019,0.968294051627385,"chondrogen","N",5,"SERPINA3-KD",6,12
"ENSG00000136634",3.77375882606907,0.326879910213244,"chondrogen","N",5,"SERPINA3-KD",6,12
"ENSG00000136720",6.10921494932084,0.518518518518518,"chondrogen","N",5,"SERPINA3-KD",6,12
"ENSG00000136888",12.6862534827205,0.982603815937149,"chondrogen","N",5,"SERPINA3-KD",6,12
"ENSG00000136897",10.6946724849002,0.914702581369248,"chondrogen","N",5,"SERPINA3-KD",6,12
"ENSG00000136928",3.03833200595029,0.258417508417508,"chondrogen","N",5,"SERPINA3-KD",6,12
"ENSG00000136938",10.9786505682946,0.935185185185185,"chondrogen","N",5,"SERPINA3-KD",6,12
"ENSG00000136982",6.67922222571899,0.568181818181818,"chondrogen","N",5,"SERPINA3-KD",6,12
"ENSG00000136999",7.97741084972158,0.687991021324355,"chondrogen","N",5,"SERPINA3-KD",6,12
"ENSG00000137038",9.32655055294213,0.817340067340067,"chondrogen","N",5,"SERPINA3-KD",6,12
"ENSG00000137124",9.93660162184712,0.866161616161616,"chondrogen","N",5,"SERPINA3-KD",6,12
"ENSG00000137142",4.64234520235963,0.394500561167228,"chondrogen","N",5,"SERPINA3-KD",6,12
"ENSG00000137168",8.87392909858548,0.768799102132436,"chondrogen","N",5,"SERPINA3-KD",6,12
"ENSG00000137267",9.56875159293464,0.835578002244669,"chondrogen","N",5,"SERPINA3-KD",6,12
"ENSG00000137273",4.14781492266765,0.356902356902357,"chondrogen","N",5,"SERPINA3-KD",6,12
"ENSG00000137338",7.51699445876504,0.646745230078563,"chondrogen","N",5,"SERPINA3-KD",6,12
"ENSG00000137364",9.84969510661378,0.859708193041526,"chondrogen","N",5,"SERPINA3-KD",6,12
"ENSG00000137414",8.24759836700346,0.706228956228956,"chondrogen","N",5,"SERPINA3-KD",6,12
"ENSG00000137434",1.6886485906906,0.0951178451178451,"chondrogen","N",5,"SERPINA3-KD",6,12
"ENSG00000137441",6.14546558198424,0.521324354657688,"chondrogen","N",5,"SERPINA3-KD",6,12
"ENSG00000137463",6.24245582722725,0.530864197530864,"chondrogen","N",5,"SERPINA3-KD",6,12
"ENSG00000137492",8.05948688036575,0.694444444444444,"chondrogen","N",5,"SERPINA3-KD",6,12
"ENSG00000137547",9.96425122266538,0.868125701459035,"chondrogen","N",5,"SERPINA3-KD",6,12
"ENSG00000137558",3.03480144755486,0.257856341189675,"chondrogen","N",5,"SERPINA3-KD",6,12
"ENSG00000137673",8.16397447773403,0.700617283950617,"chondrogen","N",5,"SERPINA3-KD",6,12
"ENSG00000137674",0.524607026526083,0.00813692480359147,"chondrogen","N",5,"SERPINA3-KD",6,12
"ENSG00000137700",3.43997722470928,0.293771043771044,"chondrogen","N",5,"SERPINA3-KD",6,12
"ENSG00000137714",6.6609828701352,0.566498316498317,"chondrogen","N",5,"SERPINA3-KD",6,12
"ENSG00000137720",8.04252156772347,0.693602693602694,"chondrogen","N",5,"SERPINA3-KD",6,12
"ENSG00000137842",5.64463389282134,0.478956228956229,"chondrogen","N",5,"SERPINA3-KD",6,12
"ENSG00000137868",2.00672334033102,0.132996632996633,"chondrogen","N",5,"SERPINA3-KD",6,12
"ENSG00000137875",1.66240248386634,0.0925925925925926,"chondrogen","N",5,"SERPINA3-KD",6,12
"ENSG00000137880",6.98949317223702,0.596240179573513,"chondrogen","N",5,"SERPINA3-KD",6,12
"ENSG00000137960",3.22921476234926,0.276936026936027,"chondrogen","N",5,"SERPINA3-KD",6,12
"ENSG00000137970",4.12780893472187,0.354096520763187,"chondrogen","N",5,"SERPINA3-KD",6,12
"ENSG00000137975",5.91720277632941,0.501683501683502,"chondrogen","N",5,"SERPINA3-KD",6,12
"ENSG00000138083",5.47373310994627,0.462682379349046,"chondrogen","N",5,"SERPINA3-KD",6,12
"ENSG00000138131",7.68677376595622,0.662177328843995,"chondrogen","N",5,"SERPINA3-KD",6,12
"ENSG00000138135",6.02683075736053,0.509539842873176,"chondrogen","N",5,"SERPINA3-KD",6,12
"ENSG00000138160",7.61946038763604,0.656846240179573,"chondrogen","N",5,"SERPINA3-KD",6,12
"ENSG00000138166",6.55840264816066,0.557239057239057,"chondrogen","N",5,"SERPINA3-KD",6,12
"ENSG00000138175",10.8458568037942,0.927328843995511,"chondrogen","N",5,"SERPINA3-KD",6,12
"ENSG00000138271",0.86984458050927,0.0193602693602694,"chondrogen","N",5,"SERPINA3-KD",6,12
"ENSG00000138336",6.92952469692642,0.591470258136925,"chondrogen","N",5,"SERPINA3-KD",6,12
"ENSG00000138379",2.42864055477173,0.188552188552189,"chondrogen","N",5,"SERPINA3-KD",6,12
"ENSG00000138459",10.5970213097807,0.909371492704826,"chondrogen","N",5,"SERPINA3-KD",6,12
"ENSG00000138463",5.85973941569014,0.496071829405163,"chondrogen","N",5,"SERPINA3-KD",6,12
"ENSG00000138495",9.83768528610291,0.859147025813693,"chondrogen","N",5,"SERPINA3-KD",6,12
"ENSG00000138587",6.36870537131913,0.54320987654321,"chondrogen","N",5,"SERPINA3-KD",6,12
"ENSG00000138593",9.24537391208901,0.808641975308642,"chondrogen","N",5,"SERPINA3-KD",6,12
"ENSG00000138615",6.78672025902076,0.576879910213244,"chondrogen","N",5,"SERPINA3-KD",6,12
"ENSG00000138623",4.59985539280039,0.392255892255892,"chondrogen","N",5,"SERPINA3-KD",6,12
"ENSG00000138629",8.92002593468958,0.772727272727273,"chondrogen","N",5,"SERPINA3-KD",6,12
"ENSG00000138641",5.73716354765913,0.486812570145903,"chondrogen","N",5,"SERPINA3-KD",6,12
"ENSG00000138646",5.59630719921453,0.472783389450056,"chondrogen","N",5,"SERPINA3-KD",6,12
"ENSG00000138650",5.00499369207697,0.423961840628507,"chondrogen","N",5,"SERPINA3-KD",6,12
"ENSG00000138663",11.1022545410666,0.942199775533109,"chondrogen","N",5,"SERPINA3-KD",6,12
"ENSG00000138801",12.7877095391345,0.9834455667789,"chondrogen","N",5,"SERPINA3-KD",6,12
"ENSG00000138944",8.59489942654686,0.739057239057239,"chondrogen","N",5,"SERPINA3-KD",6,12
"ENSG00000139133",5.21952129908969,0.439113355780022,"chondrogen","N",5,"SERPINA3-KD",6,12
"ENSG00000139155",0.788146378927197,0.0148709315375982,"chondrogen","N",5,"SERPINA3-KD",6,12
"ENSG00000139168",10.2810411812462,0.890852974186307,"chondrogen","N",5,"SERPINA3-KD",6,12
"ENSG00000139178",8.34731385035594,0.717732884399551,"chondrogen","N",5,"SERPINA3-KD",6,12
"ENSG00000139182",5.56050028293759,0.469416386083053,"chondrogen","N",5,"SERPINA3-KD",6,12
"ENSG00000139193",3.54595242342716,0.304152637485971,"chondrogen","N",5,"SERPINA3-KD",6,12
"ENSG00000139197",6.89082342895105,0.588383838383838,"chondrogen","N",5,"SERPINA3-KD",6,12
"ENSG00000139211",8.94132953334337,0.775252525252525,"chondrogen","N",5,"SERPINA3-KD",6,12
"ENSG00000139233",10.1891684758612,0.885241301907969,"chondrogen","N",5,"SERPINA3-KD",6,12
"ENSG00000139266",5.47922478172132,0.462962962962963,"chondrogen","N",5,"SERPINA3-KD",6,12
"ENSG00000139269",4.71569827176423,0.399270482603816,"chondrogen","N",5,"SERPINA3-KD",6,12
"ENSG00000139318",9.5903616362898,0.836980920314254,"chondrogen","N",5,"SERPINA3-KD",6,12
"ENSG00000139329",16.465714670146,0.999719416386083,"chondrogen","N",5,"SERPINA3-KD",6,12
"ENSG00000139344",3.37719258030812,0.288720538720539,"chondrogen","N",5,"SERPINA3-KD",6,12
"ENSG00000139517",6.47829061213286,0.551346801346801,"chondrogen","N",5,"SERPINA3-KD",6,12
"ENSG00000139547",4.53498388896391,0.386363636363636,"chondrogen","N",5,"SERPINA3-KD",6,12
"ENSG00000139572",2.87917757741649,0.23989898989899,"chondrogen","N",5,"SERPINA3-KD",6,12
"ENSG00000139574",4.23528092366386,0.364478114478114,"chondrogen","N",5,"SERPINA3-KD",6,12
"ENSG00000139668",9.71496816975682,0.848765432098765,"chondrogen","N",5,"SERPINA3-KD",6,12
"ENSG00000139722",7.42157046068755,0.637485970819304,"chondrogen","N",5,"SERPINA3-KD",6,12
"ENSG00000139725",4.76323328020049,0.405162738496072,"chondrogen","N",5,"SERPINA3-KD",6,12
"ENSG00000139826",9.64625259201251,0.84287317620651,"chondrogen","N",5,"SERPINA3-KD",6,12
"ENSG00000139832",6.75856921151413,0.574635241301908,"chondrogen","N",5,"SERPINA3-KD",6,12
"ENSG00000139985",5.54349884553976,0.468013468013468,"chondrogen","N",5,"SERPINA3-KD",6,12
"ENSG00000140057",3.55547945520977,0.306116722783389,"chondrogen","N",5,"SERPINA3-KD",6,12
"ENSG00000140259",10.3975223250956,0.896745230078563,"chondrogen","N",5,"SERPINA3-KD",6,12
"ENSG00000140323",3.54777113697185,0.304713804713805,"chondrogen","N",5,"SERPINA3-KD",6,12
"ENSG00000140379",3.20931043818326,0.27384960718294,"chondrogen","N",5,"SERPINA3-KD",6,12
"ENSG00000140395",10.4654088781036,0.902356902356902,"chondrogen","N",5,"SERPINA3-KD",6,12
"ENSG00000140406",5.29463798678062,0.444444444444444,"chondrogen","N",5,"SERPINA3-KD",6,12
"ENSG00000140450",6.99213771321758,0.59652076318743,"chondrogen","N",5,"SERPINA3-KD",6,12
"ENSG00000140459",2.41681504473706,0.186307519640853,"chondrogen","N",5,"SERPINA3-KD",6,12
"ENSG00000140505",3.19130590004894,0.272446689113356,"chondrogen","N",5,"SERPINA3-KD",6,12
"ENSG00000140743",7.94392497863195,0.68294051627385,"chondrogen","N",5,"SERPINA3-KD",6,12
"ENSG00000140749",3.90160028458499,0.334175084175084,"chondrogen","N",5,"SERPINA3-KD",6,12
"ENSG00000140750",7.40151764410683,0.634680134680135,"chondrogen","N",5,"SERPINA3-KD",6,12
"ENSG00000140807",3.92504309709745,0.336139169472503,"chondrogen","N",5,"SERPINA3-KD",6,12
"ENSG00000140830",7.9739091296888,0.687149270482604,"chondrogen","N",5,"SERPINA3-KD",6,12
"ENSG00000140986",2.0957360445442,0.14702581369248,"chondrogen","N",5,"SERPINA3-KD",6,12
"ENSG00000141026",7.17343161842021,0.610549943883277,"chondrogen","N",5,"SERPINA3-KD",6,12
"ENSG00000141194",1.82255472168856,0.110830527497194,"chondrogen","N",5,"SERPINA3-KD",6,12
"ENSG00000141232",12.0844040844317,0.972222222222222,"chondrogen","N",5,"SERPINA3-KD",6,12
"ENSG00000141252",5.91048980814773,0.500561167227834,"chondrogen","N",5,"SERPINA3-KD",6,12
"ENSG00000141642",7.63302272471744,0.658529741863075,"chondrogen","N",5,"SERPINA3-KD",6,12
"ENSG00000141744",0.698103058099828,0.0120650953984287,"chondrogen","N",5,"SERPINA3-KD",6,12
"ENSG00000141750",4.04201797883538,0.346801346801347,"chondrogen","N",5,"SERPINA3-KD",6,12
"ENSG00000141753",12.1714839946494,0.975308641975309,"chondrogen","N",5,"SERPINA3-KD",6,12
"ENSG00000141854",3.05631182005349,0.258978675645342,"chondrogen","N",5,"SERPINA3-KD",6,12
"ENSG00000141965",6.25454824459481,0.531705948372615,"chondrogen","N",5,"SERPINA3-KD",6,12
"ENSG00000141985",7.57256286079213,0.652356902356902,"chondrogen","N",5,"SERPINA3-KD",6,12
"ENSG00000142039",6.35694471607191,0.541806958473625,"chondrogen","N",5,"SERPINA3-KD",6,12
"ENSG00000142149",3.53739362780903,0.303030303030303,"chondrogen","N",5,"SERPINA3-KD",6,12
"ENSG00000142178",2.20013895951316,0.161616161616162,"chondrogen","N",5,"SERPINA3-KD",6,12
"ENSG00000142207",7.85147044485244,0.674803591470258,"chondrogen","N",5,"SERPINA3-KD",6,12
"ENSG00000142408",3.63497372739395,0.313692480359147,"chondrogen","N",5,"SERPINA3-KD",6,12
"ENSG00000142409",3.13680790189779,0.266835016835017,"chondrogen","N",5,"SERPINA3-KD",6,12
"ENSG00000142444",6.41035556605853,0.546296296296296,"chondrogen","N",5,"SERPINA3-KD",6,12
"ENSG00000142459",3.97572499004396,0.340628507295174,"chondrogen","N",5,"SERPINA3-KD",6,12
"ENSG00000142534",12.6166314775944,0.982042648709315,"chondrogen","N",5,"SERPINA3-KD",6,12
"ENSG00000142552",12.9947024634338,0.986531986531986,"chondrogen","N",5,"SERPINA3-KD",6,12
"ENSG00000142684",8.06203146405643,0.695005611672278,"chondrogen","N",5,"SERPINA3-KD",6,12
"ENSG00000142686",8.4188652776293,0.723905723905724,"chondrogen","N",5,"SERPINA3-KD",6,12
"ENSG00000142694",3.67105900701564,0.316778900112233,"chondrogen","N",5,"SERPINA3-KD",6,12
"ENSG00000142959",3.31483976082322,0.2831088664422,"chondrogen","N",5,"SERPINA3-KD",6,12
"ENSG00000143028",1.27921427181935,0.0507856341189675,"chondrogen","N",5,"SERPINA3-KD",6,12
"ENSG00000143067",6.4347344291603,0.547979797979798,"chondrogen","N",5,"SERPINA3-KD",6,12
"ENSG00000143125",2.75964199049812,0.225308641975309,"chondrogen","N",5,"SERPINA3-KD",6,12
"ENSG00000143126",2.36763386160055,0.18013468013468,"chondrogen","N",5,"SERPINA3-KD",6,12
"ENSG00000143162",9.30018111854428,0.814253647586981,"chondrogen","N",5,"SERPINA3-KD",6,12
"ENSG00000143196",12.861616018722,0.985409652076319,"chondrogen","N",5,"SERPINA3-KD",6,12
"ENSG00000143217",4.57995224881966,0.390852974186308,"chondrogen","N",5,"SERPINA3-KD",6,12
"ENSG00000143256",10.1186603464271,0.879910213243547,"chondrogen","N",5,"SERPINA3-KD",6,12
"ENSG00000143315",9.36344312506201,0.820707070707071,"chondrogen","N",5,"SERPINA3-KD",6,12
"ENSG00000143320",7.57822567770195,0.65347923681257,"chondrogen","N",5,"SERPINA3-KD",6,12
"ENSG00000143333",7.84026629674053,0.67368125701459,"chondrogen","N",5,"SERPINA3-KD",6,12
"ENSG00000143520",1.91769337584964,0.121773288439955,"chondrogen","N",5,"SERPINA3-KD",6,12
"ENSG00000143786",8.02487077855156,0.691358024691358,"chondrogen","N",5,"SERPINA3-KD",6,12
"ENSG00000143801",3.43563741580965,0.29320987654321,"chondrogen","N",5,"SERPINA3-KD",6,12
"ENSG00000143816",1.95840310092303,0.125420875420875,"chondrogen","N",5,"SERPINA3-KD",6,12
"ENSG00000143862",6.03902394444713,0.510942760942761,"chondrogen","N",5,"SERPINA3-KD",6,12
"ENSG00000143867",5.90659455423113,0.500280583613917,"chondrogen","N",5,"SERPINA3-KD",6,12
"ENSG00000143869",0.944024958525231,0.0238496071829405,"chondrogen","N",5,"SERPINA3-KD",6,12
"ENSG00000143921",2.84451242765505,0.235690235690236,"chondrogen","N",5,"SERPINA3-KD",6,12
"ENSG00000143942",5.91135312199983,0.501122334455668,"chondrogen","N",5,"SERPINA3-KD",6,12
"ENSG00000143971",9.60595528699428,0.838383838383838,"chondrogen","N",5,"SERPINA3-KD",6,12
"ENSG00000144021",10.9181163793145,0.932379349046016,"chondrogen","N",5,"SERPINA3-KD",6,12
"ENSG00000144063",7.8194634658822,0.671997755331089,"chondrogen","N",5,"SERPINA3-KD",6,12
"ENSG00000144228",8.76546457475639,0.75645342312009,"chondrogen","N",5,"SERPINA3-KD",6,12
"ENSG00000144410",0.958876221609794,0.0246913580246914,"chondrogen","N",5,"SERPINA3-KD",6,12
"ENSG00000144476",2.39577071423941,0.182659932659933,"chondrogen","N",5,"SERPINA3-KD",6,12
"ENSG00000144579",7.86375299045329,0.676206509539843,"chondrogen","N",5,"SERPINA3-KD",6,12
"ENSG00000144583",1.85012911434657,0.113916947250281,"chondrogen","N",5,"SERPINA3-KD",6,12
"ENSG00000144635",9.62136452695942,0.839786756453423,"chondrogen","N",5,"SERPINA3-KD",6,12
"ENSG00000144647",6.53235470427822,0.554713804713805,"chondrogen","N",5,"SERPINA3-KD",6,12
"ENSG00000144741",7.01078322360148,0.598765432098765,"chondrogen","N",5,"SERPINA3-KD",6,12
"ENSG00000144746",13.2250566107829,0.989337822671156,"chondrogen","N",5,"SERPINA3-KD",6,12
"ENSG00000144771",3.30623184673303,0.282547699214366,"chondrogen","N",5,"SERPINA3-KD",6,12
"ENSG00000144792",5.93118764483103,0.503086419753086,"chondrogen","N",5,"SERPINA3-KD",6,12
"ENSG00000144827",7.74331048011648,0.667508417508417,"chondrogen","N",5,"SERPINA3-KD",6,12
"ENSG00000144837",3.62802145797727,0.312850729517396,"chondrogen","N",5,"SERPINA3-KD",6,12
"ENSG00000144909",8.25204824188461,0.706509539842873,"chondrogen","N",5,"SERPINA3-KD",6,12
"ENSG00000145022",9.35297849209896,0.819584736251403,"chondrogen","N",5,"SERPINA3-KD",6,12
"ENSG00000145040",2.3880908490723,0.182098765432099,"chondrogen","N",5,"SERPINA3-KD",6,12
"ENSG00000145088",5.59943803917572,0.47334455667789,"chondrogen","N",5,"SERPINA3-KD",6,12
"ENSG00000145337",10.7247185787101,0.916806958473625,"chondrogen","N",5,"SERPINA3-KD",6,12
"ENSG00000145358",9.40853551816223,0.822951739618406,"chondrogen","N",5,"SERPINA3-KD",6,12
"ENSG00000145375",7.53000908365858,0.648709315375982,"chondrogen","N",5,"SERPINA3-KD",6,12
"ENSG00000145384",1.80354297854633,0.108305274971942,"chondrogen","N",5,"SERPINA3-KD",6,12
"ENSG00000145414",7.4919816472092,0.644219977553311,"chondrogen","N",5,"SERPINA3-KD",6,12
"ENSG00000145423",5.64331769521824,0.478675645342312,"chondrogen","N",5,"SERPINA3-KD",6,12
"ENSG00000145569",3.95932685901645,0.339506172839506,"chondrogen","N",5,"SERPINA3-KD",6,12
"ENSG00000145779",9.54748613466498,0.833052749719416,"chondrogen","N",5,"SERPINA3-KD",6,12
"ENSG00000145780",10.4871187359627,0.904882154882155,"chondrogen","N",5,"SERPINA3-KD",6,12
"ENSG00000145781",10.4428875899424,0.900953984287318,"chondrogen","N",5,"SERPINA3-KD",6,12
"ENSG00000145826",1.88286673558477,0.116442199775533,"chondrogen","N",5,"SERPINA3-KD",6,12
"ENSG00000145861",2.98578301356511,0.253086419753086,"chondrogen","N",5,"SERPINA3-KD",6,12
"ENSG00000145936",4.59000453249984,0.391694725028058,"chondrogen","N",5,"SERPINA3-KD",6,12
"ENSG00000145945",7.68594194096117,0.661896745230079,"chondrogen","N",5,"SERPINA3-KD",6,12
"ENSG00000146005",2.25363215755427,0.167789001122334,"chondrogen","N",5,"SERPINA3-KD",6,12
"ENSG00000146006",6.35270926588773,0.541245791245791,"chondrogen","N",5,"SERPINA3-KD",6,12
"ENSG00000146066",9.97962144545467,0.870931537598204,"chondrogen","N",5,"SERPINA3-KD",6,12
"ENSG00000146072",9.95250763047245,0.867564534231201,"chondrogen","N",5,"SERPINA3-KD",6,12
"ENSG00000146085",10.6996991828637,0.915263748597082,"chondrogen","N",5,"SERPINA3-KD",6,12
"ENSG00000146109",9.87212118288539,0.859988776655443,"chondrogen","N",5,"SERPINA3-KD",6,12
"ENSG00000146197",8.58507272388524,0.738215488215488,"chondrogen","N",5,"SERPINA3-KD",6,12
"ENSG00000146233",6.05970418044405,0.513187429854096,"chondrogen","N",5,"SERPINA3-KD",6,12
"ENSG00000146242",8.7839000279443,0.758698092031425,"chondrogen","N",5,"SERPINA3-KD",6,12
"ENSG00000146250",8.66401671948057,0.746071829405163,"chondrogen","N",5,"SERPINA3-KD",6,12
"ENSG00000146281",6.53265263078737,0.554994388327722,"chondrogen","N",5,"SERPINA3-KD",6,12
"ENSG00000146386",9.20788676438473,0.804713804713805,"chondrogen","N",5,"SERPINA3-KD",6,12
"ENSG00000146411",9.26782461461563,0.810886644219978,"chondrogen","N",5,"SERPINA3-KD",6,12
"ENSG00000146477",6.11587017312262,0.519360269360269,"chondrogen","N",5,"SERPINA3-KD",6,12
"ENSG00000146700",3.57593370794813,0.309203142536476,"chondrogen","N",5,"SERPINA3-KD",6,12
"ENSG00000146858",4.58930153987659,0.391414141414141,"chondrogen","N",5,"SERPINA3-KD",6,12
"ENSG00000146859",8.37901366604595,0.720538720538721,"chondrogen","N",5,"SERPINA3-KD",6,12
"ENSG00000146904",2.48185982466404,0.194725028058361,"chondrogen","N",5,"SERPINA3-KD",6,12
"ENSG00000146909",7.27847707852369,0.622053872053872,"chondrogen","N",5,"SERPINA3-KD",6,12
"ENSG00000147003",3.39903799149908,0.290684624017957,"chondrogen","N",5,"SERPINA3-KD",6,12
"ENSG00000147027",9.75461559587272,0.854938271604938,"chondrogen","N",5,"SERPINA3-KD",6,12
"ENSG00000147059",4.6629510904324,0.396464646464646,"chondrogen","N",5,"SERPINA3-KD",6,12
"ENSG00000147117",2.64421133938423,0.21324354657688,"chondrogen","N",5,"SERPINA3-KD",6,12
"ENSG00000147119",6.50305269716991,0.552749719416386,"chondrogen","N",5,"SERPINA3-KD",6,12
"ENSG00000147127",2.24424419217758,0.166105499438833,"chondrogen","N",5,"SERPINA3-KD",6,12
"ENSG00000147138",1.83415692001479,0.111672278338945,"chondrogen","N",5,"SERPINA3-KD",6,12
"ENSG00000147588",3.16797750438209,0.270482603815937,"chondrogen","N",5,"SERPINA3-KD",6,12
"ENSG00000147592",8.4216318632972,0.724186307519641,"chondrogen","N",5,"SERPINA3-KD",6,12
"ENSG00000147606",2.5403987973162,0.199214365881033,"chondrogen","N",5,"SERPINA3-KD",6,12
"ENSG00000147614",3.33834471075334,0.285072951739618,"chondrogen","N",5,"SERPINA3-KD",6,12
"ENSG00000147804",6.25492472801822,0.531986531986532,"chondrogen","N",5,"SERPINA3-KD",6,12
"ENSG00000148248",11.2936768676546,0.948653198653199,"chondrogen","N",5,"SERPINA3-KD",6,12
"ENSG00000148290",6.24242073950845,0.530583613916947,"chondrogen","N",5,"SERPINA3-KD",6,12
"ENSG00000148291",6.66685246437116,0.567620650953984,"chondrogen","N",5,"SERPINA3-KD",6,12
"ENSG00000148296",8.84353309841398,0.765993265993266,"chondrogen","N",5,"SERPINA3-KD",6,12
"ENSG00000148297",4.55057960539871,0.387766554433221,"chondrogen","N",5,"SERPINA3-KD",6,12
"ENSG00000148300",6.34895930698204,0.540965207631874,"chondrogen","N",5,"SERPINA3-KD",6,12
"ENSG00000148303",11.3161167484344,0.950056116722783,"chondrogen","N",5,"SERPINA3-KD",6,12
"ENSG00000148411",6.85033285545708,0.584455667789001,"chondrogen","N",5,"SERPINA3-KD",6,12
"ENSG00000148483",3.38662470893214,0.28956228956229,"chondrogen","N",5,"SERPINA3-KD",6,12
"ENSG00000148677",5.20048721225955,0.437149270482604,"chondrogen","N",5,"SERPINA3-KD",6,12
"ENSG00000148730",10.5287711753945,0.907687991021324,"chondrogen","N",5,"SERPINA3-KD",6,12
"ENSG00000148734",4.1189377437519,0.353254769921437,"chondrogen","N",5,"SERPINA3-KD",6,12
"ENSG00000148948",2.31552986869207,0.174803591470258,"chondrogen","N",5,"SERPINA3-KD",6,12
"ENSG00000149043",2.72299641161966,0.221099887766554,"chondrogen","N",5,"SERPINA3-KD",6,12
"ENSG00000149136",10.1542516041676,0.882716049382716,"chondrogen","N",5,"SERPINA3-KD",6,12
"ENSG00000149150",7.18262107562498,0.612794612794613,"chondrogen","N",5,"SERPINA3-KD",6,12
"ENSG00000149218",9.12560537247685,0.794893378226712,"chondrogen","N",5,"SERPINA3-KD",6,12
"ENSG00000149305",3.02352831651357,0.257014590347924,"chondrogen","N",5,"SERPINA3-KD",6,12
"ENSG00000149428",7.91973705033832,0.681818181818182,"chondrogen","N",5,"SERPINA3-KD",6,12
"ENSG00000149480",7.04305264621419,0.601851851851852,"chondrogen","N",5,"SERPINA3-KD",6,12
"ENSG00000149489",6.56474924243475,0.558641975308642,"chondrogen","N",5,"SERPINA3-KD",6,12
"ENSG00000149573",1.61859076764579,0.0883838383838384,"chondrogen","N",5,"SERPINA3-KD",6,12
"ENSG00000149575",1.76876438796349,0.104096520763187,"chondrogen","N",5,"SERPINA3-KD",6,12
"ENSG00000149596",2.6193499287086,0.209876543209877,"chondrogen","N",5,"SERPINA3-KD",6,12
"ENSG00000149761",8.54284512810321,0.732603815937149,"chondrogen","N",5,"SERPINA3-KD",6,12
"ENSG00000149792",10.3666187463134,0.894500561167228,"chondrogen","N",5,"SERPINA3-KD",6,12
"ENSG00000149798",4.87278479721723,0.412738496071829,"chondrogen","N",5,"SERPINA3-KD",6,12
"ENSG00000150281",3.76398529278943,0.325757575757576,"chondrogen","N",5,"SERPINA3-KD",6,12
"ENSG00000150457",8.55760368247421,0.735129068462402,"chondrogen","N",5,"SERPINA3-KD",6,12
"ENSG00000150594",5.35548236233194,0.452300785634119,"chondrogen","N",5,"SERPINA3-KD",6,12
"ENSG00000150628",2.99138788406571,0.253928170594837,"chondrogen","N",5,"SERPINA3-KD",6,12
"ENSG00000150630",7.19042643307946,0.613355780022447,"chondrogen","N",5,"SERPINA3-KD",6,12
"ENSG00000150637",5.63161541914619,0.47699214365881,"chondrogen","N",5,"SERPINA3-KD",6,12
"ENSG00000150667",5.76315371851053,0.489337822671156,"chondrogen","N",5,"SERPINA3-KD",6,12
"ENSG00000150787",10.762700678589,0.921436588103255,"chondrogen","N",5,"SERPINA3-KD",6,12
"ENSG00000150990",5.7483481348604,0.487373737373737,"chondrogen","N",5,"SERPINA3-KD",6,12
"ENSG00000151006",3.32260954356706,0.284231200897868,"chondrogen","N",5,"SERPINA3-KD",6,12
"ENSG00000151014",5.95115653408591,0.503928170594837,"chondrogen","N",5,"SERPINA3-KD",6,12
"ENSG00000151062",1.51267545615619,0.0771604938271605,"chondrogen","N",5,"SERPINA3-KD",6,12
"ENSG00000151065",8.31348984758634,0.713524130190797,"chondrogen","N",5,"SERPINA3-KD",6,12
"ENSG00000151067",5.12857566004099,0.432379349046016,"chondrogen","N",5,"SERPINA3-KD",6,12
"ENSG00000151079",0.454852664012501,0.00645342312008979,"chondrogen","N",5,"SERPINA3-KD",6,12
"ENSG00000151093",8.48319906361669,0.729236812570146,"chondrogen","N",5,"SERPINA3-KD",6,12
"ENSG00000151117",4.33810865582236,0.372895622895623,"chondrogen","N",5,"SERPINA3-KD",6,12
"ENSG00000151151",8.10535450663381,0.697811447811448,"chondrogen","N",5,"SERPINA3-KD",6,12
"ENSG00000151176",9.10011558958912,0.791806958473625,"chondrogen","N",5,"SERPINA3-KD",6,12
"ENSG00000151304",8.99202426537341,0.779180695847362,"chondrogen","N",5,"SERPINA3-KD",6,12
"ENSG00000151715",1.2981852654163,0.053030303030303,"chondrogen","N",5,"SERPINA3-KD",6,12
"ENSG00000151790",3.55566760984218,0.306397306397306,"chondrogen","N",5,"SERPINA3-KD",6,12
"ENSG00000151846",2.10787614606973,0.14983164983165,"chondrogen","N",5,"SERPINA3-KD",6,12
"ENSG00000151962",1.09211639203052,0.0328282828282828,"chondrogen","N",5,"SERPINA3-KD",6,12
"ENSG00000152049",11.459415140389,0.955667789001122,"chondrogen","N",5,"SERPINA3-KD",6,12
"ENSG00000152086",1.17821564918392,0.0395622895622896,"chondrogen","N",5,"SERPINA3-KD",6,12
"ENSG00000152127",8.48714393359529,0.72979797979798,"chondrogen","N",5,"SERPINA3-KD",6,12
"ENSG00000152137",7.91504024233305,0.680695847362514,"chondrogen","N",5,"SERPINA3-KD",6,12
"ENSG00000152193",9.2726411783516,0.811167227833894,"chondrogen","N",5,"SERPINA3-KD",6,12
"ENSG00000152207",1.7844163951701,0.106341189674523,"chondrogen","N",5,"SERPINA3-KD",6,12
"ENSG00000152213",1.92525010728848,0.122334455667789,"chondrogen","N",5,"SERPINA3-KD",6,12
"ENSG00000152219",10.3486362921593,0.893658810325477,"chondrogen","N",5,"SERPINA3-KD",6,12
"ENSG00000152253",6.05734775423945,0.51290684624018,"chondrogen","N",5,"SERPINA3-KD",6,12
"ENSG00000152270",1.52844060121321,0.0794051627384961,"chondrogen","N",5,"SERPINA3-KD",6,12
"ENSG00000152284",5.40617307152813,0.457070707070707,"chondrogen","N",5,"SERPINA3-KD",6,12
"ENSG00000152382",8.66883685925556,0.746913580246914,"chondrogen","N",5,"SERPINA3-KD",6,12
"ENSG00000152409",8.16975953486165,0.701178451178451,"chondrogen","N",5,"SERPINA3-KD",6,12
"ENSG00000152454",6.64776907799162,0.565656565656566,"chondrogen","N",5,"SERPINA3-KD",6,12
"ENSG00000152518",11.3386341883063,0.950617283950617,"chondrogen","N",5,"SERPINA3-KD",6,12
"ENSG00000152580",6.60065004355955,0.562008978675645,"chondrogen","N",5,"SERPINA3-KD",6,12
"ENSG00000152661",14.6835381303932,0.997474747474748,"chondrogen","N",5,"SERPINA3-KD",6,12
"ENSG00000152669",3.96351634935648,0.339786756453423,"chondrogen","N",5,"SERPINA3-KD",6,12
"ENSG00000152705",1.99772855837232,0.131593714927048,"chondrogen","N",5,"SERPINA3-KD",6,12
"ENSG00000152749",10.774550513812,0.922278338945006,"chondrogen","N",5,"SERPINA3-KD",6,12
"ENSG00000152785",2.89213710104561,0.241301907968575,"chondrogen","N",5,"SERPINA3-KD",6,12
"ENSG00000152944",10.7665476433253,0.921717171717172,"chondrogen","N",5,"SERPINA3-KD",6,12
"ENSG00000153140",8.72895741149383,0.751683501683502,"chondrogen","N",5,"SERPINA3-KD",6,12
"ENSG00000153147",11.9796672102964,0.968574635241302,"chondrogen","N",5,"SERPINA3-KD",6,12
"ENSG00000153162",6.54481136842998,0.556397306397306,"chondrogen","N",5,"SERPINA3-KD",6,12
"ENSG00000153485",7.5296131759025,0.648428731762065,"chondrogen","N",5,"SERPINA3-KD",6,12
"ENSG00000153574",7.62824184258041,0.657687991021324,"chondrogen","N",5,"SERPINA3-KD",6,12
"ENSG00000153714",8.3646574567689,0.719977553310887,"chondrogen","N",5,"SERPINA3-KD",6,12
"ENSG00000153774",10.2644849863447,0.890011223344557,"chondrogen","N",5,"SERPINA3-KD",6,12
"ENSG00000153879",9.67859410172689,0.845959595959596,"chondrogen","N",5,"SERPINA3-KD",6,12
"ENSG00000153976",7.67983807298768,0.661335578002245,"chondrogen","N",5,"SERPINA3-KD",6,12
"ENSG00000153989",9.93736041083783,0.866442199775533,"chondrogen","N",5,"SERPINA3-KD",6,12
"ENSG00000154079",5.75646384480855,0.488496071829405,"chondrogen","N",5,"SERPINA3-KD",6,12
"ENSG00000154124",7.82048228325819,0.672278338945006,"chondrogen","N",5,"SERPINA3-KD",6,12
"ENSG00000154143",7.50554469728821,0.645903479236813,"chondrogen","N",5,"SERPINA3-KD",6,12
"ENSG00000154174",8.78621139424369,0.759259259259259,"chondrogen","N",5,"SERPINA3-KD",6,12
"ENSG00000154309",7.72805946017898,0.666105499438833,"chondrogen","N",5,"SERPINA3-KD",6,12
"ENSG00000154359",6.04808894073768,0.512065095398429,"chondrogen","N",5,"SERPINA3-KD",6,12
"ENSG00000154485",2.64497832459692,0.213524130190797,"chondrogen","N",5,"SERPINA3-KD",6,12
"ENSG00000154548",4.4148803063709,0.378226711560045,"chondrogen","N",5,"SERPINA3-KD",6,12
"ENSG00000154589",7.71455663996629,0.664983164983165,"chondrogen","N",5,"SERPINA3-KD",6,12
"ENSG00000154736",8.3576621723513,0.718574635241302,"chondrogen","N",5,"SERPINA3-KD",6,12
"ENSG00000154822",4.36601315390843,0.374859708193042,"chondrogen","N",5,"SERPINA3-KD",6,12
"ENSG00000154945",9.25618668052662,0.80976430976431,"chondrogen","N",5,"SERPINA3-KD",6,12
"ENSG00000154997",4.09140141355817,0.350448933782267,"chondrogen","N",5,"SERPINA3-KD",6,12
"ENSG00000155011",5.8654999193916,0.496913580246914,"chondrogen","N",5,"SERPINA3-KD",6,12
"ENSG00000155099",10.2118136830642,0.887485970819304,"chondrogen","N",5,"SERPINA3-KD",6,12
"ENSG00000155115",10.8740424612094,0.928731762065095,"chondrogen","N",5,"SERPINA3-KD",6,12
"ENSG00000155189",9.54156470865614,0.832772166105499,"chondrogen","N",5,"SERPINA3-KD",6,12
"ENSG00000155304",12.0016940788002,0.970258136924804,"chondrogen","N",5,"SERPINA3-KD",6,12
"ENSG00000155380",11.0394121107212,0.939393939393939,"chondrogen","N",5,"SERPINA3-KD",6,12
"ENSG00000155530",2.26904029136262,0.170594837261504,"chondrogen","N",5,"SERPINA3-KD",6,12
"ENSG00000155760",8.06993191589875,0.695847362514029,"chondrogen","N",5,"SERPINA3-KD",6,12
"ENSG00000155850",10.5228406196086,0.907407407407407,"chondrogen","N",5,"SERPINA3-KD",6,12
"ENSG00000155858",5.58367113205451,0.472222222222222,"chondrogen","N",5,"SERPINA3-KD",6,12
"ENSG00000155868",9.00779753548413,0.781144781144781,"chondrogen","N",5,"SERPINA3-KD",6,12
"ENSG00000155876",11.9052561666806,0.966329966329966,"chondrogen","N",5,"SERPINA3-KD",6,12
"ENSG00000155918",2.54835746876637,0.200617283950617,"chondrogen","N",5,"SERPINA3-KD",6,12
"ENSG00000155961",3.35803794882321,0.287598204264871,"chondrogen","N",5,"SERPINA3-KD",6,12
"ENSG00000156049",6.07154126761274,0.514590347923681,"chondrogen","N",5,"SERPINA3-KD",6,12
"ENSG00000156127",3.94340073031353,0.337542087542088,"chondrogen","N",5,"SERPINA3-KD",6,12
"ENSG00000156172",7.43051945819259,0.638608305274972,"chondrogen","N",5,"SERPINA3-KD",6,12
"ENSG00000156232",7.00157420589827,0.598204264870932,"chondrogen","N",5,"SERPINA3-KD",6,12
"ENSG00000156234",6.18524262669307,0.525813692480359,"chondrogen","N",5,"SERPINA3-KD",6,12
"ENSG00000156253",9.71844339839995,0.849607182940516,"chondrogen","N",5,"SERPINA3-KD",6,12
"ENSG00000156381",4.83603113213849,0.408810325476992,"chondrogen","N",5,"SERPINA3-KD",6,12
"ENSG00000156427",1.39606080559852,0.0631313131313131,"chondrogen","N",5,"SERPINA3-KD",6,12
"ENSG00000156469",9.21091483824908,0.805274971941639,"chondrogen","N",5,"SERPINA3-KD",6,12
"ENSG00000156486",1.15283063287514,0.037037037037037,"chondrogen","N",5,"SERPINA3-KD",6,12
"ENSG00000156650",9.20587825769208,0.804433221099888,"chondrogen","N",5,"SERPINA3-KD",6,12
"ENSG00000156689",5.27355973444355,0.442480359147026,"chondrogen","N",5,"SERPINA3-KD",6,12
"ENSG00000156795",8.16824926936356,0.700897867564534,"chondrogen","N",5,"SERPINA3-KD",6,12
"ENSG00000156804",11.9211242280136,0.967452300785634,"chondrogen","N",5,"SERPINA3-KD",6,12
"ENSG00000156831",8.74997570897508,0.753367003367003,"chondrogen","N",5,"SERPINA3-KD",6,12
"ENSG00000156928",9.64594926852537,0.842592592592593,"chondrogen","N",5,"SERPINA3-KD",6,12
"ENSG00000156966",6.26918845658769,0.533389450056117,"chondrogen","N",5,"SERPINA3-KD",6,12
"ENSG00000156968",5.99582415021093,0.507014590347924,"chondrogen","N",5,"SERPINA3-KD",6,12
"ENSG00000157045",9.50286387692335,0.829405162738496,"chondrogen","N",5,"SERPINA3-KD",6,12
"ENSG00000157150",7.88565011647951,0.677609427609428,"chondrogen","N",5,"SERPINA3-KD",6,12
"ENSG00000157184",8.36386329141898,0.719416386083053,"chondrogen","N",5,"SERPINA3-KD",6,12
"ENSG00000157240",9.24291953307394,0.808361391694725,"chondrogen","N",5,"SERPINA3-KD",6,12
"ENSG00000157259",8.73540175338872,0.752244668911336,"chondrogen","N",5,"SERPINA3-KD",6,12
"ENSG00000157315",1.57990207456346,0.0855780022446689,"chondrogen","N",5,"SERPINA3-KD",6,12
"ENSG00000157326",5.72891750821578,0.485690235690236,"chondrogen","N",5,"SERPINA3-KD",6,12
"ENSG00000157343",3.26976372927793,0.278900112233446,"chondrogen","N",5,"SERPINA3-KD",6,12
"ENSG00000157379",6.60747515031807,0.562570145903479,"chondrogen","N",5,"SERPINA3-KD",6,12
"ENSG00000157456",7.41295534772441,0.636363636363636,"chondrogen","N",5,"SERPINA3-KD",6,12
"ENSG00000157483",10.730493932677,0.917789001122334,"chondrogen","N",5,"SERPINA3-KD",6,12
"ENSG00000157778",8.83324077482257,0.765151515151515,"chondrogen","N",5,"SERPINA3-KD",6,12
"ENSG00000157999",1.64176446383266,0.090347923681257,"chondrogen","N",5,"SERPINA3-KD",6,12
"ENSG00000158022",0.775289688714792,0.0140291806958474,"chondrogen","N",5,"SERPINA3-KD",6,12
"ENSG00000158042",10.4756441756477,0.90347923681257,"chondrogen","N",5,"SERPINA3-KD",6,12
"ENSG00000158050",2.789319013523,0.228395061728395,"chondrogen","N",5,"SERPINA3-KD",6,12
"ENSG00000158077",0.778121721383851,0.0143097643097643,"chondrogen","N",5,"SERPINA3-KD",6,12
"ENSG00000158092",10.2576853464861,0.889450056116723,"chondrogen","N",5,"SERPINA3-KD",6,12
"ENSG00000158156",6.93528953358398,0.592031425364759,"chondrogen","N",5,"SERPINA3-KD",6,12
"ENSG00000158164",3.67935379781277,0.317901234567901,"chondrogen","N",5,"SERPINA3-KD",6,12
"ENSG00000158292",5.31315977561174,0.44668911335578,"chondrogen","N",5,"SERPINA3-KD",6,12
"ENSG00000158373",8.16083925855107,0.7003367003367,"chondrogen","N",5,"SERPINA3-KD",6,12
"ENSG00000158406",8.60271228723639,0.739618406285073,"chondrogen","N",5,"SERPINA3-KD",6,12
"ENSG00000158428",4.18718371281411,0.361672278338945,"chondrogen","N",5,"SERPINA3-KD",6,12
"ENSG00000158435",7.26514997516683,0.620650953984287,"chondrogen","N",5,"SERPINA3-KD",6,12
"ENSG00000158470",8.63046468584978,0.741863075196408,"chondrogen","N",5,"SERPINA3-KD",6,12
"ENSG00000158473",4.15396014407104,0.358024691358025,"chondrogen","N",5,"SERPINA3-KD",6,12
"ENSG00000158526",9.72806838220857,0.850448933782267,"chondrogen","N",5,"SERPINA3-KD",6,12
"ENSG00000158715",3.06916480906291,0.260381593714927,"chondrogen","N",5,"SERPINA3-KD",6,12
"ENSG00000158716",9.40572839786795,0.822390572390572,"chondrogen","N",5,"SERPINA3-KD",6,12
"ENSG00000158825",5.2070319823221,0.437710437710438,"chondrogen","N",5,"SERPINA3-KD",6,12
"ENSG00000158828",7.3099714323291,0.625140291806959,"chondrogen","N",5,"SERPINA3-KD",6,12
"ENSG00000159055",7.42207648775588,0.638047138047138,"chondrogen","N",5,"SERPINA3-KD",6,12
"ENSG00000159197",3.62113579911467,0.311728395061728,"chondrogen","N",5,"SERPINA3-KD",6,12
"ENSG00000159224",2.62598153815372,0.21043771043771,"chondrogen","N",5,"SERPINA3-KD",6,12
"ENSG00000159231",6.75735491526221,0.574354657687991,"chondrogen","N",5,"SERPINA3-KD",6,12
"ENSG00000159248",2.85223061034297,0.236812570145903,"chondrogen","N",5,"SERPINA3-KD",6,12
"ENSG00000159259",6.77445635594502,0.57631874298541,"chondrogen","N",5,"SERPINA3-KD",6,12
"ENSG00000159337",2.78301433334372,0.227833894500561,"chondrogen","N",5,"SERPINA3-KD",6,12
"ENSG00000159388",8.91854499806652,0.772166105499439,"chondrogen","N",5,"SERPINA3-KD",6,12
"ENSG00000159403",12.0208744058533,0.970819304152638,"chondrogen","N",5,"SERPINA3-KD",6,12
"ENSG00000159596",9.37808037266151,0.821829405162739,"chondrogen","N",5,"SERPINA3-KD",6,12
"ENSG00000159840",7.43449377166558,0.638888888888889,"chondrogen","N",5,"SERPINA3-KD",6,12
"ENSG00000159958",3.32186223377011,0.283670033670034,"chondrogen","N",5,"SERPINA3-KD",6,12
"ENSG00000159961",2.62266439647207,0.210157126823793,"chondrogen","N",5,"SERPINA3-KD",6,12
"ENSG00000160013",4.3309818357364,0.372053872053872,"chondrogen","N",5,"SERPINA3-KD",6,12
"ENSG00000160113",6.67953184740449,0.568462401795735,"chondrogen","N",5,"SERPINA3-KD",6,12
"ENSG00000160124",8.94526049107836,0.775813692480359,"chondrogen","N",5,"SERPINA3-KD",6,12
"ENSG00000160161",3.65133387171502,0.315095398428732,"chondrogen","N",5,"SERPINA3-KD",6,12
"ENSG00000160207",5.51853387285017,0.465768799102132,"chondrogen","N",5,"SERPINA3-KD",6,12
"ENSG00000160233",2.23660251363447,0.165263748597082,"chondrogen","N",5,"SERPINA3-KD",6,12
"ENSG00000160318",3.22454943077063,0.276374859708193,"chondrogen","N",5,"SERPINA3-KD",6,12
"ENSG00000160323",2.12507876571049,0.152076318742985,"chondrogen","N",5,"SERPINA3-KD",6,12
"ENSG00000160325",3.74700857931443,0.323793490460157,"chondrogen","N",5,"SERPINA3-KD",6,12
"ENSG00000160326",3.27726495559769,0.279741863075196,"chondrogen","N",5,"SERPINA3-KD",6,12
"ENSG00000160447",2.39532565407304,0.182379349046016,"chondrogen","N",5,"SERPINA3-KD",6,12
"ENSG00000160539",7.55278215197628,0.650112233445567,"chondrogen","N",5,"SERPINA3-KD",6,12
"ENSG00000160683",0.593527311686481,0.00897867564534231,"chondrogen","N",5,"SERPINA3-KD",6,12
"ENSG00000160695",8.75522811210296,0.753928170594837,"chondrogen","N",5,"SERPINA3-KD",6,12
"ENSG00000160803",6.50322001252434,0.553030303030303,"chondrogen","N",5,"SERPINA3-KD",6,12
"ENSG00000160813",4.14708320200313,0.356341189674523,"chondrogen","N",5,"SERPINA3-KD",6,12
"ENSG00000160877",4.01093125849435,0.34287317620651,"chondrogen","N",5,"SERPINA3-KD",6,12
"ENSG00000160888",10.2592887535831,0.88973063973064,"chondrogen","N",5,"SERPINA3-KD",6,12
"ENSG00000160948",9.49832955940212,0.828843995510662,"chondrogen","N",5,"SERPINA3-KD",6,12
"ENSG00000160959",6.33169154918444,0.539281705948373,"chondrogen","N",5,"SERPINA3-KD",6,12
"ENSG00000160973",1.45460077912215,0.0712682379349046,"chondrogen","N",5,"SERPINA3-KD",6,12
"ENSG00000160993",7.21783324588364,0.616442199775533,"chondrogen","N",5,"SERPINA3-KD",6,12
"ENSG00000161010",7.43912398223864,0.639450056116723,"chondrogen","N",5,"SERPINA3-KD",6,12
"ENSG00000161011",11.0266276488542,0.938271604938272,"chondrogen","N",5,"SERPINA3-KD",6,12
"ENSG00000161013",2.93188398524145,0.246632996632997,"chondrogen","N",5,"SERPINA3-KD",6,12
"ENSG00000161021",7.30895180607349,0.624579124579125,"chondrogen","N",5,"SERPINA3-KD",6,12
"ENSG00000161860",2.91187801935039,0.243265993265993,"chondrogen","N",5,"SERPINA3-KD",6,12
"ENSG00000161958",6.02012091356474,0.508698092031425,"chondrogen","N",5,"SERPINA3-KD",6,12
"ENSG00000161980",8.12836658571647,0.699214365881033,"chondrogen","N",5,"SERPINA3-KD",6,12
"ENSG00000162227",1.75790124057195,0.10297418630752,"chondrogen","N",5,"SERPINA3-KD",6,12
"ENSG00000162366",1.15220677964729,0.0367564534231201,"chondrogen","N",5,"SERPINA3-KD",6,12
"ENSG00000162377",8.36443051386842,0.71969696969697,"chondrogen","N",5,"SERPINA3-KD",6,12
"ENSG00000162396",7.54508529282014,0.649551066217733,"chondrogen","N",5,"SERPINA3-KD",6,12
"ENSG00000162399",1.89130881853945,0.117845117845118,"chondrogen","N",5,"SERPINA3-KD",6,12
"ENSG00000162407",11.8327753762041,0.962682379349046,"chondrogen","N",5,"SERPINA3-KD",6,12
"ENSG00000162415",4.46167862741709,0.381313131313131,"chondrogen","N",5,"SERPINA3-KD",6,12
"ENSG00000162461",2.81959842946167,0.232323232323232,"chondrogen","N",5,"SERPINA3-KD",6,12
"ENSG00000162482",1.73486043346602,0.10016835016835,"chondrogen","N",5,"SERPINA3-KD",6,12
"ENSG00000162490",5.85830026508269,0.495510662177329,"chondrogen","N",5,"SERPINA3-KD",6,12
"ENSG00000162511",4.60371924395668,0.392817059483726,"chondrogen","N",5,"SERPINA3-KD",6,12
"ENSG00000162543",0.842594228005265,0.0182379349046016,"chondrogen","N",5,"SERPINA3-KD",6,12
"ENSG00000162545",8.88138788419848,0.769640852974186,"chondrogen","N",5,"SERPINA3-KD",6,12
"ENSG00000162595",7.98124130803496,0.688271604938272,"chondrogen","N",5,"SERPINA3-KD",6,12
"ENSG00000162616",11.9009292568765,0.966049382716049,"chondrogen","N",5,"SERPINA3-KD",6,12
"ENSG00000162630",4.19439130020253,0.362233445566779,"chondrogen","N",5,"SERPINA3-KD",6,12
"ENSG00000162654",4.5130410948798,0.385241301907969,"chondrogen","N",5,"SERPINA3-KD",6,12
"ENSG00000162702",10.841700129168,0.926767676767677,"chondrogen","N",5,"SERPINA3-KD",6,12
"ENSG00000162722",1.98568771775652,0.129068462401796,"chondrogen","N",5,"SERPINA3-KD",6,12
"ENSG00000162757",7.19898122387018,0.614197530864197,"chondrogen","N",5,"SERPINA3-KD",6,12
"ENSG00000162851",9.28980581374048,0.812570145903479,"chondrogen","N",5,"SERPINA3-KD",6,12
"ENSG00000162896",1.70510516749082,0.0976430976430976,"chondrogen","N",5,"SERPINA3-KD",6,12
"ENSG00000162928",10.6445268013223,0.911054994388328,"chondrogen","N",5,"SERPINA3-KD",6,12
"ENSG00000162989",10.8165097023576,0.925364758698092,"chondrogen","N",5,"SERPINA3-KD",6,12
"ENSG00000162992",8.32044909591954,0.714927048260382,"chondrogen","N",5,"SERPINA3-KD",6,12
"ENSG00000162998",7.23906858179765,0.619248035914703,"chondrogen","N",5,"SERPINA3-KD",6,12
"ENSG00000163012",2.81613818159031,0.231481481481481,"chondrogen","N",5,"SERPINA3-KD",6,12
"ENSG00000163060",1.04796969439917,0.0291806958473625,"chondrogen","N",5,"SERPINA3-KD",6,12
"ENSG00000163064",4.57877670988099,0.390572390572391,"chondrogen","N",5,"SERPINA3-KD",6,12
"ENSG00000163083",3.58075221481584,0.30976430976431,"chondrogen","N",5,"SERPINA3-KD",6,12
"ENSG00000163132",9.13138297059881,0.795735129068462,"chondrogen","N",5,"SERPINA3-KD",6,12
"ENSG00000163154",1.16013671848466,0.0378787878787879,"chondrogen","N",5,"SERPINA3-KD",6,12
"ENSG00000163162",10.2239711569072,0.888327721661055,"chondrogen","N",5,"SERPINA3-KD",6,12
"ENSG00000163171",11.2898404234832,0.948092031425365,"chondrogen","N",5,"SERPINA3-KD",6,12
"ENSG00000163191",12.8078035530208,0.983726150392817,"chondrogen","N",5,"SERPINA3-KD",6,12
"ENSG00000163251",5.01579233518662,0.424523007856341,"chondrogen","N",5,"SERPINA3-KD",6,12
"ENSG00000163344",8.26326051095965,0.708473625140292,"chondrogen","N",5,"SERPINA3-KD",6,12
"ENSG00000163347",3.15368603323219,0.268799102132435,"chondrogen","N",5,"SERPINA3-KD",6,12
"ENSG00000163348",6.92435783939002,0.590909090909091,"chondrogen","N",5,"SERPINA3-KD",6,12
"ENSG00000163394",3.91853622528037,0.335297418630752,"chondrogen","N",5,"SERPINA3-KD",6,12
"ENSG00000163428",10.9994078070523,0.935746352413019,"chondrogen","N",5,"SERPINA3-KD",6,12
"ENSG00000163481",8.76413645988411,0.756172839506173,"chondrogen","N",5,"SERPINA3-KD",6,12
"ENSG00000163501",3.40585067842213,0.291245791245791,"chondrogen","N",5,"SERPINA3-KD",6,12
"ENSG00000163577",9.65659470329141,0.844276094276094,"chondrogen","N",5,"SERPINA3-KD",6,12
"ENSG00000163602",2.67897873375375,0.217171717171717,"chondrogen","N",5,"SERPINA3-KD",6,12
"ENSG00000163624",3.92210954121615,0.335578002244669,"chondrogen","N",5,"SERPINA3-KD",6,12
"ENSG00000163633",5.21662236617414,0.438552188552189,"chondrogen","N",5,"SERPINA3-KD",6,12
"ENSG00000163661",8.20817570363496,0.703703703703704,"chondrogen","N",5,"SERPINA3-KD",6,12
"ENSG00000163710",11.839706605788,0.96324354657688,"chondrogen","N",5,"SERPINA3-KD",6,12
"ENSG00000163734",8.57074462372629,0.73625140291807,"chondrogen","N",5,"SERPINA3-KD",6,12
"ENSG00000163735",6.56460648745188,0.558361391694725,"chondrogen","N",5,"SERPINA3-KD",6,12
"ENSG00000163737",2.46252052011257,0.192480359147026,"chondrogen","N",5,"SERPINA3-KD",6,12
"ENSG00000163739",9.24192755610046,0.807800224466891,"chondrogen","N",5,"SERPINA3-KD",6,12
"ENSG00000163755",10.2774056539353,0.890291806958474,"chondrogen","N",5,"SERPINA3-KD",6,12
"ENSG00000163762",2.73661324654006,0.222222222222222,"chondrogen","N",5,"SERPINA3-KD",6,12
"ENSG00000163792",2.47396106035523,0.193883277216611,"chondrogen","N",5,"SERPINA3-KD",6,12
"ENSG00000163794",1.75208896420763,0.102413019079686,"chondrogen","N",5,"SERPINA3-KD",6,12
"ENSG00000163807",9.34530776352529,0.819023569023569,"chondrogen","N",5,"SERPINA3-KD",6,12
"ENSG00000163808",5.32573276998907,0.448092031425365,"chondrogen","N",5,"SERPINA3-KD",6,12
"ENSG00000163814",9.97281362056435,0.869809203142537,"chondrogen","N",5,"SERPINA3-KD",6,12
"ENSG00000163823",0.937974224697839,0.0221661054994388,"chondrogen","N",5,"SERPINA3-KD",6,12
"ENSG00000163866",9.60482464091525,0.838103254769921,"chondrogen","N",5,"SERPINA3-KD",6,12
"ENSG00000163884",2.93947046087811,0.247194163860831,"chondrogen","N",5,"SERPINA3-KD",6,12
"ENSG00000163961",11.018928528978,0.937991021324355,"chondrogen","N",5,"SERPINA3-KD",6,12
"ENSG00000163993",5.58000000173978,0.471941638608305,"chondrogen","N",5,"SERPINA3-KD",6,12
"ENSG00000164047",1.92856352978208,0.122895622895623,"chondrogen","N",5,"SERPINA3-KD",6,12
"ENSG00000164087",5.06408282386166,0.427609427609428,"chondrogen","N",5,"SERPINA3-KD",6,12
"ENSG00000164099",5.1392739092867,0.43294051627385,"chondrogen","N",5,"SERPINA3-KD",6,12
"ENSG00000164105",6.81631589641418,0.579685746352413,"chondrogen","N",5,"SERPINA3-KD",6,12
"ENSG00000164106",12.3406632397425,0.977272727272727,"chondrogen","N",5,"SERPINA3-KD",6,12
"ENSG00000164122",2.92394376021902,0.245510662177329,"chondrogen","N",5,"SERPINA3-KD",6,12
"ENSG00000164123",1.4159089287561,0.0667789001122334,"chondrogen","N",5,"SERPINA3-KD",6,12
"ENSG00000164128",1.45919705958114,0.0715488215488215,"chondrogen","N",5,"SERPINA3-KD",6,12
"ENSG00000164168",10.7787317003094,0.922839506172839,"chondrogen","N",5,"SERPINA3-KD",6,12
"ENSG00000164185",4.33020362224247,0.371773288439955,"chondrogen","N",5,"SERPINA3-KD",6,12
"ENSG00000164187",8.97114469594757,0.778338945005612,"chondrogen","N",5,"SERPINA3-KD",6,12
"ENSG00000164188",10.5003277821606,0.906004489337823,"chondrogen","N",5,"SERPINA3-KD",6,12
"ENSG00000164220",3.49929620463711,0.2996632996633,"chondrogen","N",5,"SERPINA3-KD",6,12
"ENSG00000164237",9.2405575820021,0.807519640852974,"chondrogen","N",5,"SERPINA3-KD",6,12
"ENSG00000164251",5.80033790881959,0.490460157126824,"chondrogen","N",5,"SERPINA3-KD",6,12
"ENSG00000164265",3.10939066830512,0.263468013468013,"chondrogen","N",5,"SERPINA3-KD",6,12
"ENSG00000164296",7.3614323119875,0.630751964085297,"chondrogen","N",5,"SERPINA3-KD",6,12
"ENSG00000164332",9.45057788897623,0.826599326599327,"chondrogen","N",5,"SERPINA3-KD",6,12
"ENSG00000164366",9.41645249355124,0.824074074074074,"chondrogen","N",5,"SERPINA3-KD",6,12
"ENSG00000164379",3.14544958597807,0.267676767676768,"chondrogen","N",5,"SERPINA3-KD",6,12
"ENSG00000164404",2.8820759930899,0.240179573512907,"chondrogen","N",5,"SERPINA3-KD",6,12
"ENSG00000164406",4.18641550966562,0.361391694725028,"chondrogen","N",5,"SERPINA3-KD",6,12
"ENSG00000164543",8.99327803165403,0.779741863075196,"chondrogen","N",5,"SERPINA3-KD",6,12
"ENSG00000164588",1.9954089241992,0.131032547699214,"chondrogen","N",5,"SERPINA3-KD",6,12
"ENSG00000164597",9.1786859194933,0.80050505050505,"chondrogen","N",5,"SERPINA3-KD",6,12
"ENSG00000164615",10.3224464409861,0.892536475869809,"chondrogen","N",5,"SERPINA3-KD",6,12
"ENSG00000164620",3.93907865191697,0.336980920314254,"chondrogen","N",5,"SERPINA3-KD",6,12
"ENSG00000164626",1.07165892641878,0.0314253647586981,"chondrogen","N",5,"SERPINA3-KD",6,12
"ENSG00000164647",10.6807909948593,0.91358024691358,"chondrogen","N",5,"SERPINA3-KD",6,12
"ENSG00000164690",3.66990447681422,0.316498316498317,"chondrogen","N",5,"SERPINA3-KD",6,12
"ENSG00000164695",1.91252678791978,0.121212121212121,"chondrogen","N",5,"SERPINA3-KD",6,12
"ENSG00000164708",3.03308687481397,0.257575757575758,"chondrogen","N",5,"SERPINA3-KD",6,12
"ENSG00000164715",5.83529133583727,0.492985409652076,"chondrogen","N",5,"SERPINA3-KD",6,12
"ENSG00000164733",12.0618503809917,0.971941638608305,"chondrogen","N",5,"SERPINA3-KD",6,12
"ENSG00000164736",0.174775826957219,0.00196408529741863,"chondrogen","N",5,"SERPINA3-KD",6,12
"ENSG00000164741",3.21387979101497,0.274691358024691,"chondrogen","N",5,"SERPINA3-KD",6,12
"ENSG00000164743",6.92460029005948,0.591189674523008,"chondrogen","N",5,"SERPINA3-KD",6,12
"ENSG00000164758",8.22733504601721,0.704826038159372,"chondrogen","N",5,"SERPINA3-KD",6,12
"ENSG00000164761",11.0168906459696,0.937429854096521,"chondrogen","N",5,"SERPINA3-KD",6,12
"ENSG00000164794",3.67490169499695,0.317620650953984,"chondrogen","N",5,"SERPINA3-KD",6,12
"ENSG00000164879",3.23796330175016,0.277216610549944,"chondrogen","N",5,"SERPINA3-KD",6,12
"ENSG00000164935",0.114403695683602,0.00112233445566779,"chondrogen","N",5,"SERPINA3-KD",6,12
"ENSG00000164949",10.4804645340301,0.904320987654321,"chondrogen","N",5,"SERPINA3-KD",6,12
"ENSG00000164976",6.433564107026,0.547699214365881,"chondrogen","N",5,"SERPINA3-KD",6,12
"ENSG00000164983",7.41034863835189,0.635802469135803,"chondrogen","N",5,"SERPINA3-KD",6,12
"ENSG00000165030",9.27506468750301,0.811447811447811,"chondrogen","N",5,"SERPINA3-KD",6,12
"ENSG00000165152",9.19461054225773,0.803030303030303,"chondrogen","N",5,"SERPINA3-KD",6,12
"ENSG00000165197",0.943214121263093,0.0232884399551066,"chondrogen","N",5,"SERPINA3-KD",6,12
"ENSG00000165244",3.52452735240019,0.302749719416386,"chondrogen","N",5,"SERPINA3-KD",6,12
"ENSG00000165300",7.94972522984255,0.684343434343434,"chondrogen","N",5,"SERPINA3-KD",6,12
"ENSG00000165304",7.7993874577807,0.670594837261504,"chondrogen","N",5,"SERPINA3-KD",6,12
"ENSG00000165312",5.16644550557338,0.434904601571268,"chondrogen","N",5,"SERPINA3-KD",6,12
"ENSG00000165355",8.29932623445549,0.711560044893378,"chondrogen","N",5,"SERPINA3-KD",6,12
"ENSG00000165389",12.0105125601182,0.970538720538721,"chondrogen","N",5,"SERPINA3-KD",6,12
"ENSG00000165424",9.95219149130885,0.867283950617284,"chondrogen","N",5,"SERPINA3-KD",6,12
"ENSG00000165434",10.7192510101839,0.916105499438833,"chondrogen","N",5,"SERPINA3-KD",6,12
"ENSG00000165474",3.65746585496627,0.315937149270483,"chondrogen","N",5,"SERPINA3-KD",6,12
"ENSG00000165478",9.69639923961685,0.847362514029181,"chondrogen","N",5,"SERPINA3-KD",6,12
"ENSG00000165502",11.8761728368776,0.964365881032548,"chondrogen","N",5,"SERPINA3-KD",6,12
"ENSG00000165507",11.392540601537,0.951739618406285,"chondrogen","N",5,"SERPINA3-KD",6,12
"ENSG00000165512",10.2364087325816,0.888608305274972,"chondrogen","N",5,"SERPINA3-KD",6,12
"ENSG00000165526",9.01974588730487,0.7831088664422,"chondrogen","N",5,"SERPINA3-KD",6,12
"ENSG00000165527",11.8190837227889,0.962401795735129,"chondrogen","N",5,"SERPINA3-KD",6,12
"ENSG00000165572",9.89358708114477,0.861952861952862,"chondrogen","N",5,"SERPINA3-KD",6,12
"ENSG00000165632",8.75405858146329,0.75364758698092,"chondrogen","N",5,"SERPINA3-KD",6,12
"ENSG00000165660",9.30126719313362,0.814534231200898,"chondrogen","N",5,"SERPINA3-KD",6,12
"ENSG00000165672",13.1256401332918,0.988496071829405,"chondrogen","N",5,"SERPINA3-KD",6,12
"ENSG00000165684",4.02505296727971,0.344556677890011,"chondrogen","N",5,"SERPINA3-KD",6,12
"ENSG00000165685",1.88938792442167,0.117564534231201,"chondrogen","N",5,"SERPINA3-KD",6,12
"ENSG00000165714",6.87987502401094,0.587822671156005,"chondrogen","N",5,"SERPINA3-KD",6,12
"ENSG00000165724",4.85630308847565,0.411616161616162,"chondrogen","N",5,"SERPINA3-KD",6,12
"ENSG00000165733",10.9466699901773,0.934343434343434,"chondrogen","N",5,"SERPINA3-KD",6,12
"ENSG00000165757",8.84503367540606,0.766273849607183,"chondrogen","N",5,"SERPINA3-KD",6,12
"ENSG00000165762",2.03010613937089,0.13692480359147,"chondrogen","N",5,"SERPINA3-KD",6,12
"ENSG00000165807",3.97727518765702,0.340909090909091,"chondrogen","N",5,"SERPINA3-KD",6,12
"ENSG00000165832",10.4423560206936,0.900673400673401,"chondrogen","N",5,"SERPINA3-KD",6,12
"ENSG00000165879",2.04338636075709,0.139169472502806,"chondrogen","N",5,"SERPINA3-KD",6,12
"ENSG00000165886",6.25606008529235,0.532547699214366,"chondrogen","N",5,"SERPINA3-KD",6,12
"ENSG00000165916",11.4187461654474,0.952861952861953,"chondrogen","N",5,"SERPINA3-KD",6,12
"ENSG00000165923",3.39486336733717,0.290123456790123,"chondrogen","N",5,"SERPINA3-KD",6,12
"ENSG00000165943",8.5731785214059,0.736531986531986,"chondrogen","N",5,"SERPINA3-KD",6,12
"ENSG00000165997",9.48952879322812,0.828282828282828,"chondrogen","N",5,"SERPINA3-KD",6,12
"ENSG00000166002",8.58298511062227,0.737654320987654,"chondrogen","N",5,"SERPINA3-KD",6,12
"ENSG00000166016",5.25133479670231,0.441077441077441,"chondrogen","N",5,"SERPINA3-KD",6,12
"ENSG00000166188",4.26547648433637,0.367003367003367,"chondrogen","N",5,"SERPINA3-KD",6,12
"ENSG00000166189",5.41263504360884,0.458193041526375,"chondrogen","N",5,"SERPINA3-KD",6,12
"ENSG00000166225",10.1177962105978,0.87962962962963,"chondrogen","N",5,"SERPINA3-KD",6,12
"ENSG00000166228",7.3168907040036,0.626262626262626,"chondrogen","N",5,"SERPINA3-KD",6,12
"ENSG00000166289",5.84227209114792,0.493827160493827,"chondrogen","N",5,"SERPINA3-KD",6,12
"ENSG00000166295",11.0324844022284,0.938832772166106,"chondrogen","N",5,"SERPINA3-KD",6,12
"ENSG00000166326",10.3677334056181,0.895061728395062,"chondrogen","N",5,"SERPINA3-KD",6,12
"ENSG00000166341",2.66689012384914,0.215207631874299,"chondrogen","N",5,"SERPINA3-KD",6,12
"ENSG00000166402",8.28155434441246,0.709876543209877,"chondrogen","N",5,"SERPINA3-KD",6,12
"ENSG00000166439",7.41541193418221,0.636644219977553,"chondrogen","N",5,"SERPINA3-KD",6,12
"ENSG00000166523",2.3387669067937,0.177328843995511,"chondrogen","N",5,"SERPINA3-KD",6,12
"ENSG00000166562",8.95778804112452,0.777216610549944,"chondrogen","N",5,"SERPINA3-KD",6,12
"ENSG00000166573",2.73313475409247,0.221941638608305,"chondrogen","N",5,"SERPINA3-KD",6,12
"ENSG00000166741",14.6842163947126,0.997755331088664,"chondrogen","N",5,"SERPINA3-KD",6,12
"ENSG00000166794",13.884847988445,0.993827160493827,"chondrogen","N",5,"SERPINA3-KD",6,12
"ENSG00000166821",7.39750093008204,0.634118967452301,"chondrogen","N",5,"SERPINA3-KD",6,12
"ENSG00000166828",1.41374455365053,0.0659371492704826,"chondrogen","N",5,"SERPINA3-KD",6,12
"ENSG00000166848",9.23568557200458,0.806677890011223,"chondrogen","N",5,"SERPINA3-KD",6,12
"ENSG00000166855",10.1898727405295,0.885521885521885,"chondrogen","N",5,"SERPINA3-KD",6,12
"ENSG00000166860",6.95027871974832,0.593153759820427,"chondrogen","N",5,"SERPINA3-KD",6,12
"ENSG00000166869",2.10709073122644,0.149551066217733,"chondrogen","N",5,"SERPINA3-KD",6,12
"ENSG00000166896",6.75977146611282,0.574915824915825,"chondrogen","N",5,"SERPINA3-KD",6,12
"ENSG00000166902",10.1671285911055,0.883838383838384,"chondrogen","N",5,"SERPINA3-KD",6,12
"ENSG00000166922",5.64058195205013,0.478114478114478,"chondrogen","N",5,"SERPINA3-KD",6,12
"ENSG00000166925",7.91315036627517,0.680415263748597,"chondrogen","N",5,"SERPINA3-KD",6,12
"ENSG00000166997",8.88324318408591,0.769921436588103,"chondrogen","N",5,"SERPINA3-KD",6,12
"ENSG00000167080",4.2148254791467,0.363636363636364,"chondrogen","N",5,"SERPINA3-KD",6,12
"ENSG00000167105",4.37177043897216,0.375701459034792,"chondrogen","N",5,"SERPINA3-KD",6,12
"ENSG00000167136",4.18550548204795,0.360830527497194,"chondrogen","N",5,"SERPINA3-KD",6,12
"ENSG00000167193",10.3857253808599,0.896464646464647,"chondrogen","N",5,"SERPINA3-KD",6,12
"ENSG00000167283",11.7269571458321,0.959876543209877,"chondrogen","N",5,"SERPINA3-KD",6,12
"ENSG00000167355",1.71198593793191,0.0990460157126824,"chondrogen","N",5,"SERPINA3-KD",6,12
"ENSG00000167513",3.07823743140683,0.260942760942761,"chondrogen","N",5,"SERPINA3-KD",6,12
"ENSG00000167535",6.75995964279093,0.575196408529742,"chondrogen","N",5,"SERPINA3-KD",6,12
"ENSG00000167653",1.21291130926943,0.0429292929292929,"chondrogen","N",5,"SERPINA3-KD",6,12
"ENSG00000167700",6.59443018199283,0.561447811447811,"chondrogen","N",5,"SERPINA3-KD",6,12
"ENSG00000167771",2.87854772313704,0.239337822671156,"chondrogen","N",5,"SERPINA3-KD",6,12
"ENSG00000167778",8.83853047927878,0.765712682379349,"chondrogen","N",5,"SERPINA3-KD",6,12
"ENSG00000167779",11.1662687671259,0.944725028058361,"chondrogen","N",5,"SERPINA3-KD",6,12
"ENSG00000167785",8.53605724555293,0.732323232323232,"chondrogen","N",5,"SERPINA3-KD",6,12
"ENSG00000167797",8.95188119042959,0.77665544332211,"chondrogen","N",5,"SERPINA3-KD",6,12
"ENSG00000167850",2.14587359364189,0.155162738496072,"chondrogen","N",5,"SERPINA3-KD",6,12
"ENSG00000167874",0.643870006538408,0.010381593714927,"chondrogen","N",5,"SERPINA3-KD",6,12
"ENSG00000167977",7.36255396012004,0.631032547699214,"chondrogen","N",5,"SERPINA3-KD",6,12
"ENSG00000167981",6.83269579775004,0.582491582491583,"chondrogen","N",5,"SERPINA3-KD",6,12
"ENSG00000167985",9.66255361407747,0.844837261503928,"chondrogen","N",5,"SERPINA3-KD",6,12
"ENSG00000168005",4.65172599852783,0.395903479236813,"chondrogen","N",5,"SERPINA3-KD",6,12
"ENSG00000168040",9.17363816603535,0.800224466891134,"chondrogen","N",5,"SERPINA3-KD",6,12
"ENSG00000168081",2.12330096640337,0.151515151515152,"chondrogen","N",5,"SERPINA3-KD",6,12
"ENSG00000168124",3.17118616738347,0.271043771043771,"chondrogen","N",5,"SERPINA3-KD",6,12
"ENSG00000168140",7.23692601927001,0.618686868686869,"chondrogen","N",5,"SERPINA3-KD",6,12
"ENSG00000168143",1.77447740246746,0.104938271604938,"chondrogen","N",5,"SERPINA3-KD",6,12
"ENSG00000168159",6.71451981495225,0.570987654320988,"chondrogen","N",5,"SERPINA3-KD",6,12
"ENSG00000168172",9.89771172847157,0.862794612794613,"chondrogen","N",5,"SERPINA3-KD",6,12
"ENSG00000168209",13.7880354827826,0.992985409652076,"chondrogen","N",5,"SERPINA3-KD",6,12
"ENSG00000168229",3.7155706497926,0.321268237934905,"chondrogen","N",5,"SERPINA3-KD",6,12
"ENSG00000168246",8.77404299151113,0.757295173961841,"chondrogen","N",5,"SERPINA3-KD",6,12
"ENSG00000168263",1.21469411622243,0.0434904601571268,"chondrogen","N",5,"SERPINA3-KD",6,12
"ENSG00000168273",6.80161628503946,0.578563411896745,"chondrogen","N",5,"SERPINA3-KD",6,12
"ENSG00000168282",8.54520043754435,0.7334455667789,"chondrogen","N",5,"SERPINA3-KD",6,12
"ENSG00000168286",7.24908915886965,0.620089786756453,"chondrogen","N",5,"SERPINA3-KD",6,12
"ENSG00000168298",2.39667181191218,0.183221099887767,"chondrogen","N",5,"SERPINA3-KD",6,12
"ENSG00000168303",10.6563058445404,0.912457912457912,"chondrogen","N",5,"SERPINA3-KD",6,12
"ENSG00000168350",3.19881987670849,0.27300785634119,"chondrogen","N",5,"SERPINA3-KD",6,12
"ENSG00000168398",6.79001618305532,0.577160493827161,"chondrogen","N",5,"SERPINA3-KD",6,12
"ENSG00000168418",1.99199750362346,0.130751964085297,"chondrogen","N",5,"SERPINA3-KD",6,12
"ENSG00000168496",8.49438535501635,0.730359147025814,"chondrogen","N",5,"SERPINA3-KD",6,12
"ENSG00000168497",3.69776408027816,0.31986531986532,"chondrogen","N",5,"SERPINA3-KD",6,12
"ENSG00000168556",7.850697908575,0.674523007856341,"chondrogen","N",5,"SERPINA3-KD",6,12
"ENSG00000168564",9.12602712138445,0.795173961840628,"chondrogen","N",5,"SERPINA3-KD",6,12
"ENSG00000168569",8.66818458774181,0.746632996632997,"chondrogen","N",5,"SERPINA3-KD",6,12
"ENSG00000168612",6.69232346840973,0.568742985409652,"chondrogen","N",5,"SERPINA3-KD",6,12
"ENSG00000168672",2.22339911970142,0.163019079685746,"chondrogen","N",5,"SERPINA3-KD",6,12
"ENSG00000168785",9.92338454340536,0.864758698092031,"chondrogen","N",5,"SERPINA3-KD",6,12
"ENSG00000168792",5.39975625839888,0.45679012345679,"chondrogen","N",5,"SERPINA3-KD",6,12
"ENSG00000168795",7.32328248307257,0.627384960718294,"chondrogen","N",5,"SERPINA3-KD",6,12
"ENSG00000168806",10.8828521831304,0.929573512906846,"chondrogen","N",5,"SERPINA3-KD",6,12
"ENSG00000168811",4.37312809802726,0.376262626262626,"chondrogen","N",5,"SERPINA3-KD",6,12
"ENSG00000168876",9.56694601723734,0.835297418630752,"chondrogen","N",5,"SERPINA3-KD",6,12
"ENSG00000168899",9.74033001682339,0.852132435465769,"chondrogen","N",5,"SERPINA3-KD",6,12
"ENSG00000168913",0.618602868384263,0.00982042648709315,"chondrogen","N",5,"SERPINA3-KD",6,12
"ENSG00000168917",8.55014120360494,0.734567901234568,"chondrogen","N",5,"SERPINA3-KD",6,12
"ENSG00000168918",1.87822038432519,0.116161616161616,"chondrogen","N",5,"SERPINA3-KD",6,12
"ENSG00000168938",12.3737915724228,0.978114478114478,"chondrogen","N",5,"SERPINA3-KD",6,12
"ENSG00000168955",3.86907450527976,0.331930415263749,"chondrogen","N",5,"SERPINA3-KD",6,12
"ENSG00000169018",10.0040152189818,0.873456790123457,"chondrogen","N",5,"SERPINA3-KD",6,12
"ENSG00000169021",11.0156427608137,0.936868686868687,"chondrogen","N",5,"SERPINA3-KD",6,12
"ENSG00000169045",2.92831084727441,0.246071829405163,"chondrogen","N",5,"SERPINA3-KD",6,12
"ENSG00000169047",8.91188920627267,0.771604938271605,"chondrogen","N",5,"SERPINA3-KD",6,12
"ENSG00000169067",0.3761337029733,0.00561167227833894,"chondrogen","N",5,"SERPINA3-KD",6,12
"ENSG00000169105",6.55475118564624,0.55695847362514,"chondrogen","N",5,"SERPINA3-KD",6,12
"ENSG00000169184",6.28696089759626,0.535072951739618,"chondrogen","N",5,"SERPINA3-KD",6,12
"ENSG00000169188",8.30971398820301,0.712962962962963,"chondrogen","N",5,"SERPINA3-KD",6,12
"ENSG00000169208",2.82982299399918,0.233726150392817,"chondrogen","N",5,"SERPINA3-KD",6,12
"ENSG00000169213",9.51412407645224,0.830808080808081,"chondrogen","N",5,"SERPINA3-KD",6,12
"ENSG00000169217",9.17268505383035,0.799943883277217,"chondrogen","N",5,"SERPINA3-KD",6,12
"ENSG00000169245",1.71168980521617,0.0987654320987654,"chondrogen","N",5,"SERPINA3-KD",6,12
"ENSG00000169252",5.39146556044439,0.456509539842873,"chondrogen","N",5,"SERPINA3-KD",6,12
"ENSG00000169258",1.09611485621939,0.0333894500561167,"chondrogen","N",5,"SERPINA3-KD",6,12
"ENSG00000169297",1.2890730755585,0.0516273849607183,"chondrogen","N",5,"SERPINA3-KD",6,12
"ENSG00000169327",2.84210821216798,0.235129068462402,"chondrogen","N",5,"SERPINA3-KD",6,12
"ENSG00000169330",5.56599599600854,0.470538720538721,"chondrogen","N",5,"SERPINA3-KD",6,12
"ENSG00000169446",10.4147344534364,0.898148148148148,"chondrogen","N",5,"SERPINA3-KD",6,12
"ENSG00000169495",2.03530677846454,0.137766554433221,"chondrogen","N",5,"SERPINA3-KD",6,12
"ENSG00000169508",4.94339929026024,0.418911335578002,"chondrogen","N",5,"SERPINA3-KD",6,12
"ENSG00000169515",6.593495535217,0.560886644219978,"chondrogen","N",5,"SERPINA3-KD",6,12
"ENSG00000169564",10.3748097803622,0.895342312008979,"chondrogen","N",5,"SERPINA3-KD",6,12
"ENSG00000169612",10.2064875701674,0.886644219977553,"chondrogen","N",5,"SERPINA3-KD",6,12
"ENSG00000169627",7.72999280659624,0.66638608305275,"chondrogen","N",5,"SERPINA3-KD",6,12
"ENSG00000169683",3.78175903107768,0.327441077441077,"chondrogen","N",5,"SERPINA3-KD",6,12
"ENSG00000169710",6.52433132736317,0.553872053872054,"chondrogen","N",5,"SERPINA3-KD",6,12
"ENSG00000169738",9.0051569940943,0.780864197530864,"chondrogen","N",5,"SERPINA3-KD",6,12
"ENSG00000169750",5.38366464818518,0.456228956228956,"chondrogen","N",5,"SERPINA3-KD",6,12
"ENSG00000169826",10.7838780308593,0.923120089786756,"chondrogen","N",5,"SERPINA3-KD",6,12
"ENSG00000169857",5.20584496880435,0.437429854096521,"chondrogen","N",5,"SERPINA3-KD",6,12
"ENSG00000169860",2.43297181815307,0.189393939393939,"chondrogen","N",5,"SERPINA3-KD",6,12
"ENSG00000169895",11.1962377146647,0.945286195286195,"chondrogen","N",5,"SERPINA3-KD",6,12
"ENSG00000169903",0.707738267682394,0.0126262626262626,"chondrogen","N",5,"SERPINA3-KD",6,12
"ENSG00000169914",6.84862057521435,0.583894500561167,"chondrogen","N",5,"SERPINA3-KD",6,12
"ENSG00000169955",6.14647772328373,0.521604938271605,"chondrogen","N",5,"SERPINA3-KD",6,12
"ENSG00000169964",8.68656246545391,0.749158249158249,"chondrogen","N",5,"SERPINA3-KD",6,12
"ENSG00000169976",10.0420151103308,0.875140291806959,"chondrogen","N",5,"SERPINA3-KD",6,12
"ENSG00000169981",6.48320889669073,0.551627384960718,"chondrogen","N",5,"SERPINA3-KD",6,12
"ENSG00000169989",3.14120141011258,0.267115600448934,"chondrogen","N",5,"SERPINA3-KD",6,12
"ENSG00000169992",5.54596871172474,0.468294051627385,"chondrogen","N",5,"SERPINA3-KD",6,12
"ENSG00000170027",10.3785914950283,0.896184062850729,"chondrogen","N",5,"SERPINA3-KD",6,12
"ENSG00000170044",1.82240837481539,0.110549943883277,"chondrogen","N",5,"SERPINA3-KD",6,12
"ENSG00000170099",2.37955793725618,0.181537598204265,"chondrogen","N",5,"SERPINA3-KD",6,12
"ENSG00000170122",0.960527204807095,0.0249719416386083,"chondrogen","N",5,"SERPINA3-KD",6,12
"ENSG00000170145",8.7431020849219,0.753086419753086,"chondrogen","N",5,"SERPINA3-KD",6,12
"ENSG00000170166",2.40588887311902,0.184624017957351,"chondrogen","N",5,"SERPINA3-KD",6,12
"ENSG00000170175",6.04175877518984,0.511223344556678,"chondrogen","N",5,"SERPINA3-KD",6,12
"ENSG00000170191",8.85980978494811,0.767396184062851,"chondrogen","N",5,"SERPINA3-KD",6,12
"ENSG00000170260",7.30158109912313,0.623737373737374,"chondrogen","N",5,"SERPINA3-KD",6,12
"ENSG00000170270",8.02325421880431,0.690796857463524,"chondrogen","N",5,"SERPINA3-KD",6,12
"ENSG00000170276",6.39790422872108,0.545735129068462,"chondrogen","N",5,"SERPINA3-KD",6,12
"ENSG00000170290",3.30487978876985,0.282267115600449,"chondrogen","N",5,"SERPINA3-KD",6,12
"ENSG00000170291",8.45300337736877,0.727272727272727,"chondrogen","N",5,"SERPINA3-KD",6,12
"ENSG00000170293",3.80217280441039,0.329124579124579,"chondrogen","N",5,"SERPINA3-KD",6,12
"ENSG00000170348",14.2396951967967,0.995791245791246,"chondrogen","N",5,"SERPINA3-KD",6,12
"ENSG00000170369",2.19820668030059,0.161054994388328,"chondrogen","N",5,"SERPINA3-KD",6,12
"ENSG00000170373",1.78606900761094,0.106902356902357,"chondrogen","N",5,"SERPINA3-KD",6,12
"ENSG00000170374",8.57619187076106,0.736812570145904,"chondrogen","N",5,"SERPINA3-KD",6,12
"ENSG00000170396",4.73622649059665,0.402076318742985,"chondrogen","N",5,"SERPINA3-KD",6,12
"ENSG00000170425",7.56556530036165,0.651515151515151,"chondrogen","N",5,"SERPINA3-KD",6,12
"ENSG00000170439",4.98214633386871,0.421436588103255,"chondrogen","N",5,"SERPINA3-KD",6,12
"ENSG00000170468",4.98647683754496,0.421717171717172,"chondrogen","N",5,"SERPINA3-KD",6,12
"ENSG00000170542",4.98761891621706,0.421997755331089,"chondrogen","N",5,"SERPINA3-KD",6,12
"ENSG00000170577",6.38593009891391,0.543771043771044,"chondrogen","N",5,"SERPINA3-KD",6,12
"ENSG00000170604",4.46382871161678,0.381593714927048,"chondrogen","N",5,"SERPINA3-KD",6,12
"ENSG00000170608",0.369817732474064,0.00505050505050505,"chondrogen","N",5,"SERPINA3-KD",6,12
"ENSG00000170677",9.73161548996723,0.851290684624018,"chondrogen","N",5,"SERPINA3-KD",6,12
"ENSG00000170681",3.75619658797584,0.324915824915825,"chondrogen","N",5,"SERPINA3-KD",6,12
"ENSG00000170775",0.923706238972028,0.021043771043771,"chondrogen","N",5,"SERPINA3-KD",6,12
"ENSG00000170790",2.77942260712605,0.227272727272727,"chondrogen","N",5,"SERPINA3-KD",6,12
"ENSG00000170855",10.5172127414133,0.906846240179573,"chondrogen","N",5,"SERPINA3-KD",6,12
"ENSG00000170860",10.6889143483097,0.913860830527497,"chondrogen","N",5,"SERPINA3-KD",6,12
"ENSG00000170876",11.7603132636928,0.961279461279461,"chondrogen","N",5,"SERPINA3-KD",6,12
"ENSG00000170881",8.83196427368221,0.764309764309764,"chondrogen","N",5,"SERPINA3-KD",6,12
"ENSG00000170893",0.26587528394679,0.00280583613916947,"chondrogen","N",5,"SERPINA3-KD",6,12
"ENSG00000170915",6.86883230081557,0.586700336700337,"chondrogen","N",5,"SERPINA3-KD",6,12
"ENSG00000170923",2.02302412618386,0.136363636363636,"chondrogen","N",5,"SERPINA3-KD",6,12
"ENSG00000170929",2.18949622510815,0.159652076318743,"chondrogen","N",5,"SERPINA3-KD",6,12
"ENSG00000170961",13.7023713903303,0.991863075196408,"chondrogen","N",5,"SERPINA3-KD",6,12
"ENSG00000171049",3.67276324121327,0.31705948372615,"chondrogen","N",5,"SERPINA3-KD",6,12
"ENSG00000171056",2.81025874593812,0.230639730639731,"chondrogen","N",5,"SERPINA3-KD",6,12
"ENSG00000171116",2.40218471045954,0.184062850729517,"chondrogen","N",5,"SERPINA3-KD",6,12
"ENSG00000171150",10.157402350441,0.88327721661055,"chondrogen","N",5,"SERPINA3-KD",6,12
"ENSG00000171155",10.4494461225943,0.901234567901235,"chondrogen","N",5,"SERPINA3-KD",6,12
"ENSG00000171159",8.23497950375285,0.705387205387205,"chondrogen","N",5,"SERPINA3-KD",6,12
"ENSG00000171169",5.52939396232297,0.466329966329966,"chondrogen","N",5,"SERPINA3-KD",6,12
"ENSG00000171180",2.70051280101993,0.219135802469136,"chondrogen","N",5,"SERPINA3-KD",6,12
"ENSG00000171202",8.99357951332513,0.780022446689113,"chondrogen","N",5,"SERPINA3-KD",6,12
"ENSG00000171223",9.7479212183706,0.853535353535353,"chondrogen","N",5,"SERPINA3-KD",6,12
"ENSG00000171224",2.23832354321814,0.165544332210999,"chondrogen","N",5,"SERPINA3-KD",6,12
"ENSG00000171227",5.42364361333192,0.458754208754209,"chondrogen","N",5,"SERPINA3-KD",6,12
"ENSG00000171241",7.8246056597112,0.673120089786756,"chondrogen","N",5,"SERPINA3-KD",6,12
"ENSG00000171243",0.881134511630538,0.0196408529741863,"chondrogen","N",5,"SERPINA3-KD",6,12
"ENSG00000171246",0.775158246308231,0.0137485970819304,"chondrogen","N",5,"SERPINA3-KD",6,12
"ENSG00000171291",7.51450893965084,0.646464646464647,"chondrogen","N",5,"SERPINA3-KD",6,12
"ENSG00000171303",3.06414319664678,0.26010101010101,"chondrogen","N",5,"SERPINA3-KD",6,12
"ENSG00000171314",13.7556798496142,0.992424242424242,"chondrogen","N",5,"SERPINA3-KD",6,12
"ENSG00000171357",5.05075861894579,0.42648709315376,"chondrogen","N",5,"SERPINA3-KD",6,12
"ENSG00000171443",5.29280196620708,0.444163860830528,"chondrogen","N",5,"SERPINA3-KD",6,12
"ENSG00000171448",7.43740861923122,0.639169472502806,"chondrogen","N",5,"SERPINA3-KD",6,12
"ENSG00000171497",9.96753299046241,0.868967452300786,"chondrogen","N",5,"SERPINA3-KD",6,12
"ENSG00000171517",2.67580886820218,0.2168911335578,"chondrogen","N",5,"SERPINA3-KD",6,12
"ENSG00000171522",5.34543772731383,0.450617283950617,"chondrogen","N",5,"SERPINA3-KD",6,12
"ENSG00000171532",10.6926300780726,0.914421997755331,"chondrogen","N",5,"SERPINA3-KD",6,12
"ENSG00000171561",5.35444674012524,0.452020202020202,"chondrogen","N",5,"SERPINA3-KD",6,12
"ENSG00000171596",1.54864716961416,0.0822109988776655,"chondrogen","N",5,"SERPINA3-KD",6,12
"ENSG00000171612",4.96054230046065,0.420314253647587,"chondrogen","N",5,"SERPINA3-KD",6,12
"ENSG00000171657",4.08507299203955,0.349607182940516,"chondrogen","N",5,"SERPINA3-KD",6,12
"ENSG00000171724",3.72920530472152,0.322671156004489,"chondrogen","N",5,"SERPINA3-KD",6,12
"ENSG00000171747",2.42494298015914,0.187710437710438,"chondrogen","N",5,"SERPINA3-KD",6,12
"ENSG00000171815",4.18558644577251,0.361111111111111,"chondrogen","N",5,"SERPINA3-KD",6,12
"ENSG00000171819",7.094738483282,0.605218855218855,"chondrogen","N",5,"SERPINA3-KD",6,12
"ENSG00000171823",4.39090845642661,0.377104377104377,"chondrogen","N",5,"SERPINA3-KD",6,12
"ENSG00000171860",6.12110517806361,0.52020202020202,"chondrogen","N",5,"SERPINA3-KD",6,12
"ENSG00000171862",4.34666309221853,0.373456790123457,"chondrogen","N",5,"SERPINA3-KD",6,12
"ENSG00000171872",3.1210065094136,0.264870931537598,"chondrogen","N",5,"SERPINA3-KD",6,12
"ENSG00000171951",4.76990315232762,0.405443322109989,"chondrogen","N",5,"SERPINA3-KD",6,12
"ENSG00000171989",0.14412367879036,0.00168350168350168,"chondrogen","N",5,"SERPINA3-KD",6,12
"ENSG00000172000",4.15411542468254,0.358305274971942,"chondrogen","N",5,"SERPINA3-KD",6,12
"ENSG00000172007",9.22556143999745,0.806116722783389,"chondrogen","N",5,"SERPINA3-KD",6,12
"ENSG00000172031",1.77175598511447,0.104657687991021,"chondrogen","N",5,"SERPINA3-KD",6,12
"ENSG00000172061",9.29912067554986,0.813973063973064,"chondrogen","N",5,"SERPINA3-KD",6,12
"ENSG00000172086",10.1459340028987,0.881313131313131,"chondrogen","N",5,"SERPINA3-KD",6,12
"ENSG00000172115",11.8462358230337,0.963524130190797,"chondrogen","N",5,"SERPINA3-KD",6,12
"ENSG00000172146",4.75885680863283,0.404882154882155,"chondrogen","N",5,"SERPINA3-KD",6,12
"ENSG00000172167",6.72867383833024,0.571829405162739,"chondrogen","N",5,"SERPINA3-KD",6,12
"ENSG00000172172",11.2468806382957,0.947530864197531,"chondrogen","N",5,"SERPINA3-KD",6,12
"ENSG00000172209",4.73339057505319,0.401795735129068,"chondrogen","N",5,"SERPINA3-KD",6,12
"ENSG00000172216",5.56967867057488,0.470819304152638,"chondrogen","N",5,"SERPINA3-KD",6,12
"ENSG00000172244",6.54105212729201,0.555555555555556,"chondrogen","N",5,"SERPINA3-KD",6,12
"ENSG00000172315",10.0420305422471,0.875420875420875,"chondrogen","N",5,"SERPINA3-KD",6,12
"ENSG00000172318",6.82553488513124,0.581088664421998,"chondrogen","N",5,"SERPINA3-KD",6,12
"ENSG00000172320",3.69950587797859,0.320145903479237,"chondrogen","N",5,"SERPINA3-KD",6,12
"ENSG00000172324",3.60909357830679,0.311167227833894,"chondrogen","N",5,"SERPINA3-KD",6,12
"ENSG00000172336",8.45169807532624,0.72699214365881,"chondrogen","N",5,"SERPINA3-KD",6,12
"ENSG00000172361",4.30164733254345,0.369809203142536,"chondrogen","N",5,"SERPINA3-KD",6,12
"ENSG00000172380",12.9996763427958,0.986812570145904,"chondrogen","N",5,"SERPINA3-KD",6,12
"ENSG00000172404",2.99521661059069,0.254208754208754,"chondrogen","N",5,"SERPINA3-KD",6,12
"ENSG00000172409",8.63181084974884,0.742424242424242,"chondrogen","N",5,"SERPINA3-KD",6,12
"ENSG00000172458",4.29892689787419,0.36952861952862,"chondrogen","N",5,"SERPINA3-KD",6,12
"ENSG00000172476",4.78407119809591,0.406004489337823,"chondrogen","N",5,"SERPINA3-KD",6,12
"ENSG00000172543",2.95972664614287,0.249719416386083,"chondrogen","N",5,"SERPINA3-KD",6,12
"ENSG00000172572",7.37949783597344,0.632154882154882,"chondrogen","N",5,"SERPINA3-KD",6,12
"ENSG00000172586",9.03301164132052,0.783950617283951,"chondrogen","N",5,"SERPINA3-KD",6,12
"ENSG00000172613",7.4886963992356,0.64337822671156,"chondrogen","N",5,"SERPINA3-KD",6,12
"ENSG00000172663",9.77808066318336,0.856341189674523,"chondrogen","N",5,"SERPINA3-KD",6,12
"ENSG00000172689",1.95942483550636,0.125701459034792,"chondrogen","N",5,"SERPINA3-KD",6,12
"ENSG00000172742",3.71604459642744,0.321548821548822,"chondrogen","N",5,"SERPINA3-KD",6,12
"ENSG00000172789",3.52190590544457,0.302469135802469,"chondrogen","N",5,"SERPINA3-KD",6,12
"ENSG00000172817",4.28596382498497,0.368125701459035,"chondrogen","N",5,"SERPINA3-KD",6,12
"ENSG00000172840",7.52419244254596,0.647306397306397,"chondrogen","N",5,"SERPINA3-KD",6,12
"ENSG00000172939",9.45611419753418,0.827160493827161,"chondrogen","N",5,"SERPINA3-KD",6,12
"ENSG00000173013",1.95131047996764,0.125140291806958,"chondrogen","N",5,"SERPINA3-KD",6,12
"ENSG00000173110",5.67688314356668,0.480920314253648,"chondrogen","N",5,"SERPINA3-KD",6,12
"ENSG00000173113",11.5379304021246,0.957351290684624,"chondrogen","N",5,"SERPINA3-KD",6,12
"ENSG00000173137",4.80438462752982,0.406846240179573,"chondrogen","N",5,"SERPINA3-KD",6,12
"ENSG00000173141",9.93822439300312,0.86672278338945,"chondrogen","N",5,"SERPINA3-KD",6,12
"ENSG00000173156",7.12195003039158,0.607463524130191,"chondrogen","N",5,"SERPINA3-KD",6,12
"ENSG00000173198",5.75697750906611,0.488776655443322,"chondrogen","N",5,"SERPINA3-KD",6,12
"ENSG00000173208",3.44033040881798,0.294051627384961,"chondrogen","N",5,"SERPINA3-KD",6,12
"ENSG00000173214",9.61693486978595,0.839225589225589,"chondrogen","N",5,"SERPINA3-KD",6,12
"ENSG00000173261",3.08621291952771,0.261784511784512,"chondrogen","N",5,"SERPINA3-KD",6,12
"ENSG00000173273",3.3552855756381,0.287037037037037,"chondrogen","N",5,"SERPINA3-KD",6,12
"ENSG00000173281",9.99909661399378,0.872895622895623,"chondrogen","N",5,"SERPINA3-KD",6,12
"ENSG00000173285",3.74575811776573,0.32351290684624,"chondrogen","N",5,"SERPINA3-KD",6,12
"ENSG00000173327",5.74868905265842,0.487654320987654,"chondrogen","N",5,"SERPINA3-KD",6,12
"ENSG00000173334",7.13297599169583,0.608305274971942,"chondrogen","N",5,"SERPINA3-KD",6,12
"ENSG00000173432",8.43491042519441,0.725308641975309,"chondrogen","N",5,"SERPINA3-KD",6,12
"ENSG00000173451",9.30697913971659,0.815095398428732,"chondrogen","N",5,"SERPINA3-KD",6,12
"ENSG00000173456",8.14075236510363,0.699775533108866,"chondrogen","N",5,"SERPINA3-KD",6,12
"ENSG00000173465",8.52825512706251,0.731762065095398,"chondrogen","N",5,"SERPINA3-KD",6,12
"ENSG00000173530",11.1353240094307,0.943322109988777,"chondrogen","N",5,"SERPINA3-KD",6,12
"ENSG00000173542",9.05935319601297,0.786475869809203,"chondrogen","N",5,"SERPINA3-KD",6,12
"ENSG00000173545",10.7331624242766,0.918069584736251,"chondrogen","N",5,"SERPINA3-KD",6,12
"ENSG00000173546",6.11961651557728,0.519921436588103,"chondrogen","N",5,"SERPINA3-KD",6,12
"ENSG00000173548",6.76941624522924,0.576038159371493,"chondrogen","N",5,"SERPINA3-KD",6,12
"ENSG00000173581",6.02109756944056,0.508978675645342,"chondrogen","N",5,"SERPINA3-KD",6,12
"ENSG00000173597",5.85100536753568,0.494668911335578,"chondrogen","N",5,"SERPINA3-KD",6,12
"ENSG00000173621",3.86003204999599,0.331369248035915,"chondrogen","N",5,"SERPINA3-KD",6,12
"ENSG00000173653",8.55186255117813,0.734848484848485,"chondrogen","N",5,"SERPINA3-KD",6,12
"ENSG00000173702",1.24279612029535,0.0457351290684624,"chondrogen","N",5,"SERPINA3-KD",6,12
"ENSG00000173705",9.61649995295103,0.838945005611672,"chondrogen","N",5,"SERPINA3-KD",6,12
"ENSG00000173762",0.820548349218712,0.0168350168350168,"chondrogen","N",5,"SERPINA3-KD",6,12
"ENSG00000173905",11.8329650928559,0.962962962962963,"chondrogen","N",5,"SERPINA3-KD",6,12
"ENSG00000173926",6.79470641700979,0.577441077441077,"chondrogen","N",5,"SERPINA3-KD",6,12
"ENSG00000173928",5.90383647383203,0.499719416386083,"chondrogen","N",5,"SERPINA3-KD",6,12
"ENSG00000173930",2.01742855640972,0.134680134680135,"chondrogen","N",5,"SERPINA3-KD",6,12
"ENSG00000173992",8.32937758644584,0.715207631874299,"chondrogen","N",5,"SERPINA3-KD",6,12
"ENSG00000174007",7.49424823383073,0.644781144781145,"chondrogen","N",5,"SERPINA3-KD",6,12
"ENSG00000174013",8.62185394618675,0.740740740740741,"chondrogen","N",5,"SERPINA3-KD",6,12
"ENSG00000174106",8.28571443316649,0.710157126823794,"chondrogen","N",5,"SERPINA3-KD",6,12
"ENSG00000174109",8.41428625634541,0.723063973063973,"chondrogen","N",5,"SERPINA3-KD",6,12
"ENSG00000174125",5.60662393619117,0.473625140291807,"chondrogen","N",5,"SERPINA3-KD",6,12
"ENSG00000174165",7.94430389047674,0.683501683501683,"chondrogen","N",5,"SERPINA3-KD",6,12
"ENSG00000174173",9.81917660582146,0.857744107744108,"chondrogen","N",5,"SERPINA3-KD",6,12
"ENSG00000174226",1.5630697556733,0.0838945005611672,"chondrogen","N",5,"SERPINA3-KD",6,12
"ENSG00000174236",4.88082833587882,0.413860830527497,"chondrogen","N",5,"SERPINA3-KD",6,12
"ENSG00000174276",6.93794693901143,0.592592592592593,"chondrogen","N",5,"SERPINA3-KD",6,12
"ENSG00000174282",7.67112422558933,0.660213243546577,"chondrogen","N",5,"SERPINA3-KD",6,12
"ENSG00000174292",1.56379628572373,0.0841750841750842,"chondrogen","N",5,"SERPINA3-KD",6,12
"ENSG00000174307",7.50171265124556,0.645622895622896,"chondrogen","N",5,"SERPINA3-KD",6,12
"ENSG00000174327",2.6843114519428,0.218013468013468,"chondrogen","N",5,"SERPINA3-KD",6,12
"ENSG00000174332",2.95133510272633,0.248316498316498,"chondrogen","N",5,"SERPINA3-KD",6,12
"ENSG00000174343",5.46731888432145,0.462121212121212,"chondrogen","N",5,"SERPINA3-KD",6,12
"ENSG00000174417",1.73940691234512,0.100448933782267,"chondrogen","N",5,"SERPINA3-KD",6,12
"ENSG00000174429",2.1861802581276,0.158529741863075,"chondrogen","N",5,"SERPINA3-KD",6,12
"ENSG00000174448",1.33623029745036,0.0563973063973064,"chondrogen","N",5,"SERPINA3-KD",6,12
"ENSG00000174460",0.687649683895362,0.0117845117845118,"chondrogen","N",5,"SERPINA3-KD",6,12
"ENSG00000174521",3.10552906381219,0.263187429854097,"chondrogen","N",5,"SERPINA3-KD",6,12
"ENSG00000174529",5.41807189014897,0.458473625140292,"chondrogen","N",5,"SERPINA3-KD",6,12
"ENSG00000174579",6.62728426961414,0.563973063973064,"chondrogen","N",5,"SERPINA3-KD",6,12
"ENSG00000174599",7.40201847487019,0.634960718294052,"chondrogen","N",5,"SERPINA3-KD",6,12
"ENSG00000174667",2.61548238332716,0.20959595959596,"chondrogen","N",5,"SERPINA3-KD",6,12
"ENSG00000174684",9.06168194097645,0.78675645342312,"chondrogen","N",5,"SERPINA3-KD",6,12
"ENSG00000174697",5.5161706829829,0.464927048260382,"chondrogen","N",5,"SERPINA3-KD",6,12
"ENSG00000174740",6.18582099863222,0.526094276094276,"chondrogen","N",5,"SERPINA3-KD",6,12
"ENSG00000174749",7.61394032921159,0.656565656565657,"chondrogen","N",5,"SERPINA3-KD",6,12
"ENSG00000174804",9.20142898716318,0.803591470258137,"chondrogen","N",5,"SERPINA3-KD",6,12
"ENSG00000174807",7.52495731568177,0.647586980920314,"chondrogen","N",5,"SERPINA3-KD",6,12
"ENSG00000174840",9.40648132458659,0.822671156004489,"chondrogen","N",5,"SERPINA3-KD",6,12
"ENSG00000174917",9.72209065940021,0.85016835016835,"chondrogen","N",5,"SERPINA3-KD",6,12
"ENSG00000175040",5.44385854709765,0.459876543209877,"chondrogen","N",5,"SERPINA3-KD",6,12
"ENSG00000175073",9.75117005278775,0.853815937149271,"chondrogen","N",5,"SERPINA3-KD",6,12
"ENSG00000175105",10.9344672050396,0.93294051627385,"chondrogen","N",5,"SERPINA3-KD",6,12
"ENSG00000175130",9.36710827386387,0.820987654320988,"chondrogen","N",5,"SERPINA3-KD",6,12
"ENSG00000175175",1.75916050964694,0.103254769921437,"chondrogen","N",5,"SERPINA3-KD",6,12
"ENSG00000175213",6.93659043828998,0.592312008978676,"chondrogen","N",5,"SERPINA3-KD",6,12
"ENSG00000175264",5.33907386577982,0.450056116722783,"chondrogen","N",5,"SERPINA3-KD",6,12
"ENSG00000175283",8.9958013654315,0.780583613916947,"chondrogen","N",5,"SERPINA3-KD",6,12
"ENSG00000175311",1.94976427042263,0.124579124579125,"chondrogen","N",5,"SERPINA3-KD",6,12
"ENSG00000175315",2.03830028257548,0.138327721661055,"chondrogen","N",5,"SERPINA3-KD",6,12
"ENSG00000175334",11.0831603490793,0.941358024691358,"chondrogen","N",5,"SERPINA3-KD",6,12
"ENSG00000175376",8.70240829631418,0.75,"chondrogen","N",5,"SERPINA3-KD",6,12
"ENSG00000175414",8.30090439721167,0.711840628507295,"chondrogen","N",5,"SERPINA3-KD",6,12
"ENSG00000175482",9.14647334192884,0.79685746352413,"chondrogen","N",5,"SERPINA3-KD",6,12
"ENSG00000175518",2.68104117327,0.217452300785634,"chondrogen","N",5,"SERPINA3-KD",6,12
"ENSG00000175536",5.35781944306106,0.452861952861953,"chondrogen","N",5,"SERPINA3-KD",6,12
"ENSG00000175548",8.40270872848574,0.721661054994388,"chondrogen","N",5,"SERPINA3-KD",6,12
"ENSG00000175550",10.4173386892795,0.898428731762065,"chondrogen","N",5,"SERPINA3-KD",6,12
"ENSG00000175573",6.60699836902071,0.562289562289562,"chondrogen","N",5,"SERPINA3-KD",6,12
"ENSG00000175592",9.21912872000578,0.805836139169472,"chondrogen","N",5,"SERPINA3-KD",6,12
"ENSG00000175602",5.03855114035167,0.426206509539843,"chondrogen","N",5,"SERPINA3-KD",6,12
"ENSG00000175691",5.85997213860507,0.496632996632997,"chondrogen","N",5,"SERPINA3-KD",6,12
"ENSG00000175806",4.60116939583198,0.392536475869809,"chondrogen","N",5,"SERPINA3-KD",6,12
"ENSG00000175820",3.94243750437449,0.337261503928171,"chondrogen","N",5,"SERPINA3-KD",6,12
"ENSG00000175879",6.36392110587837,0.542648709315376,"chondrogen","N",5,"SERPINA3-KD",6,12
"ENSG00000175895",8.78741844837293,0.759539842873176,"chondrogen","N",5,"SERPINA3-KD",6,12
"ENSG00000175906",9.27795848086659,0.811728395061728,"chondrogen","N",5,"SERPINA3-KD",6,12
"ENSG00000175928",4.06513485591661,0.347643097643098,"chondrogen","N",5,"SERPINA3-KD",6,12
"ENSG00000175938",6.49910212198155,0.552469135802469,"chondrogen","N",5,"SERPINA3-KD",6,12
"ENSG00000176022",6.1759862689125,0.524971941638608,"chondrogen","N",5,"SERPINA3-KD",6,12
"ENSG00000176046",10.7398130016717,0.918911335578002,"chondrogen","N",5,"SERPINA3-KD",6,12
"ENSG00000176108",7.94367433290926,0.682659932659933,"chondrogen","N",5,"SERPINA3-KD",6,12
"ENSG00000176125",3.82063076694135,0.329405162738496,"chondrogen","N",5,"SERPINA3-KD",6,12
"ENSG00000176182",2.47388212283463,0.193602693602694,"chondrogen","N",5,"SERPINA3-KD",6,12
"ENSG00000176208",6.23196890349546,0.529180695847362,"chondrogen","N",5,"SERPINA3-KD",6,12
"ENSG00000176230",2.96131126767972,0.250561167227834,"chondrogen","N",5,"SERPINA3-KD",6,12
"ENSG00000176244",4.42732568650781,0.378787878787879,"chondrogen","N",5,"SERPINA3-KD",6,12
"ENSG00000176248",6.25876854946939,0.532828282828283,"chondrogen","N",5,"SERPINA3-KD",6,12
"ENSG00000176253",1.86722583516933,0.115039281705948,"chondrogen","N",5,"SERPINA3-KD",6,12
"ENSG00000176340",10.137485887797,0.881032547699214,"chondrogen","N",5,"SERPINA3-KD",6,12
"ENSG00000176383",4.95969534929764,0.42003367003367,"chondrogen","N",5,"SERPINA3-KD",6,12
"ENSG00000176386",10.4717389793653,0.902918069584736,"chondrogen","N",5,"SERPINA3-KD",6,12
"ENSG00000176387",2.63325753784207,0.211840628507295,"chondrogen","N",5,"SERPINA3-KD",6,12
"ENSG00000176399",6.24198797346375,0.53030303030303,"chondrogen","N",5,"SERPINA3-KD",6,12
"ENSG00000176401",5.0189134846485,0.425084175084175,"chondrogen","N",5,"SERPINA3-KD",6,12
"ENSG00000176410",7.66688591975856,0.65993265993266,"chondrogen","N",5,"SERPINA3-KD",6,12
"ENSG00000176476",7.28022539248486,0.622615039281706,"chondrogen","N",5,"SERPINA3-KD",6,12
"ENSG00000176490",5.63157653007627,0.476711560044893,"chondrogen","N",5,"SERPINA3-KD",6,12
"ENSG00000176495",2.19735450151666,0.160213243546577,"chondrogen","N",5,"SERPINA3-KD",6,12
"ENSG00000176532",0.728833710928034,0.0134680134680135,"chondrogen","N",5,"SERPINA3-KD",6,12
"ENSG00000176595",4.35751309899784,0.374298540965208,"chondrogen","N",5,"SERPINA3-KD",6,12
"ENSG00000176678",3.34693096434249,0.28675645342312,"chondrogen","N",5,"SERPINA3-KD",6,12
"ENSG00000176692",6.22079712914694,0.528619528619529,"chondrogen","N",5,"SERPINA3-KD",6,12
"ENSG00000176695",5.54887836209953,0.468855218855219,"chondrogen","N",5,"SERPINA3-KD",6,12
"ENSG00000176720",6.10966707072115,0.518799102132436,"chondrogen","N",5,"SERPINA3-KD",6,12
"ENSG00000176732",2.97341355224225,0.252525252525253,"chondrogen","N",5,"SERPINA3-KD",6,12
"ENSG00000176749",3.17241204262963,0.271604938271605,"chondrogen","N",5,"SERPINA3-KD",6,12
"ENSG00000176783",8.09777043607168,0.697250280583614,"chondrogen","N",5,"SERPINA3-KD",6,12
"ENSG00000176788",9.07045995372393,0.788159371492705,"chondrogen","N",5,"SERPINA3-KD",6,12
"ENSG00000176798",1.69812184138276,0.0965207631874299,"chondrogen","N",5,"SERPINA3-KD",6,12
"ENSG00000176871",10.1747034790023,0.884118967452301,"chondrogen","N",5,"SERPINA3-KD",6,12
"ENSG00000176887",8.43049264050477,0.725028058361392,"chondrogen","N",5,"SERPINA3-KD",6,12
"ENSG00000176896",6.09225991184826,0.516835016835017,"chondrogen","N",5,"SERPINA3-KD",6,12
"ENSG00000176903",8.75548867122496,0.754208754208754,"chondrogen","N",5,"SERPINA3-KD",6,12
"ENSG00000176928",4.92997077210432,0.417508417508417,"chondrogen","N",5,"SERPINA3-KD",6,12
"ENSG00000176971",11.0111573986688,0.936307519640853,"chondrogen","N",5,"SERPINA3-KD",6,12
"ENSG00000176973",5.2963541090223,0.444725028058361,"chondrogen","N",5,"SERPINA3-KD",6,12
"ENSG00000177025",3.39969518476465,0.290965207631874,"chondrogen","N",5,"SERPINA3-KD",6,12
"ENSG00000177051",4.07946372300291,0.349326599326599,"chondrogen","N",5,"SERPINA3-KD",6,12
"ENSG00000177076",3.06411859691135,0.259820426487093,"chondrogen","N",5,"SERPINA3-KD",6,12
"ENSG00000177096",8.17058150705533,0.701459034792368,"chondrogen","N",5,"SERPINA3-KD",6,12
"ENSG00000177201",4.22632948103423,0.363916947250281,"chondrogen","N",5,"SERPINA3-KD",6,12
"ENSG00000177212",1.83607128957571,0.112514029180696,"chondrogen","N",5,"SERPINA3-KD",6,12
"ENSG00000177283",5.65610748276206,0.479517396184063,"chondrogen","N",5,"SERPINA3-KD",6,12
"ENSG00000177294",2.60561096550045,0.207351290684624,"chondrogen","N",5,"SERPINA3-KD",6,12
"ENSG00000177300",2.04960757487037,0.140572390572391,"chondrogen","N",5,"SERPINA3-KD",6,12
"ENSG00000177363",4.66339475995745,0.396745230078563,"chondrogen","N",5,"SERPINA3-KD",6,12
"ENSG00000177370",10.1889396372793,0.884960718294052,"chondrogen","N",5,"SERPINA3-KD",6,12
"ENSG00000177383",6.18906495059658,0.52665544332211,"chondrogen","N",5,"SERPINA3-KD",6,12
"ENSG00000177432",7.81442363523002,0.671436588103255,"chondrogen","N",5,"SERPINA3-KD",6,12
"ENSG00000177453",7.73382892036978,0.666947250280584,"chondrogen","N",5,"SERPINA3-KD",6,12
"ENSG00000177464",2.33548234621449,0.177048260381594,"chondrogen","N",5,"SERPINA3-KD",6,12
"ENSG00000177465",4.66989191185803,0.397306397306397,"chondrogen","N",5,"SERPINA3-KD",6,12
"ENSG00000177485",9.96134194163485,0.867845117845118,"chondrogen","N",5,"SERPINA3-KD",6,12
"ENSG00000177600",11.590625356557,0.957912457912458,"chondrogen","N",5,"SERPINA3-KD",6,12
"ENSG00000177602",2.07667607926846,0.144219977553311,"chondrogen","N",5,"SERPINA3-KD",6,12
"ENSG00000177606",11.0555317436531,0.940516273849607,"chondrogen","N",5,"SERPINA3-KD",6,12
"ENSG00000177613",9.62736942910921,0.840347923681257,"chondrogen","N",5,"SERPINA3-KD",6,12
"ENSG00000177675",1.69732096243806,0.0962401795735129,"chondrogen","N",5,"SERPINA3-KD",6,12
"ENSG00000177688",4.16833595237355,0.358866442199776,"chondrogen","N",5,"SERPINA3-KD",6,12
"ENSG00000177700",10.7574618667506,0.920875420875421,"chondrogen","N",5,"SERPINA3-KD",6,12
"ENSG00000177706",8.84733713059612,0.766835016835017,"chondrogen","N",5,"SERPINA3-KD",6,12
"ENSG00000177710",2.70238293981306,0.219416386083053,"chondrogen","N",5,"SERPINA3-KD",6,12
"ENSG00000177721",3.49291119898777,0.298821548821549,"chondrogen","N",5,"SERPINA3-KD",6,12
"ENSG00000177732",6.85514631820284,0.585858585858586,"chondrogen","N",5,"SERPINA3-KD",6,12
"ENSG00000177733",9.69309512870562,0.847081930415264,"chondrogen","N",5,"SERPINA3-KD",6,12
"ENSG00000177839",3.6505132475909,0.314814814814815,"chondrogen","N",5,"SERPINA3-KD",6,12
"ENSG00000177854",7.19489988204003,0.613916947250281,"chondrogen","N",5,"SERPINA3-KD",6,12
"ENSG00000177875",4.72907796563731,0.401234567901235,"chondrogen","N",5,"SERPINA3-KD",6,12
"ENSG00000177888",9.7962111694022,0.857182940516274,"chondrogen","N",5,"SERPINA3-KD",6,12
"ENSG00000177932",7.70805955423095,0.664421997755331,"chondrogen","N",5,"SERPINA3-KD",6,12
"ENSG00000177971",10.3613720135334,0.893939393939394,"chondrogen","N",5,"SERPINA3-KD",6,12
"ENSG00000177984",1.59044703604146,0.0861391694725028,"chondrogen","N",5,"SERPINA3-KD",6,12
"ENSG00000178033",5.86768340061137,0.497474747474747,"chondrogen","N",5,"SERPINA3-KD",6,12
"ENSG00000178074",9.50260116299222,0.829124579124579,"chondrogen","N",5,"SERPINA3-KD",6,12
"ENSG00000178096",7.15221375478959,0.609147025813693,"chondrogen","N",5,"SERPINA3-KD",6,12
"ENSG00000178163",9.43780541571011,0.825757575757576,"chondrogen","N",5,"SERPINA3-KD",6,12
"ENSG00000178187",5.08574229404384,0.428731762065095,"chondrogen","N",5,"SERPINA3-KD",6,12
"ENSG00000178201",3.42922967851647,0.292648709315376,"chondrogen","N",5,"SERPINA3-KD",6,12
"ENSG00000178229",6.27045071679344,0.533670033670034,"chondrogen","N",5,"SERPINA3-KD",6,12
"ENSG00000178301",4.56100153163391,0.388608305274972,"chondrogen","N",5,"SERPINA3-KD",6,12
"ENSG00000178429",2.883721948106,0.240740740740741,"chondrogen","N",5,"SERPINA3-KD",6,12
"ENSG00000178440",4.58499247555166,0.391133557800224,"chondrogen","N",5,"SERPINA3-KD",6,12
"ENSG00000178449",9.19346249357044,0.802469135802469,"chondrogen","N",5,"SERPINA3-KD",6,12
"ENSG00000178464",2.12086174840796,0.150673400673401,"chondrogen","N",5,"SERPINA3-KD",6,12
"ENSG00000178502",7.20130902299805,0.614478114478115,"chondrogen","N",5,"SERPINA3-KD",6,12
"ENSG00000178531",1.85366166906009,0.114197530864198,"chondrogen","N",5,"SERPINA3-KD",6,12
"ENSG00000178567",10.0497141873987,0.875701459034792,"chondrogen","N",5,"SERPINA3-KD",6,12
"ENSG00000178573",7.79350844958735,0.67003367003367,"chondrogen","N",5,"SERPINA3-KD",6,12
"ENSG00000178690",3.49811064644189,0.299102132435466,"chondrogen","N",5,"SERPINA3-KD",6,12
"ENSG00000178695",9.70689096763451,0.848204264870932,"chondrogen","N",5,"SERPINA3-KD",6,12
"ENSG00000178700",7.88710978529048,0.678451178451178,"chondrogen","N",5,"SERPINA3-KD",6,12
"ENSG00000178715",2.5934216759844,0.205106621773288,"chondrogen","N",5,"SERPINA3-KD",6,12
"ENSG00000178718",4.4068960773952,0.377665544332211,"chondrogen","N",5,"SERPINA3-KD",6,12
"ENSG00000178726",4.01457479493102,0.343434343434343,"chondrogen","N",5,"SERPINA3-KD",6,12
"ENSG00000178764",7.70366902220244,0.663860830527497,"chondrogen","N",5,"SERPINA3-KD",6,12
"ENSG00000178772",4.31249383736767,0.370931537598204,"chondrogen","N",5,"SERPINA3-KD",6,12
"ENSG00000178776",6.25500110233349,0.532267115600449,"chondrogen","N",5,"SERPINA3-KD",6,12
"ENSG00000178860",6.95031418137959,0.593434343434343,"chondrogen","N",5,"SERPINA3-KD",6,12
"ENSG00000178896",8.76651713080027,0.756734006734007,"chondrogen","N",5,"SERPINA3-KD",6,12
"ENSG00000178913",11.4263832281089,0.953703703703704,"chondrogen","N",5,"SERPINA3-KD",6,12
"ENSG00000178917",1.47609908081527,0.0737934904601571,"chondrogen","N",5,"SERPINA3-KD",6,12
"ENSG00000178935",4.82294396522594,0.408249158249158,"chondrogen","N",5,"SERPINA3-KD",6,12
"ENSG00000178947",1.31652897407284,0.0552749719416386,"chondrogen","N",5,"SERPINA3-KD",6,12
"ENSG00000178951",7.01240961389985,0.599046015712682,"chondrogen","N",5,"SERPINA3-KD",6,12
"ENSG00000178982",9.08048402346191,0.788720538720539,"chondrogen","N",5,"SERPINA3-KD",6,12
"ENSG00000179008",6.31834350370327,0.538159371492705,"chondrogen","N",5,"SERPINA3-KD",6,12
"ENSG00000179041",7.4907569264825,0.643939393939394,"chondrogen","N",5,"SERPINA3-KD",6,12
"ENSG00000179051",8.55942913628931,0.735409652076319,"chondrogen","N",5,"SERPINA3-KD",6,12
"ENSG00000179058",2.59072452484799,0.204545454545455,"chondrogen","N",5,"SERPINA3-KD",6,12
"ENSG00000179071",3.82456077873159,0.32996632996633,"chondrogen","N",5,"SERPINA3-KD",6,12
"ENSG00000179083",3.95179879367877,0.338664421997755,"chondrogen","N",5,"SERPINA3-KD",6,12
"ENSG00000179085",7.62741351493117,0.657407407407407,"chondrogen","N",5,"SERPINA3-KD",6,12
"ENSG00000179091",10.4722140267557,0.903198653198653,"chondrogen","N",5,"SERPINA3-KD",6,12
"ENSG00000179097",1.52842379702334,0.0791245791245791,"chondrogen","N",5,"SERPINA3-KD",6,12
"ENSG00000179104",6.38741393472229,0.544051627384961,"chondrogen","N",5,"SERPINA3-KD",6,12
"ENSG00000179111",1.00991908781767,0.026374859708193,"chondrogen","N",5,"SERPINA3-KD",6,12
"ENSG00000179271",8.6672627681885,0.74635241301908,"chondrogen","N",5,"SERPINA3-KD",6,12
"ENSG00000179300",2.01032781635526,0.13327721661055,"chondrogen","N",5,"SERPINA3-KD",6,12
"ENSG00000179304",8.17479851512208,0.702020202020202,"chondrogen","N",5,"SERPINA3-KD",6,12
"ENSG00000179363",1.77911208226226,0.105499438832772,"chondrogen","N",5,"SERPINA3-KD",6,12
"ENSG00000179388",5.14142118568862,0.433501683501683,"chondrogen","N",5,"SERPINA3-KD",6,12
"ENSG00000179431",4.99032050674863,0.422558922558923,"chondrogen","N",5,"SERPINA3-KD",6,12
"ENSG00000179476",6.89852632910033,0.588664421997755,"chondrogen","N",5,"SERPINA3-KD",6,12
"ENSG00000179546",2.04472930696735,0.139450056116723,"chondrogen","N",5,"SERPINA3-KD",6,12
"ENSG00000179562",8.76007693820715,0.755331088664422,"chondrogen","N",5,"SERPINA3-KD",6,12
"ENSG00000179564",5.8264350456168,0.492143658810325,"chondrogen","N",5,"SERPINA3-KD",6,12
"ENSG00000179588",1.29759087076864,0.0524691358024691,"chondrogen","N",5,"SERPINA3-KD",6,12
"ENSG00000179598",6.03116521546731,0.51010101010101,"chondrogen","N",5,"SERPINA3-KD",6,12
"ENSG00000179626",1.62516482611856,0.0889450056116723,"chondrogen","N",5,"SERPINA3-KD",6,12
"ENSG00000179772",1.25116841707838,0.0465768799102132,"chondrogen","N",5,"SERPINA3-KD",6,12
"ENSG00000179833",9.96691054393247,0.868686868686869,"chondrogen","N",5,"SERPINA3-KD",6,12
"ENSG00000179841",3.74251455784597,0.323232323232323,"chondrogen","N",5,"SERPINA3-KD",6,12
"ENSG00000179886",6.01786571521035,0.508417508417508,"chondrogen","N",5,"SERPINA3-KD",6,12
"ENSG00000179922",2.00651920842376,0.132716049382716,"chondrogen","N",5,"SERPINA3-KD",6,12
"ENSG00000179933",11.4681269912549,0.955948372615039,"chondrogen","N",5,"SERPINA3-KD",6,12
"ENSG00000179941",9.31452311643432,0.815937149270483,"chondrogen","N",5,"SERPINA3-KD",6,12
"ENSG00000179943",3.78124828003302,0.327160493827161,"chondrogen","N",5,"SERPINA3-KD",6,12
"ENSG00000180008",9.31692575373856,0.816498316498317,"chondrogen","N",5,"SERPINA3-KD",6,12
"ENSG00000180011",8.65578925069076,0.745230078563412,"chondrogen","N",5,"SERPINA3-KD",6,12
"ENSG00000180016",0.512862753882331,0.00729517396184063,"chondrogen","N",5,"SERPINA3-KD",6,12
"ENSG00000180044",3.33881731162321,0.285353535353535,"chondrogen","N",5,"SERPINA3-KD",6,12
"ENSG00000180053",1.47986390546838,0.0749158249158249,"chondrogen","N",5,"SERPINA3-KD",6,12
"ENSG00000180089",2.26387395435554,0.169472502805836,"chondrogen","N",5,"SERPINA3-KD",6,12
"ENSG00000180090",1.89901973679147,0.11952861952862,"chondrogen","N",5,"SERPINA3-KD",6,12
"ENSG00000180098",8.48343064425664,0.729517396184063,"chondrogen","N",5,"SERPINA3-KD",6,12
"ENSG00000180245",1.40130708785801,0.0642536475869809,"chondrogen","N",5,"SERPINA3-KD",6,12
"ENSG00000180251",3.57192534594111,0.308922558922559,"chondrogen","N",5,"SERPINA3-KD",6,12
"ENSG00000180318",8.17257413006501,0.701739618406285,"chondrogen","N",5,"SERPINA3-KD",6,12
"ENSG00000180332",4.37122060210907,0.375420875420875,"chondrogen","N",5,"SERPINA3-KD",6,12
"ENSG00000180340",7.16395010705672,0.609988776655443,"chondrogen","N",5,"SERPINA3-KD",6,12
"ENSG00000180346",5.69634453143296,0.482323232323232,"chondrogen","N",5,"SERPINA3-KD",6,12
"ENSG00000180423",7.49962689766674,0.645342312008979,"chondrogen","N",5,"SERPINA3-KD",6,12
"ENSG00000180432",1.13063887161416,0.0350729517396184,"chondrogen","N",5,"SERPINA3-KD",6,12
"ENSG00000180447",8.57650350999259,0.73709315375982,"chondrogen","N",5,"SERPINA3-KD",6,12
"ENSG00000180543",7.02466019425273,0.599607182940516,"chondrogen","N",5,"SERPINA3-KD",6,12
"ENSG00000180574",2.90205036277194,0.242424242424242,"chondrogen","N",5,"SERPINA3-KD",6,12
"ENSG00000180596",8.34392483352782,0.7168911335578,"chondrogen","N",5,"SERPINA3-KD",6,12
"ENSG00000180611",8.36062727537919,0.718855218855219,"chondrogen","N",5,"SERPINA3-KD",6,12
"ENSG00000180616",6.15852800791567,0.523288439955107,"chondrogen","N",5,"SERPINA3-KD",6,12
"ENSG00000180660",4.71486058183398,0.398989898989899,"chondrogen","N",5,"SERPINA3-KD",6,12
"ENSG00000180730",7.5292911650155,0.648148148148148,"chondrogen","N",5,"SERPINA3-KD",6,12
"ENSG00000180787",6.21466691044111,0.528058361391695,"chondrogen","N",5,"SERPINA3-KD",6,12
"ENSG00000180806",7.89144639574736,0.678731762065095,"chondrogen","N",5,"SERPINA3-KD",6,12
"ENSG00000180818",10.2230220143,0.888047138047138,"chondrogen","N",5,"SERPINA3-KD",6,12
"ENSG00000180875",8.06616796984264,0.695286195286195,"chondrogen","N",5,"SERPINA3-KD",6,12
"ENSG00000180921",1.39934633494173,0.0634118967452301,"chondrogen","N",5,"SERPINA3-KD",6,12
"ENSG00000180934",2.09788761564201,0.147586980920314,"chondrogen","N",5,"SERPINA3-KD",6,12
"ENSG00000180938",4.307271237954,0.37037037037037,"chondrogen","N",5,"SERPINA3-KD",6,12
"ENSG00000180992",10.50314499431,0.90628507295174,"chondrogen","N",5,"SERPINA3-KD",6,12
"ENSG00000181007",8.93272162791505,0.774691358024691,"chondrogen","N",5,"SERPINA3-KD",6,12
"ENSG00000181016",3.48276745102735,0.298540965207632,"chondrogen","N",5,"SERPINA3-KD",6,12
"ENSG00000181029",10.3225851278212,0.892817059483726,"chondrogen","N",5,"SERPINA3-KD",6,12
"ENSG00000181104",6.86284083391536,0.586139169472503,"chondrogen","N",5,"SERPINA3-KD",6,12
"ENSG00000181218",4.83829951815416,0.409090909090909,"chondrogen","N",5,"SERPINA3-KD",6,12
"ENSG00000181222",8.39034384650573,0.721099887766554,"chondrogen","N",5,"SERPINA3-KD",6,12
"ENSG00000181264",7.71608046433638,0.665263748597082,"chondrogen","N",5,"SERPINA3-KD",6,12
"ENSG00000181274",4.10205455555317,0.351010101010101,"chondrogen","N",5,"SERPINA3-KD",6,12
"ENSG00000181284",3.00578968968915,0.255611672278339,"chondrogen","N",5,"SERPINA3-KD",6,12
"ENSG00000181359",1.41721851339836,0.0673400673400673,"chondrogen","N",5,"SERPINA3-KD",6,12
"ENSG00000181374",3.59602132639089,0.310886644219978,"chondrogen","N",5,"SERPINA3-KD",6,12
"ENSG00000181467",10.9442795997118,0.934062850729517,"chondrogen","N",5,"SERPINA3-KD",6,12
"ENSG00000181472",8.71425504984235,0.750280583613917,"chondrogen","N",5,"SERPINA3-KD",6,12
"ENSG00000181585",2.15035854135958,0.155443322109989,"chondrogen","N",5,"SERPINA3-KD",6,12
"ENSG00000181617",2.89788639635518,0.241863075196409,"chondrogen","N",5,"SERPINA3-KD",6,12
"ENSG00000181634",3.16135213179349,0.269640852974186,"chondrogen","N",5,"SERPINA3-KD",6,12
"ENSG00000181649",7.77996271429467,0.668911335578002,"chondrogen","N",5,"SERPINA3-KD",6,12
"ENSG00000181656",0.355434367619359,0.0047699214365881,"chondrogen","N",5,"SERPINA3-KD",6,12
"ENSG00000181690",9.62929253893004,0.840628507295174,"chondrogen","N",5,"SERPINA3-KD",6,12
"ENSG00000181693",1.38749190258482,0.0622895622895623,"chondrogen","N",5,"SERPINA3-KD",6,12
"ENSG00000181744",9.69219337467636,0.846801346801347,"chondrogen","N",5,"SERPINA3-KD",6,12
"ENSG00000181754",3.0639180816137,0.259539842873176,"chondrogen","N",5,"SERPINA3-KD",6,12
"ENSG00000181773",2.58357033303067,0.203984287317621,"chondrogen","N",5,"SERPINA3-KD",6,12
"ENSG00000181785",6.92327283521908,0.59006734006734,"chondrogen","N",5,"SERPINA3-KD",6,12
"ENSG00000181788",6.83209024196295,0.582210998877666,"chondrogen","N",5,"SERPINA3-KD",6,12
"ENSG00000181817",9.55892416366944,0.833894500561167,"chondrogen","N",5,"SERPINA3-KD",6,12
"ENSG00000181830",7.54759205489532,0.64983164983165,"chondrogen","N",5,"SERPINA3-KD",6,12
"ENSG00000181856",2.35716295205492,0.179012345679012,"chondrogen","N",5,"SERPINA3-KD",6,12
"ENSG00000181885",3.71509077925885,0.320707070707071,"chondrogen","N",5,"SERPINA3-KD",6,12
"ENSG00000181904",10.6599596110416,0.912738496071829,"chondrogen","N",5,"SERPINA3-KD",6,12
"ENSG00000181915",7.21296420440869,0.615600448933782,"chondrogen","N",5,"SERPINA3-KD",6,12
"ENSG00000181924",9.34756337256726,0.819304152637486,"chondrogen","N",5,"SERPINA3-KD",6,12
"ENSG00000182070",1.56009783128195,0.0833333333333333,"chondrogen","N",5,"SERPINA3-KD",6,12
"ENSG00000182107",2.40335282469832,0.184343434343434,"chondrogen","N",5,"SERPINA3-KD",6,12
"ENSG00000182111",2.3285427996725,0.176767676767677,"chondrogen","N",5,"SERPINA3-KD",6,12
"ENSG00000182117",11.3512544867576,0.950897867564534,"chondrogen","N",5,"SERPINA3-KD",6,12
"ENSG00000182118",4.50301031268816,0.384399551066218,"chondrogen","N",5,"SERPINA3-KD",6,12
"ENSG00000182154",9.79293760511112,0.856902356902357,"chondrogen","N",5,"SERPINA3-KD",6,12
"ENSG00000182195",9.84348477030445,0.859427609427609,"chondrogen","N",5,"SERPINA3-KD",6,12
"ENSG00000182261",2.88209891346568,0.240460157126824,"chondrogen","N",5,"SERPINA3-KD",6,12
"ENSG00000182308",2.93880075941416,0.246913580246914,"chondrogen","N",5,"SERPINA3-KD",6,12
"ENSG00000182318",6.74804191285959,0.57351290684624,"chondrogen","N",5,"SERPINA3-KD",6,12
"ENSG00000182324",4.11465342244659,0.35297418630752,"chondrogen","N",5,"SERPINA3-KD",6,12
"ENSG00000182325",3.2146310386872,0.275252525252525,"chondrogen","N",5,"SERPINA3-KD",6,12
"ENSG00000182405",7.08576783426555,0.604377104377104,"chondrogen","N",5,"SERPINA3-KD",6,12
"ENSG00000182472",2.09383292814997,0.14618406285073,"chondrogen","N",5,"SERPINA3-KD",6,12
"ENSG00000182512",5.87733862263767,0.498597081930415,"chondrogen","N",5,"SERPINA3-KD",6,12
"ENSG00000182544",9.01039070376635,0.781986531986532,"chondrogen","N",5,"SERPINA3-KD",6,12
"ENSG00000182575",2.89922487309875,0.242143658810325,"chondrogen","N",5,"SERPINA3-KD",6,12
"ENSG00000182580",5.21479617935746,0.438271604938272,"chondrogen","N",5,"SERPINA3-KD",6,12
"ENSG00000182613",1.98253322825302,0.128787878787879,"chondrogen","N",5,"SERPINA3-KD",6,12
"ENSG00000182636",6.65985982552768,0.5662177328844,"chondrogen","N",5,"SERPINA3-KD",6,12
"ENSG00000182685",4.03608837911629,0.345679012345679,"chondrogen","N",5,"SERPINA3-KD",6,12
"ENSG00000182700",6.86905110301984,0.586980920314254,"chondrogen","N",5,"SERPINA3-KD",6,12
"ENSG00000182704",9.56653764853841,0.835016835016835,"chondrogen","N",5,"SERPINA3-KD",6,12
"ENSG00000182742",6.32451779309814,0.538439955106622,"chondrogen","N",5,"SERPINA3-KD",6,12
"ENSG00000182749",8.92480667334205,0.77384960718294,"chondrogen","N",5,"SERPINA3-KD",6,12
"ENSG00000182768",12.0480675744934,0.971380471380471,"chondrogen","N",5,"SERPINA3-KD",6,12
"ENSG00000182782",0.659640216289305,0.0112233445566779,"chondrogen","N",5,"SERPINA3-KD",6,12
"ENSG00000182791",2.60561533310867,0.207631874298541,"chondrogen","N",5,"SERPINA3-KD",6,12
"ENSG00000182810",7.18354641326789,0.61307519640853,"chondrogen","N",5,"SERPINA3-KD",6,12
"ENSG00000182827",9.9747253726881,0.87037037037037,"chondrogen","N",5,"SERPINA3-KD",6,12
"ENSG00000182870",1.70994021006595,0.0984848484848485,"chondrogen","N",5,"SERPINA3-KD",6,12
"ENSG00000182916",7.41019091825657,0.635521885521885,"chondrogen","N",5,"SERPINA3-KD",6,12
"ENSG00000182950",2.91683467605838,0.243827160493827,"chondrogen","N",5,"SERPINA3-KD",6,12
"ENSG00000182952",10.4859717720395,0.904601571268238,"chondrogen","N",5,"SERPINA3-KD",6,12
"ENSG00000182993",6.63831998308563,0.564814814814815,"chondrogen","N",5,"SERPINA3-KD",6,12
"ENSG00000183018",2.29922623532918,0.173400673400673,"chondrogen","N",5,"SERPINA3-KD",6,12
"ENSG00000183067",4.14092598047591,0.356060606060606,"chondrogen","N",5,"SERPINA3-KD",6,12
"ENSG00000183114",0.928798477478557,0.0216049382716049,"chondrogen","N",5,"SERPINA3-KD",6,12
"ENSG00000183134",3.84477280331891,0.330527497194164,"chondrogen","N",5,"SERPINA3-KD",6,12
"ENSG00000183145",2.18795075706925,0.159090909090909,"chondrogen","N",5,"SERPINA3-KD",6,12
"ENSG00000183150",2.59163408956548,0.204826038159372,"chondrogen","N",5,"SERPINA3-KD",6,12
"ENSG00000183153",2.66918790855809,0.216049382716049,"chondrogen","N",5,"SERPINA3-KD",6,12
"ENSG00000183155",8.86871240985486,0.768518518518518,"chondrogen","N",5,"SERPINA3-KD",6,12
"ENSG00000183160",10.3764675270548,0.895903479236813,"chondrogen","N",5,"SERPINA3-KD",6,12
"ENSG00000183161",7.97709736604402,0.687710437710438,"chondrogen","N",5,"SERPINA3-KD",6,12
"ENSG00000183171",1.74062503300274,0.100729517396184,"chondrogen","N",5,"SERPINA3-KD",6,12
"ENSG00000183172",8.44950358088931,0.72615039281706,"chondrogen","N",5,"SERPINA3-KD",6,12
"ENSG00000183199",2.19810143020042,0.160774410774411,"chondrogen","N",5,"SERPINA3-KD",6,12
"ENSG00000183336",5.24279729229682,0.440516273849607,"chondrogen","N",5,"SERPINA3-KD",6,12
"ENSG00000183340",9.21566546045825,0.805555555555556,"chondrogen","N",5,"SERPINA3-KD",6,12
"ENSG00000183346",3.86077561776915,0.331649831649832,"chondrogen","N",5,"SERPINA3-KD",6,12
"ENSG00000183389",2.84367999644427,0.235409652076319,"chondrogen","N",5,"SERPINA3-KD",6,12
"ENSG00000183395",5.06913778335426,0.428170594837261,"chondrogen","N",5,"SERPINA3-KD",6,12
"ENSG00000183496",5.84857761881687,0.494107744107744,"chondrogen","N",5,"SERPINA3-KD",6,12
"ENSG00000183508",6.64501046111804,0.565375982042649,"chondrogen","N",5,"SERPINA3-KD",6,12
"ENSG00000183513",9.02543758095639,0.783389450056117,"chondrogen","N",5,"SERPINA3-KD",6,12
"ENSG00000183542",2.59598195166311,0.205948372615039,"chondrogen","N",5,"SERPINA3-KD",6,12
"ENSG00000183578",7.27251802386488,0.620931537598204,"chondrogen","N",5,"SERPINA3-KD",6,12
"ENSG00000183615",4.24872833776184,0.365600448933782,"chondrogen","N",5,"SERPINA3-KD",6,12
"ENSG00000183617",8.04140239532647,0.693322109988777,"chondrogen","N",5,"SERPINA3-KD",6,12
"ENSG00000183638",2.75344920955224,0.224466891133558,"chondrogen","N",5,"SERPINA3-KD",6,12
"ENSG00000183665",6.76707661464526,0.575757575757576,"chondrogen","N",5,"SERPINA3-KD",6,12
"ENSG00000183682",6.32737659580514,0.538720538720539,"chondrogen","N",5,"SERPINA3-KD",6,12
"ENSG00000183684",4.72361939437661,0.400673400673401,"chondrogen","N",5,"SERPINA3-KD",6,12
"ENSG00000183688",9.17212888149104,0.7996632996633,"chondrogen","N",5,"SERPINA3-KD",6,12
"ENSG00000183691",6.54113031281158,0.555836139169472,"chondrogen","N",5,"SERPINA3-KD",6,12
"ENSG00000183718",7.89230987988638,0.679292929292929,"chondrogen","N",5,"SERPINA3-KD",6,12
"ENSG00000183722",10.1513720721073,0.882435465768799,"chondrogen","N",5,"SERPINA3-KD",6,12
"ENSG00000183763",5.162669733941,0.434624017957351,"chondrogen","N",5,"SERPINA3-KD",6,12
"ENSG00000183779",5.78055350301923,0.489618406285073,"chondrogen","N",5,"SERPINA3-KD",6,12
"ENSG00000183798",4.9082806388169,0.415544332210999,"chondrogen","N",5,"SERPINA3-KD",6,12
"ENSG00000183801",4.19878071326221,0.36307519640853,"chondrogen","N",5,"SERPINA3-KD",6,12
"ENSG00000183813",1.61786298375163,0.0881032547699214,"chondrogen","N",5,"SERPINA3-KD",6,12
"ENSG00000183831",3.12201091993755,0.265151515151515,"chondrogen","N",5,"SERPINA3-KD",6,12
"ENSG00000183840",6.36246928063991,0.542368125701459,"chondrogen","N",5,"SERPINA3-KD",6,12
"ENSG00000183864",9.40992834930323,0.823232323232323,"chondrogen","N",5,"SERPINA3-KD",6,12
"ENSG00000183876",5.53518306062924,0.466610549943883,"chondrogen","N",5,"SERPINA3-KD",6,12
"ENSG00000183891",6.47618086315011,0.551066217732884,"chondrogen","N",5,"SERPINA3-KD",6,12
"ENSG00000183921",1.30798596710565,0.0538720538720539,"chondrogen","N",5,"SERPINA3-KD",6,12
"ENSG00000183943",7.91747832450836,0.681257014590348,"chondrogen","N",5,"SERPINA3-KD",6,12
"ENSG00000183978",10.4934046932181,0.905723905723906,"chondrogen","N",5,"SERPINA3-KD",6,12
"ENSG00000183979",1.13202393964927,0.0353535353535354,"chondrogen","N",5,"SERPINA3-KD",6,12
"ENSG00000184014",10.375095336364,0.895622895622896,"chondrogen","N",5,"SERPINA3-KD",6,12
"ENSG00000184100",1.41722825940766,0.0676206509539843,"chondrogen","N",5,"SERPINA3-KD",6,12
"ENSG00000184160",0.48508340000821,0.00673400673400673,"chondrogen","N",5,"SERPINA3-KD",6,12
"ENSG00000184163",3.11124650025747,0.26374859708193,"chondrogen","N",5,"SERPINA3-KD",6,12
"ENSG00000184166",4.28456212685377,0.367845117845118,"chondrogen","N",5,"SERPINA3-KD",6,12
"ENSG00000184194",4.09025904846827,0.349887766554433,"chondrogen","N",5,"SERPINA3-KD",6,12
"ENSG00000184203",10.7467091096241,0.919753086419753,"chondrogen","N",5,"SERPINA3-KD",6,12
"ENSG00000184207",4.2951652815378,0.369248035914703,"chondrogen","N",5,"SERPINA3-KD",6,12
"ENSG00000184227",6.73268144765384,0.572390572390572,"chondrogen","N",5,"SERPINA3-KD",6,12
"ENSG00000184232",6.23813697196068,0.530022446689113,"chondrogen","N",5,"SERPINA3-KD",6,12
"ENSG00000184260",2.07208735439293,0.14337822671156,"chondrogen","N",5,"SERPINA3-KD",6,12
"ENSG00000184261",1.88363195643692,0.11672278338945,"chondrogen","N",5,"SERPINA3-KD",6,12
"ENSG00000184292",8.31705983343767,0.714085297418631,"chondrogen","N",5,"SERPINA3-KD",6,12
"ENSG00000184357",0.919643536436284,0.0207631874298541,"chondrogen","N",5,"SERPINA3-KD",6,12
"ENSG00000184378",6.96139503769077,0.594556677890011,"chondrogen","N",5,"SERPINA3-KD",6,12
"ENSG00000184434",2.7585709116247,0.225028058361392,"chondrogen","N",5,"SERPINA3-KD",6,12
"ENSG00000184451",4.01705532893431,0.34371492704826,"chondrogen","N",5,"SERPINA3-KD",6,12
"ENSG00000184454",2.39748091587959,0.183501683501683,"chondrogen","N",5,"SERPINA3-KD",6,12
"ENSG00000184524",2.73272660901935,0.221661054994388,"chondrogen","N",5,"SERPINA3-KD",6,12
"ENSG00000184557",7.52646529371547,0.647867564534231,"chondrogen","N",5,"SERPINA3-KD",6,12
"ENSG00000184584",7.62032675568624,0.65712682379349,"chondrogen","N",5,"SERPINA3-KD",6,12
"ENSG00000184602",5.68640692030291,0.481762065095398,"chondrogen","N",5,"SERPINA3-KD",6,12
"ENSG00000184619",6.83005906836525,0.581930415263749,"chondrogen","N",5,"SERPINA3-KD",6,12
"ENSG00000184731",1.22392418471438,0.0443322109988777,"chondrogen","N",5,"SERPINA3-KD",6,12
"ENSG00000184785",6.3831614837092,0.543490460157127,"chondrogen","N",5,"SERPINA3-KD",6,12
"ENSG00000184786",4.9311839020967,0.418069584736251,"chondrogen","N",5,"SERPINA3-KD",6,12
"ENSG00000184857",7.14680424699214,0.608866442199775,"chondrogen","N",5,"SERPINA3-KD",6,12
"ENSG00000184897",3.11994676514567,0.264590347923681,"chondrogen","N",5,"SERPINA3-KD",6,12
"ENSG00000184898",7.658740377566,0.659652076318743,"chondrogen","N",5,"SERPINA3-KD",6,12
"ENSG00000184905",3.03498740243167,0.258136924803591,"chondrogen","N",5,"SERPINA3-KD",6,12
"ENSG00000184916",1.17475594096354,0.0390011223344557,"chondrogen","N",5,"SERPINA3-KD",6,12
"ENSG00000184924",9.05278037590198,0.785914702581369,"chondrogen","N",5,"SERPINA3-KD",6,12
"ENSG00000184967",6.5801802297053,0.560325476992144,"chondrogen","N",5,"SERPINA3-KD",6,12
"ENSG00000184988",6.02154918342697,0.509259259259259,"chondrogen","N",5,"SERPINA3-KD",6,12
"ENSG00000184995",4.04276363808825,0.347081930415264,"chondrogen","N",5,"SERPINA3-KD",6,12
"ENSG00000185000",4.75604437128524,0.403759820426487,"chondrogen","N",5,"SERPINA3-KD",6,12
"ENSG00000185015",6.10731561565339,0.517957351290685,"chondrogen","N",5,"SERPINA3-KD",6,12
"ENSG00000185085",6.49806655816352,0.552188552188552,"chondrogen","N",5,"SERPINA3-KD",6,12
"ENSG00000185112",4.63385661880079,0.394219977553311,"chondrogen","N",5,"SERPINA3-KD",6,12
"ENSG00000185115",5.67906993647438,0.481481481481481,"chondrogen","N",5,"SERPINA3-KD",6,12
"ENSG00000185122",7.57873106490885,0.653759820426487,"chondrogen","N",5,"SERPINA3-KD",6,12
"ENSG00000185127",9.5578524133512,0.83361391694725,"chondrogen","N",5,"SERPINA3-KD",6,12
"ENSG00000185129",9.43710338328598,0.825476992143659,"chondrogen","N",5,"SERPINA3-KD",6,12
"ENSG00000185163",4.74310213184647,0.402356902356902,"chondrogen","N",5,"SERPINA3-KD",6,12
"ENSG00000185262",4.31566466863334,0.371212121212121,"chondrogen","N",5,"SERPINA3-KD",6,12
"ENSG00000185271",3.83152016725875,0.330246913580247,"chondrogen","N",5,"SERPINA3-KD",6,12
"ENSG00000185338",1.35550949084297,0.0592031425364759,"chondrogen","N",5,"SERPINA3-KD",6,12
"ENSG00000185361",4.56914711852048,0.389169472502806,"chondrogen","N",5,"SERPINA3-KD",6,12
"ENSG00000185372",2.32250123370335,0.175364758698092,"chondrogen","N",5,"SERPINA3-KD",6,12
"ENSG00000185385",2.1882878888337,0.159371492704826,"chondrogen","N",5,"SERPINA3-KD",6,12
"ENSG00000185477",2.09021548786098,0.145622895622896,"chondrogen","N",5,"SERPINA3-KD",6,12
"ENSG00000185482",1.26209405710069,0.0485409652076319,"chondrogen","N",5,"SERPINA3-KD",6,12
"ENSG00000185519",2.01280147173411,0.133838383838384,"chondrogen","N",5,"SERPINA3-KD",6,12
"ENSG00000185567",7.16364732082206,0.609708193041526,"chondrogen","N",5,"SERPINA3-KD",6,12
"ENSG00000185608",10.1166033876861,0.879349046015713,"chondrogen","N",5,"SERPINA3-KD",6,12
"ENSG00000185614",5.11591325951277,0.431537598204265,"chondrogen","N",5,"SERPINA3-KD",6,12
"ENSG00000185668",1.51293379598768,0.0774410774410774,"chondrogen","N",5,"SERPINA3-KD",6,12
"ENSG00000185669",0.868106951528659,0.0190796857463524,"chondrogen","N",5,"SERPINA3-KD",6,12
"ENSG00000185670",5.55215577965882,0.469135802469136,"chondrogen","N",5,"SERPINA3-KD",6,12
"ENSG00000185730",5.08855545753817,0.429012345679012,"chondrogen","N",5,"SERPINA3-KD",6,12
"ENSG00000185742",5.80536347010212,0.490740740740741,"chondrogen","N",5,"SERPINA3-KD",6,12
"ENSG00000185798",7.48040602309694,0.642536475869809,"chondrogen","N",5,"SERPINA3-KD",6,12
"ENSG00000185823",2.57681649145467,0.202861952861953,"chondrogen","N",5,"SERPINA3-KD",6,12
"ENSG00000185862",4.90881042859254,0.415824915824916,"chondrogen","N",5,"SERPINA3-KD",6,12
"ENSG00000185905",3.34049376651211,0.286195286195286,"chondrogen","N",5,"SERPINA3-KD",6,12
"ENSG00000185924",2.88794722349512,0.241021324354658,"chondrogen","N",5,"SERPINA3-KD",6,12
"ENSG00000185950",7.74178328004722,0.667227833894501,"chondrogen","N",5,"SERPINA3-KD",6,12
"ENSG00000185955",2.7177651143361,0.220258136924804,"chondrogen","N",5,"SERPINA3-KD",6,12
"ENSG00000185972",2.02116920152101,0.135802469135802,"chondrogen","N",5,"SERPINA3-KD",6,12
"ENSG00000185989",7.70229074696775,0.66358024691358,"chondrogen","N",5,"SERPINA3-KD",6,12
"ENSG00000186026",8.10292447521748,0.697530864197531,"chondrogen","N",5,"SERPINA3-KD",6,12
"ENSG00000186103",4.50236602731192,0.384118967452301,"chondrogen","N",5,"SERPINA3-KD",6,12
"ENSG00000186105",1.7468681531364,0.101851851851852,"chondrogen","N",5,"SERPINA3-KD",6,12
"ENSG00000186130",8.6331049840815,0.742704826038159,"chondrogen","N",5,"SERPINA3-KD",6,12
"ENSG00000186166",7.33892121418991,0.629068462401796,"chondrogen","N",5,"SERPINA3-KD",6,12
"ENSG00000186222",5.25715850576956,0.441638608305275,"chondrogen","N",5,"SERPINA3-KD",6,12
"ENSG00000186230",5.73170397868332,0.486531986531987,"chondrogen","N",5,"SERPINA3-KD",6,12
"ENSG00000186280",4.9808229551191,0.421156004489338,"chondrogen","N",5,"SERPINA3-KD",6,12
"ENSG00000186329",5.68901813677483,0.482042648709315,"chondrogen","N",5,"SERPINA3-KD",6,12
"ENSG00000186335",3.24150585578179,0.277497194163861,"chondrogen","N",5,"SERPINA3-KD",6,12
"ENSG00000186352",8.89960048685191,0.771043771043771,"chondrogen","N",5,"SERPINA3-KD",6,12
"ENSG00000186377",1.78768256553671,0.107182940516274,"chondrogen","N",5,"SERPINA3-KD",6,12
"ENSG00000186395",7.95750432024319,0.684904601571268,"chondrogen","N",5,"SERPINA3-KD",6,12
"ENSG00000186446",5.45253532225866,0.460157126823794,"chondrogen","N",5,"SERPINA3-KD",6,12
"ENSG00000186462",1.74482811698779,0.101010101010101,"chondrogen","N",5,"SERPINA3-KD",6,12
"ENSG00000186469",9.89193914780857,0.861391694725028,"chondrogen","N",5,"SERPINA3-KD",6,12
"ENSG00000186564",2.24239079939566,0.165824915824916,"chondrogen","N",5,"SERPINA3-KD",6,12
"ENSG00000186603",2.41691859187532,0.18658810325477,"chondrogen","N",5,"SERPINA3-KD",6,12
"ENSG00000186666",7.95200742259723,0.684624017957351,"chondrogen","N",5,"SERPINA3-KD",6,12
"ENSG00000186723",4.86663901871776,0.412457912457912,"chondrogen","N",5,"SERPINA3-KD",6,12
"ENSG00000186767",7.21018752291836,0.615319865319865,"chondrogen","N",5,"SERPINA3-KD",6,12
"ENSG00000186806",4.93227962891652,0.418350168350168,"chondrogen","N",5,"SERPINA3-KD",6,12
"ENSG00000186832",4.55397191081658,0.388047138047138,"chondrogen","N",5,"SERPINA3-KD",6,12
"ENSG00000186834",9.72983683562413,0.851010101010101,"chondrogen","N",5,"SERPINA3-KD",6,12
"ENSG00000186847",3.94849267489339,0.338103254769921,"chondrogen","N",5,"SERPINA3-KD",6,12
"ENSG00000186871",4.9399401651703,0.418630751964085,"chondrogen","N",5,"SERPINA3-KD",6,12
"ENSG00000187026",0.942066873525428,0.0227272727272727,"chondrogen","N",5,"SERPINA3-KD",6,12
"ENSG00000187051",9.58240941312387,0.83641975308642,"chondrogen","N",5,"SERPINA3-KD",6,12
"ENSG00000187066",6.05328030741816,0.512626262626263,"chondrogen","N",5,"SERPINA3-KD",6,12
"ENSG00000187068",5.5040555339748,0.464646464646465,"chondrogen","N",5,"SERPINA3-KD",6,12
"ENSG00000187105",3.16260902529947,0.269921436588103,"chondrogen","N",5,"SERPINA3-KD",6,12
"ENSG00000187151",6.93950651771084,0.59287317620651,"chondrogen","N",5,"SERPINA3-KD",6,12
"ENSG00000187187",5.98373246874918,0.505892255892256,"chondrogen","N",5,"SERPINA3-KD",6,12
"ENSG00000187193",12.3669700027143,0.977833894500561,"chondrogen","N",5,"SERPINA3-KD",6,12
"ENSG00000187242",1.80256352253422,0.108024691358025,"chondrogen","N",5,"SERPINA3-KD",6,12
"ENSG00000187325",8.83198957431875,0.764590347923681,"chondrogen","N",5,"SERPINA3-KD",6,12
"ENSG00000187474",0.649237848007873,0.0109427609427609,"chondrogen","N",5,"SERPINA3-KD",6,12
"ENSG00000187475",0.933719649832457,0.0218855218855219,"chondrogen","N",5,"SERPINA3-KD",6,12
"ENSG00000187479",2.49525642450707,0.195847362514029,"chondrogen","N",5,"SERPINA3-KD",6,12
"ENSG00000187556",1.83562231468079,0.112233445566779,"chondrogen","N",5,"SERPINA3-KD",6,12
"ENSG00000187566",6.24402857108491,0.531144781144781,"chondrogen","N",5,"SERPINA3-KD",6,12
"ENSG00000187601",9.20951924587106,0.804994388327722,"chondrogen","N",5,"SERPINA3-KD",6,12
"ENSG00000187624",3.69422267115405,0.319304152637486,"chondrogen","N",5,"SERPINA3-KD",6,12
"ENSG00000187626",7.17740470267739,0.612233445566779,"chondrogen","N",5,"SERPINA3-KD",6,12
"ENSG00000187650",5.24305009981312,0.440796857463524,"chondrogen","N",5,"SERPINA3-KD",6,12
"ENSG00000187664",1.09736547656851,0.0336700336700337,"chondrogen","N",5,"SERPINA3-KD",6,12
"ENSG00000187676",9.1536197581278,0.797699214365881,"chondrogen","N",5,"SERPINA3-KD",6,12
"ENSG00000187713",6.07452657542547,0.515432098765432,"chondrogen","N",5,"SERPINA3-KD",6,12
"ENSG00000187730",2.45158011426374,0.190796857463524,"chondrogen","N",5,"SERPINA3-KD",6,12
"ENSG00000187773",3.56551346284559,0.308361391694725,"chondrogen","N",5,"SERPINA3-KD",6,12
"ENSG00000187792",5.37443205649823,0.454545454545455,"chondrogen","N",5,"SERPINA3-KD",6,12
"ENSG00000187824",6.66254730746882,0.566778900112233,"chondrogen","N",5,"SERPINA3-KD",6,12
"ENSG00000187837",9.00887583049148,0.781705948372615,"chondrogen","N",5,"SERPINA3-KD",6,12
"ENSG00000187838",8.40735997545517,0.722222222222222,"chondrogen","N",5,"SERPINA3-KD",6,12
"ENSG00000187840",10.9397325727502,0.933501683501683,"chondrogen","N",5,"SERPINA3-KD",6,12
"ENSG00000187857",3.26593453987464,0.278619528619529,"chondrogen","N",5,"SERPINA3-KD",6,12
"ENSG00000187944",2.6143717310484,0.209315375982043,"chondrogen","N",5,"SERPINA3-KD",6,12
"ENSG00000187950",0.943552240644676,0.0235690235690236,"chondrogen","N",5,"SERPINA3-KD",6,12
"ENSG00000187957",6.53170547244171,0.554152637485971,"chondrogen","N",5,"SERPINA3-KD",6,12
"ENSG00000187980",1.43922424268495,0.0701459034792368,"chondrogen","N",5,"SERPINA3-KD",6,12
"ENSG00000187994",4.80491717401862,0.40712682379349,"chondrogen","N",5,"SERPINA3-KD",6,12
"ENSG00000188000",2.40143022340962,0.1837822671156,"chondrogen","N",5,"SERPINA3-KD",6,12
"ENSG00000188021",10.3258078021471,0.893097643097643,"chondrogen","N",5,"SERPINA3-KD",6,12
"ENSG00000188042",10.2775497154375,0.890572390572391,"chondrogen","N",5,"SERPINA3-KD",6,12
"ENSG00000188060",5.382789443754,0.455948372615039,"chondrogen","N",5,"SERPINA3-KD",6,12
"ENSG00000188070",7.120877679091,0.607182940516274,"chondrogen","N",5,"SERPINA3-KD",6,12
"ENSG00000188124",1.34357484257186,0.0578002244668911,"chondrogen","N",5,"SERPINA3-KD",6,12
"ENSG00000188163",4.87446861146436,0.41358024691358,"chondrogen","N",5,"SERPINA3-KD",6,12
"ENSG00000188167",3.82153687478171,0.329685746352413,"chondrogen","N",5,"SERPINA3-KD",6,12
"ENSG00000188211",5.49480826812752,0.463524130190797,"chondrogen","N",5,"SERPINA3-KD",6,12
"ENSG00000188229",10.0318502266734,0.874579124579125,"chondrogen","N",5,"SERPINA3-KD",6,12
"ENSG00000188305",2.32814170896132,0.176206509539843,"chondrogen","N",5,"SERPINA3-KD",6,12
"ENSG00000188315",6.57202419284013,0.559483726150393,"chondrogen","N",5,"SERPINA3-KD",6,12
"ENSG00000188375",2.50170582245423,0.196408529741863,"chondrogen","N",5,"SERPINA3-KD",6,12
"ENSG00000188388",3.17159797961727,0.271324354657688,"chondrogen","N",5,"SERPINA3-KD",6,12
"ENSG00000188396",1.65981263953652,0.0920314253647587,"chondrogen","N",5,"SERPINA3-KD",6,12
"ENSG00000188483",4.65153210968958,0.395622895622896,"chondrogen","N",5,"SERPINA3-KD",6,12
"ENSG00000188486",5.19348054823997,0.436868686868687,"chondrogen","N",5,"SERPINA3-KD",6,12
"ENSG00000188505",2.55285145646146,0.201178451178451,"chondrogen","N",5,"SERPINA3-KD",6,12
"ENSG00000188558",3.41951823932598,0.292087542087542,"chondrogen","N",5,"SERPINA3-KD",6,12
"ENSG00000188581",2.99064025212332,0.253367003367003,"chondrogen","N",5,"SERPINA3-KD",6,12
"ENSG00000188603",7.22357369544167,0.617003367003367,"chondrogen","N",5,"SERPINA3-KD",6,12
"ENSG00000188613",3.26369915187311,0.278338945005612,"chondrogen","N",5,"SERPINA3-KD",6,12
"ENSG00000188636",7.91959244635798,0.681537598204265,"chondrogen","N",5,"SERPINA3-KD",6,12
"ENSG00000188725",10.9220377495375,0.932659932659933,"chondrogen","N",5,"SERPINA3-KD",6,12
"ENSG00000188729",0.286590359435479,0.00308641975308642,"chondrogen","N",5,"SERPINA3-KD",6,12
"ENSG00000188763",1.19229032055886,0.0415263748597082,"chondrogen","N",5,"SERPINA3-KD",6,12
"ENSG00000188783",12.1168474319891,0.97334455667789,"chondrogen","N",5,"SERPINA3-KD",6,12
"ENSG00000188817",2.36106309453058,0.179573512906846,"chondrogen","N",5,"SERPINA3-KD",6,12
"ENSG00000188822",3.3636346183426,0.288159371492705,"chondrogen","N",5,"SERPINA3-KD",6,12
"ENSG00000188916",5.07142416275302,0.428451178451178,"chondrogen","N",5,"SERPINA3-KD",6,12
"ENSG00000188931",3.24748332147671,0.277777777777778,"chondrogen","N",5,"SERPINA3-KD",6,12
"ENSG00000188986",6.91253226655669,0.589225589225589,"chondrogen","N",5,"SERPINA3-KD",6,12
"ENSG00000188991",1.7294892423336,0.0993265993265993,"chondrogen","N",5,"SERPINA3-KD",6,12
"ENSG00000188993",5.32644856575334,0.448372615039282,"chondrogen","N",5,"SERPINA3-KD",6,12
"ENSG00000188997",7.65460313021896,0.659371492704826,"chondrogen","N",5,"SERPINA3-KD",6,12
"ENSG00000189058",12.5598551928813,0.980920314253648,"chondrogen","N",5,"SERPINA3-KD",6,12
"ENSG00000189060",12.8089352572619,0.984006734006734,"chondrogen","N",5,"SERPINA3-KD",6,12
"ENSG00000189114",8.99499377647186,0.78030303030303,"chondrogen","N",5,"SERPINA3-KD",6,12
"ENSG00000189134",5.27061781373557,0.442199775533109,"chondrogen","N",5,"SERPINA3-KD",6,12
"ENSG00000189227",7.78017350327861,0.669472502805836,"chondrogen","N",5,"SERPINA3-KD",6,12
"ENSG00000189241",12.572355954442,0.981200897867564,"chondrogen","N",5,"SERPINA3-KD",6,12
"ENSG00000189280",1.52988138166577,0.079685746352413,"chondrogen","N",5,"SERPINA3-KD",6,12
"ENSG00000189320",8.99154890700345,0.778619528619529,"chondrogen","N",5,"SERPINA3-KD",6,12
"ENSG00000189369",8.8099264853182,0.761223344556678,"chondrogen","N",5,"SERPINA3-KD",6,12
"ENSG00000189431",0.0547355276730958,0.000561167227833895,"chondrogen","N",5,"SERPINA3-KD",6,12
"ENSG00000196109",2.16370568194511,0.15628507295174,"chondrogen","N",5,"SERPINA3-KD",6,12
"ENSG00000196110",6.70047366631488,0.56986531986532,"chondrogen","N",5,"SERPINA3-KD",6,12
"ENSG00000196116",6.27531057846629,0.533950617283951,"chondrogen","N",5,"SERPINA3-KD",6,12
"ENSG00000196119",3.29600376408049,0.281705948372615,"chondrogen","N",5,"SERPINA3-KD",6,12
"ENSG00000196172",4.99748769889794,0.423400673400673,"chondrogen","N",5,"SERPINA3-KD",6,12
"ENSG00000196196",5.56267275232061,0.470258136924804,"chondrogen","N",5,"SERPINA3-KD",6,12
"ENSG00000196263",6.61897688499057,0.56341189674523,"chondrogen","N",5,"SERPINA3-KD",6,12
"ENSG00000196345",5.80868130001874,0.491301907968575,"chondrogen","N",5,"SERPINA3-KD",6,12
"ENSG00000196368",7.96523866903115,0.686307519640853,"chondrogen","N",5,"SERPINA3-KD",6,12
"ENSG00000196371",5.66789201754668,0.480359147025814,"chondrogen","N",5,"SERPINA3-KD",6,12
"ENSG00000196388",3.79194621752092,0.328282828282828,"chondrogen","N",5,"SERPINA3-KD",6,12
"ENSG00000196436",4.13460158888825,0.354938271604938,"chondrogen","N",5,"SERPINA3-KD",6,12
"ENSG00000196449",6.39729633919769,0.545454545454545,"chondrogen","N",5,"SERPINA3-KD",6,12
"ENSG00000196455",9.41760361323688,0.824354657687991,"chondrogen","N",5,"SERPINA3-KD",6,12
"ENSG00000196497",6.53221333604206,0.554433221099888,"chondrogen","N",5,"SERPINA3-KD",6,12
"ENSG00000196503",3.72494554451801,0.322390572390572,"chondrogen","N",5,"SERPINA3-KD",6,12
"ENSG00000196544",4.95572602966459,0.419753086419753,"chondrogen","N",5,"SERPINA3-KD",6,12
"ENSG00000196584",5.141455318746,0.4337822671156,"chondrogen","N",5,"SERPINA3-KD",6,12
"ENSG00000196605",6.72713404709447,0.571548821548822,"chondrogen","N",5,"SERPINA3-KD",6,12
"ENSG00000196611",9.17036232741107,0.799382716049383,"chondrogen","N",5,"SERPINA3-KD",6,12
"ENSG00000196636",9.16274998434301,0.797979797979798,"chondrogen","N",5,"SERPINA3-KD",6,12
"ENSG00000196639",8.86846784187972,0.768237934904602,"chondrogen","N",5,"SERPINA3-KD",6,12
"ENSG00000196653",6.17586374691194,0.524691358024691,"chondrogen","N",5,"SERPINA3-KD",6,12
"ENSG00000196655",9.90376012628937,0.863916947250281,"chondrogen","N",5,"SERPINA3-KD",6,12
"ENSG00000196700",3.5500878744436,0.305836139169472,"chondrogen","N",5,"SERPINA3-KD",6,12
"ENSG00000196705",5.11280314189991,0.431257014590348,"chondrogen","N",5,"SERPINA3-KD",6,12
"ENSG00000196715",9.425001527261,0.824635241301908,"chondrogen","N",5,"SERPINA3-KD",6,12
"ENSG00000196743",9.34443135139174,0.818742985409652,"chondrogen","N",5,"SERPINA3-KD",6,12
"ENSG00000196747",2.68305416690211,0.217732884399551,"chondrogen","N",5,"SERPINA3-KD",6,12
"ENSG00000196757",6.29166183921045,0.536475869809203,"chondrogen","N",5,"SERPINA3-KD",6,12
"ENSG00000196778",3.43561961280553,0.292929292929293,"chondrogen","N",5,"SERPINA3-KD",6,12
"ENSG00000196787",5.74831069770289,0.48709315375982,"chondrogen","N",5,"SERPINA3-KD",6,12
"ENSG00000196812",5.79022547961748,0.490179573512907,"chondrogen","N",5,"SERPINA3-KD",6,12
"ENSG00000196850",7.56447250340287,0.650953984287318,"chondrogen","N",5,"SERPINA3-KD",6,12
"ENSG00000196865",8.81325294749029,0.762345679012346,"chondrogen","N",5,"SERPINA3-KD",6,12
"ENSG00000196867",7.24589213203923,0.619528619528619,"chondrogen","N",5,"SERPINA3-KD",6,12
"ENSG00000196890",2.74183206452388,0.223063973063973,"chondrogen","N",5,"SERPINA3-KD",6,12
"ENSG00000196914",9.62448053214467,0.84006734006734,"chondrogen","N",5,"SERPINA3-KD",6,12
"ENSG00000196917",3.6935666357564,0.319023569023569,"chondrogen","N",5,"SERPINA3-KD",6,12
"ENSG00000196943",5.37182022286801,0.453984287317621,"chondrogen","N",5,"SERPINA3-KD",6,12
"ENSG00000196972",1.84918323380039,0.113355780022447,"chondrogen","N",5,"SERPINA3-KD",6,12
"ENSG00000196976",8.49632557118926,0.730639730639731,"chondrogen","N",5,"SERPINA3-KD",6,12
"ENSG00000196981",8.03889803040333,0.692760942760943,"chondrogen","N",5,"SERPINA3-KD",6,12
"ENSG00000196993",2.66603834292087,0.214646464646465,"chondrogen","N",5,"SERPINA3-KD",6,12
"ENSG00000197006",5.57163119385707,0.471380471380471,"chondrogen","N",5,"SERPINA3-KD",6,12
"ENSG00000197019",8.33545254147167,0.715768799102132,"chondrogen","N",5,"SERPINA3-KD",6,12
"ENSG00000197021",9.06384121325327,0.787037037037037,"chondrogen","N",5,"SERPINA3-KD",6,12
"ENSG00000197024",7.38119311633666,0.632435465768799,"chondrogen","N",5,"SERPINA3-KD",6,12
"ENSG00000197061",10.7200718415103,0.91638608305275,"chondrogen","N",5,"SERPINA3-KD",6,12
"ENSG00000197136",5.70373468709221,0.4834455667789,"chondrogen","N",5,"SERPINA3-KD",6,12
"ENSG00000197153",1.8156442048364,0.109988776655443,"chondrogen","N",5,"SERPINA3-KD",6,12
"ENSG00000197208",6.54475038511705,0.556116722783389,"chondrogen","N",5,"SERPINA3-KD",6,12
"ENSG00000197226",7.86995522077552,0.67648709315376,"chondrogen","N",5,"SERPINA3-KD",6,12
"ENSG00000197245",2.97941600010869,0.252805836139169,"chondrogen","N",5,"SERPINA3-KD",6,12
"ENSG00000197265",8.08286544648508,0.696408529741863,"chondrogen","N",5,"SERPINA3-KD",6,12
"ENSG00000197279",4.87398305331571,0.413299663299663,"chondrogen","N",5,"SERPINA3-KD",6,12
"ENSG00000197296",8.67235794591873,0.747474747474748,"chondrogen","N",5,"SERPINA3-KD",6,12
"ENSG00000197324",9.65822666611038,0.844556677890011,"chondrogen","N",5,"SERPINA3-KD",6,12
"ENSG00000197361",1.2046913479831,0.042368125701459,"chondrogen","N",5,"SERPINA3-KD",6,12
"ENSG00000197385",3.39688962595713,0.29040404040404,"chondrogen","N",5,"SERPINA3-KD",6,12
"ENSG00000197405",4.50312371200808,0.384680134680135,"chondrogen","N",5,"SERPINA3-KD",6,12
"ENSG00000197409",1.99744948107449,0.131313131313131,"chondrogen","N",5,"SERPINA3-KD",6,12
"ENSG00000197417",5.82037439681941,0.491582491582492,"chondrogen","N",5,"SERPINA3-KD",6,12
"ENSG00000197479",5.27877168196632,0.443602693602694,"chondrogen","N",5,"SERPINA3-KD",6,12
"ENSG00000197496",9.63370789134531,0.841470258136925,"chondrogen","N",5,"SERPINA3-KD",6,12
"ENSG00000197506",1.22105641906724,0.0440516273849607,"chondrogen","N",5,"SERPINA3-KD",6,12
"ENSG00000197532",3.55609027961798,0.306677890011223,"chondrogen","N",5,"SERPINA3-KD",6,12
"ENSG00000197557",8.33904417547492,0.716610549943883,"chondrogen","N",5,"SERPINA3-KD",6,12
"ENSG00000197579",10.9167266773152,0.932098765432099,"chondrogen","N",5,"SERPINA3-KD",6,12
"ENSG00000197632",4.49017558862546,0.383557800224467,"chondrogen","N",5,"SERPINA3-KD",6,12
"ENSG00000197646",6.88217553695158,0.588103254769921,"chondrogen","N",5,"SERPINA3-KD",6,12
"ENSG00000197714",6.82265079421114,0.580246913580247,"chondrogen","N",5,"SERPINA3-KD",6,12
"ENSG00000197747",12.2987540785449,0.97699214365881,"chondrogen","N",5,"SERPINA3-KD",6,12
"ENSG00000197757",4.35187667823702,0.374017957351291,"chondrogen","N",5,"SERPINA3-KD",6,12
"ENSG00000197766",3.42058372188872,0.292368125701459,"chondrogen","N",5,"SERPINA3-KD",6,12
"ENSG00000197769",1.66012156275946,0.0923120089786756,"chondrogen","N",5,"SERPINA3-KD",6,12
"ENSG00000197776",7.32209390493332,0.62682379349046,"chondrogen","N",5,"SERPINA3-KD",6,12
"ENSG00000197782",7.41583949769827,0.63692480359147,"chondrogen","N",5,"SERPINA3-KD",6,12
"ENSG00000197798",9.68099923080878,0.846240179573513,"chondrogen","N",5,"SERPINA3-KD",6,12
"ENSG00000197837",4.33414293449416,0.372334455667789,"chondrogen","N",5,"SERPINA3-KD",6,12
"ENSG00000197863",7.40121756844673,0.634399551066218,"chondrogen","N",5,"SERPINA3-KD",6,12
"ENSG00000197903",9.36221937545328,0.820426487093154,"chondrogen","N",5,"SERPINA3-KD",6,12
"ENSG00000197915",1.85477634191439,0.114478114478114,"chondrogen","N",5,"SERPINA3-KD",6,12
"ENSG00000197919",1.4000518068777,0.063692480359147,"chondrogen","N",5,"SERPINA3-KD",6,12
"ENSG00000197935",5.05822340034938,0.426767676767677,"chondrogen","N",5,"SERPINA3-KD",6,12
"ENSG00000198018",9.31449319535207,0.815656565656566,"chondrogen","N",5,"SERPINA3-KD",6,12
"ENSG00000198026",6.56661442542555,0.558922558922559,"chondrogen","N",5,"SERPINA3-KD",6,12
"ENSG00000198028",3.52138369480182,0.302188552188552,"chondrogen","N",5,"SERPINA3-KD",6,12
"ENSG00000198087",9.11045106499557,0.793771043771044,"chondrogen","N",5,"SERPINA3-KD",6,12
"ENSG00000198108",6.45424142496018,0.5496632996633,"chondrogen","N",5,"SERPINA3-KD",6,12
"ENSG00000198113",2.87369011935721,0.238776655443322,"chondrogen","N",5,"SERPINA3-KD",6,12
"ENSG00000198133",2.25554799560337,0.168069584736251,"chondrogen","N",5,"SERPINA3-KD",6,12
"ENSG00000198142",7.94405287629953,0.683221099887767,"chondrogen","N",5,"SERPINA3-KD",6,12
"ENSG00000198146",10.6096746094013,0.909652076318743,"chondrogen","N",5,"SERPINA3-KD",6,12
"ENSG00000198168",6.15612667300294,0.52300785634119,"chondrogen","N",5,"SERPINA3-KD",6,12
"ENSG00000198169",2.60618292133356,0.207912457912458,"chondrogen","N",5,"SERPINA3-KD",6,12
"ENSG00000198205",4.13444329698681,0.354377104377104,"chondrogen","N",5,"SERPINA3-KD",6,12
"ENSG00000198225",4.57432966281264,0.38973063973064,"chondrogen","N",5,"SERPINA3-KD",6,12
"ENSG00000198353",3.54726242732319,0.304433221099888,"chondrogen","N",5,"SERPINA3-KD",6,12
"ENSG00000198355",7.17344737697598,0.610830527497194,"chondrogen","N",5,"SERPINA3-KD",6,12
"ENSG00000198382",8.1911765453796,0.70314253647587,"chondrogen","N",5,"SERPINA3-KD",6,12
"ENSG00000198393",7.22836958157895,0.618125701459035,"chondrogen","N",5,"SERPINA3-KD",6,12
"ENSG00000198414",1.0402921212416,0.0289001122334456,"chondrogen","N",5,"SERPINA3-KD",6,12
"ENSG00000198417",5.30104759255714,0.445286195286195,"chondrogen","N",5,"SERPINA3-KD",6,12
"ENSG00000198440",5.53564401465246,0.4668911335578,"chondrogen","N",5,"SERPINA3-KD",6,12
"ENSG00000198455",6.08591179938573,0.516273849607183,"chondrogen","N",5,"SERPINA3-KD",6,12
"ENSG00000198478",7.31024540192391,0.625420875420875,"chondrogen","N",5,"SERPINA3-KD",6,12
"ENSG00000198502",6.99684780206291,0.597923681257015,"chondrogen","N",5,"SERPINA3-KD",6,12
"ENSG00000198523",2.18610518576491,0.158249158249158,"chondrogen","N",5,"SERPINA3-KD",6,12
"ENSG00000198535",2.43555572475837,0.189955106621773,"chondrogen","N",5,"SERPINA3-KD",6,12
"ENSG00000198553",3.47529116532149,0.297699214365881,"chondrogen","N",5,"SERPINA3-KD",6,12
"ENSG00000198576",1.48276159758837,0.0757575757575758,"chondrogen","N",5,"SERPINA3-KD",6,12
"ENSG00000198598",3.43598633897247,0.293490460157127,"chondrogen","N",5,"SERPINA3-KD",6,12
"ENSG00000198642",10.8529158252835,0.928170594837261,"chondrogen","N",5,"SERPINA3-KD",6,12
"ENSG00000198680",5.32857922916387,0.448653198653199,"chondrogen","N",5,"SERPINA3-KD",6,12
"ENSG00000198695",11.0485663290012,0.939955106621773,"chondrogen","N",5,"SERPINA3-KD",6,12
"ENSG00000198712",15.5384677795718,0.998877665544332,"chondrogen","N",5,"SERPINA3-KD",6,12
"ENSG00000198719",0.943039640509978,0.0230078563411897,"chondrogen","N",5,"SERPINA3-KD",6,12
"ENSG00000198727",14.642184479448,0.99719416386083,"chondrogen","N",5,"SERPINA3-KD",6,12
"ENSG00000198729",5.14549667643519,0.434062850729517,"chondrogen","N",5,"SERPINA3-KD",6,12
"ENSG00000198740",10.9025397144092,0.931818181818182,"chondrogen","N",5,"SERPINA3-KD",6,12
"ENSG00000198743",12.1552615798205,0.975028058361392,"chondrogen","N",5,"SERPINA3-KD",6,12
"ENSG00000198744",2.0394242761745,0.138608305274972,"chondrogen","N",5,"SERPINA3-KD",6,12
"ENSG00000198754",1.98179221296189,0.128507295173962,"chondrogen","N",5,"SERPINA3-KD",6,12
"ENSG00000198763",13.194999517272,0.989057239057239,"chondrogen","N",5,"SERPINA3-KD",6,12
"ENSG00000198774",6.69276186854789,0.569023569023569,"chondrogen","N",5,"SERPINA3-KD",6,12
"ENSG00000198783",8.69706946268039,0.749719416386083,"chondrogen","N",5,"SERPINA3-KD",6,12
"ENSG00000198785",1.11105547999069,0.0342312008978676,"chondrogen","N",5,"SERPINA3-KD",6,12
"ENSG00000198786",13.3195675275523,0.990460157126824,"chondrogen","N",5,"SERPINA3-KD",6,12
"ENSG00000198796",8.01192850006681,0.689393939393939,"chondrogen","N",5,"SERPINA3-KD",6,12
"ENSG00000198804",14.94960355804,0.998316498316498,"chondrogen","N",5,"SERPINA3-KD",6,12
"ENSG00000198815",8.96869152151518,0.778058361391695,"chondrogen","N",5,"SERPINA3-KD",6,12
"ENSG00000198816",5.36735998269495,0.453703703703704,"chondrogen","N",5,"SERPINA3-KD",6,12
"ENSG00000198824",7.02855377818485,0.599887766554433,"chondrogen","N",5,"SERPINA3-KD",6,12
"ENSG00000198833",10.5588365158493,0.908249158249158,"chondrogen","N",5,"SERPINA3-KD",6,12
"ENSG00000198840",9.1112647170893,0.794051627384961,"chondrogen","N",5,"SERPINA3-KD",6,12
"ENSG00000198841",8.7312365689782,0.751964085297419,"chondrogen","N",5,"SERPINA3-KD",6,12
"ENSG00000198846",6.71328340684629,0.570707070707071,"chondrogen","N",5,"SERPINA3-KD",6,12
"ENSG00000198855",8.66956359883856,0.74719416386083,"chondrogen","N",5,"SERPINA3-KD",6,12
"ENSG00000198863",7.18103444488675,0.612514029180696,"chondrogen","N",5,"SERPINA3-KD",6,12
"ENSG00000198868",3.56720124889125,0.308641975308642,"chondrogen","N",5,"SERPINA3-KD",6,12
"ENSG00000198870",2.93147296405319,0.24635241301908,"chondrogen","N",5,"SERPINA3-KD",6,12
"ENSG00000198886",15.6540729160526,0.999158249158249,"chondrogen","N",5,"SERPINA3-KD",6,12
"ENSG00000198887",10.8983806745261,0.931257014590348,"chondrogen","N",5,"SERPINA3-KD",6,12
"ENSG00000198888",11.8487096315574,0.963804713804714,"chondrogen","N",5,"SERPINA3-KD",6,12
"ENSG00000198890",8.77459001147336,0.757575757575758,"chondrogen","N",5,"SERPINA3-KD",6,12
"ENSG00000198892",8.42737180507745,0.724747474747475,"chondrogen","N",5,"SERPINA3-KD",6,12
"ENSG00000198894",8.78056947139866,0.758417508417508,"chondrogen","N",5,"SERPINA3-KD",6,12
"ENSG00000198899",13.0989230984593,0.988215488215488,"chondrogen","N",5,"SERPINA3-KD",6,12
"ENSG00000198900",10.6448562430756,0.911335578002245,"chondrogen","N",5,"SERPINA3-KD",6,12
"ENSG00000198909",7.47369098649736,0.641414141414141,"chondrogen","N",5,"SERPINA3-KD",6,12
"ENSG00000198918",11.8960723208829,0.965488215488216,"chondrogen","N",5,"SERPINA3-KD",6,12
"ENSG00000198924",7.46549151512248,0.641133557800225,"chondrogen","N",5,"SERPINA3-KD",6,12
"ENSG00000198934",5.90469804391523,0.5,"chondrogen","N",5,"SERPINA3-KD",6,12
"ENSG00000198937",8.23167857362432,0.705106621773288,"chondrogen","N",5,"SERPINA3-KD",6,12
"ENSG00000198938",14.0819953839807,0.995230078563412,"chondrogen","N",5,"SERPINA3-KD",6,12
"ENSG00000198939",5.40785390261347,0.457351290684624,"chondrogen","N",5,"SERPINA3-KD",6,12
"ENSG00000198945",7.41955616653563,0.637205387205387,"chondrogen","N",5,"SERPINA3-KD",6,12
"ENSG00000198952",7.20900882470509,0.615039281705948,"chondrogen","N",5,"SERPINA3-KD",6,12
"ENSG00000198954",10.800566118557,0.923961840628507,"chondrogen","N",5,"SERPINA3-KD",6,12
"ENSG00000203396",19.4597918331673,1,"chondrogen","N",5,"SERPINA3-KD",6,12
"ENSG00000203489",2.0962874147656,0.147306397306397,"chondrogen","N",5,"SERPINA3-KD",6,12
"ENSG00000203663",4.62530809038259,0.393658810325477,"chondrogen","N",5,"SERPINA3-KD",6,12
"ENSG00000203722",6.46847252340231,0.550224466891134,"chondrogen","N",5,"SERPINA3-KD",6,12
"ENSG00000203727",3.1035089305737,0.262626262626263,"chondrogen","N",5,"SERPINA3-KD",6,12
"ENSG00000203740",2.43646935334126,0.19023569023569,"chondrogen","N",5,"SERPINA3-KD",6,12
"ENSG00000203757",1.46437119822756,0.0723905723905724,"chondrogen","N",5,"SERPINA3-KD",6,12
"ENSG00000203760",7.30938953592749,0.624859708193041,"chondrogen","N",5,"SERPINA3-KD",6,12
"ENSG00000203778",8.81022271555157,0.761503928170595,"chondrogen","N",5,"SERPINA3-KD",6,12
"ENSG00000203814",4.16586505377438,0.358585858585859,"chondrogen","N",5,"SERPINA3-KD",6,12
"ENSG00000203837",1.6836328190392,0.0948372615039282,"chondrogen","N",5,"SERPINA3-KD",6,12
"ENSG00000203867",1.46288845792603,0.0721099887766554,"chondrogen","N",5,"SERPINA3-KD",6,12
"ENSG00000203872",3.79725419962475,0.328563411896745,"chondrogen","N",5,"SERPINA3-KD",6,12
"ENSG00000203877",1.54805297645889,0.0819304152637486,"chondrogen","N",5,"SERPINA3-KD",6,12
"ENSG00000203943",2.7926561345769,0.229517396184063,"chondrogen","N",5,"SERPINA3-KD",6,12
"ENSG00000203950",9.77478506663169,0.856060606060606,"chondrogen","N",5,"SERPINA3-KD",6,12
"ENSG00000204025",0.0456003393656371,0.000280583613916947,"chondrogen","N",5,"SERPINA3-KD",6,12
"ENSG00000204086",3.79729334519135,0.328843995510662,"chondrogen","N",5,"SERPINA3-KD",6,12
"ENSG00000204103",9.45780685953809,0.827441077441077,"chondrogen","N",5,"SERPINA3-KD",6,12
"ENSG00000204128",2.31839884518591,0.175084175084175,"chondrogen","N",5,"SERPINA3-KD",6,12
"ENSG00000204227",6.28948733499551,0.535914702581369,"chondrogen","N",5,"SERPINA3-KD",6,12
"ENSG00000204228",4.19210715697738,0.361952861952862,"chondrogen","N",5,"SERPINA3-KD",6,12
"ENSG00000204237",7.89631567730529,0.679573512906846,"chondrogen","N",5,"SERPINA3-KD",6,12
"ENSG00000204301",4.72056030109741,0.399551066217733,"chondrogen","N",5,"SERPINA3-KD",6,12
"ENSG00000204308",9.92644761315923,0.865319865319865,"chondrogen","N",5,"SERPINA3-KD",6,12
"ENSG00000204315",6.42053136179602,0.546576879910213,"chondrogen","N",5,"SERPINA3-KD",6,12
"ENSG00000204323",5.56244579833009,0.469977553310887,"chondrogen","N",5,"SERPINA3-KD",6,12
"ENSG00000204334",1.96835891913686,0.12682379349046,"chondrogen","N",5,"SERPINA3-KD",6,12
"ENSG00000204345",0.795870672657613,0.015712682379349,"chondrogen","N",5,"SERPINA3-KD",6,12
"ENSG00000204388",8.42484364438466,0.724466891133558,"chondrogen","N",5,"SERPINA3-KD",6,12
"ENSG00000204439",7.35684853633647,0.630471380471381,"chondrogen","N",5,"SERPINA3-KD",6,12
"ENSG00000204442",7.65409422765403,0.659090909090909,"chondrogen","N",5,"SERPINA3-KD",6,12
"ENSG00000204505",2.73165860362062,0.221380471380471,"chondrogen","N",5,"SERPINA3-KD",6,12
"ENSG00000204524",9.14835049030396,0.797138047138047,"chondrogen","N",5,"SERPINA3-KD",6,12
"ENSG00000204592",12.8344845304587,0.984848484848485,"chondrogen","N",5,"SERPINA3-KD",6,12
"ENSG00000204611",8.95760791158597,0.776936026936027,"chondrogen","N",5,"SERPINA3-KD",6,12
"ENSG00000204619",10.7497527109435,0.920314253647587,"chondrogen","N",5,"SERPINA3-KD",6,12
"ENSG00000204657",1.35915000045798,0.0597643097643098,"chondrogen","N",5,"SERPINA3-KD",6,12
"ENSG00000204695",5.91784689651891,0.501964085297419,"chondrogen","N",5,"SERPINA3-KD",6,12
"ENSG00000204745",5.57431639561981,0.471661054994388,"chondrogen","N",5,"SERPINA3-KD",6,12
"ENSG00000204767",5.54091956541226,0.467732884399551,"chondrogen","N",5,"SERPINA3-KD",6,12
"ENSG00000204778",2.45832996121283,0.191358024691358,"chondrogen","N",5,"SERPINA3-KD",6,12
"ENSG00000204822",8.51686139405164,0.731481481481482,"chondrogen","N",5,"SERPINA3-KD",6,12
"ENSG00000204839",3.00376794172331,0.255331088664422,"chondrogen","N",5,"SERPINA3-KD",6,12
"ENSG00000204869",2.03818094352828,0.138047138047138,"chondrogen","N",5,"SERPINA3-KD",6,12
"ENSG00000204899",10.0200073474137,0.873737373737374,"chondrogen","N",5,"SERPINA3-KD",6,12
"ENSG00000204909",4.18158022653955,0.359988776655443,"chondrogen","N",5,"SERPINA3-KD",6,12
"ENSG00000204922",8.7219361308384,0.751122334455668,"chondrogen","N",5,"SERPINA3-KD",6,12
"ENSG00000204923",6.42071592015431,0.54685746352413,"chondrogen","N",5,"SERPINA3-KD",6,12
"ENSG00000204947",6.55318316549479,0.556677890011223,"chondrogen","N",5,"SERPINA3-KD",6,12
"ENSG00000204956",4.03060306895957,0.345117845117845,"chondrogen","N",5,"SERPINA3-KD",6,12
"ENSG00000204961",1.84120598443292,0.112794612794613,"chondrogen","N",5,"SERPINA3-KD",6,12
"ENSG00000204963",2.81724228107691,0.231762065095398,"chondrogen","N",5,"SERPINA3-KD",6,12
"ENSG00000204969",1.17982771068668,0.0401234567901235,"chondrogen","N",5,"SERPINA3-KD",6,12
"ENSG00000205002",2.51769344517843,0.196969696969697,"chondrogen","N",5,"SERPINA3-KD",6,12
"ENSG00000205078",2.23181531471585,0.164421997755331,"chondrogen","N",5,"SERPINA3-KD",6,12
"ENSG00000205089",1.6944695590326,0.095679012345679,"chondrogen","N",5,"SERPINA3-KD",6,12
"ENSG00000205129",7.22333521482667,0.61672278338945,"chondrogen","N",5,"SERPINA3-KD",6,12
"ENSG00000205138",7.17626939656973,0.611952861952862,"chondrogen","N",5,"SERPINA3-KD",6,12
"ENSG00000205155",9.3242830851006,0.81705948372615,"chondrogen","N",5,"SERPINA3-KD",6,12
"ENSG00000205208",9.06775889153595,0.787878787878788,"chondrogen","N",5,"SERPINA3-KD",6,12
"ENSG00000205209",1.99071074680329,0.129910213243547,"chondrogen","N",5,"SERPINA3-KD",6,12
"ENSG00000205250",7.27938617881324,0.622334455667789,"chondrogen","N",5,"SERPINA3-KD",6,12
"ENSG00000205269",4.45364562292797,0.380190796857464,"chondrogen","N",5,"SERPINA3-KD",6,12
"ENSG00000205302",12.1484337931277,0.974747474747475,"chondrogen","N",5,"SERPINA3-KD",6,12
"ENSG00000205323",10.8496873561916,0.927609427609428,"chondrogen","N",5,"SERPINA3-KD",6,12
"ENSG00000205363",2.02314442976443,0.136644219977553,"chondrogen","N",5,"SERPINA3-KD",6,12
"ENSG00000205364",7.06591195573476,0.603254769921437,"chondrogen","N",5,"SERPINA3-KD",6,12
"ENSG00000205413",8.77771773171922,0.757856341189674,"chondrogen","N",5,"SERPINA3-KD",6,12
"ENSG00000205476",4.02433314075345,0.344276094276094,"chondrogen","N",5,"SERPINA3-KD",6,12
"ENSG00000205502",0.307277479414755,0.00336700336700337,"chondrogen","N",5,"SERPINA3-KD",6,12
"ENSG00000205544",7.4554946619918,0.640291806958474,"chondrogen","N",5,"SERPINA3-KD",6,12
"ENSG00000205644",1.31003755123506,0.0547138047138047,"chondrogen","N",5,"SERPINA3-KD",6,12
"ENSG00000205649",2.28925736061592,0.171997755331089,"chondrogen","N",5,"SERPINA3-KD",6,12
"ENSG00000205678",1.83479446490156,0.111952861952862,"chondrogen","N",5,"SERPINA3-KD",6,12
"ENSG00000205710",3.50236730309406,0.300224466891134,"chondrogen","N",5,"SERPINA3-KD",6,12
"ENSG00000205730",7.87933438222975,0.676767676767677,"chondrogen","N",5,"SERPINA3-KD",6,12
"ENSG00000205795",1.43596509219763,0.0695847362514029,"chondrogen","N",5,"SERPINA3-KD",6,12
"ENSG00000205808",7.32863225458405,0.628226711560045,"chondrogen","N",5,"SERPINA3-KD",6,12
"ENSG00000205810",4.72329573005277,0.400392817059484,"chondrogen","N",5,"SERPINA3-KD",6,12
"ENSG00000205903",6.95064893820409,0.59371492704826,"chondrogen","N",5,"SERPINA3-KD",6,12
"ENSG00000205922",2.53036127565067,0.198092031425365,"chondrogen","N",5,"SERPINA3-KD",6,12
"ENSG00000205923",1.64088224747423,0.0900673400673401,"chondrogen","N",5,"SERPINA3-KD",6,12
"ENSG00000205978",5.10292617851627,0.430415263748597,"chondrogen","N",5,"SERPINA3-KD",6,12
"ENSG00000205981",9.87253359703291,0.86026936026936,"chondrogen","N",5,"SERPINA3-KD",6,12
"ENSG00000206013",5.4621332236888,0.461560044893378,"chondrogen","N",5,"SERPINA3-KD",6,12
"ENSG00000206172",1.023152215663,0.0280583613916947,"chondrogen","N",5,"SERPINA3-KD",6,12
"ENSG00000206262",3.90145818123396,0.333894500561167,"chondrogen","N",5,"SERPINA3-KD",6,12
"ENSG00000206356",1.43721381073819,0.0698653198653199,"chondrogen","N",5,"SERPINA3-KD",6,12
"ENSG00000206418",2.5214538378069,0.197250280583614,"chondrogen","N",5,"SERPINA3-KD",6,12
"ENSG00000206432",1.05130795393571,0.0300224466891134,"chondrogen","N",5,"SERPINA3-KD",6,12
"ENSG00000206535",5.67300897770226,0.480639730639731,"chondrogen","N",5,"SERPINA3-KD",6,12
"ENSG00000206538",9.05270034488719,0.785634118967452,"chondrogen","N",5,"SERPINA3-KD",6,12
"ENSG00000206559",7.09845350489879,0.605499438832772,"chondrogen","N",5,"SERPINA3-KD",6,12
"ENSG00000211455",12.1281168450018,0.974186307519641,"chondrogen","N",5,"SERPINA3-KD",6,12
"ENSG00000212125",2.419508955876,0.186868686868687,"chondrogen","N",5,"SERPINA3-KD",6,12
"ENSG00000212127",5.62898368926988,0.47615039281706,"chondrogen","N",5,"SERPINA3-KD",6,12
"ENSG00000212664",1.61578505209223,0.0878226711560045,"chondrogen","N",5,"SERPINA3-KD",6,12
"ENSG00000212724",3.77073776393854,0.326599326599327,"chondrogen","N",5,"SERPINA3-KD",6,12
"ENSG00000212747",9.37839746727338,0.822109988776655,"chondrogen","N",5,"SERPINA3-KD",6,12
"ENSG00000212807",2.06974321390188,0.142536475869809,"chondrogen","N",5,"SERPINA3-KD",6,12
"ENSG00000212864",2.77050190627901,0.226430976430976,"chondrogen","N",5,"SERPINA3-KD",6,12
"ENSG00000212907",12.7186733097298,0.982884399551066,"chondrogen","N",5,"SERPINA3-KD",6,12
"ENSG00000212916",5.91085858467957,0.500841750841751,"chondrogen","N",5,"SERPINA3-KD",6,12
"ENSG00000212993",2.08668235440612,0.145342312008979,"chondrogen","N",5,"SERPINA3-KD",6,12
"ENSG00000213015",4.7304785089066,0.401515151515151,"chondrogen","N",5,"SERPINA3-KD",6,12
"ENSG00000213090",2.59409845851681,0.205387205387205,"chondrogen","N",5,"SERPINA3-KD",6,12
"ENSG00000213139",8.5936531479757,0.738776655443322,"chondrogen","N",5,"SERPINA3-KD",6,12
"ENSG00000213152",1.4086982484929,0.0648148148148148,"chondrogen","N",5,"SERPINA3-KD",6,12
"ENSG00000213185",4.9202191758094,0.416947250280584,"chondrogen","N",5,"SERPINA3-KD",6,12
"ENSG00000213186",9.24578822860984,0.808922558922559,"chondrogen","N",5,"SERPINA3-KD",6,12
"ENSG00000213190",11.056051356825,0.940796857463524,"chondrogen","N",5,"SERPINA3-KD",6,12
"ENSG00000213199",1.59826491442503,0.0864197530864197,"chondrogen","N",5,"SERPINA3-KD",6,12
"ENSG00000213214",5.64168179737236,0.478395061728395,"chondrogen","N",5,"SERPINA3-KD",6,12
"ENSG00000213215",1.27345537738646,0.0491021324354658,"chondrogen","N",5,"SERPINA3-KD",6,12
"ENSG00000213221",4.51763074553064,0.385521885521886,"chondrogen","N",5,"SERPINA3-KD",6,12
"ENSG00000213235",1.94531789763661,0.124017957351291,"chondrogen","N",5,"SERPINA3-KD",6,12
"ENSG00000213246",10.7422372899753,0.919191919191919,"chondrogen","N",5,"SERPINA3-KD",6,12
"ENSG00000213269",2.52915446790213,0.197811447811448,"chondrogen","N",5,"SERPINA3-KD",6,12
"ENSG00000213281",10.7848486754584,0.923400673400673,"chondrogen","N",5,"SERPINA3-KD",6,12
"ENSG00000213290",1.27660049614061,0.0502244668911336,"chondrogen","N",5,"SERPINA3-KD",6,12
"ENSG00000213316",2.54477772465709,0.200056116722783,"chondrogen","N",5,"SERPINA3-KD",6,12
"ENSG00000213337",7.23828091478282,0.618967452300786,"chondrogen","N",5,"SERPINA3-KD",6,12
"ENSG00000213339",8.33550152991146,0.716049382716049,"chondrogen","N",5,"SERPINA3-KD",6,12
"ENSG00000213385",2.10540971123114,0.149270482603816,"chondrogen","N",5,"SERPINA3-KD",6,12
"ENSG00000213398",4.97952749991137,0.420875420875421,"chondrogen","N",5,"SERPINA3-KD",6,12
"ENSG00000213420",2.79244767853023,0.229236812570146,"chondrogen","N",5,"SERPINA3-KD",6,12
"ENSG00000213431",1.20901365800721,0.042648709315376,"chondrogen","N",5,"SERPINA3-KD",6,12
"ENSG00000213442",1.8173132637109,0.11026936026936,"chondrogen","N",5,"SERPINA3-KD",6,12
"ENSG00000213462",7.61170614795809,0.655443322109989,"chondrogen","N",5,"SERPINA3-KD",6,12
"ENSG00000213463",9.75315164785789,0.854657687991021,"chondrogen","N",5,"SERPINA3-KD",6,12
"ENSG00000213465",10.8022441835417,0.924242424242424,"chondrogen","N",5,"SERPINA3-KD",6,12
"ENSG00000213551",8.67846039507154,0.748035914702581,"chondrogen","N",5,"SERPINA3-KD",6,12
"ENSG00000213553",3.38655115777698,0.289281705948373,"chondrogen","N",5,"SERPINA3-KD",6,12
"ENSG00000213563",3.30965538076837,0.282828282828283,"chondrogen","N",5,"SERPINA3-KD",6,12
"ENSG00000213588",7.58966666466455,0.654040404040404,"chondrogen","N",5,"SERPINA3-KD",6,12
"ENSG00000213613",2.59757552496052,0.206509539842873,"chondrogen","N",5,"SERPINA3-KD",6,12
"ENSG00000213625",12.5860098117363,0.981762065095398,"chondrogen","N",5,"SERPINA3-KD",6,12
"ENSG00000213638",1.53306523258535,0.0802469135802469,"chondrogen","N",5,"SERPINA3-KD",6,12
"ENSG00000213648",6.57951554397718,0.560044893378227,"chondrogen","N",5,"SERPINA3-KD",6,12
"ENSG00000213672",6.97228716436424,0.595398428731762,"chondrogen","N",5,"SERPINA3-KD",6,12
"ENSG00000213693",4.12477923747493,0.353535353535354,"chondrogen","N",5,"SERPINA3-KD",6,12
"ENSG00000213694",8.06117662685338,0.694725028058361,"chondrogen","N",5,"SERPINA3-KD",6,12
"ENSG00000213699",9.13549630769305,0.796015712682379,"chondrogen","N",5,"SERPINA3-KD",6,12
"ENSG00000213700",5.96939525273366,0.505331088664422,"chondrogen","N",5,"SERPINA3-KD",6,12
"ENSG00000213714",1.15881179417135,0.0375982042648709,"chondrogen","N",5,"SERPINA3-KD",6,12
"ENSG00000213719",13.0343619708733,0.98709315375982,"chondrogen","N",5,"SERPINA3-KD",6,12
"ENSG00000213757",2.70628836758903,0.219977553310887,"chondrogen","N",5,"SERPINA3-KD",6,12
"ENSG00000213781",1.60334798047038,0.0869809203142537,"chondrogen","N",5,"SERPINA3-KD",6,12
"ENSG00000213782",11.0863207249945,0.941638608305275,"chondrogen","N",5,"SERPINA3-KD",6,12
"ENSG00000213793",5.62703864333406,0.475308641975309,"chondrogen","N",5,"SERPINA3-KD",6,12
"ENSG00000213809",4.44691441317311,0.379910213243547,"chondrogen","N",5,"SERPINA3-KD",6,12
"ENSG00000213842",1.89759958115736,0.119248035914703,"chondrogen","N",5,"SERPINA3-KD",6,12
"ENSG00000213859",6.23266014823664,0.529741863075196,"chondrogen","N",5,"SERPINA3-KD",6,12
"ENSG00000213891",2.42804131364263,0.188271604938272,"chondrogen","N",5,"SERPINA3-KD",6,12
"ENSG00000213903",3.93220050146382,0.336700336700337,"chondrogen","N",5,"SERPINA3-KD",6,12
"ENSG00000213920",6.47206723362808,0.55050505050505,"chondrogen","N",5,"SERPINA3-KD",6,12
"ENSG00000213928",8.83247675611757,0.764870931537598,"chondrogen","N",5,"SERPINA3-KD",6,12
"ENSG00000213965",10.0564056765138,0.876543209876543,"chondrogen","N",5,"SERPINA3-KD",6,12
"ENSG00000213977",10.1864287536919,0.884680134680135,"chondrogen","N",5,"SERPINA3-KD",6,12
"ENSG00000214026",4.27015880935872,0.367283950617284,"chondrogen","N",5,"SERPINA3-KD",6,12
"ENSG00000214029",7.34680407471326,0.62962962962963,"chondrogen","N",5,"SERPINA3-KD",6,12
"ENSG00000214046",10.8127874210726,0.924803591470258,"chondrogen","N",5,"SERPINA3-KD",6,12
"ENSG00000214050",5.49535626630197,0.463804713804714,"chondrogen","N",5,"SERPINA3-KD",6,12
"ENSG00000214087",9.59791892292204,0.837542087542088,"chondrogen","N",5,"SERPINA3-KD",6,12
"ENSG00000214114",8.9452065615034,0.775533108866442,"chondrogen","N",5,"SERPINA3-KD",6,12
"ENSG00000214194",11.1075827206371,0.942480359147026,"chondrogen","N",5,"SERPINA3-KD",6,12
"ENSG00000214203",1.47946898469201,0.074635241301908,"chondrogen","N",5,"SERPINA3-KD",6,12
"ENSG00000214212",2.46184049348205,0.192199775533109,"chondrogen","N",5,"SERPINA3-KD",6,12
"ENSG00000214226",3.47026592462914,0.297418630751964,"chondrogen","N",5,"SERPINA3-KD",6,12
"ENSG00000214253",9.56283116978812,0.834455667789001,"chondrogen","N",5,"SERPINA3-KD",6,12
"ENSG00000214282",1.06265353292331,0.0305836139169472,"chondrogen","N",5,"SERPINA3-KD",6,12
"ENSG00000214300",3.75185223027384,0.324074074074074,"chondrogen","N",5,"SERPINA3-KD",6,12
"ENSG00000214309",1.34575428032888,0.0580808080808081,"chondrogen","N",5,"SERPINA3-KD",6,12
"ENSG00000214357",0.68310500181657,0.0115039281705948,"chondrogen","N",5,"SERPINA3-KD",6,12
"ENSG00000214376",2.25294933326624,0.167227833894501,"chondrogen","N",5,"SERPINA3-KD",6,12
"ENSG00000214389",2.86747234188848,0.237654320987654,"chondrogen","N",5,"SERPINA3-KD",6,12
"ENSG00000214391",1.78873221003295,0.107463524130191,"chondrogen","N",5,"SERPINA3-KD",6,12
"ENSG00000214413",9.09550046947112,0.79040404040404,"chondrogen","N",5,"SERPINA3-KD",6,12
"ENSG00000214435",3.51928547561245,0.301627384960718,"chondrogen","N",5,"SERPINA3-KD",6,12
"ENSG00000214447",2.4834483093473,0.195005611672278,"chondrogen","N",5,"SERPINA3-KD",6,12
"ENSG00000214456",2.23282137241589,0.164702581369248,"chondrogen","N",5,"SERPINA3-KD",6,12
"ENSG00000214485",2.67505969695442,0.216610549943883,"chondrogen","N",5,"SERPINA3-KD",6,12
"ENSG00000214491",3.68902225015982,0.318462401795735,"chondrogen","N",5,"SERPINA3-KD",6,12
"ENSG00000214629",1.53705031740727,0.0808080808080808,"chondrogen","N",5,"SERPINA3-KD",6,12
"ENSG00000214652",2.97119094921758,0.252244668911336,"chondrogen","N",5,"SERPINA3-KD",6,12
"ENSG00000214654",5.27866446517153,0.443322109988777,"chondrogen","N",5,"SERPINA3-KD",6,12
"ENSG00000214736",9.81975786198097,0.858024691358025,"chondrogen","N",5,"SERPINA3-KD",6,12
"ENSG00000214753",6.85234445500565,0.585578002244669,"chondrogen","N",5,"SERPINA3-KD",6,12
"ENSG00000214756",7.63276022332646,0.658249158249158,"chondrogen","N",5,"SERPINA3-KD",6,12
"ENSG00000214814",1.14092950857951,0.0356341189674523,"chondrogen","N",5,"SERPINA3-KD",6,12
"ENSG00000214842",1.30835143348944,0.0541526374859708,"chondrogen","N",5,"SERPINA3-KD",6,12
"ENSG00000214866",0.947075009909356,0.0241301907968575,"chondrogen","N",5,"SERPINA3-KD",6,12
"ENSG00000214940",2.42929027166519,0.188832772166106,"chondrogen","N",5,"SERPINA3-KD",6,12
"ENSG00000214941",8.21032573422388,0.703984287317621,"chondrogen","N",5,"SERPINA3-KD",6,12
"ENSG00000214954",10.6556258672407,0.912177328843995,"chondrogen","N",5,"SERPINA3-KD",6,12
"ENSG00000214967",5.83875304903477,0.493265993265993,"chondrogen","N",5,"SERPINA3-KD",6,12
"ENSG00000214988",0.600873892891725,0.00953984287317621,"chondrogen","N",5,"SERPINA3-KD",6,12
"ENSG00000215012",8.56512385894198,0.735970819304153,"chondrogen","N",5,"SERPINA3-KD",6,12
"ENSG00000215030",6.96467093129734,0.594837261503928,"chondrogen","N",5,"SERPINA3-KD",6,12
"ENSG00000215032",3.50702452347676,0.300785634118967,"chondrogen","N",5,"SERPINA3-KD",6,12
"ENSG00000215041",4.13452391413542,0.354657687991021,"chondrogen","N",5,"SERPINA3-KD",6,12
"ENSG00000215217",1.80964774815195,0.108866442199776,"chondrogen","N",5,"SERPINA3-KD",6,12
"ENSG00000215218",2.39580167521944,0.18294051627385,"chondrogen","N",5,"SERPINA3-KD",6,12
"ENSG00000215251",9.08286801961592,0.789281705948373,"chondrogen","N",5,"SERPINA3-KD",6,12
"ENSG00000215347",2.05499251414703,0.141133557800224,"chondrogen","N",5,"SERPINA3-KD",6,12
"ENSG00000215375",6.99337439976655,0.596801346801347,"chondrogen","N",5,"SERPINA3-KD",6,12
"ENSG00000215630",2.95948210682338,0.249438832772166,"chondrogen","N",5,"SERPINA3-KD",6,12
"ENSG00000215717",11.3176116874998,0.9503367003367,"chondrogen","N",5,"SERPINA3-KD",6,12
"ENSG00000215784",5.22782836776362,0.44023569023569,"chondrogen","N",5,"SERPINA3-KD",6,12
"ENSG00000215817",5.11662271887119,0.431818181818182,"chondrogen","N",5,"SERPINA3-KD",6,12
"ENSG00000215819",1.37684612161366,0.0606060606060606,"chondrogen","N",5,"SERPINA3-KD",6,12
"ENSG00000215895",3.63689731931536,0.314253647586981,"chondrogen","N",5,"SERPINA3-KD",6,12
"ENSG00000216480",1.78514948632804,0.10662177328844,"chondrogen","N",5,"SERPINA3-KD",6,12
"ENSG00000216490",8.61136985179487,0.740179573512907,"chondrogen","N",5,"SERPINA3-KD",6,12
"ENSG00000216901",1.89474748318904,0.118967452300786,"chondrogen","N",5,"SERPINA3-KD",6,12
"ENSG00000217165",5.31119587864225,0.446408529741863,"chondrogen","N",5,"SERPINA3-KD",6,12
"ENSG00000217442",1.18004041249776,0.0404040404040404,"chondrogen","N",5,"SERPINA3-KD",6,12
"ENSG00000217648",3.91569963829548,0.335016835016835,"chondrogen","N",5,"SERPINA3-KD",6,12
"ENSG00000217896",0.518660733412496,0.00757575757575758,"chondrogen","N",5,"SERPINA3-KD",6,12
"ENSG00000217930",7.82119721447808,0.672558922558923,"chondrogen","N",5,"SERPINA3-KD",6,12
"ENSG00000218305",2.001803483547,0.132154882154882,"chondrogen","N",5,"SERPINA3-KD",6,12
"ENSG00000218336",7.25099465664294,0.62037037037037,"chondrogen","N",5,"SERPINA3-KD",6,12
"ENSG00000218426",3.96674969671458,0.340347923681257,"chondrogen","N",5,"SERPINA3-KD",6,12
"ENSG00000218891",3.27755689855362,0.280022446689113,"chondrogen","N",5,"SERPINA3-KD",6,12
"ENSG00000219438",2.25828524241767,0.168630751964085,"chondrogen","N",5,"SERPINA3-KD",6,12
"ENSG00000219607",3.19555033056371,0.272727272727273,"chondrogen","N",5,"SERPINA3-KD",6,12
"ENSG00000219626",8.46265275531707,0.727833894500561,"chondrogen","N",5,"SERPINA3-KD",6,12
"ENSG00000219642",1.01428745388907,0.0269360269360269,"chondrogen","N",5,"SERPINA3-KD",6,12
"ENSG00000219712",2.25347477565428,0.167508417508417,"chondrogen","N",5,"SERPINA3-KD",6,12
"ENSG00000219755",4.38774504427439,0.37682379349046,"chondrogen","N",5,"SERPINA3-KD",6,12
"ENSG00000220201",3.28940116707828,0.281144781144781,"chondrogen","N",5,"SERPINA3-KD",6,12
"ENSG00000220749",1.42547015095832,0.069023569023569,"chondrogen","N",5,"SERPINA3-KD",6,12
"ENSG00000220793",2.49167540558605,0.195566778900112,"chondrogen","N",5,"SERPINA3-KD",6,12
"ENSG00000220842",11.6797789816281,0.959315375982043,"chondrogen","N",5,"SERPINA3-KD",6,12
"ENSG00000221818",2.81525873513871,0.231200897867565,"chondrogen","N",5,"SERPINA3-KD",6,12
"ENSG00000221821",5.37749189995468,0.455106621773288,"chondrogen","N",5,"SERPINA3-KD",6,12
"ENSG00000221836",2.63249756021445,0.211560044893378,"chondrogen","N",5,"SERPINA3-KD",6,12
"ENSG00000221843",2.79414895126912,0.22979797979798,"chondrogen","N",5,"SERPINA3-KD",6,12
"ENSG00000221852",3.67350256216971,0.317340067340067,"chondrogen","N",5,"SERPINA3-KD",6,12
"ENSG00000221869",6.85231688551805,0.585297418630752,"chondrogen","N",5,"SERPINA3-KD",6,12
"ENSG00000221874",2.1270747823994,0.152637485970819,"chondrogen","N",5,"SERPINA3-KD",6,12
"ENSG00000221882",2.06749795267758,0.142255892255892,"chondrogen","N",5,"SERPINA3-KD",6,12
"ENSG00000221886",7.40609095204796,0.635241301907969,"chondrogen","N",5,"SERPINA3-KD",6,12
"ENSG00000221890",4.1095569939921,0.352413019079686,"chondrogen","N",5,"SERPINA3-KD",6,12
"ENSG00000221909",7.98891216022979,0.688832772166106,"chondrogen","N",5,"SERPINA3-KD",6,12
"ENSG00000221916",2.58790047364884,0.204264870931538,"chondrogen","N",5,"SERPINA3-KD",6,12
"ENSG00000221923",9.166712422767,0.798821548821549,"chondrogen","N",5,"SERPINA3-KD",6,12
"ENSG00000221944",7.59596579789863,0.654601571268238,"chondrogen","N",5,"SERPINA3-KD",6,12
"ENSG00000221947",6.39438894794871,0.545173961840628,"chondrogen","N",5,"SERPINA3-KD",6,12
"ENSG00000221963",7.54128157563077,0.649270482603816,"chondrogen","N",5,"SERPINA3-KD",6,12
"ENSG00000221968",7.03693004943592,0.601571268237935,"chondrogen","N",5,"SERPINA3-KD",6,12
"ENSG00000221970",2.22985472946745,0.163860830527497,"chondrogen","N",5,"SERPINA3-KD",6,12
"ENSG00000221971",1.34929491970652,0.058641975308642,"chondrogen","N",5,"SERPINA3-KD",6,12
"ENSG00000221983",12.1017579932834,0.972783389450056,"chondrogen","N",5,"SERPINA3-KD",6,12
"ENSG00000222009",6.62525446994575,0.563692480359147,"chondrogen","N",5,"SERPINA3-KD",6,12
"ENSG00000222011",7.46432880165406,0.640852974186307,"chondrogen","N",5,"SERPINA3-KD",6,12
"ENSG00000222014",2.292546255932,0.172558922558923,"chondrogen","N",5,"SERPINA3-KD",6,12
"ENSG00000222036",4.84048256993478,0.409371492704826,"chondrogen","N",5,"SERPINA3-KD",6,12
"ENSG00000223459",4.33736605174382,0.372615039281706,"chondrogen","N",5,"SERPINA3-KD",6,12
"ENSG00000223496",8.62639807723411,0.741021324354658,"chondrogen","N",5,"SERPINA3-KD",6,12
"ENSG00000223501",9.36837465762206,0.821268237934905,"chondrogen","N",5,"SERPINA3-KD",6,12
"ENSG00000223529",2.47244186894135,0.193322109988777,"chondrogen","N",5,"SERPINA3-KD",6,12
"ENSG00000223551",9.41348288396797,0.823793490460157,"chondrogen","N",5,"SERPINA3-KD",6,12
"ENSG00000223566",1.81506075075551,0.109708193041526,"chondrogen","N",5,"SERPINA3-KD",6,12
"ENSG00000223573",3.11707108889548,0.264309764309764,"chondrogen","N",5,"SERPINA3-KD",6,12
"ENSG00000223584",1.8773003695756,0.115881032547699,"chondrogen","N",5,"SERPINA3-KD",6,12
"ENSG00000223658",4.77323245580902,0.405723905723906,"chondrogen","N",5,"SERPINA3-KD",6,12
"ENSG00000223668",1.33624121725981,0.0566778900112233,"chondrogen","N",5,"SERPINA3-KD",6,12
"ENSG00000223802",2.41612541505672,0.186026936026936,"chondrogen","N",5,"SERPINA3-KD",6,12
"ENSG00000223886",3.10452434176921,0.26290684624018,"chondrogen","N",5,"SERPINA3-KD",6,12
"ENSG00000223953",4.28164775631236,0.367564534231201,"chondrogen","N",5,"SERPINA3-KD",6,12
"ENSG00000224051",3.99660078676518,0.341470258136925,"chondrogen","N",5,"SERPINA3-KD",6,12
"ENSG00000224058",7.77912935259503,0.668630751964085,"chondrogen","N",5,"SERPINA3-KD",6,12
"ENSG00000224114",4.24633421797878,0.365319865319865,"chondrogen","N",5,"SERPINA3-KD",6,12
"ENSG00000224163",3.45405711671531,0.295173961840628,"chondrogen","N",5,"SERPINA3-KD",6,12
"ENSG00000224261",2.82266899031274,0.232884399551066,"chondrogen","N",5,"SERPINA3-KD",6,12
"ENSG00000224299",1.22665582342764,0.0448933782267116,"chondrogen","N",5,"SERPINA3-KD",6,12
"ENSG00000224383",2.2507479294502,0.166666666666667,"chondrogen","N",5,"SERPINA3-KD",6,12
"ENSG00000224389",5.29685654542625,0.445005611672278,"chondrogen","N",5,"SERPINA3-KD",6,12
"ENSG00000224451",1.30913918712407,0.0544332210998878,"chondrogen","N",5,"SERPINA3-KD",6,12
"ENSG00000224470",7.41281439547201,0.636083052749719,"chondrogen","N",5,"SERPINA3-KD",6,12
"ENSG00000224488",1.17142833623255,0.0384399551066218,"chondrogen","N",5,"SERPINA3-KD",6,12
"ENSG00000224531",6.10499901802207,0.517676767676768,"chondrogen","N",5,"SERPINA3-KD",6,12
"ENSG00000224598",1.52551502363224,0.0788439955106622,"chondrogen","N",5,"SERPINA3-KD",6,12
"ENSG00000224831",6.11905370174208,0.519640852974186,"chondrogen","N",5,"SERPINA3-KD",6,12
"ENSG00000224877",8.2750888297817,0.709034792368126,"chondrogen","N",5,"SERPINA3-KD",6,12
"ENSG00000224892",1.4801055206654,0.0754769921436588,"chondrogen","N",5,"SERPINA3-KD",6,12
"ENSG00000224895",0.788464077144439,0.0151515151515152,"chondrogen","N",5,"SERPINA3-KD",6,12
"ENSG00000224976",3.27162190847794,0.279180695847362,"chondrogen","N",5,"SERPINA3-KD",6,12
"ENSG00000224982",7.48115612991412,0.642817059483726,"chondrogen","N",5,"SERPINA3-KD",6,12
"ENSG00000225093",3.20178959273159,0.273288439955107,"chondrogen","N",5,"SERPINA3-KD",6,12
"ENSG00000225131",2.1421344817942,0.154601571268238,"chondrogen","N",5,"SERPINA3-KD",6,12
"ENSG00000225159",2.32838731931824,0.17648709315376,"chondrogen","N",5,"SERPINA3-KD",6,12
"ENSG00000225217",2.10084478965014,0.148428731762065,"chondrogen","N",5,"SERPINA3-KD",6,12
"ENSG00000225224",2.53886256089097,0.198653198653199,"chondrogen","N",5,"SERPINA3-KD",6,12
"ENSG00000225423",3.14382675786616,0.267396184062851,"chondrogen","N",5,"SERPINA3-KD",6,12
"ENSG00000225526",2.59746799658017,0.206228956228956,"chondrogen","N",5,"SERPINA3-KD",6,12
"ENSG00000225528",1.44245890485454,0.0704264870931538,"chondrogen","N",5,"SERPINA3-KD",6,12
"ENSG00000225569",2.95277192092531,0.248597081930415,"chondrogen","N",5,"SERPINA3-KD",6,12
"ENSG00000225614",4.01206336414923,0.343153759820427,"chondrogen","N",5,"SERPINA3-KD",6,12
"ENSG00000225630",9.1878883731157,0.801346801346801,"chondrogen","N",5,"SERPINA3-KD",6,12
"ENSG00000225663",8.89954446714044,0.770763187429854,"chondrogen","N",5,"SERPINA3-KD",6,12
"ENSG00000225828",3.65435443749898,0.315375982042649,"chondrogen","N",5,"SERPINA3-KD",6,12
"ENSG00000225921",11.0163502609713,0.937149270482604,"chondrogen","N",5,"SERPINA3-KD",6,12
"ENSG00000225972",5.65932840664434,0.480078563411897,"chondrogen","N",5,"SERPINA3-KD",6,12
"ENSG00000225973",7.27765265647439,0.621773288439955,"chondrogen","N",5,"SERPINA3-KD",6,12
"ENSG00000226015",3.22006618773918,0.275813692480359,"chondrogen","N",5,"SERPINA3-KD",6,12
"ENSG00000226086",0.331502461269771,0.00420875420875421,"chondrogen","N",5,"SERPINA3-KD",6,12
"ENSG00000226210",6.665633648497,0.56705948372615,"chondrogen","N",5,"SERPINA3-KD",6,12
"ENSG00000226221",1.54474295340715,0.0813692480359147,"chondrogen","N",5,"SERPINA3-KD",6,12
"ENSG00000226232",2.28054065454275,0.171156004489338,"chondrogen","N",5,"SERPINA3-KD",6,12
"ENSG00000226278",7.32844892729134,0.627946127946128,"chondrogen","N",5,"SERPINA3-KD",6,12
"ENSG00000226314",4.47496254057774,0.382435465768799,"chondrogen","N",5,"SERPINA3-KD",6,12
"ENSG00000226318",1.04984270890306,0.0294612794612795,"chondrogen","N",5,"SERPINA3-KD",6,12
"ENSG00000226413",0.96897448578963,0.0255331088664422,"chondrogen","N",5,"SERPINA3-KD",6,12
"ENSG00000226469",1.65552480577015,0.0917508417508417,"chondrogen","N",5,"SERPINA3-KD",6,12
"ENSG00000226479",7.44969927919316,0.640011223344557,"chondrogen","N",5,"SERPINA3-KD",6,12
"ENSG00000226498",2.42059480613123,0.187429854096521,"chondrogen","N",5,"SERPINA3-KD",6,12
"ENSG00000226624",1.23948070381546,0.0454545454545455,"chondrogen","N",5,"SERPINA3-KD",6,12
"ENSG00000226690",2.08298910480368,0.145061728395062,"chondrogen","N",5,"SERPINA3-KD",6,12
"ENSG00000226742",7.4797599760745,0.642255892255892,"chondrogen","N",5,"SERPINA3-KD",6,12
"ENSG00000226763",1.38501777206523,0.0617283950617284,"chondrogen","N",5,"SERPINA3-KD",6,12
"ENSG00000226784",3.79164392002455,0.328002244668911,"chondrogen","N",5,"SERPINA3-KD",6,12
"ENSG00000226887",3.2138919264431,0.274971941638608,"chondrogen","N",5,"SERPINA3-KD",6,12
"ENSG00000227051",10.0311121843799,0.874298540965208,"chondrogen","N",5,"SERPINA3-KD",6,12
"ENSG00000227267",1.12206670725866,0.0347923681257015,"chondrogen","N",5,"SERPINA3-KD",6,12
"ENSG00000227268",6.00618090168713,0.507575757575758,"chondrogen","N",5,"SERPINA3-KD",6,12
"ENSG00000227345",9.56456357429739,0.834736251402918,"chondrogen","N",5,"SERPINA3-KD",6,12
"ENSG00000227471",6.79977853608049,0.578002244668911,"chondrogen","N",5,"SERPINA3-KD",6,12
"ENSG00000227525",2.87012944635972,0.238215488215488,"chondrogen","N",5,"SERPINA3-KD",6,12
"ENSG00000227560",2.55731611736365,0.201459034792368,"chondrogen","N",5,"SERPINA3-KD",6,12
"ENSG00000227877",1.91427744042324,0.121492704826038,"chondrogen","N",5,"SERPINA3-KD",6,12
"ENSG00000227939",1.70775195422798,0.0982042648709315,"chondrogen","N",5,"SERPINA3-KD",6,12
"ENSG00000228049",6.02871969809,0.509820426487093,"chondrogen","N",5,"SERPINA3-KD",6,12
"ENSG00000228057",2.81058932682836,0.230920314253648,"chondrogen","N",5,"SERPINA3-KD",6,12
"ENSG00000228071",2.28954424635118,0.172278338945006,"chondrogen","N",5,"SERPINA3-KD",6,12
"ENSG00000228166",1.21370748352355,0.0432098765432099,"chondrogen","N",5,"SERPINA3-KD",6,12
"ENSG00000228198",6.69756589557261,0.569584736251403,"chondrogen","N",5,"SERPINA3-KD",6,12
"ENSG00000228219",0.817096955170225,0.0165544332210999,"chondrogen","N",5,"SERPINA3-KD",6,12
"ENSG00000228253",9.64446594703341,0.842312008978676,"chondrogen","N",5,"SERPINA3-KD",6,12
"ENSG00000228278",2.36083938091032,0.179292929292929,"chondrogen","N",5,"SERPINA3-KD",6,12
"ENSG00000228336",3.6365426620165,0.313973063973064,"chondrogen","N",5,"SERPINA3-KD",6,12
"ENSG00000228349",1.28534371227965,0.0513468013468013,"chondrogen","N",5,"SERPINA3-KD",6,12
"ENSG00000228474",12.4944514310995,0.980359147025814,"chondrogen","N",5,"SERPINA3-KD",6,12
"ENSG00000228513",1.91084381986938,0.12037037037037,"chondrogen","N",5,"SERPINA3-KD",6,12
"ENSG00000228594",2.04893119257166,0.140291806958474,"chondrogen","N",5,"SERPINA3-KD",6,12
"ENSG00000228599",1.05392192462685,0.0303030303030303,"chondrogen","N",5,"SERPINA3-KD",6,12
"ENSG00000228653",2.12074183039699,0.150392817059484,"chondrogen","N",5,"SERPINA3-KD",6,12
"ENSG00000228716",7.22377609446073,0.617283950617284,"chondrogen","N",5,"SERPINA3-KD",6,12
"ENSG00000228729",2.74155469635371,0.222783389450056,"chondrogen","N",5,"SERPINA3-KD",6,12
"ENSG00000228828",2.22886394345826,0.16358024691358,"chondrogen","N",5,"SERPINA3-KD",6,12
"ENSG00000229022",1.31291342888504,0.0549943883277217,"chondrogen","N",5,"SERPINA3-KD",6,12
"ENSG00000229091",1.94616561027889,0.124298540965208,"chondrogen","N",5,"SERPINA3-KD",6,12
"ENSG00000229117",13.9274111385533,0.994388327721661,"chondrogen","N",5,"SERPINA3-KD",6,12
"ENSG00000229132",2.86368958070539,0.237373737373737,"chondrogen","N",5,"SERPINA3-KD",6,12
"ENSG00000229314",5.3291480498196,0.448933782267116,"chondrogen","N",5,"SERPINA3-KD",6,12
"ENSG00000229320",4.15272513682919,0.357744107744108,"chondrogen","N",5,"SERPINA3-KD",6,12
"ENSG00000229344",5.16824677944816,0.435465768799102,"chondrogen","N",5,"SERPINA3-KD",6,12
"ENSG00000229419",3.94898499736564,0.338383838383838,"chondrogen","N",5,"SERPINA3-KD",6,12
"ENSG00000229456",2.5064831610518,0.19668911335578,"chondrogen","N",5,"SERPINA3-KD",6,12
"ENSG00000229474",3.55902039099196,0.307519640852974,"chondrogen","N",5,"SERPINA3-KD",6,12
"ENSG00000229638",2.79057002519382,0.228675645342312,"chondrogen","N",5,"SERPINA3-KD",6,12
"ENSG00000229644",6.33587693160068,0.540123456790123,"chondrogen","N",5,"SERPINA3-KD",6,12
"ENSG00000229659",1.47800683544403,0.074354657687991,"chondrogen","N",5,"SERPINA3-KD",6,12
"ENSG00000229676",2.05745112147,0.141414141414141,"chondrogen","N",5,"SERPINA3-KD",6,12
"ENSG00000229677",1.41305607461786,0.0653759820426487,"chondrogen","N",5,"SERPINA3-KD",6,12
"ENSG00000229689",2.06716926134579,0.141975308641975,"chondrogen","N",5,"SERPINA3-KD",6,12
"ENSG00000229809",6.82353429828058,0.580527497194164,"chondrogen","N",5,"SERPINA3-KD",6,12
"ENSG00000229817",2.99594425542682,0.254489337822671,"chondrogen","N",5,"SERPINA3-KD",6,12
"ENSG00000229870",0.809602666055606,0.0162738496071829,"chondrogen","N",5,"SERPINA3-KD",6,12
"ENSG00000229994",2.4136497860733,0.185746352413019,"chondrogen","N",5,"SERPINA3-KD",6,12
"ENSG00000230042",2.97114980991739,0.251964085297419,"chondrogen","N",5,"SERPINA3-KD",6,12
"ENSG00000230071",2.36403825809323,0.179854096520763,"chondrogen","N",5,"SERPINA3-KD",6,12
"ENSG00000230124",9.26531619370839,0.810325476992144,"chondrogen","N",5,"SERPINA3-KD",6,12
"ENSG00000230383",2.55840537017765,0.201739618406285,"chondrogen","N",5,"SERPINA3-KD",6,12
"ENSG00000230519",1.02106817409052,0.0274971941638608,"chondrogen","N",5,"SERPINA3-KD",6,12
"ENSG00000230581",1.98943940013667,0.12962962962963,"chondrogen","N",5,"SERPINA3-KD",6,12
"ENSG00000230772",1.34175016796384,0.0575196408529742,"chondrogen","N",5,"SERPINA3-KD",6,12
"ENSG00000230795",3.88735989871036,0.332491582491583,"chondrogen","N",5,"SERPINA3-KD",6,12
"ENSG00000230797",6.1522859485637,0.522446689113356,"chondrogen","N",5,"SERPINA3-KD",6,12
"ENSG00000230873",2.01708808024238,0.134399551066218,"chondrogen","N",5,"SERPINA3-KD",6,12
"ENSG00000230979",2.17561185276664,0.15712682379349,"chondrogen","N",5,"SERPINA3-KD",6,12
"ENSG00000230987",7.9202256767027,0.682098765432099,"chondrogen","N",5,"SERPINA3-KD",6,12
"ENSG00000230989",12.7350830215858,0.983164983164983,"chondrogen","N",5,"SERPINA3-KD",6,12
"ENSG00000231006",3.92374936102601,0.335858585858586,"chondrogen","N",5,"SERPINA3-KD",6,12
"ENSG00000231007",3.16965203389209,0.270763187429854,"chondrogen","N",5,"SERPINA3-KD",6,12
"ENSG00000231035",2.01140229469276,0.133557800224467,"chondrogen","N",5,"SERPINA3-KD",6,12
"ENSG00000231063",1.98595942560699,0.129349046015713,"chondrogen","N",5,"SERPINA3-KD",6,12
"ENSG00000231256",2.34686843400641,0.178451178451178,"chondrogen","N",5,"SERPINA3-KD",6,12
"ENSG00000231317",2.34595997917207,0.178170594837261,"chondrogen","N",5,"SERPINA3-KD",6,12
"ENSG00000231333",2.65259757015557,0.214365881032548,"chondrogen","N",5,"SERPINA3-KD",6,12
"ENSG00000231389",7.9468456940482,0.684062850729517,"chondrogen","N",5,"SERPINA3-KD",6,12
"ENSG00000231500",13.9058641358445,0.994107744107744,"chondrogen","N",5,"SERPINA3-KD",6,12
"ENSG00000231701",0.589296602454374,0.00869809203142537,"chondrogen","N",5,"SERPINA3-KD",6,12
"ENSG00000231887",6.3894885376755,0.544332210998878,"chondrogen","N",5,"SERPINA3-KD",6,12
"ENSG00000232040",4.13954280871369,0.355780022446689,"chondrogen","N",5,"SERPINA3-KD",6,12
"ENSG00000232070",2.54149849638239,0.19949494949495,"chondrogen","N",5,"SERPINA3-KD",6,12
"ENSG00000232112",11.9312802019041,0.967732884399551,"chondrogen","N",5,"SERPINA3-KD",6,12
"ENSG00000232119",8.2611044454949,0.708193041526375,"chondrogen","N",5,"SERPINA3-KD",6,12
"ENSG00000232149",2.63893095026924,0.212962962962963,"chondrogen","N",5,"SERPINA3-KD",6,12
"ENSG00000232177",4.99525514705172,0.423120089786756,"chondrogen","N",5,"SERPINA3-KD",6,12
"ENSG00000232186",3.91394176927413,0.334736251402918,"chondrogen","N",5,"SERPINA3-KD",6,12
"ENSG00000232268",3.15170743086505,0.268518518518519,"chondrogen","N",5,"SERPINA3-KD",6,12
"ENSG00000232282",0.573288616683249,0.00841750841750842,"chondrogen","N",5,"SERPINA3-KD",6,12
"ENSG00000232388",9.56119560827867,0.834175084175084,"chondrogen","N",5,"SERPINA3-KD",6,12
"ENSG00000232434",5.95580585261853,0.504208754208754,"chondrogen","N",5,"SERPINA3-KD",6,12
"ENSG00000232439",1.15038615607825,0.0361952861952862,"chondrogen","N",5,"SERPINA3-KD",6,12
"ENSG00000232450",3.4675264521685,0.29685746352413,"chondrogen","N",5,"SERPINA3-KD",6,12
"ENSG00000232517",2.78194281166504,0.227553310886644,"chondrogen","N",5,"SERPINA3-KD",6,12
"ENSG00000232573",4.74758854946287,0.403198653198653,"chondrogen","N",5,"SERPINA3-KD",6,12
"ENSG00000232587",4.64848392986356,0.395061728395062,"chondrogen","N",5,"SERPINA3-KD",6,12
"ENSG00000232593",7.56546120688352,0.651234567901235,"chondrogen","N",5,"SERPINA3-KD",6,12
"ENSG00000232626",2.11604263201776,0.150112233445567,"chondrogen","N",5,"SERPINA3-KD",6,12
"ENSG00000232629",1.41689104899747,0.0670594837261504,"chondrogen","N",5,"SERPINA3-KD",6,12
"ENSG00000232653",5.16697039359607,0.435185185185185,"chondrogen","N",5,"SERPINA3-KD",6,12
"ENSG00000232716",1.37837758893475,0.0608866442199776,"chondrogen","N",5,"SERPINA3-KD",6,12
"ENSG00000232818",3.8481906206012,0.330808080808081,"chondrogen","N",5,"SERPINA3-KD",6,12
"ENSG00000232838",7.85877314766233,0.675925925925926,"chondrogen","N",5,"SERPINA3-KD",6,12
"ENSG00000233024",7.57802854539688,0.653198653198653,"chondrogen","N",5,"SERPINA3-KD",6,12
"ENSG00000233057",2.91047624027428,0.242985409652076,"chondrogen","N",5,"SERPINA3-KD",6,12
"ENSG00000233087",2.37161266190767,0.180415263748597,"chondrogen","N",5,"SERPINA3-KD",6,12
"ENSG00000233276",10.8448542581582,0.927048260381594,"chondrogen","N",5,"SERPINA3-KD",6,12
"ENSG00000233388",2.20223531192664,0.162177328843996,"chondrogen","N",5,"SERPINA3-KD",6,12
"ENSG00000233426",4.13702303957978,0.355218855218855,"chondrogen","N",5,"SERPINA3-KD",6,12
"ENSG00000233436",1.39038170710093,0.0628507295173962,"chondrogen","N",5,"SERPINA3-KD",6,12
"ENSG00000233471",1.70689173514002,0.0979236812570146,"chondrogen","N",5,"SERPINA3-KD",6,12
"ENSG00000233560",1.70079842169916,0.0968013468013468,"chondrogen","N",5,"SERPINA3-KD",6,12
"ENSG00000233579",2.09930338135038,0.148148148148148,"chondrogen","N",5,"SERPINA3-KD",6,12
"ENSG00000233608",6.2070429139614,0.527497194163861,"chondrogen","N",5,"SERPINA3-KD",6,12
"ENSG00000233671",2.62948330706177,0.211279461279461,"chondrogen","N",5,"SERPINA3-KD",6,12
"ENSG00000233690",1.19239298202904,0.0418069584736251,"chondrogen","N",5,"SERPINA3-KD",6,12
"ENSG00000233719",4.29361932630198,0.368967452300786,"chondrogen","N",5,"SERPINA3-KD",6,12
"ENSG00000233750",5.21963299518654,0.439393939393939,"chondrogen","N",5,"SERPINA3-KD",6,12
"ENSG00000233757",2.01941159543095,0.135241301907969,"chondrogen","N",5,"SERPINA3-KD",6,12
"ENSG00000233822",6.83366623733471,0.582772166105499,"chondrogen","N",5,"SERPINA3-KD",6,12
"ENSG00000233873",3.26167742743798,0.278058361391695,"chondrogen","N",5,"SERPINA3-KD",6,12
"ENSG00000233913",6.80025004813178,0.578282828282828,"chondrogen","N",5,"SERPINA3-KD",6,12
"ENSG00000233927",10.5805463308784,0.908529741863075,"chondrogen","N",5,"SERPINA3-KD",6,12
"ENSG00000233954",7.60556118825732,0.654882154882155,"chondrogen","N",5,"SERPINA3-KD",6,12
"ENSG00000233994",3.13628218661889,0.2665544332211,"chondrogen","N",5,"SERPINA3-KD",6,12
"ENSG00000234031",1.94105680078517,0.123737373737374,"chondrogen","N",5,"SERPINA3-KD",6,12
"ENSG00000234040",2.40678238812885,0.184904601571268,"chondrogen","N",5,"SERPINA3-KD",6,12
"ENSG00000234106",5.64575803826965,0.479236812570146,"chondrogen","N",5,"SERPINA3-KD",6,12
"ENSG00000234127",6.99563971412398,0.597643097643098,"chondrogen","N",5,"SERPINA3-KD",6,12
"ENSG00000234176",1.67613074832386,0.0939955106621773,"chondrogen","N",5,"SERPINA3-KD",6,12
"ENSG00000234253",2.28192105383823,0.171436588103255,"chondrogen","N",5,"SERPINA3-KD",6,12
"ENSG00000234284",6.7489064360832,0.574074074074074,"chondrogen","N",5,"SERPINA3-KD",6,12
"ENSG00000234329",3.33984540617299,0.285914702581369,"chondrogen","N",5,"SERPINA3-KD",6,12
"ENSG00000234498",1.89154698274944,0.118125701459035,"chondrogen","N",5,"SERPINA3-KD",6,12
"ENSG00000234545",9.71643371247501,0.849326599326599,"chondrogen","N",5,"SERPINA3-KD",6,12
"ENSG00000234616",6.81373614038525,0.579405162738496,"chondrogen","N",5,"SERPINA3-KD",6,12
"ENSG00000234719",4.84853455716152,0.410493827160494,"chondrogen","N",5,"SERPINA3-KD",6,12
"ENSG00000234785",1.89468487180792,0.118686868686869,"chondrogen","N",5,"SERPINA3-KD",6,12
"ENSG00000234797",2.60787098618102,0.208193041526375,"chondrogen","N",5,"SERPINA3-KD",6,12
"ENSG00000234828",2.13719886497526,0.153759820426487,"chondrogen","N",5,"SERPINA3-KD",6,12
"ENSG00000234842",1.91097696384552,0.120650953984287,"chondrogen","N",5,"SERPINA3-KD",6,12
"ENSG00000234851",0.911169336038051,0.0202020202020202,"chondrogen","N",5,"SERPINA3-KD",6,12
"ENSG00000234857",1.08273639995188,0.0322671156004489,"chondrogen","N",5,"SERPINA3-KD",6,12
"ENSG00000234882",2.99956966643686,0.254769921436588,"chondrogen","N",5,"SERPINA3-KD",6,12
"ENSG00000234975",3.16689638419437,0.27020202020202,"chondrogen","N",5,"SERPINA3-KD",6,12
"ENSG00000235001",3.01026371116271,0.256172839506173,"chondrogen","N",5,"SERPINA3-KD",6,12
"ENSG00000235098",2.77753516404437,0.226711560044893,"chondrogen","N",5,"SERPINA3-KD",6,12
"ENSG00000235109",5.06826190016955,0.427890011223345,"chondrogen","N",5,"SERPINA3-KD",6,12
"ENSG00000235162",8.31330962984065,0.71324354657688,"chondrogen","N",5,"SERPINA3-KD",6,12
"ENSG00000235173",4.74440350597204,0.402637485970819,"chondrogen","N",5,"SERPINA3-KD",6,12
"ENSG00000235194",6.38981879544694,0.544612794612795,"chondrogen","N",5,"SERPINA3-KD",6,12
"ENSG00000235241",3.51913731058126,0.301346801346801,"chondrogen","N",5,"SERPINA3-KD",6,12
"ENSG00000235272",6.66890113139775,0.567901234567901,"chondrogen","N",5,"SERPINA3-KD",6,12
"ENSG00000235299",1.61009335226574,0.0872615039281706,"chondrogen","N",5,"SERPINA3-KD",6,12
"ENSG00000235387",2.9611452464355,0.250280583613917,"chondrogen","N",5,"SERPINA3-KD",6,12
"ENSG00000235400",4.06225105019473,0.347362514029181,"chondrogen","N",5,"SERPINA3-KD",6,12
"ENSG00000235613",2.62817968153662,0.210718294051627,"chondrogen","N",5,"SERPINA3-KD",6,12
"ENSG00000235649",2.37503062766418,0.180695847362514,"chondrogen","N",5,"SERPINA3-KD",6,12
"ENSG00000235863",4.85590572651448,0.411335578002245,"chondrogen","N",5,"SERPINA3-KD",6,12
"ENSG00000235961",1.29813464952876,0.0527497194163861,"chondrogen","N",5,"SERPINA3-KD",6,12
"ENSG00000236032",3.28516781389121,0.280583613916947,"chondrogen","N",5,"SERPINA3-KD",6,12
"ENSG00000236047",2.55076265462539,0.200897867564534,"chondrogen","N",5,"SERPINA3-KD",6,12
"ENSG00000236104",5.30305361455603,0.445847362514029,"chondrogen","N",5,"SERPINA3-KD",6,12
"ENSG00000236287",9.7201109452869,0.849887766554433,"chondrogen","N",5,"SERPINA3-KD",6,12
"ENSG00000236320",2.12517631807521,0.152356902356902,"chondrogen","N",5,"SERPINA3-KD",6,12
"ENSG00000236383",4.07387957696914,0.348765432098765,"chondrogen","N",5,"SERPINA3-KD",6,12
"ENSG00000236444",4.24349662411099,0.365039281705948,"chondrogen","N",5,"SERPINA3-KD",6,12
"ENSG00000236496",2.59966890801039,0.20679012345679,"chondrogen","N",5,"SERPINA3-KD",6,12
"ENSG00000236523",4.28850245407038,0.368686868686869,"chondrogen","N",5,"SERPINA3-KD",6,12
"ENSG00000236552",2.76657545412422,0.226150392817059,"chondrogen","N",5,"SERPINA3-KD",6,12
"ENSG00000236564",2.07132264201944,0.143097643097643,"chondrogen","N",5,"SERPINA3-KD",6,12
"ENSG00000236670",1.42030267155466,0.0681818181818182,"chondrogen","N",5,"SERPINA3-KD",6,12
"ENSG00000236675",3.69223030257799,0.318742985409652,"chondrogen","N",5,"SERPINA3-KD",6,12
"ENSG00000236699",3.89978621019681,0.333333333333333,"chondrogen","N",5,"SERPINA3-KD",6,12
"ENSG00000236776",2.12922862962131,0.152918069584736,"chondrogen","N",5,"SERPINA3-KD",6,12
"ENSG00000236782",6.63908126695728,0.565095398428732,"chondrogen","N",5,"SERPINA3-KD",6,12
"ENSG00000236804",1.51955984123582,0.0785634118967452,"chondrogen","N",5,"SERPINA3-KD",6,12
"ENSG00000236809",1.34744114607975,0.058361391694725,"chondrogen","N",5,"SERPINA3-KD",6,12
"ENSG00000237007",0.597515694271392,0.00925925925925926,"chondrogen","N",5,"SERPINA3-KD",6,12
"ENSG00000237115",1.56694169210985,0.0847362514029181,"chondrogen","N",5,"SERPINA3-KD",6,12
"ENSG00000237135",2.25118502901065,0.166947250280584,"chondrogen","N",5,"SERPINA3-KD",6,12
"ENSG00000237172",6.59573940167745,0.561728395061728,"chondrogen","N",5,"SERPINA3-KD",6,12
"ENSG00000237190",8.71955897770399,0.750841750841751,"chondrogen","N",5,"SERPINA3-KD",6,12
"ENSG00000237406",4.66285478950396,0.396184062850729,"chondrogen","N",5,"SERPINA3-KD",6,12
"ENSG00000237440",6.82460995064421,0.580808080808081,"chondrogen","N",5,"SERPINA3-KD",6,12
"ENSG00000237483",2.15464839557317,0.155723905723906,"chondrogen","N",5,"SERPINA3-KD",6,12
"ENSG00000237489",5.31500233167748,0.447250280583614,"chondrogen","N",5,"SERPINA3-KD",6,12
"ENSG00000237624",2.29657963897548,0.172839506172839,"chondrogen","N",5,"SERPINA3-KD",6,12
"ENSG00000237649",5.88399909695173,0.499158249158249,"chondrogen","N",5,"SERPINA3-KD",6,12
"ENSG00000237651",9.09632893898802,0.790684624017957,"chondrogen","N",5,"SERPINA3-KD",6,12
"ENSG00000237693",1.21915942387665,0.0437710437710438,"chondrogen","N",5,"SERPINA3-KD",6,12
"ENSG00000237765",9.41344662257154,0.82351290684624,"chondrogen","N",5,"SERPINA3-KD",6,12
"ENSG00000237840",1.7010813587061,0.0970819304152638,"chondrogen","N",5,"SERPINA3-KD",6,12
"ENSG00000237917",1.46269600435284,0.0718294051627385,"chondrogen","N",5,"SERPINA3-KD",6,12
"ENSG00000237973",7.45878499371139,0.640572390572391,"chondrogen","N",5,"SERPINA3-KD",6,12
"ENSG00000238083",3.63044192988956,0.313131313131313,"chondrogen","N",5,"SERPINA3-KD",6,12
"ENSG00000238227",6.76555191775047,0.575476992143659,"chondrogen","N",5,"SERPINA3-KD",6,12
"ENSG00000239257",2.07082441107517,0.142817059483726,"chondrogen","N",5,"SERPINA3-KD",6,12
"ENSG00000239264",9.00872062692969,0.781425364758698,"chondrogen","N",5,"SERPINA3-KD",6,12
"ENSG00000239282",8.34636616493925,0.717452300785634,"chondrogen","N",5,"SERPINA3-KD",6,12
"ENSG00000239291",3.2988661763215,0.281986531986532,"chondrogen","N",5,"SERPINA3-KD",6,12
"ENSG00000239305",7.96182075556127,0.685746352413019,"chondrogen","N",5,"SERPINA3-KD",6,12
"ENSG00000239306",8.03267156976461,0.691919191919192,"chondrogen","N",5,"SERPINA3-KD",6,12
"ENSG00000239470",2.20131437323788,0.161896745230079,"chondrogen","N",5,"SERPINA3-KD",6,12
"ENSG00000239473",1.25848877320627,0.0482603815937149,"chondrogen","N",5,"SERPINA3-KD",6,12
"ENSG00000239474",2.57156572981212,0.202581369248036,"chondrogen","N",5,"SERPINA3-KD",6,12
"ENSG00000239483",2.0212338296489,0.136083052749719,"chondrogen","N",5,"SERPINA3-KD",6,12
"ENSG00000239617",4.10377710734459,0.351571268237935,"chondrogen","N",5,"SERPINA3-KD",6,12
"ENSG00000239672",11.1555022139944,0.944444444444444,"chondrogen","N",5,"SERPINA3-KD",6,12
"ENSG00000239713",6.74180872401829,0.572951739618406,"chondrogen","N",5,"SERPINA3-KD",6,12
"ENSG00000239779",9.24195114252176,0.808080808080808,"chondrogen","N",5,"SERPINA3-KD",6,12
"ENSG00000239789",9.09972328123745,0.791526374859708,"chondrogen","N",5,"SERPINA3-KD",6,12
"ENSG00000239797",1.66929430917771,0.0934343434343434,"chondrogen","N",5,"SERPINA3-KD",6,12
"ENSG00000239830",2.3766396210946,0.180976430976431,"chondrogen","N",5,"SERPINA3-KD",6,12
"ENSG00000239857",7.75998942852105,0.667789001122334,"chondrogen","N",5,"SERPINA3-KD",6,12
"ENSG00000239998",2.186609821274,0.158810325476992,"chondrogen","N",5,"SERPINA3-KD",6,12
"ENSG00000240003",2.08205168031638,0.144500561167228,"chondrogen","N",5,"SERPINA3-KD",6,12
"ENSG00000240038",5.99379729419956,0.50645342312009,"chondrogen","N",5,"SERPINA3-KD",6,12
"ENSG00000240045",2.22522093870205,0.163299663299663,"chondrogen","N",5,"SERPINA3-KD",6,12
"ENSG00000240053",4.79420140025561,0.40628507295174,"chondrogen","N",5,"SERPINA3-KD",6,12
"ENSG00000240065",8.75646258360866,0.754489337822671,"chondrogen","N",5,"SERPINA3-KD",6,12
"ENSG00000240184",10.1084352330107,0.878507295173962,"chondrogen","N",5,"SERPINA3-KD",6,12
"ENSG00000240204",1.44246311763366,0.0707070707070707,"chondrogen","N",5,"SERPINA3-KD",6,12
"ENSG00000240230",8.30550644296913,0.712401795735129,"chondrogen","N",5,"SERPINA3-KD",6,12
"ENSG00000240303",8.44989540470322,0.726430976430976,"chondrogen","N",5,"SERPINA3-KD",6,12
"ENSG00000240342",8.10940367089796,0.698092031425365,"chondrogen","N",5,"SERPINA3-KD",6,12
"ENSG00000240376",1.84793062466126,0.11307519640853,"chondrogen","N",5,"SERPINA3-KD",6,12
"ENSG00000240395",1.47457737410608,0.0735129068462402,"chondrogen","N",5,"SERPINA3-KD",6,12
"ENSG00000240445",5.35429551320581,0.451739618406285,"chondrogen","N",5,"SERPINA3-KD",6,12
"ENSG00000240590",8.78757408775711,0.759820426487093,"chondrogen","N",5,"SERPINA3-KD",6,12
"ENSG00000240616",2.83902183239238,0.234287317620651,"chondrogen","N",5,"SERPINA3-KD",6,12
"ENSG00000240654",1.57747157001678,0.085297418630752,"chondrogen","N",5,"SERPINA3-KD",6,12
"ENSG00000240694",7.91689484309673,0.680976430976431,"chondrogen","N",5,"SERPINA3-KD",6,12
"ENSG00000240729",3.1503074307702,0.267957351290685,"chondrogen","N",5,"SERPINA3-KD",6,12
"ENSG00000240747",2.7477120887495,0.223905723905724,"chondrogen","N",5,"SERPINA3-KD",6,12
"ENSG00000240764",1.81213116799489,0.109427609427609,"chondrogen","N",5,"SERPINA3-KD",6,12
"ENSG00000240771",5.305574869449,0.446127946127946,"chondrogen","N",5,"SERPINA3-KD",6,12
"ENSG00000240775",1.40289738638346,0.0645342312008979,"chondrogen","N",5,"SERPINA3-KD",6,12
"ENSG00000240809",6.01369272895104,0.508136924803592,"chondrogen","N",5,"SERPINA3-KD",6,12
"ENSG00000240821",1.07569800334355,0.031986531986532,"chondrogen","N",5,"SERPINA3-KD",6,12
"ENSG00000240854",3.3603485209366,0.287878787878788,"chondrogen","N",5,"SERPINA3-KD",6,12
"ENSG00000240857",6.86619073085352,0.58641975308642,"chondrogen","N",5,"SERPINA3-KD",6,12
"ENSG00000240891",2.04334914659834,0.138888888888889,"chondrogen","N",5,"SERPINA3-KD",6,12
"ENSG00000240898",2.74638943330932,0.223625140291807,"chondrogen","N",5,"SERPINA3-KD",6,12
"ENSG00000240972",13.6982873762154,0.991582491582492,"chondrogen","N",5,"SERPINA3-KD",6,12
"ENSG00000241058",7.90079019459365,0.679854096520763,"chondrogen","N",5,"SERPINA3-KD",6,12
"ENSG00000241106",1.33017342925881,0.0561167227833895,"chondrogen","N",5,"SERPINA3-KD",6,12
"ENSG00000241127",8.67901770748163,0.748316498316498,"chondrogen","N",5,"SERPINA3-KD",6,12
"ENSG00000241218",2.14336215716725,0.154882154882155,"chondrogen","N",5,"SERPINA3-KD",6,12
"ENSG00000241258",8.92275548562655,0.773569023569024,"chondrogen","N",5,"SERPINA3-KD",6,12
"ENSG00000241360",5.3508058576691,0.451178451178451,"chondrogen","N",5,"SERPINA3-KD",6,12
"ENSG00000241399",8.69347156894947,0.749438832772166,"chondrogen","N",5,"SERPINA3-KD",6,12
"ENSG00000241404",4.5713220855945,0.389450056116723,"chondrogen","N",5,"SERPINA3-KD",6,12
"ENSG00000241458",1.6256820054342,0.0892255892255892,"chondrogen","N",5,"SERPINA3-KD",6,12
"ENSG00000241468",11.4506801056564,0.954826038159372,"chondrogen","N",5,"SERPINA3-KD",6,12
"ENSG00000241506",1.41470637325245,0.0662177328843996,"chondrogen","N",5,"SERPINA3-KD",6,12
"ENSG00000241563",2.43093109265224,0.189113355780022,"chondrogen","N",5,"SERPINA3-KD",6,12
"ENSG00000241635",1.9907783075151,0.130190796857464,"chondrogen","N",5,"SERPINA3-KD",6,12
"ENSG00000241644",4.84314140370499,0.409652076318743,"chondrogen","N",5,"SERPINA3-KD",6,12
"ENSG00000241697",2.94602160816506,0.248035914702581,"chondrogen","N",5,"SERPINA3-KD",6,12
"ENSG00000241837",11.7718750953453,0.961840628507295,"chondrogen","N",5,"SERPINA3-KD",6,12
"ENSG00000241935",4.72145092167936,0.400112233445567,"chondrogen","N",5,"SERPINA3-KD",6,12
"ENSG00000241941",2.13120692381495,0.153198653198653,"chondrogen","N",5,"SERPINA3-KD",6,12
"ENSG00000241945",3.05167405028963,0.258698092031425,"chondrogen","N",5,"SERPINA3-KD",6,12
"ENSG00000242028",9.08147135912531,0.789001122334456,"chondrogen","N",5,"SERPINA3-KD",6,12
"ENSG00000242071",2.01899101848364,0.134960718294052,"chondrogen","N",5,"SERPINA3-KD",6,12
"ENSG00000242085",1.07004975010554,0.0311447811447811,"chondrogen","N",5,"SERPINA3-KD",6,12
"ENSG00000242110",8.06800591378513,0.695566778900112,"chondrogen","N",5,"SERPINA3-KD",6,12
"ENSG00000242114",5.70991178728072,0.484287317620651,"chondrogen","N",5,"SERPINA3-KD",6,12
"ENSG00000242220",3.79034882557567,0.327721661054994,"chondrogen","N",5,"SERPINA3-KD",6,12
"ENSG00000242221",7.2316583393713,0.618406285072952,"chondrogen","N",5,"SERPINA3-KD",6,12
"ENSG00000242252",6.85065337813801,0.584736251402918,"chondrogen","N",5,"SERPINA3-KD",6,12
"ENSG00000242259",8.410616615982,0.722783389450056,"chondrogen","N",5,"SERPINA3-KD",6,12
"ENSG00000242261",3.76933702674736,0.32631874298541,"chondrogen","N",5,"SERPINA3-KD",6,12
"ENSG00000242265",6.79687075885654,0.577721661054994,"chondrogen","N",5,"SERPINA3-KD",6,12
"ENSG00000242299",3.71806225458598,0.321829405162739,"chondrogen","N",5,"SERPINA3-KD",6,12
"ENSG00000242372",11.3574392985152,0.951178451178451,"chondrogen","N",5,"SERPINA3-KD",6,12
"ENSG00000242441",4.07008963217801,0.348484848484849,"chondrogen","N",5,"SERPINA3-KD",6,12
"ENSG00000242485",6.15890601800408,0.523569023569024,"chondrogen","N",5,"SERPINA3-KD",6,12
"ENSG00000242498",2.59493294082031,0.205667789001122,"chondrogen","N",5,"SERPINA3-KD",6,12
"ENSG00000242574",4.03908511582154,0.345959595959596,"chondrogen","N",5,"SERPINA3-KD",6,12
"ENSG00000242612",5.62234609722829,0.474747474747475,"chondrogen","N",5,"SERPINA3-KD",6,12
"ENSG00000242615",2.64809162380615,0.213804713804714,"chondrogen","N",5,"SERPINA3-KD",6,12
"ENSG00000242616",11.2069133646424,0.946127946127946,"chondrogen","N",5,"SERPINA3-KD",6,12
"ENSG00000242689",1.96287081932762,0.126262626262626,"chondrogen","N",5,"SERPINA3-KD",6,12
"ENSG00000242715",6.62976141715269,0.564253647586981,"chondrogen","N",5,"SERPINA3-KD",6,12
"ENSG00000242732",4.84976530430843,0.411054994388328,"chondrogen","N",5,"SERPINA3-KD",6,12
"ENSG00000242802",5.71377212113003,0.484848484848485,"chondrogen","N",5,"SERPINA3-KD",6,12
"ENSG00000242852",6.57802248880706,0.55976430976431,"chondrogen","N",5,"SERPINA3-KD",6,12
"ENSG00000242882",2.08265526773994,0.144781144781145,"chondrogen","N",5,"SERPINA3-KD",6,12
"ENSG00000242899",1.95052316980357,0.124859708193042,"chondrogen","N",5,"SERPINA3-KD",6,12
"ENSG00000242931",0.728075848464775,0.0131874298540965,"chondrogen","N",5,"SERPINA3-KD",6,12
"ENSG00000242950",5.18744980976612,0.436307519640853,"chondrogen","N",5,"SERPINA3-KD",6,12
"ENSG00000242968",0.131302169000923,0.00140291806958474,"chondrogen","N",5,"SERPINA3-KD",6,12
"ENSG00000243056",6.80409604618999,0.578843995510662,"chondrogen","N",5,"SERPINA3-KD",6,12
"ENSG00000243071",0.72270060028771,0.0129068462401796,"chondrogen","N",5,"SERPINA3-KD",6,12
"ENSG00000243137",3.45190141639931,0.294893378226712,"chondrogen","N",5,"SERPINA3-KD",6,12
"ENSG00000243147",9.99295555172223,0.872334455667789,"chondrogen","N",5,"SERPINA3-KD",6,12
"ENSG00000243156",5.73116662260937,0.48625140291807,"chondrogen","N",5,"SERPINA3-KD",6,12
"ENSG00000243199",4.8881842520536,0.414983164983165,"chondrogen","N",5,"SERPINA3-KD",6,12
"ENSG00000243207",2.00117617892037,0.131874298540965,"chondrogen","N",5,"SERPINA3-KD",6,12
"ENSG00000243232",2.823383021635,0.233164983164983,"chondrogen","N",5,"SERPINA3-KD",6,12
"ENSG00000243244",9.90324161764939,0.863636363636364,"chondrogen","N",5,"SERPINA3-KD",6,12
"ENSG00000243279",10.751430369982,0.920594837261504,"chondrogen","N",5,"SERPINA3-KD",6,12
"ENSG00000243284",0.970130209567487,0.0260942760942761,"chondrogen","N",5,"SERPINA3-KD",6,12
"ENSG00000243303",2.26761937204451,0.170314253647587,"chondrogen","N",5,"SERPINA3-KD",6,12
"ENSG00000243317",11.779965033853,0.962121212121212,"chondrogen","N",5,"SERPINA3-KD",6,12
"ENSG00000243364",6.14926855863238,0.521885521885522,"chondrogen","N",5,"SERPINA3-KD",6,12
"ENSG00000243414",8.57788623274953,0.737373737373737,"chondrogen","N",5,"SERPINA3-KD",6,12
"ENSG00000243429",0.314104585116535,0.00364758698092031,"chondrogen","N",5,"SERPINA3-KD",6,12
"ENSG00000243431",1.25391078682113,0.0471380471380471,"chondrogen","N",5,"SERPINA3-KD",6,12
"ENSG00000243449",4.75651307642297,0.404040404040404,"chondrogen","N",5,"SERPINA3-KD",6,12
"ENSG00000243477",6.0903645875796,0.5165544332211,"chondrogen","N",5,"SERPINA3-KD",6,12
"ENSG00000243509",4.43876976156234,0.379068462401796,"chondrogen","N",5,"SERPINA3-KD",6,12
"ENSG00000243517",1.60064838682408,0.0867003367003367,"chondrogen","N",5,"SERPINA3-KD",6,12
"ENSG00000243547",4.04001019598482,0.346240179573513,"chondrogen","N",5,"SERPINA3-KD",6,12
"ENSG00000243554",1.70257621625371,0.0973625140291807,"chondrogen","N",5,"SERPINA3-KD",6,12
"ENSG00000243667",6.03273369327426,0.510381593714927,"chondrogen","N",5,"SERPINA3-KD",6,12
"ENSG00000243709",0.970028867446197,0.0258136924803591,"chondrogen","N",5,"SERPINA3-KD",6,12
"ENSG00000243710",1.24647588978767,0.0462962962962963,"chondrogen","N",5,"SERPINA3-KD",6,12
"ENSG00000243725",9.19537350979963,0.80331088664422,"chondrogen","N",5,"SERPINA3-KD",6,12
"ENSG00000243746",2.54210047335971,0.199775533108866,"chondrogen","N",5,"SERPINA3-KD",6,12
"ENSG00000243749",10.5214981707042,0.90712682379349,"chondrogen","N",5,"SERPINA3-KD",6,12
"ENSG00000243896",3.46810730357028,0.297138047138047,"chondrogen","N",5,"SERPINA3-KD",6,12
"ENSG00000243927",11.4557042757205,0.955106621773288,"chondrogen","N",5,"SERPINA3-KD",6,12
"ENSG00000243964",1.87313501168878,0.115600448933782,"chondrogen","N",5,"SERPINA3-KD",6,12
"ENSG00000243986",3.32822181134779,0.284792368125701,"chondrogen","N",5,"SERPINA3-KD",6,12
"ENSG00000243989",8.67461346082452,0.747755331088664,"chondrogen","N",5,"SERPINA3-KD",6,12
"ENSG00000244021",1.0670396247663,0.0308641975308642,"chondrogen","N",5,"SERPINA3-KD",6,12
"ENSG00000244115",8.37388778189662,0.720258136924804,"chondrogen","N",5,"SERPINA3-KD",6,12
"ENSG00000244165",5.75495984869167,0.488215488215488,"chondrogen","N",5,"SERPINA3-KD",6,12
"ENSG00000244187",7.96028472371423,0.685465768799102,"chondrogen","N",5,"SERPINA3-KD",6,12
"ENSG00000244219",4.10531456134413,0.352132435465769,"chondrogen","N",5,"SERPINA3-KD",6,12
"ENSG00000244226",0.843904937865414,0.0185185185185185,"chondrogen","N",5,"SERPINA3-KD",6,12
"ENSG00000244242",7.10076657063324,0.605780022446689,"chondrogen","N",5,"SERPINA3-KD",6,12
"ENSG00000244270",6.33503675444653,0.539842873176206,"chondrogen","N",5,"SERPINA3-KD",6,12
"ENSG00000244274",6.46707998433775,0.549943883277217,"chondrogen","N",5,"SERPINA3-KD",6,12
"ENSG00000244363",3.55619155730997,0.30695847362514,"chondrogen","N",5,"SERPINA3-KD",6,12
"ENSG00000244398",7.05473714911815,0.602693602693603,"chondrogen","N",5,"SERPINA3-KD",6,12
"ENSG00000244405",4.38224629633155,0.376543209876543,"chondrogen","N",5,"SERPINA3-KD",6,12
"ENSG00000244457",2.12148391565255,0.150953984287318,"chondrogen","N",5,"SERPINA3-KD",6,12
"ENSG00000244462",10.1493094479449,0.882154882154882,"chondrogen","N",5,"SERPINA3-KD",6,12
"ENSG00000244486",5.25831842250726,0.441919191919192,"chondrogen","N",5,"SERPINA3-KD",6,12
"ENSG00000244509",10.8135274610683,0.925084175084175,"chondrogen","N",5,"SERPINA3-KD",6,12
"ENSG00000244563",3.4602218821842,0.296296296296296,"chondrogen","N",5,"SERPINA3-KD",6,12
"ENSG00000244588",0.241466910006034,0.00252525252525253,"chondrogen","N",5,"SERPINA3-KD",6,12
"ENSG00000244607",4.11097673539404,0.352693602693603,"chondrogen","N",5,"SERPINA3-KD",6,12
"ENSG00000244617",2.30838336240686,0.174242424242424,"chondrogen","N",5,"SERPINA3-KD",6,12
"ENSG00000244694",9.3608054045031,0.820145903479237,"chondrogen","N",5,"SERPINA3-KD",6,12
"ENSG00000244752",3.15105706067756,0.268237934904602,"chondrogen","N",5,"SERPINA3-KD",6,12
"ENSG00000244754",11.5125662901898,0.957070707070707,"chondrogen","N",5,"SERPINA3-KD",6,12
"ENSG00000245205",3.54128876093951,0.303872053872054,"chondrogen","N",5,"SERPINA3-KD",6,12
"ENSG00000246705",8.28990952253855,0.710718294051627,"chondrogen","N",5,"SERPINA3-KD",6,12
"ENSG00000247077",5.35105440252919,0.451459034792368,"chondrogen","N",5,"SERPINA3-KD",6,12
"ENSG00000247315",6.33273842453448,0.53956228956229,"chondrogen","N",5,"SERPINA3-KD",6,12
"ENSG00000247595",4.15258923080252,0.357463524130191,"chondrogen","N",5,"SERPINA3-KD",6,12
"ENSG00000247626",6.28725595553966,0.535353535353535,"chondrogen","N",5,"SERPINA3-KD",6,12
"ENSG00000247627",8.8574257968331,0.767115600448934,"chondrogen","N",5,"SERPINA3-KD",6,12
"ENSG00000247746",5.27778771101086,0.44304152637486,"chondrogen","N",5,"SERPINA3-KD",6,12
"ENSG00000247763",1.80005502976654,0.107744107744108,"chondrogen","N",5,"SERPINA3-KD",6,12
"ENSG00000248144",1.42043255388615,0.0684624017957351,"chondrogen","N",5,"SERPINA3-KD",6,12
"ENSG00000248167",8.65431206100347,0.744949494949495,"chondrogen","N",5,"SERPINA3-KD",6,12
"ENSG00000248329",1.89314010699478,0.118406285072952,"chondrogen","N",5,"SERPINA3-KD",6,12
"ENSG00000248333",7.71664665659152,0.665544332210999,"chondrogen","N",5,"SERPINA3-KD",6,12
"ENSG00000248483",6.15195137573798,0.522166105499439,"chondrogen","N",5,"SERPINA3-KD",6,12
"ENSG00000248485",1.41337253398581,0.0656565656565657,"chondrogen","N",5,"SERPINA3-KD",6,12
"ENSG00000248527",11.5994261553958,0.958193041526375,"chondrogen","N",5,"SERPINA3-KD",6,12
"ENSG00000248592",4.25869585956326,0.36672278338945,"chondrogen","N",5,"SERPINA3-KD",6,12
"ENSG00000248610",1.56043086253669,0.0836139169472503,"chondrogen","N",5,"SERPINA3-KD",6,12
"ENSG00000248643",6.16485576284722,0.52384960718294,"chondrogen","N",5,"SERPINA3-KD",6,12
"ENSG00000248672",3.37815203358387,0.289001122334456,"chondrogen","N",5,"SERPINA3-KD",6,12
"ENSG00000248697",0.635289807432682,0.0101010101010101,"chondrogen","N",5,"SERPINA3-KD",6,12
"ENSG00000248710",4.28700593225032,0.368406285072952,"chondrogen","N",5,"SERPINA3-KD",6,12
"ENSG00000248712",3.2244944545599,0.276094276094276,"chondrogen","N",5,"SERPINA3-KD",6,12
"ENSG00000248771",2.34298415613376,0.177609427609428,"chondrogen","N",5,"SERPINA3-KD",6,12
"ENSG00000248919",2.2673659286021,0.17003367003367,"chondrogen","N",5,"SERPINA3-KD",6,12
"ENSG00000248923",2.23463368347786,0.164983164983165,"chondrogen","N",5,"SERPINA3-KD",6,12
"ENSG00000249115",4.00446499351521,0.342592592592593,"chondrogen","N",5,"SERPINA3-KD",6,12
"ENSG00000249200",2.66716546705137,0.215488215488215,"chondrogen","N",5,"SERPINA3-KD",6,12
"ENSG00000249230",1.18426678773871,0.0406846240179574,"chondrogen","N",5,"SERPINA3-KD",6,12
"ENSG00000249242",7.8846400223202,0.677328843995511,"chondrogen","N",5,"SERPINA3-KD",6,12
"ENSG00000249274",2.6857194349728,0.218294051627385,"chondrogen","N",5,"SERPINA3-KD",6,12
"ENSG00000249437",7.07675414687897,0.603535353535353,"chondrogen","N",5,"SERPINA3-KD",6,12
"ENSG00000249439",2.29837191372948,0.173120089786756,"chondrogen","N",5,"SERPINA3-KD",6,12
"ENSG00000249471",3.29449553885146,0.281425364758698,"chondrogen","N",5,"SERPINA3-KD",6,12
"ENSG00000249481",2.09550255626457,0.146745230078563,"chondrogen","N",5,"SERPINA3-KD",6,12
"ENSG00000249693",1.38152389682388,0.0614478114478114,"chondrogen","N",5,"SERPINA3-KD",6,12
"ENSG00000249709",2.6013134142742,0.207070707070707,"chondrogen","N",5,"SERPINA3-KD",6,12
"ENSG00000249850",2.10210020361851,0.148989898989899,"chondrogen","N",5,"SERPINA3-KD",6,12
"ENSG00000249855",4.23252644422354,0.364197530864198,"chondrogen","N",5,"SERPINA3-KD",6,12
"ENSG00000249884",3.21155743574001,0.274410774410774,"chondrogen","N",5,"SERPINA3-KD",6,12
"ENSG00000249915",11.5107881939713,0.95679012345679,"chondrogen","N",5,"SERPINA3-KD",6,12
"ENSG00000249992",5.80542700742606,0.491021324354658,"chondrogen","N",5,"SERPINA3-KD",6,12
"ENSG00000250021",9.10897758634741,0.79320987654321,"chondrogen","N",5,"SERPINA3-KD",6,12
"ENSG00000250111",6.70331758972978,0.570145903479237,"chondrogen","N",5,"SERPINA3-KD",6,12
"ENSG00000250120",3.95406998579896,0.338945005611672,"chondrogen","N",5,"SERPINA3-KD",6,12
"ENSG00000250138",1.51585059703462,0.0777216610549944,"chondrogen","N",5,"SERPINA3-KD",6,12
"ENSG00000250144",2.13665459614207,0.15347923681257,"chondrogen","N",5,"SERPINA3-KD",6,12
"ENSG00000250151",3.53759566035138,0.30331088664422,"chondrogen","N",5,"SERPINA3-KD",6,12
"ENSG00000250227",2.7923694193235,0.228956228956229,"chondrogen","N",5,"SERPINA3-KD",6,12
"ENSG00000250305",5.36368467002147,0.45314253647587,"chondrogen","N",5,"SERPINA3-KD",6,12
"ENSG00000250312",6.47279086486285,0.550785634118967,"chondrogen","N",5,"SERPINA3-KD",6,12
"ENSG00000250317",9.06418471829703,0.787598204264871,"chondrogen","N",5,"SERPINA3-KD",6,12
"ENSG00000250318",1.64332074037136,0.0909090909090909,"chondrogen","N",5,"SERPINA3-KD",6,12
"ENSG00000250479",2.46763406484338,0.19304152637486,"chondrogen","N",5,"SERPINA3-KD",6,12
"ENSG00000250506",3.13119556747382,0.266273849607183,"chondrogen","N",5,"SERPINA3-KD",6,12
"ENSG00000250510",2.96353109464193,0.251122334455668,"chondrogen","N",5,"SERPINA3-KD",6,12
"ENSG00000250539",3.90272069776751,0.334455667789001,"chondrogen","N",5,"SERPINA3-KD",6,12
"ENSG00000250565",5.49769950259763,0.464085297418631,"chondrogen","N",5,"SERPINA3-KD",6,12
"ENSG00000250569",3.63376790892231,0.31341189674523,"chondrogen","N",5,"SERPINA3-KD",6,12
"ENSG00000250571",3.48170511546664,0.298260381593715,"chondrogen","N",5,"SERPINA3-KD",6,12
"ENSG00000250709",2.57784738349121,0.203423120089787,"chondrogen","N",5,"SERPINA3-KD",6,12
"ENSG00000250722",10.7280373541581,0.917508417508417,"chondrogen","N",5,"SERPINA3-KD",6,12
"ENSG00000250732",0.797777906675358,0.015993265993266,"chondrogen","N",5,"SERPINA3-KD",6,12
"ENSG00000250746",3.09654469402733,0.262065095398429,"chondrogen","N",5,"SERPINA3-KD",6,12
"ENSG00000250827",3.62617214724642,0.312289562289562,"chondrogen","N",5,"SERPINA3-KD",6,12
"ENSG00000251013",2.63331679416647,0.212121212121212,"chondrogen","N",5,"SERPINA3-KD",6,12
"ENSG00000251046",2.9454665635003,0.247474747474747,"chondrogen","N",5,"SERPINA3-KD",6,12
"ENSG00000251192",5.85412283114688,0.495230078563412,"chondrogen","N",5,"SERPINA3-KD",6,12
"ENSG00000251201",9.04910653208437,0.784792368125701,"chondrogen","N",5,"SERPINA3-KD",6,12
"ENSG00000251211",1.76539879480603,0.103535353535354,"chondrogen","N",5,"SERPINA3-KD",6,12
"ENSG00000251258",1.29298038225116,0.0519079685746352,"chondrogen","N",5,"SERPINA3-KD",6,12
"ENSG00000251287",1.97132661896254,0.127104377104377,"chondrogen","N",5,"SERPINA3-KD",6,12
"ENSG00000251349",6.22446416841069,0.528900112233446,"chondrogen","N",5,"SERPINA3-KD",6,12
"ENSG00000251493",4.89313533469628,0.415263748597082,"chondrogen","N",5,"SERPINA3-KD",6,12
"ENSG00000251503",3.87341755970886,0.332210998877666,"chondrogen","N",5,"SERPINA3-KD",6,12
"ENSG00000251667",1.49069191637874,0.0763187429854097,"chondrogen","N",5,"SERPINA3-KD",6,12
"ENSG00000253119",2.16778468103888,0.156565656565657,"chondrogen","N",5,"SERPINA3-KD",6,12
"ENSG00000253159",7.24776087186262,0.619809203142537,"chondrogen","N",5,"SERPINA3-KD",6,12
"ENSG00000253250",8.1480191145761,0.700056116722783,"chondrogen","N",5,"SERPINA3-KD",6,12
"ENSG00000253251",6.73177411556349,0.572109988776655,"chondrogen","N",5,"SERPINA3-KD",6,12
"ENSG00000253276",6.93181982452489,0.591750841750842,"chondrogen","N",5,"SERPINA3-KD",6,12
"ENSG00000253293",7.88666920695819,0.678170594837261,"chondrogen","N",5,"SERPINA3-KD",6,12
"ENSG00000253304",5.19230460635066,0.43658810325477,"chondrogen","N",5,"SERPINA3-KD",6,12
"ENSG00000253305",4.25304384894735,0.365881032547699,"chondrogen","N",5,"SERPINA3-KD",6,12
"ENSG00000253309",1.16886051188359,0.0381593714927048,"chondrogen","N",5,"SERPINA3-KD",6,12
"ENSG00000253368",3.44686191876352,0.294612794612795,"chondrogen","N",5,"SERPINA3-KD",6,12
"ENSG00000253457",2.62876908680204,0.210998877665544,"chondrogen","N",5,"SERPINA3-KD",6,12
"ENSG00000253485",4.03176367560814,0.345398428731762,"chondrogen","N",5,"SERPINA3-KD",6,12
"ENSG00000253488",10.056044634045,0.876262626262626,"chondrogen","N",5,"SERPINA3-KD",6,12
"ENSG00000253537",4.48081782775813,0.38327721661055,"chondrogen","N",5,"SERPINA3-KD",6,12
"ENSG00000253558",3.15462959741129,0.269079685746352,"chondrogen","N",5,"SERPINA3-KD",6,12
"ENSG00000253598",1.78358189074336,0.106060606060606,"chondrogen","N",5,"SERPINA3-KD",6,12
"ENSG00000253626",7.20351785781718,0.614758698092031,"chondrogen","N",5,"SERPINA3-KD",6,12
"ENSG00000253696",2.15738435820036,0.156004489337823,"chondrogen","N",5,"SERPINA3-KD",6,12
"ENSG00000253710",11.0538625487652,0.94023569023569,"chondrogen","N",5,"SERPINA3-KD",6,12
"ENSG00000253719",11.0147289514519,0.93658810325477,"chondrogen","N",5,"SERPINA3-KD",6,12
"ENSG00000253729",11.2058167805638,0.945847362514029,"chondrogen","N",5,"SERPINA3-KD",6,12
"ENSG00000253731",4.72101442178106,0.39983164983165,"chondrogen","N",5,"SERPINA3-KD",6,12
"ENSG00000253767",4.75290383546165,0.40347923681257,"chondrogen","N",5,"SERPINA3-KD",6,12
"ENSG00000253846",7.31651025238946,0.625982042648709,"chondrogen","N",5,"SERPINA3-KD",6,12
"ENSG00000253873",5.96824357902524,0.505050505050505,"chondrogen","N",5,"SERPINA3-KD",6,12
"ENSG00000253910",4.14781108120257,0.35662177328844,"chondrogen","N",5,"SERPINA3-KD",6,12
"ENSG00000253953",8.12822099871886,0.698933782267116,"chondrogen","N",5,"SERPINA3-KD",6,12
"ENSG00000253958",3.21767530272265,0.275533108866442,"chondrogen","N",5,"SERPINA3-KD",6,12
"ENSG00000254004",9.51583330987911,0.831088664421998,"chondrogen","N",5,"SERPINA3-KD",6,12
"ENSG00000254017",4.18264635230894,0.36026936026936,"chondrogen","N",5,"SERPINA3-KD",6,12
"ENSG00000254087",5.84164805530101,0.49354657687991,"chondrogen","N",5,"SERPINA3-KD",6,12
"ENSG00000254093",7.16457584627012,0.61026936026936,"chondrogen","N",5,"SERPINA3-KD",6,12
"ENSG00000254122",6.04248331921858,0.511503928170595,"chondrogen","N",5,"SERPINA3-KD",6,12
"ENSG00000254206",3.51997111592407,0.301907968574635,"chondrogen","N",5,"SERPINA3-KD",6,12
"ENSG00000254221",3.49833411612179,0.299382716049383,"chondrogen","N",5,"SERPINA3-KD",6,12
"ENSG00000254245",3.02962241160785,0.257295173961841,"chondrogen","N",5,"SERPINA3-KD",6,12
"ENSG00000254285",1.64424013879844,0.0911896745230079,"chondrogen","N",5,"SERPINA3-KD",6,12
"ENSG00000254413",5.88239749629599,0.498877665544332,"chondrogen","N",5,"SERPINA3-KD",6,12
"ENSG00000254445",3.21149533900683,0.274130190796857,"chondrogen","N",5,"SERPINA3-KD",6,12
"ENSG00000254463",1.63989160407642,0.0897867564534231,"chondrogen","N",5,"SERPINA3-KD",6,12
"ENSG00000254470",6.16893899787333,0.524130190796857,"chondrogen","N",5,"SERPINA3-KD",6,12
"ENSG00000254503",3.33891083627166,0.285634118967452,"chondrogen","N",5,"SERPINA3-KD",6,12
"ENSG00000254505",8.04108260725922,0.69304152637486,"chondrogen","N",5,"SERPINA3-KD",6,12
"ENSG00000254535",5.75751711419178,0.489057239057239,"chondrogen","N",5,"SERPINA3-KD",6,12
"ENSG00000254585",2.30393387178496,0.17368125701459,"chondrogen","N",5,"SERPINA3-KD",6,12
"ENSG00000254589",2.61021132386167,0.208754208754209,"chondrogen","N",5,"SERPINA3-KD",6,12
"ENSG00000254595",1.63283952668677,0.0895061728395062,"chondrogen","N",5,"SERPINA3-KD",6,12
"ENSG00000254634",1.32454037323411,0.0555555555555556,"chondrogen","N",5,"SERPINA3-KD",6,12
"ENSG00000254656",0.82072687706956,0.0171156004489338,"chondrogen","N",5,"SERPINA3-KD",6,12
"ENSG00000254685",9.42735635429691,0.825196408529742,"chondrogen","N",5,"SERPINA3-KD",6,12
"ENSG00000254717",2.12475730807334,0.151795735129068,"chondrogen","N",5,"SERPINA3-KD",6,12
"ENSG00000254726",6.92434839498055,0.590628507295174,"chondrogen","N",5,"SERPINA3-KD",6,12
"ENSG00000254737",1.27584643123844,0.0499438832772166,"chondrogen","N",5,"SERPINA3-KD",6,12
"ENSG00000254759",3.02311645151239,0.256734006734007,"chondrogen","N",5,"SERPINA3-KD",6,12
"ENSG00000254788",4.4918407853096,0.383838383838384,"chondrogen","N",5,"SERPINA3-KD",6,12
"ENSG00000254793",1.49433722185528,0.0765993265993266,"chondrogen","N",5,"SERPINA3-KD",6,12
"ENSG00000254806",4.02807589218666,0.344837261503928,"chondrogen","N",5,"SERPINA3-KD",6,12
"ENSG00000254870",6.82771112658659,0.581369248035915,"chondrogen","N",5,"SERPINA3-KD",6,12
"ENSG00000254901",7.17413849163292,0.611391694725028,"chondrogen","N",5,"SERPINA3-KD",6,12
"ENSG00000254959",0.524215755140386,0.00785634118967452,"chondrogen","N",5,"SERPINA3-KD",6,12
"ENSG00000254986",9.18395752617504,0.800785634118967,"chondrogen","N",5,"SERPINA3-KD",6,12
"ENSG00000254995",2.87478327676803,0.239057239057239,"chondrogen","N",5,"SERPINA3-KD",6,12
"ENSG00000254996",8.01747444109336,0.69023569023569,"chondrogen","N",5,"SERPINA3-KD",6,12
"ENSG00000254999",11.9837668409137,0.969135802469136,"chondrogen","N",5,"SERPINA3-KD",6,12
"ENSG00000255071",1.26306880452663,0.0488215488215488,"chondrogen","N",5,"SERPINA3-KD",6,12
"ENSG00000255072",10.7247185787101,0.916806958473625,"chondrogen","N",5,"SERPINA3-KD",6,12
"ENSG00000255112",11.7301194047974,0.96043771043771,"chondrogen","N",5,"SERPINA3-KD",6,12
"ENSG00000255150",6.09569013755255,0.517396184062851,"chondrogen","N",5,"SERPINA3-KD",6,12
"ENSG00000255152",3.11673646849206,0.264029180695847,"chondrogen","N",5,"SERPINA3-KD",6,12
"ENSG00000255154",8.65357743372683,0.744668911335578,"chondrogen","N",5,"SERPINA3-KD",6,12
"ENSG00000255302",12.9246365474123,0.985690235690236,"chondrogen","N",5,"SERPINA3-KD",6,12
"ENSG00000255408",4.68410868027234,0.398148148148148,"chondrogen","N",5,"SERPINA3-KD",6,12
"ENSG00000255423",5.87018211886571,0.498035914702581,"chondrogen","N",5,"SERPINA3-KD",6,12
"ENSG00000255526",3.95929141578225,0.339225589225589,"chondrogen","N",5,"SERPINA3-KD",6,12
"ENSG00000255529",11.0911898516816,0.941919191919192,"chondrogen","N",5,"SERPINA3-KD",6,12
"ENSG00000255561",6.98178170150942,0.595679012345679,"chondrogen","N",5,"SERPINA3-KD",6,12
"ENSG00000255690",1.17976317985298,0.0398428731762065,"chondrogen","N",5,"SERPINA3-KD",6,12
"ENSG00000255757",2.84116039027077,0.234848484848485,"chondrogen","N",5,"SERPINA3-KD",6,12
"ENSG00000255804",2.1835511064944,0.157687991021324,"chondrogen","N",5,"SERPINA3-KD",6,12
"ENSG00000255836",3.54868681331573,0.304994388327722,"chondrogen","N",5,"SERPINA3-KD",6,12
"ENSG00000255837",2.70320516935824,0.21969696969697,"chondrogen","N",5,"SERPINA3-KD",6,12
"ENSG00000256043",10.4619988565511,0.901795735129068,"chondrogen","N",5,"SERPINA3-KD",6,12
"ENSG00000256053",10.085945951244,0.877946127946128,"chondrogen","N",5,"SERPINA3-KD",6,12
"ENSG00000256060",8.80039021544591,0.760662177328844,"chondrogen","N",5,"SERPINA3-KD",6,12
"ENSG00000256061",5.7097661053558,0.484006734006734,"chondrogen","N",5,"SERPINA3-KD",6,12
"ENSG00000256087",5.44235742896585,0.459315375982043,"chondrogen","N",5,"SERPINA3-KD",6,12
"ENSG00000256188",1.73050097847891,0.0996071829405163,"chondrogen","N",5,"SERPINA3-KD",6,12
"ENSG00000256223",5.92039905580173,0.502244668911336,"chondrogen","N",5,"SERPINA3-KD",6,12
"ENSG00000256229",5.9472602013419,0.50364758698092,"chondrogen","N",5,"SERPINA3-KD",6,12
"ENSG00000256235",12.0521426981257,0.971661054994388,"chondrogen","N",5,"SERPINA3-KD",6,12
"ENSG00000256238",2.80006415599911,0.230359147025814,"chondrogen","N",5,"SERPINA3-KD",6,12
"ENSG00000256294",5.87392192172764,0.498316498316498,"chondrogen","N",5,"SERPINA3-KD",6,12
"ENSG00000256338",2.09486416422535,0.146464646464646,"chondrogen","N",5,"SERPINA3-KD",6,12
"ENSG00000256525",7.80938833163924,0.670875420875421,"chondrogen","N",5,"SERPINA3-KD",6,12
"ENSG00000256533",1.47068573444121,0.0732323232323232,"chondrogen","N",5,"SERPINA3-KD",6,12
"ENSG00000256537",9.90033908538438,0.863355780022447,"chondrogen","N",5,"SERPINA3-KD",6,12
"ENSG00000256625",1.19381751765898,0.0420875420875421,"chondrogen","N",5,"SERPINA3-KD",6,12
"ENSG00000256671",6.26540531270653,0.5331088664422,"chondrogen","N",5,"SERPINA3-KD",6,12
"ENSG00000256682",2.30724240754649,0.173961840628507,"chondrogen","N",5,"SERPINA3-KD",6,12
"ENSG00000256683",8.68598936515738,0.748877665544332,"chondrogen","N",5,"SERPINA3-KD",6,12
"ENSG00000256771",7.31756995132965,0.626543209876543,"chondrogen","N",5,"SERPINA3-KD",6,12
"ENSG00000256806",5.82847484007407,0.492704826038159,"chondrogen","N",5,"SERPINA3-KD",6,12
"ENSG00000256981",2.61145559237961,0.209034792368126,"chondrogen","N",5,"SERPINA3-KD",6,12
"ENSG00000257093",6.5936397657969,0.561167227833894,"chondrogen","N",5,"SERPINA3-KD",6,12
"ENSG00000257103",11.3802319098161,0.951459034792368,"chondrogen","N",5,"SERPINA3-KD",6,12
"ENSG00000257218",9.69750825539188,0.847643097643098,"chondrogen","N",5,"SERPINA3-KD",6,12
"ENSG00000257315",6.06719281008029,0.514309764309764,"chondrogen","N",5,"SERPINA3-KD",6,12
"ENSG00000257335",3.66132546309394,0.3162177328844,"chondrogen","N",5,"SERPINA3-KD",6,12
"ENSG00000257446",0.829348895707373,0.0176767676767677,"chondrogen","N",5,"SERPINA3-KD",6,12
"ENSG00000257511",3.08086692657404,0.261503928170595,"chondrogen","N",5,"SERPINA3-KD",6,12
"ENSG00000257529",8.81323474688384,0.762065095398429,"chondrogen","N",5,"SERPINA3-KD",6,12
"ENSG00000257591",3.27875106594246,0.28030303030303,"chondrogen","N",5,"SERPINA3-KD",6,12
"ENSG00000257594",8.30801591313781,0.712682379349046,"chondrogen","N",5,"SERPINA3-KD",6,12
"ENSG00000257704",5.92469109270561,0.50280583613917,"chondrogen","N",5,"SERPINA3-KD",6,12
"ENSG00000257727",12.0005250016396,0.969977553310887,"chondrogen","N",5,"SERPINA3-KD",6,12
"ENSG00000257752",1.35996538342507,0.0600448933782267,"chondrogen","N",5,"SERPINA3-KD",6,12
"ENSG00000257790",4.30410390662395,0.370089786756453,"chondrogen","N",5,"SERPINA3-KD",6,12
"ENSG00000257907",2.19850861158384,0.161335578002245,"chondrogen","N",5,"SERPINA3-KD",6,12
"ENSG00000257949",8.05531987209613,0.694163860830528,"chondrogen","N",5,"SERPINA3-KD",6,12
"ENSG00000257950",7.49198205567149,0.644500561167228,"chondrogen","N",5,"SERPINA3-KD",6,12
"ENSG00000258102",7.94083267411271,0.682379349046016,"chondrogen","N",5,"SERPINA3-KD",6,12
"ENSG00000258227",1.07531199299416,0.031705948372615,"chondrogen","N",5,"SERPINA3-KD",6,12
"ENSG00000258315",8.63611179258896,0.743265993265993,"chondrogen","N",5,"SERPINA3-KD",6,12
"ENSG00000258388",6.05294768286193,0.512345679012346,"chondrogen","N",5,"SERPINA3-KD",6,12
"ENSG00000258429",3.75596081176943,0.324635241301908,"chondrogen","N",5,"SERPINA3-KD",6,12
"ENSG00000258484",6.61131096923046,0.563131313131313,"chondrogen","N",5,"SERPINA3-KD",6,12
"ENSG00000258555",1.84936426754172,0.113636363636364,"chondrogen","N",5,"SERPINA3-KD",6,12
"ENSG00000258588",1.47990560594145,0.0751964085297419,"chondrogen","N",5,"SERPINA3-KD",6,12
"ENSG00000258643",8.56081331014677,0.735690235690236,"chondrogen","N",5,"SERPINA3-KD",6,12
"ENSG00000258644",9.13690876079324,0.796296296296296,"chondrogen","N",5,"SERPINA3-KD",6,12
"ENSG00000258659",7.33212961284029,0.628787878787879,"chondrogen","N",5,"SERPINA3-KD",6,12
"ENSG00000258684",4.62969764305464,0.393939393939394,"chondrogen","N",5,"SERPINA3-KD",6,12
"ENSG00000258818",10.6469519501254,0.911616161616162,"chondrogen","N",5,"SERPINA3-KD",6,12
"ENSG00000258839",5.30270861473761,0.445566778900112,"chondrogen","N",5,"SERPINA3-KD",6,12
"ENSG00000258890",8.78925930680162,0.76010101010101,"chondrogen","N",5,"SERPINA3-KD",6,12
"ENSG00000258947",6.59307311843977,0.560606060606061,"chondrogen","N",5,"SERPINA3-KD",6,12
"ENSG00000258951",2.75490650148939,0.224747474747475,"chondrogen","N",5,"SERPINA3-KD",6,12
"ENSG00000258984",2.56551632751393,0.202020202020202,"chondrogen","N",5,"SERPINA3-KD",6,12
"ENSG00000259024",7.9077804297163,0.68013468013468,"chondrogen","N",5,"SERPINA3-KD",6,12
"ENSG00000259030",5.35608530776068,0.452581369248036,"chondrogen","N",5,"SERPINA3-KD",6,12
"ENSG00000259040",9.51392834841909,0.830527497194164,"chondrogen","N",5,"SERPINA3-KD",6,12
"ENSG00000259075",6.18089992070574,0.525533108866442,"chondrogen","N",5,"SERPINA3-KD",6,12
"ENSG00000259090",1.01398193235394,0.02665544332211,"chondrogen","N",5,"SERPINA3-KD",6,12
"ENSG00000259112",8.54484144816841,0.733164983164983,"chondrogen","N",5,"SERPINA3-KD",6,12
"ENSG00000259169",1.2842550933708,0.0510662177328844,"chondrogen","N",5,"SERPINA3-KD",6,12
"ENSG00000259305",5.1016399979522,0.43013468013468,"chondrogen","N",5,"SERPINA3-KD",6,12
"ENSG00000259330",6.39086965381346,0.544893378226712,"chondrogen","N",5,"SERPINA3-KD",6,12
"ENSG00000259332",7.28099467699811,0.622895622895623,"chondrogen","N",5,"SERPINA3-KD",6,12
"ENSG00000259399",2.28052237241725,0.170875420875421,"chondrogen","N",5,"SERPINA3-KD",6,12
"ENSG00000259417",1.29558558504431,0.0521885521885522,"chondrogen","N",5,"SERPINA3-KD",6,12
"ENSG00000259431",8.02349913436124,0.691077441077441,"chondrogen","N",5,"SERPINA3-KD",6,12
"ENSG00000259470",0.374761846401456,0.005331088664422,"chondrogen","N",5,"SERPINA3-KD",6,12
"ENSG00000259494",9.16582594029633,0.798260381593715,"chondrogen","N",5,"SERPINA3-KD",6,12
"ENSG00000259571",5.37898104283677,0.455667789001122,"chondrogen","N",5,"SERPINA3-KD",6,12
"ENSG00000259612",3.00093356098738,0.255050505050505,"chondrogen","N",5,"SERPINA3-KD",6,12
"ENSG00000259706",3.20731888106956,0.273569023569024,"chondrogen","N",5,"SERPINA3-KD",6,12
"ENSG00000259948",6.44589608079832,0.548821548821549,"chondrogen","N",5,"SERPINA3-KD",6,12
"ENSG00000259956",8.18389806284905,0.702300785634119,"chondrogen","N",5,"SERPINA3-KD",6,12
"ENSG00000260001",4.37238746135603,0.375982042648709,"chondrogen","N",5,"SERPINA3-KD",6,12
"ENSG00000260027",8.8854629434505,0.77020202020202,"chondrogen","N",5,"SERPINA3-KD",6,12
"ENSG00000260097",2.19797275188169,0.160493827160494,"chondrogen","N",5,"SERPINA3-KD",6,12
"ENSG00000260230",4.80778841966072,0.407407407407407,"chondrogen","N",5,"SERPINA3-KD",6,12
"ENSG00000260238",7.85684396586179,0.675645342312009,"chondrogen","N",5,"SERPINA3-KD",6,12
"ENSG00000260287",1.27794358875213,0.0505050505050505,"chondrogen","N",5,"SERPINA3-KD",6,12
"ENSG00000260428",2.53181145189287,0.198372615039282,"chondrogen","N",5,"SERPINA3-KD",6,12
"ENSG00000260456",6.00733427743058,0.507856341189674,"chondrogen","N",5,"SERPINA3-KD",6,12
"ENSG00000260689",1.99078065229917,0.13047138047138,"chondrogen","N",5,"SERPINA3-KD",6,12
"ENSG00000260691",1.97193249255847,0.127665544332211,"chondrogen","N",5,"SERPINA3-KD",6,12
"ENSG00000260916",12.4163853174157,0.97979797979798,"chondrogen","N",5,"SERPINA3-KD",6,12
"ENSG00000261210",2.12190339884591,0.151234567901235,"chondrogen","N",5,"SERPINA3-KD",6,12
"ENSG00000261221",3.32230973232672,0.283950617283951,"chondrogen","N",5,"SERPINA3-KD",6,12
"ENSG00000261236",5.37887212652429,0.455387205387205,"chondrogen","N",5,"SERPINA3-KD",6,12
"ENSG00000261341",1.27354976347367,0.0493827160493827,"chondrogen","N",5,"SERPINA3-KD",6,12
"ENSG00000261371",6.87771727091879,0.587261503928171,"chondrogen","N",5,"SERPINA3-KD",6,12
"ENSG00000261408",6.11557888029532,0.519079685746352,"chondrogen","N",5,"SERPINA3-KD",6,12
"ENSG00000261456",1.22640324393617,0.0446127946127946,"chondrogen","N",5,"SERPINA3-KD",6,12
"ENSG00000261609",8.47820185098438,0.728675645342312,"chondrogen","N",5,"SERPINA3-KD",6,12
"ENSG00000261652",5.33761897935731,0.449775533108866,"chondrogen","N",5,"SERPINA3-KD",6,12
"ENSG00000261740",9.52531986743026,0.832210998877666,"chondrogen","N",5,"SERPINA3-KD",6,12
"ENSG00000261796",2.7845768804045,0.228114478114478,"chondrogen","N",5,"SERPINA3-KD",6,12
"ENSG00000261819",1.85671498365195,0.114758698092031,"chondrogen","N",5,"SERPINA3-KD",6,12
"ENSG00000261857",5.02033120277392,0.425364758698092,"chondrogen","N",5,"SERPINA3-KD",6,12
"ENSG00000261873",1.92718449702811,0.122615039281706,"chondrogen","N",5,"SERPINA3-KD",6,12
"ENSG00000261934",3.46640910985272,0.296576879910213,"chondrogen","N",5,"SERPINA3-KD",6,12
"ENSG00000262152",2.87882266194795,0.239618406285073,"chondrogen","N",5,"SERPINA3-KD",6,12
"ENSG00000262209",1.42051174145954,0.0687429854096521,"chondrogen","N",5,"SERPINA3-KD",6,12
"ENSG00000262246",4.06940487259686,0.347923681257015,"chondrogen","N",5,"SERPINA3-KD",6,12
"ENSG00000262406",3.93180863345148,0.33641975308642,"chondrogen","N",5,"SERPINA3-KD",6,12
"ENSG00000262461",3.65576272721851,0.315656565656566,"chondrogen","N",5,"SERPINA3-KD",6,12
"ENSG00000262576",5.34644550741649,0.450897867564534,"chondrogen","N",5,"SERPINA3-KD",6,12
"ENSG00000262655",6.14535055568415,0.521043771043771,"chondrogen","N",5,"SERPINA3-KD",6,12
"ENSG00000262664",8.75964643890801,0.755050505050505,"chondrogen","N",5,"SERPINA3-KD",6,12
"ENSG00000262814",8.68492639504037,0.748597081930415,"chondrogen","N",5,"SERPINA3-KD",6,12
"ENSG00000262902",3.94676826656316,0.337822671156005,"chondrogen","N",5,"SERPINA3-KD",6,12
"ENSG00000262919",4.54695799932738,0.387485970819304,"chondrogen","N",5,"SERPINA3-KD",6,12
"ENSG00000263001",11.1462859877003,0.943883277216611,"chondrogen","N",5,"SERPINA3-KD",6,12
"ENSG00000263002",8.73665749671787,0.752525252525252,"chondrogen","N",5,"SERPINA3-KD",6,12
"ENSG00000263266",1.09471343107198,0.0331088664421998,"chondrogen","N",5,"SERPINA3-KD",6,12
"ENSG00000263465",8.99224970337225,0.779461279461279,"chondrogen","N",5,"SERPINA3-KD",6,12
"ENSG00000263528",6.52090484460026,0.55331088664422,"chondrogen","N",5,"SERPINA3-KD",6,12
"ENSG00000263647",3.49997825762638,0.299943883277217,"chondrogen","N",5,"SERPINA3-KD",6,12
"ENSG00000263874",3.32015595756239,0.283389450056117,"chondrogen","N",5,"SERPINA3-KD",6,12
"ENSG00000263956",7.33162432884721,0.628507295173962,"chondrogen","N",5,"SERPINA3-KD",6,12
"ENSG00000264230",0.397805257392801,0.00589225589225589,"chondrogen","N",5,"SERPINA3-KD",6,12
"ENSG00000264343",10.1240202269319,0.880751964085297,"chondrogen","N",5,"SERPINA3-KD",6,12
"ENSG00000264364",6.19145967286051,0.527216610549944,"chondrogen","N",5,"SERPINA3-KD",6,12
"ENSG00000264522",8.53282588285184,0.732042648709315,"chondrogen","N",5,"SERPINA3-KD",6,12
"ENSG00000265107",1.55300323387657,0.0824915824915825,"chondrogen","N",5,"SERPINA3-KD",6,12
"ENSG00000265190",1.77941718913591,0.105780022446689,"chondrogen","N",5,"SERPINA3-KD",6,12
"ENSG00000265241",12.1232881106019,0.973625140291807,"chondrogen","N",5,"SERPINA3-KD",6,12
"ENSG00000265354",10.7580068342081,0.921156004489338,"chondrogen","N",5,"SERPINA3-KD",6,12
"ENSG00000265491",9.55410037115514,0.833333333333333,"chondrogen","N",5,"SERPINA3-KD",6,12
"ENSG00000265681",12.8245946693701,0.984567901234568,"chondrogen","N",5,"SERPINA3-KD",6,12
"ENSG00000265713",2.49559099601694,0.196127946127946,"chondrogen","N",5,"SERPINA3-KD",6,12
"ENSG00000265763",0.495754206839653,0.00701459034792368,"chondrogen","N",5,"SERPINA3-KD",6,12
"ENSG00000265808",12.9938137999993,0.98625140291807,"chondrogen","N",5,"SERPINA3-KD",6,12
"ENSG00000265817",7.03347838351231,0.601010101010101,"chondrogen","N",5,"SERPINA3-KD",6,12
"ENSG00000265972",12.5578226514393,0.980639730639731,"chondrogen","N",5,"SERPINA3-KD",6,12
"ENSG00000266028",9.6486101765293,0.843153759820427,"chondrogen","N",5,"SERPINA3-KD",6,12
"ENSG00000266094",4.88255993930046,0.414141414141414,"chondrogen","N",5,"SERPINA3-KD",6,12
"ENSG00000266127",1.51732980205844,0.0782828282828283,"chondrogen","N",5,"SERPINA3-KD",6,12
"ENSG00000266173",8.86032854401437,0.767676767676768,"chondrogen","N",5,"SERPINA3-KD",6,12
"ENSG00000266338",10.4271596556397,0.89983164983165,"chondrogen","N",5,"SERPINA3-KD",6,12
"ENSG00000266412",12.3905067960141,0.979236812570146,"chondrogen","N",5,"SERPINA3-KD",6,12
"ENSG00000266472",11.0275355263392,0.938552188552189,"chondrogen","N",5,"SERPINA3-KD",6,12
"ENSG00000266964",4.40977885403683,0.377946127946128,"chondrogen","N",5,"SERPINA3-KD",6,12
"ENSG00000266967",9.51156935290419,0.82996632996633,"chondrogen","N",5,"SERPINA3-KD",6,12
"ENSG00000267041",5.1557011062412,0.434343434343434,"chondrogen","N",5,"SERPINA3-KD",6,12
"ENSG00000267060",2.76431438041484,0.225869809203143,"chondrogen","N",5,"SERPINA3-KD",6,12
"ENSG00000267083",1.10070099943568,0.0339506172839506,"chondrogen","N",5,"SERPINA3-KD",6,12
"ENSG00000267221",1.25702100221566,0.047979797979798,"chondrogen","N",5,"SERPINA3-KD",6,12
"ENSG00000267253",1.64197986687328,0.090628507295174,"chondrogen","N",5,"SERPINA3-KD",6,12
"ENSG00000267281",0.647908201623341,0.010662177328844,"chondrogen","N",5,"SERPINA3-KD",6,12
"ENSG00000267361",0.438863746976203,0.00617283950617284,"chondrogen","N",5,"SERPINA3-KD",6,12
"ENSG00000267368",7.37435066714505,0.631593714927048,"chondrogen","N",5,"SERPINA3-KD",6,12
"ENSG00000267508",7.28147412440766,0.62317620650954,"chondrogen","N",5,"SERPINA3-KD",6,12
"ENSG00000267534",9.9440979299609,0.867003367003367,"chondrogen","N",5,"SERPINA3-KD",6,12
"ENSG00000267673",7.83125898733921,0.673400673400673,"chondrogen","N",5,"SERPINA3-KD",6,12
"ENSG00000267680",6.91667219428211,0.589506172839506,"chondrogen","N",5,"SERPINA3-KD",6,12
"ENSG00000267710",1.25575674676383,0.047699214365881,"chondrogen","N",5,"SERPINA3-KD",6,12
"ENSG00000267796",5.62849977532413,0.475869809203143,"chondrogen","N",5,"SERPINA3-KD",6,12
"ENSG00000267855",8.81311226923668,0.761784511784512,"chondrogen","N",5,"SERPINA3-KD",6,12
"ENSG00000268043",6.85007373124914,0.584175084175084,"chondrogen","N",5,"SERPINA3-KD",6,12
"ENSG00000268182",4.15076251686307,0.357182940516274,"chondrogen","N",5,"SERPINA3-KD",6,12
"ENSG00000268964",2.0734827107747,0.143658810325477,"chondrogen","N",5,"SERPINA3-KD",6,12
"ENSG00000269067",0.791465404090898,0.0154320987654321,"chondrogen","N",5,"SERPINA3-KD",6,12
"ENSG00000269113",2.95907148733154,0.249158249158249,"chondrogen","N",5,"SERPINA3-KD",6,12
"ENSG00000269190",8.86319054625228,0.767957351290685,"chondrogen","N",5,"SERPINA3-KD",6,12
"ENSG00000269226",5.69847230862785,0.482603815937149,"chondrogen","N",5,"SERPINA3-KD",6,12
"ENSG00000269313",4.64400294169328,0.394781144781145,"chondrogen","N",5,"SERPINA3-KD",6,12
"ENSG00000269335",8.03799013289411,0.692480359147026,"chondrogen","N",5,"SERPINA3-KD",6,12
"ENSG00000269343",7.57575289445823,0.652637485970819,"chondrogen","N",5,"SERPINA3-KD",6,12
"ENSG00000269374",3.68901275344735,0.318181818181818,"chondrogen","N",5,"SERPINA3-KD",6,12
"ENSG00000269404",2.76243820568832,0.225589225589226,"chondrogen","N",5,"SERPINA3-KD",6,12
"ENSG00000269556",8.32020521266744,0.714646464646465,"chondrogen","N",5,"SERPINA3-KD",6,12
"ENSG00000269713",11.2961502811163,0.948933782267116,"chondrogen","N",5,"SERPINA3-KD",6,12
"ENSG00000269743",5.46873242029708,0.462401795735129,"chondrogen","N",5,"SERPINA3-KD",6,12
"ENSG00000269825",5.61880669763752,0.474186307519641,"chondrogen","N",5,"SERPINA3-KD",6,12
"ENSG00000269858",8.29829350387648,0.711279461279461,"chondrogen","N",5,"SERPINA3-KD",6,12
"ENSG00000269891",3.75197656872096,0.324354657687991,"chondrogen","N",5,"SERPINA3-KD",6,12
"ENSG00000269897",2.57864876287295,0.203703703703704,"chondrogen","N",5,"SERPINA3-KD",6,12
"ENSG00000269955",8.65609104882185,0.745510662177329,"chondrogen","N",5,"SERPINA3-KD",6,12
"ENSG00000270011",5.5615531728199,0.46969696969697,"chondrogen","N",5,"SERPINA3-KD",6,12
"ENSG00000270170",8.92490846821017,0.774130190796857,"chondrogen","N",5,"SERPINA3-KD",6,12
"ENSG00000270181",4.7587769254636,0.404601571268238,"chondrogen","N",5,"SERPINA3-KD",6,12
"ENSG00000270231",8.51470364039223,0.731200897867564,"chondrogen","N",5,"SERPINA3-KD",6,12
"ENSG00000270276",8.25960157949842,0.707631874298541,"chondrogen","N",5,"SERPINA3-KD",6,12
"ENSG00000270388",4.75781957053626,0.404320987654321,"chondrogen","N",5,"SERPINA3-KD",6,12
"ENSG00000270617",2.54518698681622,0.2003367003367,"chondrogen","N",5,"SERPINA3-KD",6,12
"ENSG00000270629",12.374779490851,0.978395061728395,"chondrogen","N",5,"SERPINA3-KD",6,12
"ENSG00000270647",7.27727058115634,0.621492704826038,"chondrogen","N",5,"SERPINA3-KD",6,12
"ENSG00000270757",7.94586848060642,0.6837822671156,"chondrogen","N",5,"SERPINA3-KD",6,12
"ENSG00000270800",10.2935781687708,0.891694725028058,"chondrogen","N",5,"SERPINA3-KD",6,12
"ENSG00000270863",2.68670753641769,0.218574635241302,"chondrogen","N",5,"SERPINA3-KD",6,12
"ENSG00000270882",4.21367517802464,0.363355780022447,"chondrogen","N",5,"SERPINA3-KD",6,12
"ENSG00000270885",5.25466247932425,0.441358024691358,"chondrogen","N",5,"SERPINA3-KD",6,12
"ENSG00000270906",1.58166285697038,0.0858585858585859,"chondrogen","N",5,"SERPINA3-KD",6,12
"ENSG00000271079",0.941712160594434,0.0224466891133558,"chondrogen","N",5,"SERPINA3-KD",6,12
"ENSG00000271092",4.99162331868176,0.422839506172839,"chondrogen","N",5,"SERPINA3-KD",6,12
"ENSG00000271095",1.974289662104,0.127946127946128,"chondrogen","N",5,"SERPINA3-KD",6,12
"ENSG00000271153",0.0983515057897965,0.000841750841750842,"chondrogen","N",5,"SERPINA3-KD",6,12
"ENSG00000271254",8.78396254536599,0.758978675645342,"chondrogen","N",5,"SERPINA3-KD",6,12
"ENSG00000271303",7.7323177817138,0.666666666666667,"chondrogen","N",5,"SERPINA3-KD",6,12
"ENSG00000271321",3.35572348500206,0.287317620650954,"chondrogen","N",5,"SERPINA3-KD",6,12
"ENSG00000271383",10.9557025536433,0.934624017957351,"chondrogen","N",5,"SERPINA3-KD",6,12
"ENSG00000271425",9.83160437027577,0.858866442199775,"chondrogen","N",5,"SERPINA3-KD",6,12
"ENSG00000271447",4.82721787281655,0.408529741863075,"chondrogen","N",5,"SERPINA3-KD",6,12
"ENSG00000271503",4.48062244380103,0.382996632996633,"chondrogen","N",5,"SERPINA3-KD",6,12
"ENSG00000271524",1.35643700684449,0.0594837261503928,"chondrogen","N",5,"SERPINA3-KD",6,12
"ENSG00000271601",9.36880532715698,0.821548821548822,"chondrogen","N",5,"SERPINA3-KD",6,12
"ENSG00000271605",7.17427291748683,0.611672278338945,"chondrogen","N",5,"SERPINA3-KD",6,12
"ENSG00000271647",3.61615678651807,0.311447811447811,"chondrogen","N",5,"SERPINA3-KD",6,12
"ENSG00000271723",1.8314142257712,0.111391694725028,"chondrogen","N",5,"SERPINA3-KD",6,12
"ENSG00000271824",2.05494547604932,0.140852974186308,"chondrogen","N",5,"SERPINA3-KD",6,12
"ENSG00000272031",4.5769958321025,0.390011223344557,"chondrogen","N",5,"SERPINA3-KD",6,12
"ENSG00000272047",9.93626064805903,0.865881032547699,"chondrogen","N",5,"SERPINA3-KD",6,12
"ENSG00000272325",7.81658095335235,0.671717171717172,"chondrogen","N",5,"SERPINA3-KD",6,12
"ENSG00000272333",5.7205605203039,0.485129068462402,"chondrogen","N",5,"SERPINA3-KD",6,12
"ENSG00000272391",7.38387358648501,0.632716049382716,"chondrogen","N",5,"SERPINA3-KD",6,12
"ENSG00000272398",6.18691925053371,0.526374859708193,"chondrogen","N",5,"SERPINA3-KD",6,12
"ENSG00000272414",3.18796426200558,0.272166105499439,"chondrogen","N",5,"SERPINA3-KD",6,12
"ENSG00000272514",2.38317311615439,0.181818181818182,"chondrogen","N",5,"SERPINA3-KD",6,12
"ENSG00000272602",7.39704506984347,0.633838383838384,"chondrogen","N",5,"SERPINA3-KD",6,12
"ENSG00000272674",5.63042833347812,0.476430976430976,"chondrogen","N",5,"SERPINA3-KD",6,12
"ENSG00000272886",10.1987865391793,0.886083052749719,"chondrogen","N",5,"SERPINA3-KD",6,12
"ENSG00000272968",1.30211287362985,0.0535914702581369,"chondrogen","N",5,"SERPINA3-KD",6,12
"ENSG00000273003",5.31484859039857,0.446969696969697,"chondrogen","N",5,"SERPINA3-KD",6,12
"ENSG00000273045",2.41241414560597,0.185185185185185,"chondrogen","N",5,"SERPINA3-KD",6,12
"ENSG00000273079",2.83485399325953,0.234006734006734,"chondrogen","N",5,"SERPINA3-KD",6,12
"ENSG00000273111",5.95633117212973,0.504489337822671,"chondrogen","N",5,"SERPINA3-KD",6,12
"ENSG00000273136",7.31466159045727,0.625701459034792,"chondrogen","N",5,"SERPINA3-KD",6,12
"ENSG00000273173",5.82607947725593,0.491863075196409,"chondrogen","N",5,"SERPINA3-KD",6,12
"ENSG00000273213",6.10876793780225,0.518237934904602,"chondrogen","N",5,"SERPINA3-KD",6,12
"ENSG00000273274",4.43918057282539,0.379349046015713,"chondrogen","N",5,"SERPINA3-KD",6,12
"ENSG00000273294",4.66751054128151,0.39702581369248,"chondrogen","N",5,"SERPINA3-KD",6,12
"ENSG00000273542",4.86564620613426,0.412177328843995,"chondrogen","N",5,"SERPINA3-KD",6,12
"ENSG00000273559",10.1469221814029,0.881593714927048,"chondrogen","N",5,"SERPINA3-KD",6,12
"ENSG00000273597",1.25361872036061,0.0468574635241302,"chondrogen","N",5,"SERPINA3-KD",6,12
"ENSG00000273604",3.41342968646677,0.291806958473625,"chondrogen","N",5,"SERPINA3-KD",6,12
"ENSG00000273611",9.3550367549354,0.81986531986532,"chondrogen","N",5,"SERPINA3-KD",6,12
"ENSG00000273675",2.66894479128127,0.215768799102132,"chondrogen","N",5,"SERPINA3-KD",6,12
"ENSG00000273749",10.8556497753782,0.928451178451178,"chondrogen","N",5,"SERPINA3-KD",6,12
"ENSG00000273802",4.6099217165326,0.393097643097643,"chondrogen","N",5,"SERPINA3-KD",6,12
"ENSG00000273820",4.72616512555536,0.400953984287318,"chondrogen","N",5,"SERPINA3-KD",6,12
"ENSG00000273841",7.96660560513016,0.68658810325477,"chondrogen","N",5,"SERPINA3-KD",6,12
"ENSG00000273899",8.2776124728139,0.70959595959596,"chondrogen","N",5,"SERPINA3-KD",6,12
"ENSG00000273983",1.40078555615636,0.063973063973064,"chondrogen","N",5,"SERPINA3-KD",6,12
"ENSG00000274049",2.25822015029347,0.168350168350168,"chondrogen","N",5,"SERPINA3-KD",6,12
"ENSG00000274070",6.74853294328783,0.573793490460157,"chondrogen","N",5,"SERPINA3-KD",6,12
"ENSG00000274166",4.84922745806472,0.410774410774411,"chondrogen","N",5,"SERPINA3-KD",6,12
"ENSG00000274180",5.54834840622369,0.468574635241302,"chondrogen","N",5,"SERPINA3-KD",6,12
"ENSG00000274211",7.0087610165488,0.598484848484849,"chondrogen","N",5,"SERPINA3-KD",6,12
"ENSG00000274290",3.99653123231887,0.341189674523008,"chondrogen","N",5,"SERPINA3-KD",6,12
"ENSG00000274349",6.03863578439513,0.510662177328844,"chondrogen","N",5,"SERPINA3-KD",6,12
"ENSG00000274386",4.0700118444551,0.348204264870932,"chondrogen","N",5,"SERPINA3-KD",6,12
"ENSG00000274419",3.45569414585025,0.295735129068462,"chondrogen","N",5,"SERPINA3-KD",6,12
"ENSG00000274512",5.9956288586818,0.506734006734007,"chondrogen","N",5,"SERPINA3-KD",6,12
"ENSG00000274523",7.30771916890911,0.624017957351291,"chondrogen","N",5,"SERPINA3-KD",6,12
"ENSG00000274611",1.75707891205481,0.102693602693603,"chondrogen","N",5,"SERPINA3-KD",6,12
"ENSG00000274750",5.22432019519398,0.439955106621773,"chondrogen","N",5,"SERPINA3-KD",6,12
"ENSG00000274810",2.94581568731989,0.247755331088664,"chondrogen","N",5,"SERPINA3-KD",6,12
"ENSG00000274847",4.69530593614842,0.398709315375982,"chondrogen","N",5,"SERPINA3-KD",6,12
"ENSG00000274933",1.29943760873602,0.05331088664422,"chondrogen","N",5,"SERPINA3-KD",6,12
"ENSG00000275004",8.54868994995768,0.733726150392817,"chondrogen","N",5,"SERPINA3-KD",6,12
"ENSG00000275023",9.01800493108182,0.782547699214366,"chondrogen","N",5,"SERPINA3-KD",6,12
"ENSG00000275052",11.6190761911145,0.958473625140292,"chondrogen","N",5,"SERPINA3-KD",6,12
"ENSG00000275066",8.79037836063386,0.760381593714927,"chondrogen","N",5,"SERPINA3-KD",6,12
"ENSG00000275074",4.59325774803041,0.391975308641975,"chondrogen","N",5,"SERPINA3-KD",6,12
"ENSG00000275111",7.48950615766117,0.643658810325477,"chondrogen","N",5,"SERPINA3-KD",6,12
"ENSG00000275160",4.07744863820124,0.349046015712682,"chondrogen","N",5,"SERPINA3-KD",6,12
"ENSG00000275183",3.73891088829992,0.322951739618406,"chondrogen","N",5,"SERPINA3-KD",6,12
"ENSG00000275221",1.46992853347345,0.0729517396184063,"chondrogen","N",5,"SERPINA3-KD",6,12
"ENSG00000275318",2.28862253056088,0.171717171717172,"chondrogen","N",5,"SERPINA3-KD",6,12
"ENSG00000275395",1.42576821101356,0.069304152637486,"chondrogen","N",5,"SERPINA3-KD",6,12
"ENSG00000275410",1.37864298618317,0.0611672278338945,"chondrogen","N",5,"SERPINA3-KD",6,12
"ENSG00000275591",3.02020962224111,0.25645342312009,"chondrogen","N",5,"SERPINA3-KD",6,12
"ENSG00000275700",10.1114566127285,0.879068462401796,"chondrogen","N",5,"SERPINA3-KD",6,12
"ENSG00000275714",2.71968252099274,0.220538720538721,"chondrogen","N",5,"SERPINA3-KD",6,12
"ENSG00000275740",8.31546463255068,0.713804713804714,"chondrogen","N",5,"SERPINA3-KD",6,12
"ENSG00000275778",6.95707544180298,0.593995510662177,"chondrogen","N",5,"SERPINA3-KD",6,12
"ENSG00000275832",5.62704153346018,0.475589225589226,"chondrogen","N",5,"SERPINA3-KD",6,12
"ENSG00000275835",8.87659098478549,0.769079685746352,"chondrogen","N",5,"SERPINA3-KD",6,12
"ENSG00000275869",1.5401216110992,0.0810886644219978,"chondrogen","N",5,"SERPINA3-KD",6,12
"ENSG00000276023",10.1939502958323,0.885802469135803,"chondrogen","N",5,"SERPINA3-KD",6,12
"ENSG00000276043",7.39275835684971,0.63327721661055,"chondrogen","N",5,"SERPINA3-KD",6,12
"ENSG00000276045",4.54528793455882,0.38692480359147,"chondrogen","N",5,"SERPINA3-KD",6,12
"ENSG00000276085",2.26520985900265,0.169753086419753,"chondrogen","N",5,"SERPINA3-KD",6,12
"ENSG00000276127",5.53987642933471,0.467452300785634,"chondrogen","N",5,"SERPINA3-KD",6,12
"ENSG00000276180",7.07976539070203,0.604096520763187,"chondrogen","N",5,"SERPINA3-KD",6,12
"ENSG00000276234",7.47697121808856,0.641975308641975,"chondrogen","N",5,"SERPINA3-KD",6,12
"ENSG00000276293",8.82592048171469,0.763468013468014,"chondrogen","N",5,"SERPINA3-KD",6,12
"ENSG00000276410",2.04760347811755,0.140011223344557,"chondrogen","N",5,"SERPINA3-KD",6,12
"ENSG00000276545",3.71523727596646,0.320987654320988,"chondrogen","N",5,"SERPINA3-KD",6,12
"ENSG00000276547",5.7839618096563,0.48989898989899,"chondrogen","N",5,"SERPINA3-KD",6,12
"ENSG00000276600",7.71944052487543,0.665824915824916,"chondrogen","N",5,"SERPINA3-KD",6,12
"ENSG00000276810",0.893353746872073,0.0199214365881033,"chondrogen","N",5,"SERPINA3-KD",6,12
"ENSG00000276966",4.23602881838448,0.364758698092031,"chondrogen","N",5,"SERPINA3-KD",6,12
"ENSG00000277033",6.84801712112049,0.58361391694725,"chondrogen","N",5,"SERPINA3-KD",6,12
"ENSG00000277075",2.42726244686411,0.187991021324355,"chondrogen","N",5,"SERPINA3-KD",6,12
"ENSG00000277149",6.52132532657511,0.553591470258137,"chondrogen","N",5,"SERPINA3-KD",6,12
"ENSG00000277150",1.9638851860245,0.126543209876543,"chondrogen","N",5,"SERPINA3-KD",6,12
"ENSG00000277161",7.6122931397968,0.655723905723906,"chondrogen","N",5,"SERPINA3-KD",6,12
"ENSG00000277224",1.41149030098465,0.0650953984287318,"chondrogen","N",5,"SERPINA3-KD",6,12
"ENSG00000277258",6.31444806208894,0.537878787878788,"chondrogen","N",5,"SERPINA3-KD",6,12
"ENSG00000277400",5.10833254537037,0.430976430976431,"chondrogen","N",5,"SERPINA3-KD",6,12
"ENSG00000277443",12.2793568294565,0.976430976430976,"chondrogen","N",5,"SERPINA3-KD",6,12
"ENSG00000277462",7.56091740430602,0.650392817059484,"chondrogen","N",5,"SERPINA3-KD",6,12
"ENSG00000277531",1.66896857692879,0.0931537598204265,"chondrogen","N",5,"SERPINA3-KD",6,12
"ENSG00000277586",0.698671675686621,0.0123456790123457,"chondrogen","N",5,"SERPINA3-KD",6,12
"ENSG00000277632",1.50693888741239,0.0768799102132435,"chondrogen","N",5,"SERPINA3-KD",6,12
"ENSG00000277639",3.76799467202964,0.326038159371493,"chondrogen","N",5,"SERPINA3-KD",6,12
"ENSG00000277734",1.47732304804831,0.0740740740740741,"chondrogen","N",5,"SERPINA3-KD",6,12
"ENSG00000277758",4.61595638547975,0.39337822671156,"chondrogen","N",5,"SERPINA3-KD",6,12
"ENSG00000277791",11.0351717743476,0.939113355780022,"chondrogen","N",5,"SERPINA3-KD",6,12
"ENSG00000277865",2.35412145291361,0.178731762065095,"chondrogen","N",5,"SERPINA3-KD",6,12
"ENSG00000277972",8.54875509552018,0.734006734006734,"chondrogen","N",5,"SERPINA3-KD",6,12
"ENSG00000278053",10.5818719611664,0.908810325476992,"chondrogen","N",5,"SERPINA3-KD",6,12
"ENSG00000278129",6.63643460853409,0.564534231200898,"chondrogen","N",5,"SERPINA3-KD",6,12
"ENSG00000278259",7.9836885560121,0.688552188552189,"chondrogen","N",5,"SERPINA3-KD",6,12
"ENSG00000278299",2.05758375867564,0.141694725028058,"chondrogen","N",5,"SERPINA3-KD",6,12
"ENSG00000278301",2.85964131243043,0.23709315375982,"chondrogen","N",5,"SERPINA3-KD",6,12
"ENSG00000278311",11.1716996418495,0.945005611672278,"chondrogen","N",5,"SERPINA3-KD",6,12
"ENSG00000278318",8.21270346159318,0.704545454545455,"chondrogen","N",5,"SERPINA3-KD",6,12
"ENSG00000278522",2.77886235553059,0.22699214365881,"chondrogen","N",5,"SERPINA3-KD",6,12
"ENSG00000278535",3.12808426822957,0.265712682379349,"chondrogen","N",5,"SERPINA3-KD",6,12
"ENSG00000278540",8.46417950070401,0.728395061728395,"chondrogen","N",5,"SERPINA3-KD",6,12
"ENSG00000278570",1.97166217118978,0.127384960718294,"chondrogen","N",5,"SERPINA3-KD",6,12
"ENSG00000278599",1.09173749990658,0.0325476992143659,"chondrogen","N",5,"SERPINA3-KD",6,12
"ENSG00000278615",9.51239575743147,0.830246913580247,"chondrogen","N",5,"SERPINA3-KD",6,12
"ENSG00000278619",5.99100712045718,0.506172839506173,"chondrogen","N",5,"SERPINA3-KD",6,12
"ENSG00000278677",3.55816411230435,0.307239057239057,"chondrogen","N",5,"SERPINA3-KD",6,12
"ENSG00000278705",1.44736867259051,0.0709876543209877,"chondrogen","N",5,"SERPINA3-KD",6,12
"ENSG00000278828",6.16972365026362,0.524410774410774,"chondrogen","N",5,"SERPINA3-KD",6,12
"ENSG00000278845",10.4094795183661,0.897586980920314,"chondrogen","N",5,"SERPINA3-KD",6,12
"ENSG00000279000",1.51599713995285,0.0780022446689113,"chondrogen","N",5,"SERPINA3-KD",6,12
"ENSG00000279170",8.39585276638985,0.721380471380471,"chondrogen","N",5,"SERPINA3-KD",6,12
"ENSG00000279486",1.91247274449722,0.120931537598204,"chondrogen","N",5,"SERPINA3-KD",6,12
"ENSG00000280670",5.63325454825419,0.477553310886644,"chondrogen","N",5,"SERPINA3-KD",6,12
"ENSG00000280789",8.4622019623921,0.727553310886644,"chondrogen","N",5,"SERPINA3-KD",6,12
"ENSG00000281406",1.41541319215489,0.0664983164983165,"chondrogen","N",5,"SERPINA3-KD",6,12
"ENSG00000281709",7.13194612287923,0.608024691358025,"chondrogen","N",5,"SERPINA3-KD",6,12
"ENSG00000281991",4.93076665842847,0.417789001122334,"chondrogen","N",5,"SERPINA3-KD",6,12
"ENSG00000283041",6.80933852727287,0.579124579124579,"chondrogen","N",5,"SERPINA3-KD",6,12
"ENSG00000283154",3.15728032300146,0.269360269360269,"chondrogen","N",5,"SERPINA3-KD",6,12
"ENSG00000283267",1.27366054932993,0.0496632996632997,"chondrogen","N",5,"SERPINA3-KD",6,12
"ENSG00000283268",2.96729392628443,0.251402918069585,"chondrogen","N",5,"SERPINA3-KD",6,12
"ENSG00000283345",2.03269947341614,0.137485970819304,"chondrogen","N",5,"SERPINA3-KD",6,12
"ENSG00000283378",3.00870443352339,0.255892255892256,"chondrogen","N",5,"SERPINA3-KD",6,12
"ENSG00000283473",1.0402145843742,0.0286195286195286,"chondrogen","N",5,"SERPINA3-KD",6,12
"ENSG00000283654",1.18839684058133,0.0412457912457912,"chondrogen","N",5,"SERPINA3-KD",6,12
"ENSG00000283683",2.91693779313155,0.244107744107744,"chondrogen","N",5,"SERPINA3-KD",6,12
"ENSG00000283738",6.74752626314468,0.573232323232323,"chondrogen","N",5,"SERPINA3-KD",6,12
"ENSG00000283787",2.91742374124065,0.244388327721661,"chondrogen","N",5,"SERPINA3-KD",6,12
"ENSG00000283900",1.76909973824797,0.104377104377104,"chondrogen","N",5,"SERPINA3-KD",6,12
"ENSG00000284024",8.41637058961217,0.723625140291807,"chondrogen","N",5,"SERPINA3-KD",6,12
"ENSG00000284130",4.80915931266499,0.407687991021324,"chondrogen","N",5,"SERPINA3-KD",6,12
"ENSG00000284194",7.99506043960618,0.689113355780022,"chondrogen","N",5,"SERPINA3-KD",6,12
"ENSG00000284308",5.70094245830911,0.482884399551066,"chondrogen","N",5,"SERPINA3-KD",6,12
"ENSG00000284337",4.43968540848718,0.37962962962963,"chondrogen","N",5,"SERPINA3-KD",6,12
"ENSG00000284454",5.85084931225416,0.494388327721661,"chondrogen","N",5,"SERPINA3-KD",6,12
"ENSG00000284491",4.0004100877449,0.342031425364759,"chondrogen","N",5,"SERPINA3-KD",6,12
"ENSG00000284505",2.04528634476383,0.13973063973064,"chondrogen","N",5,"SERPINA3-KD",6,12
"ENSG00000284526",6.56301062055388,0.558080808080808,"chondrogen","N",5,"SERPINA3-KD",6,12
"ENSG00000284691",5.14135492738297,0.433221099887767,"chondrogen","N",5,"SERPINA3-KD",6,12
"ENSG00000284753",7.32292573491663,0.627104377104377,"chondrogen","N",5,"SERPINA3-KD",6,12
"ENSG00000284770",8.51319169741065,0.730920314253648,"chondrogen","N",5,"SERPINA3-KD",6,12
"ENSG00000284862",5.00298107016024,0.42368125701459,"chondrogen","N",5,"SERPINA3-KD",6,12
"ENSG00000284874",2.92283584525193,0.244949494949495,"chondrogen","N",5,"SERPINA3-KD",6,12
"ENSG00000284922",5.50184455880439,0.464365881032548,"chondrogen","N",5,"SERPINA3-KD",6,12
"ENSG00000284934",4.25503605870855,0.366442199775533,"chondrogen","N",5,"SERPINA3-KD",6,12
"ENSG00000284976",3.41149785548752,0.291526374859708,"chondrogen","N",5,"SERPINA3-KD",6,12
"ENSG00000284981",2.74958859914859,0.224186307519641,"chondrogen","N",5,"SERPINA3-KD",6,12
"ENSG00000285043",7.59001633428441,0.654320987654321,"chondrogen","N",5,"SERPINA3-KD",6,12
"ENSG00000285077",4.39394026867911,0.377384960718294,"chondrogen","N",5,"SERPINA3-KD",6,12
"ENSG00000285292",9.65653961892751,0.843995510662177,"chondrogen","N",5,"SERPINA3-KD",6,12
"ENSG00000285397",0.968341681001052,0.0252525252525253,"chondrogen","N",5,"SERPINA3-KD",6,12
"ENSG00000285437",8.36294993157635,0.719135802469136,"chondrogen","N",5,"SERPINA3-KD",6,12
"ENSG00000285508",8.30476112367651,0.712121212121212,"chondrogen","N",5,"SERPINA3-KD",6,12
"ENSG00000285815",5.17735915245695,0.435746352413019,"chondrogen","N",5,"SERPINA3-KD",6,12
"ENSG00000285976",11.8504775622926,0.964085297418631,"chondrogen","N",5,"SERPINA3-KD",6,12
"ENSG00000286019",8.91868444730699,0.772446689113356,"chondrogen","N",5,"SERPINA3-KD",6,12
"ENSG00000286053",0.349476715989482,0.00448933782267116,"chondrogen","N",5,"SERPINA3-KD",6,12
"ENSG00000286088",0.84065874836262,0.0179573512906846,"chondrogen","N",5,"SERPINA3-KD",6,12
"ENSG00000286095",1.83120943133832,0.111111111111111,"chondrogen","N",5,"SERPINA3-KD",6,12
"ENSG00000286106",3.59314628998437,0.310606060606061,"chondrogen","N",5,"SERPINA3-KD",6,12
"ENSG00000286112",6.87782913077691,0.587542087542088,"chondrogen","N",5,"SERPINA3-KD",6,12
"ENSG00000286140",7.1131708855147,0.60662177328844,"chondrogen","N",5,"SERPINA3-KD",6,12
"ENSG00000286190",4.90930672356009,0.416105499438833,"chondrogen","N",5,"SERPINA3-KD",6,12
"ENSG00000286219",8.01751312965279,0.690516273849607,"chondrogen","N",5,"SERPINA3-KD",6,12
"ENSG00000286237",6.25343741142293,0.531425364758698,"chondrogen","N",5,"SERPINA3-KD",6,12
"ENSG00000286264",6.28031329940311,0.534231200897868,"chondrogen","N",5,"SERPINA3-KD",6,12
"ENSG00000287080",1.15079902143954,0.0364758698092031,"chondrogen","N",5,"SERPINA3-KD",6,12
"ENSG00000288534",9.16996865490418,0.799102132435466,"chondrogen","N",5,"SERPINA3-KD",6,12
"ENSG00000288558",7.36689298536697,0.631313131313131,"chondrogen","N",5,"SERPINA3-KD",6,12
"ENSG00000288602",5.09647069161843,0.429854096520763,"chondrogen","N",5,"SERPINA3-KD",6,12
"ENSG00000288622",2.47584959693208,0.194163860830528,"chondrogen","N",5,"SERPINA3-KD",6,12
"ENSG00000288675",1.73217262933364,0.0998877665544332,"chondrogen","N",5,"SERPINA3-KD",6,12
"ENSG00000288722",3.37025849289649,0.288439955106622,"chondrogen","N",5,"SERPINA3-KD",6,12
"ENSG00000288784",3.13035428453427,0.265993265993266,"chondrogen","N",5,"SERPINA3-KD",6,12
"ENSG00000288859",9.28262039087004,0.812008978675645,"chondrogen","N",5,"SERPINA3-KD",6,12
"ENSG00000288920",2.69238618947983,0.218855218855219,"chondrogen","N",5,"SERPINA3-KD",6,12
"ENSG00000289604",3.07668554900733,0.260662177328844,"chondrogen","N",5,"SERPINA3-KD",6,12
"ENSG00000291049",2.82161724802716,0.232603815937149,"chondrogen","N",5,"SERPINA3-KD",6,12
"ENSG00000291088",3.09859117427411,0.262345679012346,"chondrogen","N",5,"SERPINA3-KD",6,12
"ENSG00000291223",1.55729687033847,0.0830527497194164,"chondrogen","N",5,"SERPINA3-KD",6,12
"ENSG00000291237",14.2842967135856,0.99635241301908,"chondrogen","N",5,"SERPINA3-KD",6,12
"ENSG00000291316",5.62601742757643,0.475028058361392,"chondrogen","N",5,"SERPINA3-KD",6,12
"ENSG00000291317",7.04981995552525,0.602413019079686,"chondrogen","N",5,"SERPINA3-KD",6,12
"ENSG00000293268",5.59929363129155,0.473063973063973,"chondrogen","N",5,"SERPINA3-KD",6,12
