symbol,delta,n_sonden,donorkons
A1BG,0.02496569416245332,6,0.8333333333333334
A1CF,0.05459287614292319,4,0.75
A2BP1,0.040496750929497075,67,0.8507462686567164
A2LD1,0.012291100867290456,10,0.7
A2M,0.0680395477292387,3,1.0
A2ML1,0.026009314860950438,5,0.8
A4GALT,0.018032528048187706,15,0.8
A4GNT,0.05206333103192108,4,1.0
AAA1,0.04549424309677736,5,1.0
AAAS,0.015784116238892372,10,0.6
AACS,0.018882501703632707,9,0.7777777777777778
AACSL,0.03420426345692644,5,1.0
AADAC,0.046337737190305185,3,1.0
AADACL2,0.04364357582466011,1,1.0
AADACL3,0.042132130067992456,8,1.0
AADACL4,0.09655234716619976,4,1.0
AADAT,0.015403786430219547,11,0.7272727272727273
AAGAB,0.017295905741344937,10,0.9
AAK1,0.02564487749086489,9,0.8888888888888888
AAMP,0.010895029722007428,14,0.7857142857142857
AANAT,0.022468138742471715,22,0.8636363636363636
AARS,0.02127570258561938,15,0.8
AARS2,0.02439369894570663,12,0.8333333333333334
AARSD1,0.01430542583912609,19,0.7894736842105263
AASDH,0.02255349540605603,14,0.7857142857142857
AASDHPPT,0.018007469897835124,22,0.7272727272727273
AASS,0.026903255065077243,15,0.8666666666666667
AATF,0.02073377485264986,10,0.7
AATK,0.006254810704877859,4,1.0
ABAT,0.020177879684074248,30,0.9
ABCA1,0.012213923005016421,13,0.7692307692307693
ABCA10,0.03191721758088393,2,0.5
ABCA11P,0.036142772745319615,5,1.0
ABCA12,0.046193299011644776,2,1.0
ABCA17P,0.013281664715016097,4,0.75
ABCA2,0.027373904895626074,6,1.0
ABCA3,0.022174890588738304,13,0.8461538461538461
ABCA4,0.01751705758748146,7,0.7142857142857143
ABCA5,0.008933661530558676,17,0.7647058823529411
ABCA6,0.06674502030081811,3,1.0
ABCA7,0.023758225423106724,9,0.8888888888888888
ABCA8,0.027325171093716145,3,0.3333333333333333
ABCA9,0.058461597920650143,4,0.75
ABCB1,0.025957377496475774,26,0.7307692307692307
ABCB10,0.018987110126851493,5,0.8
ABCB11,0.046321732773068024,4,1.0
ABCB4,0.006966333122396878,7,0.7142857142857143
ABCB5,0.016047278079511153,9,0.5555555555555556
ABCB6,0.012494188806473173,11,0.9090909090909091
ABCB7,0.04171513344369847,9,0.8888888888888888
ABCB8,0.02917175949333214,9,1.0
ABCB9,0.02304227478509391,35,0.8571428571428571
ABCC1,0.026747179914866376,7,0.8571428571428571
ABCC10,0.029230563356810707,4,0.75
ABCC11,0.011089899109399231,6,1.0
ABCC12,-0.1408675918900753,5,0.8
ABCC13,0.014868771180284193,4,0.0
ABCC2,0.02147880365630005,5,0.8
ABCC3,0.007831534151849534,10,0.8
ABCC4,0.021914052664693633,6,1.0
ABCC5,0.01551265569634889,12,0.9166666666666666
ABCC6P1,0.031110043730203513,2,1.0
ABCC6P2,0.04019219434895271,2,1.0
ABCC8,0.01938004642490611,12,0.5833333333333334
ABCC9,-0.015749387499838063,4,0.0
ABCD1,0.03319553710382447,12,0.75
ABCD2,0.05336722123732116,6,0.8333333333333334
ABCD3,0.01994032472476851,11,0.8181818181818182
ABCD4,0.023378733363336623,7,0.7142857142857143
ABCE1,0.027483116159053477,19,0.8421052631578947
ABCF1,0.01887838541182128,25,0.84
ABCF2,0.012835630616683255,13,0.9230769230769231
ABCF3,-0.009079302279973353,10,0.8
ABCG1,0.020531903297261858,23,0.782608695652174
ABCG2,0.014463551959497115,13,0.6153846153846154
ABCG4,0.02008318247658286,11,0.7272727272727273
ABCG5,0.038684750444688776,13,0.9230769230769231
ABCG8,0.03826695323255997,20,0.9
ABHD1,0.024867444879142785,7,0.7142857142857143
ABHD10,0.01918959564746101,11,0.5454545454545454
ABHD11,0.009525398553135944,9,0.7777777777777778
ABHD12,0.016433750966578516,8,0.625
ABHD12B,0.00582182863142102,7,0.8571428571428571
ABHD13,0.012872027013846937,15,0.7333333333333333
ABHD14A,0.01571061855550343,15,0.8
ABHD14B,0.019024484204283047,18,0.8333333333333334
ABHD15,0.015092879407437145,8,0.75
ABHD2,-0.003745456151707797,17,0.7647058823529411
ABHD3,0.015489979002644504,11,0.7272727272727273
ABHD4,0.022384958624477386,9,0.7777777777777778
ABHD5,0.02094351265008932,13,0.8461538461538461
ABHD6,0.023762544584115284,14,0.9285714285714286
ABHD8,0.024276639681509945,13,0.7692307692307693
ABI1,0.031140683539721343,10,1.0
ABI2,0.013826412865652712,9,0.6666666666666666
ABI3,0.02448335103487526,10,0.8
ABI3BP,0.031267995879925604,5,0.6
ABL1,0.029050444113258588,17,0.8823529411764706
ABL2,0.03334736325330677,12,0.8333333333333334
ABLIM1,0.03648637478364857,25,0.84
ABLIM2,0.00796374563376977,9,0.7777777777777778
ABLIM3,0.02647004837904708,15,0.8666666666666667
ABO,0.04011988551192571,3,1.0
ABP1,0.05186096035439391,8,1.0
ABR,0.023136478551731173,77,0.7532467532467533
ABRA,0.007407365144710604,7,0.8571428571428571
ABT1,0.010382260569910701,7,0.5714285714285714
ABTB1,0.01260126480923109,10,0.6
ABTB2,0.008071292208056469,11,0.6363636363636364
ACAA1,0.019045717886501983,12,0.6666666666666666
ACAA2,0.023111007381682123,7,0.7142857142857143
ACACA,0.004859546506041277,34,0.6470588235294118
ACACB,0.0498809991042239,4,1.0
ACAD10,0.018227157525064035,17,0.8823529411764706
ACAD11,0.025912269601352022,11,0.8181818181818182
ACAD8,0.017464958975474204,14,0.8571428571428571
ACAD9,0.015095688477697192,14,0.7857142857142857
ACADL,0.0283371429810805,9,0.7777777777777778
ACADM,0.018046132963899175,15,0.6666666666666666
ACADS,0.010143463636968476,9,0.5555555555555556
ACADSB,0.014496105904791175,11,0.7272727272727273
ACADVL,0.025363844513562207,11,0.8181818181818182
ACAN,-0.04189858753148485,11,0.8181818181818182
ACAP1,0.05246012849104416,5,1.0
ACAP2,0.0256302612128526,10,0.9
ACAP3,0.011306052284027788,8,0.625
ACAT1,0.007890135224748386,11,0.6363636363636364
ACAT2,0.019806285991962897,14,0.7142857142857143
ACBD3,0.013937652660006692,12,0.9166666666666666
ACBD4,0.018607953383881014,23,0.8260869565217391
ACBD5,0.020256781174297148,15,0.7333333333333333
ACBD6,0.017449113891014615,12,0.8333333333333334
ACBD7,0.025236579610962685,8,0.875
ACCN1,0.03285574272477631,23,0.8260869565217391
ACCN2,0.025316992602088417,11,0.7272727272727273
ACCN3,0.025541235901183693,13,0.8461538461538461
ACCN4,0.01511131373799168,18,0.7222222222222222
ACCN5,0.04145944829691715,3,1.0
ACCS,0.00787594817993727,13,0.6923076923076923
ACCSL,0.05207556547361436,4,1.0
ACD,0.018964494180482627,27,0.7407407407407407
ACE,0.016710384412094992,13,0.6923076923076923
ACE2,0.04093214865153158,6,0.8333333333333334
ACER1,0.02773406765421302,7,0.7142857142857143
ACER2,0.03834774498305565,3,1.0
ACER3,0.021584939381180505,6,0.6666666666666666
ACHE,0.012193623047410165,16,0.8125
ACIN1,0.017534918475150763,17,0.7647058823529411
ACLY,-0.007274947998841987,16,0.9375
ACMSD,0.04127763542338258,3,1.0
ACN9,0.020779393054500238,7,1.0
ACO1,0.024571384354362333,9,1.0
ACO2,0.02161144913059821,13,0.7692307692307693
ACOT1,0.037816146242656196,3,1.0
ACOT11,0.005053517541432848,6,1.0
ACOT12,0.02565179579830477,5,0.6
ACOT13,0.014366957743901976,15,0.6
ACOT2,0.02068161524762376,7,0.5714285714285714
ACOT4,0.012367598907950233,10,0.9
ACOT6,0.03797731477236741,6,1.0
ACOT7,0.016965926064675594,29,0.7586206896551724
ACOT8,0.022685005170405545,10,0.9
ACOT9,0.027295392748671474,11,1.0
ACOX1,0.012938083655355065,12,0.75
ACOX2,0.07659691911012427,5,1.0
ACOX3,0.02322730906746982,31,0.8387096774193549
ACOXL,0.03473254980514028,11,0.8181818181818182
ACP1,0.010329772500869737,17,0.5882352941176471
ACP2,0.019025165975975165,15,1.0
ACP5,0.016304644507121466,14,0.7857142857142857
ACP6,0.011953319406506183,15,0.8666666666666667
ACPL2,-0.011953906841435907,15,0.8
ACPP,0.04961654588166068,3,1.0
ACPT,0.01578319952842716,8,0.75
ACR,0.043239070466254886,5,1.0
ACRBP,0.01619932718868393,6,1.0
ACRC,0.01515817356257674,8,0.75
ACRV1,0.012000335843871501,4,0.5
ACSBG1,0.04980533748368275,5,1.0
ACSBG2,0.031978328260921805,5,1.0
ACSF2,0.02520642988836373,7,0.8571428571428571
ACSF3,0.02260064033141016,29,0.7931034482758621
ACSL1,0.015008940671990616,18,0.7777777777777778
ACSL3,0.026561034002875926,15,0.7333333333333333
ACSL4,0.04232769931895659,11,1.0
ACSL5,0.04053185442062633,16,0.9375
ACSL6,0.014414342655735275,9,0.7777777777777778
ACSM1,0.04173917512581437,6,0.8333333333333334
ACSM3,0.04670695266318333,7,1.0
ACSM4,0.04443543280529539,3,1.0
ACSM5,0.029953918789005867,5,0.8
ACSS1,0.02096248386105665,12,0.6666666666666666
ACSS2,0.03057691659389645,8,0.875
ACSS3,0.024052071576778376,13,0.8461538461538461
ACTA1,0.02443174496503072,17,0.7058823529411765
ACTA2,0.028539102025070925,33,0.7575757575757576
ACTB,0.005205051913024068,11,0.7272727272727273
ACTBL2,-0.03173812277484063,7,0.7142857142857143
ACTC1,0.029755929979970723,8,1.0
ACTG1,0.00720859850996483,15,0.6666666666666666
ACTG2,0.019380493876757533,7,0.7142857142857143
ACTL6A,0.025715974174929192,11,0.8181818181818182
ACTL6B,0.04971415742985339,5,1.0
ACTL7A,0.022567122956342167,5,0.8
ACTL7B,0.027607562742576426,8,1.0
ACTL8,0.017702876401389466,5,1.0
ACTL9,0.03401334424645094,12,0.75
ACTN1,0.015266016872983536,9,0.7777777777777778
ACTN2,0.019316263091598434,10,0.7
ACTN3,0.016586076720021332,15,0.7333333333333333
ACTN4,0.013740114885157056,9,0.6666666666666666
ACTR10,0.030679801125430506,7,1.0
ACTR1A,0.019289914931916508,14,0.7857142857142857
ACTR1B,0.011361254299246476,13,0.6923076923076923
ACTR2,0.01940479468823314,10,0.7
ACTR3,0.01861924731568512,11,0.8181818181818182
ACTR3B,0.013392099125276146,6,0.6666666666666666
ACTR3C,0.027455764260135313,28,0.7857142857142857
ACTR5,0.03152078305763037,8,1.0
ACTR6,0.019900048329871894,9,0.7777777777777778
ACTR8,0.01628895274452945,8,0.75
ACTRT1,0.010407106366758304,2,0.5
ACTRT2,0.025675865066939276,13,0.7692307692307693
ACVR1,0.014704774876585096,16,0.75
ACVR1B,0.011141010404496615,3,1.0
ACVR1C,0.02787745948980854,20,0.85
ACVR2A,0.026658149750796632,10,0.8
ACVR2B,0.0171619871492483,7,0.8571428571428571
ACVRL1,0.027660557289105173,13,0.8461538461538461
ACY1,0.017538696407098594,6,0.6666666666666666
ACY3,0.03478968010069896,13,0.8461538461538461
ACYP1,0.01517437493700603,10,0.8
ACYP2,0.02198341378693572,4,0.5
ADA,0.010231011736068038,5,0.6
ADAD1,0.022080342889608598,17,0.6470588235294118
ADAD2,0.03380826336067791,9,0.8888888888888888
ADAL,0.02120817995993445,17,0.7058823529411765
ADAM10,0.02392266650380443,7,0.7142857142857143
ADAM11,0.005163519087062529,6,0.6666666666666666
ADAM12,-0.034833111866152254,11,1.0
ADAM15,-0.00023723185078716388,8,0.625
ADAM17,0.02102833759330141,10,0.9
ADAM18,0.04117233932403264,6,0.8333333333333334
ADAM19,0.013640503422066965,9,0.5555555555555556
ADAM2,0.008233767835662107,7,0.7142857142857143
ADAM20,0.019243601026171148,2,0.5
ADAM21,0.0660097376777432,3,1.0
ADAM21P1,0.029799283298319837,2,0.5
ADAM22,0.014950324034727246,10,0.7
ADAM23,0.028582751676020132,9,0.8888888888888888
ADAM28,0.031124982563270186,3,1.0
ADAM29,0.0472346849478948,10,0.9
ADAM30,0.026749590868019344,9,0.7777777777777778
ADAM32,0.017111927097113823,10,0.7
ADAM33,0.02549565642371731,4,0.75
ADAM3A,0.059413670362599924,1,1.0
ADAM5P,0.032492817801894634,9,1.0
ADAM6,0.04039199076975282,4,1.0
ADAM7,0.06787382383512632,2,1.0
ADAM8,0.02805930183499164,6,0.8333333333333334
ADAM9,0.012535571680584686,17,0.5294117647058824
ADAMDEC1,0.035987868095361954,4,0.75
ADAMTS1,0.022023366504086914,9,0.6666666666666666
ADAMTS10,0.007423975241524062,8,0.75
ADAMTS12,0.034808118226751124,5,0.8
ADAMTS13,0.031745943326258956,4,0.75
ADAMTS14,0.0037086307607205587,9,0.5555555555555556
ADAMTS15,0.01743921361574168,12,0.6666666666666666
ADAMTS16,0.02289667528148174,20,0.6
ADAMTS17,0.01221997625628821,10,0.6
ADAMTS18,0.024302278204598547,9,0.7777777777777778
ADAMTS19,0.02170953414561367,8,1.0
ADAMTS2,0.01709762015851206,8,0.75
ADAMTS20,0.035401527460424846,8,0.75
ADAMTS3,0.020741670386872278,7,0.7142857142857143
ADAMTS4,0.030624915803196838,10,0.7
ADAMTS5,0.02993806488201736,13,0.9230769230769231
ADAMTS6,0.035359367365713976,11,0.8181818181818182
ADAMTS7,0.02867957966467276,6,0.6666666666666666
ADAMTS8,0.01501101151917001,17,0.6470588235294118
ADAMTS9,0.017154279943349747,7,0.5714285714285714
ADAMTSL1,0.02010632241821298,2,0.5
ADAMTSL2,0.018798355711869157,8,0.875
ADAMTSL3,0.013005213372837107,10,0.6
ADAMTSL4,0.01157536331312724,14,0.7857142857142857
ADAMTSL5,0.025437174827422075,9,0.6666666666666666
ADAP1,0.046627988726231445,3,1.0
ADAP2,0.03157676146804403,9,0.6666666666666666
ADAR,0.02587359184297484,27,0.7407407407407407
ADARB1,0.03675147799060648,30,0.7333333333333333
ADARB2,0.021325502714673705,12,0.9166666666666666
ADAT1,0.018650087247541036,11,0.8181818181818182
ADAT2,0.016880635566863332,14,0.5714285714285714
ADAT3,0.003647128626556215,17,0.8235294117647058
ADC,0.014775577465770809,17,0.7647058823529411
ADCK1,0.015313382590931108,11,0.8181818181818182
ADCK2,0.02069839423824689,10,1.0
ADCK4,0.014667218890431327,17,0.6470588235294118
ADCK5,0.02001238865731775,6,0.6666666666666666
ADCY1,0.004933067147655507,8,0.5
ADCY10,0.028850529995091866,6,0.6666666666666666
ADCY2,0.027073272550413818,6,0.5
ADCY3,0.03318045602154037,13,0.6153846153846154
ADCY4,0.033878059703632384,12,0.8333333333333334
ADCY5,0.019942154219292286,11,0.8181818181818182
ADCY6,0.030177792223111594,23,0.9565217391304348
ADCY7,0.02780677465490371,6,0.8333333333333334
ADCY8,0.023436047074203034,12,1.0
ADCY9,0.011715237855513403,10,0.6
ADCYAP1,0.0217690157831748,16,0.75
ADCYAP1R1,0.030500159955395765,12,0.8333333333333334
ADD1,0.019231071952686234,14,0.8571428571428571
ADD2,0.0278607020739985,23,0.782608695652174
ADD3,0.019597712108295376,22,0.7272727272727273
ADH1A,0.03750351946699246,2,1.0
ADH1B,0.04605770822083274,3,1.0
ADH1C,0.05134756512058185,4,1.0
ADH4,0.026656323944138374,1,1.0
ADH5,0.012330241591916105,10,0.6
ADH6,0.030962967342214473,4,0.5
ADH7,0.03900661615848332,2,0.5
ADHFE1,0.027257586007347585,8,1.0
ADI1,0.009420748921805227,6,0.8333333333333334
ADIG,-0.026019521009315073,5,1.0
ADIPOQ,0.05347714449644531,8,0.875
ADIPOR1,0.01331892804338319,17,0.5294117647058824
ADIPOR2,0.0021733279764773084,15,0.6
ADK,0.021768308479127092,20,0.85
ADM,0.005473872004051202,17,0.6470588235294118
ADM2,0.01728436492393914,10,0.8
ADNP,0.01668534075298806,14,0.5714285714285714
ADNP2,0.027165605901804796,8,0.75
ADO,0.016127210596952872,17,0.8235294117647058
ADORA1,0.029425327754279983,12,0.75
ADORA2A,0.027180050209739022,13,0.6923076923076923
ADORA2B,0.010270145415394382,12,0.6666666666666666
ADORA3,0.03511361237638057,8,0.875
ADPGK,0.018254172754016237,11,0.7272727272727273
ADPRH,-0.0025946345845803674,12,0.75
ADPRHL1,0.013739348599714532,27,0.7777777777777778
ADPRHL2,0.03199787817701785,7,0.8571428571428571
ADRA1A,0.030857681124332948,12,0.9166666666666666
ADRA1B,0.023049700576391413,9,0.6666666666666666
ADRA1D,0.01247231879378403,7,0.5714285714285714
ADRA2A,0.02274234683255231,15,0.8
ADRA2B,0.027190520380712947,10,0.7
ADRA2C,0.01249557955337971,14,0.6428571428571429
ADRB1,0.04018025521372756,9,0.7777777777777778
ADRB2,0.01723191968815504,11,0.7272727272727273
ADRB3,0.025447913503817525,13,0.7692307692307693
ADRBK1,0.017312874586453274,8,0.625
ADRBK2,0.00947245221235221,8,0.625
ADRM1,0.012489414056084653,9,0.8888888888888888
ADSL,0.02195832036810628,10,0.8
ADSS,0.007981756841670747,11,0.45454545454545453
ADSSL1,0.017770781464905603,13,0.6923076923076923
AEBP1,-0.0009436823365118521,9,0.8888888888888888
AEBP2,0.014948003640370505,7,0.8571428571428571
AEN,0.011014513620421858,16,0.5625
AES,0.01365681063029666,8,0.75
AFAP1,0.020427881365744034,28,0.7857142857142857
AFAP1L1,0.01386988916267975,5,0.6
AFAP1L2,0.01773312209136472,8,0.625
AFARP1,0.03038096860500336,6,1.0
AFF1,0.01899461807731537,30,0.6666666666666666
AFF2,0.02580813774939587,13,0.8461538461538461
AFF3,0.04416464878450389,17,0.8823529411764706
AFF4,0.020004980761769386,9,0.6666666666666666
AFG3L1,0.019117571097283088,11,0.9090909090909091
AFG3L2,0.014491688595115338,10,0.7
AFM,0.037891633717835826,2,1.0
AFMID,0.021518122962648215,8,1.0
AFP,0.0024021225600531215,1,0.0
AFTPH,0.01808915097330824,12,0.5
AGA,0.026163236334243594,7,1.0
AGAP1,0.022495694253189445,8,0.875
AGAP11,0.029876233036814772,15,0.8
AGAP2,0.02583920560413049,18,0.7777777777777778
AGAP3,0.016721884063562408,9,0.7777777777777778
AGAP4,0.03106239309764508,2,1.0
AGAP5,0.009933490607155602,7,0.7142857142857143
AGAP6,0.038372722561532874,3,1.0
AGAP7,0.032499468840846035,3,1.0
AGBL1,0.052856561493070685,6,1.0
AGBL2,0.022077510879382076,9,0.5555555555555556
AGBL3,0.020963276534361513,12,0.75
AGBL4,0.019546016610052973,14,0.6428571428571429
AGBL5,0.01324138883863031,17,0.6470588235294118
AGER,0.03793285228724307,4,0.5
AGFG1,0.014967539440003789,9,0.4444444444444444
AGFG2,0.01946670723911953,8,0.75
AGGF1,0.027186242187500008,9,0.6666666666666666
AGK,0.019846729101447542,12,0.75
AGL,0.019242267187433753,21,0.6666666666666666
AGMAT,0.016434879638854212,5,0.4
AGPAT1,0.024625279856111723,67,0.8208955223880597
AGPAT2,0.017211605024546914,4,1.0
AGPAT3,0.018726742543895118,21,0.7142857142857143
AGPAT4,0.026466826269281603,18,0.9444444444444444
AGPAT5,0.020243923151282175,13,0.9230769230769231
AGPAT6,0.015504995336242104,11,0.45454545454545453
AGPAT9,0.024839142782428728,12,0.9166666666666666
AGPHD1,0.01855102922465093,11,0.7272727272727273
AGPS,0.004074873768255179,12,0.75
AGR2,0.028777422637041597,4,0.5
AGR3,0.016497742296048157,5,0.4
AGRN,0.01681771426042888,8,0.875
AGRP,0.0316211008040591,7,0.8571428571428571
AGT,0.03080374729531036,7,0.8571428571428571
AGTPBP1,0.020524157042262323,5,0.6
AGTR1,0.02772229125165193,15,0.6666666666666666
AGTRAP,0.012765705871134467,13,0.7692307692307693
AGXT,0.044327958843745706,7,0.8571428571428571
AGXT2,0.02066849717097491,4,0.75
AGXT2L1,0.028025444180749693,6,0.8333333333333334
AGXT2L2,0.03403351130968697,8,1.0
AHCTF1,0.01790303003182506,7,0.7142857142857143
AHCY,0.020810703836912938,24,0.7916666666666666
AHCYL1,0.02969663082175492,13,0.9230769230769231
AHCYL2,0.014414823445388004,15,0.8666666666666667
AHDC1,0.004574678574893201,39,0.7692307692307693
AHI1,0.015191466733036472,15,0.6666666666666666
AHNAK,0.023040618674651653,21,0.8571428571428571
AHNAK2,0.01162905007372943,9,0.6666666666666666
AHR,0.008963970754338666,10,0.6
AHRR,0.04247828354352653,3,1.0
AHSA1,0.0160180675901297,13,0.6923076923076923
AHSA2,0.012972013451987152,12,0.9166666666666666
AHSG,0.023717026439132673,7,0.7142857142857143
AHSP,0.04873783471110082,6,1.0
AICDA,0.06758335816796016,2,1.0
AIDA,0.01873107792098714,14,0.5714285714285714
AIF1,0.037196099950025784,6,0.8333333333333334
AIF1L,0.03534130782962736,3,1.0
AIFM1,0.031173714331531474,16,0.75
AIFM2,0.02882865745934113,18,0.7777777777777778
AIFM3,0.03745972992227616,17,0.9411764705882353
AIG1,0.016129681774588987,11,0.7272727272727273
AIM1,0.018616594638053104,15,0.7333333333333333
AIM1L,0.03615881003998002,5,1.0
AIM2,-0.044311721074955415,8,0.625
AIMP1,0.04048465035789233,15,0.9333333333333333
AIMP2,0.011817443926920327,11,0.7272727272727273
AIP,0.025865218226944417,11,0.7272727272727273
AIPL1,0.012361422159712044,8,0.625
AIRE,0.02192585038248814,17,0.7647058823529411
AJAP1,0.01126725666095098,9,0.5555555555555556
AK1,-0.07417494582135613,6,0.8333333333333334
AK2,0.019943632267718708,10,0.8
AK3,0.01812826405086357,6,0.3333333333333333
AK3L1,0.016911514380102043,15,0.8
AK5,0.01686129380075925,15,0.6
AK7,0.01820616793995934,14,0.6428571428571429
AKAP1,0.013995851110855672,16,0.8125
AKAP10,0.029867443053203782,8,0.875
AKAP11,0.011563820169858414,11,0.6363636363636364
AKAP12,0.027880431932847716,22,0.9090909090909091
AKAP13,0.023078154402588077,36,0.6944444444444444
AKAP14,0.04451065607255804,4,1.0
AKAP2,0.0077594749678148115,4,1.0
AKAP3,0.02711066178342571,3,0.3333333333333333
AKAP4,0.0528855114546144,5,1.0
AKAP5,0.01675808084007659,12,0.75
AKAP6,0.02609804184199457,13,0.6923076923076923
AKAP7,-0.03344259618202669,2,1.0
AKAP8,0.009039586990499554,12,0.75
AKAP8L,0.022947305560558403,14,0.8571428571428571
AKAP9,0.0212850622756687,9,0.7777777777777778
AKD1,0.021585494182941117,23,0.7391304347826086
AKIRIN1,0.01491348835779317,13,0.6153846153846154
AKIRIN2,0.019381392172945988,9,0.6666666666666666
AKNA,0.04562214816059826,6,1.0
AKNAD1,0.03934308201416631,7,0.7142857142857143
AKR1A1,0.02450500626684304,14,0.9285714285714286
AKR1B1,0.013232959651277435,12,0.8333333333333334
AKR1B10,0.038264345599377324,4,1.0
AKR1B15,0.035674836234423135,8,0.875
AKR1C1,0.033270626416626425,2,1.0
AKR1C2,0.05674548714654248,8,1.0
AKR1C3,0.016085404915588353,1,0.0
AKR1C4,0.038490346651402135,4,0.75
AKR1CL1,0.06251748753712194,4,0.75
AKR1D1,0.05227767641108352,5,1.0
AKR1E2,0.016293290149364797,10,0.7
AKR7A2,0.014438879837037793,12,0.8333333333333334
AKR7A3,0.032209981337665776,12,0.6666666666666666
AKR7L,0.01407015612535717,11,0.8181818181818182
AKT1,-1.4028948495956097e-05,12,0.6666666666666666
AKT1S1,0.021557644116819777,21,0.7619047619047619
AKT2,0.030248341680085906,17,0.8823529411764706
AKT3,0.013812390837516175,2,0.0
AKTIP,0.020311625145679246,16,0.8125
ALAD,0.019375545272692935,7,0.7142857142857143
ALAS1,0.007010955565526453,8,0.625
ALAS2,0.04008633595179692,4,0.75
ALB,-0.0005277363200230228,2,0.0
ALCAM,0.016925784754971033,14,0.7142857142857143
ALDH16A1,0.019028167786520143,6,0.6666666666666666
ALDH18A1,0.020459921616805432,13,0.7692307692307693
ALDH1A1,0.05888907164038376,1,1.0
ALDH1A2,0.020840095137684478,13,0.6923076923076923
ALDH1A3,0.021418953438434644,18,0.6666666666666666
ALDH1B1,0.030085227379968087,7,0.8571428571428571
ALDH1L1,0.018935233714572033,20,0.75
ALDH1L2,0.022705811542629177,9,0.7777777777777778
ALDH2,0.01761644650404711,9,0.6666666666666666
ALDH3A1,0.022857361196996325,20,0.8
ALDH3A2,0.018984281414929194,9,0.7777777777777778
ALDH3B1,0.032019859093943955,19,0.9473684210526315
ALDH3B2,0.04447585862196643,12,1.0
ALDH4A1,0.017859493852087203,21,0.6666666666666666
ALDH5A1,0.025201882547885433,9,0.7777777777777778
ALDH6A1,0.020658461986190185,14,0.8571428571428571
ALDH7A1,0.02166703289966439,10,0.7
ALDH8A1,0.0535116226502902,6,1.0
ALDH9A1,0.020440511347157093,8,0.625
ALDOA,0.01732833934670855,25,0.76
ALDOB,0.05396328038555691,5,1.0
ALDOC,-0.000501577064565253,11,0.7272727272727273
ALG1,0.021458811514448152,8,0.625
ALG10,0.0347130946187713,7,0.8571428571428571
ALG10B,0.025038357243162196,10,0.5
ALG11,0.01574171505844861,18,0.8888888888888888
ALG12,0.026136320033833194,17,0.8235294117647058
ALG13,0.009319285217906842,8,0.625
ALG14,0.012465618246366848,11,0.45454545454545453
ALG1L,0.03507990192138845,3,1.0
ALG1L2,0.05123534580335677,4,1.0
ALG2,0.0219931871026748,3,1.0
ALG3,0.015660209349925475,18,0.8333333333333334
ALG5,0.023414883255134255,12,0.6666666666666666
ALG6,0.0259564785145859,10,0.9
ALG8,0.01647558100336265,11,0.7272727272727273
ALG9,0.023481870148950885,14,0.8571428571428571
ALK,0.017940432986719778,12,0.5833333333333334
ALKBH1,0.019166379460160317,10,0.8
ALKBH2,0.014394875473092523,12,0.8333333333333334
ALKBH3,0.01478111936298372,12,0.75
ALKBH4,0.006402296233682913,8,0.75
ALKBH5,0.011365065577202987,14,0.8571428571428571
ALKBH6,0.027476230530272178,10,0.9
ALKBH7,0.033308432235833095,7,1.0
ALKBH8,0.027883428223968887,14,0.8571428571428571
ALLC,0.014839108751406885,19,0.631578947368421
ALMS1,0.023822258223273742,9,0.7777777777777778
ALMS1P,0.04770501942628948,8,1.0
ALOX12,0.026799787437360924,11,0.8181818181818182
ALOX12B,0.03427793468846713,8,1.0
ALOX12P2,0.04332356851363763,7,1.0
ALOX15,0.03498794148851252,8,0.75
ALOX15B,0.030814284272579973,5,1.0
ALOX5,0.023034335555588224,11,0.6363636363636364
ALOX5AP,0.026733479639850694,5,0.8
ALOXE3,0.02826985512348038,17,0.8823529411764706
ALPI,0.04342105160937568,6,0.8333333333333334
ALPK1,0.017961147863806187,12,0.75
ALPK2,0.02599927818087501,8,1.0
ALPK3,0.03186285385593593,10,0.8
ALPL,0.030477005366002025,30,0.7666666666666667
ALPP,0.021345885493072415,5,0.8
ALPPL2,0.02751541877500444,6,0.8333333333333334
ALS2,0.0197895994178977,14,0.6428571428571429
ALS2CL,0.021755381614000736,23,0.6956521739130435
ALS2CR11,0.024889974117686148,10,0.7
ALS2CR12,0.03065348921914874,5,0.6
ALS2CR4,0.025862775137663958,15,0.8
ALS2CR8,0.023185093838370405,12,0.4166666666666667
ALX1,0.019425884670619002,12,0.5
ALX3,0.026169526998054558,7,0.8571428571428571
ALX4,0.022617726617939968,44,0.75
AMAC1,0.031575680842257065,1,1.0
AMAC1L2,0.03404580080137617,3,1.0
AMAC1L3,0.033742021184405925,5,1.0
AMACR,0.023889127163830858,8,0.875
AMBN,0.013397355153691162,3,0.3333333333333333
AMBP,0.03250427565497008,3,1.0
AMBRA1,0.04465239654043745,8,0.875
AMD1,0.020788763599140593,19,0.7368421052631579
AMDHD1,0.02087087777692568,13,0.6923076923076923
AMDHD2,0.013112018200550697,13,0.46153846153846156
AMELX,0.053204036496088625,1,1.0
AMELY,0.032055282935716974,2,0.5
AMFR,0.012006314703173895,5,0.8
AMH,0.035328762594041975,6,1.0
AMHR2,0.015046648798449497,2,1.0
AMICA1,0.04601970635564826,15,0.9333333333333333
AMIGO1,0.011583460915279179,10,0.5
AMIGO2,0.015084006245415928,15,0.6666666666666666
AMIGO3,0.027409964538009316,15,0.8
AMMECR1,0.021785854363955255,25,0.8
AMMECR1L,0.005301388452922528,10,0.8
AMN,0.03311851681503973,7,1.0
AMN1,0.026673005250784552,11,1.0
AMOT,0.029467831360338877,16,0.6875
AMOTL1,0.016441167019860026,11,0.7272727272727273
AMOTL2,0.050048337931983385,16,0.6875
AMPD1,0.02332862383307155,5,0.6
AMPD2,0.018344868531074195,24,0.9583333333333334
AMPD3,-0.00392576348824812,24,0.9166666666666666
AMPH,0.00768239271845482,5,0.6
AMT,0.037705682379210056,10,0.8
AMTN,0.042320591579077645,3,0.6666666666666666
AMY1A,0.03509610856136608,1,1.0
AMY1B,0.03509610856136608,1,1.0
AMY1C,0.03509610856136608,1,1.0
AMY2B,0.009935680456928771,7,0.5714285714285714
AMZ1,0.03372069732549519,24,0.7916666666666666
AMZ2,0.011613646845770664,15,0.6
ANAPC1,0.016315613652671347,11,0.7272727272727273
ANAPC10,0.027290314945211155,18,0.8333333333333334
ANAPC11,0.01007091204662156,17,0.6470588235294118
ANAPC13,0.02114749974407682,28,0.7142857142857143
ANAPC2,0.015397622490971194,5,0.8
ANAPC4,0.017864578142805287,6,0.6666666666666666
ANAPC5,0.023627852835160015,18,0.8333333333333334
ANAPC7,0.02611179948338153,16,0.875
ANG,0.019173094673685515,28,0.8571428571428571
ANGEL1,0.01758221690679783,7,0.7142857142857143
ANGEL2,0.020931083412352787,10,0.8
ANGPT1,0.02919267005727859,9,0.7777777777777778
ANGPT2,0.026077356977819117,7,0.5714285714285714
ANGPT4,0.019764350229460523,7,0.7142857142857143
ANGPTL1,-0.09617774847012509,2,1.0
ANGPTL2,0.017764882078763228,6,0.6666666666666666
ANGPTL3,0.01194171405158236,3,0.0
ANGPTL4,0.01687387315464488,9,0.6666666666666666
ANGPTL5,0.013545890457290138,14,0.5714285714285714
ANGPTL6,0.02947672548230079,7,0.5714285714285714
ANGPTL7,-0.08513719957466394,6,1.0
ANK1,0.026435976258942107,23,0.8260869565217391
ANK2,-0.0001886389988586032,21,0.6190476190476191
ANK3,0.01962853979462531,11,0.6363636363636364
ANKAR,0.017765381336393538,5,0.6
ANKDD1A,0.021991536631808386,7,0.7142857142857143
ANKFN1,0.04699638717083122,6,1.0
ANKFY1,0.013411824377652273,6,0.6666666666666666
ANKH,0.022696878186514332,13,0.7692307692307693
ANKHD1,0.023386395524586306,13,0.9230769230769231
ANKHD1-EIF4EBP3,0.023386395524586306,13,0.9230769230769231
ANKIB1,0.0214277914316891,18,0.7222222222222222
ANKK1,0.0329639452993374,7,1.0
ANKLE1,0.024162654318191167,11,0.8181818181818182
ANKLE2,0.015194826749028237,4,0.75
ANKMY1,0.02764997073191794,13,0.9230769230769231
ANKMY2,0.028343500728597332,12,0.75
ANKRA2,0.024444257696177023,15,0.8
ANKRD1,0.03037353789473369,5,0.4
ANKRD10,0.019528797105547942,8,0.875
ANKRD11,0.01022156714210888,157,0.7834394904458599
ANKRD12,0.01237392679019801,11,0.45454545454545453
ANKRD13A,0.016959436012149023,11,0.8181818181818182
ANKRD13B,0.006711908342082265,10,0.6
ANKRD13C,0.025408047499591527,14,0.7857142857142857
ANKRD13D,0.014744326200606084,6,1.0
ANKRD16,0.007588046793695513,10,0.5
ANKRD17,0.014908793237035676,7,0.7142857142857143
ANKRD18A,0.030594276339750388,5,0.8
ANKRD19,0.018182495441828112,5,0.6
ANKRD2,0.04268501509389024,6,1.0
ANKRD20A1,0.03857533299844415,1,1.0
ANKRD20A2,0.04731414643309765,3,1.0
ANKRD20A3,0.045129443074434276,4,1.0
ANKRD20A4,0.05241866421866219,1,1.0
ANKRD20B,0.030063798678344994,6,0.8333333333333334
ANKRD22,0.0027935315401925653,7,0.7142857142857143
ANKRD23,0.013662023272242488,4,1.0
ANKRD24,0.02293944590351921,13,0.7692307692307693
ANKRD26,0.018130868776574143,11,0.8181818181818182
ANKRD26P1,0.019680132451929486,7,0.42857142857142855
ANKRD27,0.019601056472232276,15,0.8666666666666667
ANKRD28,0.01500087573274424,8,0.5
ANKRD29,0.01786224356384439,2,1.0
ANKRD30A,0.009400541151696593,12,0.5
ANKRD30B,0.010264116137611431,14,0.2857142857142857
ANKRD31,0.018629303774495603,8,0.875
ANKRD32,0.01816445968735955,21,0.6190476190476191
ANKRD33,0.02982170914839531,9,0.8888888888888888
ANKRD33B,0.013795539427297717,14,0.8571428571428571
ANKRD34A,0.018748349541768045,17,0.8235294117647058
ANKRD34B,0.02072297774487201,15,0.8
ANKRD34C,0.03587905657145946,19,0.8421052631578947
ANKRD35,0.017624043929628956,8,1.0
ANKRD36,0.018490973864361833,11,0.9090909090909091
ANKRD36B,0.022642066890944716,7,0.7142857142857143
ANKRD37,0.02074522535497598,8,0.625
ANKRD39,0.019115783722647977,10,0.7
ANKRD40,0.01955637853051924,9,0.7777777777777778
ANKRD42,0.019537583519030136,13,0.6923076923076923
ANKRD43,0.018032795046676188,14,0.8571428571428571
ANKRD44,0.03988437063004402,5,1.0
ANKRD45,0.02885097665607873,12,0.5833333333333334
ANKRD46,0.028057896047443652,14,0.9285714285714286
ANKRD49,0.017144207078426732,16,0.75
ANKRD5,0.018058193269733656,11,0.7272727272727273
ANKRD50,0.02562124721380541,10,0.7
ANKRD52,0.012791645331588025,10,0.8
ANKRD53,0.0339010651881051,12,0.75
ANKRD54,0.022644322863299197,10,0.7
ANKRD55,0.041302599266268995,9,0.8888888888888888
ANKRD56,0.04078310064606285,12,1.0
ANKRD57,0.02716165149741863,18,0.5
ANKRD58,0.035598283533581805,11,0.7272727272727273
ANKRD6,0.014459258893651919,14,0.8571428571428571
ANKRD7,0.020141855475130886,5,0.6
ANKRD9,0.015617749835597954,14,0.6428571428571429
ANKS1A,0.0177847816098141,18,0.7222222222222222
ANKS1B,0.03331185933386636,15,0.8666666666666667
ANKS3,0.01812992272475032,16,0.75
ANKS4B,0.035287975471466594,4,0.75
ANKZF1,0.010992495925229377,18,0.8333333333333334
ANLN,0.019975246609347463,6,0.8333333333333334
ANO1,0.02628892331781612,20,0.75
ANO10,0.017059365934708522,14,0.6428571428571429
ANO2,0.0405354012498422,4,0.75
ANO3,0.014230663900693746,9,0.6666666666666666
ANO4,0.051190347389317714,9,0.7777777777777778
ANO5,0.02065860468105497,8,0.625
ANO6,0.015073148018419032,13,0.8461538461538461
ANO7,0.037423752232428976,7,0.8571428571428571
ANO8,0.02300493077393033,12,0.6666666666666666
ANO9,0.02737177444645339,10,0.9
ANP32A,0.015149499005537916,11,0.5454545454545454
ANP32B,-0.007613640246444916,4,0.5
ANP32C,0.04038713456643545,6,0.6666666666666666
ANP32D,0.018911416986224883,3,0.6666666666666666
ANP32E,0.023889038554470277,24,0.75
ANPEP,0.007136488347998418,10,1.0
ANTXR1,-0.009727142879455671,12,0.9166666666666666
ANTXR2,0.027835691499626912,7,0.8571428571428571
ANTXRL,0.03155293620500543,3,1.0
ANUBL1,0.02407901628917082,12,0.75
ANXA1,-0.07875644252362461,2,0.5
ANXA11,0.014182567368179654,18,0.6666666666666666
ANXA13,0.04606932174722553,4,0.5
ANXA2,0.005451876060722478,20,0.8
ANXA2P1,0.008646560737537279,2,0.5
ANXA2P2,0.03932101635766304,2,1.0
ANXA3,0.035372493211990846,10,1.0
ANXA4,0.01768002041704469,23,0.8260869565217391
ANXA5,0.016129870244762003,12,0.75
ANXA6,0.02191715475753105,11,0.8181818181818182
ANXA7,0.02054700784789895,17,0.7647058823529411
ANXA8L2,0.03745193677789728,6,1.0
ANXA9,0.025141352695180908,5,0.8
AOAH,0.038205603932592536,7,0.8571428571428571
AOC2,-0.04902513132250552,6,0.8333333333333334
AOC3,0.03625690992982286,10,0.8
AOX1,0.0172717989603421,11,0.8181818181818182
AOX2P,0.03125361538320174,6,1.0
AP1AR,0.014290464049433675,9,0.8888888888888888
AP1B1,0.021619073273172917,16,0.75
AP1G1,0.012890665818950294,14,0.42857142857142855
AP1G2,0.02982048411488968,11,1.0
AP1M1,0.014004619330535796,11,0.9090909090909091
AP1M2,-0.0005373830330204313,6,0.5
AP1S1,0.02459203821734993,7,0.8571428571428571
AP1S2,0.027764226586139695,12,0.75
AP1S3,0.022848398356563483,6,0.6666666666666666
AP2A1,0.013534945596277421,9,0.6666666666666666
AP2A2,0.014414070467429685,7,0.42857142857142855
AP2B1,0.023060337704511137,14,0.6428571428571429
AP2M1,0.00495254713651224,18,0.5
AP2S1,0.01733866841062044,8,1.0
AP3B1,0.02455196739040653,15,0.8
AP3B2,0.012996109954343978,12,0.75
AP3D1,0.028447895002874236,10,0.8
AP3M1,0.021209374116098342,16,0.75
AP3M2,0.01662793068936315,14,0.7857142857142857
AP3S1,0.009909199655765238,10,0.7
AP3S2,0.02014591819693182,9,0.7777777777777778
AP4B1,0.018718204606155888,11,0.6363636363636364
AP4E1,0.015705165255856066,12,0.4166666666666667
AP4M1,0.019582530415010183,12,0.8333333333333334
AP4S1,0.023978835376354764,23,0.6521739130434783
APAF1,0.020340702597491288,26,0.8076923076923077
APBA1,0.02255007168584682,15,0.8666666666666667
APBA2,0.022208683691659917,22,0.7272727272727273
APBA3,0.027074338518001253,17,0.8235294117647058
APBB1,0.016939188074863783,21,0.7619047619047619
APBB1IP,0.023735545910095236,14,1.0
APBB2,0.01610131920255552,47,0.574468085106383
APBB3,0.00433447185696214,11,0.7272727272727273
APC,0.0217656640234144,38,0.7368421052631579
APC2,0.016985510206886288,10,0.9
APCDD1,0.020906191555183473,6,0.6666666666666666
APCDD1L,0.00303727325475673,11,0.9090909090909091
APCS,0.04508529864654182,4,1.0
APEH,0.008180796950003308,14,0.7142857142857143
APEX1,0.025082399723287043,11,0.9090909090909091
APEX2,0.030583407530915537,8,0.625
APH1A,0.01619117127646513,13,0.8461538461538461
APH1B,0.005909120179602805,11,0.09090909090909091
API5,0.02348080735055588,10,0.5
APIP,0.010973728250060578,11,0.9090909090909091
APITD1,0.02343648482091903,15,0.8
APLF,0.023096646842677447,11,0.5454545454545454
APLN,0.022801612793885415,9,0.8888888888888888
APLNR,0.03823785253018682,9,1.0
APLP1,0.011437644841886403,10,0.7
APLP2,0.012876585564087172,11,0.36363636363636365
APOA1,0.025345595736974178,7,0.8571428571428571
APOA1BP,0.02875009688357576,7,1.0
APOA2,0.04818917528048004,5,1.0
APOA4,0.04304826858654487,6,0.8333333333333334
APOA5,0.017976498931530003,6,0.5
APOB,0.022062776501041534,9,0.6666666666666666
APOB48R,0.024148311810495402,6,0.8333333333333334
APOBEC1,0.05399826534133334,4,1.0
APOBEC2,0.043052021076173945,6,0.8333333333333334
APOBEC3A,0.043398817222342144,7,1.0
APOBEC3B,0.033919966921093565,8,0.875
APOBEC3C,0.02515574710362366,5,0.6
APOBEC3D,0.04271162169840787,3,1.0
APOBEC3F,0.04750845075345508,5,1.0
APOBEC3G,0.027164825924990223,6,0.8333333333333334
APOBEC3H,0.046546623295824964,5,1.0
APOBEC4,0.028252570633837622,6,0.8333333333333334
APOC1,0.03920736129322739,6,0.8333333333333334
APOC1P1,0.05309646368896455,4,1.0
APOC2,0.04577176709856653,8,1.0
APOC3,0.03093954050747051,9,0.7777777777777778
APOC4,0.03690434565922675,8,0.875
APOD,0.032125294761611016,6,0.6666666666666666
APOE,0.027840930991735863,8,1.0
APOF,0.04706699916128241,4,1.0
APOH,0.01691916833599711,4,0.0
APOL1,0.03413904120222328,8,1.0
APOL2,0.0190871282461062,8,0.875
APOL3,0.03877274038554137,12,0.9166666666666666
APOL4,0.015720128730960015,6,0.6666666666666666
APOL5,0.020612761113641576,1,1.0
APOL6,0.021183151879406146,9,0.8888888888888888
APOLD1,0.023565897908183826,20,0.9
APOM,0.022921036133772808,12,0.75
APOO,0.018185473059186996,13,0.6923076923076923
APOOL,0.03569589183663752,8,0.875
APP,0.0040199964165000355,7,0.5714285714285714
APPBP2,0.020989068770875852,11,0.5454545454545454
APPL1,0.021258838345562865,7,0.7142857142857143
APPL2,0.015367371567973341,9,0.5555555555555556
APRT,0.006783485945064801,10,0.5
APTX,0.02872265116578829,9,1.0
AQP1,0.03290830768068241,14,0.8571428571428571
AQP10,0.04291181863883781,5,1.0
AQP11,0.017953111947278926,13,0.5384615384615384
AQP12A,0.032806018250416985,5,1.0
AQP12B,0.024419199918174383,6,0.6666666666666666
AQP2,0.03918257324727319,7,0.8571428571428571
AQP3,0.023838195315015666,5,0.6
AQP4,0.04180054645077641,12,0.8333333333333334
AQP5,0.03362165100307742,7,0.7142857142857143
AQP6,0.07323014591858132,7,1.0
AQP7,0.056412064028010966,1,1.0
AQP7P1,0.026855960642284293,2,1.0
AQP7P2,0.03414948182629074,1,1.0
AQP8,0.037342387948091915,3,1.0
AQP9,0.03854036457528742,5,0.8
AQR,0.02433633763079098,9,0.7777777777777778
AR,0.03253121030388685,35,0.8
ARAF,0.023312590140101067,14,0.5714285714285714
ARAP1,0.020063735062663922,28,0.7857142857142857
ARAP2,0.029805463630892086,10,0.8
ARAP3,0.0075986537330250065,13,0.6153846153846154
ARC,0.015217662544915547,15,0.7333333333333333
ARCN1,0.016098986301836923,8,0.625
AREG,0.056832842258324266,3,1.0
ARF1,-0.00319546173353972,20,0.75
ARF3,0.021745415521763307,13,0.8461538461538461
ARF4,0.020400138759973298,10,0.8
ARF5,0.01571295150451028,6,0.6666666666666666
ARF6,0.016215426293195414,11,0.7272727272727273
ARFGAP1,0.009959686380017365,14,0.7857142857142857
ARFGAP2,0.007728675807032084,10,0.5
ARFGAP3,0.010794570410169312,11,0.5454545454545454
ARFGEF1,0.02137340058777349,7,0.7142857142857143
ARFGEF2,0.0005138514965936092,5,0.4
ARFIP1,0.022430862931572256,9,0.8888888888888888
ARFIP2,0.014550165813527333,15,0.8
ARFRP1,0.0161292393681474,14,0.7142857142857143
ARG1,0.013322523271367737,3,0.3333333333333333
ARG2,0.008712612396816427,12,0.5
ARGFX,0.047859745850542736,6,1.0
ARGFXP2,0.023034195123130152,2,0.0
ARGLU1,0.010581558714994362,10,0.6
ARHGAP1,0.01222986169861143,14,0.7142857142857143
ARHGAP10,0.00474851131274175,6,1.0
ARHGAP11A,0.036277711377905676,7,1.0
ARHGAP11B,0.024693818420162446,10,1.0
ARHGAP12,0.020896542805984523,26,0.5384615384615384
ARHGAP15,0.038011121337311674,4,0.75
ARHGAP17,0.015604493378616592,9,0.8888888888888888
ARHGAP18,0.021760335591216193,9,0.7777777777777778
ARHGAP19,0.025405245868540663,9,0.6666666666666666
ARHGAP20,0.021045841510511084,13,0.7692307692307693
ARHGAP21,0.02555428209518042,10,0.9
ARHGAP22,0.009647748030626653,12,0.8333333333333334
ARHGAP23,0.026168078151718337,9,1.0
ARHGAP24,0.02396541696938079,24,0.5833333333333334
ARHGAP25,0.03643226013265157,17,0.8823529411764706
ARHGAP26,0.011275685697970004,7,1.0
ARHGAP27,0.02195158052611544,16,0.875
ARHGAP28,0.019622456593324972,3,0.6666666666666666
ARHGAP29,0.025315763899963723,16,0.6875
ARHGAP30,0.020683005677907235,4,0.75
ARHGAP4,0.02685200360011037,5,0.6
ARHGAP5,0.029559117923593933,9,0.7777777777777778
ARHGAP6,0.030211543333032723,17,0.7647058823529411
ARHGAP8,0.017608941870308977,16,0.75
ARHGAP9,0.024208446633716595,8,0.5
ARHGDIA,0.018740568084706657,12,0.6666666666666666
ARHGDIB,0.026894794868991694,10,0.8
ARHGDIG,0.03607760781742889,4,1.0
ARHGEF1,0.02364719492451102,13,0.8461538461538461
ARHGEF10,0.01131616036828708,43,0.6744186046511628
ARHGEF10L,0.02418499500497407,27,0.8888888888888888
ARHGEF11,0.030529509283194974,8,0.875
ARHGEF12,0.021807471882965824,12,0.6666666666666666
ARHGEF15,0.029914174060277243,5,0.6
ARHGEF16,0.025469284732951503,15,0.8
ARHGEF17,0.017810272829881076,20,0.8
ARHGEF18,0.0205693460979175,24,0.75
ARHGEF19,0.0409252359631546,8,1.0
ARHGEF2,0.02877187036404565,11,0.9090909090909091
ARHGEF3,0.025719796867222994,28,0.8571428571428571
ARHGEF4,0.03521055763754907,22,0.9090909090909091
ARHGEF5,0.03510674417577823,3,1.0
ARHGEF5L,0.04594269232737095,2,0.5
ARHGEF6,0.042699300213827555,10,0.9
ARHGEF7,0.012332498411637078,30,0.7666666666666667
ARHGEF9,0.027338188640058495,11,1.0
ARID1A,0.017142703239495048,11,0.6363636363636364
ARID1B,0.0219425769116534,12,0.75
ARID2,0.04297927025779375,6,0.6666666666666666
ARID3A,0.018793210936410242,15,0.7333333333333333
ARID3B,0.02295582391047832,10,0.6
ARID3C,0.0206558388848607,6,0.5
ARID4A,0.026653390176173256,18,0.8333333333333334
ARID4B,0.0201569207417849,14,0.7857142857142857
ARID5A,0.02939571885058964,6,1.0
ARID5B,0.04915711786017587,12,1.0
ARIH1,0.017202170468242614,11,0.6363636363636364
ARIH2,0.01976808464333939,24,0.8333333333333334
ARL1,0.017827269777397667,11,0.7272727272727273
ARL10,0.005831388018675979,8,0.875
ARL11,0.03534785588681617,8,0.875
ARL13A,0.04141018880287938,3,0.6666666666666666
ARL13B,0.024357230486108657,11,0.7272727272727273
ARL14,0.01790017696697239,3,0.3333333333333333
ARL15,0.016352614050723704,8,0.875
ARL16,-0.04387325731842874,16,0.75
ARL17A,0.017180381634995898,3,1.0
ARL17B,0.016120493042934034,1,1.0
ARL2,0.02638922001779904,5,1.0
ARL2BP,0.016332014128447456,9,0.6666666666666666
ARL3,0.02891874080459395,8,1.0
ARL4A,0.009096470913055101,20,0.55
ARL4C,0.025779066047247667,16,0.6875
ARL4D,0.00910893730569414,10,0.9
ARL5A,0.013738719639662543,12,0.8333333333333334
ARL5B,0.014175118634676206,10,0.5
ARL5C,0.03832965920740345,8,1.0
ARL6,0.02911744534811878,12,0.75
ARL6IP1,0.0030739000262244983,9,0.6666666666666666
ARL6IP4,0.018321737248030746,11,0.9090909090909091
ARL6IP5,0.014058077833964136,8,0.75
ARL6IP6,0.011520747165251612,13,0.6923076923076923
ARL8A,0.01943998482333341,9,0.7777777777777778
ARL8B,0.020920374057182323,8,0.875
ARL9,0.01605431913580085,12,0.5833333333333334
ARMC1,0.03306999925128287,11,0.9090909090909091
ARMC10,0.02045530576062064,12,0.8333333333333334
ARMC2,0.02980758425367028,11,0.9090909090909091
ARMC3,0.02866454868698767,8,0.875
ARMC4,0.016643108491109268,16,0.6875
ARMC5,0.015574183659884252,12,0.8333333333333334
ARMC6,0.018123822485361835,11,0.7272727272727273
ARMC7,0.015449559293766374,9,0.8888888888888888
ARMC8,0.028030724202131596,12,0.9166666666666666
ARMC9,0.020216363913263157,12,0.8333333333333334
ARMCX1,0.03767868348241001,12,0.75
ARMCX2,0.03408759379743365,12,0.9166666666666666
ARMCX3,0.023675241547217164,15,0.8666666666666667
ARMCX4,0.008907767515585415,5,0.2
ARMCX5,0.030072815478233806,14,0.7857142857142857
ARMCX6,0.024764415370271773,8,0.75
ARMS2,0.035461409714515196,6,0.5
ARNT,0.018337964088199647,9,0.7777777777777778
ARNT2,0.00958400748133397,7,0.5714285714285714
ARNTL,0.023087340057027544,21,0.8571428571428571
ARNTL2,0.015085478111548851,4,0.75
ARPC1A,0.013209663581031717,14,0.7857142857142857
ARPC1B,0.017244811661461003,14,0.8571428571428571
ARPC2,0.009327314643730121,15,0.8
ARPC3,0.019899209485904196,8,0.875
ARPC4,0.026771713296444778,18,0.8888888888888888
ARPC5,0.02530438736743227,11,0.8181818181818182
ARPC5L,0.01493798487514445,7,0.8571428571428571
ARPM1,0.02250176834607027,5,0.8
ARPP-21,0.055226973351213966,12,1.0
ARPP19,0.032412409190282425,6,1.0
ARR3,0.03791254177847229,4,1.0
ARRB1,0.028168572840262165,3,0.6666666666666666
ARRB2,0.014037938155935174,11,0.9090909090909091
ARRDC1,0.019627200516950126,5,0.6
ARRDC2,0.011386614306606226,18,0.7777777777777778
ARRDC3,0.023063583248684863,11,0.6363636363636364
ARRDC4,0.021030187839016775,14,0.6428571428571429
ARRDC5,0.038921000151755016,6,1.0
ARSA,0.008965181514896564,11,0.7272727272727273
ARSB,0.03001270733692266,11,0.8181818181818182
ARSD,0.023924948395796404,10,0.8
ARSE,0.017599046111586997,4,0.5
ARSF,0.049758599650756595,9,1.0
ARSG,0.024280440619243764,38,0.7105263157894737
ARSH,0.04998764599205427,4,1.0
ARSI,0.020416766236707413,9,0.4444444444444444
ARSJ,0.022789433348663606,12,0.75
ARSK,0.02374062050288505,14,0.7142857142857143
ART1,0.03286942440749905,7,1.0
ART3,0.027370796264947508,28,0.8571428571428571
ART4,0.0225901138660398,10,0.8
ART5,0.013884433096463311,12,0.5833333333333334
ARTN,0.028612518944850254,21,0.7142857142857143
ARV1,0.021045638552287683,10,0.9
ARVCF,0.01615188695675482,12,0.9166666666666666
ARX,0.02499674499538652,12,0.8333333333333334
AS3MT,0.01999361407277134,9,0.8888888888888888
ASAH1,0.024418170587072623,15,0.8666666666666667
ASAH2,0.042591875226629446,4,0.75
ASAH2B,0.026805032424603664,12,0.6666666666666666
ASAM,0.022365836915320254,10,0.8
ASAP1,0.01010126253903143,5,0.4
ASAP1IT1,0.0369954818094523,3,0.6666666666666666
ASAP2,-0.011247175445023466,7,0.7142857142857143
ASAP3,0.02186097862910688,8,0.75
ASB1,0.013103380741945381,10,1.0
ASB10,0.0417893900681681,13,1.0
ASB11,0.03579126387475757,7,0.8571428571428571
ASB12,0.053834585151098346,3,1.0
ASB13,0.020066667712537508,6,1.0
ASB14,0.00969347966882122,10,0.5
ASB15,0.060080335516035366,4,1.0
ASB16,0.02012849645052956,8,0.875
ASB17,0.06870847117176568,1,1.0
ASB18,0.03221513981511409,7,0.7142857142857143
ASB2,0.020633021507199714,9,0.8888888888888888
ASB3,0.023164413489864435,26,0.7692307692307693
ASB4,0.010595854283363466,8,0.125
ASB5,0.01077916319990882,6,0.3333333333333333
ASB6,0.011674217123164281,4,0.5
ASB7,0.016604492764100445,15,0.7333333333333333
ASB8,0.022973619803888422,14,0.8571428571428571
ASB9,0.0352419627818407,7,0.8571428571428571
ASCC1,0.02121494443578034,12,0.8333333333333334
ASCC2,0.020193271448025067,10,0.7
ASCC3,0.01776542482931789,10,0.7
ASCL1,0.014493207632835074,18,0.6666666666666666
ASCL2,0.01683707619313715,46,0.6956521739130435
ASCL3,0.021595969353606394,5,0.8
ASCL4,0.041646772384128776,13,0.8461538461538461
ASF1B,0.01662039497611067,13,0.6153846153846154
ASFMR1,0.055811727742660605,1,1.0
ASGR1,0.053928459477045554,8,1.0
ASGR2,0.04079703805096814,8,1.0
ASH1L,0.013771502429697983,15,0.5333333333333333
ASH2L,0.011614087032495246,18,0.7222222222222222
ASIP,0.02092638382689871,3,0.3333333333333333
ASL,0.015472541668949921,6,0.8333333333333334
ASNA1,0.024839796378069032,9,1.0
ASNS,0.011802814473989462,13,0.6153846153846154
ASNSD1,0.03037353986237545,12,0.9166666666666666
ASPA,0.06166313854941702,10,1.0
ASPDH,0.056937716897454596,10,1.0
ASPG,0.017696049412990078,7,0.42857142857142855
ASPH,0.016048124473814436,10,0.8
ASPHD1,0.007498597342305824,11,0.8181818181818182
ASPHD2,0.0197666918526862,8,0.875
ASPM,0.023077038440696748,15,0.6
ASPN,0.0224142183689998,3,0.6666666666666666
ASPRV1,0.031617501679745204,11,0.9090909090909091
ASPSCR1,0.01162805172634985,7,1.0
ASRGL1,0.02841179493172716,7,0.7142857142857143
ASS1,0.02621616641303718,8,0.875
ASTE1,0.011477415131354324,13,0.6153846153846154
ASTL,0.04128787247857599,4,1.0
ASTN1,0.025112364182043198,8,1.0
ASTN2,0.02179067180830483,10,0.8
ASXL1,0.022813468313623853,7,0.8571428571428571
ASXL2,0.02258013645693547,9,0.8888888888888888
ASXL3,0.022612692672642664,7,0.42857142857142855
ASZ1,0.04195804788834661,9,0.8888888888888888
ATAD1,0.03358169416778429,15,0.8666666666666667
ATAD2,0.01680379223450216,8,0.75
ATAD2B,0.018027234504806797,8,0.75
ATAD3A,0.012728181395126843,14,0.7857142857142857
ATAD3B,0.016533187777078368,9,0.8888888888888888
ATAD3C,0.029906468390078243,7,0.7142857142857143
ATAD5,0.023640159753292724,13,0.5384615384615384
ATCAY,0.024862628482548787,12,1.0
ATE1,0.012473974932219198,9,0.5555555555555556
ATF1,0.008999358426057017,14,0.6428571428571429
ATF2,0.012805860951262491,19,0.5789473684210527
ATF3,0.025689418372833898,30,0.8
ATF4,0.0217410831316951,10,0.8
ATF5,0.019235167650693642,14,0.7857142857142857
ATF6,0.03337533978181757,10,0.7
ATF6B,0.03322773756234432,33,0.9090909090909091
ATF7,0.028291745634648372,12,0.8333333333333334
ATF7IP,0.02264856510984185,15,0.4666666666666667
ATF7IP2,0.021838533779674388,2,0.5
ATG10,0.018401693245580032,9,0.5555555555555556
ATG12,0.013086632913870171,13,0.7692307692307693
ATG16L1,0.021217561631389117,12,0.6666666666666666
ATG16L2,0.01090390271752329,9,1.0
ATG2A,0.01991520486040604,10,0.6
ATG2B,0.01354268612394185,8,0.875
ATG3,0.008589811444065445,6,0.8333333333333334
ATG4A,0.017129586768722622,9,0.4444444444444444
ATG4B,0.015010419550879688,8,0.625
ATG4C,0.04715634253353221,10,0.5
ATG4D,0.015536557105061254,10,0.9
ATG5,0.0238622575340221,14,0.8571428571428571
ATG7,0.02352790378192137,16,0.8125
ATG9A,0.011131856690353959,20,0.8
ATG9B,0.031071605742388805,4,0.75
ATHL1,0.01641651620081989,7,0.7142857142857143
ATIC,0.009084453781425058,12,0.8333333333333334
ATL1,0.02412320606361515,19,0.7894736842105263
ATL2,0.0062474210551500455,4,0.75
ATL3,0.014085491735355952,13,0.8461538461538461
ATM,0.021439520119951948,50,0.74
ATMIN,0.027760021730477515,7,0.8571428571428571
ATN1,0.027336289339961378,16,0.75
ATOH1,0.022520468779107194,17,0.7647058823529411
ATOH7,0.030435817826421747,10,0.9
ATOH8,0.009467630571123875,14,0.7857142857142857
ATOX1,0.003359108516642659,8,0.75
ATP10A,0.019035863103942268,31,0.8064516129032258
ATP10B,0.047849347869683846,10,0.9
ATP10D,0.030610930441708067,14,0.7142857142857143
ATP11A,0.013760604913703605,5,0.8
ATP11B,0.01575253936301539,8,0.625
ATP11C,0.0423848030539626,5,0.8
ATP12A,0.0210367527569775,6,1.0
ATP13A1,0.014203020537583546,12,0.5833333333333334
ATP13A2,0.015675765397965436,8,0.75
ATP13A3,0.0110439604190187,6,0.16666666666666666
ATP13A4,0.04368837345084096,6,0.6666666666666666
ATP13A5,0.05345817638008331,8,1.0
ATP1A1,0.00820471185909535,17,0.8235294117647058
ATP1A2,0.052484227658095,9,1.0
ATP1A3,0.028272916153535967,4,0.75
ATP1A4,-0.0023902474552850604,10,1.0
ATP1B1,0.016569986658887453,9,0.7777777777777778
ATP1B2,0.017948689977464027,11,0.8181818181818182
ATP1B3,0.010263318689075457,9,0.6666666666666666
ATP1B4,0.052179604871173846,3,1.0
ATP2A1,0.03742068381947244,7,1.0
ATP2A2,0.011107503472619518,5,0.6
ATP2A3,0.016316850641769267,7,0.7142857142857143
ATP2B1,0.017467436552766363,4,0.75
ATP2B2,0.02948585802042401,15,0.9333333333333333
ATP2B3,0.03803201994427219,7,1.0
ATP2B4,0.006190970904496765,31,0.9354838709677419
ATP2C1,0.01654281349470286,13,0.8461538461538461
ATP2C2,0.02408285039129791,7,0.8571428571428571
ATP4A,0.04266426836515802,7,1.0
ATP4B,0.0161730581031497,9,0.6666666666666666
ATP5A1,0.02740611288598499,30,0.9
ATP5B,0.022204499068257916,8,1.0
ATP5C1,0.01758104475100271,11,1.0
ATP5D,0.012470290602581756,9,0.7777777777777778
ATP5E,0.00467541382455581,12,0.6666666666666666
ATP5EP2,0.05448627137886225,4,1.0
ATP5F1,0.015291467052209838,13,0.7692307692307693
ATP5G1,0.017925462707973693,15,1.0
ATP5G2,0.009719066723055813,22,0.6818181818181818
ATP5G3,0.019790907750747953,11,0.8181818181818182
ATP5H,0.022894329994255207,13,0.9230769230769231
ATP5I,0.011535038629449771,9,0.5555555555555556
ATP5J,0.023608068322530068,17,0.6470588235294118
ATP5J2,0.03696855927331728,7,1.0
ATP5L,0.0161580921245649,11,0.8181818181818182
ATP5L2,0.013343265811280328,4,0.75
ATP5O,0.028202812125966877,5,1.0
ATP5S,0.01609269655802922,9,0.6666666666666666
ATP5SL,0.020292687165590663,15,0.6666666666666666
ATP6AP1,-0.0012951951797044725,7,0.7142857142857143
ATP6AP1L,0.01154821196209177,4,0.25
ATP6AP2,0.012996765037067313,8,0.625
ATP6V0A1,0.018571001931162713,14,0.8571428571428571
ATP6V0A2,0.02011214675035855,11,0.7272727272727273
ATP6V0A4,0.046360840914734254,14,0.8571428571428571
ATP6V0B,0.01145911314657356,13,0.6923076923076923
ATP6V0C,0.028797009921970297,7,0.8571428571428571
ATP6V0D1,0.01790055230668935,13,0.6923076923076923
ATP6V0D2,0.022185879409997084,5,0.4
ATP6V0E1,0.020274785826976564,8,1.0
ATP6V0E2,0.016819175566071126,25,0.84
ATP6V1A,0.020356872349436568,13,0.6923076923076923
ATP6V1B1,0.001245413866764536,4,0.75
ATP6V1B2,0.013513250163302988,11,0.6363636363636364
ATP6V1C1,0.018278251656062932,14,0.7142857142857143
ATP6V1C2,0.005475433431989383,10,0.5
ATP6V1D,0.018185847775182777,7,0.7142857142857143
ATP6V1E1,0.02192943138210278,5,0.6
ATP6V1E2,0.042704892651610364,6,0.8333333333333334
ATP6V1F,0.0163713062726508,11,0.9090909090909091
ATP6V1G1,0.03250274587772104,6,0.8333333333333334
ATP6V1G2,0.019436722342401833,21,0.7142857142857143
ATP6V1G3,-0.0035928474626822637,2,0.0
ATP6V1H,0.020233843026592892,19,0.631578947368421
ATP7A,0.03998846500933255,11,0.8181818181818182
ATP7B,0.012844818224551836,16,0.875
ATP8A1,0.009716816749034204,7,0.42857142857142855
ATP8A2,0.033428740634245974,7,1.0
ATP8B1,0.010982584166615253,4,0.5
ATP8B2,-0.03031521690797112,18,0.7777777777777778
ATP8B3,0.017684007896988454,8,0.625
ATP8B4,0.008937027370133225,6,0.6666666666666666
ATP9A,0.02106287558494261,5,0.8
ATP9B,0.020348871448997507,6,0.5
ATPAF1,0.022006182847642754,10,0.7
ATPAF2,0.012380175218814508,12,0.5833333333333334
ATPBD4,0.022588878602230286,8,0.75
ATPGD1,0.007480469593503815,12,0.6666666666666666
ATPIF1,0.014496911180812049,7,0.5714285714285714
ATR,0.01657777287972975,11,0.9090909090909091
ATRIP,0.0165261835884331,10,0.7
ATRN,0.005101301714542191,9,0.6666666666666666
ATRNL1,0.01624787562649057,9,0.7777777777777778
ATRX,0.028965292443304307,9,0.7777777777777778
ATXN1,-0.0012577749680827556,60,0.6666666666666666
ATXN10,0.028622797023498712,7,0.42857142857142855
ATXN1L,0.02724326864581215,8,0.875
ATXN2,0.01899936719094782,8,0.5
ATXN2L,0.027786641496257498,6,1.0
ATXN3,0.013362787551561794,18,0.5555555555555556
ATXN3L,0.035188118757759276,5,1.0
ATXN7,0.01664950953344066,23,0.5652173913043478
ATXN7L1,0.02016585477960435,16,0.6875
ATXN7L2,0.020538471152167854,8,0.75
ATXN7L3,0.009721686208893111,6,0.3333333333333333
ATXN8OS,0.031883007974913266,5,0.8
AUH,0.030302616809116133,5,1.0
AUP1,0.01472148776747911,9,0.7777777777777778
AURKA,0.02190340907220227,19,0.8421052631578947
AURKAIP1,0.03741985185691783,8,0.75
AURKAPS1,0.014472409628703128,3,0.3333333333333333
AURKB,0.025090157713656747,10,0.8
AURKC,0.022062575766337755,11,0.7272727272727273
AUTS2,0.01827545743027674,10,0.8
AVEN,0.02421764077731263,6,0.5
AVIL,-0.02437113442191795,6,1.0
AVL9,0.01859189065558095,7,0.5714285714285714
AVP,0.03380015620026871,9,0.8888888888888888
AVPI1,-0.0033319591874267584,14,0.7142857142857143
AVPR1A,0.039463515923480234,12,0.75
AVPR1B,0.014532058822558713,10,0.6
AVPR2,0.03586496017099806,14,0.9285714285714286
AWAT1,0.043235988865046926,1,1.0
AWAT2,0.06938870417973009,3,1.0
AXIN1,0.011635739457190958,6,0.6666666666666666
AXIN2,0.017159661216789666,14,0.7142857142857143
AXL,0.015702871722587462,8,0.875
AZGP1,0.03152103059702918,4,1.0
AZI1,0.01928383587326983,11,0.8181818181818182
AZI2,0.01604384343447578,13,0.5384615384615384
AZIN1,0.01756508989191766,16,0.5625
AZU1,0.01672554886777187,8,1.0
B2M,0.014204219130155384,11,0.9090909090909091
B3GALNT1,0.02396067033510573,16,0.8125
B3GALNT2,0.014577356883666999,11,0.7272727272727273
B3GALT1,0.03675540459129167,10,0.7
B3GALT2,-0.00025104718885451125,5,0.6
B3GALT4,0.027630861116819807,57,0.7368421052631579
B3GALT5,0.035130540907879544,6,0.8333333333333334
B3GALT6,0.013440953335838944,12,0.8333333333333334
B3GALTL,0.005864103587898702,5,0.8
B3GAT1,0.026073198652580003,20,0.75
B3GAT2,0.020953113566107826,13,0.6153846153846154
B3GAT3,0.01591914609766876,10,0.9
B3GNT1,0.022910172084785473,9,0.5555555555555556
B3GNT2,0.015662237563425056,20,0.8
B3GNT3,0.037315207575846554,12,0.8333333333333334
B3GNT4,0.019413608891562798,10,0.6
B3GNT5,0.01897909492731975,24,0.7083333333333334
B3GNT6,0.0152429164257576,7,0.7142857142857143
B3GNT7,-0.04500909137298369,7,0.8571428571428571
B3GNT8,0.0341808995760823,8,1.0
B3GNT9,0.009785244106805212,8,0.75
B3GNTL1,0.007780721494988221,8,0.875
B4GALNT1,0.020007735303486554,16,0.8125
B4GALNT2,0.02063399785104877,16,0.5
B4GALNT3,0.008462880340377526,7,0.7142857142857143
B4GALNT4,0.021940528380330376,27,0.8148148148148148
B4GALT1,0.02097698631344461,6,0.6666666666666666
B4GALT2,0.008995350493758455,14,0.8571428571428571
B4GALT3,0.02210461802751984,10,0.8
B4GALT4,0.011746378711882555,12,0.5833333333333334
B4GALT5,0.014095551924050674,9,0.6666666666666666
B4GALT6,0.02950283811830399,4,0.75
B4GALT7,0.020595389386379885,7,0.7142857142857143
B9D1,0.008901581037807539,12,0.6666666666666666
B9D2,0.012375017497491134,19,0.7894736842105263
BAALC,0.021891989457731947,7,1.0
BAAT,-0.005291860733509994,3,0.0
BACE1,0.015873652275361257,12,0.8333333333333334
BACE2,0.021012422447684777,7,0.7142857142857143
BACH1,0.01198585437793786,19,0.47368421052631576
BACH2,0.007500273966743893,39,0.5897435897435898
BAD,0.012516556708017396,22,0.7727272727272727
BAG1,0.033321423915988586,6,1.0
BAG2,0.009232747092255293,10,0.4
BAG3,0.019589780355803086,6,0.8333333333333334
BAG4,0.014299281607445502,12,0.75
BAG5,0.021484210314644196,11,0.9090909090909091
BAGE,0.03520317604117602,7,0.8571428571428571
BAGE2,0.03520317604117602,7,0.8571428571428571
BAGE3,0.03520317604117602,7,0.8571428571428571
BAGE4,0.03520317604117602,7,0.8571428571428571
BAGE5,0.03520317604117602,7,0.8571428571428571
BAHCC1,0.0206381446040448,9,0.7777777777777778
BAHD1,0.017442158216186457,17,0.7647058823529411
BAI1,0.026118439362358456,11,0.7272727272727273
BAI2,0.018195871748791545,21,0.7619047619047619
BAI3,0.03745102062395313,15,0.8
BAIAP2,0.008852680004687934,11,0.8181818181818182
BAIAP2L1,0.008710023462340373,7,0.8571428571428571
BAIAP2L2,0.023421680367059702,9,0.6666666666666666
BAIAP3,0.012833252407583078,10,0.6
BAK1,0.02842337872816648,10,1.0
BAMBI,0.027749676797999247,6,0.6666666666666666
BANF1,0.01756269041952724,17,0.7058823529411765
BANF2,0.01029307382295377,11,0.9090909090909091
BANK1,0.02142088602327691,8,0.625
BANP,0.020474234897292394,33,0.7575757575757576
BAP1,0.010387261022003285,13,0.6153846153846154
BARD1,0.02926682977008339,12,0.8333333333333334
BARHL1,0.02510257065392334,5,1.0
BARHL2,0.019529921793226577,15,0.9333333333333333
BARX1,0.028696425671318415,2,1.0
BARX2,0.014656858782108815,13,0.7692307692307693
BASE,0.046107275110224784,7,1.0
BASP1,0.012507223607202583,30,0.6
BAT1,0.02305487729990884,48,0.75
BAT2,0.019685164408694583,46,0.8695652173913043
BAT2L1,0.05514742360126446,3,1.0
BAT2L2,0.014008180777024822,12,0.6666666666666666
BAT3,0.01523856774390903,60,0.8166666666666667
BAT4,0.017059236637924358,55,0.7818181818181819
BAT5,0.014027452879286301,24,0.6666666666666666
BATF,0.03332430748098027,8,1.0
BATF2,0.03822091789567219,5,1.0
BATF3,0.01822695143040974,9,0.5555555555555556
BAX,0.029405395339109176,6,0.8333333333333334
BAZ1A,0.017391622615686074,6,0.8333333333333334
BAZ1B,0.012834957591555894,12,0.5833333333333334
BAZ2A,0.020492561918128295,4,1.0
BAZ2B,0.03450886384476513,11,0.45454545454545453
BBC3,0.014078581585400655,10,0.9
BBOX1,-0.009839225473306007,5,0.8
BBS1,0.023427280824488177,12,0.75
BBS10,0.027641234312840157,11,0.9090909090909091
BBS12,0.030865973119491935,10,0.7
BBS2,0.020771243002494527,8,0.875
BBS4,0.022627499595337542,5,0.8
BBS5,0.03413918520017591,6,1.0
BBS7,0.03237803396887025,10,0.7
BBS9,0.02061602435797949,10,0.6
BBX,-0.0001813339753478352,26,0.6538461538461539
BCAM,0.02806588505334757,4,1.0
BCAN,0.03977146515282905,9,0.8888888888888888
BCAP29,0.027718256459006843,15,0.4666666666666667
BCAP31,0.030002752108978036,14,0.6428571428571429
BCAR1,-0.008067879735896094,38,0.8421052631578947
BCAR3,0.027747588473026354,11,0.8181818181818182
BCAR4,0.013332284301809827,3,0.6666666666666666
BCAS1,0.03857781922522129,7,0.8571428571428571
BCAS2,0.021605342637818162,11,0.7272727272727273
BCAS3,0.021602565779441574,16,0.8125
BCAS4,0.03423907034307812,9,0.7777777777777778
BCAT1,0.013156002859222379,8,0.625
BCAT2,0.013476377754572279,6,0.6666666666666666
BCCIP,0.02560620752319647,13,1.0
BCDIN3D,0.013616056616052342,11,0.5454545454545454
BCHE,0.0998252469534952,2,1.0
BCKDHA,0.024254445696303098,11,0.9090909090909091
BCKDHB,0.022479125331091216,10,0.8
BCKDK,0.021596678515724527,10,0.6
BCL10,-0.0019523752752090597,8,0.75
BCL11A,0.02035526660879681,15,0.6
BCL11B,0.026501896514242555,8,0.625
BCL2,0.01900478132492947,31,0.7741935483870968
BCL2A1,0.006980311746809131,4,0.25
BCL2L1,0.014668022599225849,13,0.7692307692307693
BCL2L10,0.018213707192322886,12,0.6666666666666666
BCL2L11,0.027473823738309578,19,0.7368421052631579
BCL2L12,0.018959957556828336,11,1.0
BCL2L13,0.025398984692910034,8,1.0
BCL2L14,0.027641004891297245,8,0.75
BCL2L15,0.025564491554346053,6,0.6666666666666666
BCL2L2,0.029103947142952946,5,1.0
BCL3,0.016441234818442018,11,0.5454545454545454
BCL6,0.0035248650799388414,52,0.8076923076923077
BCL6B,0.014904081795585685,9,0.5555555555555556
BCL7A,0.01847541295955455,6,0.8333333333333334
BCL7B,0.01079755559245192,6,0.6666666666666666
BCL7C,0.005022445302505229,11,0.5454545454545454
BCL9,0.025855158916201947,21,0.8095238095238095
BCL9L,0.018842897139987654,12,0.6666666666666666
BCLAF1,0.017528159776455974,16,0.6875
BCMO1,0.036909821229056734,5,1.0
BCO2,0.048954104647296756,10,1.0
BCOR,0.028163767687952156,128,0.7734375
BCORL1,0.02362485176661709,16,0.625
BCORL2,0.03445520327500291,2,0.5
BCR,0.02775054000288554,13,0.9230769230769231
BCS1L,0.016701342745645296,10,0.6
BDH1,0.03534880100822231,16,0.9375
BDH2,0.05817003724621254,6,1.0
BDKRB1,0.040129300292494306,6,0.8333333333333334
BDKRB2,0.016076001912258508,18,0.8888888888888888
BDNF,0.025023288576153036,77,0.8051948051948052
BDNFOS,0.023410760828910113,5,0.4
BDP1,0.025017309607186105,10,0.9
BEAN,0.010610585940521151,15,0.8666666666666667
BECN1,0.004974111274543414,9,0.6666666666666666
BEGAIN,0.03182016436433073,12,0.9166666666666666
BEND2,0.027488594534184382,9,0.7777777777777778
BEND3,0.013597629293082891,10,0.5
BEND4,0.020842525685506704,12,0.6666666666666666
BEND5,0.021371019293463273,9,0.7777777777777778
BEND6,0.00853376157268244,16,0.75
BEND7,0.018379070787172,8,0.75
BEST1,0.019975764841899474,10,0.9
BEST2,0.049157997419355226,4,1.0
BEST3,0.001517706416043562,12,0.6666666666666666
BEST4,0.04333695172954569,7,1.0
BET1,0.026273233456555398,11,0.8181818181818182
BET1L,0.012133255119210103,16,0.6875
BET3L,0.029279006569013846,4,1.0
BEX1,0.013610022528896556,10,0.5
BEX2,0.016103090560293486,10,0.6
BEX4,0.019252064855652628,12,0.75
BEX5,0.038521124765745075,11,0.9090909090909091
BEYLA,0.05189172725226199,3,1.0
BFAR,0.02264516644391992,11,0.9090909090909091
BFSP1,-0.030098597470431733,11,0.5454545454545454
BFSP2,0.046957504191810176,5,1.0
BGLAP,-0.04725693457150825,11,1.0
BGN,0.042779556477563735,10,0.9
BHLHA15,0.025644113556752633,13,0.9230769230769231
BHLHA9,0.026003954721716266,8,0.625
BHLHB9,0.013448291160162745,18,0.6111111111111112
BHLHE22,0.04346980821918701,19,0.9473684210526315
BHLHE23,0.008053807874993294,13,0.38461538461538464
BHLHE40,0.016501930906016597,12,0.75
BHLHE41,0.022005738661593863,8,0.875
BHMT,0.025094155110317498,11,0.8181818181818182
BHMT2,0.020585576546911694,3,0.6666666666666666
BICC1,0.009681292540457269,6,0.3333333333333333
BICD1,0.019393123097983998,11,0.7272727272727273
BICD2,0.02743673524781858,5,1.0
BID,0.017969662647880066,18,0.7777777777777778
BIK,0.027215039369559275,31,0.9032258064516129
BIN1,0.015212453403462767,10,0.6
BIN2,0.02743534204496924,10,0.8
BIN3,0.013912767737564917,11,0.9090909090909091
BIRC2,0.019532938905629075,9,0.5555555555555556
BIRC3,0.03372398670477732,12,0.75
BIRC5,0.011765698298679838,7,0.5714285714285714
BIRC6,0.023322690663551332,9,0.8888888888888888
BIRC7,0.039083120839124144,10,0.8
BIRC8,0.04283124625648354,7,0.7142857142857143
BIVM,0.02044684467733576,24,0.7083333333333334
BLCAP,0.023273622556021736,115,0.8260869565217391
BLID,0.011828880657057547,8,0.5
BLK,0.043213022528464214,9,1.0
BLM,0.01976623321886994,14,0.7857142857142857
BLMH,0.01685034018084792,5,0.6
BLNK,0.056525967254152466,7,1.0
BLOC1S1,0.028954071892076577,8,0.875
BLOC1S2,0.01241639764179165,19,0.631578947368421
BLOC1S3,0.021941630245584938,18,0.9444444444444444
BLVRA,0.01817633761217151,15,0.8666666666666667
BLVRB,0.017788173119326022,14,0.8571428571428571
BLZF1,0.029538499850617916,19,0.7894736842105263
BMF,0.0274629791580182,19,0.8947368421052632
BMI1,0.01149098476614394,20,0.7
BMP1,0.016721180186364353,5,0.8
BMP10,0.055442868879303074,5,1.0
BMP15,0.05977579460240772,6,1.0
BMP2,0.008706517806990145,9,0.5555555555555556
BMP2K,0.015347043834629358,7,0.7142857142857143
BMP3,0.0206993709936985,12,0.8333333333333334
BMP4,0.023069127337866254,22,0.7272727272727273
BMP5,0.12613543302654956,1,1.0
BMP6,0.006108679095976677,8,0.75
BMP7,0.018957223298903852,15,0.8
BMP8A,0.013740861134585478,16,0.625
BMP8B,0.019784884539987148,17,0.6470588235294118
BMPER,0.01951861185796544,10,0.9
BMPR1A,0.014816015105623415,26,0.6153846153846154
BMPR1B,0.007394131771229886,21,0.42857142857142855
BMPR2,0.027365700289016217,12,0.8333333333333334
BMS1,0.018539798756787837,13,0.8461538461538461
BMS1P1,0.029272853561607595,2,1.0
BMS1P4,0.0351806055012646,8,0.875
BMS1P5,0.029272853561607595,2,1.0
BMX,0.04107455432766165,10,0.9
BNC1,0.02074430554891792,19,0.6842105263157895
BNC2,0.0061877740692611385,4,0.75
BNIP1,0.024439298774346953,10,0.9
BNIP2,0.007644262109442094,8,0.625
BNIP3,0.018021407884459145,10,0.6
BNIP3L,0.018838518601441697,6,0.8333333333333334
BNIPL,0.03119503033946014,4,1.0
BOC,0.02550567924641274,24,0.7916666666666666
BOD1,0.013831270805859865,12,0.5833333333333334
BOD1L,0.016068634074442225,7,0.8571428571428571
BOK,0.01741317722288415,7,0.7142857142857143
BOLA1,0.02041362616634348,6,0.6666666666666666
BOLA2,0.011410509946622512,5,0.8
BOLA2B,0.011410509946622512,5,0.8
BOLA3,0.0019437054285247946,10,0.7
BOLL,0.006879186708533529,18,0.7777777777777778
BOP1,0.01161926014471523,6,0.8333333333333334
BPESC1,0.06007013401202676,3,1.0
BPGM,0.0246170028088564,14,0.8571428571428571
BPHL,0.013019322875345431,9,0.5555555555555556
BPI,0.02067467779560351,7,0.7142857142857143
BPIL1,0.03627647023052546,8,1.0
BPIL2,0.0538930014892195,3,1.0
BPIL3,0.04560846418265501,5,1.0
BPNT1,0.027728779691605476,11,0.6363636363636364
BPTF,0.014846226647771401,7,0.7142857142857143
BRAF,0.02979353416416915,13,0.46153846153846156
BRAP,0.015906664159665563,15,0.8666666666666667
BRCA1,0.023268822567126677,48,0.7916666666666666
BRCA2,0.013121835520837082,15,0.8666666666666667
BRCC3,0.012984231696582057,9,0.6666666666666666
BRD1,0.02372532513579978,9,0.7777777777777778
BRD2,0.019104809725034748,111,0.7837837837837838
BRD3,0.02134547658576716,14,0.8571428571428571
BRD4,-0.000249123110010175,6,0.8333333333333334
BRD7,0.04532356630846064,2,1.0
BRD7P3,0.025114907383725002,4,1.0
BRD8,0.01931822249313612,12,0.8333333333333334
BRD9,0.010376273392759643,18,0.5
BRDT,0.02906163395121294,15,0.7333333333333333
BRE,0.02017282182967553,23,0.6956521739130435
BREA2,0.02479435879019609,8,0.625
BRF1,0.016432166918773552,28,0.7142857142857143
BRF2,0.021953442518451882,8,0.875
BRI3,0.004443442311581605,8,0.75
BRI3BP,0.022265615047826808,10,0.8
BRIP1,0.024947179167337467,9,0.8888888888888888
BRIX1,0.020187421212985814,12,0.5833333333333334
BRMS1,0.019037284785374618,14,0.7857142857142857
BRMS1L,0.016478481240029513,9,0.6666666666666666
BRP44,0.02395967551377852,22,0.7727272727272727
BRP44L,0.01856950346436603,32,0.8125
BRPF1,0.0199385819716553,12,0.9166666666666666
BRPF3,0.029187259704565635,9,0.7777777777777778
BRS3,0.046682045014616966,4,1.0
BRSK1,0.01970438794261847,7,0.8571428571428571
BRSK2,0.019435201603441497,6,0.8333333333333334
BRUNOL4,0.01728056115978976,33,0.6363636363636364
BRUNOL5,0.020516738285282745,4,0.75
BRUNOL6,0.009900502996144193,9,0.3333333333333333
BRWD1,0.020818179178912818,4,0.75
BRWD3,0.021149531688109194,6,0.8333333333333334
BSCL2,0.021601684235938317,32,0.8125
BSDC1,0.023623062337474302,5,0.8
BSG,0.012672139672181983,12,0.6666666666666666
BSN,0.015692036297015634,8,0.625
BSND,0.0382411825479086,9,0.7777777777777778
BSPH1,0.04242321319377276,2,1.0
BSPRY,0.02779011357255019,5,0.8
BST1,0.024965592404861084,11,0.8181818181818182
BST2,0.04011993792455593,7,1.0
BSX,0.025066063459818856,10,1.0
BTAF1,0.010321465245633828,9,0.6666666666666666
BTBD1,0.015628960418598254,10,0.8
BTBD10,0.027372459600556447,13,0.7692307692307693
BTBD11,0.022545784967899468,25,0.8
BTBD12,0.023278436149399256,9,0.7777777777777778
BTBD16,0.031307826327180655,8,1.0
BTBD17,0.019275406406175418,6,0.6666666666666666
BTBD18,0.03891820403255879,11,0.8181818181818182
BTBD19,0.02127147597460331,6,1.0
BTBD2,0.02869704535811711,4,1.0
BTBD3,-0.005781168962135721,19,0.7368421052631579
BTBD6,0.013825541547085242,11,0.6363636363636364
BTBD7,0.014276665372552967,23,0.4782608695652174
BTBD8,0.02430707571416173,10,0.6
BTBD9,0.020890411208781105,20,0.6
BTC,0.026720302360142525,9,0.7777777777777778
BTD,0.01864888829564144,15,0.7333333333333333
BTF3,0.017299928279088952,11,0.6363636363636364
BTF3L1,0.02975176220645139,3,0.6666666666666666
BTF3L4,0.01810963720788822,15,0.8666666666666667
BTG1,0.022061437190880374,7,0.7142857142857143
BTG2,0.0008113231183773826,8,0.625
BTG3,0.016501362882147083,13,0.8461538461538461
BTG4,0.01754582953540416,15,0.7333333333333333
BTK,0.04339899886142854,6,1.0
BTLA,0.034593827433819474,2,1.0
BTN1A1,0.016953526721994922,3,1.0
BTN2A1,0.024923224859575738,10,0.9
BTN2A2,0.03317713108417885,6,0.8333333333333334
BTN2A3,0.037979304146597254,6,1.0
BTN3A1,0.031691492953501044,5,1.0
BTN3A2,0.01699604896138296,5,0.6
BTN3A3,0.0368654260965867,4,1.0
BTNL2,0.048963164818199345,8,0.875
BTNL3,0.031709554909668994,2,0.5
BTNL8,0.053719146392807365,11,1.0
BTNL9,0.05063536065128856,7,1.0
BTRC,0.024010063525630836,10,0.9
BUB1,0.018850292936960673,13,0.7692307692307693
BUB1B,0.023495377993991456,12,0.9166666666666666
BUB3,0.020586036791955725,12,0.6666666666666666
BUD13,0.013321971119884642,10,0.6
BUD31,0.016276561794892782,16,0.8125
BVES,0.016970475030624415,10,0.8
BYSL,0.02006447294289761,13,0.6923076923076923
BZRAP1,0.0396288851351932,7,1.0
BZW1,0.017824676023003798,9,0.7777777777777778
BZW1L1,0.03041904318448401,5,0.6
BZW2,0.020146633557194885,22,0.6363636363636364
C10orf10,0.016572028944256162,7,0.7142857142857143
C10orf104,0.0289809141210417,12,0.9166666666666666
C10orf105,0.04603717584378053,18,0.9444444444444444
C10orf107,0.008601766677829838,11,0.2727272727272727
C10orf108,0.01734663601343009,8,0.75
C10orf11,-0.0018510932465579167,10,0.6
C10orf110,0.021089874705255113,6,0.6666666666666666
C10orf111,0.009266385167275348,14,0.7142857142857143
C10orf113,0.05590298462587616,4,1.0
C10orf114,0.011674303253231894,16,0.625
C10orf116,0.024580201521437296,9,0.7777777777777778
C10orf118,0.013889318226801759,21,0.6190476190476191
C10orf119,0.011934701849289698,8,0.625
C10orf12,0.018379532742192662,10,0.7
C10orf120,0.04166126174504977,3,1.0
C10orf122,0.054738068295625865,6,1.0
C10orf125,0.015060654222477057,10,0.5
C10orf128,0.06279917681182522,5,1.0
C10orf129,0.015987124563886207,2,0.5
C10orf131,0.025236000711564156,14,0.5714285714285714
C10orf137,0.018924590350814518,14,0.7142857142857143
C10orf140,0.027463292370705075,18,0.6111111111111112
C10orf18,0.017150315971307548,20,0.85
C10orf2,0.011450379308994438,21,0.6190476190476191
C10orf25,0.00639859558561808,13,0.6153846153846154
C10orf26,0.0292971347890253,21,0.9047619047619048
C10orf27,0.02621206198328123,6,0.8333333333333334
C10orf28,0.02604601393162929,13,0.9230769230769231
C10orf32,0.03245565246732935,9,0.6666666666666666
C10orf35,0.024534482389252505,12,0.75
C10orf4,0.02074549441573014,20,0.75
C10orf40,0.03760980701628486,1,1.0
C10orf41,0.0217403501902809,16,0.75
C10orf46,0.015669933632641117,11,0.6363636363636364
C10orf47,0.03646032893530462,14,0.7857142857142857
C10orf50,0.01523713002237693,6,0.6666666666666666
C10orf53,0.02106331084184507,13,0.6923076923076923
C10orf54,0.0228892192373536,12,0.9166666666666666
C10orf55,0.049429109850198806,9,0.8888888888888888
C10orf57,0.026673957484634015,6,0.8333333333333334
C10orf58,0.030049189169250323,24,0.875
C10orf62,0.03330882550358357,6,1.0
C10orf67,0.01592837251843741,3,0.6666666666666666
C10orf68,0.005473117566374345,3,0.3333333333333333
C10orf71,0.025139153640565515,13,0.9230769230769231
C10orf72,0.025295099904510787,5,0.8
C10orf75,0.014999300807257945,8,0.875
C10orf76,0.023520892403981464,12,0.75
C10orf78,0.01798450058220247,14,0.7857142857142857
C10orf79,0.020802911368761764,9,0.4444444444444444
C10orf81,-0.043703846041264705,6,0.8333333333333334
C10orf82,0.01568512762888604,10,0.7
C10orf84,0.025598020368828762,15,0.8
C10orf88,0.02695513982478586,10,0.7
C10orf90,-0.0678443393205505,6,1.0
C10orf91,0.020133766723587104,4,1.0
C10orf93,0.018730769866683115,8,0.5
C10orf95,0.04179347471862764,8,1.0
C10orf96,0.03336739789545671,11,0.7272727272727273
C10orf99,0.052124163818613886,4,1.0
C11orf1,0.020152574764550107,14,0.7142857142857143
C11orf10,0.016006983082914785,13,0.8461538461538461
C11orf16,0.016720893204946737,9,0.8888888888888888
C11orf17,0.015164985121752792,12,0.75
C11orf2,0.02934343932307136,8,0.75
C11orf20,0.019473819919305666,12,0.8333333333333334
C11orf21,-0.04867565510511333,11,0.8181818181818182
C11orf24,0.0037755316604786305,9,1.0
C11orf30,0.02249834562223122,15,0.8
C11orf31,0.021069093768975977,9,0.8888888888888888
C11orf34,0.00897328838414041,4,1.0
C11orf35,0.003915740317168033,14,0.6428571428571429
C11orf36,0.044781658095430554,4,1.0
C11orf40,0.03370447428690658,5,0.6
C11orf41,0.021542514919800193,6,1.0
C11orf42,0.02304592792078954,3,1.0
C11orf45,0.025283786602591493,15,0.6666666666666666
C11orf46,0.01730472191293488,11,0.8181818181818182
C11orf48,0.014451649643981239,22,0.7727272727272727
C11orf49,0.03042980748599875,11,0.7272727272727273
C11orf51,0.017898199737563805,11,0.7272727272727273
C11orf52,0.03986269349003625,6,0.8333333333333334
C11orf53,0.04325400664364834,6,0.8333333333333334
C11orf54,0.017533387402128696,23,0.7391304347826086
C11orf57,0.026293131351938375,14,0.9285714285714286
C11orf58,0.02406524886870379,21,0.6666666666666666
C11orf59,0.009445092976431788,8,0.875
C11orf60,0.02820746156999142,17,0.8235294117647058
C11orf61,0.00723248145782724,10,0.7
C11orf63,0.018010834577932327,13,0.6923076923076923
C11orf64,0.028669338024507794,4,0.5
C11orf65,0.024086333708951732,10,0.6
C11orf66,0.04174951367187201,8,0.75
C11orf67,0.024495975058046602,13,0.6153846153846154
C11orf68,0.0225353067000628,9,0.7777777777777778
C11orf70,0.01775292745304485,11,0.7272727272727273
C11orf71,0.016639824240666515,12,0.75
C11orf73,0.02543243654168311,10,0.9
C11orf74,0.01993129319465575,14,0.7142857142857143
C11orf75,0.02780353751482252,24,0.8333333333333334
C11orf80,0.016549816431577484,5,0.2
C11orf82,0.020325244913659446,16,0.6875
C11orf83,0.011416820581101668,17,0.7647058823529411
C11orf84,0.01881276445942414,5,0.8
C11orf85,0.030902598105108724,5,1.0
C11orf86,0.06873512292406472,4,1.0
C11orf87,0.020702585279965796,17,0.7058823529411765
C11orf88,0.017303847567565832,10,0.8
C11orf9,0.01474585878029341,14,0.7142857142857143
C11orf90,0.016454920485688907,8,0.75
C11orf91,-0.003271056580485306,13,0.6923076923076923
C11orf92,0.021894866147108342,21,0.7619047619047619
C11orf93,0.023754292398856847,22,0.7727272727272727
C11orf94,0.03598209948971132,10,0.9
C11orf95,0.03558563285874598,4,1.0
C12orf10,0.02717111821955267,10,1.0
C12orf11,0.011793949033621414,12,0.5
C12orf12,0.020600064534757156,15,0.6666666666666666
C12orf23,0.012588913923002707,22,0.7727272727272727
C12orf24,0.02098021095194683,11,0.9090909090909091
C12orf26,0.017134130687205297,15,0.8666666666666667
C12orf27,0.04071299598448425,3,1.0
C12orf29,0.027163700371731058,11,0.6363636363636364
C12orf32,0.011136930928028877,6,1.0
C12orf34,0.023939137806959446,24,0.7916666666666666
C12orf35,0.013351208986973246,20,0.65
C12orf36,0.04767218372675297,2,1.0
C12orf39,0.04135083915544738,2,1.0
C12orf4,0.02987436913956616,14,0.7142857142857143
C12orf40,0.03214977810070818,7,0.7142857142857143
C12orf41,0.01700703669652942,13,0.6923076923076923
C12orf42,0.022688638049901774,16,0.75
C12orf43,0.019911615948526324,10,0.8
C12orf44,0.016364846949190767,11,0.9090909090909091
C12orf45,0.03533373412128993,5,0.8
C12orf47,0.03673794904426621,4,1.0
C12orf48,0.01639429879288392,11,0.8181818181818182
C12orf49,0.01674260757751419,18,0.7222222222222222
C12orf5,0.013308734411433744,3,0.6666666666666666
C12orf50,0.03728833230412682,3,0.6666666666666666
C12orf51,0.004778073434598462,1,0.0
C12orf52,0.017184413624147857,12,0.75
C12orf53,0.014888056098584415,12,0.6666666666666666
C12orf54,0.06447044091517526,5,1.0
C12orf56,-0.012429476573359632,8,0.375
C12orf57,0.024653943819039487,12,0.8333333333333334
C12orf59,0.039285866806955914,5,0.6
C12orf60,0.031604241509022434,23,0.8260869565217391
C12orf61,0.022027817461465045,13,0.7692307692307693
C12orf62,0.007521467641872179,14,0.6428571428571429
C12orf63,0.07009833708540009,1,1.0
C12orf65,0.01875646200808946,19,0.5263157894736842
C12orf66,0.020760782420966125,11,1.0
C12orf67,0.005525789117529022,7,0.2857142857142857
C12orf68,0.024425058751986885,13,0.9230769230769231
C12orf69,0.03823425125019546,4,0.75
C12orf70,0.01631754320252903,6,0.6666666666666666
C12orf71,0.007845137566705573,3,0.6666666666666666
C12orf72,0.025757600463165387,17,0.8823529411764706
C12orf73,0.029116845159794017,7,0.5714285714285714
C12orf74,0.030513277989260266,7,1.0
C12orf75,0.01343929432539579,8,1.0
C12orf76,0.025179359671729,7,0.7142857142857143
C12orf77,-0.07296733096073788,6,0.6666666666666666
C13orf1,0.018138815674172238,12,0.6666666666666666
C13orf15,0.017700019663659923,7,1.0
C13orf16,0.021958298388421924,11,0.8181818181818182
C13orf18,0.02099021605392972,16,0.875
C13orf23,0.02622035109535353,17,0.7647058823529411
C13orf26,0.029293438089341053,9,1.0
C13orf27,0.011892673600598508,14,0.42857142857142855
C13orf28,0.04947286858616214,5,1.0
C13orf29,-0.008019982256973568,5,1.0
C13orf30,0.023844967250884502,7,0.42857142857142855
C13orf31,0.015783047754895387,18,0.6111111111111112
C13orf33,0.026094656351387375,10,0.7
C13orf34,0.013457812610071923,16,0.8125
C13orf35,0.027552373569125394,20,0.85
C13orf36,0.035315532802937005,21,0.9047619047619048
C13orf37,0.008818372438206904,11,0.7272727272727273
C13orf38,0.023592348025658686,16,0.6875
C13orf39,0.028625192235677183,6,0.8333333333333334
C14orf1,0.016443859417428496,12,0.6666666666666666
C14orf101,0.018363971966399353,9,0.7777777777777778
C14orf102,0.024416349934915933,13,0.6153846153846154
C14orf104,0.0216939150680609,15,0.9333333333333333
C14orf105,0.017331268559990017,7,0.42857142857142855
C14orf106,0.02263828922146403,13,0.5384615384615384
C14orf109,0.009237667852299437,15,0.7333333333333333
C14orf115,0.029714376189312944,11,0.8181818181818182
C14orf118,0.02187980053163121,9,0.7777777777777778
C14orf119,0.013766529443331102,16,0.75
C14orf126,0.033199522476679295,6,0.5
C14orf128,0.015973091880149,6,0.6666666666666666
C14orf129,0.01263834524374674,3,0.3333333333333333
C14orf132,0.014159381220845976,9,0.7777777777777778
C14orf133,0.015421987588251454,14,0.7142857142857143
C14orf135,0.025991271216641798,15,0.9333333333333333
C14orf138,0.02868798325886689,5,0.6
C14orf139,0.020819338457203268,4,1.0
C14orf142,0.009457157107162972,8,0.625
C14orf143,0.020844434302783547,11,0.6363636363636364
C14orf145,-0.046074148924463675,4,0.25
C14orf147,0.015825227964214282,7,0.7142857142857143
C14orf148,0.0007554141289601671,6,0.3333333333333333
C14orf149,0.01868184696007235,8,0.875
C14orf153,0.01811433423363968,7,0.8571428571428571
C14orf156,0.013191552319219585,8,0.75
C14orf159,0.022445708638465973,19,0.8947368421052632
C14orf162,0.027886875941684416,9,0.8888888888888888
C14orf165,0.02406595546709912,5,1.0
C14orf166,0.023722636725166665,6,0.5
C14orf166B,0.03839318527914408,5,1.0
C14orf167,0.03686131101553928,6,1.0
C14orf169,0.01932852484400365,14,0.7142857142857143
C14orf174,0.013539814869106978,10,0.7
C14orf176,0.030610901538645437,10,0.9
C14orf177,0.03151725488486211,5,0.8
C14orf178,0.02330254988100305,10,1.0
C14orf179,0.02581358606434441,7,0.8571428571428571
C14orf180,0.03021836734027835,13,0.8461538461538461
C14orf181,0.02726247382259742,15,0.7333333333333333
C14orf182,0.022429820376822396,6,0.8333333333333334
C14orf183,0.02429981824392828,4,0.5
C14orf184,0.026910090792819655,11,0.8181818181818182
C14orf19,0.016407311361419152,3,0.6666666666666666
C14orf2,0.025828999472977645,12,1.0
C14orf21,0.0119703891222591,19,0.6842105263157895
C14orf23,0.04597865859749319,2,0.5
C14orf28,0.030613115602042613,15,0.6666666666666666
C14orf33,0.0367434152302274,4,1.0
C14orf34,0.054967174829315214,3,1.0
C14orf37,0.020049444439659225,15,0.7333333333333333
C14orf38,0.041519728567426153,5,1.0
C14orf39,0.033529116492321175,9,0.5555555555555556
C14orf4,0.019726086336498708,18,0.6666666666666666
C14orf43,0.011456850028850335,42,0.7619047619047619
C14orf45,0.01794473961748246,9,0.6666666666666666
C14orf48,0.02710110926508604,5,0.8
C14orf49,0.02541811917129726,5,0.6
C14orf50,0.017411265283001874,7,0.5714285714285714
C14orf53,0.02137828725922125,1,0.0
C14orf64,0.024991387328458667,6,0.6666666666666666
C14orf68,0.035002302265589876,7,1.0
C14orf70,0.03882711324193,6,1.0
C14orf72,0.00227355120175741,3,0.3333333333333333
C14orf73,0.03816615010717664,6,1.0
C14orf79,0.013986330715713513,11,0.7272727272727273
C14orf80,0.009327628411572987,18,0.8333333333333334
C14orf86,0.029847977442711213,9,0.8888888888888888
C14orf93,0.02474954630940194,11,0.9090909090909091
C15orf17,0.027423327976119842,8,0.875
C15orf2,0.02968159525944409,15,0.8
C15orf21,0.02260131750331995,1,0.0
C15orf23,0.023654245087451082,8,0.875
C15orf24,0.02518703961968314,10,1.0
C15orf26,0.024695635883387364,9,0.8888888888888888
C15orf27,0.03169737323572513,12,0.8333333333333334
C15orf28,-0.04311394653948982,5,1.0
C15orf29,0.018706806949479668,16,0.75
C15orf32,0.05110071981336263,4,1.0
C15orf33,0.026791715228036517,10,0.6
C15orf34,0.019155978149519828,9,0.7777777777777778
C15orf37,0.010920294151910079,2,0.5
C15orf38,0.01431375164021904,7,0.8571428571428571
C15orf39,0.014520884269407917,15,0.8666666666666667
C15orf40,0.021171679812554058,10,0.7
C15orf41,0.018515097348334644,11,0.6363636363636364
C15orf42,0.025047214545279767,13,0.8461538461538461
C15orf43,0.027671537244816358,6,0.6666666666666666
C15orf44,0.026687082153440258,9,0.7777777777777778
C15orf48,0.008720431355840823,9,0.4444444444444444
C15orf5,0.05942397859001666,2,1.0
C15orf50,0.03631154916058423,4,0.75
C15orf51,0.004382390009452428,3,1.0
C15orf52,0.03022790181685796,6,0.8333333333333334
C15orf53,-0.018672959881889387,6,0.8333333333333334
C15orf54,-0.06590853275940946,3,0.6666666666666666
C15orf55,0.05761883501006499,3,1.0
C15orf56,0.01380829075391471,11,0.7272727272727273
C15orf57,0.021079133240640778,7,0.8571428571428571
C15orf58,0.014943771841590313,11,0.6363636363636364
C15orf59,0.012230034295064474,7,0.5714285714285714
C15orf60,0.02076277955383131,12,0.75
C15orf61,0.02823273374551768,7,0.7142857142857143
C15orf62,-0.05667851725831692,10,0.9
C15orf63,0.02570260113492422,11,0.7272727272727273
C16orf10,0.019289540195468195,4,0.75
C16orf11,0.03953582661238158,13,0.9230769230769231
C16orf13,0.024409277244842757,8,0.875
C16orf3,0.03806649795449661,4,1.0
C16orf35,0.01099675512540811,14,0.5714285714285714
C16orf38,0.03698404013609507,5,0.8
C16orf42,0.012798044735802178,10,0.9
C16orf45,0.023247489539836255,12,0.8333333333333334
C16orf46,0.015088215337268607,14,0.7142857142857143
C16orf48,0.014060988912240077,7,0.7142857142857143
C16orf5,0.014094765991040497,18,0.7222222222222222
C16orf52,0.025113319705245905,5,1.0
C16orf53,0.023400742041937667,13,0.9230769230769231
C16orf54,0.016079736533552002,8,0.75
C16orf55,0.03379174714517093,4,0.75
C16orf57,0.0265637139938509,10,1.0
C16orf58,0.021316219057500113,8,1.0
C16orf59,0.029387579642582554,6,0.8333333333333334
C16orf61,0.024501232040376845,23,0.8695652173913043
C16orf62,0.015470309644621089,10,0.7
C16orf63,0.01394880097003017,9,0.6666666666666666
C16orf65,0.023688723239183734,8,0.875
C16orf67,0.02166550781987995,5,0.6
C16orf68,0.0193563344734206,8,0.625
C16orf7,0.005602429427148894,10,0.4
C16orf70,0.010185248105613989,8,0.375
C16orf71,0.015690555953012997,14,0.7142857142857143
C16orf72,0.01734486737990397,13,0.9230769230769231
C16orf73,-0.003445803317813095,10,0.4
C16orf74,0.03346704716351987,16,0.9375
C16orf75,0.025171395016498777,8,0.875
C16orf78,0.06618187250514089,5,1.0
C16orf79,-0.08706095930443689,11,1.0
C16orf80,0.021330687759808453,12,0.8333333333333334
C16orf81,0.026016330431262513,6,0.6666666666666666
C16orf82,0.04581575811369544,5,1.0
C16orf86,0.010979048366052485,7,0.7142857142857143
C16orf87,0.032534112821941866,8,0.625
C16orf88,0.017245213064952296,13,0.7692307692307693
C16orf89,0.03537125497469237,6,1.0
C16orf90,0.035097216198410885,6,1.0
C16orf91,0.04318440972772497,7,1.0
C16orf92,0.04319140214485548,4,1.0
C16orf93,0.01425200208271028,13,0.7692307692307693
C17orf100,0.013494062249343873,16,0.75
C17orf101,0.017142284400387856,4,0.75
C17orf102,0.011429258394645474,15,0.7333333333333333
C17orf103,0.008859416671201412,4,0.25
C17orf104,0.021242761725087236,11,0.7272727272727273
C17orf105,0.022241390012685644,12,0.5833333333333334
C17orf106,0.008747711030148516,16,0.6875
C17orf107,0.0054024447406119235,9,0.5555555555555556
C17orf108,0.015204768407453627,11,0.8181818181818182
C17orf28,0.01976541126540663,11,0.7272727272727273
C17orf37,0.017032141202785456,8,0.75
C17orf39,0.010483528794606354,13,0.5384615384615384
C17orf42,0.021898726054253862,11,0.9090909090909091
C17orf44,0.02787965157996219,4,1.0
C17orf46,-0.004437472387669683,10,0.8
C17orf47,0.051786840444740724,5,1.0
C17orf48,0.012757639395310211,19,0.5263157894736842
C17orf49,0.018886370686309214,14,0.7142857142857143
C17orf50,0.05298624584465069,3,1.0
C17orf51,0.03157757627796714,8,0.75
C17orf53,0.027992911749160534,9,0.8888888888888888
C17orf54,0.04020798262735908,4,1.0
C17orf55,0.014719092620627124,14,0.5714285714285714
C17orf56,0.012513861070005227,9,0.7777777777777778
C17orf57,0.02169333629254312,10,0.4
C17orf58,0.02487430023581322,5,1.0
C17orf59,0.020021055700109112,16,0.6875
C17orf60,0.026632287404038113,1,1.0
C17orf61,0.012311960642155607,11,0.7272727272727273
C17orf62,0.022307595058099254,13,0.8461538461538461
C17orf63,0.02351854793513607,18,0.8888888888888888
C17orf64,0.024291985082765838,12,0.5833333333333334
C17orf65,0.019639055951833042,22,0.8636363636363636
C17orf66,0.05660381745963681,4,0.75
C17orf67,-0.04351009969827575,7,1.0
C17orf68,0.018574532165516213,11,0.9090909090909091
C17orf69,0.06455360769187045,3,1.0
C17orf70,0.0200140832256397,15,0.8666666666666667
C17orf71,0.01440553454398554,7,0.42857142857142855
C17orf72,0.02371431822106003,8,0.875
C17orf73,0.022484088795061415,7,1.0
C17orf74,0.04515222764105363,7,1.0
C17orf75,0.020742630250630556,5,0.6
C17orf76,0.026377177691278526,6,0.8333333333333334
C17orf77,0.074730525127316,9,1.0
C17orf78,0.009810662518465671,4,0.5
C17orf79,0.02339889634912372,9,0.7777777777777778
C17orf80,0.020183816973895638,19,0.7368421052631579
C17orf81,0.018607275433473673,20,0.65
C17orf82,0.02439653551459311,15,0.8
C17orf85,0.008381141899116321,11,0.36363636363636365
C17orf86,0.027607488981357918,8,1.0
C17orf87,0.03965416681542561,4,1.0
C17orf88,0.026709454720056505,6,1.0
C17orf89,0.013202403720909158,10,0.8
C17orf90,0.009789835537628319,16,0.6875
C17orf91,0.0158273502834025,11,0.8181818181818182
C17orf93,0.017025049887397656,10,0.8
C17orf95,0.014131040605708882,19,0.7894736842105263
C17orf96,0.017771696500288724,19,0.6842105263157895
C17orf97,0.01298304707535431,12,0.5
C17orf98,0.03652636124119061,9,0.7777777777777778
C17orf99,0.03916701214780125,6,1.0
C18orf1,0.02151978039025839,41,0.7560975609756098
C18orf10,0.008132312298446513,14,0.6428571428571429
C18orf16,0.04951575287113097,6,1.0
C18orf18,0.018102098771195875,8,0.75
C18orf19,0.011240394594488258,16,0.75
C18orf2,0.07474932991677481,3,1.0
C18orf20,0.044800974992984535,5,1.0
C18orf21,0.01178723313026526,10,0.6
C18orf22,0.015406169650509815,15,0.6666666666666666
C18orf25,0.017324122543314165,14,0.7857142857142857
C18orf26,0.04290524674963187,3,1.0
C18orf32,0.017880438897038543,10,0.9
C18orf34,0.023215426484825826,10,0.7
C18orf45,0.003645396523953879,6,0.6666666666666666
C18orf54,0.0357993803331936,10,0.5
C18orf55,0.013881696044152512,18,0.8333333333333334
C18orf56,0.01788788295802444,10,0.9
C18orf62,0.03428293501154897,6,1.0
C18orf8,0.00920541587321554,8,0.5
C19orf10,0.008646166379196546,11,0.6363636363636364
C19orf12,0.017715725392575786,11,0.5454545454545454
C19orf18,0.028662534300116435,4,0.75
C19orf2,0.02175368105432688,4,0.75
C19orf20,0.017720453419509067,11,1.0
C19orf21,0.019214704240446454,9,1.0
C19orf22,0.016138416833914666,7,0.7142857142857143
C19orf23,0.014185820192845932,10,0.6
C19orf24,0.008944338733971026,9,0.8888888888888888
C19orf25,0.015573562503843797,12,0.75
C19orf26,0.015034634811238526,12,0.75
C19orf28,0.0065259987798972074,8,0.625
C19orf29,0.01789336592773396,10,0.8
C19orf30,0.02918358986591035,4,0.75
C19orf33,0.0306418458849344,7,0.8571428571428571
C19orf34,0.029167493528464792,7,1.0
C19orf35,0.022039204662427855,9,0.8888888888888888
C19orf36,0.013329741471891017,15,0.6666666666666666
C19orf38,0.024288345220643978,8,0.875
C19orf39,0.025012222430530775,12,0.75
C19orf40,0.022243160194386512,17,0.7647058823529411
C19orf41,0.02944881282508971,9,0.7777777777777778
C19orf42,0.027904105706454956,9,0.7777777777777778
C19orf43,0.027967297392996204,5,0.8
C19orf44,0.020001663098418807,13,0.8461538461538461
C19orf45,0.03286677885801638,7,1.0
C19orf46,0.02758212007238382,6,0.8333333333333334
C19orf47,0.01640781249549016,23,0.7391304347826086
C19orf48,0.018396566722063516,25,0.88
C19orf50,0.03454942698856623,9,0.8888888888888888
C19orf51,0.02649805776855685,7,1.0
C19orf52,0.008875323172918516,15,0.7333333333333333
C19orf53,0.016959992867568708,6,0.6666666666666666
C19orf54,0.02105766640589422,13,0.7692307692307693
C19orf55,0.019511123695834635,11,0.7272727272727273
C19orf56,0.02168402793407143,11,0.8181818181818182
C19orf57,0.012819444200091464,15,0.5333333333333333
C19orf59,0.04694763620232015,6,1.0
C19orf6,0.014765255380313905,7,0.7142857142857143
C19orf60,0.028538173450950634,12,0.8333333333333334
C19orf61,-0.04579330383446607,15,0.5333333333333333
C19orf62,0.024164532858550903,12,0.75
C19orf63,0.019205191142626914,9,0.8888888888888888
C19orf66,0.02436408263521032,7,0.8571428571428571
C19orf69,0.02363703863129276,4,0.5
C19orf70,0.012213822831144906,11,0.6363636363636364
C19orf71,-0.12458328234960137,5,1.0
C19orf73,0.018729598864761932,11,0.8181818181818182
C19orf75,0.03399221640765596,2,1.0
C19orf76,0.028527013652781808,12,0.9166666666666666
C19orf77,0.03177568563423896,8,0.875
C1D,0.008660094262842144,8,0.5
C1GALT1,0.004937148367816265,17,0.6470588235294118
C1GALT1C1,0.028154215785948192,11,0.7272727272727273
C1QA,0.04771724958597417,7,1.0
C1QB,0.04502263517590467,9,1.0
C1QBP,0.019709943959317463,10,0.9
C1QC,0.03365834351993676,7,1.0
C1QL1,0.021373021376027635,12,0.5833333333333334
C1QL2,0.01841045861456864,12,0.8333333333333334
C1QL3,0.024863886961202415,10,0.8
C1QL4,0.03126606383581787,11,0.9090909090909091
C1QTNF1,-0.010928712932768349,29,0.7931034482758621
C1QTNF2,0.03470185620275076,10,1.0
C1QTNF3,-0.09871816564683417,9,0.7777777777777778
C1QTNF4,0.03318426613466272,8,1.0
C1QTNF5,0.03647682894410504,12,0.9166666666666666
C1QTNF6,0.03765658318418213,5,1.0
C1QTNF7,0.03033270908323733,23,0.8260869565217391
C1QTNF8,-0.03947660666872653,7,0.8571428571428571
C1QTNF9,0.030581154670320392,6,0.5
C1QTNF9B,0.030543905881821473,4,1.0
C1R,0.025559770905519755,6,0.6666666666666666
C1RL,0.021238397873156324,11,0.8181818181818182
C1S,0.027917773117728285,10,0.9
C1orf100,0.01587730969603181,9,0.5555555555555556
C1orf101,0.00985460497540317,8,0.25
C1orf103,0.014267878823191341,20,0.7
C1orf104,0.014329329782614053,20,0.75
C1orf106,0.0390340713616207,12,0.9166666666666666
C1orf107,0.020530643947536304,13,0.8461538461538461
C1orf109,0.020132011752165307,17,0.8823529411764706
C1orf110,0.0009752375174768513,5,1.0
C1orf111,0.04595250450739942,5,1.0
C1orf112,0.02251010933815362,11,0.5454545454545454
C1orf113,-0.030574017256626777,13,0.6153846153846154
C1orf114,0.025003037982238855,13,0.7692307692307693
C1orf115,0.017005508689763846,9,0.7777777777777778
C1orf116,0.03924455138638656,4,1.0
C1orf122,0.018923554531622967,13,0.6923076923076923
C1orf123,0.023960428382670228,5,1.0
C1orf124,0.0191396464394305,18,0.7222222222222222
C1orf125,0.028129805327951972,11,0.8181818181818182
C1orf126,0.018076522075696606,13,0.7692307692307693
C1orf127,0.02596943801109612,13,0.8461538461538461
C1orf128,0.017821558226854002,8,0.875
C1orf129,0.04342139483812882,2,0.5
C1orf130,0.03103587921410327,11,0.8181818181818182
C1orf131,0.017095755311171988,11,0.7272727272727273
C1orf133,-0.007375122233273303,9,0.5555555555555556
C1orf135,0.0065669527831521655,6,0.8333333333333334
C1orf14,0.004232021110253497,9,0.6666666666666666
C1orf141,0.05374633763973535,4,0.75
C1orf144,0.024163199749306172,7,0.8571428571428571
C1orf146,0.013390537653772306,9,0.5555555555555556
C1orf150,0.045822372596514865,8,1.0
C1orf151,0.011695243130010472,16,0.6875
C1orf156,0.023143447753965728,10,0.6
C1orf157,0.03681780927045144,4,1.0
C1orf158,0.025603691222266984,3,0.6666666666666666
C1orf159,0.01669035682335944,38,0.7368421052631579
C1orf161,0.03156989248383984,6,0.8333333333333334
C1orf162,0.003828471954879407,3,0.3333333333333333
C1orf163,0.019795631410255587,8,0.875
C1orf168,0.03927392245751146,9,0.8888888888888888
C1orf170,0.026638899656918076,7,0.8571428571428571
C1orf172,0.026992697893492585,14,0.8571428571428571
C1orf173,0.029796711090831384,11,1.0
C1orf174,0.01670762596124011,9,0.7777777777777778
C1orf175,0.05376756397108666,10,1.0
C1orf177,0.033449599972289724,5,0.8
C1orf180,-0.004535907375280146,2,0.0
C1orf182,0.023062042215831437,18,0.9444444444444444
C1orf183,0.01613372390391308,19,0.6842105263157895
C1orf185,0.0365053488282063,3,0.3333333333333333
C1orf186,0.03906432013712169,6,1.0
C1orf187,0.02627672504972252,24,0.875
C1orf189,0.04459452164800128,3,1.0
C1orf190,0.02191417807684337,7,0.7142857142857143
C1orf192,0.02473703436029982,4,1.0
C1orf194,0.019451946481656286,10,0.6
C1orf198,-0.05493349808929243,25,0.8
C1orf200,0.019526019263552175,5,0.6
C1orf201,0.0018040069382053853,4,0.25
C1orf203,0.023653290556319324,9,0.7777777777777778
C1orf204,0.014367996702372446,7,0.7142857142857143
C1orf21,-0.017079478557755327,21,0.7142857142857143
C1orf210,0.024424947598740934,11,0.7272727272727273
C1orf212,0.015851658417178744,19,0.7368421052631579
C1orf213,0.028637407796059354,22,0.9090909090909091
C1orf216,0.021496056135690854,9,0.7777777777777778
C1orf220,0.016166392541069063,12,0.9166666666666666
C1orf223,0.03932122806066936,5,1.0
C1orf226,0.04449532782603491,9,1.0
C1orf227,0.006787399100939506,5,0.2
C1orf228,0.024567235496986025,15,1.0
C1orf229,0.010647382831748549,17,0.7058823529411765
C1orf230,0.056579993283565194,6,0.8333333333333334
C1orf25,0.020781773287284776,21,0.6666666666666666
C1orf26,0.020781773287284776,21,0.6666666666666666
C1orf27,0.01810120615100578,17,0.7058823529411765
C1orf31,0.013071731183531823,15,0.6
C1orf35,0.013958173025695056,9,0.6666666666666666
C1orf38,0.013024778104388615,9,0.8888888888888888
C1orf43,0.01450710725847935,11,0.7272727272727273
C1orf49,0.027414659935184098,9,0.8888888888888888
C1orf50,0.02329980805203227,8,0.875
C1orf51,0.014681092956678368,12,0.75
C1orf52,0.01675121737025808,8,0.625
C1orf53,0.0072312859286174464,8,0.75
C1orf54,0.04902574014158283,2,1.0
C1orf55,0.016857448011927217,10,0.6
C1orf56,0.01895057892547932,12,0.5833333333333334
C1orf57,0.014102832853070209,14,0.7142857142857143
C1orf58,0.01877610323650742,18,0.6111111111111112
C1orf59,0.011172945246533351,10,0.7
C1orf61,0.03257760666049847,20,1.0
C1orf63,0.015392706518736492,11,0.7272727272727273
C1orf64,0.03093276508185805,3,1.0
C1orf65,0.02433043934904572,15,0.8
C1orf66,0.02132532729905539,15,0.8666666666666667
C1orf68,0.045229129963360794,3,1.0
C1orf69,0.020526746319040202,11,0.8181818181818182
C1orf70,0.021315808117749524,11,0.9090909090909091
C1orf74,0.020682185458981088,13,0.7692307692307693
C1orf77,0.016654555251535853,20,0.75
C1orf83,0.02129111878325959,18,0.9444444444444444
C1orf84,0.01778635779929078,15,0.8
C1orf85,0.03085404687132674,6,0.8333333333333334
C1orf86,0.0228942778934865,29,0.7931034482758621
C1orf87,0.030833077603413757,9,0.7777777777777778
C1orf88,0.01565570951662735,10,0.8
C1orf89,0.00718088863261004,10,0.5
C1orf9,0.016713620460408276,12,0.6666666666666666
C1orf91,0.014513631379922806,9,0.5555555555555556
C1orf92,0.03260694093248723,7,0.8571428571428571
C1orf93,0.014046239871357254,14,0.8571428571428571
C1orf94,0.03324429103141174,32,0.84375
C1orf95,0.01800011879382115,8,0.875
C1orf96,0.022432476037534878,7,0.7142857142857143
C1orf97,0.02136909244922471,7,0.7142857142857143
C2,0.024261996425780953,8,0.875
C20orf103,0.02834193313934006,8,0.5
C20orf106,0.03393956697829056,6,1.0
C20orf107,0.034224914933803245,8,0.75
C20orf108,0.019638315384381884,10,0.7
C20orf11,0.013565177266594819,11,0.8181818181818182
C20orf111,0.014014187547010011,16,0.625
C20orf112,0.028081320315154097,9,1.0
C20orf114,0.03318697451483598,9,0.8888888888888888
C20orf117,0.019465551558115968,18,0.6666666666666666
C20orf118,0.033815961497576985,8,1.0
C20orf12,0.026855286451743024,11,0.8181818181818182
C20orf123,0.027955262347695402,8,1.0
C20orf132,0.016317220246505875,11,0.45454545454545453
C20orf134,0.033466407810606655,8,1.0
C20orf135,0.026212411982761318,10,0.8
C20orf141,0.040283339910832855,6,1.0
C20orf144,0.02723354904512574,8,0.875
C20orf151,0.04664141985451255,9,1.0
C20orf152,0.028877537188596036,3,1.0
C20orf160,0.055429670133751587,3,1.0
C20orf165,0.044461482817457515,6,1.0
C20orf166,0.02441869857432808,26,0.8461538461538461
C20orf173,0.041697725582550894,3,1.0
C20orf177,0.021701940528797276,13,0.6923076923076923
C20orf185,0.05466682463381666,6,1.0
C20orf186,0.030646579063468272,4,0.5
C20orf194,0.020563676622084734,11,0.5454545454545454
C20orf195,0.025628241155578324,11,0.6363636363636364
C20orf196,0.030643552339680663,7,0.8571428571428571
C20orf197,0.04830681878414698,6,0.8333333333333334
C20orf199,0.0066408877275825375,18,0.4444444444444444
C20orf20,0.00710604762640334,11,0.6363636363636364
C20orf200,0.02445657708538798,23,0.8695652173913043
C20orf201,0.02984767402560686,10,0.9
C20orf202,0.027670682232734674,5,0.8
C20orf24,0.0435373259321441,6,0.8333333333333334
C20orf26,0.026018770460013857,18,0.8333333333333334
C20orf27,0.020000929704933296,12,0.8333333333333334
C20orf29,0.010028565930746606,12,0.6666666666666666
C20orf3,0.0204411176505345,7,0.8571428571428571
C20orf30,0.026083242070399415,13,0.9230769230769231
C20orf4,0.01148539469929665,12,0.9166666666666666
C20orf43,0.02083050934477226,11,0.6363636363636364
C20orf46,0.027801361654836355,8,0.75
C20orf54,0.04724601208238551,8,0.875
C20orf56,0.03400232239314056,8,1.0
C20orf7,0.02435027773717757,16,0.6875
C20orf70,0.03905477830233842,8,1.0
C20orf71,0.04865281390017374,5,1.0
C20orf72,0.011165597240132379,21,0.6666666666666666
C20orf79,0.038764525660994344,6,1.0
C20orf85,0.02429371231632736,10,0.5
C20orf94,0.018639592209734736,17,0.7058823529411765
C20orf95,0.02503372999931213,8,0.875
C20orf96,0.03179877351601652,8,0.875
C21orf119,0.016446692886739552,6,0.6666666666666666
C21orf121,0.04545545336125998,6,1.0
C21orf122,0.035215187580478514,8,0.875
C21orf125,0.03988939982558198,8,1.0
C21orf128,0.02575947401289646,5,0.4
C21orf129,0.03833296159878455,6,1.0
C21orf130,0.05901595480354431,5,1.0
C21orf131,0.044862477179759774,1,1.0
C21orf15,0.03363310715684285,2,1.0
C21orf2,0.012707804194492087,8,0.625
C21orf29,0.01289785103627103,6,0.6666666666666666
C21orf33,0.015655421823279194,11,0.6363636363636364
C21orf34,0.00623644307104697,7,0.42857142857142855
C21orf45,0.02015550261634827,10,0.8
C21orf49,0.013144845928895385,10,1.0
C21orf54,0.055128991340468274,3,1.0
C21orf56,0.027009809909393785,16,0.8125
C21orf57,0.018015991574298593,11,0.6363636363636364
C21orf58,0.015239633496539328,11,0.5454545454545454
C21orf59,0.023092272622252896,12,0.8333333333333334
C21orf62,0.04938434943005739,5,1.0
C21orf63,0.012963397431702493,6,0.6666666666666666
C21orf66,0.014601498835877325,10,0.9
C21orf67,0.009349208076480375,4,1.0
C21orf7,0.03641084037286945,6,0.8333333333333334
C21orf70,0.024504390499608373,6,0.6666666666666666
C21orf71,0.0019756874096715227,1,0.0
C21orf81,0.01826822899818067,8,0.75
C21orf82,-0.00817337139989785,3,1.0
C21orf84,0.004476428242274714,6,1.0
C21orf88,0.016393919829391743,7,0.5714285714285714
C21orf90,0.04928072375153093,4,1.0
C21orf91,0.011663269893385796,11,0.5454545454545454
C21orf94,0.06437438670027218,2,1.0
C21orf96,0.051966155143007384,2,1.0
C21orf99,0.0360159179970296,5,1.0
C22orf13,0.019052130402625482,14,0.8571428571428571
C22orf15,0.04307705610854559,6,0.8333333333333334
C22orf23,0.012538896714469153,14,0.5
C22orf24,0.020040944395091312,24,0.875
C22orf25,0.026854877951776133,14,1.0
C22orf26,0.014173038686644473,10,0.4
C22orf27,0.027451232599079153,8,0.75
C22orf28,0.03264098899690693,5,1.0
C22orf29,0.010922365698332999,13,0.6153846153846154
C22orf30,0.019738181327178354,13,0.8461538461538461
C22orf31,-0.18061846305070073,2,1.0
C22orf32,0.009425815356106464,10,0.5
C22orf33,0.039217107754546406,6,1.0
C22orf34,0.02578858875920998,4,0.75
C22orf36,0.0038042078546686215,9,0.6666666666666666
C22orf39,0.02371156596689283,9,0.5555555555555556
C22orf40,0.020939795693173936,10,0.6
C22orf41,0.019404549122540367,11,0.8181818181818182
C22orf42,0.04559649796842223,8,0.875
C22orf43,0.03506705702340334,4,0.75
C22orf45,0.0030217025468610615,15,0.4666666666666667
C22orf46,0.05460922728249591,5,1.0
C22orf9,0.01738268016988758,17,0.6470588235294118
C2CD2,0.042384835579427925,12,0.8333333333333334
C2CD2L,0.020371516884882878,11,0.8181818181818182
C2CD3,0.017079015319118734,19,0.5789473684210527
C2CD4A,0.03659840627793892,11,0.9090909090909091
C2CD4B,0.025009479085417653,8,0.875
C2CD4C,0.025604390254415986,7,0.8571428571428571
C2CD4D,-0.04967280276271557,7,0.8571428571428571
C2orf15,0.022250492811280005,16,0.6875
C2orf16,0.044060488725701806,10,0.8
C2orf18,0.019183824650759813,11,0.7272727272727273
C2orf24,0.013804164326275195,12,0.8333333333333334
C2orf27A,0.021595559206440386,5,0.8
C2orf27B,0.03690928587361544,9,0.8888888888888888
C2orf28,0.01614590486801714,20,0.8
C2orf29,0.019507371721134644,6,0.8333333333333334
C2orf3,0.01628517613387261,13,0.6153846153846154
C2orf34,0.026541731879584658,19,0.8947368421052632
C2orf39,0.021649292407570186,11,0.9090909090909091
C2orf40,0.01859873653915713,7,0.5714285714285714
C2orf42,0.011394690679977058,16,0.5625
C2orf43,0.022520995960726264,11,0.8181818181818182
C2orf44,0.022717011989822476,11,1.0
C2orf47,0.022662164556216877,11,0.9090909090909091
C2orf48,0.022710529293839692,6,1.0
C2orf49,0.02132710528432452,6,1.0
C2orf50,0.026656874073928902,8,0.875
C2orf51,0.04549251362800852,5,1.0
C2orf52,0.012927092424514144,9,0.5555555555555556
C2orf53,0.0414102630911155,6,1.0
C2orf54,0.029136686521056072,13,0.8461538461538461
C2orf55,0.009288973527108668,15,0.8
C2orf56,0.016170233909873596,15,0.8
C2orf57,0.030344094209257565,5,1.0
C2orf58,0.010397317770571929,4,1.0
C2orf60,0.015467820209954661,10,1.0
C2orf61,0.030810887969199684,7,1.0
C2orf62,0.03358215090446091,4,1.0
C2orf63,0.02100028017405389,30,0.7333333333333333
C2orf64,0.025135561899713197,12,0.8333333333333334
C2orf65,0.006875667535555241,12,0.5833333333333334
C2orf66,0.051466284702739826,4,1.0
C2orf67,0.030265302580317253,16,0.625
C2orf68,0.022099869810300397,8,0.625
C2orf69,0.015868810978821313,6,0.5
C2orf7,0.011355368761405148,16,0.8125
C2orf70,0.0059250039239221505,11,0.6363636363636364
C2orf71,0.042054116364959315,4,1.0
C2orf72,0.03110820843309582,4,1.0
C2orf73,0.015973055169896985,8,0.625
C2orf74,0.02326422392228892,15,0.8
C2orf76,0.017221056052773957,21,0.6190476190476191
C2orf77,0.013428921311305566,15,0.7333333333333333
C2orf78,0.04579531827478665,4,1.0
C2orf79,0.013025213782193845,14,0.7857142857142857
C2orf80,0.038897678553471066,4,1.0
C2orf81,0.03132683620242869,9,0.7777777777777778
C2orf82,-0.29033952935565754,5,1.0
C2orf83,0.039539423677754135,4,0.5
C2orf84,0.014148033863168466,7,0.8571428571428571
C2orf85,0.03856759481568459,9,1.0
C2orf86,0.025208628105449937,14,0.9285714285714286
C2orf88,0.01623766883200544,18,0.6111111111111112
C2orf89,0.01888530272433868,11,0.7272727272727273
C2orf90,0.03306408007130847,8,1.0
C3,0.05426771032083991,4,1.0
C3AR1,0.001223209904931144,5,0.4
C3P1,0.05225353296587168,2,1.0
C3orf1,0.017775154712875444,13,0.7692307692307693
C3orf10,0.02419927743334413,8,1.0
C3orf14,0.03182908838283054,14,0.7142857142857143
C3orf15,0.030711573089049066,6,1.0
C3orf16,0.011378330023225114,5,0.4
C3orf17,0.019302417245406153,11,0.7272727272727273
C3orf18,0.01715136530990296,15,0.8666666666666667
C3orf19,0.024250580515357133,10,1.0
C3orf20,0.02895309883029394,6,0.6666666666666666
C3orf21,0.01851111819837405,5,0.8
C3orf22,0.05941583336037193,5,0.8
C3orf23,0.03132948444623367,11,0.6363636363636364
C3orf24,0.013956145756975584,12,0.5833333333333334
C3orf25,0.012709278522723369,10,0.4
C3orf26,0.015940221497136437,20,0.75
C3orf27,0.0333499420865635,14,0.7857142857142857
C3orf30,0.02337216770964224,16,0.75
C3orf31,0.021087340923562525,11,0.8181818181818182
C3orf32,0.04579209435356503,7,1.0
C3orf33,0.03019637632811959,10,0.9
C3orf34,0.02222659670665819,10,0.9
C3orf35,0.027710920466547845,6,0.8333333333333334
C3orf36,0.025087620747198974,6,1.0
C3orf37,0.012005257964467388,11,0.6363636363636364
C3orf38,0.02307286979391491,13,0.6153846153846154
C3orf39,0.02140609142532618,20,0.75
C3orf42,0.03710121007465628,4,1.0
C3orf43,0.03199329207324576,6,0.8333333333333334
C3orf45,-0.00914032557555416,3,1.0
C3orf47,0.010661223338135854,8,0.625
C3orf48,0.06889211661301464,1,1.0
C3orf49,0.023799719369684395,4,0.75
C3orf50,0.030553429542945428,6,1.0
C3orf51,0.039247564427499826,5,1.0
C3orf52,0.02882467954463383,12,0.9166666666666666
C3orf54,0.02183334132900679,7,0.8571428571428571
C3orf55,0.01489762441068937,12,0.75
C3orf57,0.024492187490320592,21,0.8095238095238095
C3orf58,0.01999422475882331,22,0.7727272727272727
C3orf59,0.01972831444147353,10,1.0
C3orf62,0.017320837529863627,12,1.0
C3orf63,0.02480355400313483,13,0.7692307692307693
C3orf64,-0.0018831733739373968,15,0.8666666666666667
C3orf65,-0.016245703776192166,1,0.0
C3orf66,0.050940117961115555,3,0.6666666666666666
C3orf67,0.017555602016911236,11,0.6363636363636364
C3orf70,0.007729805652136793,10,0.8
C3orf71,0.020029516106400625,22,0.8636363636363636
C3orf72,-0.0015660975581624685,12,0.4166666666666667
C3orf74,0.03167362272126218,5,0.8
C3orf75,0.02192232674546073,10,0.8
C3orf77,0.023334353825000882,13,0.6153846153846154
C3orf79,0.03653231064054928,5,0.4
C4A,0.05377354551812602,1,1.0
C4B,0.05377354551812602,1,1.0
C4BPA,0.04268261566000373,9,1.0
C4BPB,0.038956483462920743,4,0.75
C4orf10,0.010857024797404363,20,0.75
C4orf11,0.04078241948624221,4,1.0
C4orf12,0.007252233141757429,4,0.0
C4orf14,0.01541141141017376,20,0.75
C4orf17,0.013501625477904233,3,0.3333333333333333
C4orf19,0.022842429003707816,21,0.7142857142857143
C4orf21,0.02268945164399969,18,0.7222222222222222
C4orf22,0.02411000421814588,9,0.5555555555555556
C4orf23,0.028137929007912975,5,1.0
C4orf26,-0.027596884466936547,6,0.6666666666666666
C4orf27,0.01687305082379897,12,0.5833333333333334
C4orf29,0.014928923013860673,25,0.68
C4orf3,0.023124128158726696,14,0.9285714285714286
C4orf31,0.013506327329162807,16,0.6875
C4orf32,0.02419423716213483,7,0.7142857142857143
C4orf33,0.02778371249372714,23,0.7391304347826086
C4orf34,0.015757142710118528,20,0.6
C4orf35,0.04538263961102102,3,1.0
C4orf36,0.02197445113457185,10,0.8
C4orf37,0.024218425286204995,8,0.75
C4orf38,0.02711449274488584,6,1.0
C4orf39,0.015273059108687335,11,0.5454545454545454
C4orf41,0.017770333561957088,14,0.7142857142857143
C4orf42,0.01889073444706425,19,0.631578947368421
C4orf43,0.021974418038131733,15,0.6666666666666666
C4orf44,0.036301450882043625,12,1.0
C4orf45,0.04660938818533928,3,1.0
C4orf46,0.015568421245132804,15,0.8
C4orf47,0.0309287084319604,3,0.3333333333333333
C4orf48,0.01649422205550864,14,0.7142857142857143
C4orf49,0.02670492965371557,9,0.7777777777777778
C4orf50,0.043683770850078615,5,0.8
C4orf51,0.01654568926396307,5,0.8
C4orf52,0.010608966087523005,6,0.8333333333333334
C4orf6,0.0562579848528746,4,1.0
C4orf7,0.08996060257765753,1,1.0
C5,-0.028681676484142438,1,0.0
C5AR1,0.0552013945344437,4,1.0
C5orf13,0.016703998101486338,23,0.7391304347826086
C5orf15,-0.022157951183950763,8,0.875
C5orf20,0.04878533535598074,7,0.8571428571428571
C5orf22,0.015102380977024007,14,0.7857142857142857
C5orf23,0.03171178840300141,3,1.0
C5orf24,0.02019847603207352,15,0.6
C5orf25,0.017391134848068073,3,1.0
C5orf27,0.02265110522807569,3,0.6666666666666666
C5orf28,0.02579914356031828,13,0.5384615384615384
C5orf30,0.0081404848638188,12,0.5833333333333334
C5orf32,0.020378649433419837,19,0.8421052631578947
C5orf33,0.005732366455160689,19,0.6842105263157895
C5orf34,0.03186395135972259,12,1.0
C5orf35,0.02676895866311109,9,0.6666666666666666
C5orf36,0.02390698195814118,30,0.7
C5orf37,0.022548519061866903,16,0.8125
C5orf38,0.005856723116722445,12,0.5833333333333334
C5orf39,0.014765730017742408,16,0.625
C5orf4,0.022564672496644365,7,0.8571428571428571
C5orf40,0.041377476485053834,6,1.0
C5orf41,0.019384957098119528,15,0.7333333333333333
C5orf42,0.03165549093477059,8,0.625
C5orf43,0.01649534985119923,11,0.7272727272727273
C5orf44,0.025571201179710533,15,0.9333333333333333
C5orf45,0.007465217451338564,12,0.5
C5orf46,0.03248277967702481,3,1.0
C5orf47,0.0021918253117577057,10,0.5
C5orf48,0.036550444676779086,4,0.75
C5orf49,0.02483117269011987,8,0.875
C5orf51,0.026034451708688174,9,0.8888888888888888
C5orf52,0.013967344278737855,9,0.7777777777777778
C5orf53,0.019071455960503456,4,0.0
C5orf54,0.015366858628648112,10,0.8
C5orf55,0.022325122489663996,14,0.6428571428571429
C5orf56,0.019461492161433242,12,0.5833333333333334
C5orf58,0.03082007709980304,12,0.9166666666666666
C5orf60,0.03967666400011477,3,0.6666666666666666
C5orf62,0.017970157706337093,5,1.0
C6,0.03486470008905119,5,0.6
C6orf1,0.019803141908889935,13,0.5384615384615384
C6orf10,0.018589715436693077,5,0.4
C6orf103,0.026064019224549984,10,0.8
C6orf105,-0.07187895226203829,5,0.6
C6orf106,0.03105036545382829,8,0.5
C6orf108,0.015413757403137524,9,0.8888888888888888
C6orf114,0.013430853124907693,17,0.7058823529411765
C6orf115,0.028979429547529818,18,0.8333333333333334
C6orf118,0.017101106971676088,3,1.0
C6orf120,0.024557662006588547,16,0.6875
C6orf122,-0.08082328960162026,5,1.0
C6orf123,0.03311086063150433,8,0.875
C6orf124,0.04403645253045623,3,1.0
C6orf125,0.01860790555340449,8,0.75
C6orf126,0.028824293208528418,6,0.8333333333333334
C6orf127,0.036372785836117236,6,0.8333333333333334
C6orf129,0.015529329537605326,9,0.6666666666666666
C6orf130,0.022266409456319983,16,0.75
C6orf132,0.03945900723180999,10,0.8
C6orf134,0.010626106512966579,16,0.5625
C6orf136,0.014411609267868577,32,0.65625
C6orf138,0.015676056980405764,11,0.5454545454545454
C6orf141,0.02124914786189556,12,0.9166666666666666
C6orf142,0.029406502755818464,5,0.8
C6orf145,0.01779972061810894,11,0.9090909090909091
C6orf146,0.0030657902189566684,10,0.5
C6orf147,0.030447555088003814,2,1.0
C6orf15,0.0021900109679885704,5,0.8
C6orf150,0.006371654539213255,10,0.7
C6orf153,0.018544776181527306,10,0.8
C6orf154,0.01636744674890109,12,0.4166666666666667
C6orf155,0.025907884059024444,10,0.7
C6orf162,0.021727541271641632,15,0.6
C6orf163,0.033628993228503004,5,0.8
C6orf164,0.017457450480366177,3,0.3333333333333333
C6orf165,0.026963334709439814,8,0.5
C6orf167,0.02403943554626918,11,0.8181818181818182
C6orf168,0.015503587251872451,6,0.6666666666666666
C6orf170,0.03251192484662248,8,0.875
C6orf173,0.020498482014921885,10,0.7
C6orf174,0.03573976731550817,13,0.8461538461538461
C6orf176,0.02955387898374892,10,0.8
C6orf182,0.02120485090594346,22,0.6818181818181818
C6orf186,0.028285908665121828,5,0.8
C6orf191,-0.010181708021244984,8,0.625
C6orf192,0.030880170714662116,6,0.6666666666666666
C6orf195,0.011555413913279366,14,0.6428571428571429
C6orf201,0.007484424111595831,11,0.5454545454545454
C6orf203,0.007125137451981342,11,0.8181818181818182
C6orf204,0.021782506191641682,14,0.7142857142857143
C6orf208,0.021492810642652047,9,0.7777777777777778
C6orf211,0.01608948528509927,12,0.6666666666666666
C6orf217,0.011071466703351927,6,0.6666666666666666
C6orf218,0.05224337977956124,1,1.0
C6orf221,0.022762210749614414,10,0.7
C6orf222,0.030765387335379035,6,1.0
C6orf223,0.017392463673110002,5,0.8
C6orf225,0.021070361868958803,20,0.65
C6orf226,0.02215632057018706,12,0.75
C6orf227,0.029534887543675357,8,1.0
C6orf25,0.03140681572155525,12,0.8333333333333334
C6orf26,0.04250022666932412,7,1.0
C6orf27,0.016071826275450073,13,0.6923076923076923
C6orf35,0.022630785386657113,10,0.7
C6orf41,0.017629677997205166,3,1.0
C6orf47,0.02319705981242163,47,0.9361702127659575
C6orf48,0.017554933742207127,54,0.7222222222222222
C6orf52,0.014945355589724065,20,0.8
C6orf57,0.02911180438913401,10,0.8
C6orf58,0.01640489836320394,2,0.5
C6orf59,0.06609104256579361,3,1.0
C6orf62,0.026884962308643907,5,0.6
C6orf64,0.01585133965145783,10,0.8
C6orf70,0.012523089880548104,8,0.5
C6orf72,0.025807381682211854,8,0.875
C6orf81,0.04096719431746385,5,1.0
C6orf89,0.02417796632924202,6,0.5
C6orf94,-0.05593644095636523,4,0.75
C6orf97,0.028367773039154182,6,1.0
C7,0.03248240350203331,5,0.6
C7orf10,0.02050039306704004,12,1.0
C7orf11,0.022444847571360203,13,1.0
C7orf13,0.01485981218100819,10,0.6
C7orf16,0.05162143923562934,9,0.8888888888888888
C7orf20,0.0186698647891626,9,0.8888888888888888
C7orf23,0.020008774881821918,20,0.7
C7orf25,0.00837648980879985,15,0.6666666666666666
C7orf26,0.028369840582720816,5,0.8
C7orf27,0.017178354829052462,12,0.8333333333333334
C7orf28A,0.018505307933372114,9,0.7777777777777778
C7orf28B,0.017446431770493768,11,0.7272727272727273
C7orf29,0.039647064385117115,7,1.0
C7orf30,0.017229608850690276,11,0.6363636363636364
C7orf31,0.012547063240844303,13,0.5384615384615384
C7orf33,0.02700073555691299,6,1.0
C7orf34,0.03935909894422652,8,0.75
C7orf36,0.024748749929372597,11,0.7272727272727273
C7orf38,0.024792552314281274,12,0.9166666666666666
C7orf4,0.057063443729310014,4,1.0
C7orf40,0.012651391329896101,9,0.4444444444444444
C7orf41,0.014779055234427395,7,0.7142857142857143
C7orf42,0.022310097959756223,11,0.5454545454545454
C7orf43,0.017020083831487603,6,0.8333333333333334
C7orf44,0.02876013910041108,19,0.8947368421052632
C7orf45,-0.0021340710009907413,3,0.0
C7orf46,0.0096292812654786,11,0.45454545454545453
C7orf47,0.026722332672007066,9,0.8888888888888888
C7orf49,0.0036420715458800323,16,0.625
C7orf50,0.015136698558259528,13,0.5384615384615384
C7orf51,-0.01661763346187189,14,0.7857142857142857
C7orf52,0.031172162230199002,12,0.9166666666666666
C7orf53,-0.005947425793478636,12,0.75
C7orf54,0.018955586255356528,3,0.3333333333333333
C7orf55,0.00977128421264548,18,0.7222222222222222
C7orf57,0.023810310432779366,8,0.75
C7orf58,0.03205255384553992,10,0.8
C7orf59,0.023548861729656458,8,1.0
C7orf60,0.025087890325853266,8,0.5
C7orf61,-0.00842167078535469,4,0.75
C7orf63,0.024482777578132737,13,0.9230769230769231
C7orf64,0.017264287155703273,15,0.8
C7orf65,0.023138423992705548,9,0.7777777777777778
C7orf66,0.07407066263893498,2,1.0
C7orf68,0.004983884695974994,14,0.6428571428571429
C7orf70,0.019678252753699093,14,0.7142857142857143
C7orf71,0.0289680046649049,8,0.75
C7orf72,0.09974359768164338,1,1.0
C8A,0.02819337474822753,1,0.0
C8B,0.017032813775845174,2,1.0
C8G,0.009803870345816408,6,0.5
C8ORFK29,-0.006823483139791041,6,0.6666666666666666
C8orf12,0.044941313614946646,5,1.0
C8orf22,0.03925175196128808,6,0.8333333333333334
C8orf31,0.033935322363844,8,0.875
C8orf33,0.016797138543051652,4,1.0
C8orf34,0.05194132400684795,3,1.0
C8orf37,0.020444630567878954,11,0.7272727272727273
C8orf38,0.01946527338066145,8,0.625
C8orf39,0.03190249703083922,2,0.5
C8orf4,0.03507940039724302,3,0.6666666666666666
C8orf40,0.018692211525811814,15,0.8666666666666667
C8orf41,0.020625135667529,16,0.75
C8orf42,0.01982756919631871,9,0.5555555555555556
C8orf44,0.018845340875122164,5,0.4
C8orf45,0.018128106557089532,10,0.7
C8orf46,0.019976709943500776,5,0.6
C8orf47,0.03264804281943536,7,0.8571428571428571
C8orf48,0.028126982528329153,10,0.8
C8orf51,0.023306262801841372,10,0.9
C8orf55,0.012706180831399651,7,0.7142857142857143
C8orf56,0.017776632698055485,9,0.6666666666666666
C8orf58,0.017954240144317183,5,0.8
C8orf59,0.019287043550294588,13,0.6923076923076923
C8orf71,0.03244960267697313,9,0.7777777777777778
C8orf73,0.004053112844236109,7,1.0
C8orf74,0.02127456069512615,6,0.8333333333333334
C8orf75,0.04385817399017058,3,1.0
C8orf76,0.019934781665045892,9,0.7777777777777778
C8orf77,0.01905666568033982,8,0.75
C8orf79,0.024728016083827943,18,0.6111111111111112
C8orf80,0.04898078476629253,5,1.0
C8orf83,0.021666441437106422,4,0.0
C8orf84,0.01967835292389404,11,0.7272727272727273
C8orf85,0.04317602262397646,9,1.0
C8orf86,0.04258422521429331,6,1.0
C9,0.0458800860335772,4,0.75
C9orf100,0.030001709152876695,3,1.0
C9orf102,0.02665274374436526,7,0.8571428571428571
C9orf103,0.023021243559560273,6,0.6666666666666666
C9orf106,0.03360185462345219,4,0.75
C9orf109,0.04227700467967811,2,1.0
C9orf11,0.05786303986882313,2,1.0
C9orf110,0.04227700467967811,2,1.0
C9orf114,0.014307188675628189,3,0.6666666666666666
C9orf116,0.018187898714627188,4,0.5
C9orf117,0.04920063045985479,2,1.0
C9orf119,0.01899479185428027,8,0.875
C9orf122,0.03892005676599078,6,0.8333333333333334
C9orf123,0.017187965461261844,3,0.6666666666666666
C9orf125,0.012740401247048689,4,0.75
C9orf128,-0.012852481793607679,5,0.8
C9orf129,0.04072965928719235,3,1.0
C9orf130,0.022802982072074707,1,1.0
C9orf131,0.038205851952108405,3,1.0
C9orf135,0.05965779742445665,3,1.0
C9orf139,0.03997886030338368,15,0.9333333333333333
C9orf140,0.022115856026737685,4,0.75
C9orf142,0.0062568463362395535,4,0.25
C9orf144,0.045215913591255985,3,1.0
C9orf144B,0.04499542150910587,3,1.0
C9orf150,0.03687373505176866,3,1.0
C9orf152,0.042098420350332455,3,0.6666666666666666
C9orf153,0.037653921393867945,4,1.0
C9orf156,0.025041366804052008,4,1.0
C9orf16,0.025349454733316696,5,0.8
C9orf163,0.021477018324013764,12,0.75
C9orf167,0.029630284070369814,8,0.75
C9orf169,0.03593108613260223,4,1.0
C9orf170,0.014672191116211245,6,0.8333333333333334
C9orf171,0.03478144155020647,4,0.75
C9orf172,0.03474644268515191,5,0.8
C9orf173,2.448501232943841e-05,3,1.0
C9orf21,0.05132394578070576,3,1.0
C9orf23,0.022094983979630486,5,0.6
C9orf24,0.031762362659205706,2,1.0
C9orf25,-0.03307581093094035,8,0.625
C9orf27,0.030550464214439226,3,1.0
C9orf3,0.017689455001638807,8,0.75
C9orf30,0.013317026889080574,5,0.8
C9orf37,0.02440667607970495,7,1.0
C9orf4,0.03847173084001158,3,0.6666666666666666
C9orf40,0.011603378540886597,5,0.6
C9orf41,0.019747887304203897,5,1.0
C9orf43,0.027040131514812375,7,1.0
C9orf44,0.015792708448644045,3,0.6666666666666666
C9orf45,0.030991889277424977,3,0.6666666666666666
C9orf46,0.0338593465050826,5,1.0
C9orf47,0.04995393472129054,3,1.0
C9orf5,0.03709992870826124,6,1.0
C9orf50,0.02478669388039967,6,1.0
C9orf6,0.020845131073459453,6,0.8333333333333334
C9orf64,0.018727291813132374,6,0.6666666666666666
C9orf66,0.03681055333133932,6,1.0
C9orf68,0.013327861984043017,4,0.75
C9orf69,0.020438803173565796,6,0.5
C9orf7,0.03544753487858759,6,0.8333333333333334
C9orf71,0.04260906014227145,1,1.0
C9orf72,0.01855722443935328,6,0.5
C9orf75,0.02020191189151945,10,0.9
C9orf78,0.03315166696119689,6,1.0
C9orf79,0.033113902425949165,2,0.5
C9orf80,0.03594716297986307,6,1.0
C9orf82,0.020356429066875997,3,0.6666666666666666
C9orf84,0.026233595995649978,2,0.5
C9orf85,0.030552496413340135,5,1.0
C9orf86,0.033625569762631584,5,1.0
C9orf89,0.023028234456845275,6,0.8333333333333334
C9orf9,0.021510387997753504,7,0.8571428571428571
C9orf91,0.02437911088768206,8,0.75
C9orf93,0.03286377833851277,7,1.0
C9orf95,0.02714263266365278,7,0.8571428571428571
C9orf96,0.010391140515362288,4,0.75
C9orf98,0.01404990058928181,4,0.75
CA1,0.04298933049316568,8,0.875
CA10,0.025597459923090773,19,0.6842105263157895
CA11,0.020686617679585236,6,1.0
CA12,0.022036577599992238,9,0.8888888888888888
CA13,0.0213729559313296,12,0.5833333333333334
CA14,0.03208298162372091,7,1.0
CA2,0.013081948895043263,6,0.5
CA3,0.015308986672038057,14,0.7142857142857143
CA4,0.02869877398075145,8,0.875
CA5A,0.025262785522732357,5,0.8
CA5B,0.03309716109661603,14,0.7857142857142857
CA5BP,0.03567654587272344,8,0.75
CA6,0.04781995739112422,7,1.0
CA7,0.020638313832030786,17,0.7647058823529411
CA8,0.011988868586418799,11,0.5454545454545454
CA9,0.011027071826287857,2,0.5
CAB39,0.008403981590611707,16,0.75
CAB39L,0.01808072921664554,21,0.7619047619047619
CABC1,0.0030166763370177447,15,0.7333333333333333
CABIN1,-0.0043092395094913175,10,0.7
CABLES1,-0.007580110539879657,21,0.7142857142857143
CABLES2,0.00841098486726852,9,0.5555555555555556
CABP1,0.024678301139436757,15,0.8
CABP2,0.041535607060779176,7,1.0
CABP4,0.04323697168572611,6,0.8333333333333334
CABP5,0.04125670542487485,6,0.8333333333333334
CABP7,0.023184596295508918,8,0.875
CABYR,0.019476830714859946,20,0.55
CACHD1,0.011601415615271969,9,0.5555555555555556
CACNA1A,0.020741324688450153,9,0.5555555555555556
CACNA1B,0.02910027217235339,6,0.8333333333333334
CACNA1C,0.015172930534266302,9,0.7777777777777778
CACNA1D,0.022564877741269994,8,0.875
CACNA1E,0.02347560534301027,12,0.75
CACNA1F,0.029771803650172405,6,0.6666666666666666
CACNA1G,0.01790389048706786,26,0.7692307692307693
CACNA1H,0.008974327138399895,8,0.5
CACNA1I,0.05651713844056775,8,1.0
CACNA1S,0.02834081753564912,7,0.7142857142857143
CACNA2D1,0.021042452406060837,11,0.7272727272727273
CACNA2D2,0.007263636211253838,10,0.9
CACNA2D3,0.019339453350199983,6,0.6666666666666666
CACNA2D4,-0.03495736796685773,6,1.0
CACNB1,0.010077621016144836,7,0.7142857142857143
CACNB2,0.024414808780098614,36,0.6666666666666666
CACNB3,0.010888228307452919,8,1.0
CACNB4,0.03322791294598819,20,0.9
CACNG1,0.0273857179301275,13,0.8461538461538461
CACNG2,0.023869323164060565,8,0.75
CACNG3,0.04430418781811477,9,1.0
CACNG4,0.01759801921915765,4,0.75
CACNG5,0.0448475354059127,8,0.875
CACNG6,0.029329133437697205,13,0.7692307692307693
CACNG7,0.05520167044691625,8,1.0
CACNG8,0.008040982776958366,6,0.8333333333333334
CACYBP,0.01979886876793813,22,0.7272727272727273
CAD,0.02791245441698101,7,0.8571428571428571
CADM1,0.025182357185466984,13,0.8461538461538461
CADM2,0.024637920965905866,11,0.7272727272727273
CADM3,0.037078240078871234,6,1.0
CADM4,0.01447098336504962,4,0.75
CADPS,0.029969683736801606,12,0.9166666666666666
CADPS2,0.024276970420474806,14,0.7857142857142857
CAGE1,0.019235340988786848,19,0.7368421052631579
CALB1,0.012597807691783463,4,0.25
CALB2,0.025360198495116372,7,0.7142857142857143
CALCA,0.03177742283676553,40,0.9
CALCB,0.020051925323640266,13,0.6923076923076923
CALCOCO1,0.02017475399127113,12,1.0
CALCOCO2,0.024325902389842786,9,0.7777777777777778
CALCR,0.024546018908186664,30,0.8333333333333334
CALCRL,0.0444199329659388,3,1.0
CALD1,0.018862300400092152,37,0.7297297297297297
CALHM1,0.035271936135161275,10,0.8
CALHM2,0.015364734362646253,17,0.7058823529411765
CALHM3,-0.04529992530473559,10,0.8
CALM1,0.023246614777372686,17,0.8823529411764706
CALM2,0.016911094080897884,9,0.5555555555555556
CALM3,0.011537699429970866,10,0.7
CALML3,0.025420273456348966,13,0.7692307692307693
CALML4,0.031349019970278696,7,1.0
CALML5,0.028505199881249357,11,0.7272727272727273
CALML6,0.022576368280202628,9,0.6666666666666666
CALN1,0.04054416115045349,20,0.95
CALR,0.02079771844016422,9,0.8888888888888888
CALR3,0.01286028169537287,9,0.7777777777777778
CALU,0.004461431754398249,15,0.7333333333333333
CALY,0.018850858037375667,17,0.7647058823529411
CAMK1,0.025093392486990312,10,0.9
CAMK1D,0.02034838103671791,7,0.8571428571428571
CAMK1G,0.022841322510002416,6,1.0
CAMK2A,0.04246454796305139,7,1.0
CAMK2B,0.0160236366661146,10,0.6
CAMK2D,0.018088244638534427,12,0.8333333333333334
CAMK2G,0.023778166713797164,6,0.8333333333333334
CAMK2N1,0.013822910982988495,10,0.7
CAMK2N2,0.026524754958753654,7,1.0
CAMK4,0.016910236658375273,5,1.0
CAMKK1,-0.013221245013711722,16,0.875
CAMKK2,0.027604478238627755,21,0.9047619047619048
CAMKV,0.028890020117128608,13,0.8461538461538461
CAMLG,0.009558420680531381,11,0.7272727272727273
CAMP,0.04534436216728947,5,1.0
CAMSAP1,0.02694268323994246,6,1.0
CAMSAP1L1,0.023397722536764774,8,0.625
CAMTA1,0.01492266822115048,16,0.875
CAMTA2,0.014835779161108509,14,0.7857142857142857
CAND1,0.02283746725482856,13,0.6923076923076923
CAND2,0.02425512961294338,9,1.0
CANT1,0.013041866070800573,15,0.6666666666666666
CANX,0.019610740095728618,14,0.7142857142857143
CAP1,0.015562584490072341,18,0.7222222222222222
CAP2,0.022467617176887406,13,0.6923076923076923
CAPG,0.013754644326204577,8,0.875
CAPN1,0.0211521525175042,11,0.8181818181818182
CAPN10,0.00764870301139081,7,0.2857142857142857
CAPN11,0.027268003081523273,6,0.8333333333333334
CAPN12,0.04482656052184524,6,1.0
CAPN13,0.04675713931931228,6,1.0
CAPN14,0.03514559749193983,6,1.0
CAPN2,0.010811124027631543,16,0.8125
CAPN3,0.03016685222137059,17,0.9411764705882353
CAPN5,0.018586528055190694,14,0.7857142857142857
CAPN6,0.03530163704954943,7,1.0
CAPN7,0.006105412636172739,5,0.2
CAPN8,0.0219680801569806,6,1.0
CAPN9,0.04544263217091652,9,1.0
CAPNS1,0.013279861142155541,12,0.75
CAPNS2,0.00906870203125787,1,0.0
CAPRIN1,0.01576696559139431,9,0.7777777777777778
CAPRIN2,0.01643101651782999,12,0.6666666666666666
CAPS,-0.07678949753945859,8,1.0
CAPS2,0.028249574061613197,14,0.6428571428571429
CAPSL,0.04692519565318358,8,1.0
CAPZA1,0.018747826985931512,15,0.9333333333333333
CAPZA2,0.010322610293794708,9,0.6666666666666666
CAPZA3,0.031339931141144486,5,0.8
CAPZB,0.01243086180937883,6,0.8333333333333334
CARD10,0.015214969950850612,9,0.5555555555555556
CARD11,0.036686743047141986,40,0.9
CARD14,0.005963393961145204,19,0.8947368421052632
CARD16,0.039384549671994416,4,0.5
CARD17,0.03719929876256976,4,1.0
CARD18,0.042939713769158665,3,0.6666666666666666
CARD6,0.059918966653229634,5,1.0
CARD8,0.023422213373157103,3,1.0
CARD9,0.013716451796065177,3,0.6666666666666666
CARHSP1,0.021386909926542925,19,0.8947368421052632
CARKD,0.018684097406305167,11,0.6363636363636364
CARM1,0.009693119694805309,6,0.6666666666666666
CARS,0.014217756812562954,19,0.8421052631578947
CARS2,0.017511721542730365,11,0.6363636363636364
CARTPT,0.03808530635408299,9,1.0
CASC1,0.01693620175110141,11,0.9090909090909091
CASC2,0.01786910645556993,4,0.75
CASC3,0.015589951578562824,13,0.6923076923076923
CASC4,0.020754106027367946,11,0.6363636363636364
CASC5,0.019149520508089404,14,0.7857142857142857
CASD1,0.018092507118000447,7,0.7142857142857143
CASK,0.010409757669817644,9,0.4444444444444444
CASKIN1,0.0091359951617795,5,0.8
CASKIN2,0.021198234806446,20,0.9
CASP1,0.03719929876256976,4,1.0
CASP10,0.03645042861301247,6,1.0
CASP12,0.051829394059560774,2,1.0
CASP14,0.06047885048989946,4,1.0
CASP2,0.015955510992850874,6,0.6666666666666666
CASP3,0.016216897575122527,18,0.6666666666666666
CASP4,0.020796385297982892,8,0.625
CASP5,0.020636133064635048,6,0.5
CASP6,0.02242898225686451,8,0.75
CASP7,0.02030287593924625,21,0.7619047619047619
CASP8,0.027295843779146043,24,0.8333333333333334
CASP8AP2,0.02026128989105536,12,0.8333333333333334
CASP9,0.00834330673340844,14,0.35714285714285715
CASQ1,0.017045872866682188,8,0.625
CASQ2,0.0250108849779834,8,0.5
CASR,0.03812743779933182,24,0.7916666666666666
CASS4,0.03494503874258571,8,0.75
CAST,0.021449121095331255,31,0.8387096774193549
CASZ1,0.021280558528225024,78,0.782051282051282
CAT,0.01862693067016275,10,0.7
CATSPER1,0.022195817871594296,8,0.875
CATSPER2,0.010616965561150956,10,0.5
CATSPER2P1,0.01807825783586215,5,0.6
CATSPER3,0.022715689033048103,3,0.6666666666666666
CATSPER4,0.018760919260282536,7,0.7142857142857143
CATSPERB,0.0035200982342559017,7,0.7142857142857143
CATSPERG,0.02988895028055906,11,1.0
CAV1,0.0089544399493135,18,0.6111111111111112
CAV2,0.00801333867424661,13,0.7692307692307693
CAV3,0.025504925836058793,6,1.0
CBARA1,0.015684584109812168,11,0.6363636363636364
CBFA2T2,0.027355759920845532,12,0.6666666666666666
CBFA2T3,0.020320620904806876,107,0.8317757009345794
CBFB,0.012646093709199367,10,0.7
CBL,0.010438711433878953,5,0.6
CBLB,0.02048053289135633,12,0.5
CBLC,0.028833050112925793,9,0.7777777777777778
CBLL1,0.013358397402135413,13,0.6153846153846154
CBLN1,0.006496194081605203,10,0.5
CBLN2,0.02355800513914114,16,0.75
CBLN3,0.011578418431445525,14,0.6428571428571429
CBLN4,0.034151467505989984,10,0.8
CBR1,0.009684221397976027,5,0.4
CBR3,0.02271595762352066,7,1.0
CBR4,0.014527711713820246,10,0.5
CBS,0.012927154462525242,18,0.7222222222222222
CBWD1,0.09489181749665807,1,1.0
CBWD2,0.04984833167500444,3,1.0
CBWD3,0.03601733806104815,3,1.0
CBWD5,0.03678492450536454,2,1.0
CBX1,0.019055047759227048,15,0.6
CBX2,0.01857416227719867,10,0.7
CBX3,0.015072425730388176,18,0.6666666666666666
CBX4,0.008575602805333225,8,0.625
CBX5,0.02009297962417255,32,0.6875
CBX6,0.021560663169816502,9,0.7777777777777778
CBX7,0.011118256355883874,10,0.6
CBX8,0.011858385860865411,5,0.8
CBY1,0.018910693648232144,16,0.6875
CBY3,0.022065286386026645,4,1.0
CC2D1A,0.010480917574486227,13,0.46153846153846156
CC2D1B,0.012252735256593735,14,0.8571428571428571
CC2D2A,0.02751879197474212,6,1.0
CC2D2B,0.012877831753722202,1,0.0
CCAR1,0.010566162497307855,11,0.6363636363636364
CCBE1,0.012007752184406695,8,0.625
CCBL1,0.02709083194448976,4,0.75
CCBL2,0.020239315029936703,17,0.6470588235294118
CCBP2,0.03649790270955553,10,0.9
CCDC101,0.02541631354489892,17,0.9411764705882353
CCDC102A,0.015445952751282426,15,0.5333333333333333
CCDC102B,0.02311499774536709,20,0.8
CCDC103,0.023349917618761765,11,1.0
CCDC104,0.031599824848610875,11,0.7272727272727273
CCDC105,0.028795733016136204,14,0.7857142857142857
CCDC106,0.0204599121478193,12,0.5833333333333334
CCDC107,0.0291042743365815,7,1.0
CCDC108,0.02557100250504523,13,0.6923076923076923
CCDC109A,0.028428419144982713,9,1.0
CCDC109B,0.014050007331491829,8,0.5
CCDC11,0.027204147413419515,10,0.8
CCDC110,0.0453254716785047,3,0.6666666666666666
CCDC111,0.013571335979226126,18,0.6111111111111112
CCDC112,0.03187202743118668,16,0.6875
CCDC113,0.02725843197629834,7,0.8571428571428571
CCDC114,0.03681770177126391,6,1.0
CCDC115,0.021759364840839332,18,0.9444444444444444
CCDC116,0.03672561054591948,10,0.8
CCDC117,0.029579812987341178,11,0.9090909090909091
CCDC12,0.010445498298088288,8,0.875
CCDC120,0.03276244170872084,5,0.6
CCDC121,0.01578835203765952,18,0.6111111111111112
CCDC122,0.01628172794044804,19,0.5789473684210527
CCDC123,0.021295763270447285,15,0.7333333333333333
CCDC124,0.026544995015390222,16,0.875
CCDC125,0.0016573922566776172,4,0.0
CCDC126,0.019974923159909164,14,0.8571428571428571
CCDC127,0.0191568524593822,12,0.9166666666666666
CCDC129,0.025493219486448056,6,0.6666666666666666
CCDC13,0.017315645043136974,14,0.5714285714285714
CCDC130,0.015618627464362808,10,0.7
CCDC132,0.030001770531682417,13,1.0
CCDC134,0.013416573541994476,14,0.7142857142857143
CCDC135,0.04055832825788681,7,0.8571428571428571
CCDC136,0.018126913748488474,11,0.8181818181818182
CCDC137,0.01244002510876086,17,0.7058823529411765
CCDC138,0.01616522402859765,10,0.8
CCDC14,0.02434019230089411,6,0.3333333333333333
CCDC140,0.029885606926579072,43,0.9069767441860465
CCDC141,0.010039070887216062,5,0.6
CCDC142,0.011920992047169034,14,0.7142857142857143
CCDC144A,0.026459985785607144,11,0.6363636363636364
CCDC144B,0.029787165331725,6,0.8333333333333334
CCDC144C,-0.0009671942675902826,4,0.75
CCDC144NL,0.04637179065129935,12,0.9166666666666666
CCDC146,0.0312862012958037,13,0.6923076923076923
CCDC147,0.024577143599171535,8,0.875
CCDC148,0.026726243577498785,15,0.6666666666666666
CCDC149,0.009734399603558017,21,0.8571428571428571
CCDC15,0.013212647212389234,10,0.7
CCDC150,0.018077253481263603,9,0.5555555555555556
CCDC151,0.018030779152804953,11,0.9090909090909091
CCDC152,0.014899771797959146,8,0.5
CCDC153,0.030430094312905262,6,1.0
CCDC154,0.033790148692704775,8,0.875
CCDC155,0.020853450431902638,7,1.0
CCDC157,0.01901055531553722,17,0.7058823529411765
CCDC158,0.03135443155784104,2,1.0
CCDC159,0.020969097809099068,12,0.5833333333333334
CCDC160,0.032541035371269074,14,0.7857142857142857
CCDC162,-0.13267971503299494,4,1.0
CCDC163P,0.012545933329730311,13,0.6153846153846154
CCDC17,-0.0088445466927254,5,1.0
CCDC18,0.01847062934852829,15,0.6
CCDC19,0.0034734275195116263,9,0.8888888888888888
CCDC21,0.019956569434277583,16,0.6875
CCDC22,0.028743921125385253,10,0.8
CCDC23,0.011971009791047288,17,0.5294117647058824
CCDC24,0.0237152581560664,9,1.0
CCDC25,0.021658726001528766,6,0.6666666666666666
CCDC27,0.03782272508013107,6,0.6666666666666666
CCDC28A,0.025864411975779995,13,1.0
CCDC28B,0.02626295827916825,13,0.7692307692307693
CCDC3,0.025493252305173308,8,0.75
CCDC30,0.04066011646363124,2,1.0
CCDC33,0.02503940548218141,11,0.7272727272727273
CCDC34,0.02386349210323489,10,0.9
CCDC36,0.029046536741349344,13,0.8461538461538461
CCDC37,0.012840030788617,13,0.6153846153846154
CCDC38,0.0216343152777546,15,0.7333333333333333
CCDC39,0.01686800818047999,13,0.6153846153846154
CCDC40,0.01072761316979293,13,0.7692307692307693
CCDC41,0.016189358556727675,18,0.6666666666666666
CCDC42,0.015471598172134489,12,0.75
CCDC42B,0.016499858984256613,6,0.8333333333333334
CCDC43,0.02240752579485552,9,0.7777777777777778
CCDC45,0.021387115367066743,10,0.7
CCDC46,0.019924407164403662,17,0.5294117647058824
CCDC47,0.020463143207395958,18,0.7777777777777778
CCDC48,0.01881006455536103,7,0.7142857142857143
CCDC49,0.018776194272167954,11,0.9090909090909091
CCDC50,0.01558546363622568,10,0.6
CCDC51,0.01583776940632238,16,0.6875
CCDC52,0.023118427162049673,12,0.75
CCDC53,0.015983017877861834,11,0.6363636363636364
CCDC54,0.03882050826605642,2,1.0
CCDC55,0.030398791740133307,10,0.8
CCDC56,0.014010295202536141,9,0.7777777777777778
CCDC57,0.02979169165955319,6,0.8333333333333334
CCDC58,0.02410214274232989,12,0.9166666666666666
CCDC59,0.015902436104003284,22,0.6363636363636364
CCDC6,0.0296105979263488,9,0.8888888888888888
CCDC60,0.03654732892427711,8,1.0
CCDC61,0.02022323126893828,7,1.0
CCDC62,0.013915877292494246,11,0.6363636363636364
CCDC63,0.015470503311283815,12,0.8333333333333334
CCDC64,0.007070115343449786,9,0.6666666666666666
CCDC64B,0.03049347074036665,12,0.9166666666666666
CCDC65,0.03026987339627799,9,1.0
CCDC66,0.017685658958483737,9,0.6666666666666666
CCDC67,0.020110199139996125,13,0.5384615384615384
CCDC68,0.02821950603650554,13,0.5384615384615384
CCDC69,0.019567879000375633,10,0.8
CCDC7,0.028884667372515417,10,0.8
CCDC70,0.030136433295721153,5,0.4
CCDC71,0.029709740966243767,15,0.8666666666666667
CCDC72,0.01631674978597875,11,0.8181818181818182
CCDC73,0.02122794706927963,9,0.6666666666666666
CCDC74A,0.0070018622744147324,3,0.3333333333333333
CCDC74B,0.029633408372590042,4,1.0
CCDC75,0.022015416416679458,14,0.8571428571428571
CCDC76,0.021737944844224987,12,0.75
CCDC77,0.028106700108789375,30,0.8666666666666667
CCDC78,0.019820479824815915,14,0.6428571428571429
CCDC79,0.0064295586590049315,14,0.7142857142857143
CCDC8,0.007715521672168032,12,0.9166666666666666
CCDC80,0.02569546731685972,11,0.9090909090909091
CCDC81,0.029619602097037994,9,0.5555555555555556
CCDC82,0.02206182487784579,16,0.4375
CCDC83,0.025127815208762592,14,0.7857142857142857
CCDC84,0.014684733134691619,10,0.7
CCDC85A,0.02622339561086523,19,0.7894736842105263
CCDC85B,0.02269710029201075,15,0.9333333333333333
CCDC85C,0.015826937854794946,15,0.8
CCDC86,0.01926234224510051,14,0.6428571428571429
CCDC87,0.021528296578196732,15,0.7333333333333333
CCDC88A,0.02046402481881467,8,0.875
CCDC88B,0.02813636762918918,7,0.8571428571428571
CCDC88C,0.0322269076673707,6,0.8333333333333334
CCDC89,0.038358861002180854,6,0.8333333333333334
CCDC9,0.02118128525010481,11,1.0
CCDC90A,0.014071654125795498,7,0.5714285714285714
CCDC90B,0.025204951653972782,11,1.0
CCDC91,0.034718284740284336,2,0.0
CCDC92,0.010013821621165037,23,0.6521739130434783
CCDC93,0.013423615401458061,8,0.5
CCDC94,0.01863846643049128,10,1.0
CCDC96,0.009759361579246655,21,0.7142857142857143
CCDC97,0.01873286709804601,8,0.875
CCDC99,0.02195527562804445,12,0.8333333333333334
CCHCR1,0.016131984591050072,45,0.7111111111111111
CCIN,0.03956215299833573,3,1.0
CCK,0.02584582560767667,19,0.8421052631578947
CCKAR,0.03461897378379644,9,0.8888888888888888
CCKBR,0.011687130139545004,10,0.7
CCL1,0.03689507892994607,6,0.8333333333333334
CCL11,0.024857680948891143,6,0.8333333333333334
CCL13,0.07395231462623454,5,1.0
CCL14,0.04835890867143384,4,1.0
CCL14-CCL15,0.04612479818403105,4,1.0
CCL15,0.05143763004897559,6,1.0
CCL16,0.05109919652941709,5,1.0
CCL17,0.04210415350046708,6,0.8333333333333334
CCL18,0.026218091423334686,4,0.75
CCL19,0.012573540986428378,1,1.0
CCL2,0.03232122087975564,8,1.0
CCL20,0.03189566421327348,3,1.0
CCL21,0.052634205527143124,2,1.0
CCL22,0.039409099401474974,6,1.0
CCL23,0.060723185791785005,6,1.0
CCL24,0.018314234978045605,7,0.7142857142857143
CCL25,0.03333228426569582,8,0.75
CCL26,0.03560721617721907,4,0.75
CCL27,0.04159382868998245,3,1.0
CCL28,0.056650011214043165,6,0.8333333333333334
CCL3,0.04717860497906406,3,1.0
CCL3L1,0.03074623443926139,1,1.0
CCL3L3,0.03074623443926139,1,1.0
CCL4,0.05191955563425156,2,1.0
CCL4L1,0.050003870476631435,2,1.0
CCL4L2,0.050003870476631435,2,1.0
CCL5,0.050525707479877946,7,1.0
CCL7,0.02657397668096903,2,0.5
CCL8,0.027156000252661606,5,0.6
CCM2,0.017279864096031106,18,0.7777777777777778
CCNA1,0.03474675945926949,39,0.8461538461538461
CCNA2,0.015879713042254526,12,0.5833333333333334
CCNB1,0.02200179121189199,8,1.0
CCNB1IP1,0.010349048952366179,6,0.3333333333333333
CCNB2,0.030850626793117297,6,0.8333333333333334
CCNB3,0.044171242578186526,4,1.0
CCNC,0.008436046290504939,13,0.6923076923076923
CCND1,0.02218898026539999,33,0.7575757575757576
CCND2,0.01585853591590193,36,0.5555555555555556
CCND3,0.016201544728523355,32,0.75
CCNDBP1,0.01544336750303831,18,0.7222222222222222
CCNE1,0.013930456323069341,13,0.6153846153846154
CCNE2,0.016766701804373722,9,0.7777777777777778
CCNF,0.0142131024127049,7,0.7142857142857143
CCNG1,0.024705149027015205,13,0.8461538461538461
CCNG2,0.017319928028814036,12,0.75
CCNH,0.03114194808393688,8,0.75
CCNI,0.01280713095343727,13,0.6153846153846154
CCNI2,0.027836220985547187,7,0.7142857142857143
CCNJ,0.01342890024085236,14,0.7142857142857143
CCNJL,0.017645042401648915,7,0.7142857142857143
CCNK,0.01775120864839214,15,0.6
CCNL1,0.01922591104032146,10,0.7
CCNL2,0.011815955620239398,11,0.5454545454545454
CCNO,0.015319987483571943,15,0.8
CCNT1,0.022964982924997053,13,0.5384615384615384
CCNT2,0.02517184240368877,5,0.6
CCNY,0.011348950644854042,46,0.6956521739130435
CCNYL1,0.02685604356761816,10,0.9
CCPG1,0.0148709468883504,16,0.6875
CCR1,0.04232778078504451,8,0.875
CCR10,0.02128735167552489,8,0.875
CCR2,0.04759872155342842,4,0.75
CCR3,0.04922754754055658,7,1.0
CCR4,0.04075933154655084,5,0.8
CCR5,0.04745138880980134,6,1.0
CCR6,0.04333387523510755,20,0.95
CCR7,0.04411064742090171,3,1.0
CCR8,0.037649662252789116,7,0.8571428571428571
CCR9,0.05092020281035302,8,1.0
CCRL1,0.027853054905226993,1,1.0
CCRL2,0.036388208072742,12,0.75
CCRN4L,0.003382243086547905,10,0.6
CCS,0.02249522601021481,11,0.8181818181818182
CCT2,0.017782334568291265,7,0.7142857142857143
CCT3,0.020601323833544443,13,0.9230769230769231
CCT4,0.010640105022953147,10,0.4
CCT5,0.017509970607492386,10,0.8
CCT6A,0.012853859279549816,15,0.5333333333333333
CCT6B,0.018804581604144846,17,0.8235294117647058
CCT6P1,0.019404730799171217,7,0.5714285714285714
CCT7,0.012829452460388727,18,0.8333333333333334
CCT8,0.0254949559175652,7,1.0
CCT8L2,0.04643362469755975,5,1.0
CD101,0.04471654653134105,3,1.0
CD109,-0.12334689044660183,8,0.75
CD14,0.034448639448774375,6,0.8333333333333334
CD151,0.024830839086448515,7,1.0
CD160,0.02841918055794611,12,0.9166666666666666
CD163,0.06385323235146009,2,1.0
CD163L1,0.04593226702962239,1,1.0
CD164,0.01479471610308535,12,0.75
CD164L2,0.013642891806461608,16,0.625
CD177,0.04255024911232332,6,1.0
CD180,0.022093930659468988,5,0.8
CD19,0.04361708527771433,6,1.0
CD1A,0.04454943301679371,3,1.0
CD1B,0.035825355237185684,2,1.0
CD1C,0.047051991547059926,4,1.0
CD1D,0.022646319318149546,9,0.5555555555555556
CD1E,0.034434689680229204,3,1.0
CD2,0.03511830629562016,4,0.75
CD200,0.029706768562383364,4,1.0
CD200R1,0.019364457318977076,4,0.5
CD200R1L,0.026667541976236053,1,1.0
CD207,0.03397490264369518,2,1.0
CD209,0.04900086574016712,3,1.0
CD22,0.05011193176831715,8,1.0
CD226,0.030717480911958722,7,1.0
CD24,0.05971102151929206,1,1.0
CD244,0.033927954046185343,2,1.0
CD247,0.043220333750688636,5,0.8
CD248,0.03135364465737308,17,0.9411764705882353
CD27,0.04093928031402686,5,1.0
CD274,0.022793034371627226,5,0.6
CD276,0.027285537453242144,14,0.7857142857142857
CD28,0.03306847320285335,6,0.8333333333333334
CD2AP,0.027492001924585806,9,0.8888888888888888
CD2BP2,0.011311368139892688,14,0.9285714285714286
CD300A,0.03020608026387336,7,1.0
CD300C,0.03805330612514022,6,1.0
CD300E,0.0537360558307958,4,1.0
CD300LB,0.0520208404825474,7,1.0
CD300LD,0.03683003479534138,4,1.0
CD300LF,0.054742923402929154,5,1.0
CD300LG,0.018322813416455527,12,0.6666666666666666
CD302,0.057502095878373086,4,1.0
CD320,0.012918310570087143,8,0.75
CD33,0.04555898454690989,4,1.0
CD34,0.0321574428735049,8,0.75
CD36,0.00880988216842182,14,0.42857142857142855
CD37,0.02433453163282696,7,1.0
CD38,0.0409612964388703,7,0.8571428571428571
CD3D,0.0522382984260822,7,1.0
CD3E,0.07059879631303771,5,1.0
CD3EAP,0.012622619951342666,18,0.6666666666666666
CD3G,0.047772189534286774,5,1.0
CD4,0.028513351758213585,9,0.8888888888888888
CD40,0.021996411839058778,12,0.8333333333333334
CD40LG,0.03138976716749988,9,0.8888888888888888
CD44,0.020064010217041607,11,0.9090909090909091
CD46,0.02192131308474329,11,0.9090909090909091
CD47,0.024381693782831573,11,0.6363636363636364
CD48,0.04419791542424144,5,1.0
CD5,0.030313974478212335,6,0.8333333333333334
CD52,0.03753110814968487,5,1.0
CD53,0.06664285293509299,8,1.0
CD55,0.024724599307257913,8,0.75
CD58,0.027644980579621864,6,0.8333333333333334
CD59,0.02810146050842165,23,0.9130434782608695
CD5L,0.06140258466665884,3,1.0
CD6,0.027520986737318932,10,0.9
CD63,0.012384345710999745,16,0.8125
CD68,0.024873871409279324,5,1.0
CD69,0.03854779902634021,3,0.6666666666666666
CD7,0.03310322948091983,8,0.875
CD70,0.030232433013616434,4,1.0
CD72,0.06206252603774276,2,1.0
CD74,0.013659083358305141,10,1.0
CD79A,0.02769281242677914,6,0.6666666666666666
CD79B,0.035348414266160214,7,1.0
CD80,0.016374686729482727,6,0.5
CD81,0.029978681125975522,36,0.9444444444444444
CD82,0.02272811981247817,21,0.9047619047619048
CD83,0.017437781404631137,5,0.6
CD84,0.0460285661675763,3,0.6666666666666666
CD86,0.06331659139099208,10,1.0
CD8A,0.031760577703767605,31,0.8387096774193549
CD8B,0.038815862905790297,4,1.0
CD9,0.009301923872845674,7,0.7142857142857143
CD93,0.017704115959281175,11,0.6363636363636364
CD96,0.028422247812406213,7,0.7142857142857143
CD97,0.03516131118481014,5,0.6
CD99L2,0.01672493365607285,10,0.6
CDA,-0.021450539952681848,4,0.75
CDADC1,0.018732198344924823,11,0.8181818181818182
CDAN1,0.020348341242402597,7,0.5714285714285714
CDC10L,0.0167271242199311,8,0.625
CDC123,0.024081661309539953,14,0.9285714285714286
CDC14A,0.022688970508002417,12,0.9166666666666666
CDC14B,0.020151560827812966,8,1.0
CDC14C,0.028325249582584117,4,1.0
CDC16,0.010722830357898262,12,0.5833333333333334
CDC2,0.021186183535611133,17,0.5882352941176471
CDC20,0.010313370540883264,11,0.7272727272727273
CDC20B,0.013978613274424628,11,0.36363636363636365
CDC23,0.037924586532331286,10,0.9
CDC25A,0.024507763892033598,9,1.0
CDC25B,0.026343512647683066,15,0.8666666666666667
CDC25C,0.020573488418134837,12,0.9166666666666666
CDC26,0.02829433847083478,10,0.9
CDC27,0.0207839167920962,10,0.7
CDC34,0.010555169696182986,4,1.0
CDC37,0.016228107182448697,10,0.7
CDC37L1,0.033476888131548664,5,1.0
CDC40,0.022402928852102783,15,0.7333333333333333
CDC42,0.030607732043333825,12,0.75
CDC42BPA,0.02394523159021469,13,0.8461538461538461
CDC42BPB,0.019491041715257944,8,0.875
CDC42BPG,0.02102162780562839,5,1.0
CDC42EP1,-0.0020113438089849763,11,0.6363636363636364
CDC42EP2,0.02110046533996886,13,0.8461538461538461
CDC42EP3,0.009375841477211337,20,0.75
CDC42EP4,0.03428195374898151,19,0.8421052631578947
CDC42EP5,0.01666336983547102,13,0.7692307692307693
CDC42SE1,0.015708328829437502,19,0.8421052631578947
CDC42SE2,0.008776259755851553,15,0.4
CDC45L,0.02468533378197026,16,1.0
CDC5L,0.023362852551403777,11,0.7272727272727273
CDC6,0.01243819200964737,13,0.7692307692307693
CDC7,0.01438252387772239,21,0.6190476190476191
CDC73,0.02642487577172178,11,0.7272727272727273
CDCA2,0.024825774815013413,16,0.8125
CDCA3,0.021045721220488124,20,0.85
CDCA4,0.017562311315688615,15,0.7333333333333333
CDCA5,0.005048615172614938,14,0.5
CDCA7,0.016838871961688935,5,0.6
CDCA7L,0.005833564089930519,15,0.4666666666666667
CDCA8,0.023645240541079585,11,0.9090909090909091
CDCP1,0.032839805184196075,4,1.0
CDCP2,0.02862351995404157,5,1.0
CDGAP,0.02993160321909744,11,1.0
CDH1,0.02198084078184794,9,0.7777777777777778
CDH10,0.0422760379940272,8,0.875
CDH11,0.004359996904961653,25,0.72
CDH12,0.05702600363171765,14,1.0
CDH13,0.029227744308148385,14,0.8571428571428571
CDH15,0.023126575888841962,9,0.6666666666666666
CDH16,0.038367931439440756,6,0.8333333333333334
CDH17,0.02993334172212554,10,0.8
CDH18,0.024029586466558395,26,0.5769230769230769
CDH19,0.06091324818194682,3,0.6666666666666666
CDH2,0.021338790087075045,7,0.42857142857142855
CDH20,0.04798293276817138,2,1.0
CDH22,0.0318928087519732,9,0.7777777777777778
CDH23,0.021896792485504756,15,0.8
CDH24,0.013747930415211568,9,0.7777777777777778
CDH26,0.024452509519840942,10,0.5
CDH29,-0.03283892987019689,5,1.0
CDH3,0.023753172931577828,9,0.7777777777777778
CDH4,0.014199153126671936,3,0.6666666666666666
CDH5,0.0278197955257935,13,0.7692307692307693
CDH6,0.016230589116748673,16,0.6875
CDH7,0.03506751980027163,10,1.0
CDH8,0.022507341538267566,19,0.7894736842105263
CDH9,0.06147375399384456,8,0.75
CDIPT,0.02340871267283276,12,0.9166666666666666
CDK1,0.021186183535611133,17,0.5882352941176471
CDK10,0.013467929020610746,11,0.9090909090909091
CDK11A,0.022970212921688243,8,0.875
CDK11B,0.01846117059153345,81,0.7777777777777778
CDK12,0.018763417645135495,12,0.9166666666666666
CDK13,0.010629334040837036,13,0.7692307692307693
CDK14,0.03711878164991326,3,1.0
CDK15,0.032547856338724375,5,0.6
CDK16,0.03248124728637705,27,0.8518518518518519
CDK17,0.027702680760122524,14,0.7142857142857143
CDK18,0.031535177319782115,19,0.8947368421052632
CDK19,0.02400932460725411,8,1.0
CDK2,0.03584009839672594,14,1.0
CDK20,0.01363140318559578,5,0.8
CDK2AP1,0.02645217485967412,16,0.75
CDK2AP2,0.010610676986905309,11,0.5454545454545454
CDK3,0.027867243859022624,9,1.0
CDK4,0.012668332369518911,20,0.65
CDK5,0.0007516353639527401,31,0.7741935483870968
CDK5R1,0.010123870684934052,9,0.4444444444444444
CDK5R2,0.023267567621398505,20,0.8
CDK5RAP1,0.024672922468094785,13,0.9230769230769231
CDK5RAP2,0.038243367828809445,3,1.0
CDK5RAP3,0.020826298275098062,11,0.9090909090909091
CDK6,0.02217980850331683,33,0.696969696969697
CDK7,0.02103499171679337,8,0.75
CDK8,0.023093885156622335,7,1.0
CDK9,0.03493669649957547,2,1.0
CDKAL1,0.030511068472456198,15,0.8
CDKL1,0.025513965502665603,7,0.7142857142857143
CDKL2,0.016303981323130105,14,0.7142857142857143
CDKL3,0.01886771174032684,11,0.6363636363636364
CDKL5,0.032286115150632885,16,0.6875
CDKN1A,-0.0007338133724588453,25,0.72
CDKN1B,0.015450495391499253,10,0.7
CDKN1C,0.018939594840083427,35,0.6857142857142857
CDKN2A,0.014171236520546835,7,0.5714285714285714
CDKN2AIP,0.004833111330879832,9,0.6666666666666666
CDKN2AIPNL,0.022227258760159248,10,0.9
CDKN2B,0.02206771307918744,3,1.0
CDKN2BAS,0.01897812289021521,2,0.5
CDKN2C,0.023937150726080693,20,0.75
CDKN2D,0.01784130932806097,11,0.8181818181818182
CDKN3,0.016702199766662814,11,0.6363636363636364
CDNF,0.012725907773347048,10,0.6
CDO1,0.01721869345283718,13,0.6153846153846154
CDON,0.01995620438374653,15,0.6
CDR1,0.0401557261920193,9,1.0
CDR2,0.011207679350194023,7,0.8571428571428571
CDR2L,0.011643295992036258,7,0.7142857142857143
CDRT1,0.04614847701960169,5,0.8
CDRT15,0.03197174090161317,6,0.8333333333333334
CDRT15P,0.023465712474336053,6,1.0
CDRT4,-0.0012901476753940156,5,0.8
CDS1,0.014909132193413725,10,0.6
CDS2,0.00927309337629139,11,0.45454545454545453
CDSN,0.0412136977226975,7,0.8571428571428571
CDT1,0.012013494544279656,6,0.8333333333333334
CDV3,0.0155063267447567,16,0.5625
CDX1,0.006006594391801628,10,0.4
CDX2,0.02261093875250685,12,0.8333333333333334
CDX4,0.03638956049516166,10,0.9
CDYL,0.021162235234982597,28,0.7142857142857143
CDYL2,0.022188709565568596,4,0.75
CEACAM1,0.026959661926470077,4,0.75
CEACAM16,0.019509709696109337,4,0.75
CEACAM18,0.05774788491934149,4,1.0
CEACAM19,0.03819215953999157,5,0.8
CEACAM20,0.031200729596694166,6,0.8333333333333334
CEACAM21,0.050495479731018374,6,1.0
CEACAM3,0.060802468432403924,3,1.0
CEACAM4,0.04490096301387918,5,1.0
CEACAM5,0.030111239388489464,6,1.0
CEACAM6,0.03988210328000083,4,1.0
CEACAM7,0.04814552682478804,3,1.0
CEACAM8,0.051646385776022985,5,1.0
CEBPA,0.01888324759495263,14,0.8571428571428571
CEBPB,0.02401976445012176,12,0.8333333333333334
CEBPD,0.005463325610177121,9,0.4444444444444444
CEBPE,0.0356022436176815,7,0.8571428571428571
CEBPG,0.01285483260537894,12,0.6666666666666666
CEBPZ,0.017096214094747084,15,0.8666666666666667
CECR1,0.02771855324086842,16,0.875
CECR2,0.038245482165626836,8,0.875
CECR4,0.04134056816413818,4,1.0
CECR5,0.027842651959712576,10,0.9
CECR6,0.029014188156923536,12,0.8333333333333334
CECR7,0.010143404247812612,6,0.8333333333333334
CEL,-0.0008949023547889928,2,0.5
CELA1,0.02854138385249108,2,1.0
CELA2A,0.03097898067720606,3,1.0
CELA2B,0.050544378684144096,3,1.0
CELA3A,0.03136557975123686,7,1.0
CELA3B,0.02644272718856998,4,0.75
CELP,0.04974278520202299,1,1.0
CELSR1,0.01657664466327354,17,0.7058823529411765
CELSR2,0.025501881765570927,12,0.9166666666666666
CELSR3,0.025133610815669716,30,0.8333333333333334
CEMP1,0.02129032914752536,11,0.9090909090909091
CEND1,0.022482749111309774,15,0.9333333333333333
CENPA,0.02386314485681716,12,0.6666666666666666
CENPB,0.026316177931426734,9,0.7777777777777778
CENPBD1,0.019333770425663636,18,0.8888888888888888
CENPC1,0.02696283594174966,10,0.7
CENPE,0.025026360742854404,10,0.6
CENPF,0.021626875185243834,26,0.8461538461538461
CENPH,0.02753179661592876,9,0.8888888888888888
CENPI,0.0602906855176486,5,1.0
CENPJ,0.020371963711199544,14,0.7857142857142857
CENPK,0.029123076981666236,15,0.6666666666666666
CENPL,0.0184292486441701,20,0.75
CENPM,0.01785320494116332,12,0.9166666666666666
CENPN,0.02518981157165968,24,0.9166666666666666
CENPO,0.014172894591598918,15,0.8
CENPP,0.022334462429561275,6,0.8333333333333334
CENPQ,0.02298773238943309,15,0.6
CENPT,0.014523901197426595,37,0.7567567567567568
CENPV,0.02464129992700696,12,0.8333333333333334
CEP110,0.07948599004826556,1,1.0
CEP120,0.03480313454201736,13,0.8461538461538461
CEP135,0.02201443327302406,12,0.75
CEP152,0.026970670039655892,12,0.8333333333333334
CEP164,0.018262564241186306,17,0.8235294117647058
CEP170,0.022130441906757344,20,0.7
CEP170L,0.02523393074432384,1,1.0
CEP192,0.024868817372816356,10,0.7
CEP250,0.01998093715769883,10,0.8
CEP290,0.01750985259975396,15,0.6
CEP350,0.01932503816168165,14,0.7857142857142857
CEP55,0.00958971286617589,13,0.6153846153846154
CEP57,0.012838852099146083,16,0.5625
CEP63,0.022164947165036773,30,0.7333333333333333
CEP68,0.018896023676684755,13,0.9230769230769231
CEP70,0.025205527309306464,14,0.7142857142857143
CEP72,0.008833413517030025,9,0.8888888888888888
CEP76,0.020500790037804112,14,0.6428571428571429
CEP78,0.017023128874704634,5,0.4
CEP97,0.027427405885598263,11,0.9090909090909091
CEPT1,0.022723492401455218,20,0.5
CER1,0.023313284849078603,2,1.0
CERCAM,0.008989308419804533,4,0.75
CERK,-0.026221738102257287,5,0.4
CERKL,0.01429757845918594,8,0.75
CES1,0.040872232992659,5,1.0
CES2,0.011378851761383538,17,0.8823529411764706
CES3,0.03894077674889571,6,1.0
CES4,0.03996472470904261,4,0.75
CES7,0.05235348888956641,5,1.0
CES8,0.05046824538286625,5,1.0
CETN1,0.016185979119681934,11,0.5454545454545454
CETN2,0.016701043804246696,13,0.6153846153846154
CETN3,0.027813740175614436,10,0.6
CETP,0.03694101368782626,8,0.875
CFB,0.0131854443878128,8,0.875
CFC1,0.05307776707787093,2,1.0
CFC1B,0.05307776707787093,2,1.0
CFD,0.03702218235379611,7,0.8571428571428571
CFDP1,0.024932257419749526,13,0.9230769230769231
CFH,0.018782052329348,4,0.25
CFHR1,0.06613507795327148,1,1.0
CFHR2,0.07031592824584987,1,1.0
CFHR3,0.07936653341381747,1,1.0
CFHR4,0.031676731119477386,1,0.0
CFHR5,0.038051936980526876,4,0.25
CFI,0.03271570122393753,3,0.6666666666666666
CFL1,0.014323545193310944,16,0.8125
CFL2,0.02641579125711604,14,0.7857142857142857
CFLAR,0.030556625459135175,31,0.8709677419354839
CFLP1,0.03382176486424225,7,0.7142857142857143
CFP,0.027052373674650698,8,0.625
CFTR,0.04315737909029224,9,0.8888888888888888
CG030,0.021799650994152542,1,0.0
CGA,0.017860746675764018,4,0.5
CGB,0.021943443198350832,6,0.6666666666666666
CGB1,0.029410251652191872,7,0.5714285714285714
CGB2,0.02337818118785061,6,0.8333333333333334
CGB5,0.029830229049756768,4,0.75
CGB7,0.021529490760384976,8,0.75
CGB8,0.013980907021144642,8,0.875
CGGBP1,0.02208028569406342,12,0.8333333333333334
CGN,0.03233783108464809,8,0.75
CGNL1,0.011684155506899364,20,0.7
CGREF1,0.02237250801371333,15,0.8
CGRRF1,0.0248409489798642,10,1.0
CH25H,0.020006529810668628,17,0.8823529411764706
CHAC1,0.017425755928516275,12,0.6666666666666666
CHAC2,0.030916940130760642,8,0.75
CHAD,0.0084122154774079,12,0.75
CHADL,-0.07275709880172357,5,0.8
CHAF1A,0.025553750828579004,5,1.0
CHAF1B,0.017357584479198412,9,0.8888888888888888
CHAT,0.022838210576930352,36,0.8333333333333334
CHCHD1,0.031134189793310667,8,1.0
CHCHD10,0.019661474880355075,7,0.5714285714285714
CHCHD2,0.010149553123647646,9,0.6666666666666666
CHCHD3,0.02106479585944688,7,1.0
CHCHD4,0.01728730451237456,20,0.85
CHCHD5,0.018010789513512197,10,0.9
CHCHD6,0.01131612761698426,12,0.6666666666666666
CHCHD7,0.014640301316747376,9,0.5555555555555556
CHCHD8,0.024617337879011405,14,0.9285714285714286
CHD1,0.06175644665014458,2,1.0
CHD1L,0.019130121147075387,12,0.75
CHD2,0.008792672053162148,5,0.6
CHD3,0.0327666601786615,12,0.9166666666666666
CHD4,0.009247639645161846,9,0.8888888888888888
CHD5,0.019297972041830314,10,0.8
CHD6,0.024853289620110616,18,0.8888888888888888
CHD7,0.0256856058817515,28,0.6785714285714286
CHD8,0.024580648171909015,12,0.75
CHD9,0.010047864626207735,26,0.8846153846153846
CHDH,0.024389789370837776,12,0.6666666666666666
CHEK1,0.019744751447682694,10,0.7
CHEK2,0.015366917659306634,16,0.6875
CHERP,0.011202599141558849,6,0.6666666666666666
CHFR,0.021386982094300063,32,0.625
CHGA,0.031161625978421703,7,0.7142857142857143
CHGB,0.03353240087915648,7,0.8571428571428571
CHI3L1,-0.0014567819025149778,7,1.0
CHI3L2,-0.03885331309721648,10,0.7
CHIA,0.05414754876624507,7,0.7142857142857143
CHIC1,0.032636679162090856,11,0.6363636363636364
CHIC2,0.02808922676711222,6,0.8333333333333334
CHID1,0.028275738755223934,25,0.76
CHIT1,0.04727094664941985,6,1.0
CHKA,0.013664043069377907,12,0.6666666666666666
CHKB,0.01918544123069086,13,0.8461538461538461
CHKB-CPT1B,0.022706684524981865,7,0.8571428571428571
CHL1,0.027463087112433247,28,0.8214285714285714
CHM,0.0512806982050392,7,0.7142857142857143
CHML,0.0063078688501920915,4,0.25
CHMP1A,0.019440153850747963,9,0.6666666666666666
CHMP1B,0.01852680562722622,16,0.6875
CHMP2A,0.02980921408707573,20,0.95
CHMP2B,0.01950737766962244,12,0.8333333333333334
CHMP4A,0.025743311826421474,9,0.8888888888888888
CHMP4B,0.015379185475466468,12,0.75
CHMP4C,0.02436195306808275,11,0.7272727272727273
CHMP5,0.03538094091821333,6,1.0
CHMP6,0.015875603956853293,9,0.5555555555555556
CHMP7,0.027968753700651033,7,0.5714285714285714
CHN1,0.01990407230448656,13,0.8461538461538461
CHN2,0.019276794618316107,18,0.5555555555555556
CHODL,0.03272133212606133,6,0.8333333333333334
CHORDC1,0.03632025689995687,11,0.7272727272727273
CHP,0.011396089742657415,14,0.6428571428571429
CHP2,0.02276583214879115,9,0.6666666666666666
CHPF,0.03141849804823592,8,0.75
CHPF2,0.010713817183971068,13,0.6923076923076923
CHPT1,0.019498876600644626,10,0.6
CHRAC1,0.01664648982873648,9,0.7777777777777778
CHRD,0.03440338146733938,5,1.0
CHRDL1,0.0025418513862345638,18,0.7222222222222222
CHRDL2,0.032242678556252985,6,1.0
CHRFAM7A,0.04757506902169476,3,0.6666666666666666
CHRM1,0.03336158031020789,11,0.8181818181818182
CHRM2,0.02851690465568277,45,0.6666666666666666
CHRM3,0.0229607308094537,14,0.5714285714285714
CHRM4,0.013014262115557068,10,0.8
CHRM5,0.020516712325617713,20,0.6
CHRNA1,0.05692055261051781,6,1.0
CHRNA10,0.025545262962644522,5,0.8
CHRNA2,0.035087164987217055,8,0.875
CHRNA3,0.026236659713698138,11,0.8181818181818182
CHRNA4,0.029404141833863723,4,1.0
CHRNA5,0.03086113894197423,7,0.8571428571428571
CHRNA6,0.03009294134282196,7,0.8571428571428571
CHRNA7,0.025926570067418133,8,0.75
CHRNA9,-0.02228443110846376,6,0.8333333333333334
CHRNB1,0.010110655970720419,11,0.8181818181818182
CHRNB2,0.0316080107293351,10,1.0
CHRNB3,0.024548590725165707,5,1.0
CHRNB4,0.02982180309143558,7,0.7142857142857143
CHRND,0.029463790565295904,7,0.8571428571428571
CHRNE,0.04219299671266709,5,1.0
CHRNG,0.037358457261201815,5,0.8
CHST1,0.009408404894332622,20,0.8
CHST10,0.01844009171029566,9,0.6666666666666666
CHST11,0.018265665374254943,12,0.8333333333333334
CHST12,0.013070931639225679,19,0.7368421052631579
CHST13,0.013395340424416903,8,0.75
CHST14,0.015604423422768658,15,0.9333333333333333
CHST15,0.03149889612610011,10,1.0
CHST2,0.015147296514389348,13,0.46153846153846156
CHST3,-0.07246153909568087,14,0.9285714285714286
CHST4,0.04741852184934255,7,0.8571428571428571
CHST5,0.032124691791935826,6,0.6666666666666666
CHST6,0.02007634085940381,15,0.5333333333333333
CHST7,0.03247435754335055,11,0.9090909090909091
CHST8,0.033493519643140575,54,0.8518518518518519
CHST9,0.03509748216425329,10,0.8
CHSY1,0.018805474489954125,9,0.6666666666666666
CHSY3,0.02618881161459096,7,0.8571428571428571
CHTF18,0.010836505968970619,8,0.75
CHTF8,0.017091378264054838,11,0.8181818181818182
CHUK,0.010837555496072685,10,0.6
CHURC1,0.023029144606875416,12,0.8333333333333334
CIAO1,0.016290634076237334,13,0.6923076923076923
CIAPIN1,0.029142008221567303,11,1.0
CIB1,0.01324259985138692,8,0.625
CIB2,0.002807529231644285,9,0.5555555555555556
CIB3,0.056305841873799015,4,1.0
CIB4,0.04407233118226115,3,1.0
CIC,-0.005330918867476683,4,0.75
CIDEA,0.019182519458531912,19,0.8947368421052632
CIDEB,0.017035193145775444,21,0.8095238095238095
CIDEC,0.011429238739164913,6,0.6666666666666666
CIDECP,0.009581531054932016,5,0.4
CIITA,0.02513696266202578,6,1.0
CILP,0.009266366244369443,7,0.7142857142857143
CILP2,0.016427022202018426,12,0.5
CINP,0.010512393975408124,9,0.7777777777777778
CIR1,0.0252444675006074,14,0.8571428571428571
CIRBP,0.013563796841991996,15,0.8
CIRH1A,0.017091378264054838,11,0.8181818181818182
CISD1,0.021651301470348664,15,0.8
CISD2,0.014013065970192943,6,0.8333333333333334
CISD3,0.027532447506388513,6,0.8333333333333334
CISH,0.02141133278589205,12,0.6666666666666666
CIT,0.024405289125588023,13,0.9230769230769231
CITED1,0.018484285249246668,28,0.6785714285714286
CITED2,0.014152038797003217,26,0.6538461538461539
CITED4,0.012729375651347722,14,0.7142857142857143
CIZ1,0.033795810166966755,17,0.8823529411764706
CKAP2,0.020111079484143982,11,0.7272727272727273
CKAP2L,0.015375010388247769,9,0.7777777777777778
CKAP4,0.005059289130658196,5,0.8
CKAP5,0.016120764401885385,18,0.8888888888888888
CKB,0.01991871361452486,10,0.8
CKLF,0.02371787509806528,12,0.9166666666666666
CKM,0.02854053664638258,8,1.0
CKMT1A,0.03396968219281163,1,1.0
CKMT1B,0.02565927573919448,1,1.0
CKMT2,0.00556096615286287,11,0.8181818181818182
CKS1B,0.02037149089460578,10,0.9
CKS2,0.033535293736620723,6,1.0
CLASP1,0.015511324287204838,19,0.7894736842105263
CLASP2,0.030957927246655633,11,0.9090909090909091
CLC,0.03662977631888044,5,1.0
CLCA1,0.024263970207711073,4,0.75
CLCA2,0.018029085461134506,4,0.75
CLCA3P,0.042940816398582604,1,1.0
CLCA4,0.010771460183498671,1,0.0
CLCC1,0.02490679028964651,12,0.8333333333333334
CLCF1,0.023364765529483533,21,0.8095238095238095
CLCN1,0.02956421356224509,6,0.8333333333333334
CLCN2,0.017167849144757934,10,0.7
CLCN3,0.02340173312235024,7,0.5714285714285714
CLCN4,0.034740911082585646,17,0.9411764705882353
CLCN5,0.018276985188364472,24,0.625
CLCN6,0.013234453949098684,13,0.8461538461538461
CLCN7,0.02702401614587907,6,0.6666666666666666
CLCNKA,0.023567720280040425,8,1.0
CLCNKB,0.026801940584756927,15,0.7333333333333333
CLDN1,0.024177100188954064,7,0.8571428571428571
CLDN10,0.017640141847189733,19,0.631578947368421
CLDN11,0.04601102750899036,11,0.9090909090909091
CLDN12,0.035840554218081924,13,0.9230769230769231
CLDN14,0.02684538514490478,28,0.7857142857142857
CLDN15,0.01210005922185726,7,0.8571428571428571
CLDN16,0.022786539665024957,9,0.8888888888888888
CLDN17,0.05329936528232206,5,1.0
CLDN18,0.02510752379933325,18,0.7777777777777778
CLDN19,0.039675068494481526,7,1.0
CLDN2,0.047651161481837144,14,0.8571428571428571
CLDN20,-0.02730407946993694,8,0.5
CLDN22,0.03163244536952613,6,0.6666666666666666
CLDN23,0.028847697583996728,10,0.8
CLDN25,0.031678861162147916,4,0.5
CLDN3,0.014303290335463455,15,0.6666666666666666
CLDN4,0.019518915963126247,11,0.8181818181818182
CLDN5,0.02352107826098216,17,0.9411764705882353
CLDN6,0.026220572639347,15,0.8
CLDN7,0.030832434281071172,12,0.75
CLDN8,0.018579865936649613,4,0.5
CLDN9,0.023288902879972883,14,0.8571428571428571
CLDND1,0.016208162164816582,16,0.75
CLDND2,0.02440838840188365,5,0.8
CLEC10A,0.0511859417459885,6,1.0
CLEC11A,0.03072761395310303,7,1.0
CLEC12A,0.03637777962421993,3,1.0
CLEC12B,0.03781609579309677,4,0.75
CLEC14A,0.033588112403879176,13,0.6923076923076923
CLEC16A,0.012535943768411455,8,0.875
CLEC17A,0.038697938279218365,6,0.8333333333333334
CLEC18A,0.048963863428448495,2,1.0
CLEC18B,0.03241044670577932,6,0.6666666666666666
CLEC18C,0.038334490402853263,4,1.0
CLEC1A,0.04341520762373018,5,0.8
CLEC1B,0.07020839778905022,2,1.0
CLEC2A,0.03315722094680458,5,0.4
CLEC2B,0.04383219850488393,4,0.5
CLEC2D,-0.004327313431583352,2,0.5
CLEC2L,0.020068107154309765,6,1.0
CLEC3A,0.02642058776939884,4,0.75
CLEC3B,0.017391131460358228,8,0.875
CLEC4A,0.04127624614547758,4,1.0
CLEC4C,0.04566673873080518,7,0.8571428571428571
CLEC4D,0.04719265611412546,6,1.0
CLEC4E,0.03405844845121251,3,0.6666666666666666
CLEC4F,0.03228669667765458,4,0.75
CLEC4G,0.04041518074043084,5,1.0
CLEC4GP1,0.0242759480814242,8,0.875
CLEC4M,0.04843412633667742,5,1.0
CLEC5A,0.035011684473781696,2,1.0
CLEC7A,0.029692982034611192,3,0.3333333333333333
CLEC9A,0.008399923481279412,9,0.4444444444444444
CLECL1,0.020178698940769207,3,0.3333333333333333
CLGN,0.023369594171774193,16,0.8125
CLIC1,0.029778656613458562,12,0.75
CLIC2,0.06265386522345502,4,1.0
CLIC3,0.01930053280719715,2,0.5
CLIC4,0.007569373808731792,14,0.7142857142857143
CLIC5,0.03918227891383511,12,0.9166666666666666
CLIC6,0.009957753861211397,15,0.5333333333333333
CLINT1,0.018680161027860083,6,0.6666666666666666
CLIP1,0.015110412220619734,16,1.0
CLIP2,0.016189699127596588,17,0.8235294117647058
CLIP3,0.025228877697775043,6,1.0
CLIP4,0.010108445218891628,16,0.625
CLK1,0.01254867888995563,20,0.8
CLK2,0.01936003288523521,13,0.6153846153846154
CLK2P,0.03086258132473095,4,0.75
CLK3,0.01934575283420064,19,0.6842105263157895
CLK4,0.021201929967686193,14,0.7857142857142857
CLLU1,0.020086871426217928,6,0.6666666666666666
CLLU1OS,0.028976410117853985,2,0.5
CLMN,0.03023641659154176,4,0.75
CLN3,0.020668313717534366,10,0.8
CLN5,0.020866916533112588,8,0.75
CLN6,0.019891315411679274,8,0.625
CLN8,0.027764646056215085,10,0.9
CLNK,0.06098625004030121,8,1.0
CLNS1A,0.020404368734208807,11,0.7272727272727273
CLOCK,0.021723116988292688,12,0.6666666666666666
CLP1,0.03225089526084637,18,0.8888888888888888
CLPB,0.016848089199994688,10,0.7
CLPP,0.023499802280341996,7,0.7142857142857143
CLPS,0.04620168700785272,7,1.0
CLPTM1,0.016230235172392384,12,0.5
CLPTM1L,0.025783673724756952,7,0.7142857142857143
CLPX,0.013179255543253077,10,0.6
CLRN1,0.04575146365633239,13,0.8461538461538461
CLRN1OS,0.040418924500801985,6,0.6666666666666666
CLRN2,0.04262243426012161,7,1.0
CLRN3,0.02770126717617344,4,0.5
CLSPN,0.014809200249181897,10,0.8
CLSTN1,0.00141531093433608,18,0.4444444444444444
CLSTN2,0.009178137706179531,9,0.4444444444444444
CLSTN3,0.02698002952985597,20,0.9
CLTA,0.02500819389533195,6,0.8333333333333334
CLTB,0.023692845937839695,6,0.6666666666666666
CLTC,0.01967315234325108,13,0.6153846153846154
CLTCL1,0.025886328612786346,6,0.8333333333333334
CLU,0.02509091970692208,24,0.8333333333333334
CLUAP1,0.004131283198515131,15,0.8
CLUL1,0.01731040454908504,11,0.5454545454545454
CLVS1,0.03718262216339106,7,0.7142857142857143
CLVS2,0.020465908816696916,11,0.6363636363636364
CLYBL,0.023486756659049642,6,0.8333333333333334
CMA1,0.045861931379573784,2,1.0
CMAH,0.022345378905785234,8,0.625
CMAS,0.029176298022559017,6,0.6666666666666666
CMBL,0.021378412999649918,15,0.8
CMC1,0.020768897247604168,11,0.8181818181818182
CMIP,-0.01521883534654223,12,0.8333333333333334
CMKLR1,0.020634944305503087,14,0.7857142857142857
CMPK1,0.02334816945751503,9,0.8888888888888888
CMPK2,0.017706215682552744,11,0.8181818181818182
CMTM1,0.006074216810379964,13,0.46153846153846156
CMTM2,0.0038837845036665693,12,0.6666666666666666
CMTM3,0.007911260824211052,12,0.5833333333333334
CMTM4,0.021926494612093672,8,0.625
CMTM5,0.019155163202354712,9,0.7777777777777778
CMTM6,0.014381798859429215,7,0.7142857142857143
CMTM7,0.02505125923069841,9,0.7777777777777778
CMTM8,0.01773176293462285,5,0.6
CMYA5,0.01876918886244203,9,0.5555555555555556
CN5H6.4,0.006158218586404689,10,0.6
CNBD1,0.03411269647416424,4,0.5
CNBP,0.022144322599030576,10,0.8
CNDP1,0.035355512987890574,13,1.0
CNDP2,0.02118804183439591,16,0.75
CNFN,0.03506600298764994,6,0.8333333333333334
CNGA1,0.056294385641145785,7,0.7142857142857143
CNGA2,0.02908372129333045,4,0.75
CNGA3,0.02329732220190853,20,0.75
CNGA4,0.05867019879576798,3,1.0
CNGB1,0.03991401010463098,4,1.0
CNGB3,0.06577899615642796,3,1.0
CNIH,0.022110677499991058,11,0.8181818181818182
CNIH2,0.0074677635052426234,12,0.5833333333333334
CNIH3,0.010871502298264968,11,0.5454545454545454
CNIH4,0.028253042956133567,10,0.8
CNKSR1,0.032153142918742654,11,0.9090909090909091
CNKSR2,0.03626722691092488,7,0.7142857142857143
CNKSR3,0.037812928546054204,8,0.875
CNN1,0.03349941079831679,8,0.75
CNN2,0.009229385676275032,5,0.6
CNN3,0.011156824250111922,8,0.625
CNNM1,0.040784478805656825,13,1.0
CNNM2,0.02026695427006706,9,0.8888888888888888
CNNM3,0.012018051451763948,9,0.6666666666666666
CNNM4,0.010705269067964228,17,0.6470588235294118
CNO,0.01821072165169573,14,0.7857142857142857
CNOT1,0.025383250913537582,10,0.9
CNOT10,0.024802621650821127,10,0.7
CNOT2,0.017228707676609906,21,0.5714285714285714
CNOT3,0.018860765164256176,15,0.8
CNOT4,0.023987411006732375,15,0.8666666666666667
CNOT6,0.021322584860584137,14,0.7857142857142857
CNOT6L,0.02842184700830975,4,1.0
CNOT7,0.014044167283057452,10,0.5
CNOT8,0.01774836287450384,14,0.5714285714285714
CNP,0.015517266359371422,12,0.75
CNPY1,0.035237216867074324,24,0.875
CNPY2,0.02096866585447284,10,0.9
CNPY3,0.013085745699382909,12,0.9166666666666666
CNPY4,0.024734438858526327,11,1.0
CNR1,0.02582274985920138,22,0.7272727272727273
CNR2,0.02540034848060867,15,0.8666666666666667
CNRIP1,0.022930303547386514,13,0.6153846153846154
CNST,0.024325609416170305,18,0.8333333333333334
CNTD1,0.026966739939602004,11,0.8181818181818182
CNTD2,0.02162389593288654,11,0.7272727272727273
CNTF,0.009125153130695807,5,0.6
CNTFR,0.029095512269809855,13,0.8461538461538461
CNTLN,0.013323364088539971,2,0.5
CNTN1,0.03281120498177261,24,0.8333333333333334
CNTN2,0.029552982100328102,10,0.6
CNTN3,0.013096331275674361,2,0.0
CNTN4,0.03530192156950626,26,0.7692307692307693
CNTN5,0.03283040184082434,17,0.5882352941176471
CNTN6,0.02691202757192981,7,1.0
CNTNAP1,0.025948172181477443,7,1.0
CNTNAP2,0.021243378389011473,15,0.6666666666666666
CNTNAP4,0.020635199797632245,8,0.5
CNTNAP5,0.021732352961998536,11,0.6363636363636364
CNTROB,0.014634702045210501,16,0.6875
COASY,0.018129594390859573,19,0.6842105263157895
COBL,0.01224681226934089,10,0.4
COBLL1,0.017315085048680578,9,0.5555555555555556
COBRA1,0.006638037545304948,5,0.4
COCH,0.018554951107497775,8,0.875
COG1,0.00804866769524935,14,0.7857142857142857
COG2,0.018699930616647854,7,0.8571428571428571
COG3,0.018293608394791862,8,0.75
COG4,0.031630018690431125,10,0.9
COG5,0.027324787242235308,12,0.8333333333333334
COG6,0.024466385401610013,6,0.5
COG7,0.02309469303224594,9,0.8888888888888888
COG8,0.014197407558157814,11,0.8181818181818182
COIL,0.028701208295156874,11,0.8181818181818182
COL10A1,0.0024891037553893547,3,0.3333333333333333
COL11A1,-0.022775136553066105,10,0.6
COL11A2,-0.028565534496606523,37,0.7027027027027027
COL12A1,-0.0036007976192492714,23,0.8695652173913043
COL13A1,0.021016248310841385,14,0.9285714285714286
COL14A1,0.022959700482224444,15,0.6
COL15A1,0.02193916167927914,4,1.0
COL16A1,0.022135374133668236,10,0.7
COL17A1,0.02942792391208557,6,0.8333333333333334
COL18A1,0.013345352758159843,17,0.6470588235294118
COL19A1,0.02514613383574171,16,0.75
COL1A1,-0.004864912722325032,11,0.7272727272727273
COL1A2,-0.009415032108716246,11,0.5454545454545454
COL20A1,0.05149140376936869,6,0.6666666666666666
COL21A1,0.026194232457144345,13,0.7692307692307693
COL22A1,0.024975626168865776,10,0.8
COL23A1,0.021361819414330314,14,0.7857142857142857
COL24A1,0.005246906517906228,8,0.5
COL25A1,0.021301831573099377,19,0.8947368421052632
COL27A1,0.019788183134601237,3,0.6666666666666666
COL28A1,-0.004391012951719571,6,0.3333333333333333
COL29A1,0.05395533422799431,8,0.75
COL2A1,-0.019043394384935675,13,0.7692307692307693
COL3A1,0.024179058189937833,3,0.3333333333333333
COL4A1,0.010217023538434575,11,0.7272727272727273
COL4A2,0.010039672373388162,12,0.6666666666666666
COL4A3,0.016683497017109392,11,0.2727272727272727
COL4A3BP,0.028569029878958603,14,0.6428571428571429
COL4A4,0.01932342929982136,14,0.42857142857142855
COL4A5,0.048090554910608534,12,1.0
COL4A6,0.04400223492536693,14,1.0
COL5A1,0.018888679701817124,6,0.8333333333333334
COL5A2,0.04881231211615877,7,0.7142857142857143
COL5A3,0.01987068505089721,5,0.8
COL6A1,0.032121901215087165,5,1.0
COL6A2,0.01259898958256413,10,0.8
COL6A3,0.023998405569736137,10,0.8
COL6A4P2,0.042533462292322965,1,1.0
COL6A6,0.051459408869322376,2,0.5
COL7A1,0.014784095534864162,11,0.8181818181818182
COL8A1,0.005610868442074292,18,0.6111111111111112
COL8A2,0.020021283144379457,6,0.8333333333333334
COL9A1,0.03399347120067337,12,0.8333333333333334
COL9A2,-0.029491814979584523,9,0.6666666666666666
COL9A3,0.0004235453649603067,42,0.6190476190476191
COLEC10,0.0007604489819168873,3,0.0
COLEC11,0.02387499969990967,23,0.782608695652174
COLEC12,0.033491248402953644,6,0.8333333333333334
COLQ,-0.006181872064233547,10,0.9
COMMD1,0.023241058847468077,11,0.9090909090909091
COMMD10,0.034651742219307266,5,0.8
COMMD2,0.01682456396290746,7,0.5714285714285714
COMMD3,0.02071971890061295,12,0.5
COMMD4,0.01906446189823594,7,0.8571428571428571
COMMD5,0.008410928303368101,14,0.7142857142857143
COMMD6,0.01176379934482653,10,0.3
COMMD7,0.03540271997855237,10,0.7
COMMD8,0.021208180036134353,9,0.6666666666666666
COMMD9,0.027295098226098474,10,0.8
COMP,0.00948198512787621,9,0.4444444444444444
COMT,0.025623057251114096,39,0.717948717948718
COMTD1,0.017800655989349257,8,0.875
COPA,0.019959853602881803,14,0.6428571428571429
COPB1,0.02605824534123406,12,0.8333333333333334
COPB2,0.0124183415674966,12,0.8333333333333334
COPE,0.016993694120112344,13,0.6923076923076923
COPG,0.018325196687911837,10,0.8
COPG2,0.01342422242232479,16,0.6875
COPS2,0.03880754778663329,11,0.7272727272727273
COPS3,0.02006817561518884,11,0.8181818181818182
COPS4,0.030413309038023202,10,0.9
COPS5,0.034778942951842765,13,1.0
COPS6,0.01593162068516553,9,0.7777777777777778
COPS7A,0.017774649425104712,13,1.0
COPS7B,0.007797690438021088,12,0.9166666666666666
COPS8,0.022376476726196533,14,0.7857142857142857
COPZ1,0.013058652605043963,10,0.8
COPZ2,0.002213143257087328,2,0.0
COQ10A,0.01848548708872452,15,0.8666666666666667
COQ10B,0.014432652060175096,13,0.5384615384615384
COQ2,0.02721146649359906,8,0.875
COQ3,0.02794627744707666,9,0.6666666666666666
COQ4,0.027563645229720855,3,1.0
COQ5,0.026504618783915433,14,0.8571428571428571
COQ6,0.017540053955542298,16,0.6875
COQ7,0.02810487258838015,6,0.8333333333333334
COQ9,0.029331295088716968,4,1.0
CORIN,0.0322333405407128,7,1.0
CORO1A,0.023940888550274396,11,0.9090909090909091
CORO1B,0.02549354178415099,18,0.6111111111111112
CORO1C,-0.0002471910368547446,18,0.8888888888888888
CORO2A,0.020330138789320096,5,0.8
CORO2B,0.02128269248898921,9,1.0
CORO6,0.03547581251657757,5,0.8
CORO7,0.009055146058095253,7,0.7142857142857143
CORT,0.031760259082071945,9,0.8888888888888888
COTL1,0.02409057206332773,5,0.6
COX10,0.01841515342761708,10,0.8
COX11,0.017957583139462097,12,0.8333333333333334
COX15,0.019630246159668616,16,0.6875
COX16,0.02804527591868689,11,0.8181818181818182
COX17,0.032579194490340475,8,0.875
COX18,0.016401442586092493,11,0.5454545454545454
COX19,0.009592773577438842,10,0.6
COX4I1,0.024458712875935214,13,0.6923076923076923
COX4I2,0.02385235954597216,11,0.6363636363636364
COX4NB,0.013764927426883122,8,0.5
COX5A,0.014383467040676718,8,0.625
COX5B,0.02104781588067529,12,0.8333333333333334
COX6A1,0.024486746841455468,10,0.7
COX6A2,0.04479204199874262,5,1.0
COX6B1,0.019498410923285456,9,1.0
COX6B2,0.01269043830783771,12,0.5833333333333334
COX6C,0.025956096136848763,13,0.6923076923076923
COX7A1,0.008224054006675342,4,0.5
COX7A2,0.04113659513507485,9,1.0
COX7A2L,0.014862726046906399,13,0.7692307692307693
COX7B,0.06081893124661937,7,1.0
COX7B2,0.02517985682714432,13,0.5384615384615384
COX7C,0.03416666981988164,11,0.6363636363636364
COX8A,0.02271819271770517,9,0.8888888888888888
COX8C,0.02354540547830895,6,0.8333333333333334
CP,0.03584182198484327,3,0.3333333333333333
CP110,0.036256836818247706,13,0.7692307692307693
CPA1,-0.029666270147292027,7,0.8571428571428571
CPA2,0.038129874166797,2,1.0
CPA3,0.02441200911058561,3,1.0
CPA4,0.015718242436723366,5,0.8
CPA5,0.028733678186425547,4,0.5
CPA6,0.031043889135178193,12,0.75
CPAMD8,0.016143007557556318,7,0.5714285714285714
CPB1,-0.01983201352474928,1,0.0
CPB2,0.03439330567132576,2,1.0
CPD,0.039505137117135956,10,0.9
CPE,0.01706165021813036,11,0.6363636363636364
CPEB1,0.024833726991221522,19,0.9473684210526315
CPEB2,0.012582282938888707,14,0.5
CPEB3,0.028686378165264502,20,0.8
CPEB4,0.02758457806970462,17,0.8823529411764706
CPLX1,0.03337240073356682,6,0.8333333333333334
CPLX2,0.029948143812596115,44,0.7272727272727273
CPLX3,0.031140902762007046,8,0.875
CPLX4,0.02863546897407752,3,0.3333333333333333
CPM,0.024103305942238404,15,0.7333333333333333
CPN1,0.03235622465916688,8,0.5
CPN2,0.04965108953557848,9,0.7777777777777778
CPNE1,0.00880447579654825,17,0.6470588235294118
CPNE2,0.025475206897060444,12,0.8333333333333334
CPNE3,0.009913116658978302,10,0.5
CPNE4,0.03580827562002385,16,0.75
CPNE5,-0.005602392915967837,8,0.75
CPNE6,0.039973245503958164,6,0.8333333333333334
CPNE7,0.019842133802511493,8,0.75
CPNE8,0.014905024364958852,11,0.8181818181818182
CPNE9,0.022774290303172375,7,0.8571428571428571
CPO,0.038502825997776075,4,0.75
CPOX,0.01587923298770794,13,0.6923076923076923
CPPED1,0.013142498753419348,6,0.6666666666666666
CPS1,0.017953920048444115,15,0.6666666666666666
CPSF1,0.010187187767359282,6,0.6666666666666666
CPSF2,0.01696337615930789,13,0.6923076923076923
CPSF3,0.019107266391453995,9,0.7777777777777778
CPSF3L,0.02394987636420358,4,1.0
CPSF4,0.008917644178322972,12,0.6666666666666666
CPSF4L,-0.059729248431880266,7,0.8571428571428571
CPSF6,0.03284875643384687,8,0.75
CPSF7,0.014981093193603644,10,0.7
CPT1A,0.02530232441820537,29,0.9655172413793104
CPT1B,0.0088497674839838,17,0.6470588235294118
CPT1C,0.025363007832275877,11,0.9090909090909091
CPT2,0.015807217433522813,9,0.8888888888888888
CPVL,0.03992176060781262,13,1.0
CPXCR1,0.035904875881571686,6,0.8333333333333334
CPXM1,0.02070516704825331,12,0.6666666666666666
CPXM2,0.03089014684435653,13,0.8461538461538461
CPZ,0.014560058113300682,18,0.6111111111111112
CR1,0.04251127282813037,8,1.0
CR1L,0.029235848881061677,9,0.7777777777777778
CR2,0.04328880038028063,9,0.7777777777777778
CRABP1,0.03163092145745183,21,0.8571428571428571
CRABP2,0.005254262467223697,12,0.5833333333333334
CRADD,0.030389182269508645,10,0.9
CRAMP1L,0.013625666523038519,14,0.7857142857142857
CRAT,0.016734460454404347,4,0.5
CRB1,0.050025626511917456,2,1.0
CRB2,0.043723365968322464,1,1.0
CRB3,0.0206099340434636,12,0.8333333333333334
CRBN,0.014479349804563472,11,0.7272727272727273
CRCP,0.011852411185200544,7,0.42857142857142855
CRCT1,0.03649402866203713,6,1.0
CREB1,0.013815457152052723,14,0.5714285714285714
CREB3,0.018586067014467127,7,0.7142857142857143
CREB3L1,0.03428669274938369,8,0.75
CREB3L2,0.02495228944119335,11,0.9090909090909091
CREB3L3,0.04485304647266302,7,1.0
CREB3L4,0.009849531461779476,12,0.8333333333333334
CREB5,0.03007988006500784,58,0.8275862068965517
CREBBP,0.014579851423106235,6,0.6666666666666666
CREBL2,0.018792118200229208,11,0.45454545454545453
CREBZF,0.02779311929589444,12,0.8333333333333334
CREG1,0.0279129662343449,9,1.0
CREG2,0.019337823975864407,6,0.6666666666666666
CRELD1,0.022238412682556188,15,0.6666666666666666
CRELD2,0.021177362584498673,13,0.7692307692307693
CREM,0.01924121672768165,42,0.6666666666666666
CRH,0.031903100576076523,10,0.8
CRHBP,0.03119867851843251,6,0.8333333333333334
CRHR1,0.02484801791702516,6,0.8333333333333334
CRHR2,0.018447448765384445,11,0.8181818181818182
CRIM1,0.02330474269200905,9,0.7777777777777778
CRIP1,0.02032341837371549,7,0.5714285714285714
CRIP2,0.0081479108415034,8,0.625
CRIP3,0.01502246996890389,8,0.625
CRIPAK,0.013739675993998458,9,0.8888888888888888
CRIPT,0.02619297918841501,9,1.0
CRISP1,0.04502613618409248,4,0.75
CRISP2,0.01808258922722175,9,0.6666666666666666
CRISP3,0.06490033440322462,3,1.0
CRISPLD1,0.010189881550678149,10,0.6
CRISPLD2,0.03165873657059261,22,0.8636363636363636
CRK,0.007872220370899146,6,0.5
CRKL,0.01839049348933278,9,0.7777777777777778
CRLF1,0.013825646191732049,9,0.6666666666666666
CRLF3,0.03334127045271671,5,0.6
CRLS1,0.01750047387544469,17,0.7647058823529411
CRMP1,0.016128913654634536,16,0.8125
CRNKL1,0.027897173890429228,6,0.6666666666666666
CRNN,0.04554372512782057,2,1.0
CROCC,0.03331060643546147,9,1.0
CROCCL1,0.021538356279274213,7,0.8571428571428571
CROCCL2,0.03677587213069062,3,0.6666666666666666
CROT,0.013382479108765076,18,0.4444444444444444
CRP,0.0553144598720686,5,1.0
CRTAC1,0.014076822555485924,8,0.875
CRTAM,0.030671205562702697,1,1.0
CRTAP,0.01923082761079857,12,0.75
CRTC1,0.005482723392289164,8,0.375
CRTC2,0.040694923972527684,10,0.9
CRTC3,0.017063020290473397,5,0.4
CRX,0.029942526553898032,4,1.0
CRY1,0.011391519862168934,10,0.8
CRY2,0.017219485882610637,14,0.7857142857142857
CRYAA,0.033148107776147295,11,0.8181818181818182
CRYAB,0.01088110842799043,10,0.6
CRYBA1,0.04194497674113389,3,1.0
CRYBA2,0.009768546289919472,12,0.5833333333333334
CRYBA4,0.039839756943479444,7,1.0
CRYBB1,0.03322264294321504,7,1.0
CRYBB2,0.03177758877680115,10,0.7
CRYBB3,0.02717815665626483,10,0.9
CRYBG3,0.007700223048028282,6,0.3333333333333333
CRYGA,0.043271180983243084,5,1.0
CRYGB,0.04773935539882258,7,1.0
CRYGC,0.042128309902406874,6,1.0
CRYGD,0.04997127888058339,9,0.7777777777777778
CRYGN,0.02331769027614346,7,0.7142857142857143
CRYGS,-0.03462525780117026,1,1.0
CRYL1,0.019667296418818963,5,1.0
CRYM,0.019606842753720478,25,0.64
CRYZ,0.026946707384063767,14,0.9285714285714286
CRYZL1,0.017284031894763314,19,0.5789473684210527
CS,0.019479669211124886,11,1.0
CSAD,0.009386251581348728,14,0.7142857142857143
CSAG1,0.04056293918653956,9,1.0
CSDA,0.0193083056440289,9,0.6666666666666666
CSDAP1,0.008609512786442057,6,0.3333333333333333
CSDC2,-0.055815516881697363,6,0.6666666666666666
CSDE1,0.013171628403810214,12,0.75
CSE1L,0.017562654731855566,14,0.7142857142857143
CSF1,0.05796736129012264,7,1.0
CSF1R,-0.0029866984320438424,11,0.8181818181818182
CSF2,0.03266717646509767,9,0.8888888888888888
CSF2RB,0.04246038188110573,7,1.0
CSF3,0.029777788686060302,6,1.0
CSF3R,0.04928280898325494,9,1.0
CSGALNACT1,0.006253271422023992,39,0.7435897435897436
CSGALNACT2,0.018641226806213017,17,0.7058823529411765
CSH1,0.03682482696675186,3,1.0
CSH2,0.044814369539217525,3,1.0
CSHL1,0.040542904720223746,8,0.875
CSK,0.01602959600672403,13,0.9230769230769231
CSMD1,0.02979574061389162,7,0.8571428571428571
CSMD2,0.020316694285978005,9,0.6666666666666666
CSMD3,0.023206732488456717,21,0.47619047619047616
CSN1S1,0.051012308506443726,1,1.0
CSN1S2B,0.053665409611448056,2,0.5
CSN2,0.08970735128343546,1,1.0
CSN3,0.031861559539038464,1,1.0
CSNK1A1,0.012785185598624049,10,0.7
CSNK1A1L,0.023708361004632268,10,0.8
CSNK1A1P,0.027880302292541563,7,0.7142857142857143
CSNK1D,0.018899268812801098,11,1.0
CSNK1E,0.00813447233191129,22,0.8181818181818182
CSNK1G1,0.02676770185762042,15,0.8
CSNK1G2,0.026076606902918565,42,0.8333333333333334
CSNK1G3,0.016802440957124895,13,0.46153846153846156
CSNK2A1,0.02212689726279706,13,0.8461538461538461
CSNK2A1P,0.04046502279921473,3,1.0
CSNK2A2,0.007451420435143382,5,0.6
CSNK2B,0.018086951163618147,57,0.7894736842105263
CSPG4,0.0233238835844899,10,0.7
CSPG5,0.016630127549773756,12,0.6666666666666666
CSPP1,0.02100024859871506,9,0.7777777777777778
CSRNP1,0.0028089940431849274,13,0.9230769230769231
CSRNP2,0.01757476428714714,14,0.5714285714285714
CSRNP3,0.03818761228952216,3,1.0
CSRP1,0.017190646379585527,16,0.875
CSRP2,0.016714807512634332,13,0.7692307692307693
CSRP2BP,0.01364189332604579,10,0.4
CSRP3,0.035852072937758266,7,1.0
CST1,0.03806431354148045,3,1.0
CST11,0.055174223736927284,6,1.0
CST2,0.039751118902550515,4,1.0
CST3,0.029221591404590117,6,1.0
CST4,0.055425128507385915,4,1.0
CST5,0.048901692501842196,3,1.0
CST6,0.018642453972823412,11,0.8181818181818182
CST7,0.015719217094652536,7,0.42857142857142855
CST8,0.05315414015033536,8,1.0
CST9,0.03208709134739531,6,1.0
CST9L,0.03765226959150237,10,0.9
CSTA,0.05463720732945325,4,1.0
CSTB,-0.00010225785740878914,5,0.2
CSTF1,0.022683427580587844,18,0.8333333333333334
CSTF2,0.04342571923133903,9,0.7777777777777778
CSTF2T,0.02502765568379111,14,0.42857142857142855
CSTF3,0.022572509581313575,10,0.7
CSTL1,0.04038801285923365,7,1.0
CSTT,0.05579975233798893,5,1.0
CT45A1,0.033258083667648555,6,1.0
CT45A6,0.05268784937092639,6,1.0
CT47A1,0.06609050796552379,1,1.0
CT47A6,0.06609050796552379,1,1.0
CT47B1,0.03165736225011728,1,1.0
CT62,0.030060631432471188,12,0.8333333333333334
CTAG2,0.00867638116084558,5,0.4
CTAGE1,0.030489663945361494,12,0.6666666666666666
CTAGE5,0.0057709456267225285,13,0.6923076923076923
CTAGE6,0.06285108673133372,1,1.0
CTAGE9,0.051627347078948976,2,1.0
CTBP1,0.010163275903591696,27,0.6666666666666666
CTBP2,0.011845252836327628,67,0.7014925373134329
CTBS,0.01854097714963124,14,0.9285714285714286
CTCF,0.017588959595862017,14,0.8571428571428571
CTCFL,0.024945066106930612,4,0.75
CTDP1,0.014951799047692508,8,0.75
CTDSP1,0.01981964533814813,12,0.6666666666666666
CTDSP2,0.012886024924322604,10,0.7
CTDSPL,0.025778913530335987,7,0.5714285714285714
CTDSPL2,0.028832884754063298,13,0.6923076923076923
CTF1,0.028036031642139747,5,0.8
CTGF,0.011179027791312088,8,0.75
CTH,0.013825703475955268,11,0.5454545454545454
CTHRC1,0.01386444546670157,11,0.6363636363636364
CTLA4,0.04103765227298555,5,0.8
CTNNA1,0.027596872181682452,11,0.8181818181818182
CTNNA2,0.03138269346496136,16,0.5625
CTNNA3,0.04146542002625819,8,0.75
CTNNAL1,0.019310541172449104,5,0.6
CTNNB1,0.0057425872999153135,15,0.4
CTNNBIP1,0.013547930764120239,23,0.8260869565217391
CTNNBL1,0.008530293767663935,9,0.7777777777777778
CTNND1,0.017882164862515818,10,0.8
CTNND2,0.0216120329083841,9,0.5555555555555556
CTNS,0.01744110480521304,16,0.75
CTPS,0.021074662928147338,16,0.9375
CTPS2,0.02535431895861304,22,0.8181818181818182
CTR9,0.018303993408847755,10,0.6
CTRB1,0.03135144199798813,5,1.0
CTRB2,0.029287009760315,7,1.0
CTRC,0.01830682591935684,6,1.0
CTRL,0.04337778602790885,6,1.0
CTSA,0.006920771364010947,16,0.75
CTSB,0.016022533270000233,15,0.8666666666666667
CTSC,0.02016821447641306,10,0.8
CTSD,0.0284266966479305,13,0.6923076923076923
CTSE,0.039106369160702016,6,0.8333333333333334
CTSF,0.013909276613128262,9,0.6666666666666666
CTSG,0.048205055083992074,4,1.0
CTSH,0.009646852799758392,4,0.75
CTSK,0.017349365761935444,7,0.8571428571428571
CTSL1,0.0187324279732612,7,0.7142857142857143
CTSL2,0.031154301677894725,6,0.8333333333333334
CTSL3,0.039410983995881776,2,1.0
CTSO,0.023226990997378093,8,0.875
CTSS,0.04907241006940671,3,0.6666666666666666
CTSW,0.010760114183847508,6,0.8333333333333334
CTSZ,0.02524600494791951,27,0.7777777777777778
CTTN,0.008573901250746514,11,0.7272727272727273
CTTNBP2,0.04085420104779667,5,0.8
CTTNBP2NL,0.0213446421456762,12,0.6666666666666666
CTU1,0.019622847402137045,16,0.875
CTU2,0.01816691294106395,6,1.0
CTXN1,0.017648520034939767,10,0.8
CTXN2,0.03629698393862523,7,0.7142857142857143
CTXN3,0.019220696365696056,10,0.7
CUBN,0.026200168167514616,4,0.75
CUEDC1,0.024058427964111232,11,0.9090909090909091
CUEDC2,0.023055094254345005,13,0.9230769230769231
CUGBP1,0.02575639802452406,21,0.8571428571428571
CUGBP2,0.029179682222184974,31,0.8387096774193549
CUL1,0.022485160007025624,13,0.7692307692307693
CUL2,0.010153542262583916,11,0.45454545454545453
CUL3,0.014416076613913496,6,0.6666666666666666
CUL4A,0.00772490501264254,23,0.7391304347826086
CUL4B,0.038340704910547356,14,0.8571428571428571
CUL5,0.022716082818878727,9,0.7777777777777778
CUL7,0.03261123215626007,9,0.6666666666666666
CUL9,0.019748301743317327,5,0.4
CUTA,0.016011785411800872,57,0.7543859649122807
CUTC,0.020352222827064656,9,0.7777777777777778
CUX1,0.024257433927581805,11,1.0
CUX2,0.017906023213069916,7,0.7142857142857143
CUZD1,0.029927038838226304,5,1.0
CWC15,0.022862056906967902,14,0.7142857142857143
CWC22,0.021068641397318153,12,0.6666666666666666
CWF19L1,0.022639529224139882,11,0.6363636363636364
CWF19L2,0.03228043588417191,10,0.7
CWH43,0.014564817148338884,9,0.6666666666666666
CX3CL1,0.029048559055144002,7,0.8571428571428571
CX3CR1,0.04450614607082151,15,1.0
CXADR,0.008820930305100482,9,0.5555555555555556
CXADRP2,-0.018962692537871417,1,0.0
CXADRP3,0.008679312807170658,1,0.0
CXCL1,0.02433081011620112,10,0.8
CXCL10,0.0356210107639316,4,0.75
CXCL11,0.035419083404122496,3,0.6666666666666666
CXCL12,0.015548112794098597,11,0.6363636363636364
CXCL13,0.0265858175645918,7,0.7142857142857143
CXCL14,0.03237859299993539,9,0.7777777777777778
CXCL16,0.01542014858789168,10,0.8
CXCL17,0.04481861494981434,6,1.0
CXCL2,0.018564133619074198,12,0.75
CXCL3,0.017855836477485936,10,0.7
CXCL5,0.014832612814158035,8,0.5
CXCL6,0.02149514305596712,4,0.5
CXCR1,0.04375646054011021,12,0.8333333333333334
CXCR2,0.042338646300650255,11,0.9090909090909091
CXCR3,0.011242114168116879,6,0.8333333333333334
CXCR4,0.022173025856980666,23,0.8695652173913043
CXCR5,0.018695556581956842,22,0.7272727272727273
CXCR6,0.020108804129491276,6,1.0
CXCR7,0.028022661910572597,13,0.7692307692307693
CXXC1,0.02248483616511983,9,0.6666666666666666
CXXC4,0.01832367339564969,11,0.5454545454545454
CXXC5,-0.026071388626726068,42,0.8095238095238095
CXorf1,0.03873820098845246,1,1.0
CXorf15,0.0231194660451237,9,0.7777777777777778
CXorf21,0.04794973588545928,3,1.0
CXorf22,0.04078176746797628,10,1.0
CXorf23,0.037947241904069416,4,1.0
CXorf26,0.03655715486552529,7,0.8571428571428571
CXorf27,0.0476943483075313,3,1.0
CXorf30,0.05960856948942639,2,1.0
CXorf36,0.04027479904584806,7,1.0
CXorf38,0.0364280875894243,10,0.8
CXorf39,0.018042996466342602,9,0.6666666666666666
CXorf40A,0.03867681690926366,7,0.8571428571428571
CXorf40B,0.012451281103557511,16,0.375
CXorf41,0.03182817717980603,13,0.6923076923076923
CXorf42,0.03760533482266514,7,1.0
CXorf48,0.0409758782518692,7,0.7142857142857143
CXorf56,0.05296666292021592,9,1.0
CXorf57,0.024006079775005917,10,0.9
CXorf58,0.024152886240721684,16,0.75
CXorf59,0.05018053759849389,1,1.0
CXorf61,0.029171186053707544,10,0.9
CXorf64,0.048063617812142634,2,1.0
CXorf65,0.04919094706065431,4,1.0
CXorf67,0.036507717332529145,10,0.9
CYB561,0.02401148844936911,21,0.9047619047619048
CYB561D1,0.02454969847795234,9,0.7777777777777778
CYB561D2,0.023006726290982802,17,0.9411764705882353
CYB5A,0.01798453988944506,11,0.5454545454545454
CYB5B,0.02692667042629906,11,0.9090909090909091
CYB5D1,0.016283045795013367,14,0.8571428571428571
CYB5D2,0.012754823360164503,14,0.7142857142857143
CYB5R1,0.02198220929548482,9,0.8888888888888888
CYB5R2,0.023305603851655938,12,0.6666666666666666
CYB5R3,0.02213523619710287,17,0.9411764705882353
CYB5R4,0.023762742404954264,11,0.7272727272727273
CYB5RL,0.018912834585871955,18,0.9444444444444444
CYBA,0.007791104447253325,14,0.7142857142857143
CYBASC3,0.019347645915578398,21,0.7619047619047619
CYBRD1,0.026466449730752822,6,0.8333333333333334
CYC1,0.005862417682926451,8,0.5
CYCS,0.019521942330894684,10,0.8
CYCSP52,0.01634247553901154,4,0.75
CYFIP1,-0.0035022776079116414,45,0.8222222222222222
CYFIP2,0.0028073701279973627,23,0.7391304347826086
CYGB,0.023299522994638937,13,0.8461538461538461
CYHR1,0.02192201692478203,11,0.7272727272727273
CYLD,0.018151688670131814,15,0.6666666666666666
CYMP,0.039106163959506786,6,0.8333333333333334
CYP11A1,0.02185499176875932,19,0.8947368421052632
CYP11B1,0.03042890964970348,5,1.0
CYP11B2,0.043387590214348126,6,1.0
CYP17A1,0.043436871989433044,6,1.0
CYP19A1,-0.007017426624424082,14,0.8571428571428571
CYP1A1,0.017518500440374146,31,0.7741935483870968
CYP1A2,0.031018624493171526,4,1.0
CYP1B1,0.0190096767399704,28,0.75
CYP20A1,0.01908590392620303,9,0.7777777777777778
CYP21A2,0.05067672013074265,10,1.0
CYP24A1,0.01588886339855136,10,0.6
CYP26A1,0.01482709876128509,17,0.6470588235294118
CYP26B1,0.018168405888333284,9,0.8888888888888888
CYP26C1,0.03520695705225941,12,0.75
CYP27A1,0.014899572951753341,7,0.5714285714285714
CYP27B1,0.03622492634873008,4,1.0
CYP27C1,0.025949370583530744,8,0.75
CYP2A13,0.0440570563771982,3,1.0
CYP2A7,0.0347933201921704,3,1.0
CYP2B6,0.047254579608433045,4,1.0
CYP2B7P1,0.041937768032261624,2,0.5
CYP2C18,0.06447302294599588,7,1.0
CYP2C19,0.05043879005262996,3,0.6666666666666666
CYP2C8,0.0026520085831141516,2,0.0
CYP2C9,0.05541971745344679,2,1.0
CYP2D6,0.05096429934078476,6,1.0
CYP2D7P1,0.03148365202383652,3,1.0
CYP2E1,0.05187966413468655,9,1.0
CYP2F1,0.058105572256461936,6,1.0
CYP2J2,0.018283853637336898,7,0.8571428571428571
CYP2R1,0.01782692641871764,9,0.7777777777777778
CYP2S1,0.015350112080088364,11,0.7272727272727273
CYP2U1,0.013110843912836144,11,0.7272727272727273
CYP2W1,0.0405787966998763,11,0.8181818181818182
CYP39A1,0.023666599243721848,13,0.8461538461538461
CYP3A4,0.023078654244466437,4,1.0
CYP3A43,0.024235835315143006,4,0.75
CYP3A5,0.04692938208316351,2,1.0
CYP3A7,0.033140589938307374,3,1.0
CYP46A1,0.007354300216164377,12,0.5
CYP4A11,0.03333077600009349,3,1.0
CYP4A22,0.041452456050481645,2,1.0
CYP4B1,0.056244804231453324,4,1.0
CYP4F11,0.03877229417095291,7,1.0
CYP4F12,0.04306962470754495,6,1.0
CYP4F2,0.05315860786208153,2,1.0
CYP4F22,0.031142452280664264,9,0.7777777777777778
CYP4F3,0.02600558576484784,5,0.8
CYP4F8,0.04911432041478092,5,1.0
CYP4V2,0.019318022642365176,11,0.6363636363636364
CYP4X1,0.01664030237906622,9,0.8888888888888888
CYP4Z2P,0.030547935404360127,2,1.0
CYP51A1,0.023350938796443406,23,0.8260869565217391
CYP7A1,0.04068500971713092,2,0.5
CYP7B1,0.015698658420525192,12,0.6666666666666666
CYP8B1,0.04554984762208159,7,1.0
CYR61,-0.004231937174895118,11,0.6363636363636364
CYS1,0.013243646893058373,9,0.7777777777777778
CYSLTR1,0.059894886346642,3,1.0
CYSLTR2,0.029682064965493814,5,0.8
CYTH1,0.009827720088252738,7,0.5714285714285714
CYTH2,0.013699585207072401,11,0.7272727272727273
CYTH3,0.026390227596887503,6,0.8333333333333334
CYTH4,0.015054991814982361,6,0.6666666666666666
CYTIP,0.016295640065384615,4,0.5
CYTL1,0.0058049810399934225,11,0.45454545454545453
CYTSA,0.022878745328384662,8,0.625
CYTSB,0.017903771657562424,19,0.631578947368421
CYYR1,0.031344717333738954,3,0.6666666666666666
CYorf15A,0.03643193844095565,11,0.9090909090909091
D2HGDH,0.012527419725339398,7,0.5714285714285714
D4S234E,0.02475701734294153,12,1.0
DAAM1,0.028138509235874073,22,0.9090909090909091
DAAM2,0.0014978378509178565,24,0.7916666666666666
DAB1,0.03612937695969698,83,0.8674698795180723
DAB2,0.022639060830151922,18,0.7222222222222222
DAB2IP,0.024173536278365458,9,0.8888888888888888
DACH1,0.02774385193530237,9,0.4444444444444444
DACH2,0.025198369779686362,14,0.5714285714285714
DACT1,0.021208606681347573,7,0.8571428571428571
DACT2,0.0302764360391519,8,0.875
DACT3,0.010341038101097384,11,0.8181818181818182
DAD1,0.020125429219543824,10,0.8
DAD1L,0.027597130819785765,3,1.0
DAG1,0.02682723826779571,11,0.8181818181818182
DAGLA,0.005985224661058757,20,0.7
DAGLB,0.012927223075858217,9,0.4444444444444444
DAK,-0.010668866442425375,15,0.5333333333333333
DALRD3,0.023471309457588525,31,0.8387096774193549
DAND5,0.021244646104085302,6,0.6666666666666666
DAO,0.020425775631870275,6,0.6666666666666666
DAOA,0.042252141447569135,5,0.8
DAP,0.015759773528457068,5,0.6
DAP3,0.012910739958050779,16,0.75
DAPK1,0.019937797583738773,9,0.8888888888888888
DAPK2,0.03950202148321353,6,1.0
DAPK3,0.015380741316600246,9,0.5555555555555556
DAPL1,0.030689714477192726,4,1.0
DAPP1,0.033175582223063424,6,0.8333333333333334
DARC,0.04368477071633381,10,0.9
DARS,0.01803540163658215,6,0.8333333333333334
DARS2,0.018206412009411133,19,0.7368421052631579
DAXX,0.01984009158381705,53,0.7169811320754716
DAZAP1,0.0133499714530786,7,0.7142857142857143
DAZAP2,0.021813847997823616,11,0.9090909090909091
DAZL,0.0052099188851744875,9,0.3333333333333333
DBC1,0.04031524655654265,9,0.8888888888888888
DBF4,0.010325783594048314,17,0.6470588235294118
DBF4B,0.023295463426626868,9,0.8888888888888888
DBH,0.017852637493095503,5,1.0
DBI,0.015269212891996698,19,0.631578947368421
DBN1,0.015821666783646736,13,0.6153846153846154
DBNDD1,-0.0357147469836273,9,0.5555555555555556
DBNDD2,0.015599028420619481,19,0.7368421052631579
DBNL,0.016197100273075558,8,0.625
DBP,0.012713307033676898,15,0.7333333333333333
DBR1,0.022512562771396006,9,0.7777777777777778
DBT,0.024515881980466104,5,0.8
DBX1,0.027062561060704992,15,0.8
DBX2,0.03207399741330299,13,0.6153846153846154
DCAF10,0.01353772095032631,5,0.8
DCAF11,0.015870168329327528,18,0.8888888888888888
DCAF12,0.01701120840328992,6,0.8333333333333334
DCAF12L1,0.020314418797592652,13,0.7692307692307693
DCAF12L2,0.03108148951451357,12,0.8333333333333334
DCAF13,0.02009008385544461,13,0.5384615384615384
DCAF15,0.009251307207437338,9,0.5555555555555556
DCAF16,0.019330368313867044,15,0.5333333333333333
DCAF17,0.018153971997298606,9,0.8888888888888888
DCAF4,0.02146099665716386,20,0.85
DCAF4L1,0.02738673594579442,9,0.6666666666666666
DCAF4L2,0.018680516210769833,15,0.6666666666666666
DCAF5,0.017670532798073263,9,0.5555555555555556
DCAF6,0.026832978987582384,12,0.9166666666666666
DCAF7,0.012674318474477354,11,0.9090909090909091
DCAF8,0.01856388225334371,16,0.8125
DCAF8L1,0.03710875317059962,8,1.0
DCAF8L2,0.040523046110484434,6,0.8333333333333334
DCAKD,0.019997669484750943,29,0.8275862068965517
DCBLD1,0.040613768885337916,8,0.875
DCBLD2,0.009433868225642916,11,0.6363636363636364
DCC,0.036520246673351756,22,0.8181818181818182
DCD,0.05190300740008504,4,1.0
DCDC1,0.028056239351562106,16,0.75
DCDC2,0.04052152586560446,12,0.9166666666666666
DCDC2B,0.044116973159050575,5,1.0
DCHS1,0.03775123960145489,9,0.7777777777777778
DCHS2,0.038075568167147474,16,0.9375
DCI,0.024387518573453133,5,1.0
DCK,0.01786401335069718,8,0.5
DCLK1,0.022344468388529274,12,0.75
DCLK2,0.007081402848948009,11,0.45454545454545453
DCLK3,0.04425518715193848,4,1.0
DCLRE1A,0.0265450483567103,18,0.5555555555555556
DCLRE1B,0.01617104583486618,11,0.6363636363636364
DCLRE1C,0.014590496408360715,18,0.7777777777777778
DCN,0.044760742533993585,9,0.5555555555555556
DCP1A,0.01723265964218525,7,0.8571428571428571
DCP1B,0.011078284578300623,11,0.5454545454545454
DCP2,0.023694087279675327,8,0.75
DCPS,0.021232099641283267,13,0.7692307692307693
DCST1,0.047869246554882325,8,1.0
DCST2,0.05359370278274756,9,0.8888888888888888
DCT,-0.01742049558344627,4,0.5
DCTD,0.015696721610284316,11,0.8181818181818182
DCTN1,0.02186014661143165,12,0.8333333333333334
DCTN2,0.027567553649390297,10,0.8
DCTN3,0.014188246043389747,3,0.6666666666666666
DCTN4,0.03248050171132101,14,1.0
DCTN5,0.014339846330479562,14,0.7857142857142857
DCTN6,0.023926143809566393,7,0.5714285714285714
DCTPP1,0.013673669656229107,8,0.875
DCUN1D1,0.024234436615526572,5,0.8
DCUN1D2,0.012427009668640816,7,0.8571428571428571
DCUN1D3,-0.01568646310939413,17,0.8235294117647058
DCUN1D4,0.01510137248520878,11,0.9090909090909091
DCUN1D5,0.020413881417396303,14,0.8571428571428571
DCX,0.02583582621479606,5,0.4
DCXR,0.018560974270511097,9,0.8888888888888888
DDA1,0.018991035065005355,10,0.8
DDAH1,-0.004071451112657156,48,0.7708333333333334
DDAH2,0.015647322923782608,44,0.7045454545454546
DDB1,-0.012850796164373622,13,0.6153846153846154
DDB2,0.0270688861324172,8,1.0
DDC,0.028577930160439455,26,0.8076923076923077
DDHD1,0.018810355341637185,12,0.75
DDHD2,0.01850479014584215,22,0.6818181818181818
DDI1,0.03629691667458215,10,1.0
DDI2,0.02497763257236346,7,1.0
DDIT3,0.018597177227387938,15,0.8
DDIT4,0.008505455104571548,15,0.9333333333333333
DDIT4L,0.027341809380217158,10,0.9
DDN,0.011715737738901773,10,0.5
DDO,0.037447148475213604,6,0.8333333333333334
DDOST,0.0230751909101874,10,0.9
DDR1,-0.0027006484671859552,58,0.8103448275862069
DDR2,0.05257032554903573,14,1.0
DDRGK1,0.024444813198788364,11,0.9090909090909091
DDT,0.03343480921579822,1,1.0
DDX1,0.021952996568839204,8,0.75
DDX10,0.025360192126674935,9,0.7777777777777778
DDX11,0.026970188104966774,12,0.8333333333333334
DDX12,0.025635897874007586,16,0.8125
DDX17,0.009562710864447618,14,0.5
DDX18,0.01803266930116062,9,0.8888888888888888
DDX19A,0.01652880372730991,7,0.5714285714285714
DDX19B,0.015599627336710118,6,0.6666666666666666
DDX20,0.0191596937734357,14,0.9285714285714286
DDX21,0.0181909424618465,10,0.9
DDX23,0.01968126368393909,13,1.0
DDX24,0.01833466842350371,20,0.75
DDX25,0.01645117752402037,12,0.6666666666666666
DDX26B,0.026145093024415155,10,0.7
DDX27,0.007092791190377925,10,0.8
DDX28,0.005835096807266196,17,0.5882352941176471
DDX31,0.02507046776594372,6,0.8333333333333334
DDX39,0.018910776634084043,14,0.7142857142857143
DDX3X,0.01822965044139315,11,0.6363636363636364
DDX3Y,0.02901544497891459,10,0.6
DDX4,0.020184811668898073,15,0.5333333333333333
DDX41,0.008242294306916547,11,0.6363636363636364
DDX42,0.016676593764322095,16,0.75
DDX43,0.019447336077810105,11,0.5454545454545454
DDX46,0.01505498339617991,11,0.8181818181818182
DDX47,0.028354819546937065,8,0.875
DDX49,0.016782440857522264,14,0.7142857142857143
DDX5,0.024373094066548043,11,0.7272727272727273
DDX50,0.018958353992401207,13,0.7692307692307693
DDX51,0.008281941613379161,9,0.3333333333333333
DDX52,0.023009193336886943,12,0.9166666666666666
DDX53,0.03937529261348662,12,0.8333333333333334
DDX54,0.015218951014325724,10,0.6
DDX55,0.004374654079479442,12,0.6666666666666666
DDX56,0.021755237302932294,9,0.7777777777777778
DDX58,0.03622844300120739,3,1.0
DDX59,0.009740233172601446,12,0.5
DDX6,0.020875395841569246,13,0.6153846153846154
DDX60,0.026322861416492222,12,0.75
DDX60L,0.022162351844332857,13,0.6153846153846154
DEAF1,0.008569184335505858,13,0.46153846153846156
DEC1,-0.039102573861364016,7,0.5714285714285714
DECR1,0.019962305236301228,10,0.7
DECR2,0.01347475992178011,11,0.7272727272727273
DEDD,0.02398663492452776,10,0.9
DEDD2,0.015597226369136177,12,0.75
DEF6,0.03018183161597496,12,0.75
DEF8,0.033329958910238676,15,0.8666666666666667
DEFA1,0.044462055369064425,6,1.0
DEFA10P,0.03939283540289667,3,1.0
DEFA1B,0.044462055369064425,6,1.0
DEFA3,0.04672175829820223,4,1.0
DEFA4,0.04767811320641501,6,1.0
DEFA5,0.054642778428897365,4,0.75
DEFA6,0.04628376124550371,4,1.0
DEFB1,0.03784622482806519,5,0.6
DEFB104A,0.05645849040190366,4,1.0
DEFB104B,0.05645849040190366,4,1.0
DEFB105A,0.06833966999895891,2,1.0
DEFB105B,0.06833966999895891,2,1.0
DEFB106A,0.06833966999895891,2,1.0
DEFB106B,0.06833966999895891,2,1.0
DEFB108B,0.02612015672432022,2,1.0
DEFB112,0.03034163348440383,1,1.0
DEFB113,0.04461137799023207,1,0.0
DEFB115,0.035730470139795675,5,0.8
DEFB116,0.03847272428054738,3,1.0
DEFB118,0.05158991093813467,4,1.0
DEFB119,0.05226585640389593,2,1.0
DEFB121,0.03228370874107903,5,0.8
DEFB122,0.035130140443334734,3,1.0
DEFB123,0.02332959991540689,8,0.875
DEFB124,0.031078974332815368,7,1.0
DEFB125,0.04421194832003484,4,1.0
DEFB126,0.07171409877349032,1,1.0
DEFB127,0.04805154581796303,2,1.0
DEFB128,0.03376824632138178,5,0.8
DEFB129,0.06879972451450603,5,1.0
DEFB131,0.06226887653728604,3,0.6666666666666666
DEFB132,0.031132217215331527,4,0.75
DEFB133,0.03832616007679801,5,0.6
DEFB134,0.053312009139131256,2,1.0
DEFB135,0.02370585225264933,6,0.6666666666666666
DEFB136,0.0262443204198413,5,0.8
DEFB4,0.02340616309274296,1,1.0
DEGS1,0.016991575467582027,7,0.5714285714285714
DEGS2,0.013896641528003024,9,0.4444444444444444
DEK,0.011928274453749776,8,0.625
DEM1,0.01571791968848564,10,0.6
DENND1A,-0.06745362856455775,4,0.75
DENND1B,0.024006689252057522,9,0.7777777777777778
DENND1C,0.034867555151632486,9,0.7777777777777778
DENND2A,0.024853991435227915,4,0.75
DENND2C,0.01718952145692853,17,0.7647058823529411
DENND2D,0.04741530995446461,9,0.8888888888888888
DENND3,0.01644786724536949,18,0.8333333333333334
DENND4A,0.02074618310053131,15,0.7333333333333333
DENND4B,0.017790636932232044,12,0.9166666666666666
DENND5A,0.016530283327230694,9,0.5555555555555556
DENND5B,0.019789224298466086,7,0.5714285714285714
DENR,0.01582404945136646,10,0.6
DEPDC1,0.012177968827349244,7,0.5714285714285714
DEPDC1B,0.014899146613795109,10,0.9
DEPDC4,0.017207035689392563,15,0.7333333333333333
DEPDC5,0.021697678337173978,13,0.8461538461538461
DEPDC6,0.043797947735249934,8,1.0
DEPDC7,0.016392842860119744,9,0.5555555555555556
DERA,0.009306971304356997,8,0.625
DERL1,0.027122100288112214,12,1.0
DERL2,0.01853195583192401,14,0.6428571428571429
DERL3,0.013345173337608814,8,0.75
DES,-0.000914392396603123,12,0.5
DET1,0.021390777029776487,9,0.8888888888888888
DEXI,0.021750972871028725,10,0.8
DFFA,0.02687624674581076,11,0.7272727272727273
DFFB,0.015371226354205028,14,0.9285714285714286
DFNA5,0.02119753412446468,24,0.7916666666666666
DFNB31,0.025965351269719952,18,0.9444444444444444
DFNB59,0.016396898708330544,19,0.7368421052631579
DGAT1,0.01596729403498678,9,0.6666666666666666
DGAT2,0.009707162324858833,8,0.75
DGAT2L6,0.039688771485403194,7,0.7142857142857143
DGCR10,0.01880954603065387,4,0.75
DGCR11,0.02720698365368827,6,1.0
DGCR14,0.02290966124505332,9,1.0
DGCR2,0.014367506450154765,8,0.75
DGCR5,0.006274672282882998,9,0.5555555555555556
DGCR6,0.017609495323525133,22,0.6818181818181818
DGCR6L,0.006004531339379587,9,0.4444444444444444
DGCR8,0.017545137251917156,12,0.6666666666666666
DGCR9,0.051161825784613854,4,1.0
DGKA,0.0035276692692283993,22,0.9090909090909091
DGKB,0.0024544523899018844,1,0.0
DGKD,0.013088581234384639,13,0.7692307692307693
DGKE,0.016551893329665397,9,0.4444444444444444
DGKG,0.021026033478503115,15,0.6
DGKH,0.02311521654274773,6,0.6666666666666666
DGKI,0.015098178265320665,9,0.5555555555555556
DGKK,0.03021516028314047,13,0.7692307692307693
DGKQ,0.004562830032883796,11,0.5454545454545454
DGKZ,0.0107131027100018,35,0.8
DGUOK,0.012334618433199353,10,0.6
DHCR24,0.02165138577022803,9,0.7777777777777778
DHCR7,0.021426240325382616,10,1.0
DHDDS,0.010813372027404148,15,0.6666666666666666
DHDH,0.016159313600728833,12,0.6666666666666666
DHDPSL,0.02201322337749305,4,1.0
DHFR,0.02274665947123372,10,0.9
DHFRL1,0.020778061323527212,17,0.7058823529411765
DHH,0.009449948760102125,8,0.5
DHODH,0.026655472000947446,7,1.0
DHPS,0.011784643658744619,8,0.625
DHRS1,0.013204823959961054,20,0.7
DHRS11,0.015605137611283801,10,0.9
DHRS12,-0.0027664711254856487,14,0.5714285714285714
DHRS13,0.026197047145592046,10,0.8
DHRS2,0.0359245822488089,4,0.75
DHRS3,0.008893091652105937,15,0.8666666666666667
DHRS4,0.01632638707299776,9,0.6666666666666666
DHRS4L1,0.006888126075439374,6,0.6666666666666666
DHRS4L2,0.008642066012483613,9,0.6666666666666666
DHRS7,0.02557782917992201,10,0.6
DHRS7B,0.024092971602935852,9,0.5555555555555556
DHRS7C,0.04723007944687833,8,1.0
DHRS9,0.040399329959598676,10,0.7
DHTKD1,0.019131625782576035,9,0.7777777777777778
DHX15,0.014349288640139526,10,0.8
DHX16,0.012759655999484148,29,0.6896551724137931
DHX29,0.015181277782994624,20,0.55
DHX30,0.016479134089003963,16,0.75
DHX32,0.022927604765220516,6,0.6666666666666666
DHX33,0.014558332644813612,7,0.8571428571428571
DHX34,0.016092733950996443,10,0.8
DHX35,0.01694188800035108,10,0.7
DHX36,0.017147213702390775,14,1.0
DHX37,0.022826253678745495,12,0.8333333333333334
DHX38,0.025214502586553608,23,0.9130434782608695
DHX40,0.005352592516148915,11,0.6363636363636364
DHX40P,0.04916743208470119,4,1.0
DHX57,0.01920358179558358,12,1.0
DHX58,0.015225446573433435,10,0.8
DHX8,0.015507883918551256,13,0.6923076923076923
DHX9,0.010113531549815886,15,0.8
DIABLO,0.020691414013126193,14,0.9285714285714286
DIAPH1,0.015726796852810594,8,0.375
DIAPH2,0.02084637412374305,9,0.6666666666666666
DIAPH3,0.01381871335874023,13,0.7692307692307693
DICER1,0.021376022679064886,18,0.7222222222222222
DIDO1,0.018756420421170504,33,0.8181818181818182
DIMT1L,0.017306983282736287,9,0.7777777777777778
DIO1,0.027363986197301723,8,0.875
DIO2,0.01704589687515978,9,0.6666666666666666
DIO3,0.015115818851973106,24,0.6666666666666666
DIO3OS,0.04835040358779292,3,1.0
DIP2A,0.018721266259433086,8,0.625
DIP2B,0.0102228144182658,11,0.9090909090909091
DIP2C,0.0030201311984720397,4,0.5
DIRAS1,0.02288394228926214,8,0.75
DIRAS2,0.042474541479373476,4,1.0
DIRAS3,0.037435331861614074,26,0.7307692307692307
DIRC1,0.026839800743792566,2,0.5
DIRC2,0.028008435750975676,15,0.7333333333333333
DIRC3,0.029900706843977068,6,0.8333333333333334
DIS3,0.02195682384031642,15,0.7333333333333333
DIS3L,0.023391330980975233,11,0.8181818181818182
DIS3L2,0.016602406593454525,15,0.7333333333333333
DISC1,0.018917194055707066,6,0.8333333333333334
DISC2,0.0046634901142110635,4,0.0
DISP1,0.025509497679773212,3,0.6666666666666666
DISP2,0.019623566882933673,8,0.625
DIXDC1,0.008570111605085648,20,0.75
DKC1,0.02863730962833163,10,0.5
DKFZP434H168,0.023457546448364636,10,0.6
DKFZP434K028,0.03600806021874912,6,0.6666666666666666
DKFZP434L187,0.02633811187417697,2,1.0
DKFZP586I1420,-0.017919600572496752,2,0.0
DKFZP686I15217,0.01934382715420539,3,0.6666666666666666
DKFZp434J0226,0.028223002499906103,5,0.6
DKFZp434L192,0.05170467598329753,5,1.0
DKFZp566F0947,0.052915968603990414,8,1.0
DKFZp686A1627,0.026912127407025404,7,0.7142857142857143
DKFZp686O24166,0.013453827624352484,7,0.2857142857142857
DKFZp761E198,0.023627199320408635,18,0.8333333333333334
DKFZp779M0652,0.022366970557720897,5,0.8
DKK1,0.025584949688029244,13,0.6923076923076923
DKK2,0.027103982006032083,10,0.9
DKK3,0.018473050903153473,21,0.7142857142857143
DKK4,0.04296538833010467,8,1.0
DKKL1,0.01629186222416033,13,0.7692307692307693
DLAT,0.040196470419196224,9,1.0
DLC1,0.006458542502282156,21,0.8095238095238095
DLD,0.029590886966722352,5,1.0
DLEC1,-0.03213377385073816,7,0.7142857142857143
DLEU1,0.010720948414389447,8,0.375
DLEU2,0.02307789208725999,9,0.7777777777777778
DLEU2L,0.029390807910443944,3,0.6666666666666666
DLEU7,0.02060822171090011,12,0.4166666666666667
DLG1,0.017288322171782604,13,0.6923076923076923
DLG2,0.0322824607182273,36,0.75
DLG3,0.0261906650117951,29,0.7241379310344828
DLG4,0.021621382736222678,24,0.75
DLG5,0.018751689360746133,12,0.5
DLGAP1,0.027624876277300498,12,0.75
DLGAP2,0.034232246838573364,51,0.9019607843137255
DLGAP3,0.054591202029109,2,1.0
DLGAP4,0.0017371192419135045,24,0.875
DLGAP5,0.025653486184520843,7,0.8571428571428571
DLK1,0.01950347850272133,21,0.7142857142857143
DLK2,0.0220517116281031,10,0.8
DLL1,0.017262144242818377,14,0.7142857142857143
DLL3,0.021048613648527274,8,0.875
DLL4,0.01851477356132007,10,0.9
DLST,0.02195619099209849,10,0.9
DLX1,0.024144549084053227,17,0.8823529411764706
DLX2,0.014724761276815372,17,0.5882352941176471
DLX3,0.031225592672763397,6,1.0
DLX4,0.02142321145365796,21,0.9047619047619048
DLX5,0.019793307378472055,23,0.8260869565217391
DLX6,0.008041121083832904,6,0.3333333333333333
DLX6AS,0.026295773551241203,6,0.8333333333333334
DMAP1,0.018394628685592634,10,0.6
DMBT1,0.02837592720036125,5,1.0
DMBX1,0.021274827959027437,3,0.3333333333333333
DMC1,0.023488944490019877,7,0.5714285714285714
DMD,0.034832447972462835,32,0.8125
DMGDH,0.00228402112431003,6,0.6666666666666666
DMKN,0.030276790032458135,25,0.92
DMP1,0.03731564077387815,7,0.8571428571428571
DMPK,0.008195247547314977,10,0.8
DMRT1,0.010024202975656949,6,0.6666666666666666
DMRT2,0.02582082129485915,5,1.0
DMRT3,0.0263080542892139,8,0.875
DMRTA1,0.029083196090463198,3,1.0
DMRTA2,0.023836452526926687,17,0.8235294117647058
DMRTB1,0.027528847188814265,11,1.0
DMRTC2,0.02109499946205679,13,0.5384615384615384
DMTF1,0.022044603247951534,20,0.75
DMWD,0.018438462400150707,8,0.875
DMXL1,0.009337443309564293,12,0.6666666666666666
DMXL2,0.021374958449753963,7,0.8571428571428571
DNA2,0.020075225417886616,9,0.7777777777777778
DNAH1,0.020528404810147116,9,0.6666666666666666
DNAH10,0.02421274998542886,7,0.5714285714285714
DNAH11,0.019802458126927828,7,0.7142857142857143
DNAH12,0.01765167953161647,8,0.375
DNAH14,0.02297097271541025,8,0.625
DNAH17,0.024780075809823356,7,1.0
DNAH2,0.041457954455245534,4,1.0
DNAH3,0.036541309639962154,6,1.0
DNAH5,0.026071355300920196,5,0.8
DNAH6,0.018899118977591427,12,0.5833333333333334
DNAH7,0.024823137889600264,10,1.0
DNAH8,0.024220199280345495,6,0.8333333333333334
DNAH9,0.02913228928357708,17,0.8823529411764706
DNAI1,0.025744581614307142,7,0.7142857142857143
DNAI2,0.023864291255396238,10,0.8
DNAJA1,0.013077320855688626,5,0.6
DNAJA2,0.019383703773101394,6,0.8333333333333334
DNAJA3,0.012407067215287615,9,0.7777777777777778
DNAJA4,0.005529616617819217,16,0.6875
DNAJB1,0.007342590162151569,11,0.45454545454545453
DNAJB11,0.023669884487542252,10,1.0
DNAJB12,0.027430902346819035,10,0.8
DNAJB13,0.027145819794943214,7,0.5714285714285714
DNAJB14,0.012164042243518101,6,0.8333333333333334
DNAJB2,0.020314904246622772,10,0.8
DNAJB3,0.027216127397791074,7,0.8571428571428571
DNAJB4,0.044056073784320554,3,0.6666666666666666
DNAJB5,0.029110779040208295,5,1.0
DNAJB6,-0.004588704434848762,20,0.6
DNAJB7,0.008735655208639115,5,0.2
DNAJB8,0.023701705563229356,8,0.875
DNAJB9,0.01833705503669028,19,0.631578947368421
DNAJC1,0.012138538341812048,13,0.7692307692307693
DNAJC10,0.026746853147726367,11,0.6363636363636364
DNAJC11,0.018075629092176335,8,0.625
DNAJC12,0.026294756644869022,3,0.3333333333333333
DNAJC13,0.018880078541362862,11,0.5454545454545454
DNAJC14,0.018582250178330907,11,0.7272727272727273
DNAJC15,0.007711337107478101,8,0.75
DNAJC16,0.019599413197697594,11,0.8181818181818182
DNAJC17,0.022052834146204063,9,1.0
DNAJC18,0.01887999399575767,11,0.9090909090909091
DNAJC19,0.02797170403009136,5,1.0
DNAJC2,0.04385878590032244,7,0.8571428571428571
DNAJC21,0.016915073147585245,7,0.42857142857142855
DNAJC22,0.027598084604232524,17,0.8235294117647058
DNAJC24,0.024756580718780605,15,0.7333333333333333
DNAJC25,0.03640545369210423,4,1.0
DNAJC25-GNG10,0.03640545369210423,4,1.0
DNAJC27,0.013773082326395356,7,0.42857142857142855
DNAJC28,0.025240972158785215,15,0.8
DNAJC3,0.01675464455557896,9,0.6666666666666666
DNAJC30,0.015655454913158943,20,0.6
DNAJC4,0.0197093750039696,12,0.75
DNAJC5,0.014762567263114174,26,0.7307692307692307
DNAJC5B,0.02692573331985511,5,0.8
DNAJC5G,0.021286850221059663,9,0.8888888888888888
DNAJC6,0.022906013886768346,6,0.5
DNAJC7,0.018304693150573044,18,0.7777777777777778
DNAJC8,0.015521110462444839,12,0.5833333333333334
DNAJC9,0.02355423175326264,9,0.7777777777777778
DNAL1,0.03216059987776705,9,0.6666666666666666
DNAL4,0.02071964493869738,12,0.8333333333333334
DNALI1,0.03012405103081788,10,0.9
DNASE1,0.032105775099743966,8,1.0
DNASE1L1,0.025257523923499413,23,0.8260869565217391
DNASE1L2,0.024756674761975205,9,0.7777777777777778
DNASE1L3,0.02465549731824038,6,0.8333333333333334
DNASE2,0.02282855919662403,12,1.0
DNASE2B,-0.041891402610241726,4,1.0
DND1,0.03443904474289378,6,0.8333333333333334
DNER,0.028708567415400624,7,0.8571428571428571
DNHD1,0.04150655588055654,11,0.8181818181818182
DNLZ,0.031105525841168703,5,0.8
DNM1,0.026195930171982962,6,0.6666666666666666
DNM1L,0.0050914007956294,8,0.75
DNM1P35,0.0459518679388973,2,1.0
DNM2,0.020329569143723972,14,1.0
DNM3,0.012950251263677685,11,0.8181818181818182
DNMBP,0.009753701790332147,15,0.6666666666666666
DNMT1,0.023306825386142437,7,0.8571428571428571
DNMT3A,0.025824428480743875,38,0.7631578947368421
DNMT3B,0.01868111447422162,19,0.631578947368421
DNMT3L,0.03106256681889106,5,0.8
DNPEP,0.024055587245183092,14,0.7857142857142857
DNTT,0.03537956535302939,6,0.6666666666666666
DNTTIP1,0.02179474768819457,15,0.8
DNTTIP2,0.02389430766400979,15,0.6
DOC2A,0.016009707893886706,15,0.7333333333333333
DOC2B,0.019940689823792594,9,0.5555555555555556
DOCK1,0.012205081435482969,6,0.5
DOCK10,0.02626633166129238,5,0.8
DOCK11,0.018882617953939182,8,0.625
DOCK2,0.04417343934583903,4,0.75
DOCK3,0.027229973442296346,4,1.0
DOCK4,0.013796625796104441,12,0.75
DOCK5,0.014456015231053934,8,0.75
DOCK6,0.008458848721807475,3,0.6666666666666666
DOCK7,0.020421131444163076,5,1.0
DOCK8,0.038480385710608134,4,1.0
DOCK9,0.019925419563248264,12,0.75
DOHH,0.021084674015172923,9,0.7777777777777778
DOK1,-0.01012286505690201,4,0.75
DOK2,0.03597860237565081,7,0.8571428571428571
DOK3,0.059177615068392836,11,1.0
DOK4,0.0064140441998165355,9,0.4444444444444444
DOK5,0.013094146304368393,8,0.875
DOK6,0.022799896372346157,6,0.6666666666666666
DOK7,0.01070058894904458,10,0.9
DOLK,0.015975490976589603,13,0.5384615384615384
DOLPP1,0.031661201660330054,5,1.0
DOM3Z,0.011894682209394403,48,0.7083333333333334
DONSON,0.01966056007667137,9,0.6666666666666666
DOPEY1,0.017240730364130968,13,0.5384615384615384
DOPEY2,0.02227802546419224,5,0.6
DOT1L,0.011137811011033902,6,0.6666666666666666
DPAGT1,0.021749670065201558,15,1.0
DPCR1,0.033534603245272666,7,0.8571428571428571
DPEP1,0.029927234541141247,22,0.7727272727272727
DPEP2,0.02984532861864755,9,0.7777777777777778
DPEP3,0.020434744498350643,6,0.6666666666666666
DPF1,0.027798693831776623,16,0.8125
DPF2,0.003497316770955554,4,0.75
DPF3,0.02893345448029759,12,0.75
DPH1,0.018879417351285652,10,0.7
DPH2,0.018064131374383285,14,0.7857142857142857
DPH3,0.012439614332948845,12,0.75
DPH3B,0.025228979554512355,5,1.0
DPH5,0.01848454856980599,12,1.0
DPM1,0.025414228460298262,15,0.7333333333333333
DPM2,0.017313854271394032,6,1.0
DPM3,0.015519488742833371,10,0.9
DPP10,0.022762509795361197,9,0.5555555555555556
DPP3,0.012815907458188447,11,0.7272727272727273
DPP4,0.022422230490480113,8,0.75
DPP6,0.017987213869549133,22,0.8181818181818182
DPP7,0.0027556503077284435,2,0.0
DPP8,0.013542068211921315,14,0.6428571428571429
DPP9,0.016104076550190746,10,0.6
DPPA2,0.038167509735626166,11,0.8181818181818182
DPPA3,0.04556233735819042,8,0.875
DPPA4,0.04584934272167859,6,0.8333333333333334
DPPA5,0.008992100858529715,8,0.375
DPRX,0.04965550553355679,8,1.0
DPRXP4,-0.04053731899733054,1,1.0
DPT,0.0005618250901115104,6,0.6666666666666666
DPY19L1,0.013229421127186926,13,0.6153846153846154
DPY19L2,0.01724340141296074,10,0.6
DPY19L2P2,0.025677768486806477,12,0.8333333333333334
DPY19L2P4,0.007356637854308927,13,0.3076923076923077
DPY19L3,0.017504159581805102,7,0.8571428571428571
DPY19L4,0.017172354317113333,6,0.8333333333333334
DPY30,0.02016939550844288,10,0.8
DPYD,0.02842590204443236,8,0.875
DPYS,0.015634074222959444,10,0.6
DPYSL2,0.01456019947155423,12,0.6666666666666666
DPYSL3,0.026259919823836488,6,1.0
DPYSL4,0.013507389514079123,13,0.6153846153846154
DPYSL5,0.02643159273957367,16,0.8125
DQX1,0.03330291579427487,10,1.0
DR1,0.022678278745234814,16,0.875
DRAM1,0.01707950994172995,8,0.625
DRAM2,0.023655763305230594,20,0.55
DRAP1,0.027640064804784734,13,0.8461538461538461
DRD1,0.029781368259462433,10,0.8
DRD2,0.022720443511212995,19,0.8421052631578947
DRD3,0.04339259714225093,5,1.0
DRD4,0.009293820319588078,11,0.8181818181818182
DRD5,0.01618378743219448,15,0.6
DRG1,0.016266648490734885,7,0.7142857142857143
DRG2,0.019448196777154522,6,0.8333333333333334
DRGX,0.05580382482054309,3,1.0
DRP2,0.035395454804886976,6,0.8333333333333334
DSC1,0.0503217592054669,2,1.0
DSC2,0.037496380298528816,8,1.0
DSC3,0.0270393075620493,14,0.7857142857142857
DSCAM,0.026407104538511826,11,0.7272727272727273
DSCAML1,0.023121194582713275,9,0.6666666666666666
DSCC1,0.008957412591006804,9,0.4444444444444444
DSCR10,0.016461508735174074,4,0.75
DSCR3,0.02555559828997226,11,0.9090909090909091
DSCR4,0.02082965005353542,12,0.6666666666666666
DSCR6,0.021250240793046916,5,0.8
DSCR8,0.020833741009945797,9,0.5555555555555556
DSCR9,0.013808360266131853,6,0.8333333333333334
DSE,0.027830797993856498,32,0.8125
DSEL,0.023782032573789216,7,0.8571428571428571
DSG1,0.055437476620072146,5,1.0
DSG2,0.02294050576907326,4,1.0
DSG3,0.0530918748114621,6,0.5
DSG4,0.05438750762708655,2,1.0
DSN1,0.007461490119907601,15,0.7333333333333333
DSP,0.011103533296430872,12,0.5833333333333334
DSPP,0.03255321229494638,5,0.8
DST,0.019251453672781357,30,0.6666666666666666
DSTN,0.012868784616987814,15,0.8
DSTYK,0.018510986683832296,11,0.5454545454545454
DTD1,0.019357128946900344,10,0.7
DTHD1,0.04438032523294132,10,0.9
DTL,0.023310113289131688,14,0.7857142857142857
DTNA,0.03494222676022452,22,0.7727272727272727
DTNB,0.020179056433744017,10,0.7
DTNBP1,0.016532889315622534,19,0.5263157894736842
DTWD1,0.026791715228036517,10,0.6
DTWD2,0.019158074845285658,6,0.8333333333333334
DTX1,0.01792035693711288,11,0.7272727272727273
DTX2,0.036107810506741146,5,1.0
DTX3,0.02871541120325381,7,0.5714285714285714
DTX3L,0.0123226829033026,12,0.5833333333333334
DTX4,0.017103274332699446,10,0.8
DTYMK,0.015106285352460997,11,0.8181818181818182
DULLARD,0.017750655432947134,18,0.6111111111111112
DUOX1,0.017474007133523643,17,0.6470588235294118
DUOX2,0.017330133052157932,15,0.8666666666666667
DUOXA1,0.018956718268417723,18,0.6666666666666666
DUOXA2,0.014950425803872429,17,0.7647058823529411
DUPD1,0.05701568208749567,5,1.0
DUS1L,0.026265133382693606,11,0.9090909090909091
DUS2L,0.007713910038879453,17,0.6470588235294118
DUS3L,0.014987329958188264,6,0.6666666666666666
DUS4L,0.030137049097425348,15,0.8666666666666667
DUSP1,0.0065579104780628394,29,0.5862068965517241
DUSP10,0.0015477406932494855,24,0.7916666666666666
DUSP11,0.028803263028605364,10,1.0
DUSP12,0.020382909512935306,8,0.875
DUSP13,0.03765824331389366,16,0.875
DUSP14,0.012908850512272096,20,0.8
DUSP15,0.01982258375884875,17,0.7058823529411765
DUSP16,0.020292627426202907,12,0.75
DUSP18,0.008240048948144564,12,0.75
DUSP19,0.03584071478323787,9,0.6666666666666666
DUSP2,0.02238250740473907,6,0.8333333333333334
DUSP21,0.036750286099316944,11,0.9090909090909091
DUSP22,0.036664044292418096,8,0.625
DUSP23,0.02154659443337961,7,0.7142857142857143
DUSP26,0.028960175913154817,11,0.8181818181818182
DUSP27,0.04589382704352777,7,1.0
DUSP28,0.023932159547372243,7,0.8571428571428571
DUSP3,0.02122598133485717,13,0.6153846153846154
DUSP4,0.0181072905837935,27,0.8888888888888888
DUSP5,0.016366729838366737,12,0.5833333333333334
DUSP6,0.021253146667434848,16,0.8125
DUSP7,0.01160325057273442,10,0.9
DUSP8,0.008604066508020296,10,0.7
DUSP9,0.02981442839298148,21,0.7619047619047619
DUT,0.017680634573822438,17,0.7058823529411765
DUXA,0.04493023924096126,4,0.5
DVL1,0.01810663559294507,4,0.5
DVL2,0.014055679784464347,10,0.8
DVL3,0.020355864759887994,5,0.8
DVWA,0.01880681305781368,5,0.4
DYDC1,0.02073632384736892,15,0.6666666666666666
DYDC2,0.01610818732332012,16,0.5625
DYM,0.020571241056056434,11,0.7272727272727273
DYNC1H1,0.011006348466849857,9,0.6666666666666666
DYNC1I1,0.018573241481870725,16,0.6875
DYNC1I2,0.028585086626868234,12,0.5833333333333334
DYNC1LI1,0.01978307855484224,13,0.6153846153846154
DYNC1LI2,0.01588654540110398,6,1.0
DYNC2H1,0.02758042710634799,6,0.8333333333333334
DYNC2LI1,0.024449057687340417,9,0.6666666666666666
DYNLL1,0.01654289166263985,24,0.8333333333333334
DYNLL2,0.019791397593650704,11,0.5454545454545454
DYNLRB1,0.03811965026812146,10,1.0
DYNLRB2,0.013799415335116527,5,0.6
DYNLT1,0.017446787380722608,9,0.8888888888888888
DYNLT3,0.022109677629263046,8,0.625
DYRK1A,0.00784692768959134,13,0.46153846153846156
DYRK1B,0.01597890871607335,16,0.6875
DYRK2,0.02013920783795734,12,0.8333333333333334
DYRK3,0.02807597802464251,11,0.5454545454545454
DYRK4,0.04176513929520091,5,0.8
DYSF,0.015748414247342492,21,0.7142857142857143
DYSFIP1,0.03727537386766743,13,1.0
DYTN,0.013890971405523866,2,0.5
DYX1C1,0.014490141383388755,10,0.5
DZIP1,0.020669809929815885,15,0.7333333333333333
DZIP1L,0.012094007363309265,16,0.875
DZIP3,0.02690962898910601,21,0.6190476190476191
E2F1,0.01669431189743929,9,0.5555555555555556
E2F2,0.017393740063819562,11,0.7272727272727273
E2F3,0.018567943716420534,14,0.7857142857142857
E2F4,0.026504110014086757,9,0.7777777777777778
E2F5,0.01698018716533835,9,0.4444444444444444
E2F6,0.025897733182285346,9,0.7777777777777778
E2F7,0.013742384764739704,14,0.7142857142857143
E2F8,0.023716628442271608,16,0.875
E4F1,0.012199081870334232,10,0.6
EAF1,0.01065385958068013,14,0.5714285714285714
EAF2,0.020938767524491125,13,0.6923076923076923
EAPP,0.036162686907200356,4,1.0
EARS2,0.013626120334625812,17,0.7058823529411765
EBAG9,0.023798141679020734,18,0.8888888888888888
EBF1,0.01663180239439802,12,0.4166666666666667
EBF2,0.022629188813729183,10,0.8
EBF3,0.010914282378874166,6,0.8333333333333334
EBF4,0.019308720642680063,4,0.5
EBI3,0.0310342455707398,4,0.75
EBNA1BP2,0.018603115818500878,12,0.75
EBP,0.024491844190204566,7,0.8571428571428571
EBPL,0.013513301224708557,11,0.8181818181818182
ECD,0.020620765347324706,18,0.6111111111111112
ECE1,0.02401979040650168,21,0.7619047619047619
ECE2,0.021753631101362334,27,0.8148148148148148
ECEL1,0.021847598239460007,10,1.0
ECEL1P2,0.010612588055463446,6,0.6666666666666666
ECH1,0.023024838506021696,10,0.6
ECHDC1,0.018485879521441324,15,0.8666666666666667
ECHDC2,0.021631075949432022,6,0.6666666666666666
ECHDC3,0.014970539707273092,10,0.8
ECHS1,0.009261155890740095,7,0.5714285714285714
ECM1,-0.06257602765041251,4,1.0
ECM2,0.05143104570975685,3,0.6666666666666666
ECSCR,0.028376314675481323,4,1.0
ECSIT,0.02158024268115469,19,0.8421052631578947
ECT2,0.028470701253381525,2,1.0
ECT2L,0.02037946445195518,2,0.5
EDA,0.018289664248361044,16,0.6875
EDA2R,0.03824852048425768,3,0.6666666666666666
EDAR,0.03139783169669063,18,0.9444444444444444
EDARADD,0.02299832107903182,9,0.6666666666666666
EDC3,0.01914434941582616,16,0.75
EDC4,0.01764870836788245,7,0.5714285714285714
EDEM1,0.014229928202400056,11,0.9090909090909091
EDEM2,0.022381614767392657,11,1.0
EDEM3,0.023858315141503647,11,0.9090909090909091
EDF1,0.006607377867247032,4,0.75
EDIL3,0.01957295939661893,8,0.5
EDN1,0.03687450693203432,10,0.9
EDN2,0.07374240723396289,7,1.0
EDN3,0.017529587442627934,12,0.8333333333333334
EDNRA,0.04063407295689069,14,0.8571428571428571
EDNRB,0.02629467175540875,56,0.7678571428571429
EEA1,0.013937992824233556,9,0.6666666666666666
EED,0.032432912742594994,13,0.8461538461538461
EEF1A1,0.014284945938878723,14,0.7142857142857143
EEF1A2,0.006324294707020959,8,0.875
EEF1AL7,0.03632589312069234,2,0.5
EEF1B2,0.012851182369514078,14,0.8571428571428571
EEF1D,0.01602372259825428,24,0.7083333333333334
EEF1DP3,0.003965623953676181,6,0.5
EEF1E1,0.02446031486200061,11,0.7272727272727273
EEF1G,0.012354721638913263,12,0.6666666666666666
EEF2,0.014397250944335301,13,1.0
EEF2K,0.0021924525367358013,18,0.7777777777777778
EEFSEC,0.01409264681807204,8,0.5
EEPD1,0.02063881211243842,9,0.7777777777777778
EFCAB1,0.029117702490269126,10,1.0
EFCAB10,0.015025788720931549,10,0.6
EFCAB2,0.0292325954460244,5,0.4
EFCAB3,0.0278193855778765,5,0.8
EFCAB4A,0.027945618784702288,7,0.8571428571428571
EFCAB4B,0.021543109360895218,19,0.8947368421052632
EFCAB5,0.016015289027287886,17,0.5294117647058824
EFCAB6,0.014077799341484088,11,0.8181818181818182
EFCAB7,0.025483722011738656,11,0.7272727272727273
EFCAB8,0.046808704568264504,7,1.0
EFCAB9,0.030361889666316963,4,0.75
EFEMP1,0.02090005286037958,14,0.7857142857142857
EFEMP2,0.01717514402891339,13,0.5384615384615384
EFHA1,0.006470258093323433,8,0.25
EFHA2,0.014785378903721034,7,0.42857142857142855
EFHB,0.04714114596624694,4,0.75
EFHC1,0.023412375287784854,10,0.9
EFHC2,0.03486401975961493,6,1.0
EFHD1,0.012376491477490585,20,0.65
EFHD2,0.02734643711144151,8,0.875
EFNA1,0.015128838770103039,14,0.8571428571428571
EFNA2,0.023417376772526238,5,0.8
EFNA3,0.02083531197750825,5,0.8
EFNA4,0.0196519045012089,15,0.7333333333333333
EFNA5,0.020490812268989432,11,0.8181818181818182
EFNB1,0.01994353333331595,27,0.5555555555555556
EFNB2,0.018112191578832797,6,0.6666666666666666
EFNB3,0.015374225108673116,8,0.75
EFR3A,0.02831899389947278,10,0.9
EFR3B,0.009785763414704865,12,0.4166666666666667
EFS,0.007771344365141588,13,0.7692307692307693
EFTUD1,0.02282798377108819,9,0.6666666666666666
EFTUD2,0.02340005203579772,12,0.9166666666666666
EGF,0.002663246027333877,7,1.0
EGFL6,0.043267057880429165,7,0.8571428571428571
EGFL7,0.036348309371600565,8,1.0
EGFL8,-0.007797995130895126,12,0.75
EGFLAM,0.024912600478105337,31,0.7741935483870968
EGFR,0.03180330448840315,6,0.5
EGLN1,0.029502774088583324,9,0.6666666666666666
EGLN2,0.02406656183810251,13,0.9230769230769231
EGLN3,0.0156403353394242,12,0.6666666666666666
EGOT,0.0466360784247233,3,0.6666666666666666
EGR1,0.016051945033282774,13,0.6923076923076923
EGR2,0.02033157261510429,26,0.8076923076923077
EGR3,0.019486968008727963,11,0.7272727272727273
EGR4,0.017643834272551378,6,0.8333333333333334
EHBP1,0.023848333508628295,18,0.6666666666666666
EHBP1L1,0.01623429039877312,10,0.8
EHD1,0.008555931065485278,11,0.45454545454545453
EHD2,0.02670576630145599,10,1.0
EHD3,-0.005068977771189958,16,0.6875
EHD4,0.011135607669245378,9,0.4444444444444444
EHF,0.010408492804096331,5,1.0
EHHADH,0.022358021741032734,11,0.8181818181818182
EHMT1,0.02199861591854397,5,1.0
EHMT2,0.030065162389215867,30,0.8666666666666667
EI24,0.018553402074937966,11,0.7272727272727273
EID1,0.017957436909986708,16,0.8125
EID2,0.01597928419672037,15,0.7333333333333333
EID2B,0.01732929170227647,13,0.7692307692307693
EID3,0.013639536266631353,13,0.3076923076923077
EIF1,0.015412844110446805,11,0.7272727272727273
EIF1AD,0.020129525589951777,18,0.7222222222222222
EIF1AX,0.013148518318788997,9,0.7777777777777778
EIF1AY,0.03928051229651379,10,0.7
EIF1B,0.013122061615089407,11,0.45454545454545453
EIF2A,0.01352409426804533,9,0.6666666666666666
EIF2AK1,0.02397028035568771,12,0.9166666666666666
EIF2AK2,0.015506307720026941,20,0.45
EIF2AK3,0.019870547718882806,11,0.9090909090909091
EIF2AK4,0.013050210513053453,9,0.5555555555555556
EIF2B1,0.014154270915720937,13,0.6153846153846154
EIF2B2,0.01911667116230275,10,0.6
EIF2B3,0.012657874556217991,11,0.7272727272727273
EIF2B4,0.012736890735989255,22,0.7727272727272727
EIF2B5,0.02126219201590399,15,0.8
EIF2C1,0.016980421824857997,9,0.7777777777777778
EIF2C2,0.021335244979189465,6,0.8333333333333334
EIF2C3,0.015299034220139356,15,0.3333333333333333
EIF2C4,0.016133889052942326,7,0.7142857142857143
EIF2S1,0.022851363411271263,12,0.75
EIF2S2,0.022983789302251346,9,0.7777777777777778
EIF2S3,0.03866067642556367,8,0.75
EIF3A,0.013159052518557802,11,0.8181818181818182
EIF3B,0.021276371498715904,11,0.7272727272727273
EIF3D,0.01596695807424445,14,0.7142857142857143
EIF3E,0.019170368489653783,10,0.7
EIF3F,0.036812389313120274,15,1.0
EIF3G,0.0012373646027480183,6,0.8333333333333334
EIF3H,0.036658526651785366,6,0.6666666666666666
EIF3I,0.01542939065155784,10,0.6
EIF3IP1,0.05066651393058083,4,1.0
EIF3J,0.019117217656400155,9,0.8888888888888888
EIF3K,0.015814190778472244,14,0.7142857142857143
EIF3L,0.026402756424719665,6,0.8333333333333334
EIF3M,0.008060723449755006,10,0.6
EIF4A1,0.019028850682952566,12,0.75
EIF4A2,0.015996278568247885,11,0.7272727272727273
EIF4A3,0.01657788079072316,11,0.8181818181818182
EIF4B,0.007784651671062956,6,0.5
EIF4E,0.015350782840830994,21,0.6666666666666666
EIF4E1B,0.02317376412888093,14,0.7142857142857143
EIF4E2,0.021972247280192054,11,0.9090909090909091
EIF4E3,0.01721113469494423,20,0.65
EIF4EBP1,0.011498983515238986,11,0.45454545454545453
EIF4EBP2,0.012193272469654102,8,0.625
EIF4EBP3,0.01686480748851187,12,0.8333333333333334
EIF4ENIF1,0.011366916658859227,10,0.6
EIF4G1,0.008328621012798293,24,0.7083333333333334
EIF4G2,0.015987988964011865,12,0.6666666666666666
EIF4G3,0.030171964496180127,20,0.7
EIF4H,0.01598788928703061,7,0.7142857142857143
EIF5,0.015056387531686035,13,0.6153846153846154
EIF5A,0.01729079003808063,20,0.85
EIF5A2,0.016226059641924178,12,0.75
EIF5AL1,0.03191799966644736,4,0.5
EIF5B,0.016351647384291425,17,0.5882352941176471
EIF6,0.011335844076813494,13,0.46153846153846156
ELAC1,0.020437787881375413,7,0.42857142857142855
ELAC2,0.017543772664958993,12,0.75
ELANE,0.022889224769675198,7,1.0
ELAVL1,0.016298115230893993,5,0.8
ELAVL2,0.02403492512637582,9,0.8888888888888888
ELAVL3,0.0271980647066876,8,1.0
ELAVL4,0.039170701709233785,19,0.9473684210526315
ELF1,-0.015399173652353841,11,0.36363636363636365
ELF2,0.01611479043443487,12,0.16666666666666666
ELF3,0.040438141686856686,10,0.9
ELF4,0.025883788445243274,14,0.6428571428571429
ELF5,0.03028594206845047,17,0.8823529411764706
ELFN1,0.025170272867389456,41,0.8292682926829268
ELFN2,0.02513117605464375,21,0.9047619047619048
ELK1,0.023753860697568654,11,0.9090909090909091
ELK3,0.006249629345397493,19,0.7894736842105263
ELK4,0.011227924172025089,18,0.6111111111111112
ELL,0.015110597462255185,9,0.8888888888888888
ELL2,0.025244662928416303,12,0.5833333333333334
ELL3,0.011695300227664388,12,0.8333333333333334
ELMO1,0.030774046743634313,42,0.8809523809523809
ELMO2,0.01958332395953451,14,0.8571428571428571
ELMO3,0.03180060231727178,7,0.5714285714285714
ELMOD1,0.019308154977314595,19,0.631578947368421
ELMOD2,0.012065825742018827,13,0.6153846153846154
ELMOD3,0.022188596260280035,19,0.8947368421052632
ELN,0.011425792649822705,9,0.7777777777777778
ELOF1,0.022335754194428896,14,0.7857142857142857
ELOVL1,0.01876808861696893,15,0.8666666666666667
ELOVL2,0.013721105486628082,7,0.5714285714285714
ELOVL3,0.01413175408128576,9,0.8888888888888888
ELOVL4,0.007417902550025996,10,0.3
ELOVL5,0.013783079876225747,28,0.75
ELOVL6,0.0100205436371683,11,0.6363636363636364
ELOVL7,0.02028665232784605,14,0.7857142857142857
ELP2,0.016442480934937824,16,0.5625
ELP2P,0.006109435317580408,14,0.42857142857142855
ELP3,0.016575785284049533,9,0.8888888888888888
ELP4,0.025444880704115828,11,0.7272727272727273
ELSPBP1,0.04541601260678852,5,1.0
ELTD1,0.018130014916439997,10,0.7
EMB,0.020581902563173705,9,0.4444444444444444
EMCN,0.052713833989890886,4,1.0
EMD,0.014746817904730971,9,0.5555555555555556
EME1,0.018312409440714623,16,0.875
EME2,0.007974160581723613,7,0.8571428571428571
EMG1,0.012708606984079222,10,0.8
EMID1,0.020458585436678136,8,0.625
EMID2,0.015554825296477604,11,0.8181818181818182
EMILIN1,0.005667588277695848,8,1.0
EMILIN2,0.025108382257601116,8,1.0
EMILIN3,0.014907635378958348,9,0.7777777777777778
EML1,0.016928615234531205,10,0.8
EML2,0.011808511299141797,9,0.6666666666666666
EML3,0.01971636663010635,10,0.6
EML4,0.011680530553955458,9,0.6666666666666666
EML5,0.005395051909104794,6,0.3333333333333333
EML6,0.01766469792346899,9,0.6666666666666666
EMP1,0.01602165782735072,11,0.8181818181818182
EMP2,0.012900715993732853,17,0.5882352941176471
EMP3,0.013894853003777385,7,0.7142857142857143
EMR1,0.04708951486696986,3,1.0
EMR2,0.04587123201693907,5,1.0
EMR3,0.043705621262768286,7,1.0
EMR4P,0.03226656479236366,2,0.5
EMX1,0.009601095389930241,13,0.8461538461538461
EMX2,0.023045451739697468,15,0.6666666666666666
EMX2OS,0.019069106951730985,11,0.8181818181818182
EN1,0.01969985543972185,21,0.8095238095238095
EN2,0.019284305107366593,13,0.8461538461538461
ENAH,0.02350806627550106,7,0.7142857142857143
ENC1,0.02520297825932889,14,0.7142857142857143
ENDOD1,0.01644913703222265,5,0.8
ENDOG,0.0243563463260756,4,1.0
ENG,0.03185637808573086,3,1.0
ENGASE,0.02144614935320352,6,1.0
ENHO,0.02832987999956868,8,1.0
ENKUR,0.012910770403548032,14,0.5
ENO1,-0.00719538432028165,19,0.5263157894736842
ENO2,-0.003281956149220412,13,0.7692307692307693
ENO3,0.01066160920857554,6,0.6666666666666666
ENOPH1,0.015253965643748634,13,0.6153846153846154
ENOSF1,0.032080270608858014,9,0.7777777777777778
ENOX1,0.0170023327616725,39,0.6153846153846154
ENOX2,0.03458160073841971,10,1.0
ENPEP,0.048385024927761755,15,1.0
ENPP1,0.022075461292588656,11,1.0
ENPP2,0.04788592329611404,6,0.8333333333333334
ENPP3,0.04219286812420306,3,0.6666666666666666
ENPP4,0.02166280091800704,11,0.8181818181818182
ENPP5,0.032784601917169275,12,0.8333333333333334
ENPP6,0.05144590188814278,5,0.8
ENPP7,0.025256554235539897,10,0.7
ENSA,0.020342647797706725,16,0.9375
ENTHD1,0.03227861547282822,5,0.8
ENTPD1,0.04379819947332362,18,0.8333333333333334
ENTPD2,0.031558191547662574,6,0.8333333333333334
ENTPD3,0.024947480567239243,10,0.5
ENTPD4,0.02391415569353428,19,0.7368421052631579
ENTPD5,0.018604669033338354,14,0.7857142857142857
ENTPD6,0.011278514280214228,17,0.5882352941176471
ENTPD7,0.020354039843122392,17,0.8235294117647058
ENTPD8,0.044181898990194535,7,1.0
ENY2,0.029963696763218337,13,0.9230769230769231
EOMES,0.026282613497837743,14,0.7857142857142857
EP300,0.025410851719427235,6,0.8333333333333334
EP400,0.013945781724406968,11,0.5454545454545454
EP400NL,0.010452304748217069,8,0.625
EPAS1,0.018681905674665204,10,0.8
EPB41,0.021182510641151505,29,0.7241379310344828
EPB41L1,0.0021222652719176853,14,0.7857142857142857
EPB41L2,-0.0022014051317701695,18,0.5555555555555556
EPB41L3,0.01952617405177099,19,0.5263157894736842
EPB41L4A,0.015446385718776426,10,0.7
EPB41L4B,0.02454475379424902,3,0.6666666666666666
EPB41L5,0.02399466078617785,9,0.7777777777777778
EPB42,0.05772762438747008,6,1.0
EPB49,0.023724669168013426,26,0.8461538461538461
EPC1,0.012074209791738452,8,0.5
EPC2,0.012290183599105664,9,0.7777777777777778
EPCAM,0.027220774378157314,6,0.5
EPDR1,0.02071277976406986,8,0.75
EPGN,0.026255562776939745,3,0.3333333333333333
EPHA1,0.022741065061630848,13,0.7692307692307693
EPHA10,0.02527526084510771,13,0.9230769230769231
EPHA2,0.014720278366466317,8,0.625
EPHA3,0.008198995081385805,7,0.42857142857142855
EPHA4,0.020173674757566203,12,0.9166666666666666
EPHA5,0.015635533898457645,14,0.5
EPHA6,0.019611405351306104,16,0.5625
EPHA7,0.02217230117172849,10,0.7
EPHA8,0.01827350836248464,5,0.8
EPHB1,0.019448277983791475,12,0.75
EPHB2,0.008711067016017664,6,0.5
EPHB3,0.012391137334327394,13,0.8461538461538461
EPHB4,0.010086089949671702,9,0.7777777777777778
EPHB6,0.027115254270837903,17,0.8235294117647058
EPHX1,0.031118989860690397,26,0.8461538461538461
EPHX2,0.024406471705931593,8,0.875
EPHX3,0.017597180333347194,16,0.75
EPHX4,0.024051008479093635,8,1.0
EPM2A,0.007374502902055764,7,0.42857142857142855
EPM2AIP1,0.018361144206512733,44,0.7272727272727273
EPN1,0.024479113407819313,13,0.6923076923076923
EPN2,0.009921260053905806,21,0.7142857142857143
EPN3,0.032936350659151445,12,1.0
EPO,0.013531508275786756,9,0.3333333333333333
EPOR,0.036872336496547045,5,1.0
EPPK1,0.027632833188886187,31,0.7741935483870968
EPR1,0.000175149417591898,6,0.8333333333333334
EPRS,0.013267463358185854,10,0.5
EPS15,0.02079047113328666,12,0.5
EPS15L1,0.03011644788309814,4,1.0
EPS8,0.0016545773461548157,27,0.6296296296296297
EPS8L1,0.03548078303734013,9,1.0
EPS8L2,0.001269831811748902,11,0.7272727272727273
EPS8L3,0.04490415218606641,9,0.8888888888888888
EPSTI1,0.02484735817784794,13,0.8461538461538461
EPX,0.03549186577881918,4,1.0
EPYC,0.0068519419087288425,1,0.0
ERAL1,0.018776207039697117,10,0.8
ERAP1,0.016654514895470776,12,0.6666666666666666
ERAP2,0.028142293419403257,6,0.8333333333333334
ERAS,0.03822513026541386,9,0.8888888888888888
ERBB2,0.027778023412008794,36,0.8888888888888888
ERBB2IP,0.009441633210058448,19,0.5263157894736842
ERBB3,0.016460705918450478,11,0.8181818181818182
ERBB4,0.014847113539233323,7,0.7142857142857143
ERC1,0.01276770758511525,15,0.5333333333333333
ERC2,0.025854116388577233,18,0.8333333333333334
ERCC1,0.014970065022176304,17,0.8823529411764706
ERCC2,0.020135050554276366,13,0.9230769230769231
ERCC3,0.014158147542750311,9,0.6666666666666666
ERCC4,0.02368243644578123,7,0.8571428571428571
ERCC5,0.018972507475113323,11,0.8181818181818182
ERCC6,0.013900466275203355,12,0.8333333333333334
ERCC6L,0.032434607795366326,10,1.0
ERCC8,0.0222308287803984,13,0.8461538461538461
EREG,0.017035064608007487,7,0.5714285714285714
ERF,0.013793637232977052,6,0.8333333333333334
ERG,0.029647799189624652,17,0.9411764705882353
ERGIC1,0.028584531395688756,8,0.625
ERGIC2,0.018969369295170894,10,0.6
ERGIC3,0.017147563219059962,10,0.7
ERH,0.020537303444768486,13,0.8461538461538461
ERI1,0.0246285271044993,10,0.8
ERI2,0.01696523212115548,6,1.0
ERI3,0.017114594313571284,14,0.8571428571428571
ERICH1,0.013523912765645045,11,0.7272727272727273
ERLEC1,0.01763140675096249,12,0.8333333333333334
ERLIN1,0.019103937794214397,13,0.9230769230769231
ERLIN2,0.010593684083969357,17,0.7647058823529411
ERMAP,0.018110089891335203,24,0.625
ERMN,0.025966251202740428,8,0.75
ERMP1,0.026326333729833708,4,0.75
ERN1,0.02667110787781572,9,0.8888888888888888
ERN2,0.036437172261472896,10,0.9
ERO1L,0.016101965888863316,12,0.5833333333333334
ERO1LB,0.016617647590740144,10,0.5
ERP27,0.027962531749237032,4,0.75
ERP29,0.013156304310043488,11,0.7272727272727273
ERP44,0.03285939295122438,4,0.75
ERRFI1,0.027988816012349108,17,0.7058823529411765
ESAM,0.018598039508396662,8,0.875
ESCO1,0.011731075734985056,13,0.6923076923076923
ESCO2,0.029718382680360863,11,0.8181818181818182
ESD,0.022392894654808454,16,0.75
ESF1,0.026573790770252476,17,0.7058823529411765
ESM1,0.0408861808952119,9,1.0
ESPL1,0.032561811548521336,7,0.8571428571428571
ESPN,0.014594059107367111,9,0.8888888888888888
ESPNL,0.02138580458779847,11,0.6363636363636364
ESPNP,0.044692413136759035,6,1.0
ESR1,0.02648837483854201,52,0.7307692307692307
ESR2,0.01868185232101451,18,0.7222222222222222
ESRP1,0.01760667082233562,9,0.6666666666666666
ESRP2,0.025992216998412875,10,0.8
ESRRA,0.017757212541452804,17,0.5294117647058824
ESRRB,0.03322304039157142,31,0.8387096774193549
ESRRG,0.03448148941380689,68,0.8529411764705882
ESX1,0.024683948769813103,15,0.8
ESYT1,0.016470751929647778,13,0.7692307692307693
ESYT2,0.011176863249931982,9,0.5555555555555556
ESYT3,0.027939309809736128,13,0.6923076923076923
ETAA1,0.021336429954947965,8,0.75
ETF1,0.01729445953061323,8,0.75
ETFA,0.008739950635498952,8,0.625
ETFB,0.019319017634760245,16,0.8125
ETFDH,0.016976971882926396,16,0.8125
ETHE1,0.004599446936114212,8,0.625
ETNK1,0.024841101653043086,14,0.7142857142857143
ETNK2,0.019702166384473998,10,0.8
ETS1,-0.01754347862535584,15,0.5333333333333333
ETS2,0.02254820870361818,10,0.6
ETV1,0.025427684573908815,32,0.75
ETV2,0.03553675941539129,8,1.0
ETV3,0.010512247785001686,10,0.6
ETV3L,0.052497466290108215,7,1.0
ETV4,0.019865255445507525,16,0.875
ETV5,0.018785346231978896,22,0.7272727272727273
ETV6,0.015421603295355283,9,0.6666666666666666
ETV7,0.015448804209512595,8,0.625
EVC,0.021223054854195417,9,0.8888888888888888
EVC2,0.018440762663127268,17,0.8235294117647058
EVI2A,0.012944743086149596,3,1.0
EVI2B,0.02946805195439793,2,0.5
EVI5,0.026262819105717768,4,0.75
EVI5L,0.022235263327333697,20,0.8
EVL,0.026186173559066845,3,0.6666666666666666
EVPL,0.03457255951463735,7,0.8571428571428571
EVPLL,0.03831266759519247,6,0.6666666666666666
EVX1,0.034862847403792904,23,0.8695652173913043
EVX2,0.02051568336186151,15,0.8
EWSR1,0.011690199020348374,14,0.5714285714285714
EXD1,0.010874339931244767,16,0.75
EXD2,0.015283383504038017,9,0.7777777777777778
EXD3,0.020316903574633078,28,0.75
EXO1,0.01591247284120453,15,0.8
EXOC1,0.027187215478083972,12,0.5
EXOC2,0.02043024583421107,27,0.5555555555555556
EXOC3,0.022325122489663996,14,0.6428571428571429
EXOC3L,0.0513050547950444,7,1.0
EXOC3L2,0.015016200668242326,13,0.7692307692307693
EXOC4,0.02216266467619129,10,0.7
EXOC5,0.02583944163274028,13,0.9230769230769231
EXOC6,0.011725737995195978,14,0.7142857142857143
EXOC6B,0.02784149451201114,9,0.8888888888888888
EXOC7,0.008338656970136808,13,0.7692307692307693
EXOC8,0.025566088079258486,25,0.76
EXOG,0.03140490237894797,9,0.8888888888888888
EXOSC1,0.010552536394677474,12,0.6666666666666666
EXOSC10,0.01637533802797516,13,0.6153846153846154
EXOSC2,0.03195804757765309,6,0.8333333333333334
EXOSC3,0.013865979359713891,3,0.6666666666666666
EXOSC4,0.011973813887036635,13,0.7692307692307693
EXOSC5,0.022522341491511798,10,0.9
EXOSC6,0.01838821312714154,13,0.5384615384615384
EXOSC7,0.014247244512632321,4,0.75
EXOSC8,0.022292854858147894,13,0.6923076923076923
EXOSC9,0.017974054422007436,10,0.5
EXPH5,0.03801603126811794,24,0.9166666666666666
EXT1,0.0039743486573824045,12,0.75
EXT2,0.027839682134242965,13,0.8461538461538461
EXTL1,-0.1283843414466753,6,1.0
EXTL2,0.022664979435713002,15,0.7333333333333333
EXTL3,0.016468717105902603,15,0.7333333333333333
EYA1,0.03962738355227467,11,0.8181818181818182
EYA2,0.02792485272524176,14,0.8571428571428571
EYA3,0.019077181209151604,14,0.7142857142857143
EYA4,0.022410361563455654,55,0.5454545454545454
EYS,0.05918766791179634,4,1.0
EZH1,0.019698436365248262,14,0.7857142857142857
EZH2,0.017123903876806703,11,0.5454545454545454
EZR,0.01879444356542695,14,0.7857142857142857
F10,0.021285316594181713,11,0.9090909090909091
F11,0.04652483758134404,6,1.0
F11R,0.026234851181849525,8,0.75
F12,0.0402006243020406,6,1.0
F13A1,0.022666973676108898,10,0.8
F13B,0.04090690830653028,2,1.0
F2,0.026300930601854136,6,1.0
F2R,0.02511470851171154,14,0.7142857142857143
F2RL1,0.023015138300241062,9,0.7777777777777778
F2RL2,0.01481973422465711,5,0.6
F2RL3,0.013199988230016705,9,0.7777777777777778
F3,0.015760135281897902,11,0.8181818181818182
F5,0.01902208054995832,7,1.0
F7,0.05051413753989543,6,1.0
F8,0.04513316276429614,7,1.0
F8A1,0.03658449947812654,6,1.0
F8A2,0.0339468712424855,5,1.0
F8A3,0.0339468712424855,5,1.0
F9,0.03055213433229867,3,0.6666666666666666
FA2H,0.012763283915931425,7,0.5714285714285714
FAAH,0.02370365548141049,7,0.7142857142857143
FAAH2,0.04188158194298391,7,0.7142857142857143
FABP1,0.04197892645900396,7,1.0
FABP2,0.02555863068076313,3,0.6666666666666666
FABP3,0.00933483889788026,12,0.75
FABP4,0.03391525320155789,4,0.75
FABP5,0.012982296436022616,10,0.6
FABP5L3,0.012475697814238483,5,1.0
FABP6,0.028481569452174435,16,0.875
FABP7,0.012665492659806956,5,0.6
FABP9,0.07004859224794964,4,1.0
FADD,0.02011417425022524,14,1.0
FADS1,0.01603452617995258,11,0.8181818181818182
FADS2,0.01704914087898869,8,0.875
FADS3,0.02034737548955371,7,0.8571428571428571
FADS6,0.018155037310441623,11,0.7272727272727273
FAF1,0.011394806684477541,15,0.6666666666666666
FAF2,0.0174655044570918,14,0.7142857142857143
FAH,0.01675954611376553,10,0.8
FAHD1,0.017841304582429874,18,0.7777777777777778
FAHD2A,0.023008477416851494,11,0.9090909090909091
FAHD2B,0.02436738044151393,11,0.7272727272727273
FAIM,0.013277459221819337,19,0.7894736842105263
FAIM2,0.016966752806022268,7,0.5714285714285714
FAIM3,0.05006206860555684,6,1.0
FAM100A,0.02080179055608224,8,0.875
FAM100B,0.029986065482026456,9,0.7777777777777778
FAM101A,0.0005425264826103349,35,0.8
FAM101B,0.013897305497196411,5,0.6
FAM102A,-0.03214081228302447,10,0.8
FAM102B,0.02656882460807648,6,0.6666666666666666
FAM103A1,0.021651130121757144,16,0.8125
FAM104A,0.0203062073225675,16,0.75
FAM104B,0.02742267667452189,14,0.7142857142857143
FAM105A,0.01877001578335098,9,0.6666666666666666
FAM105B,0.009446760935081872,4,0.5
FAM106A,0.04492328980776855,2,1.0
FAM107A,0.03801384751196431,9,0.8888888888888888
FAM107B,0.04032988559258883,10,0.9
FAM108A1,0.023308056013574288,12,0.75
FAM108B1,0.026022887636564216,7,0.8571428571428571
FAM108C1,0.03546711852627212,7,0.8571428571428571
FAM109A,0.021481516675644838,19,0.7368421052631579
FAM109B,0.016257894437925236,10,0.8
FAM10A4,0.018687295179378074,4,0.75
FAM110A,0.02187121227613534,27,0.9259259259259259
FAM110B,0.01519774357723325,26,0.6153846153846154
FAM110C,0.034257833231795015,10,0.8
FAM111A,0.023813569044081124,21,0.8571428571428571
FAM111B,0.01909864117434572,12,0.75
FAM113A,0.013353580270424386,17,0.8823529411764706
FAM113B,0.03593578789936761,8,0.625
FAM114A1,0.005444057027206127,17,0.8235294117647058
FAM114A2,0.011941535600538157,19,0.6842105263157895
FAM115A,0.018037214575008273,22,0.5454545454545454
FAM115C,0.014317516686296841,7,0.8571428571428571
FAM116A,0.020666115448269642,11,0.7272727272727273
FAM117A,0.023598233459848614,10,0.9
FAM117B,0.016295666985914753,6,0.8333333333333334
FAM118A,0.019202881816558506,23,0.8260869565217391
FAM118B,0.013482491301813249,18,0.5555555555555556
FAM119A,0.01421073040882554,11,0.8181818181818182
FAM119B,0.013226391084230784,16,0.625
FAM120A,0.012197432916604769,9,0.7777777777777778
FAM120AOS,0.019708781885473852,6,0.8333333333333334
FAM120B,0.010540122131413955,15,0.6
FAM120C,0.006615397962028532,9,0.6666666666666666
FAM122A,0.03635962082243322,7,1.0
FAM122B,0.039035771131753876,14,0.8571428571428571
FAM122C,0.02664748602009159,24,0.7916666666666666
FAM123A,0.03314519092710717,17,0.8235294117647058
FAM123B,0.03399918772354697,16,0.875
FAM123C,0.027771322040615175,23,0.9130434782608695
FAM124A,0.03525057613078246,4,0.75
FAM124B,0.02725221479496835,13,0.8461538461538461
FAM125A,0.01611239775037295,6,0.5
FAM125B,0.03936859435205732,2,1.0
FAM126A,0.02541709010951341,17,0.8235294117647058
FAM126B,0.030260774562463653,18,0.6666666666666666
FAM127A,0.030919113181119794,12,0.8333333333333334
FAM127B,0.023776866605072965,15,0.7333333333333333
FAM127C,0.02489720931267143,12,0.6666666666666666
FAM128A,0.014523707098731124,13,0.6923076923076923
FAM128B,0.017397583109681047,12,0.9166666666666666
FAM129A,0.01755509249792202,9,0.6666666666666666
FAM129B,0.0387289822283227,2,1.0
FAM129C,0.03855980329546281,7,1.0
FAM12A,0.04789268800004226,6,1.0
FAM12B,0.07067910692423358,3,1.0
FAM131A,0.024852145220706855,19,0.7368421052631579
FAM131B,0.016517400159954912,14,0.6428571428571429
FAM131C,0.020179246507989763,6,0.6666666666666666
FAM132A,0.024408368201036184,7,0.5714285714285714
FAM133A,0.028145879156637292,13,0.6153846153846154
FAM133B,0.020801522605830666,15,0.7333333333333333
FAM134A,0.012690742906493675,13,0.7692307692307693
FAM134B,0.01902510560408125,13,0.8461538461538461
FAM134C,0.015203518202226637,20,0.75
FAM135A,0.015475420125560937,18,0.2222222222222222
FAM135B,0.037068585750936266,16,1.0
FAM136A,0.04280984918784373,5,0.8
FAM136B,0.021277978670524278,1,1.0
FAM138B,0.04890509261884418,2,1.0
FAM138D,0.017849150326751505,6,0.6666666666666666
FAM13A,0.028750765907513597,7,0.7142857142857143
FAM13AOS,0.01788260920744385,3,0.6666666666666666
FAM13B,0.021603308719038164,15,0.7333333333333333
FAM13C,0.01916404600323038,18,0.6111111111111112
FAM149A,0.01588438374581894,16,0.4375
FAM149B1,0.018785256278937672,15,0.5333333333333333
FAM150A,0.010293464645667395,8,0.75
FAM150B,0.017130609573144707,9,1.0
FAM151A,0.03584494193509651,9,0.8888888888888888
FAM151B,0.015485331919875358,8,0.625
FAM153A,0.07163884615867969,1,1.0
FAM153B,0.0462552366603223,1,1.0
FAM153C,0.026637080500349526,4,0.75
FAM154A,0.042433500317021616,1,1.0
FAM154B,0.02114452202874924,6,0.8333333333333334
FAM155A,0.017312771799366754,21,0.6666666666666666
FAM155B,0.0297868336416934,14,0.8571428571428571
FAM157A,0.01204316783933028,2,1.0
FAM157B,0.018174293061441776,2,0.5
FAM158A,0.022056794990590458,11,0.8181818181818182
FAM159A,0.011806051644177749,7,0.8571428571428571
FAM159B,0.028493690932776875,6,0.8333333333333334
FAM160A1,0.028069636515516694,22,0.5909090909090909
FAM160A2,0.011458622610656194,12,0.75
FAM160B1,0.03276144822647715,8,0.875
FAM160B2,0.02337725659129164,2,1.0
FAM161A,0.024052523890809176,10,0.9
FAM161B,0.006668321004510033,9,0.4444444444444444
FAM162A,0.02399624257003672,11,0.9090909090909091
FAM162B,0.03174670163252175,10,0.8
FAM163A,0.022287151863451073,28,0.7857142857142857
FAM163B,0.04228730833686913,3,1.0
FAM164A,0.026776538164332904,10,0.7
FAM164C,0.02937220025279972,10,0.9
FAM165B,0.019911805659290842,14,0.6428571428571429
FAM166A,0.030518600406728144,2,0.5
FAM166B,0.012565930716203336,2,1.0
FAM167A,0.03266739547984974,19,0.8421052631578947
FAM167B,-0.03662858943867924,3,1.0
FAM168A,0.011725328711619956,21,0.7142857142857143
FAM168B,0.019064962775418106,12,0.75
FAM169A,0.03140356854217489,17,0.6470588235294118
FAM169B,0.0280656711517653,10,0.9
FAM170A,0.05276475205292,8,1.0
FAM170B,0.05776182168108413,6,1.0
FAM171A1,0.01938238515142133,5,0.6
FAM171A2,0.019737917903233787,9,0.6666666666666666
FAM171B,0.014791201351902964,10,0.6
FAM172A,0.01676660398844825,20,0.7
FAM173A,0.018364427449261055,3,0.6666666666666666
FAM173B,0.01930999543710539,11,0.8181818181818182
FAM174A,0.023443216486006942,13,0.6153846153846154
FAM174B,0.017522402279078902,10,0.5
FAM175A,0.020696186051536995,8,0.625
FAM175B,0.00987390558480143,7,0.7142857142857143
FAM176A,0.020663777541885003,31,0.8064516129032258
FAM176B,0.035054366654263557,7,1.0
FAM177A1,0.008694983928952234,5,0.6
FAM177B,0.006974371978964039,5,0.8
FAM178A,0.0356685536652902,12,0.75
FAM178B,0.032474573420029074,20,0.9
FAM179A,0.043621735276749216,10,1.0
FAM179B,0.02744251406465168,16,0.75
FAM180A,0.011403584410545365,11,0.5454545454545454
FAM180B,-0.04360707450018947,6,1.0
FAM181A,0.052818829322108685,7,1.0
FAM181B,0.026234172493701927,12,0.8333333333333334
FAM183A,0.019554813367108473,9,0.7777777777777778
FAM183B,0.04467565487303202,4,0.5
FAM184A,0.024049841571391537,29,0.6551724137931034
FAM184B,0.013705228790945852,12,0.8333333333333334
FAM185A,0.02746426196556429,11,1.0
FAM186A,0.03315207816099162,3,1.0
FAM186B,0.03452387263196358,3,1.0
FAM187B,0.05139373124648463,6,1.0
FAM188A,0.031129045179823504,9,0.7777777777777778
FAM188B,0.02440319384233416,7,0.7142857142857143
FAM189A1,0.021911912253990237,6,0.6666666666666666
FAM189A2,0.033149168360250676,5,1.0
FAM189B,0.01853027274525659,12,0.5833333333333334
FAM18A,0.020033526214865302,8,0.75
FAM18B,0.014502331869139106,7,0.8571428571428571
FAM18B2,0.028995854689939166,6,1.0
FAM190A,0.032166663920676894,20,0.65
FAM190B,0.020163928139375082,17,0.7058823529411765
FAM192A,0.01791105242210788,18,0.8888888888888888
FAM193A,0.025437611346966208,11,0.7272727272727273
FAM193B,0.022304074940702485,17,0.7647058823529411
FAM194A,0.027534001743203463,8,0.375
FAM194B,0.0281776028231018,11,0.7272727272727273
FAM195A,0.022480555671749183,8,0.75
FAM195B,0.013301390573603805,15,0.8
FAM196A,0.021551966586356143,18,0.7222222222222222
FAM196B,0.03566189568774657,16,0.75
FAM197Y2,0.04972157234039719,8,0.625
FAM198A,0.01517943216511564,9,0.7777777777777778
FAM198B,0.032653167145193035,10,0.8
FAM19A1,0.04471227937398048,4,0.75
FAM19A2,0.03223158333813988,28,0.9285714285714286
FAM19A3,0.04560119921083616,7,0.8571428571428571
FAM19A4,0.02915575107449778,18,0.8333333333333334
FAM19A5,0.015511714748854821,13,0.7692307692307693
FAM20A,0.020141688710523256,10,0.7
FAM20B,0.010890994418685037,21,0.6666666666666666
FAM20C,0.014273933022074362,10,0.9
FAM21A,0.02126105605728781,7,0.5714285714285714
FAM21B,0.006851031247777528,1,0.0
FAM21C,0.02429321105655185,9,0.6666666666666666
FAM22A,0.04060410002342066,2,1.0
FAM22D,0.03705700055726245,4,1.0
FAM24A,0.016601822646285253,5,0.6
FAM24B,0.02138002818163886,28,0.75
FAM25A,0.029131790521649152,7,1.0
FAM26D,0.02047496520570486,10,0.9
FAM26E,0.07072128486775847,3,1.0
FAM26F,0.019678869995291146,7,0.7142857142857143
FAM27A,0.057298754439814345,2,0.5
FAM27L,0.046886323123133435,6,1.0
FAM32A,0.02633279000299735,11,1.0
FAM35A,0.02595315140281857,8,0.625
FAM36A,0.015169680635201287,14,0.6428571428571429
FAM38A,0.013832957693857334,6,0.8333333333333334
FAM38B,0.018637260624202966,13,0.8461538461538461
FAM3A,0.0366366252049115,14,0.7142857142857143
FAM3B,0.023025757239498415,9,0.7777777777777778
FAM3C,0.013881477458780545,9,0.3333333333333333
FAM3D,0.02147690304470046,6,1.0
FAM40A,0.029811667534967574,9,0.7777777777777778
FAM40B,0.028040507804448007,7,1.0
FAM41C,0.051317813629855394,5,1.0
FAM43A,0.02704236964621603,21,0.7142857142857143
FAM43B,0.02783964715206526,18,1.0
FAM45A,0.01647253874485441,5,0.6
FAM45B,0.039617364550625284,9,0.7777777777777778
FAM46A,0.01878951360786503,18,0.7777777777777778
FAM46B,0.019652538311101433,10,0.9
FAM46C,0.017117715173412866,19,0.7368421052631579
FAM46D,0.022699950132073283,12,0.6666666666666666
FAM47A,0.023871402679399238,14,0.7142857142857143
FAM47B,0.012822675559527714,11,0.5454545454545454
FAM47C,0.02216465212789649,10,0.7
FAM47E,0.015028579560541452,7,0.7142857142857143
FAM48A,0.021163278487039517,15,0.8
FAM48B1,0.02007106827775931,7,0.8571428571428571
FAM48B2,0.02523171819318537,8,0.875
FAM49A,0.023200125591656455,25,0.8
FAM49B,0.014607850133392167,18,0.5
FAM50A,0.015551021668663845,6,0.8333333333333334
FAM50B,0.02620996172469522,34,0.7058823529411765
FAM53A,0.01901657503066466,19,0.8947368421052632
FAM53B,0.012599582247227369,21,0.8571428571428571
FAM53C,0.02150586687001081,12,0.9166666666666666
FAM54A,0.022421540088611375,15,0.8
FAM54B,0.01910541505457787,23,0.8260869565217391
FAM55A,0.03567369295048613,4,0.5
FAM55B,0.007875194821750139,4,0.5
FAM55C,0.014694954734153323,16,0.625
FAM55D,0.033608830293340365,5,0.6
FAM57A,0.01363911522079636,5,0.4
FAM57B,0.028070816955967626,7,0.8571428571428571
FAM58A,0.027468576155133127,6,0.8333333333333334
FAM58B,0.02583562433709459,8,0.75
FAM59A,0.016580540123178354,31,0.7096774193548387
FAM59B,0.006458406067482436,9,0.4444444444444444
FAM5B,0.01729862701505874,19,0.8421052631578947
FAM5C,0.04082683672913503,14,0.5714285714285714
FAM60A,0.014495501621173645,26,0.8846153846153846
FAM63A,0.02199629969261579,21,0.8095238095238095
FAM63B,0.015586958274767838,15,0.6
FAM64A,0.0198032140111064,14,0.7857142857142857
FAM65A,0.015635479447499073,16,0.625
FAM65B,0.031390722101143104,28,0.7857142857142857
FAM65C,-0.08406711422125387,5,1.0
FAM66B,0.04098512018834509,5,1.0
FAM66C,0.03362638323076448,7,1.0
FAM66D,0.03765567114635913,3,1.0
FAM69A,0.01711837552294008,7,0.7142857142857143
FAM69B,0.029497113638250208,4,0.75
FAM69C,0.017740148804847266,7,0.7142857142857143
FAM70A,0.012235748174100253,8,0.75
FAM71A,0.03491822736080752,8,0.875
FAM71B,0.04114499896118591,6,1.0
FAM71C,0.051973945973117615,4,1.0
FAM71D,0.028369588567166742,6,0.5
FAM71E1,0.01066404632557615,10,0.9
FAM71E2,0.029263015815801652,7,0.7142857142857143
FAM71F1,0.04046747537264211,7,1.0
FAM71F2,0.02049165940937518,3,0.6666666666666666
FAM72A,0.018411960352461475,5,0.6
FAM72B,0.013606796939340868,10,0.8
FAM72D,0.021997843196021157,5,1.0
FAM73A,0.021058978865607487,4,0.5
FAM73B,0.03341357076769546,10,0.9
FAM74A3,0.058760133150961374,1,1.0
FAM75A3,0.05816414516381399,2,1.0
FAM75A5,0.03404488142336065,1,1.0
FAM75A6,0.08000165170986265,1,1.0
FAM75A7,0.03404488142336065,1,1.0
FAM75C1,0.009405185433546792,1,0.0
FAM76A,0.022061481126216424,9,0.8888888888888888
FAM76B,0.013838447554666681,16,0.5625
FAM78A,0.009656978903297161,4,0.5
FAM78B,0.03264207611301076,9,0.8888888888888888
FAM7A1,0.03497733589438856,1,1.0
FAM7A2,0.03497733589438856,1,1.0
FAM7A3,0.03497733589438856,1,1.0
FAM81A,0.021429779939917456,10,0.7
FAM81B,0.03638599443415219,3,1.0
FAM82A1,0.01856249927509474,17,0.5882352941176471
FAM82A2,0.011288236525102748,7,0.7142857142857143
FAM82B,0.016792100286574692,14,0.5714285714285714
FAM83A,0.041383302546548095,10,0.9
FAM83B,0.02288118837081454,14,0.7142857142857143
FAM83C,0.03425015053592714,11,0.7272727272727273
FAM83D,0.012612509329320624,13,0.6153846153846154
FAM83E,0.04299678574981188,6,1.0
FAM83F,0.025183735468141538,7,0.7142857142857143
FAM83G,0.019074450899535838,9,0.6666666666666666
FAM83H,0.01855313559817535,16,0.6875
FAM84A,0.021831946054542726,14,0.7857142857142857
FAM84B,0.022469328907946753,11,0.8181818181818182
FAM86A,0.014673392991749315,7,0.7142857142857143
FAM86B1,0.014783563680165653,4,0.5
FAM86B2,0.019140471457293164,4,0.5
FAM86C,0.00713610944768049,5,0.8
FAM86D,0.029477223012187765,4,0.75
FAM89A,0.020861439713026963,6,0.6666666666666666
FAM89B,0.007268851136198515,11,0.7272727272727273
FAM8A1,0.014336994271789463,12,0.5
FAM90A1,0.038369756875513014,10,0.7
FAM90A10,0.04141746923855777,1,1.0
FAM90A13,0.023446597662291832,4,0.5
FAM90A14,0.023446597662291832,4,0.5
FAM90A20,0.00032096398774711377,1,0.0
FAM90A5,0.03684599978741687,1,1.0
FAM90A7,0.04997622702479987,2,1.0
FAM91A1,0.015197218750354863,14,0.8571428571428571
FAM92A1,0.018558444920796432,8,0.75
FAM92A3,0.02917823463359755,3,0.6666666666666666
FAM92B,0.03080849790111113,6,0.8333333333333334
FAM96A,0.026220252375728465,14,0.9285714285714286
FAM96B,0.009560609926199084,15,0.8
FAM98A,0.012381023310503015,12,0.75
FAM98B,0.019276005492251162,9,0.4444444444444444
FAM98C,0.013823799771202723,7,0.7142857142857143
FAM99A,0.02071620683500912,4,1.0
FAM99B,0.03929632298629391,6,1.0
FAM9A,0.022653324071754084,13,0.6923076923076923
FAM9B,0.040315929958229114,5,1.0
FAM9C,0.00961602971482461,7,0.7142857142857143
FANCA,0.0018591663089263363,13,0.6153846153846154
FANCB,0.025589856836954448,13,0.6923076923076923
FANCC,0.02342575880023438,18,0.6666666666666666
FANCD2,0.015173448161288586,8,0.625
FANCE,0.03463037215948869,6,1.0
FANCF,0.018197355883741623,24,0.625
FANCG,0.032450621860672754,4,1.0
FANCI,0.02321733774428512,13,0.6923076923076923
FANCL,0.018206624197096694,8,0.625
FANCM,0.02537444019906101,15,0.8666666666666667
FANK1,0.02240344817865175,9,0.5555555555555556
FAP,-0.09622847194266784,4,0.75
FAR1,0.007272151563467693,16,0.5
FAR2,0.03840911337333844,9,0.7777777777777778
FARP1,0.01886167798120492,36,0.7222222222222222
FARP2,0.017857225396635968,13,0.6923076923076923
FARS2,0.013530932757910714,21,0.6190476190476191
FARSA,0.026484329914771284,11,1.0
FARSB,0.020302672414292365,10,0.6
FAS,0.022362696205711057,10,0.8
FASLG,0.020264763514438178,5,0.6
FASN,0.012172668916514176,8,0.875
FASTK,0.017337567614532794,23,0.8695652173913043
FASTKD1,0.05135732874405413,6,1.0
FASTKD2,0.021422274916542205,15,0.8666666666666667
FASTKD3,0.019811140213801925,16,0.75
FASTKD5,0.020171238091240037,17,0.6470588235294118
FAT1,0.015409685363465517,18,0.6111111111111112
FAT2,0.03761668205683188,5,1.0
FAT3,0.026137704491035845,3,0.6666666666666666
FAT4,0.026357405148709472,20,0.95
FATE1,0.04593356668754653,3,1.0
FAU,0.012331612770401505,13,0.6923076923076923
FBF1,0.018338291922987814,12,0.6666666666666666
FBL,0.018287489229270613,4,0.75
FBLIM1,0.03257432324168473,16,0.8125
FBLL1,0.021790489581289107,5,0.8
FBLN1,0.016752399731444028,5,0.8
FBLN2,0.025082410152785242,22,0.7727272727272727
FBLN5,0.013231804722928077,7,0.7142857142857143
FBLN7,0.022651363818089236,8,0.625
FBN1,0.013862462321785831,10,0.5
FBN2,0.02202935741310429,12,0.6666666666666666
FBN3,0.03504577319680045,7,0.8571428571428571
FBP1,0.034517771272444285,8,1.0
FBP2,0.04701805169209876,2,1.0
FBRS,0.010442031552565203,7,0.7142857142857143
FBRSL1,0.002724567740994434,31,0.4838709677419355
FBXL12,0.020742316202571092,13,0.6923076923076923
FBXL13,0.02011686466775664,15,0.8666666666666667
FBXL14,0.01580648541301692,9,0.7777777777777778
FBXL15,0.008857384643266865,18,0.8888888888888888
FBXL16,0.026060708216884488,17,0.7647058823529411
FBXL17,0.019045195027616948,9,0.6666666666666666
FBXL18,0.01395643767017562,5,0.8
FBXL19,0.020446803839698154,11,1.0
FBXL2,0.01392811669155134,5,0.6
FBXL20,0.01182796189227689,7,0.5714285714285714
FBXL21,0.024230908741735176,14,0.9285714285714286
FBXL22,-0.07254072720485057,6,1.0
FBXL3,0.010312761059802387,12,0.5833333333333334
FBXL4,0.028389326157085275,13,0.8461538461538461
FBXL5,0.01761230700730363,8,0.375
FBXL6,0.012838454343231775,7,0.2857142857142857
FBXL7,0.011335403018274456,5,0.8
FBXL8,0.017098699005606947,18,0.7222222222222222
FBXO10,0.03656529624795967,9,0.7777777777777778
FBXO11,0.018616786943217205,18,0.5
FBXO15,0.016151538924023788,20,0.75
FBXO16,0.03313579855208751,10,1.0
FBXO17,0.017665413904098547,16,0.6875
FBXO18,0.018387737924648866,14,0.7142857142857143
FBXO2,0.014233787872595584,12,0.75
FBXO21,0.017431673488912006,8,0.625
FBXO22,0.01685257309031989,7,0.42857142857142855
FBXO22OS,0.012813974030365605,2,0.0
FBXO24,0.012291649024672082,10,0.7
FBXO25,0.01889642963973707,10,0.5
FBXO27,0.019246593802091552,9,0.8888888888888888
FBXO28,0.011992795660299503,8,0.625
FBXO3,-0.03350714994508415,10,0.6
FBXO30,0.020597584975490756,15,0.6666666666666666
FBXO31,0.009451728837523727,17,0.5882352941176471
FBXO32,0.012993571081552845,14,0.9285714285714286
FBXO33,0.010385309139560563,11,0.6363636363636364
FBXO34,0.019201701289265148,23,0.5652173913043478
FBXO36,0.021222812236500434,8,0.625
FBXO38,0.02381079083580838,15,0.9333333333333333
FBXO39,0.015712973712486294,13,0.6153846153846154
FBXO4,0.012809778647688043,8,0.625
FBXO40,0.03445354431974617,5,0.8
FBXO41,0.062486533892976454,2,1.0
FBXO42,0.015792141073540846,14,0.7142857142857143
FBXO43,0.030183882444496254,8,0.875
FBXO44,0.004270179640864478,17,0.7647058823529411
FBXO45,0.012834803072979167,11,0.5454545454545454
FBXO46,0.02697485616363935,15,0.8666666666666667
FBXO47,0.02792729309705568,10,0.9
FBXO48,0.02242265601115689,13,0.5384615384615384
FBXO5,0.017148383244329577,22,0.6363636363636364
FBXO6,0.02241131392828134,12,0.5
FBXO7,0.022334238150493204,16,0.875
FBXO8,0.0307231991727934,24,0.75
FBXO9,0.017895218218608698,19,0.631578947368421
FBXW10,0.0678291704286135,4,1.0
FBXW11,0.02477001876735796,10,0.8
FBXW12,0.04853839222818654,9,1.0
FBXW2,0.016975731070661762,4,0.5
FBXW4,0.020830994172340155,5,0.8
FBXW5,0.026040958368787316,4,0.75
FBXW7,0.0203544151618346,20,0.7
FBXW8,0.018320619036148154,9,0.7777777777777778
FBXW9,0.021514057136806364,12,1.0
FCAMR,0.03529507431939319,4,1.0
FCAR,0.04599682997724585,5,0.8
FCER1A,0.03692214580871902,4,0.75
FCER1G,0.03243242390779262,7,1.0
FCER2,0.045742596166611325,9,1.0
FCF1,0.03333622912059951,6,0.6666666666666666
FCGBP,0.04654224495287547,5,1.0
FCGR1A,0.04922963905626493,1,1.0
FCGR1C,0.09473048315595925,1,1.0
FCGR2A,0.02359519889043822,4,0.5
FCGR3A,0.05123318793784542,3,1.0
FCGR3B,0.05401121232099092,4,1.0
FCGRT,0.02085505080900268,11,0.7272727272727273
FCHO1,0.028449136250868912,20,0.9
FCHO2,0.010645671334209279,9,0.5555555555555556
FCHSD1,0.01182651253624009,10,0.6
FCHSD2,0.006113231517292007,7,0.8571428571428571
FCN1,0.05952662079414354,3,1.0
FCN2,0.025660727038900016,4,0.5
FCN3,0.03579370611688378,5,1.0
FCRL1,0.03730237237759728,3,0.6666666666666666
FCRL2,0.0010840424451625252,1,0.0
FCRL3,0.04204432241234917,7,1.0
FCRL4,0.014331968538936243,2,0.0
FCRL5,0.01551395231953627,2,0.0
FCRL6,0.02793204632635302,7,0.8571428571428571
FCRLA,0.04442094446313073,4,1.0
FCRLB,0.014627778464573138,4,1.0
FDFT1,0.01093296583913332,9,0.5555555555555556
FDPS,0.016855156350550564,18,0.7222222222222222
FDX1,0.023725676275484334,8,0.625
FDX1L,0.03808422985889052,6,1.0
FDXACB1,0.02446230779496863,12,0.8333333333333334
FDXR,0.011668357373252015,12,0.6666666666666666
FECH,0.020989665875164546,9,1.0
FEM1A,0.03164911975164373,15,0.9333333333333333
FEM1B,0.029908196282822146,10,0.9
FEM1C,0.015943845582588233,12,0.5833333333333334
FEN1,0.016126598697416613,23,0.8260869565217391
FER,0.026760669096637556,18,0.4444444444444444
FER1L4,0.05279452148079217,3,1.0
FER1L5,0.02624025740705534,14,0.7142857142857143
FER1L6,0.015140197068454203,10,0.6
FERD3L,0.045061879947627545,9,1.0
FERMT1,-0.03770480023747045,12,0.8333333333333334
FERMT2,0.029569258928649582,15,0.8666666666666667
FERMT3,0.03374240235468117,10,0.9
FES,0.0013088596949452193,11,0.8181818181818182
FETUB,0.04364265259671926,2,1.0
FEV,0.031225898219959296,5,1.0
FEZ1,0.019259220834602072,19,0.7894736842105263
FEZ2,0.0334887986378216,10,0.8
FEZF1,0.02392007360662581,19,0.7368421052631579
FEZF2,0.025208950599189504,15,0.6666666666666666
FFAR1,0.035650481157451244,11,0.9090909090909091
FFAR2,0.0378981117204303,9,0.7777777777777778
FFAR3,0.03725723518210147,4,0.75
FGA,0.06195989982391649,4,0.75
FGB,0.013445583051997695,2,0.0
FGD1,0.02621760646117175,10,0.5
FGD2,0.05429077644652277,5,1.0
FGD3,0.02798331806738314,5,1.0
FGD4,0.044755530224851764,11,0.8181818181818182
FGD5,0.03606798094495811,9,0.8888888888888888
FGD6,0.011868191308344466,12,0.4166666666666667
FGF1,-0.03124268168389608,32,0.90625
FGF10,0.019481921899906923,13,0.7692307692307693
FGF11,0.0009881244526014877,11,0.45454545454545453
FGF12,0.018721315336794102,28,0.6785714285714286
FGF13,0.02986211419107804,42,0.8571428571428571
FGF14,0.03272939277616492,14,0.8571428571428571
FGF16,0.038245402737573195,5,1.0
FGF17,0.028878015554750953,7,1.0
FGF18,0.01311537716696118,8,0.5
FGF19,0.024385918606313606,16,0.875
FGF2,0.025560117843934332,8,0.75
FGF20,0.04267622396824904,10,0.9
FGF21,0.04498193075342608,7,1.0
FGF22,0.012241637336782704,9,0.6666666666666666
FGF23,0.03946428724357015,6,0.8333333333333334
FGF3,0.013201723962307614,15,0.7333333333333333
FGF4,0.017754275752377986,10,0.9
FGF5,0.019140175202808696,10,0.7
FGF6,0.037428201853702305,14,0.7857142857142857
FGF7,0.0602257280082444,4,0.75
FGF8,0.01582918409423618,5,1.0
FGF9,0.028119216618715852,20,0.75
FGFBP1,0.01230147643628716,6,0.8333333333333334
FGFBP2,-0.02879611143421236,9,0.6666666666666666
FGFBP3,0.0393626971565431,6,0.8333333333333334
FGFR1,0.01619242913485072,25,0.6
FGFR1OP,0.017576031229944868,10,0.6
FGFR1OP2,0.00965387814449168,13,0.46153846153846156
FGFR2,0.023159900401602464,33,0.696969696969697
FGFR3,0.012947663395956622,6,0.6666666666666666
FGFR4,0.019682847423092713,13,0.7692307692307693
FGFRL1,0.004711264287553819,38,0.4473684210526316
FGG,0.045670677831516196,4,0.75
FGGY,0.027027630192177132,13,0.7692307692307693
FGL1,0.04164947973760693,3,1.0
FGL2,0.014803367557909482,4,0.25
FGR,0.021280374449756372,21,0.9047619047619048
FH,0.03170795195553916,4,1.0
FHAD1,0.03111374541217615,11,0.9090909090909091
FHDC1,0.05212177331666416,5,1.0
FHIT,0.025303805973576652,39,0.8461538461538461
FHL1,0.03074075446969147,28,0.8214285714285714
FHL2,0.02363259462454806,28,0.8571428571428571
FHL3,0.02270564875689389,13,0.8461538461538461
FHL5,0.05164602034378111,4,0.75
FHOD1,0.021612536737572848,10,0.7
FHOD3,0.010252785730128151,7,0.5714285714285714
FIBCD1,0.021323728322423224,6,0.6666666666666666
FIBIN,0.016504423909882843,9,0.6666666666666666
FIBP,0.02132365001759288,8,1.0
FICD,0.020507048610414386,14,0.7857142857142857
FIG4,0.021432096326599752,19,0.6842105263157895
FIGF,0.0367736154829139,4,0.75
FIGLA,0.01901879124242818,8,0.625
FIGN,0.020333518333633005,11,0.45454545454545453
FIGNL1,0.01835737916872365,13,0.5384615384615384
FIGNL2,0.02350541549344761,15,0.7333333333333333
FILIP1,0.03528012945898763,13,0.5384615384615384
FILIP1L,0.010932167072477995,40,0.55
FIP1L1,0.017106935564040318,8,0.625
FIS1,0.012757682377435922,8,0.75
FITM1,0.04493658822054255,6,1.0
FITM2,0.013053052428537278,9,0.5555555555555556
FIZ1,0.017513345272081555,10,0.8
FJX1,0.019301263509343605,15,0.6666666666666666
FKBP10,0.014779649743177137,21,0.7619047619047619
FKBP11,0.012063960973415765,18,0.6111111111111112
FKBP14,0.023883557396231596,10,0.9
FKBP15,0.04208334704177138,3,1.0
FKBP1A,0.023188231566652544,7,0.5714285714285714
FKBP1AP1,0.005022387295410213,2,0.0
FKBP1B,0.027146986304222166,10,0.8
FKBP2,0.015220350624684551,21,0.8095238095238095
FKBP3,0.028898627874783162,12,0.8333333333333334
FKBP4,0.009650251989072002,12,0.5833333333333334
FKBP5,-0.012328208325333134,27,0.6296296296296297
FKBP6,0.006515014169202585,12,0.4166666666666667
FKBP7,0.020455511801171836,10,0.8
FKBP8,5.8498837458339615e-05,7,1.0
FKBP9,0.014723776108807835,11,0.7272727272727273
FKBP9L,0.03652917679015044,6,0.8333333333333334
FKBPL,0.02418146172491053,27,0.8888888888888888
FKRP,0.01860916749356319,14,0.7142857142857143
FKSG29,0.015576916618570821,3,0.6666666666666666
FKSG83,0.04388377872770945,4,0.75
FKTN,0.012698641433170049,5,0.8
FLAD1,0.020279472007178483,13,0.8461538461538461
FLCN,0.018331956136736143,15,0.6666666666666666
FLG,-0.007392634978559476,5,1.0
FLG2,0.06595737911925537,5,1.0
FLI1,0.017017094668800546,38,0.8421052631578947
FLII,0.02040680050244651,11,0.8181818181818182
FLJ10038,0.013746083338410021,16,0.625
FLJ10213,-0.02056196951016081,4,0.25
FLJ10357,0.00468048304306974,7,0.5714285714285714
FLJ10661,0.023492082923176713,9,0.7777777777777778
FLJ11235,0.030548204411634715,10,0.8
FLJ12825,0.031470352055449916,5,1.0
FLJ13197,0.014426219859298369,8,0.75
FLJ13224,0.023810264494944777,5,0.8
FLJ14107,0.04420048129489786,5,0.8
FLJ16779,0.00786017536408422,8,0.5
FLJ20184,0.04114969731930195,4,0.75
FLJ22536,0.0213956303763704,8,0.5
FLJ23834,0.030679829901255368,5,0.8
FLJ23867,0.027366627383108837,6,0.8333333333333334
FLJ25006,0.046782664116597046,5,1.0
FLJ25328,0.0556426337274758,6,1.0
FLJ25363,0.030381923009921145,7,1.0
FLJ25758,0.04886340045213421,3,1.0
FLJ26850,0.033487108819342436,6,0.8333333333333334
FLJ30058,0.03770781354356805,24,0.875
FLJ30679,0.020068734755396427,5,0.8
FLJ31306,0.022490278038271184,12,0.9166666666666666
FLJ32063,0.028002437501137248,6,1.0
FLJ32065,0.017967161941752605,10,0.8
FLJ32810,0.022553366145913165,7,0.8571428571428571
FLJ33360,0.042362304317456724,7,1.0
FLJ33630,0.008112341359213784,12,0.5833333333333334
FLJ34503,0.06749906560328588,3,1.0
FLJ35024,0.010171198771148781,4,1.0
FLJ35220,0.01683275413790103,13,0.6923076923076923
FLJ35390,0.04152821368890975,4,1.0
FLJ35776,0.018518969042438493,4,0.5
FLJ36000,0.0009538996843771463,3,0.6666666666666666
FLJ36031,0.028235689110362904,11,0.8181818181818182
FLJ36777,0.023530941150736676,6,0.8333333333333334
FLJ37201,0.019445298579012005,2,0.5
FLJ37307,0.027806136459519515,7,1.0
FLJ37453,0.0147983443240537,8,0.375
FLJ37543,0.03708384980452242,2,1.0
FLJ39582,0.014359037470838752,7,0.8571428571428571
FLJ39609,0.016119116261752154,11,0.8181818181818182
FLJ39653,0.015466373652150282,3,0.6666666666666666
FLJ39739,0.029413092477061923,2,1.0
FLJ40125,0.025628325182344574,10,0.7
FLJ40292,0.02166617342906163,3,0.6666666666666666
FLJ40330,0.00792003172327094,9,0.5555555555555556
FLJ40434,0.025506950671694076,8,0.75
FLJ40504,0.01759665659860246,4,0.25
FLJ40852,0.028476670826014135,7,0.7142857142857143
FLJ41350,0.017777407058868648,16,0.875
FLJ41562,0.02300752895238159,2,0.5
FLJ41603,0.01685364745695837,10,0.5
FLJ41856,0.031326947457766485,1,0.0
FLJ41941,0.031337253582771715,4,0.75
FLJ42289,-0.0029890722864239078,13,0.6153846153846154
FLJ42393,0.030697161455507965,4,1.0
FLJ42709,0.03215652399855077,11,0.9090909090909091
FLJ42875,0.019794483180985194,14,0.5714285714285714
FLJ43390,0.00967566868884445,9,0.6666666666666666
FLJ43663,0.01802637786193061,17,1.0
FLJ43860,0.042033936841720534,10,0.9
FLJ43950,0.03735097394119022,2,1.0
FLJ44606,0.005776388350771483,17,0.8235294117647058
FLJ44635,0.046613855079651594,7,1.0
FLJ44817,0.02126481581356851,12,0.5833333333333334
FLJ45079,0.0457388074469503,5,1.0
FLJ45244,0.015416550943800001,10,0.7
FLJ45340,0.023708030283043673,3,0.3333333333333333
FLJ45983,0.011218629226400793,40,0.65
FLJ46111,0.014670499938013263,3,1.0
FLJ46321,0.031271525661601185,1,1.0
FLJ46361,0.0575207481572009,2,1.0
FLJ90757,0.01111139684172557,14,0.7857142857142857
FLNA,0.024541323701718354,18,0.6666666666666666
FLNB,0.012045635416800626,12,0.6666666666666666
FLNC,0.01949281440197865,8,0.625
FLOT1,0.019153299440098963,49,0.7142857142857143
FLOT2,0.024749012033758153,9,0.7777777777777778
FLRT1,0.05003729162469988,12,0.9166666666666666
FLRT2,0.007835806326355355,41,0.7560975609756098
FLRT3,0.03122661828939878,8,0.625
FLT1,0.02046732440662098,7,0.7142857142857143
FLT3,0.020100340855652727,6,0.8333333333333334
FLT3LG,0.026459886648548515,9,0.7777777777777778
FLT4,0.021308470525642637,3,1.0
FLVCR1,0.015355565836420762,12,0.6666666666666666
FLVCR2,0.00849965513811978,9,0.6666666666666666
FLYWCH1,0.02137579309898114,18,0.7777777777777778
FLYWCH2,0.02140712936859431,18,0.8888888888888888
FMN1,-0.03105903476294472,8,0.75
FMN2,0.021010512574264496,12,0.75
FMNL1,0.01915031443943692,9,0.6666666666666666
FMNL2,0.01973204898288212,9,0.8888888888888888
FMNL3,0.007896389985380474,8,0.75
FMO1,0.028949685885049592,11,0.8181818181818182
FMO2,0.05511401854278951,4,1.0
FMO3,0.03527028490265902,5,1.0
FMO4,0.03861086632441814,6,1.0
FMO5,0.04036065627070314,6,1.0
FMO6P,0.058240228364284344,5,1.0
FMO9P,0.056434560026321294,2,1.0
FMOD,-0.0446775214686262,6,0.8333333333333334
FMR1,0.02714138808270637,9,0.6666666666666666
FMR1NB,0.03163475751207694,9,0.7777777777777778
FN1,0.03559743804678417,10,1.0
FN3K,0.043631092581531576,4,1.0
FN3KRP,0.017186051387274925,11,0.6363636363636364
FNBP1,0.017601417738815572,5,0.6
FNBP1L,0.019650163347284113,8,0.625
FNBP4,0.0114300985317823,9,0.6666666666666666
FNDC1,0.015599184642938232,6,0.6666666666666666
FNDC3A,0.02508955872642479,17,0.5882352941176471
FNDC3B,0.01715776416443986,30,0.6666666666666666
FNDC4,0.01724919286060818,11,0.7272727272727273
FNDC5,0.018785751222883434,7,0.7142857142857143
FNDC7,0.04476205702288351,5,1.0
FNDC8,0.04506401709375218,4,1.0
FNIP1,0.015124947710817639,13,0.9230769230769231
FNIP2,0.028942594284593476,6,0.8333333333333334
FNTA,0.0184962487800358,8,0.625
FNTB,0.02523758029437435,8,0.75
FOLH1,0.03984537897191715,3,0.6666666666666666
FOLH1B,0.048783660065604084,3,0.3333333333333333
FOLR1,0.03420409306408298,11,0.9090909090909091
FOLR2,0.02194601187013266,3,0.6666666666666666
FOLR3,0.0419151907586338,5,1.0
FOLR4,0.04137118435131923,3,1.0
FOS,0.015314659985280947,12,1.0
FOSB,0.03351679898047685,13,0.9230769230769231
FOSL1,0.020649820834217826,10,0.5
FOSL2,0.019984370559055758,11,0.7272727272727273
FOXA1,0.0154096818092249,13,0.6153846153846154
FOXA2,0.016142268463931107,15,0.5333333333333333
FOXA3,0.0176876426301542,12,0.8333333333333334
FOXB1,0.013905363267533132,13,0.6153846153846154
FOXB2,0.013572714205200787,8,0.625
FOXC1,0.016711390841900892,14,0.6428571428571429
FOXC2,0.01975824305303898,16,0.6875
FOXD1,0.019568041502805455,6,1.0
FOXD2,0.013917667419739231,26,0.6538461538461539
FOXD3,0.022955645180987326,13,0.7692307692307693
FOXD4,0.035181630488580286,5,1.0
FOXD4L1,0.033843060473862346,9,0.8888888888888888
FOXD4L3,-0.013797374185952005,1,1.0
FOXD4L5,0.026296968068934515,2,0.5
FOXD4L6,0.026883671524796926,1,1.0
FOXE1,0.03479568138656834,12,0.9166666666666666
FOXE3,0.020659291824135548,11,0.7272727272727273
FOXF1,0.01794037774716569,21,0.8571428571428571
FOXF2,0.009732413192309494,12,0.9166666666666666
FOXG1,0.02735669597470457,29,0.6896551724137931
FOXH1,0.00790691292126324,9,0.7777777777777778
FOXI1,0.03738849033839667,11,0.8181818181818182
FOXI2,0.019697686338126505,17,0.6470588235294118
FOXI3,0.02569098621140617,10,0.7
FOXJ1,0.02376913797741174,13,0.7692307692307693
FOXJ2,0.022937145437947507,13,0.8461538461538461
FOXJ3,0.01727349322941184,20,0.75
FOXK1,0.023220165663692137,5,0.8
FOXK2,0.015549201047489058,7,0.5714285714285714
FOXL1,0.023900360793868817,11,0.9090909090909091
FOXL2,0.007607005372981611,21,0.6190476190476191
FOXM1,0.010186214460588218,12,0.5833333333333334
FOXN1,0.058902161073521475,6,1.0
FOXN2,0.03137841620811293,9,0.7777777777777778
FOXN3,0.02611719046472071,44,0.7954545454545454
FOXN4,0.02704571168915833,7,0.8571428571428571
FOXO1,0.015242331489113197,10,0.8
FOXO3,0.011954523642567912,17,0.6470588235294118
FOXO3B,0.005319956870885045,2,0.0
FOXO4,0.0326605898601269,10,0.8
FOXP1,0.013991211111516171,68,0.6911764705882353
FOXP2,0.036919429741107866,11,0.6363636363636364
FOXP3,0.03663450303029651,7,0.8571428571428571
FOXP4,0.021576617138590673,32,0.71875
FOXQ1,0.015177255069928227,15,0.8
FOXR1,0.030996727253480252,11,0.7272727272727273
FOXR2,0.04383227703633415,4,1.0
FOXRED1,0.013440536593510579,17,0.6470588235294118
FOXRED2,0.014843928866219516,9,0.7777777777777778
FOXS1,0.03507616386946896,8,1.0
FPGS,0.02327753627093778,4,1.0
FPGT,0.02772540311034029,9,0.6666666666666666
FPR1,0.021811344716930026,5,1.0
FPR2,0.03462691675814642,10,0.9
FPR3,0.05149245617233892,3,1.0
FRAS1,0.015470058727107137,14,0.6428571428571429
FRAT1,0.012231521548548967,18,0.7777777777777778
FRAT2,0.016740735499431832,11,0.6363636363636364
FREM1,0.05421365500037971,4,1.0
FREM2,0.03054429630648539,21,0.8571428571428571
FREM3,0.03366296236221636,11,0.9090909090909091
FREQ,0.015409168549302377,5,1.0
FRG1,0.019934834555812884,11,0.6363636363636364
FRG1B,0.008009792251425573,6,0.3333333333333333
FRG2,0.05656161107400556,2,1.0
FRG2B,0.0380590179057697,3,1.0
FRG2C,0.05998882563272229,2,1.0
FRK,0.005595413342806861,7,0.7142857142857143
FRMD1,0.01334552782892046,20,0.75
FRMD3,0.008148365511840353,2,0.0
FRMD4A,0.043282017109799335,7,1.0
FRMD4B,0.029628992206720037,6,0.6666666666666666
FRMD5,0.018836163956690362,10,0.9
FRMD6,0.01936836013557893,33,0.7878787878787878
FRMD7,0.06123093181301992,4,1.0
FRMD8,0.01233845231533341,11,0.6363636363636364
FRMPD1,0.033186212680697394,5,0.8
FRMPD2,0.0479109241788595,9,0.8888888888888888
FRMPD2L1,0.04010720883158886,1,1.0
FRMPD2L2,0.04010720883158886,1,1.0
FRMPD4,0.025381232030129642,10,0.7
FRRS1,0.03500127842628784,5,0.6
FRS2,0.03147152189657552,18,0.6111111111111112
FRS3,0.02500835318643638,12,0.8333333333333334
FRY,0.011785425524264368,10,0.8
FRYL,0.025540058709148307,18,0.8333333333333334
FRZB,0.020440505747003783,12,0.9166666666666666
FSCB,0.05053893007062667,2,1.0
FSCN1,0.010272382795107766,15,0.6666666666666666
FSCN2,0.012480155360711507,11,0.5454545454545454
FSCN3,0.014162124799041572,6,0.5
FSD1,0.021465298404295972,9,0.7777777777777778
FSD1L,0.022020599429586493,3,1.0
FSD2,-0.017163862714439218,2,1.0
FSHB,0.043866994225374815,4,1.0
FSHR,0.02364155384651405,4,0.75
FSIP1,0.022658783460028583,16,0.625
FST,0.008665890086224917,7,0.7142857142857143
FSTL1,0.011459126352032827,6,0.8333333333333334
FSTL3,0.014781236277893297,6,0.8333333333333334
FSTL4,0.028488267347501456,17,0.8823529411764706
FSTL5,0.04015840649318352,12,0.9166666666666666
FTCD,0.020878568128037213,5,0.6
FTH1,0.017982055377631458,13,0.6923076923076923
FTHL17,0.01633696265681651,12,0.75
FTHL3,0.03497488125811993,1,1.0
FTL,0.007076857395271122,8,0.625
FTMT,0.030349267472818055,8,0.625
FTO,0.017232991651025494,10,0.7
FTSJ1,0.022092888039796563,16,0.6875
FTSJ2,0.03158393830481294,6,0.8333333333333334
FTSJ3,0.015198991561876346,13,0.7692307692307693
FTSJD1,0.015479450209416525,16,0.5
FTSJD2,0.03602120073923436,7,1.0
FUBP1,0.025147416433485476,9,0.5555555555555556
FUBP3,0.01805092145678267,3,0.6666666666666666
FUCA1,0.030606661783157366,16,0.8125
FUCA2,-0.0025310941770733766,10,0.9
FUK,0.018007306402923254,11,0.8181818181818182
FUNDC1,0.02079380681729919,5,0.6
FUNDC2,0.048817380650056745,11,0.7272727272727273
FURIN,-0.00860192407187813,12,0.9166666666666666
FUS,0.013547052499423314,9,0.6666666666666666
FUT1,0.03469992579803504,11,0.9090909090909091
FUT10,0.023065143779005093,14,0.7857142857142857
FUT11,0.0074631951783469186,11,0.6363636363636364
FUT2,0.02557154299887314,13,0.8461538461538461
FUT3,0.035977116723862564,9,1.0
FUT4,0.018554427688047933,21,0.9047619047619048
FUT5,0.03508947343014126,6,0.8333333333333334
FUT6,0.03682059096976311,12,0.8333333333333334
FUT7,0.05595513556200826,3,1.0
FUT8,0.014285926537326948,19,0.5263157894736842
FUT9,0.041498489977563134,12,0.8333333333333334
FUZ,0.02797591799633991,10,0.9
FXC1,0.013434071885250313,13,0.7692307692307693
FXN,0.039233342305504085,4,1.0
FXR1,0.014344964493079383,14,0.5714285714285714
FXR2,0.010939268739884364,9,0.4444444444444444
FXYD1,-0.02738739052560812,15,0.7333333333333333
FXYD2,0.0230624315111444,11,0.9090909090909091
FXYD3,0.014546092419928984,9,0.8888888888888888
FXYD4,0.04449897409541216,9,0.8888888888888888
FXYD5,0.0055147448567130905,12,0.5833333333333334
FXYD6,0.0348652993185164,24,0.9166666666666666
FXYD7,0.018809664202873513,10,0.6
FYB,-0.07086703589806959,9,0.7777777777777778
FYCO1,0.011619173936053854,12,0.8333333333333334
FYN,0.011361177540400965,54,0.7222222222222222
FYTTD1,0.02035094614751874,23,0.9130434782608695
FZD1,0.021463903646468545,21,0.7142857142857143
FZD10,0.01864212226512847,17,0.8235294117647058
FZD2,0.027556266609482214,14,0.9285714285714286
FZD3,0.023606106126522246,10,0.8
FZD4,0.008046610676664194,11,0.5454545454545454
FZD5,0.020333515696766565,11,1.0
FZD6,0.019846804652818014,13,0.5384615384615384
FZD7,0.024851056489105797,17,0.7647058823529411
FZD8,0.01721111560844157,17,0.7058823529411765
FZD9,0.03332199883172922,11,0.8181818181818182
FZR1,-0.0003628037219621998,19,0.6842105263157895
G0S2,0.016373654187681417,11,0.6363636363636364
G2E3,0.02391596142765909,14,0.6428571428571429
G3BP1,0.014151217731032246,20,0.65
G3BP2,0.014182708767315186,16,0.6875
G6PC,0.07233936722595422,6,1.0
G6PC2,0.0368940322431049,4,0.75
G6PC3,0.019390252653170778,13,0.7692307692307693
G6PD,0.024946932312922082,21,0.7142857142857143
GAA,0.015797440144790162,9,0.7777777777777778
GAB1,0.020619486426260984,7,1.0
GAB2,0.01597745101925121,11,0.8181818181818182
GAB3,0.03919549632372614,10,0.9
GAB4,0.018563652797490504,10,0.5
GABARAP,0.011074117273612866,15,0.7333333333333333
GABARAPL1,0.01730123411813772,11,0.5454545454545454
GABARAPL2,0.019733544659984087,7,0.8571428571428571
GABARAPL3,0.03106350918698676,5,1.0
GABBR1,0.017794616282816714,36,0.6666666666666666
GABBR2,0.027933793388115444,6,0.8333333333333334
GABPA,0.022175809200307862,17,0.6470588235294118
GABPB1,0.019090522198890805,26,0.6538461538461539
GABPB2,0.02230763968298011,13,0.7692307692307693
GABRA1,0.03796635503973719,22,0.8181818181818182
GABRA2,0.02485772827121966,22,0.6818181818181818
GABRA3,0.04750894449273291,12,0.9166666666666666
GABRA4,0.02554932642174902,10,0.9
GABRA5,0.03305754347927705,30,0.8
GABRA6,0.06411082992261119,5,0.8
GABRB1,0.04194339782419608,9,0.7777777777777778
GABRB2,0.022955442659825482,13,0.6153846153846154
GABRB3,0.039819087748779076,11,0.8181818181818182
GABRD,0.025349094598401484,6,0.8333333333333334
GABRE,0.02457152393602417,6,0.8333333333333334
GABRG1,0.03573829905790048,7,0.8571428571428571
GABRG2,0.05104327825519316,12,0.8333333333333334
GABRG3,0.013438545438882163,17,0.5294117647058824
GABRP,0.05044188751081749,9,1.0
GABRQ,0.013551769424409508,9,0.6666666666666666
GABRR1,0.02211443244505551,6,0.6666666666666666
GABRR2,0.02215549978332924,7,0.8571428571428571
GABRR3,0.04071550137656141,2,1.0
GAD1,0.020796494854621934,15,0.6666666666666666
GAD2,0.02691317901232158,13,0.7692307692307693
GADD45A,0.026200841562197322,7,0.8571428571428571
GADD45B,0.013590101025196121,11,0.5454545454545454
GADD45G,0.02199026885190722,5,1.0
GADD45GIP1,0.03230129604503038,7,0.8571428571428571
GADL1,0.013234718935923649,9,0.6666666666666666
GAGE10,0.026872673676836566,7,0.8571428571428571
GAGE12B,0.028330004603956502,2,0.5
GAGE12C,0.014755088141389622,3,0.3333333333333333
GAGE12D,0.014755088141389622,3,0.3333333333333333
GAGE12E,0.014755088141389622,3,0.3333333333333333
GAGE12F,0.03006450897951296,2,1.0
GAGE12G,0.014755088141389622,3,0.3333333333333333
GAGE12H,0.028330004603956502,2,0.5
GAGE12I,0.029224216703949535,3,1.0
GAGE12J,0.03563810691437167,3,0.6666666666666666
GAGE2A,0.02142021356684079,9,0.7777777777777778
GAGE2B,0.037895944344992466,2,1.0
GAGE2C,0.025943914305834943,8,0.875
GAGE2D,-0.0038978001476968616,1,1.0
GAGE2E,0.025943914305834943,8,0.875
GAGE4,0.029224216703949535,3,1.0
GAGE5,0.029224216703949535,3,1.0
GAGE6,-0.012394744783744138,1,0.0
GAGE7,0.029224216703949535,3,1.0
GAGE8,0.025943914305834943,8,0.875
GAK,0.010451786502918833,11,0.7272727272727273
GAL,0.009901465386860975,10,0.9
GAL3ST1,0.05151137978729053,6,1.0
GAL3ST2,0.012440038192420353,7,1.0
GAL3ST3,0.017273464014246138,12,1.0
GAL3ST4,0.0014305157804018723,9,0.8888888888888888
GALC,0.002465782210356565,9,0.8888888888888888
GALE,-0.009869174592204247,22,0.7272727272727273
GALK1,0.017965242440661826,11,0.7272727272727273
GALK2,0.03007762618480643,22,0.7272727272727273
GALM,0.028821763303850587,9,0.8888888888888888
GALNS,0.010470117586304771,11,0.6363636363636364
GALNT1,-0.00524143768055902,4,0.0
GALNT10,0.018261129563214705,11,0.8181818181818182
GALNT11,0.012295978271899459,13,0.5384615384615384
GALNT12,0.030971191381588593,6,1.0
GALNT13,0.024263067154019328,19,0.7894736842105263
GALNT14,0.022230435663602444,11,0.8181818181818182
GALNT2,0.026367751400565853,8,0.75
GALNT3,0.01379539322359481,16,0.5
GALNT4,0.013528140494352785,14,0.7857142857142857
GALNT5,0.015790762927011776,7,0.8571428571428571
GALNT6,0.023869005406185473,16,0.875
GALNT7,0.022228736879689303,7,0.7142857142857143
GALNT8,0.047793345454554825,8,1.0
GALNT9,0.01838035436507799,23,0.5652173913043478
GALNTL1,0.01955531637432562,14,0.7857142857142857
GALNTL2,-0.0028833702608252673,8,0.875
GALNTL4,0.008567002516126023,12,0.6666666666666666
GALNTL5,0.043840733285151604,8,0.625
GALNTL6,0.020552467639436876,12,0.4166666666666667
GALP,0.030285348232903447,9,0.8888888888888888
GALR1,0.022285251712253703,32,0.625
GALR2,0.022162468451605584,7,0.5714285714285714
GALR3,0.04642417726679456,6,1.0
GALT,0.04357353159064123,1,1.0
GAMT,0.013681944956618477,10,0.8
GAN,0.014470876784526198,8,0.75
GANAB,0.019433565966920585,12,0.6666666666666666
GANC,0.02540624443313324,20,0.8
GAP43,0.015192271308478826,16,0.875
GAPDH,0.0081311072897242,9,0.6666666666666666
GAPDHS,0.026643324349913032,10,0.7
GAPT,0.05083748062023796,4,0.75
GAPVD1,0.018601727075303474,6,0.8333333333333334
GAR1,0.020973801763343753,12,0.75
GARNL3,0.03390793850768432,3,1.0
GARS,0.024408915624165146,14,0.7857142857142857
GART,0.024606802187911805,24,0.75
GAS1,0.02862083342037179,9,0.6666666666666666
GAS2,0.0292853621412419,15,0.6666666666666666
GAS2L1,0.0196948890486266,12,0.9166666666666666
GAS2L2,0.03248264828187387,6,0.8333333333333334
GAS2L3,0.020093064072304604,11,0.8181818181818182
GAS5,0.019171594637669542,13,0.8461538461538461
GAS7,0.030284423676086712,28,0.7857142857142857
GAS8,0.003192258568343609,5,0.8
GAST,0.033719449427297606,6,0.8333333333333334
GATA1,0.041840386929464,8,1.0
GATA2,0.02430944050948107,30,0.7666666666666667
GATA3,0.01657784042491354,47,0.7021276595744681
GATA4,0.022098041035180184,31,0.7419354838709677
GATA5,0.008525802041425924,25,0.6
GATA6,0.019606912795621493,10,0.8
GATAD1,0.01638822957637069,11,0.7272727272727273
GATAD2A,0.019110609665881243,23,0.9565217391304348
GATAD2B,0.013970327908080686,17,0.7647058823529411
GATC,0.01775224457536522,9,0.8888888888888888
GATM,0.02491401800297118,14,0.6428571428571429
GATS,0.024457848727514452,7,1.0
GATSL1,0.007670699423731041,4,0.75
GATSL2,-0.004888061230817782,1,1.0
GATSL3,0.009539515200845986,9,0.7777777777777778
GBA,0.023954417189376558,17,0.8235294117647058
GBA2,0.02596136158731105,6,1.0
GBA3,0.07562485257734171,3,1.0
GBAP1,0.024137650223643867,8,0.625
GBAS,0.02040320022888156,7,0.7142857142857143
GBE1,0.010902051386124056,11,0.6363636363636364
GBF1,0.02732225267253317,13,0.8461538461538461
GBGT1,0.03340956643424367,9,0.7777777777777778
GBP1,0.02461716266423162,2,0.5
GBP2,0.029123520013859584,7,0.8571428571428571
GBP3,0.03901847500498034,3,1.0
GBP4,0.037400408214696444,3,1.0
GBP5,0.021975672246430836,4,1.0
GBP6,0.04415399697572601,5,1.0
GBP7,0.036766176467916745,2,1.0
GBX1,0.018916457631531786,13,0.8461538461538461
GBX2,0.009536319657523508,13,0.46153846153846156
GC,0.04076445639488131,3,0.6666666666666666
GCA,0.0299017571667787,9,0.7777777777777778
GCAT,0.009034866972541675,11,0.5454545454545454
GCC1,0.030222623973360997,11,0.6363636363636364
GCC2,0.01877246785681655,8,1.0
GCDH,0.025092514128995585,10,0.9
GCET2,0.04041524952345452,9,0.6666666666666666
GCG,0.02358682204398883,5,0.6
GCH1,0.021804336591067702,6,0.6666666666666666
GCHFR,0.015799098073726942,9,0.6666666666666666
GCK,0.05204079304640708,12,1.0
GCKR,0.02690450582082671,7,0.7142857142857143
GCLC,0.015639262294420045,9,0.7777777777777778
GCLM,0.020766073572732142,10,0.8
GCM1,0.028502473302808824,6,0.6666666666666666
GCM2,0.028658992196095603,13,0.8461538461538461
GCN1L1,0.032973025024832986,4,1.0
GCNT1,0.028454680357077478,6,0.8333333333333334
GCNT2,0.03447227377748374,22,0.9090909090909091
GCNT3,0.02841852553173774,11,0.6363636363636364
GCNT4,0.044547079035560655,4,1.0
GCNT7,0.04119916213914196,15,1.0
GCOM1,0.008050069232645564,8,0.625
GCSH,0.01202574705728741,9,0.4444444444444444
GDA,0.020218080056485007,5,1.0
GDAP1,0.027629390632792263,11,0.9090909090909091
GDAP1L1,0.024019432096442788,10,0.8
GDAP2,0.01918032667606765,20,0.75
GDE1,0.028439796134422338,9,0.6666666666666666
GDEP,0.044204655426270535,3,1.0
GDF1,0.023197229805268428,14,0.6428571428571429
GDF10,0.02415376766392793,9,0.8888888888888888
GDF11,0.031100592395815953,5,1.0
GDF15,0.01555717138642465,10,0.8
GDF2,0.0387544871132784,13,0.9230769230769231
GDF3,0.06745025004294866,4,1.0
GDF5,0.03410242892073706,5,0.8
GDF6,0.015897000710899802,8,0.75
GDF7,0.008447538871816773,15,0.7333333333333333
GDF9,0.026050912517240274,11,1.0
GDI1,0.029375382046241443,6,0.6666666666666666
GDI2,0.00745596492045293,5,0.6
GDNF,0.023003907904159942,41,0.8048780487804879
GDPD1,0.025722660920659512,11,0.8181818181818182
GDPD2,0.022284735876238134,7,1.0
GDPD3,0.007853137363138191,8,0.75
GDPD4,0.042236202997832706,5,0.8
GDPD5,0.027220961483902895,20,0.75
GEFT,0.023495475152733977,18,0.6666666666666666
GEM,0.022939145056571533,10,0.9
GEMIN4,-0.002707928690734851,15,0.4666666666666667
GEMIN5,0.013599056621853274,11,0.9090909090909091
GEMIN6,0.023524533191434372,12,0.75
GEMIN7,0.001825331501949714,8,1.0
GEMIN8,0.015437935231344686,13,0.6923076923076923
GEN1,0.015198006718936532,16,0.5625
GFAP,0.017529555370649482,11,0.9090909090909091
GFER,0.012231523165298179,9,0.6666666666666666
GFI1,0.015430574125436747,58,0.6379310344827587
GFI1B,0.014425181125006438,6,0.6666666666666666
GFM1,0.020476129661776175,9,0.7777777777777778
GFM2,0.022946432780902894,18,0.7222222222222222
GFOD1,0.007874528320111844,13,0.6923076923076923
GFOD2,0.01968583687595299,16,0.875
GFPT1,0.01502419844794847,11,0.7272727272727273
GFPT2,0.02210578487379806,6,0.8333333333333334
GFRA1,0.020209604427970165,26,0.9230769230769231
GFRA2,0.02740349201077836,8,1.0
GFRA3,0.03312283688269512,11,0.9090909090909091
GFRA4,0.03904274263330559,7,0.8571428571428571
GFRAL,0.04777429622634827,2,0.5
GGA1,0.02019933968857796,12,0.8333333333333334
GGA2,0.010326451138519294,6,0.6666666666666666
GGA3,0.010700013785667577,10,0.8
GGCT,0.012307318705749543,13,0.6923076923076923
GGCX,0.019859684878085156,10,0.9
GGH,0.013360542109154296,10,0.6
GGN,0.017768426021558315,7,0.8571428571428571
GGNBP1,0.03417288379314476,1,0.0
GGNBP2,0.011007000581709716,8,0.75
GGPS1,0.018801987708695546,16,0.6875
GGT1,0.027753059611343944,40,0.875
GGT3P,0.0583890039447967,3,1.0
GGT5,0.04082121174660546,4,0.75
GGT6,0.04484031213262209,8,0.875
GGT7,0.017555947824069527,13,0.7692307692307693
GGT8P,0.05197224447495212,2,1.0
GGTA1,0.03596272189749581,6,0.8333333333333334
GGTLC1,0.029588906738828497,8,0.75
GGTLC2,0.03073765257626232,4,0.75
GH1,0.046270058816004656,6,1.0
GH2,0.039777496475518016,5,1.0
GHDC,0.02929220779958536,11,0.6363636363636364
GHITM,0.012232548333960558,12,0.5
GHR,0.01564507702901692,20,0.55
GHRH,0.03424823436457659,4,0.75
GHRHR,0.03498095444902292,5,0.8
GHRL,0.029433349138145347,15,0.8666666666666667
GHRLOS,0.028212372890743215,4,1.0
GHSR,0.02435230322955091,15,0.9333333333333333
GIF,0.03710338556032937,4,0.75
GIGYF1,0.03047584184284118,6,1.0
GIGYF2,0.01580731030302581,14,0.7857142857142857
GIMAP1,0.04306821231821774,7,1.0
GIMAP2,0.049531312606946445,4,1.0
GIMAP4,0.04100837725164624,7,1.0
GIMAP5,0.03992724478511775,9,0.8888888888888888
GIMAP6,0.020831021182008733,4,0.5
GIMAP7,0.03321449526289929,16,0.75
GIMAP8,0.029598959763120443,10,0.8
GIN1,0.027044722388772018,12,0.8333333333333334
GINS1,0.012318404401940267,9,0.6666666666666666
GINS2,0.02206001996482358,11,0.6363636363636364
GINS3,0.012542391797465344,10,0.7
GINS4,0.008713022362163638,9,0.6666666666666666
GIP,0.04928088202782355,2,1.0
GIPC1,0.0017964702065423309,18,0.7777777777777778
GIPC2,0.02255889620631921,11,0.6363636363636364
GIPC3,0.015419003960881654,3,0.6666666666666666
GIPR,0.03777543457746245,8,0.75
GIT1,0.01491881951492641,5,0.8
GIT2,0.016143755509938948,9,0.6666666666666666
GJA1,0.02261821344845246,14,0.42857142857142855
GJA10,0.036417986052892606,4,1.0
GJA3,0.019526937389386594,25,0.56
GJA4,0.04007883013416338,10,0.7
GJA5,0.040899927457672305,14,0.8571428571428571
GJA8,0.050276250881638486,8,1.0
GJA9,0.04210597415755998,2,0.5
GJB1,0.046317675829821534,13,0.9230769230769231
GJB2,0.016568415997157013,22,0.7727272727272727
GJB3,0.023761035908119253,18,0.8333333333333334
GJB4,0.0507318508387777,7,1.0
GJB5,0.05129205718049284,13,1.0
GJB6,0.024686793965942866,26,0.7692307692307693
GJB7,0.02414494393219276,15,0.6666666666666666
GJC1,0.018655518119188128,16,0.875
GJC2,-0.006245876226758374,13,0.9230769230769231
GJC3,0.03648583251310348,5,0.8
GJD2,0.019040541674376067,10,0.7
GJD3,0.02403447968993726,16,0.9375
GJD4,0.03072076447051898,10,0.8
GK,0.02172816262545332,12,0.8333333333333334
GK2,0.039582733301569896,11,0.8181818181818182
GK3P,0.04038229867944643,1,1.0
GK5,0.01687606837672582,8,0.75
GKAP1,0.03962188433682577,5,0.8
GKN1,0.0057465203301308165,4,0.0
GKN2,0.04163060846336222,2,1.0
GLA,0.025409852593362526,14,0.6428571428571429
GLB1,0.01402025686876987,17,0.7058823529411765
GLB1L,0.017977486200468056,10,0.7
GLB1L2,0.022071514925981077,10,0.3
GLB1L3,0.016097611588793175,10,0.8
GLCCI1,0.01750750812509258,11,0.6363636363636364
GLCE,0.0010702777350222324,13,0.6153846153846154
GLDC,0.021967301549481618,4,0.75
GLDN,0.02199299502145762,8,0.75
GLE1,0.040206069317462595,2,1.0
GLG1,0.02260778969884418,8,0.75
GLI1,0.02337237614269149,15,0.9333333333333333
GLI2,0.01641570093924085,8,1.0
GLI3,0.020498446471531474,39,0.7692307692307693
GLI4,0.01641907129308544,6,0.6666666666666666
GLIPR1,0.031724188248512225,4,0.5
GLIPR1L1,0.03685388707775316,7,0.7142857142857143
GLIPR1L2,0.020289226359612375,9,0.6666666666666666
GLIPR2,0.0429734232284652,3,1.0
GLIS1,-0.00942523878239907,29,0.8620689655172413
GLIS2,0.014748238142982498,8,0.5
GLIS3,0.018474110411596877,15,0.7333333333333333
GLMN,0.01694541099497094,12,0.6666666666666666
GLO1,0.027514597975170956,9,0.6666666666666666
GLOD4,0.009320975880343408,16,0.625
GLOD5,0.03473566075696068,6,0.8333333333333334
GLP1R,0.009345990191679004,7,0.5714285714285714
GLP2R,0.02859649232383937,11,0.8181818181818182
GLRA1,0.029642627348495355,16,0.8125
GLRA2,0.04686347209507562,5,1.0
GLRA3,0.031594292288377006,13,0.6153846153846154
GLRA4,0.043073783713867074,7,1.0
GLRB,0.022288340525237666,16,0.625
GLRX,0.025179801497856345,6,0.6666666666666666
GLRX2,0.0158637198017431,15,0.7333333333333333
GLRX3,0.01395562719443038,11,0.6363636363636364
GLRX5,0.022303472575931287,15,0.8666666666666667
GLS,0.024241129846185018,9,0.7777777777777778
GLS2,0.03169327600888173,10,0.7
GLT1D1,0.0424420535886604,6,0.8333333333333334
GLT25D1,0.016223406752303732,10,1.0
GLT25D2,-0.044343644012919285,9,0.5555555555555556
GLT6D1,0.04145881137669173,2,1.0
GLT8D1,0.018001438284460484,18,0.7222222222222222
GLT8D2,0.026773019220992754,11,1.0
GLTP,0.0193563044880818,5,0.8
GLTPD1,0.018919330567493044,12,0.6666666666666666
GLTPD2,0.02501504983936038,5,1.0
GLTSCR1,0.021926966845006654,13,0.9230769230769231
GLTSCR2,0.021336958603413843,10,0.8
GLUD1,0.014004601444166745,6,0.5
GLUD2,0.037218077363739395,11,1.0
GLUL,0.005067804277749173,21,0.6190476190476191
GLYAT,0.057266880934291484,5,1.0
GLYATL1,0.029550591040804153,3,0.6666666666666666
GLYATL2,0.012837933950890067,5,0.2
GLYATL3,0.03045561186312143,4,0.75
GLYCAM1,0.05719466292741688,3,1.0
GLYCTK,0.02392030518461663,7,0.7142857142857143
GLYR1,0.020162880474560562,9,0.8888888888888888
GM2A,0.022147277691154703,8,0.875
GMCL1,0.011676364411357026,12,0.5
GMCL1L,0.04976918212614099,3,1.0
GMDS,0.013745053017292936,7,0.5714285714285714
GMEB1,0.02169802379087202,10,0.9
GMEB2,0.022185531264963428,11,0.7272727272727273
GMFB,0.022347542099044954,6,0.6666666666666666
GMFG,0.03269738214804212,8,1.0
GMIP,0.019675793497202936,9,0.7777777777777778
GML,0.02812620931578051,12,0.75
GMNN,0.029915211075308715,9,0.7777777777777778
GMPPA,0.02528480208278239,14,0.8571428571428571
GMPPB,0.01030994397855502,9,0.5555555555555556
GMPR,0.025364765001606483,8,0.875
GMPR2,0.023663384181921203,17,0.9411764705882353
GMPS,0.0201615962080396,9,0.8888888888888888
GNA11,0.012350290920671265,4,0.5
GNA12,0.014116385600488467,12,0.75
GNA13,0.02699018848010375,8,0.625
GNA14,0.042092257902048714,4,1.0
GNA15,0.028882282072075098,9,0.8888888888888888
GNAI1,0.01089293264814659,8,0.875
GNAI2,0.017360042155987986,11,0.8181818181818182
GNAI3,0.01245127570858001,13,0.6153846153846154
GNAL,0.024074005188216868,21,0.7142857142857143
GNAO1,0.01297474566154923,11,0.45454545454545453
GNAQ,0.026689949167275028,7,1.0
GNAS,0.02957461505774285,149,0.6778523489932886
GNASAS,0.04131420530131886,49,0.8163265306122449
GNAT1,0.017682146038977487,5,0.6
GNAT2,0.018754385080650943,6,1.0
GNAT3,0.01578166196077102,2,0.5
GNAZ,0.027059760502584324,12,0.8333333333333334
GNB1,0.016732004952064256,23,0.8695652173913043
GNB1L,0.013031767246362203,16,0.6875
GNB2,0.0177863177160538,17,0.7058823529411765
GNB2L1,0.02092056134349781,16,0.875
GNB3,0.027799939000328035,6,0.8333333333333334
GNB4,0.01583064429890526,13,0.6153846153846154
GNB5,0.029592455598228568,16,0.6875
GNE,0.02954947125572869,10,1.0
GNG10,0.02674071532344602,3,1.0
GNG11,0.019713185483312426,9,0.5555555555555556
GNG12,0.011326668205640187,34,0.7058823529411765
GNG13,0.022655371376551343,12,0.8333333333333334
GNG2,0.021622857422265343,11,0.9090909090909091
GNG3,0.0172151544248186,17,0.8235294117647058
GNG4,0.02850494310964184,35,0.7714285714285715
GNG5,0.015047702142802944,12,0.8333333333333334
GNG7,0.018683638759589245,101,0.8217821782178217
GNG8,0.03746432022215317,4,0.75
GNGT1,0.005401583108533822,4,0.25
GNGT2,0.02448335103487526,10,0.8
GNL1,0.021832843709842883,50,0.8
GNL2,0.012245244957748735,9,0.6666666666666666
GNL3,0.016830993097483028,11,0.7272727272727273
GNL3L,0.039963346453302205,13,0.9230769230769231
GNLY,0.01982982146049209,7,0.7142857142857143
GNMT,0.017950282997676054,32,0.6875
GNPAT,0.014690316875928313,15,0.8
GNPDA1,0.002325617246724039,13,0.6923076923076923
GNPDA2,0.03375348344241603,12,0.75
GNPNAT1,0.017555239010807962,13,0.8461538461538461
GNPTAB,0.03767342782230192,6,0.8333333333333334
GNPTG,0.023694360835572196,9,1.0
GNRH1,0.018653888457768983,4,0.5
GNRH2,0.022509363826546027,7,0.8571428571428571
GNRHR,0.031418949216205784,3,0.6666666666666666
GNRHR2,0.011513746024577255,12,0.75
GNS,0.01199051712370163,12,0.4166666666666667
GOLGA1,0.010575967879927567,3,0.6666666666666666
GOLGA2,0.010216059184689472,4,0.75
GOLGA2L1,0.013421670328269408,4,0.75
GOLGA3,0.030310284755085713,15,0.9333333333333333
GOLGA4,0.01800725394701346,13,0.6153846153846154
GOLGA5,0.018089920104730334,9,0.6666666666666666
GOLGA6D,0.05027095810215376,1,1.0
GOLGA6L5,0.03232028861495881,2,0.5
GOLGA6L6,0.04048572640649081,2,1.0
GOLGA7,0.0263449701223177,5,0.8
GOLGA7B,0.009886476456333523,9,0.5555555555555556
GOLGA8A,0.04544306215881311,1,1.0
GOLGA8B,0.01516467557533458,10,0.6
GOLGA8C,0.055978768249049904,1,1.0
GOLGA8F,0.029051845574376484,1,1.0
GOLGA8G,0.029051845574376484,1,1.0
GOLGB1,0.024714443287646753,14,0.8571428571428571
GOLIM4,0.01393281246104637,8,0.75
GOLM1,0.011971571114651842,6,0.8333333333333334
GOLPH3,0.013492141532950225,10,0.7
GOLPH3L,0.049473888893463124,6,0.6666666666666666
GOLSYN,0.024718880981873106,35,0.6857142857142857
GOLT1A,0.032042973277439164,10,0.9
GOLT1B,0.018863112449252702,11,0.6363636363636364
GON4L,0.03394891578874197,9,1.0
GOPC,0.023255066528164305,11,1.0
GORAB,0.0309297625103143,6,0.8333333333333334
GORASP1,0.003933336318663146,13,0.38461538461538464
GORASP2,0.020614572092186957,11,0.8181818181818182
GOSR1,0.026255463224061654,10,0.9
GOSR2,0.026115864253615773,6,1.0
GOT1,0.02295375875173321,11,0.9090909090909091
GOT1L1,0.03987810277905921,10,0.9
GOT2,0.01562831219782749,9,0.7777777777777778
GP1BA,0.035228751729228285,6,1.0
GP1BB,0.022526115300592776,10,0.9
GP2,0.0381276851375185,3,1.0
GP5,0.022988511150770014,9,0.4444444444444444
GP6,0.010886297468658539,9,0.6666666666666666
GP9,0.027377906125004358,12,1.0
GPA33,0.025123696072079732,2,0.5
GPAA1,0.020592509287019275,7,0.8571428571428571
GPAM,0.0280618445064908,7,0.7142857142857143
GPATCH1,0.021083015805085124,8,0.875
GPATCH2,0.04448986968271473,10,0.9
GPATCH3,0.018157125114724674,11,0.8181818181818182
GPATCH4,0.022155543539062534,14,0.7857142857142857
GPATCH8,0.015633318662283326,4,0.75
GPBAR1,0.041768801772443624,5,1.0
GPBP1,0.01578240657190061,15,0.5333333333333333
GPBP1L1,0.01978528191037999,19,0.7894736842105263
GPC1,-0.004399969767154086,7,0.8571428571428571
GPC2,0.01283101206407213,15,0.6666666666666666
GPC3,0.03695656064571484,8,0.875
GPC4,0.02398218792833539,7,0.5714285714285714
GPC5,0.01101119904575628,12,0.4166666666666667
GPC6,0.026180805029582584,11,0.8181818181818182
GPD1,0.02232911971939054,6,0.8333333333333334
GPD1L,0.0053385103335611105,8,0.75
GPD2,0.006485636432189017,21,0.7619047619047619
GPER,-0.034351849848111765,21,0.9047619047619048
GPHA2,0.033822749722967976,7,0.7142857142857143
GPHB5,0.042767708113845886,5,1.0
GPHN,0.01853137204189606,10,0.9
GPI,0.017420591248776714,5,0.6
GPIHBP1,0.03979669711816423,8,1.0
GPKOW,0.021631878864488106,10,0.8
GPLD1,0.02946272601047933,6,0.8333333333333334
GPM6A,0.034275763690539675,21,0.7619047619047619
GPM6B,0.03625480194593745,12,0.8333333333333334
GPN1,0.01604859285265645,20,0.65
GPN2,0.011907984826714593,13,0.8461538461538461
GPN3,0.017403428558869907,13,0.8461538461538461
GPNMB,0.029700583448493495,6,0.8333333333333334
GPR1,0.03128469040274738,12,0.8333333333333334
GPR101,0.027421234748486366,16,0.875
GPR107,0.025035847745322228,4,1.0
GPR108,0.0197896139807009,20,0.8
GPR109A,0.02628680324402583,6,0.8333333333333334
GPR109B,0.030777184965245452,6,1.0
GPR110,0.017162532611503915,6,0.16666666666666666
GPR111,-0.030638676783177794,8,0.75
GPR112,0.04602187275042119,6,1.0
GPR113,0.0290139735834901,16,0.875
GPR114,0.0412230998656569,6,1.0
GPR115,-0.16193834048980243,6,1.0
GPR116,0.044753261294996474,13,0.9230769230769231
GPR119,0.039230233074209114,9,0.8888888888888888
GPR12,0.018441014409685683,13,0.6923076923076923
GPR120,0.022410698251615027,12,0.75
GPR123,0.017358474072230748,14,0.8571428571428571
GPR124,0.014729010338786434,7,0.8571428571428571
GPR125,0.017436260758086502,6,0.8333333333333334
GPR126,0.025561802488482173,7,0.7142857142857143
GPR128,0.04082081586651726,5,0.8
GPR132,0.017355717994441196,13,0.6923076923076923
GPR133,0.020193564801297657,11,0.7272727272727273
GPR135,0.019061708475120363,16,0.8125
GPR137,0.019069275520182224,27,0.8148148148148148
GPR137B,0.018095001992797344,15,0.8666666666666667
GPR137C,0.021059627727237667,10,0.7
GPR139,0.021952024928470766,8,0.75
GPR141,0.05464917378440004,2,1.0
GPR142,0.045208270949207,7,0.8571428571428571
GPR143,0.04227443202468308,6,1.0
GPR144,0.035012976304431065,3,1.0
GPR146,-0.018115183118938255,18,0.7777777777777778
GPR148,0.02561677466749629,7,0.8571428571428571
GPR149,0.025881160733807723,5,0.8
GPR15,0.04874391275151896,4,1.0
GPR150,0.027585397965666548,11,1.0
GPR151,0.04348688304076195,3,0.6666666666666666
GPR152,0.024144233666046195,12,0.9166666666666666
GPR153,0.023182199246008967,13,0.6923076923076923
GPR155,0.01843673382964318,16,0.8125
GPR156,0.034900795963787555,7,1.0
GPR157,0.018272538671803153,13,0.6153846153846154
GPR158,0.013895761680709141,18,0.6666666666666666
GPR160,0.02794165136578612,29,0.8620689655172413
GPR161,0.013870589837476653,13,0.7692307692307693
GPR162,0.02333197158112379,7,1.0
GPR17,0.03167789954808806,10,1.0
GPR171,-0.20751613148219406,3,1.0
GPR172A,0.023325338282911112,12,0.5833333333333334
GPR172B,0.03241488250296386,5,0.8
GPR173,0.038301827319869586,5,0.8
GPR174,0.029551097436507856,2,1.0
GPR176,0.012914816313084797,12,0.6666666666666666
GPR177,0.043979162865135354,8,1.0
GPR179,0.03969316123252339,8,0.875
GPR18,-0.09739151210253684,3,0.6666666666666666
GPR180,0.016737858038694358,12,0.75
GPR182,0.04004672456544361,6,1.0
GPR183,-0.12913115428678473,4,0.75
GPR19,0.02363881758709604,15,0.6
GPR20,0.029450097483760974,17,0.7647058823529411
GPR21,0.05052972083508638,4,0.75
GPR22,0.020450896056161738,1,1.0
GPR25,0.019351114827739754,11,1.0
GPR26,0.025452395026289334,8,0.625
GPR27,0.0053734051130005225,10,0.6
GPR3,0.018296081000167125,11,0.7272727272727273
GPR31,0.031616644456733116,6,0.8333333333333334
GPR32,0.042867317621894885,1,1.0
GPR34,0.036049102078186325,3,0.6666666666666666
GPR35,0.027929064186183305,12,0.75
GPR37,0.025265330503959113,16,0.5625
GPR37L1,0.03540099015508495,14,0.9285714285714286
GPR39,0.02559674644245889,15,0.8666666666666667
GPR4,0.02171465091402009,14,0.7857142857142857
GPR44,0.03801672392088741,10,1.0
GPR45,0.020295371836860407,17,0.8235294117647058
GPR50,0.05142948481084615,5,1.0
GPR52,0.02189335978875173,3,0.3333333333333333
GPR55,0.04398170150019981,5,1.0
GPR56,0.025775690155937548,20,0.85
GPR6,0.02471155453298809,14,0.7857142857142857
GPR61,0.04110715839320061,9,1.0
GPR62,0.022825042718395284,8,0.875
GPR63,0.0199428565707364,16,0.75
GPR64,0.030887655954814307,12,0.8333333333333334
GPR65,0.039371580197627466,3,1.0
GPR68,0.008587398574707064,13,0.9230769230769231
GPR75,0.004993322710517636,16,0.5
GPR77,0.04757360264135598,6,0.8333333333333334
GPR78,0.036097457209432166,12,1.0
GPR81,0.026337352421019106,14,0.7857142857142857
GPR82,0.015227144100229753,1,0.0
GPR83,0.022374282255813505,11,0.7272727272727273
GPR84,0.052101977466059796,3,1.0
GPR85,0.03308840437124509,15,0.6666666666666666
GPR87,-0.019656758839836908,6,0.3333333333333333
GPR88,0.0373406276503239,7,0.8571428571428571
GPR89A,0.029002844407352034,7,1.0
GPR89B,0.00804810404305606,4,0.75
GPR97,0.03615538691757431,6,0.8333333333333334
GPR98,0.03294977892323183,10,0.7
GPRASP1,0.011545124040884055,14,0.7142857142857143
GPRASP2,0.034382599224475764,14,0.9285714285714286
GPRC5A,0.021690351814473232,15,0.8
GPRC5B,0.01765809317463774,16,0.9375
GPRC5C,0.002802338601509827,16,0.75
GPRC5D,0.028433469118027632,4,0.75
GPRC6A,0.020386472087121826,1,0.0
GPRIN1,0.025211410745914545,13,0.9230769230769231
GPRIN2,0.024064503402771692,10,0.7
GPRIN3,0.018468127756095132,14,0.7142857142857143
GPS1,0.015610819103575996,8,1.0
GPS2,0.025530467963705176,12,0.9166666666666666
GPSM1,-0.010724507783427307,5,0.8
GPSM2,0.00853321768699661,11,0.7272727272727273
GPSM3,0.01801306407487793,63,0.7619047619047619
GPT,-0.031027523820043666,23,0.9130434782608695
GPT2,-0.010206220529618875,15,0.8666666666666667
GPX1,0.020575090780379956,16,0.625
GPX2,0.0372399825803464,5,1.0
GPX3,0.04716075180601051,9,0.8888888888888888
GPX4,0.010382047744215644,15,0.7333333333333333
GPX5,0.04676874593793139,9,0.8888888888888888
GPX6,0.04795882388344844,5,1.0
GPX7,0.028269654740098134,8,0.75
GPX8,0.05366812786046001,5,0.8
GRAMD1A,0.012732037709996341,5,0.8
GRAMD1B,0.020009737146081934,8,0.875
GRAMD1C,0.022767783987620624,8,0.75
GRAMD2,-0.007580376140083885,4,0.75
GRAMD3,0.021829558230048084,23,0.9130434782608695
GRAMD4,0.014281566941405727,10,0.6
GRAP,0.033868217675911694,1,1.0
GRAP2,0.037830070961554337,6,0.8333333333333334
GRAPL,0.012952112006528238,2,1.0
GRASP,0.007736315007316595,7,0.7142857142857143
GRB10,0.007274880807345306,69,0.8115942028985508
GRB14,0.018868031462155873,6,0.5
GRB2,0.013609177543104721,18,0.6666666666666666
GRB7,0.021949489211902044,24,0.8333333333333334
GREB1,0.025801854678871805,18,0.6111111111111112
GREB1L,0.024392644698556957,14,0.7142857142857143
GREM1,0.027185770393111115,12,0.75
GREM2,0.02466672239403426,19,0.6842105263157895
GRHL1,0.011495056080256673,9,0.5555555555555556
GRHL2,0.025368941369829295,12,0.5833333333333334
GRHL3,0.008771565443283717,21,0.8571428571428571
GRHPR,0.019215772658175832,1,1.0
GRIA1,0.03328343434387634,6,1.0
GRIA2,0.03043453952539725,8,0.625
GRIA3,0.043500461155231464,6,1.0
GRIA4,0.029442335409639163,16,0.6875
GRID1,0.011628414369855442,12,0.6666666666666666
GRID2,0.028617541727667513,9,0.5555555555555556
GRID2IP,0.020939259807491728,3,0.6666666666666666
GRIK1,0.033181689489254,8,1.0
GRIK2,0.04168230866966206,13,0.9230769230769231
GRIK3,0.009856930699931427,8,0.75
GRIK4,0.0026390906323188468,7,0.8571428571428571
GRIK5,0.0403157407139848,6,1.0
GRIN1,0.025738506224857495,5,0.8
GRIN2A,0.024450229395054292,23,0.8260869565217391
GRIN2B,0.03436475915129905,21,0.9047619047619048
GRIN2C,0.01058628287677554,14,0.7142857142857143
GRIN2D,0.015473256639423732,11,0.7272727272727273
GRIN3A,0.016939381262191768,7,0.5714285714285714
GRIN3B,0.02213864430317483,3,1.0
GRINA,0.026600830650937803,11,0.9090909090909091
GRINL1A,0.01960032813956111,9,0.6666666666666666
GRIP1,0.03893350418812631,7,1.0
GRIP2,0.032249188893518715,6,0.8333333333333334
GRIPAP1,0.03599481651814377,11,0.9090909090909091
GRK1,0.04019661425382372,10,0.9
GRK4,0.016182005258722428,15,0.6
GRK5,0.01838660360118674,5,0.8
GRK6,0.012564884338861179,6,0.8333333333333334
GRK7,0.03754759125205579,16,0.875
GRLF1,0.0166711051783347,6,0.6666666666666666
GRM1,0.03300550891456053,18,0.7777777777777778
GRM2,0.035467584365802836,22,0.7727272727272727
GRM3,0.04203924623655835,16,0.875
GRM4,0.040904883099824714,12,0.9166666666666666
GRM5,0.02601608410799506,10,0.7
GRM6,0.025761424549984965,9,0.7777777777777778
GRM7,0.026535328941379874,9,0.8888888888888888
GRM8,0.03672813291254643,22,0.9545454545454546
GRN,0.026234379574960012,15,0.9333333333333333
GRP,0.016090640698111367,11,0.45454545454545453
GRPEL1,0.022411612619877883,13,0.8461538461538461
GRPEL2,0.013256240091163218,11,0.7272727272727273
GRPR,0.034003959639869054,7,1.0
GRRP1,0.04519019140984496,7,1.0
GRSF1,0.02149036116953091,16,0.8125
GRTP1,0.03400073042076064,4,1.0
GRWD1,0.02127985538013467,10,0.7
GRXCR1,0.0423775878962029,4,1.0
GRXCR2,0.0493920479496334,3,1.0
GSC,0.013642124969787329,11,0.6363636363636364
GSC2,0.03677804038902388,8,1.0
GSDMA,0.043353149897007615,8,1.0
GSDMB,0.028734049479676258,9,0.8888888888888888
GSDMC,-0.05501297727360666,3,0.6666666666666666
GSDMD,0.015848291085719553,29,0.7931034482758621
GSG1,-0.0020746683563251126,11,0.8181818181818182
GSG1L,0.01792589912611642,16,0.6875
GSG2,0.014557478208151274,15,0.8666666666666667
GSK3A,0.013566516793559413,9,0.6666666666666666
GSK3B,0.022038409628707106,12,1.0
GSN,0.0029577415195856482,15,0.7333333333333333
GSPT1,0.010058003526678622,12,0.5833333333333334
GSPT2,0.021640658667791343,8,0.875
GSR,0.014397978705110066,9,0.8888888888888888
GSS,0.020295647940794047,12,0.9166666666666666
GSTA1,0.03958971367297778,4,0.75
GSTA2,0.052072811975204546,5,1.0
GSTA3,-0.037372272734999226,4,0.75
GSTA4,0.02515834697021924,12,0.75
GSTA5,0.04336681374534821,4,1.0
GSTCD,0.010575516751600884,26,0.46153846153846156
GSTK1,0.022667738741409517,8,0.875
GSTM1,0.013583415281301432,4,0.25
GSTM2,0.023071436023765754,8,0.875
GSTM3,0.04342322879619754,4,1.0
GSTM4,0.014275727595058456,12,0.5833333333333334
GSTM5,0.034974784945377334,10,0.7
GSTO1,0.021250017574933926,9,0.8888888888888888
GSTO2,0.021286649934281254,20,0.75
GSTP1,0.034413643616018584,13,0.8461538461538461
GSTT1,0.010737759146704823,12,0.6666666666666666
GSTTP1,0.031845878497834657,3,0.3333333333333333
GSTTP2,0.04628770933646028,3,1.0
GSTZ1,0.016677994311039026,18,0.6666666666666666
GSX1,0.016255433635186754,13,0.6153846153846154
GSX2,0.010713492489313687,10,0.8
GTDC1,0.02061418924043112,24,0.4583333333333333
GTF2A1,0.021164453778061722,21,0.6190476190476191
GTF2A1L,0.019611539768691087,9,0.8888888888888888
GTF2A2,0.018317826062418902,12,0.5
GTF2B,0.03542045189850079,10,1.0
GTF2E1,0.02352975459799939,15,0.9333333333333333
GTF2E2,0.015740797041461644,13,0.8461538461538461
GTF2F1,0.012866096721944708,7,0.7142857142857143
GTF2F2,0.015007150543146181,11,0.6363636363636364
GTF2H1,0.01818448840351161,14,0.7142857142857143
GTF2H2C,0.01567415635684972,8,0.75
GTF2H2D,0.01567415635684972,8,0.75
GTF2H3,0.014206246406778944,12,0.5833333333333334
GTF2H4,0.020855863223015567,22,0.8636363636363636
GTF2H5,0.00914980076465701,16,0.375
GTF2I,0.0060695498271855315,14,0.5714285714285714
GTF2IRD1,0.0041734611623954415,26,0.7307692307692307
GTF2IRD2,-0.0009829307635851707,1,0.0
GTF2IRD2B,0.011197458620306931,3,0.0
GTF2IRD2P,0.027384983566964116,1,1.0
GTF3A,0.02150742137199835,9,1.0
GTF3C1,0.011620330674510683,15,0.6666666666666666
GTF3C2,0.02234920113604581,7,0.8571428571428571
GTF3C3,0.017932804477282283,7,0.7142857142857143
GTF3C4,0.028787078206605903,7,0.7142857142857143
GTF3C5,0.03248825118491343,9,1.0
GTF3C6,0.00772141829738697,12,0.75
GTPBP1,0.02159763044047387,14,0.7857142857142857
GTPBP10,0.05602108862849191,10,0.8
GTPBP2,0.023758015732263982,16,0.75
GTPBP3,0.023910524451763702,8,0.875
GTPBP4,0.014618104161183232,10,0.7
GTPBP5,0.013621475780804101,14,0.7142857142857143
GTPBP8,0.017870022118151516,11,0.8181818181818182
GTSE1,0.0069591464681313326,15,0.6666666666666666
GTSF1,0.01884450229508152,10,0.9
GTSF1L,0.020500615618030505,7,0.8571428571428571
GUCA1A,0.04591437938897425,8,1.0
GUCA1B,0.029714296611118268,6,1.0
GUCA1C,0.07381044616370318,2,1.0
GUCA2A,0.040414820592062,8,1.0
GUCA2B,0.04352822368915964,10,0.9
GUCY1A2,0.019953408952445108,13,0.6923076923076923
GUCY1A3,0.022100887660377534,17,0.8235294117647058
GUCY1B2,-0.01291548832631828,6,1.0
GUCY1B3,0.01868574468648959,7,0.5714285714285714
GUCY2C,0.045964418180507914,4,1.0
GUCY2D,0.04073528673288342,6,0.8333333333333334
GUCY2E,0.022129328535796636,11,1.0
GUCY2F,0.05943172106075369,4,1.0
GUCY2G,0.04706668363607334,3,1.0
GUF1,0.030126153411235763,8,0.875
GUK1,0.013370358900436969,23,0.6956521739130435
GULP1,0.010877824321205576,36,0.7222222222222222
GUSB,0.01402549940865316,15,0.6
GUSBL1,0.009323002254780256,2,1.0
GUSBL2,0.016342414025513292,7,0.7142857142857143
GVIN1,0.010614668834923902,2,0.5
GXYLT1,0.012896517187848934,11,0.45454545454545453
GXYLT2,0.0219185488253581,2,1.0
GYG1,0.02248254004848829,7,0.5714285714285714
GYG2,0.031187175097319875,6,0.8333333333333334
GYLTL1B,0.031098009488042904,9,0.7777777777777778
GYPA,0.05657813880462831,2,1.0
GYPB,0.02591879629351827,3,0.6666666666666666
GYPC,-0.011780505815596571,6,0.5
GYPE,0.02274905129986518,2,0.5
GYS1,0.01156101086185777,13,0.9230769230769231
GYS2,0.025745997397723413,3,0.3333333333333333
GZF1,0.007098187945570679,5,0.6
GZMA,0.029711723262857544,4,0.75
GZMB,0.04184653167095643,3,1.0
GZMH,0.07485729071026337,1,1.0
GZMK,0.0514871906443492,2,1.0
GZMM,0.018978734728464584,5,0.6
H19,0.031220951655505758,41,0.8048780487804879
H1F0,0.016014268144475388,13,0.7692307692307693
H1FNT,0.03481688743908029,12,1.0
H1FOO,0.035681918421430855,5,1.0
H1FX,0.01269005781184997,16,0.75
H2AFB1,-0.014146863616040894,1,1.0
H2AFB3,-0.014146863616040894,1,1.0
H2AFJ,0.02201636407195585,17,0.6470588235294118
H2AFV,0.010775577842884831,11,0.6363636363636364
H2AFX,0.015566533806421118,13,0.5384615384615384
H2AFY,0.025400766110362294,24,0.7916666666666666
H2AFY2,0.017218291899010012,19,0.7368421052631579
H2AFZ,0.023909570918002016,6,0.8333333333333334
H2BFM,0.032574281677228076,9,0.8888888888888888
H2BFWT,0.04424449110631097,13,1.0
H3F3A,0.020023079596849184,15,0.6
H3F3B,0.009656710874796453,13,0.6923076923076923
H3F3C,0.025549407648808604,9,0.7777777777777778
H6PD,0.0277012537028441,14,0.7857142857142857
HAAO,0.0211328698126778,11,0.6363636363636364
HABP2,0.04193755438397681,4,1.0
HABP4,0.01205892625315103,4,1.0
HACE1,0.017875982726826174,10,0.5
HACL1,0.014664950743105701,15,0.6666666666666666
HADH,0.012490294851659227,12,0.5
HADHA,0.01599982207442427,17,0.5294117647058824
HADHB,0.018368306116749826,20,0.6
HAGH,0.018771320137319372,19,0.7894736842105263
HAGHL,0.018948215946714524,13,0.6923076923076923
HAL,0.04145265364900768,6,1.0
HAMP,0.04012432096805002,8,1.0
HAND1,0.0186837489543507,14,0.8571428571428571
HAND2,0.02649769818904195,22,0.8636363636363636
HAO1,0.039823531593888815,5,1.0
HAO2,0.0019602250359541406,6,0.6666666666666666
HAP1,0.0163747733265352,11,0.8181818181818182
HAPLN1,-0.04178857401330161,17,0.7058823529411765
HAPLN2,0.035556812509550575,8,1.0
HAPLN3,0.017217851274289826,14,0.7857142857142857
HAPLN4,0.02632744203312642,8,0.75
HAR1A,0.04568177058322801,7,1.0
HAR1B,0.03508879448837204,4,1.0
HARBI1,0.021117507682871753,15,0.9333333333333333
HARS,0.016608149410532867,16,0.6875
HARS2,0.017985107806581756,18,0.7222222222222222
HAS1,0.011874766988025767,7,0.8571428571428571
HAS2,0.029807713624620532,24,0.7083333333333334
HAS2AS,0.025379507814343442,8,0.875
HAS3,0.01691000443021576,16,0.8125
HAT1,0.002250526030420953,9,0.4444444444444444
HAUS1,0.025460039214234252,14,0.9285714285714286
HAUS2,0.018308557840019925,9,0.6666666666666666
HAUS3,0.010125785312317977,7,0.2857142857142857
HAUS4,0.018940590719634238,9,0.8888888888888888
HAUS5,0.017951169617062872,11,0.5454545454545454
HAUS6,0.018476193016663547,6,0.6666666666666666
HAUS7,0.02096762127917605,9,0.7777777777777778
HAUS8,0.0068603279072517185,12,0.75
HAVCR1,0.042964502069621026,5,1.0
HAVCR2,0.029936758438625935,4,0.5
HAX1,0.015507176980246534,10,0.6
HBA1,0.01392472107341311,4,0.75
HBA2,0.01210051640578364,5,0.6
HBB,0.02694902362372415,4,0.75
HBBP1,0.06427171234407741,4,1.0
HBD,0.015601535221401766,3,0.3333333333333333
HBE1,0.050880669163999775,4,0.75
HBEGF,0.02494244961718426,5,1.0
HBG1,0.06494819699375398,1,1.0
HBG2,0.03183896991164974,2,1.0
HBII-52-24,0.05442284580710353,3,1.0
HBII-52-27,0.05928552865203209,4,1.0
HBII-52-28,0.04211906601166867,3,1.0
HBII-52-46,0.04852761090875614,4,0.75
HBM,0.010477998167657546,10,0.6
HBP1,0.016702805690769477,12,0.5
HBQ1,0.014858492562499053,6,0.6666666666666666
HBS1L,0.03202039195194669,10,0.9
HBXIP,0.02007751225847248,11,0.7272727272727273
HBZ,0.038511316943692385,6,1.0
HCCA2,0.04131432180924978,10,0.9
HCCS,0.03657729541842767,12,0.9166666666666666
HCFC1,0.001141964939023595,16,0.625
HCFC1R1,0.016609510685211253,13,0.7692307692307693
HCFC2,0.009037170595192738,8,0.25
HCG11,0.02128078735321326,7,1.0
HCG18,0.02101981565550045,14,0.8571428571428571
HCG22,0.03250967165081903,8,0.875
HCG26,0.04390882297938939,4,1.0
HCG27,0.029130696781238512,23,0.6956521739130435
HCG2P7,0.030958283029698996,1,1.0
HCG4,0.03647132399266668,11,0.9090909090909091
HCG4P6,0.014142045166533371,29,0.5862068965517241
HCG9,0.027743386691878216,4,0.75
HCK,0.009704685549710339,12,0.4166666666666667
HCLS1,0.040330745021760595,7,1.0
HCN1,0.024307025105713448,8,0.625
HCN2,0.01669487079546974,9,0.6666666666666666
HCN3,0.016048757703688573,12,0.75
HCN4,0.018376746417538014,12,1.0
HCP5,0.02476650611691204,12,0.8333333333333334
HCRT,0.038765747936714945,7,1.0
HCRTR1,0.026617892722046368,11,0.8181818181818182
HCRTR2,0.02257577572900413,6,0.8333333333333334
HCST,0.027758630690117903,3,0.6666666666666666
HDAC1,0.017581308403242638,9,0.5555555555555556
HDAC10,0.0156935558223401,11,0.5454545454545454
HDAC11,0.012594776448178024,30,0.7
HDAC2,0.018657358142955643,10,0.8
HDAC3,0.012735264117287278,14,0.7857142857142857
HDAC4,0.022044060831011236,70,0.8
HDAC5,0.013961221102745332,16,0.6875
HDAC6,0.028729475620717544,9,0.4444444444444444
HDAC7,0.013506989821396195,7,1.0
HDAC8,0.034828595296402816,9,0.6666666666666666
HDAC9,0.017465833158201896,9,0.3333333333333333
HDC,0.04546882588479099,6,1.0
HDDC2,0.006360076794409179,6,0.8333333333333334
HDDC3,0.024465339531769114,12,0.75
HDGF,0.013730063568524348,19,0.631578947368421
HDGF2,0.023287875097369938,8,0.75
HDGFL1,0.016282418584315485,13,0.6923076923076923
HDGFRP3,0.01576695983830017,7,0.7142857142857143
HDHD1A,0.023723682416141915,4,1.0
HDHD2,0.018142983999841943,13,0.8461538461538461
HDHD3,0.03509327828993122,3,1.0
HDLBP,0.008098817276380978,39,0.7692307692307693
HDX,0.03703977583122122,14,0.7857142857142857
HEATR1,0.017276624117859265,12,0.5833333333333334
HEATR2,0.006365986145241286,9,0.3333333333333333
HEATR3,0.022943313011544984,6,0.8333333333333334
HEATR4,0.0218886791692652,10,0.6
HEATR5A,-0.006345696672626924,4,0.25
HEATR5B,0.02131710305678792,13,0.8461538461538461
HEATR6,0.015618989496186408,8,0.625
HEATR7A,0.02243356432555008,3,0.6666666666666666
HEATR7B2,0.036860055957520815,4,1.0
HEBP1,0.015262408590896144,13,0.8461538461538461
HEBP2,0.01666961462667501,10,0.7
HECA,0.02039688450289684,11,0.9090909090909091
HECTD1,0.023227257272946264,10,0.8
HECTD2,0.017806268124197402,6,0.8333333333333334
HECTD3,0.014714496154467023,11,0.7272727272727273
HECW1,0.029068083011953183,28,0.8928571428571429
HECW2,0.020690110496327966,18,0.5555555555555556
HEG1,-0.023080472356927454,8,0.625
HELB,0.02364583911839388,8,0.875
HELLS,0.021007831284810527,13,0.9230769230769231
HELQ,0.015928187309892462,14,0.8571428571428571
HELT,0.021914476055460815,16,0.875
HELZ,0.021532711318830538,14,0.7857142857142857
HEMGN,0.06860836914795274,2,1.0
HEMK1,0.01523001584378039,15,0.8
HEPACAM,0.031565421454140305,7,0.7142857142857143
HEPACAM2,0.047012996595107125,9,0.7777777777777778
HEPH,0.05522245745020203,8,1.0
HEPHL1,0.04069193076346167,7,0.8571428571428571
HEPN1,0.02982736520090836,5,0.8
HERC1,0.018648383874356435,11,0.7272727272727273
HERC2,0.02302177368112539,3,0.6666666666666666
HERC2P2,0.004776500655415197,4,0.75
HERC2P4,0.00878085929435779,3,1.0
HERC3,0.012743846708192607,16,0.625
HERC4,0.026868622610269417,12,0.9166666666666666
HERC5,0.015769289202383175,7,0.7142857142857143
HERC6,0.03995268185954544,8,0.75
HERPUD1,0.00490679702776345,7,0.8571428571428571
HERPUD2,0.011589197157356427,15,0.6
HERV-FRD,0.022873330675869837,8,0.625
HES1,0.017496017214444333,26,0.8846153846153846
HES2,0.008397927006300574,7,0.7142857142857143
HES3,0.029129323365525102,10,0.9
HES4,0.008789752237839009,12,0.5
HES5,0.013908631026999789,8,0.75
HES6,0.007643275394867691,8,0.375
HES7,0.011695434022974106,12,0.5833333333333334
HESRG,0.03679169461443102,2,0.5
HESX1,0.022250762560244847,5,0.4
HEXA,0.021208346870194815,13,0.6923076923076923
HEXB,0.016244588565495613,11,0.7272727272727273
HEXDC,0.020683250426896657,9,0.6666666666666666
HEXIM1,0.02859963818885125,22,0.9090909090909091
HEXIM2,0.021780769029396012,13,0.7692307692307693
HEY1,0.014222824825809518,7,0.5714285714285714
HEY2,0.018853096805850927,11,0.6363636363636364
HEYL,0.017111531109620614,6,0.6666666666666666
HFE,0.03639179980560523,5,0.8
HFE2,0.020353307417835396,9,0.6666666666666666
HFM1,0.029672095658078247,10,1.0
HGC6.3,0.011481180533889919,15,0.5333333333333333
HGD,-0.044285752579125905,3,1.0
HGF,0.04137784632346771,7,1.0
HGFAC,0.019097722582337346,9,0.7777777777777778
HGS,0.013443388413647145,13,0.6153846153846154
HGSNAT,0.014260074851505622,6,0.5
HHAT,0.01294866206912969,17,0.7647058823529411
HHATL,0.03133944824207645,10,1.0
HHEX,0.01944400710453217,7,0.5714285714285714
HHIP,0.01980199013503578,10,0.6
HHIPL1,0.013812154668322406,9,0.7777777777777778
HHIPL2,-0.033114892988106485,7,1.0
HHLA1,0.039743989645405174,3,1.0
HHLA2,0.027734642318842755,8,0.75
HHLA3,0.026104475932371456,14,0.7857142857142857
HIAT1,0.023518528015939184,10,0.9
HIATL1,0.009155406322668628,3,0.3333333333333333
HIATL2,0.040232053243094174,3,1.0
HIBADH,0.020099532868452646,12,0.75
HIBCH,0.014242854546027797,9,0.6666666666666666
HIC1,0.011018615592499056,53,0.6226415094339622
HIC2,0.05792909878301023,6,0.8333333333333334
HIF1A,0.020969405662837497,9,0.6666666666666666
HIF1AN,0.020746133124608067,10,0.8
HIF3A,0.031715713837226864,20,0.8
HIGD1A,0.014369474767642089,16,0.75
HIGD1B,0.03161467097375075,6,0.8333333333333334
HIGD1C,0.02854645831714526,6,1.0
HIGD2A,0.014168400705586594,11,0.7272727272727273
HIGD2B,0.01659474650244962,8,0.75
HILS1,0.08119773140393625,3,1.0
HINFP,0.015492709889951555,14,0.8571428571428571
HINT1,0.030339878836616527,6,0.8333333333333334
HINT2,0.02028374624506189,3,1.0
HINT3,0.029582319443877937,8,0.625
HIP1,0.012756764300457225,13,0.8461538461538461
HIP1R,0.020884196216558192,9,0.8888888888888888
HIPK1,0.031231194678808884,23,0.8695652173913043
HIPK2,0.019195913248757277,12,0.75
HIPK3,0.018700143213261473,13,0.6923076923076923
HIPK4,0.022653727388771486,9,0.8888888888888888
HIRA,0.008528069026669888,12,0.5
HIRIP3,0.011054607574313736,11,0.9090909090909091
HISPPD1,-0.00770339665042095,3,0.0
HISPPD2A,0.030534732409902524,4,1.0
HIST1H1A,0.022380214541170434,13,0.5384615384615384
HIST1H1B,0.01798207688273707,10,0.5
HIST1H1C,0.014079115427871589,12,0.5833333333333334
HIST1H1D,0.031679873441598484,11,0.7272727272727273
HIST1H1E,0.02401811594140253,14,0.7142857142857143
HIST1H1T,0.01187021157457029,11,0.5454545454545454
HIST1H2AA,0.022830780074962198,12,0.75
HIST1H2AB,0.02631585048225808,14,0.8571428571428571
HIST1H2AC,0.029585342569684855,15,0.7333333333333333
HIST1H2AD,0.01864696414794601,12,0.75
HIST1H2AE,0.03462647812419846,12,1.0
HIST1H2AG,0.02553908129013467,16,0.8125
HIST1H2AH,0.024372251453679,9,1.0
HIST1H2AI,0.0245273522497221,15,0.8
HIST1H2AJ,0.0376067154670714,12,0.75
HIST1H2AK,0.032304759635998416,16,0.75
HIST1H2AL,0.02431885916749906,16,0.8125
HIST1H2AM,0.023967442926293426,17,0.7058823529411765
HIST1H2BA,0.022830780074962198,12,0.75
HIST1H2BB,0.028279469774753745,12,0.75
HIST1H2BC,0.035643316073440914,12,0.75
HIST1H2BD,0.04298472054323045,14,0.9285714285714286
HIST1H2BE,0.0315206643819733,12,0.75
HIST1H2BF,0.017874655536687604,11,0.7272727272727273
HIST1H2BG,0.033465210266797725,13,1.0
HIST1H2BH,0.03083053376886021,12,0.75
HIST1H2BI,0.03039333186232644,21,0.8095238095238095
HIST1H2BJ,0.024232861997275364,18,0.7777777777777778
HIST1H2BK,0.02639062813177538,9,1.0
HIST1H2BL,0.020805277800509392,13,0.7692307692307693
HIST1H2BM,0.034156496222193085,11,0.7272727272727273
HIST1H2BN,0.032913097909550285,17,0.7647058823529411
HIST1H2BO,0.022057890581963144,14,0.6428571428571429
HIST1H3A,0.023480009340067214,10,0.7
HIST1H3B,0.01882855759823868,15,0.8
HIST1H3C,0.018123485743081674,12,0.75
HIST1H3D,0.018412894518177386,15,0.8
HIST1H3E,0.02526566001694223,12,0.75
HIST1H3F,0.03083053376886021,12,0.75
HIST1H3G,0.03264275615235046,17,0.7647058823529411
HIST1H3H,0.025080184592445074,9,0.7777777777777778
HIST1H3I,0.022014904923616456,21,0.9523809523809523
HIST1H3J,0.03188152218656262,6,0.8333333333333334
HIST1H4A,0.02079973298149425,17,0.7058823529411765
HIST1H4B,0.021291755711969614,11,0.8181818181818182
HIST1H4C,0.032062450578128406,9,0.7777777777777778
HIST1H4D,0.02953420579504078,11,0.8181818181818182
HIST1H4E,0.02838789491264209,13,0.6923076923076923
HIST1H4F,0.021358004131042965,9,0.6666666666666666
HIST1H4G,0.011206758832348292,8,0.5
HIST1H4H,0.018403940953378342,13,0.7692307692307693
HIST1H4I,0.025351653115509364,9,0.5555555555555556
HIST1H4J,0.02051815716741859,9,0.7777777777777778
HIST1H4K,0.013016228369275221,8,0.375
HIST1H4L,0.013871424834763876,16,0.8125
HIST2H2AA3,0.026808881769948115,9,0.8888888888888888
HIST2H2AA4,0.026808881769948115,9,0.8888888888888888
HIST2H2AB,0.025117703467762386,10,0.9
HIST2H2AC,0.02493442183755313,17,0.9411764705882353
HIST2H2BA,0.014598821673337238,4,1.0
HIST2H2BE,0.02450533181941636,25,0.92
HIST2H2BF,0.024958470540533687,16,0.6875
HIST2H3D,0.012003174029883726,2,0.5
HIST3H2A,0.015420072125807833,23,0.782608695652174
HIST3H2BB,0.020895028160671247,23,0.8695652173913043
HIST3H3,0.024851033475350132,13,0.6923076923076923
HIST4H4,0.028856158255859632,9,0.7777777777777778
HIVEP1,0.014567814206234845,14,0.6428571428571429
HIVEP2,0.019588953261947015,31,0.7096774193548387
HIVEP3,0.011855953148408383,64,0.859375
HJURP,0.01466901433406495,12,0.75
HK1,0.023313133594629484,18,0.6666666666666666
HK2,0.027687898999843988,12,0.8333333333333334
HK3,0.030676024733973538,8,0.875
HKDC1,0.056605217625855755,5,1.0
HKR1,0.038394476951738574,10,1.0
HLA-A,0.005329414063712027,11,0.8181818181818182
HLA-B,0.018682402968408316,18,0.6111111111111112
HLA-C,0.033398675653310825,11,0.9090909090909091
HLA-DMA,0.03687460046749327,12,0.8333333333333334
HLA-DMB,0.03546574524611375,14,1.0
HLA-DOA,0.028551670243957498,22,0.8636363636363636
HLA-DOB,0.014030818285003513,6,0.8333333333333334
HLA-DPA1,0.030612699657729985,6,0.8333333333333334
HLA-DPB1,0.02635385678925008,10,0.6
HLA-DPB2,0.04882759078537549,3,1.0
HLA-DQA1,0.03664850579290945,4,0.75
HLA-DQA2,0.008730345600294506,4,0.5
HLA-DQB1,0.03432493377262081,9,0.8888888888888888
HLA-DQB2,0.04959695102431246,7,1.0
HLA-DRA,0.04387155743384953,10,0.9
HLA-DRB1,0.05405114478511608,6,0.8333333333333334
HLA-DRB5,0.028666300388653768,4,0.75
HLA-DRB6,0.03753349851676465,3,1.0
HLA-E,0.029721609312197927,20,0.85
HLA-F,0.02546622219491553,17,0.8823529411764706
HLA-G,0.031281776231447,17,0.9411764705882353
HLA-H,0.014376478835493284,12,0.6666666666666666
HLA-J,-0.08651414492736209,7,0.8571428571428571
HLA-L,0.024749536795265835,10,0.8
HLCS,0.004507903536314855,26,0.6538461538461539
HLF,0.0280697907927809,10,0.7
HLTF,0.018448028324694866,25,0.84
HLX,0.013574953589035288,15,0.8
HM13,0.01760927419911266,9,0.8888888888888888
HMBOX1,0.020086226711419693,20,0.65
HMBS,0.017666112863668062,11,0.9090909090909091
HMCN1,0.01790060846475452,13,0.8461538461538461
HMG20A,0.030554478681015882,13,0.7692307692307693
HMG20B,0.01438260929292186,7,0.8571428571428571
HMGA1,0.025659753975551303,19,0.7894736842105263
HMGA2,0.01670847109638294,10,0.7
HMGB1,0.0031413155378028725,14,0.9285714285714286
HMGB1L1,0.045262243256376525,9,1.0
HMGB2,0.022700435536751166,22,0.8181818181818182
HMGB3,0.016295750958693234,17,0.5294117647058824
HMGB3L1,0.05941921994292846,2,1.0
HMGB4,0.02248193679633107,8,0.75
HMGCL,0.02015772141640263,9,0.5555555555555556
HMGCLL1,0.01778603241411872,11,0.5454545454545454
HMGCR,0.014894110319855585,16,0.625
HMGCS1,0.019843682049590257,14,0.8571428571428571
HMGCS2,0.026430434902242617,5,1.0
HMGN1,0.012992040288797477,8,0.625
HMGN2,0.012900630852161699,10,0.8
HMGN3,0.012712975650163544,7,0.7142857142857143
HMGN4,0.027656592826764758,20,0.75
HMGN5,0.028880789587964358,15,0.8
HMGXB3,0.017914057220382185,19,0.7368421052631579
HMGXB4,0.020532345631911378,11,0.8181818181818182
HMHA1,0.017540952380328212,9,0.5555555555555556
HMHB1,0.023568357110785674,6,0.6666666666666666
HMMR,0.019965946925322112,16,0.6875
HMOX1,0.02295109564337624,5,0.8
HMOX2,0.0329340290900962,24,0.75
HMP19,0.01790432056222787,6,0.8333333333333334
HMSD,0.02495446366753874,10,0.5
HMX2,0.022521795694222056,14,0.9285714285714286
HMX3,0.010695168738071647,15,0.6666666666666666
HN1,0.013424007255267366,12,0.8333333333333334
HN1L,0.0134058126485287,8,0.5
HNF1A,0.017888593017249866,11,0.5454545454545454
HNF1B,0.015968203126394513,9,0.6666666666666666
HNF4A,0.032176026075291984,19,0.7894736842105263
HNF4G,-0.002942350436237029,1,0.0
HNMT,0.022038880261673856,4,0.75
HNRNPA0,0.01153156618633773,14,0.7857142857142857
HNRNPA1,0.027518226866284988,19,0.8421052631578947
HNRNPA1L2,0.02243291475949611,13,0.8461538461538461
HNRNPA2B1,0.014877501147804542,17,0.6470588235294118
HNRNPA3,0.012597396493225528,6,0.6666666666666666
HNRNPA3P1,0.01916685583118999,3,0.6666666666666666
HNRNPAB,0.016026801916591137,11,0.6363636363636364
HNRNPC,0.0154324265414791,14,0.6428571428571429
HNRNPCL1,0.034430888237195034,5,1.0
HNRNPD,0.015439900042349809,11,0.6363636363636364
HNRNPF,0.016151463418434105,44,0.75
HNRNPH1,0.019312436925538485,13,0.6923076923076923
HNRNPH2,0.025409852593362526,14,0.6428571428571429
HNRNPH3,0.02495396868293676,22,0.9545454545454546
HNRNPK,0.023863042880138758,13,0.7692307692307693
HNRNPL,0.022069127223998508,21,0.8095238095238095
HNRNPM,0.003923811798885719,7,0.7142857142857143
HNRNPR,0.021168367027543822,16,0.8125
HNRNPU,0.01636553380869669,13,0.6153846153846154
HNRNPUL1,0.022439754818125986,27,0.8148148148148148
HNRNPUL2,0.025190032159770996,14,0.8571428571428571
HNRPA1L-2,0.026379966580009295,16,0.8125
HNRPDL,0.018535893298007276,16,0.625
HNRPLL,0.026739202214644597,10,0.7
HOMER1,0.019818825381982715,10,0.7
HOMER2,0.019972505988462903,5,0.6
HOMER3,0.018696031366853858,15,0.6666666666666666
HOMEZ,0.013227414357935516,10,0.7
HOOK1,0.019136468048217437,10,1.0
HOOK2,0.02208609006297387,10,0.8
HOOK3,0.01601841980345838,6,0.6666666666666666
HOPX,0.028072894943439307,20,0.85
HORMAD1,0.004935705982000057,7,0.42857142857142855
HORMAD2,0.01908756546443529,13,0.5384615384615384
HOTAIR,0.025984498729957495,3,0.6666666666666666
HOXA1,0.024276961583467156,13,1.0
HOXA10,0.023738717304747893,19,0.7894736842105263
HOXA11,0.025020951975182983,36,0.7777777777777778
HOXA11AS,0.01971925972024631,13,0.6153846153846154
HOXA13,0.024261211647395343,11,1.0
HOXA2,0.02080844180999289,28,0.7142857142857143
HOXA3,0.035337056414726495,62,0.8548387096774194
HOXA4,0.020372559061784007,24,0.7916666666666666
HOXA5,0.02539684549974857,45,0.8666666666666667
HOXA6,0.006637037659689581,16,0.5
HOXA7,0.020182948498188424,19,0.8421052631578947
HOXA9,0.014464126174839302,21,0.5714285714285714
HOXB1,0.02050248808256788,13,0.7692307692307693
HOXB13,0.020521350480573086,12,0.8333333333333334
HOXB2,0.02592320848894736,14,0.9285714285714286
HOXB3,0.013197740642845459,41,0.6829268292682927
HOXB4,0.023675892621450305,21,0.6666666666666666
HOXB5,0.025793195265669408,18,0.8333333333333334
HOXB6,0.014359284827524129,29,0.8275862068965517
HOXB7,0.01075230831371344,16,0.625
HOXB8,0.024273951211439916,14,0.7857142857142857
HOXB9,0.02221340826813532,12,0.9166666666666666
HOXC10,0.02269750026554646,12,0.9166666666666666
HOXC11,0.0006604024851808153,11,1.0
HOXC12,0.03465332756391354,7,1.0
HOXC13,0.018431244563877368,16,0.75
HOXC4,0.025437776349595705,121,0.8264462809917356
HOXC5,0.022609278064514137,37,0.8108108108108109
HOXC6,0.02211339677609815,52,0.7692307692307693
HOXC8,0.009407870422100808,13,0.9230769230769231
HOXC9,0.018356335465672727,21,0.8095238095238095
HOXD1,0.014079249597942281,16,0.6875
HOXD10,0.014775261972605177,11,0.9090909090909091
HOXD11,0.02473275452132447,14,0.9285714285714286
HOXD12,0.023605326602278744,13,0.7692307692307693
HOXD13,0.010103572875894298,12,0.6666666666666666
HOXD3,0.02719151371733855,21,0.7619047619047619
HOXD4,0.034634344022069004,17,0.9411764705882353
HOXD8,0.009160865418037163,20,0.65
HOXD9,0.021859510081426146,18,0.8333333333333334
HP,0.05274256726695074,1,1.0
HP1BP3,0.008638735028138,12,0.5
HPCA,0.020269843172061493,11,0.8181818181818182
HPCAL1,0.0029161366415044903,52,0.6538461538461539
HPCAL4,0.00842218580334456,18,0.7222222222222222
HPD,-0.003902400842845176,4,0.75
HPDL,0.00824997883037112,11,0.8181818181818182
HPGD,0.026788428400366066,10,0.8
HPGDS,0.016586488848838177,4,0.25
HPN,0.027239616495621784,11,0.8181818181818182
HPR,0.0535610208533812,4,1.0
HPRT1,0.001515602625078961,9,0.8888888888888888
HPS1,0.023586048404508786,11,0.8181818181818182
HPS3,0.019751745838546206,9,0.6666666666666666
HPS4,0.028915312645081157,18,0.6666666666666666
HPS5,0.019269250858061374,15,0.6666666666666666
HPS6,0.015573252269044413,10,0.8
HPSE,0.021144039211087835,13,0.9230769230769231
HPSE2,0.026597468179840142,12,0.75
HPVC1,0.06870642508699495,2,1.0
HPX,0.041798675804061325,6,1.0
HPYR1,0.04720413456136009,5,1.0
HR,-0.007239395825560092,9,0.8888888888888888
HRAS,0.010082213574734425,10,0.7
HRASLS,0.026454448335790432,14,0.7142857142857143
HRASLS2,0.03357984747637036,3,1.0
HRASLS5,0.017394349584801846,11,0.7272727272727273
HRC,0.040464452001414034,7,1.0
HRCT1,0.015531209478730278,2,0.5
HRG,0.059111345746169,4,1.0
HRH1,-0.005880949489005868,35,0.8285714285714286
HRH2,0.04434794225247402,28,0.9285714285714286
HRH3,0.018153115911539727,11,0.9090909090909091
HRH4,0.02520806392706154,2,1.0
HRK,0.022601882267247703,14,0.7857142857142857
HRNBP3,0.028533857822066216,168,0.8452380952380952
HRNR,0.040951230696183546,5,0.8
HRSP12,0.016388946869033555,16,0.6875
HS1BP3,0.014158501648151366,10,0.9
HS2ST1,0.025607341173581977,12,0.9166666666666666
HS3ST1,0.008802861402929834,26,0.7692307692307693
HS3ST2,0.02662948965155826,13,0.7692307692307693
HS3ST3A1,0.02361046915303387,13,0.8461538461538461
HS3ST3B1,0.017065501217987857,14,0.8571428571428571
HS3ST4,0.022626588370568794,10,0.8
HS3ST5,0.02444659213378495,5,0.6
HS3ST6,0.01278523558767354,10,0.6
HS6ST1,0.027943291462733402,11,0.8181818181818182
HS6ST2,0.052011074241667954,9,1.0
HS6ST3,0.020937650383303807,12,0.8333333333333334
HSBP1,0.01661910654460915,8,0.875
HSBP1L1,0.022051611830441395,8,0.75
HSCB,0.015588038890095666,14,0.7142857142857143
HSD11B1,0.0554860665203071,10,1.0
HSD11B1L,0.013895485983011364,17,0.7058823529411765
HSD11B2,0.013330491151923266,8,0.625
HSD17B1,0.012552485641239342,4,0.75
HSD17B10,0.022796121323041783,9,0.8888888888888888
HSD17B11,0.015396714460596896,9,0.6666666666666666
HSD17B12,0.021009196565507714,12,0.75
HSD17B13,0.02068128104456253,4,0.75
HSD17B14,0.017593054413806295,6,1.0
HSD17B2,0.0480911420142068,4,1.0
HSD17B3,0.05065713535805252,3,1.0
HSD17B4,0.02524382866387634,10,0.7
HSD17B6,0.03619531402827293,1,1.0
HSD17B7,0.03481834547915304,6,1.0
HSD17B7P2,0.018337155412791645,4,0.5
HSD17B8,0.02431331762160418,18,0.8333333333333334
HSD3B1,0.03593249562938483,2,0.5
HSD3B2,0.024633978244372735,3,0.6666666666666666
HSD3B7,0.02777093735615246,12,0.6666666666666666
HSDL1,0.01834429063752836,18,0.8333333333333334
HSDL2,0.015391625433225257,4,1.0
HSF1,0.015383570793481263,8,0.875
HSF2,0.014923103354333873,11,0.7272727272727273
HSF2BP,0.01623463975235647,15,0.8666666666666667
HSF4,0.03738709358498159,13,0.6923076923076923
HSF5,0.015596242167926547,7,0.2857142857142857
HSFX1,0.06004239533336328,2,1.0
HSFX2,0.06004239533336328,2,1.0
HSH2D,0.02262478862860772,8,1.0
HSN2,0.025823831816285503,5,0.4
HSP90AA1,0.023474317020207604,20,0.85
HSP90AB1,0.02287550009273854,15,0.8666666666666667
HSP90AB2P,-0.1168021083471863,3,1.0
HSP90AB4P,0.00010711557063752819,1,0.0
HSP90B1,0.022349780603143625,7,0.8571428571428571
HSP90B3P,0.027213353293814593,4,0.75
HSPA12A,-0.0009244847203928316,5,0.4
HSPA12B,0.02443212730948196,9,0.7777777777777778
HSPA13,0.027798255014985677,12,0.8333333333333334
HSPA14,0.012914404924443228,8,0.625
HSPA1A,0.01231837536796104,36,0.6388888888888888
HSPA1B,0.02420921752819695,29,0.7586206896551724
HSPA1L,0.013884954114801047,43,0.7209302325581395
HSPA2,0.021407943025216102,35,0.7428571428571429
HSPA4,0.02117885866043544,11,0.8181818181818182
HSPA4L,0.024247153671581673,6,0.8333333333333334
HSPA5,0.027604493747674333,4,0.75
HSPA6,0.019152521784035977,12,0.75
HSPA7,0.017274814824144107,6,0.8333333333333334
HSPA8,0.012169970478580596,12,0.6666666666666666
HSPA9,0.011769837488652325,10,0.7
HSPB1,0.0008088836175508077,12,0.5833333333333334
HSPB11,0.012512964504749351,13,0.3076923076923077
HSPB2,0.014322286344126273,11,0.6363636363636364
HSPB3,-0.034680888130299785,7,0.5714285714285714
HSPB6,0.017917578020308918,12,0.75
HSPB7,-0.03912355962412924,11,1.0
HSPB8,0.009489353302087986,10,0.6
HSPB9,0.019376462619885505,12,0.6666666666666666
HSPBAP1,0.027765612390119,13,0.6923076923076923
HSPBP1,0.021100585973652945,11,0.6363636363636364
HSPC072,0.027184626179089257,11,0.9090909090909091
HSPC157,0.022231152146666065,8,0.625
HSPC159,0.011111645302482124,4,0.75
HSPD1,0.012377445054668462,23,0.6956521739130435
HSPE1,0.00990108902467786,21,0.6666666666666666
HSPG2,0.005604505981916702,8,0.625
HSPH1,0.023786312607151486,13,0.8461538461538461
HTA,-0.06961439645341691,4,0.75
HTATIP2,0.012396709255608181,19,0.631578947368421
HTATSF1,0.02195736555662316,16,0.5625
HTN1,0.03537471809045156,1,1.0
HTN3,0.0329925432733976,3,0.6666666666666666
HTR1A,0.026119247001010277,14,0.7857142857142857
HTR1B,0.02448612081836615,12,0.9166666666666666
HTR1D,0.01608455765669956,12,0.75
HTR1E,0.02616592464848012,22,0.8181818181818182
HTR1F,0.026247840927869484,4,0.5
HTR2A,0.023491566791868736,23,0.782608695652174
HTR2B,0.02393881880334893,4,0.25
HTR2C,0.036622281047363016,21,0.7142857142857143
HTR3A,0.040744871265420986,11,0.8181818181818182
HTR3B,0.05584454890788788,3,1.0
HTR3C,0.04895081953258804,4,1.0
HTR3D,0.0431968169869116,6,1.0
HTR3E,0.038910295628939204,7,1.0
HTR4,0.029901287537261897,13,0.8461538461538461
HTR5A,0.031918589969382134,13,0.9230769230769231
HTR6,0.023487811694716792,12,0.9166666666666666
HTR7,0.01417698793524094,8,0.625
HTR7P,0.030148593673217722,5,1.0
HTRA1,0.008093913545272207,13,0.6923076923076923
HTRA2,0.016813921714371273,15,0.8666666666666667
HTRA3,0.01492499380855366,10,0.6
HTRA4,0.02006329719145861,7,0.5714285714285714
HTT,0.012561252454480289,12,0.6666666666666666
HULC,0.01577557022434853,1,0.0
HUNK,0.024389792030469135,9,0.8888888888888888
HUS1,0.0300916080236586,5,1.0
HUS1B,0.022398894655415044,10,0.6
HUWE1,0.030327668003226393,19,0.5789473684210527
HVCN1,0.020880807905821915,13,0.8461538461538461
HYAL1,0.01966119256240904,10,0.8
HYAL2,0.02140791031634139,20,0.85
HYAL3,0.01833691116815019,22,0.8181818181818182
HYAL4,0.04258880061637035,7,0.8571428571428571
HYALP1,0.022474449770136684,1,0.0
HYDIN,0.0283268526460861,12,0.9166666666666666
HYI,0.02448254317633064,16,0.9375
HYLS1,0.008611398151440932,20,0.6
HYMAI,0.04163611070815685,8,0.625
HYOU1,0.009062310648492321,12,0.6666666666666666
IAH1,0.013144527136265955,10,0.6
IAPP,0.058525825533362164,2,0.5
IARS,0.020520820291596936,7,0.42857142857142855
IARS2,0.02319461578485128,5,0.6
IBSP,0.03486777397478515,3,0.3333333333333333
IBTK,0.007460792852918399,12,0.9166666666666666
ICA1,0.01962400578230847,20,0.65
ICA1L,0.022600812058314844,20,0.6
ICAM1,0.030781139496633903,12,0.8333333333333334
ICAM2,0.01219383718647853,13,0.8461538461538461
ICAM3,0.04289498701727628,6,0.8333333333333334
ICAM4,0.023260890009573598,8,0.75
ICAM5,0.0309855168487477,8,1.0
ICK,0.014000263184766357,16,0.8125
ICMT,0.02035276448472673,9,0.8888888888888888
ICOS,0.01975600512016481,5,0.4
ICOSLG,0.007955043045923028,6,0.5
ICT1,0.010276142336222632,10,0.9
ID1,0.012348695068565908,17,0.6470588235294118
ID2,0.02301290313912099,12,0.75
ID2B,0.036456859859001434,4,1.0
ID3,0.0008368252635341844,14,0.7142857142857143
ID4,0.0232218410845755,8,0.75
IDE,0.009352453055037905,15,0.7333333333333333
IDH1,0.019944097924497133,13,0.9230769230769231
IDH2,0.018045161741944593,7,1.0
IDH3A,0.018024587332093066,8,0.75
IDH3B,0.02192882436901084,13,0.8461538461538461
IDH3G,0.020396388138410715,12,0.6666666666666666
IDI1,0.010802414348236415,11,0.8181818181818182
IDI2,-0.020043427621937338,4,0.5
IDO1,0.04814590099658406,1,1.0
IDO2,0.04145601470304212,4,0.75
IDS,0.030416670255123877,15,0.7333333333333333
IDUA,0.013936717071209675,8,0.75
IER2,0.02553088850913317,18,0.7777777777777778
IER3,0.0244552460805016,25,0.76
IER3IP1,0.022619009889514968,9,0.7777777777777778
IER5,-0.00021019093100202078,17,0.8235294117647058
IER5L,0.029966212121319637,8,0.75
IFFO1,0.030546214472268966,21,0.8571428571428571
IFFO2,0.015488696906900471,8,0.625
IFI16,0.03527875277179622,8,0.875
IFI27,0.019018769471222316,8,0.75
IFI27L1,0.019544770891884816,21,0.7619047619047619
IFI27L2,0.03020177073050642,9,0.8888888888888888
IFI30,0.021242384372151688,9,0.8888888888888888
IFI35,0.026195029332205255,7,0.7142857142857143
IFI44,0.06414426544963367,1,1.0
IFI44L,0.03406030692081125,7,0.42857142857142855
IFI6,0.018113731900038788,8,0.625
IFIH1,0.034245660664263516,9,0.8888888888888888
IFIT1,0.04954346002676756,4,1.0
IFIT1L,0.030894404266495333,5,0.8
IFIT2,0.04283494259263283,5,1.0
IFIT3,0.03571945221025043,6,0.8333333333333334
IFIT5,0.018962421087305555,9,0.6666666666666666
IFITM1,0.05236245618767816,13,0.8461538461538461
IFITM2,0.028709948528689314,6,0.8333333333333334
IFITM3,0.03722355438581504,8,1.0
IFITM4P,0.026679176753462805,9,1.0
IFITM5,0.01674301355663854,12,0.6666666666666666
IFLTD1,0.04037864082099826,9,0.4444444444444444
IFNA13,0.0020263611796088044,1,0.0
IFNA14,0.053535289653458995,2,1.0
IFNA4,0.053577896445330786,1,1.0
IFNA7,0.04923111835839544,1,1.0
IFNA8,0.04979507209586953,1,1.0
IFNAR1,0.013941313189984206,4,0.75
IFNAR2,0.02231619794611933,14,0.9285714285714286
IFNG,0.033025547090173066,5,0.6
IFNGR1,0.016143787907121603,7,0.8571428571428571
IFNGR2,0.025470147751152673,8,1.0
IFNK,0.002635444153616162,1,0.0
IFRD1,0.029393593601131276,19,0.7368421052631579
IFRD2,0.01652513774512643,11,0.8181818181818182
IFT122,0.009779568233238447,17,0.6470588235294118
IFT140,0.016002062020487814,23,0.7391304347826086
IFT172,0.014678958857975433,11,0.7272727272727273
IFT20,0.016994935533832287,13,0.7692307692307693
IFT52,0.02057729239640325,9,0.8888888888888888
IFT57,0.024483716469559397,7,0.7142857142857143
IFT74,0.026482098885504693,9,0.7777777777777778
IFT80,0.023070936577374978,17,0.6470588235294118
IFT81,0.00799199720447078,13,0.6153846153846154
IFT88,0.014736399036111177,15,0.6
IGBP1,0.02292109704071595,9,0.8888888888888888
IGDCC3,0.026466181884767175,5,0.6
IGDCC4,0.03063247180427626,5,0.6
IGF1,0.027089046331358148,9,1.0
IGF1R,0.020727591554330644,6,0.8333333333333334
IGF2,0.021104564548488955,91,0.7912087912087912
IGF2AS,0.020085944810753657,33,0.8181818181818182
IGF2BP1,0.020460263181508172,16,0.5625
IGF2BP2,0.035796469082949374,6,1.0
IGF2BP3,0.022356442242457173,15,0.6
IGF2R,0.013979581698451038,21,0.8095238095238095
IGFALS,0.034324841469192124,15,0.7333333333333333
IGFBP1,0.03147571618095196,11,0.8181818181818182
IGFBP2,0.02341998140260758,6,0.8333333333333334
IGFBP3,0.027321483941726392,32,0.84375
IGFBP4,0.021350239331639934,8,0.75
IGFBP5,0.017393506847283385,12,0.75
IGFBP6,0.03246039884659568,7,0.8571428571428571
IGFBP7,0.005419796680674349,10,0.6
IGFBPL1,0.038370647131779706,4,0.75
IGFL1,0.041376782912177314,5,0.8
IGFL2,0.03720908184325113,8,0.75
IGFL3,0.029772422141627904,5,0.8
IGFL4,0.05138391930619244,5,1.0
IGFN1,0.031142775495688654,6,0.8333333333333334
IGHMBP2,0.017267669145237113,10,0.7
IGJ,0.1179589076930428,1,1.0
IGLL1,0.04854369309173345,6,1.0
IGLL3,0.04036315414065174,2,1.0
IGLON5,0.017658198007912723,2,1.0
IGSF1,0.04215137013323104,9,0.8888888888888888
IGSF10,0.0464047455029113,6,1.0
IGSF11,0.02134563596112925,25,0.72
IGSF21,0.018109978870575732,9,0.6666666666666666
IGSF22,0.03636819151295105,6,1.0
IGSF3,0.019877687488588258,9,0.5555555555555556
IGSF5,0.05243265039312897,2,1.0
IGSF6,0.00981226967198202,5,1.0
IGSF8,0.013148159392050513,16,0.5625
IGSF9,0.026161195364636305,8,1.0
IGSF9B,0.022878182168343652,8,1.0
IHH,0.007107835215041031,11,0.7272727272727273
IK,0.020511583974124822,10,0.9
IKBIP,0.016018269204789645,18,0.7777777777777778
IKBKAP,0.017728734203801735,12,0.75
IKBKB,0.020901329599219736,9,0.8888888888888888
IKBKE,0.0018122478115360661,8,1.0
IKBKG,0.029306794062905935,28,0.7857142857142857
IKZF1,0.027987000607408767,18,0.9444444444444444
IKZF2,0.03528770217521967,11,0.8181818181818182
IKZF3,0.0421291036040318,4,0.75
IKZF4,0.030190245670707404,8,1.0
IKZF5,0.01908593648335465,17,0.7647058823529411
IL10,0.029983272427700103,3,1.0
IL10RA,0.03448012410947945,4,1.0
IL10RB,0.024086590630689846,7,0.5714285714285714
IL11,0.030956398675788033,4,1.0
IL11RA,0.01755941451795045,5,1.0
IL12A,0.014243248961906712,10,0.6
IL12B,0.01965387019273866,10,0.9
IL12RB1,0.0403343651127267,5,1.0
IL12RB2,0.026959539058151762,15,0.7333333333333333
IL13,0.021628671877183345,7,0.7142857142857143
IL13RA1,0.026021718247362973,9,0.6666666666666666
IL13RA2,0.020270462960182555,5,0.6
IL15,0.01992754780878287,20,0.65
IL15RA,0.024010006861662447,12,0.6666666666666666
IL16,0.00266556494325438,11,0.9090909090909091
IL17A,0.051747938598061295,4,1.0
IL17B,-0.10769877998748766,7,0.8571428571428571
IL17C,0.02662762704746672,5,0.8
IL17D,0.01780874937436151,7,0.7142857142857143
IL17F,0.03214305471400415,6,0.8333333333333334
IL17RA,0.01147703790815323,13,0.5384615384615384
IL17RB,0.011587196228629392,5,0.6
IL17RC,0.015520026737448775,7,0.7142857142857143
IL17RD,0.024008101091912,10,0.7
IL17RE,-0.012679585854321536,7,1.0
IL17REL,0.03803813034716349,14,1.0
IL18,0.0612592740817381,7,0.7142857142857143
IL18BP,0.026480740410932964,13,0.9230769230769231
IL18R1,0.02207701698578088,2,0.5
IL18RAP,0.058845252235437996,5,1.0
IL19,-0.06744289212293465,9,0.7777777777777778
IL1A,0.025682772446471117,6,1.0
IL1B,0.035939221218829163,7,1.0
IL1F10,0.05058950902596058,8,1.0
IL1F5,0.008705408589267036,2,0.5
IL1F6,0.049798845306618086,5,1.0
IL1F7,0.0552483899311165,12,0.9166666666666666
IL1F8,0.03373634893551944,9,1.0
IL1F9,0.04768268998966748,7,1.0
IL1R1,0.046145062698235303,5,1.0
IL1R2,0.018052371533559868,13,0.7692307692307693
IL1RAP,0.011734914304281937,16,0.5
IL1RAPL1,0.03835695217003081,10,0.7
IL1RAPL2,0.02528548748195278,20,0.8
IL1RL1,0.007523545895784637,8,0.25
IL1RL2,-0.048218183611756234,6,0.8333333333333334
IL1RN,0.05299122745500455,11,1.0
IL2,0.025891178040555962,1,0.0
IL20,0.028451565539640348,6,0.6666666666666666
IL20RA,0.02628353829575187,8,0.5
IL20RB,2.8589638589715528e-05,5,0.8
IL21,0.04741180801529622,4,1.0
IL21R,0.020368164239241475,16,0.75
IL22,0.02139986454117185,7,0.5714285714285714
IL22RA1,0.024454663998055376,7,1.0
IL22RA2,0.04536355136690121,6,0.8333333333333334
IL23A,0.02374096328319772,6,0.8333333333333334
IL23R,0.021625718018828594,3,0.6666666666666666
IL24,0.025271020695203986,6,1.0
IL25,0.05691567799816391,4,1.0
IL26,0.04827367823424718,5,1.0
IL27,0.030210243103750933,5,1.0
IL27RA,0.0232176835751891,10,0.8
IL28B,0.03542898039825072,5,0.8
IL28RA,0.011775757526973263,10,0.8
IL29,0.040728983710829836,5,1.0
IL2RA,0.04447230548954247,6,0.8333333333333334
IL2RB,0.043215810497383496,7,1.0
IL2RG,0.027341717295032354,7,0.8571428571428571
IL3,0.036205298094889087,7,1.0
IL31,0.04644161585253693,6,1.0
IL31RA,-0.008997963016062899,4,0.5
IL32,0.026734139713717058,9,0.7777777777777778
IL33,0.015413688040435192,1,0.0
IL34,0.009643516253144946,10,0.7
IL4,0.04583669635265679,4,1.0
IL4I1,0.025663507710594773,29,0.8275862068965517
IL4R,0.02029976948533341,9,0.8888888888888888
IL5,0.0366172105013275,5,1.0
IL5RA,0.05381569670390672,7,1.0
IL6,0.036349984288932526,6,1.0
IL6R,0.02449648456752915,14,0.9285714285714286
IL6ST,0.031448489991996405,15,0.7333333333333333
IL7,0.02523166886011248,8,0.625
IL7R,0.03090542140895091,2,1.0
IL9,0.038718049472605744,5,0.8
ILDR1,0.013203033869765995,8,0.375
ILDR2,0.021998264630912045,4,0.75
ILF2,0.017819890864482164,10,0.8
ILF3,0.012840329644779014,19,0.5789473684210527
ILK,0.009462523149223169,19,0.7368421052631579
ILKAP,0.01421418564781274,8,0.75
ILVBL,0.02494835253212831,12,0.8333333333333334
IMMP1L,0.022152254514300106,14,0.7142857142857143
IMMP2L,0.02809757363053649,12,0.9166666666666666
IMMT,0.022372983317723066,12,0.8333333333333334
IMP3,0.016926767473852657,14,0.9285714285714286
IMP4,0.021151807822665316,17,0.9411764705882353
IMP5,0.0328598026329079,13,0.9230769230769231
IMPA1,0.022604631585038334,9,0.5555555555555556
IMPA2,0.013725047585990817,9,0.5555555555555556
IMPACT,0.014712650725033668,14,0.5714285714285714
IMPAD1,0.027871795002430002,9,0.6666666666666666
IMPDH1,0.025890581775661593,13,0.7692307692307693
IMPDH2,0.02360504485390839,13,0.8461538461538461
IMPG1,0.08749350597468356,1,1.0
IMPG2,0.014225257311383003,3,0.0
INA,0.008789615679009138,11,0.8181818181818182
INADL,0.020542975401200918,9,0.5555555555555556
INCA1,0.006964260888378,18,0.5
INCENP,0.021886494592765236,9,1.0
INE1,0.04827345609442105,6,1.0
INE2,0.021153115357104513,3,0.6666666666666666
INF2,0.01757411121336704,23,0.8695652173913043
ING1,0.01616873026561103,30,0.6666666666666666
ING2,0.02248823163494292,6,0.6666666666666666
ING3,0.034713383890354554,9,1.0
ING4,0.016793769601038747,9,0.8888888888888888
ING5,0.0113359917781894,7,0.7142857142857143
INGX,0.017141520033275133,7,0.7142857142857143
INHA,0.014249599034876896,11,0.6363636363636364
INHBA,0.008811246468055993,7,0.7142857142857143
INHBB,0.009159570879261255,6,0.8333333333333334
INHBC,0.030195932128688367,5,1.0
INHBE,0.017669591601989925,5,0.8
INMT,0.035749010211138535,5,0.8
INO80,0.02022119309456894,10,0.6
INO80B,0.02579686568603725,11,0.7272727272727273
INO80C,0.019205932711658068,10,0.8
INO80D,0.030815593364712176,15,0.7333333333333333
INO80E,0.011071787728572013,12,0.8333333333333334
INPP1,0.02182436291496074,13,0.6923076923076923
INPP4A,0.01039202983216944,33,0.6666666666666666
INPP4B,0.01855495051752107,21,0.6666666666666666
INPP5A,0.016482199471106396,11,0.6363636363636364
INPP5B,0.02825526476486216,7,0.8571428571428571
INPP5D,0.04422486382368131,13,0.9230769230769231
INPP5E,0.03036071792772151,9,0.7777777777777778
INPP5F,0.028747322519223222,14,0.7142857142857143
INPP5J,0.020833231255016238,5,0.8
INPP5K,0.014936045364178056,13,0.9230769230769231
INPPL1,0.0192434805886433,10,0.8
INS,0.023268309610673447,17,0.9411764705882353
INS-IGF2,0.023268309610673447,17,0.9411764705882353
INSC,0.002042142266311716,19,0.8947368421052632
INSIG1,0.009921650127618493,9,0.6666666666666666
INSIG2,0.020007150884199274,13,0.7692307692307693
INSL3,0.02480252370930778,8,0.875
INSL4,-0.06237277693672333,2,1.0
INSL5,0.018742200753493483,5,0.6
INSL6,0.042063857774046254,5,1.0
INSM1,0.014761232132315408,14,0.7142857142857143
INSM2,0.011671819711390197,22,0.6818181818181818
INSR,0.017412819162650237,9,0.5555555555555556
INSRR,0.024967260681207054,8,0.75
INTS1,0.01968160977606866,7,0.7142857142857143
INTS10,0.02311178312433285,7,1.0
INTS12,0.014542889692252139,21,0.5714285714285714
INTS2,0.019318048790173452,5,0.6
INTS3,0.01548745644221375,11,0.7272727272727273
INTS4,0.018495558322298853,6,1.0
INTS4L2,-0.01113724279576537,3,0.0
INTS5,0.019737903421224987,9,0.8888888888888888
INTS6,0.016696305000080455,14,0.7857142857142857
INTS7,0.018356242685020917,12,0.75
INTS8,0.023665834520670462,9,1.0
INTS9,0.021356813013280525,15,0.8666666666666667
INTU,0.02734583350798665,10,0.9
INVS,0.03291207200560798,6,0.6666666666666666
IP6K1,-0.005488121623250285,19,0.631578947368421
IP6K2,0.004533593645808778,17,0.6470588235294118
IP6K3,0.044674220698046906,5,1.0
IPCEF1,0.030090881878258924,13,0.6923076923076923
IPMK,0.02206670881594011,16,0.8125
IPO11,0.02202688032724666,15,0.6666666666666666
IPO13,0.011768226073457436,17,0.6470588235294118
IPO4,0.015225162810984853,14,0.7857142857142857
IPO5,-0.016981370577987702,8,0.375
IPO7,0.0306505208500913,10,0.9
IPO8,0.016197710689138962,5,0.8
IPO9,0.02004518872346142,8,0.75
IPP,0.021978046939969093,11,0.9090909090909091
IPPK,0.018448653831346425,5,1.0
IPW,0.04464800871991681,2,1.0
IQCA1,0.028782142376317765,5,0.8
IQCB1,0.022223998585659065,15,0.7333333333333333
IQCC,0.018135953842800836,13,0.8461538461538461
IQCD,0.025714683219513555,14,1.0
IQCE,0.004728605114733206,7,0.7142857142857143
IQCF1,0.04170233578871557,1,1.0
IQCF2,0.04468155724696458,2,1.0
IQCF3,0.043856119910293756,1,1.0
IQCF5,0.06248871784529963,4,1.0
IQCF6,0.046734676063331634,5,1.0
IQCG,0.01969308550480564,24,0.75
IQCH,0.01801814269453237,10,0.9
IQCJ,0.04558529244343409,5,1.0
IQCK,0.01339079173314485,6,0.8333333333333334
IQGAP1,0.00418183980337493,8,0.875
IQGAP2,0.013485229947669477,7,0.7142857142857143
IQGAP3,0.019579116911572672,6,0.8333333333333334
IQSEC1,0.011311378724213624,18,0.6111111111111112
IQSEC2,0.021120299541602425,18,0.6111111111111112
IQSEC3,0.027550875939532128,32,0.78125
IQUB,0.025347098562565472,11,0.45454545454545453
IRAK1,0.04187220160404626,6,1.0
IRAK1BP1,0.025109078692612617,12,0.8333333333333334
IRAK2,0.019562828761714644,11,0.8181818181818182
IRAK3,0.021624627343493942,7,0.5714285714285714
IRAK4,0.024245285789312006,17,0.8823529411764706
IREB2,0.00825522499468283,9,0.5555555555555556
IRF1,0.02135739678805851,11,0.6363636363636364
IRF2,0.014625901344663744,37,0.7027027027027027
IRF2BP1,0.02421969432546207,19,0.7894736842105263
IRF2BP2,0.014752166344832859,14,0.8571428571428571
IRF3,0.01754322539667106,11,1.0
IRF4,0.02447442708715061,13,1.0
IRF5,0.01590594697301259,21,0.7619047619047619
IRF6,0.007464476068070207,16,0.6875
IRF7,0.009643206648155567,14,0.5
IRF8,0.03431498760038582,13,0.7692307692307693
IRF9,0.0208494851179648,10,0.8
IRGC,0.04930141561904698,8,1.0
IRGM,0.016978224128979636,7,0.5714285714285714
IRGQ,0.017248115400484917,16,0.6875
IRS1,0.027328469600128753,16,0.9375
IRS2,0.024008059586732643,23,0.6956521739130435
IRS4,0.034244323724811364,24,0.8333333333333334
IRX1,0.022704589338042012,7,0.8571428571428571
IRX2,0.010185515705879685,13,0.6923076923076923
IRX3,0.031285410063564965,9,0.7777777777777778
IRX4,0.009415435788724471,15,0.6666666666666666
IRX5,0.016764492454896515,11,0.6363636363636364
IRX6,0.02479842628414574,8,1.0
ISCA1,0.016879814144260784,5,0.6
ISCA1L,0.0008773946680712477,4,0.5
ISCA2,0.015587325550115784,15,0.9333333333333333
ISCU,0.027501409100335675,16,0.875
ISG15,0.02455361606819555,5,0.8
ISG20,0.013762602088026741,8,1.0
ISG20L2,0.02304223072883567,16,0.875
ISL1,0.012528035498957802,15,0.8
ISL2,0.015531548142114077,11,0.9090909090909091
ISLR,0.013844167741939481,12,0.8333333333333334
ISLR2,0.02966640098594451,37,0.918918918918919
ISM1,0.00816474922735659,32,0.625
ISM2,0.01907158656870107,8,0.625
ISOC1,0.014051858278091786,8,0.625
ISOC2,0.01761616653846178,12,0.8333333333333334
ISPD,0.014420551784146815,6,1.0
ISX,0.04696789672435692,1,1.0
ISY1,0.02414666181775281,12,0.8333333333333334
ISYNA1,0.009800716987406546,14,0.7142857142857143
ITCH,0.02720727866221215,12,0.75
ITFG1,0.023797012262853023,7,0.8571428571428571
ITFG2,0.016422900254523465,11,0.8181818181818182
ITFG3,0.013405600240600845,15,0.6666666666666666
ITGA1,0.02083025688655952,14,0.7857142857142857
ITGA10,-0.019524496285605836,3,1.0
ITGA11,0.016539970086440252,5,1.0
ITGA2,0.008640084979735582,7,0.8571428571428571
ITGA2B,0.03785148783567972,4,1.0
ITGA3,0.01617507176368295,9,0.8888888888888888
ITGA4,0.02651151003420542,11,0.6363636363636364
ITGA5,0.030227093195144394,7,0.8571428571428571
ITGA6,0.01918113143805526,12,0.75
ITGA7,0.014900810245030047,14,0.7142857142857143
ITGA8,0.02934744966069691,9,0.5555555555555556
ITGA9,0.011673103162719451,6,0.8333333333333334
ITGAD,0.03755019737018517,2,1.0
ITGAE,-0.022901818894400468,10,0.6
ITGAL,0.018484213761792906,4,0.5
ITGAM,0.04962936008993322,5,1.0
ITGAV,-0.006346976996213162,12,0.75
ITGAX,0.022723258103466065,5,0.8
ITGB1,0.014345393146625708,18,0.6111111111111112
ITGB1BP1,0.005080930567403023,13,0.8461538461538461
ITGB1BP2,0.013609278704172946,8,0.875
ITGB1BP3,0.02896164959173272,9,1.0
ITGB2,0.029846435198800394,22,1.0
ITGB3,0.03286818041486737,5,1.0
ITGB3BP,0.018823234031489583,8,0.75
ITGB4,0.027404070583102593,13,0.9230769230769231
ITGB5,0.014899561333257233,6,1.0
ITGB6,0.011923390661622582,4,0.25
ITGB7,0.04275935668558869,6,0.8333333333333334
ITGB8,0.02480839852472609,9,0.8888888888888888
ITGBL1,0.017886993883261294,10,0.7
ITIH1,0.03694459121880489,18,1.0
ITIH2,0.03231593190920558,5,1.0
ITIH3,0.04560290031805454,9,1.0
ITIH4,0.005199850657184655,8,0.625
ITIH5,0.018341051413630554,19,0.7368421052631579
ITIH5L,0.038518811093410314,5,1.0
ITK,0.0444065740664656,4,0.75
ITLN1,0.08147821373823458,5,1.0
ITLN2,0.041149229548396095,3,1.0
ITM2A,0.03033165577485525,6,0.8333333333333334
ITM2B,0.018129976267882143,10,0.9
ITM2C,0.031187452981918544,8,0.75
ITPA,0.02591427617984623,12,0.8333333333333334
ITPK1,0.016012003930423065,10,0.7
ITPKA,0.010519073654584286,5,0.8
ITPKB,0.02375683825234787,15,0.6666666666666666
ITPKC,0.012139149241920232,11,0.6363636363636364
ITPR1,0.020670760344295262,16,0.6875
ITPR2,0.029218626435187578,22,0.8636363636363636
ITPR3,0.011962101949809774,13,0.6923076923076923
ITPRIP,0.02425604522843243,21,1.0
ITPRIPL1,0.032645196978613504,13,0.9230769230769231
ITPRIPL2,0.004196610040919943,16,0.75
ITSN1,0.018107177870883055,21,0.6190476190476191
ITSN2,0.014196609036561413,18,0.7222222222222222
IVD,0.02924547909818255,9,0.8888888888888888
IVL,0.04446338806742816,6,0.8333333333333334
IVNS1ABP,0.011579543059627525,15,0.6666666666666666
IWS1,0.013559056427221525,14,0.7857142857142857
IYD,0.04140134590031553,4,1.0
IZUMO1,0.02645992578870445,8,0.875
JAG1,0.013862697938541215,12,0.5
JAG2,0.0338210859850223,8,0.75
JAGN1,0.0128107358795997,9,0.7777777777777778
JAK1,0.012634267029004904,25,0.8
JAK2,0.024093177898229384,6,1.0
JAK3,0.03155219814082194,16,0.9375
JAKMIP1,0.02967211200304136,27,0.8148148148148148
JAKMIP2,0.04961172841773928,18,0.8333333333333334
JAKMIP3,0.03309084118116188,6,0.8333333333333334
JAM2,0.021531489203942367,12,0.75
JAM3,0.021110913312484155,7,0.7142857142857143
JARID2,0.02501182660437537,9,0.8888888888888888
JAZF1,0.01582903184264796,11,0.6363636363636364
JDP2,0.019998372694317368,17,0.7647058823529411
JHDM1D,0.020257080889449646,6,0.6666666666666666
JKAMP,0.014348926310494581,6,0.8333333333333334
JMJD1C,0.033752856524997356,14,0.7142857142857143
JMJD4,0.030453604742083754,6,0.8333333333333334
JMJD5,0.017391290052343782,15,0.8
JMJD6,0.013961997510528443,12,0.75
JMJD7,0.020094237529836186,9,0.8888888888888888
JMJD7-PLA2G4B,0.020094237529836186,9,0.8888888888888888
JMJD8,0.012553706231310961,9,0.7777777777777778
JMY,0.027079097059925884,11,0.9090909090909091
JOSD1,0.012268814684245878,16,0.75
JOSD2,0.011460686943550647,5,0.6
JPH1,0.016124824367917803,9,0.5555555555555556
JPH2,0.014340628039337243,6,0.6666666666666666
JPH3,0.017213718221677502,10,1.0
JPH4,0.04057083717989778,5,1.0
JRK,0.01942115264287105,15,0.7333333333333333
JRKL,0.018882177572794354,18,0.3888888888888889
JSRP1,0.026900966429633688,10,1.0
JTB,0.011432381846314817,12,0.5
JUB,0.020610476847881073,18,0.8333333333333334
JUN,0.017896243382627727,26,0.7692307692307693
JUNB,0.010699656737435493,11,0.8181818181818182
JUND,0.015487325209883385,13,0.7692307692307693
JUP,0.019865175152517033,18,0.7777777777777778
KAAG1,0.03493499422174346,12,0.8333333333333334
KAL1,0.018159624749458435,11,0.7272727272727273
KALRN,0.016311396713233985,17,0.7058823529411765
KANK1,0.01947567459851717,10,0.9
KANK2,0.027521837767230356,17,0.7058823529411765
KANK3,0.02281387931978602,18,0.7777777777777778
KANK4,0.01695021067677933,15,0.6666666666666666
KARS,0.017469554512647666,15,0.8
KAT2A,0.014102633851853003,11,0.7272727272727273
KAT2B,0.007881715986941254,6,0.8333333333333334
KAT5,0.008673981383385258,11,0.45454545454545453
KATNA1,-0.003522405196419239,3,0.6666666666666666
KATNAL1,-0.007811742166377676,18,0.7222222222222222
KATNAL2,0.030909605610664453,45,0.8888888888888888
KATNB1,0.017373761105658796,19,0.7368421052631579
KAZALD1,0.02039498883126502,17,0.8235294117647058
KBTBD10,0.016658034677076203,3,0.0
KBTBD11,0.023456384554472912,30,0.7333333333333333
KBTBD12,0.020401527532725634,3,0.3333333333333333
KBTBD2,0.013353919659019749,11,0.7272727272727273
KBTBD3,0.020057928979015063,29,0.6551724137931034
KBTBD4,0.01635467417006515,18,0.7777777777777778
KBTBD5,0.025329688161047657,11,0.9090909090909091
KBTBD6,0.021842223580093235,14,0.7142857142857143
KBTBD7,0.028443321868306188,10,0.8
KBTBD8,0.0181660696692546,7,0.7142857142857143
KC6,0.06853753689358275,1,1.0
KCMF1,0.0168293127218123,7,1.0
KCNA1,0.0189508104603447,18,0.7777777777777778
KCNA10,0.044915342279334025,7,1.0
KCNA2,0.03271752000084785,10,1.0
KCNA3,0.0285708997268731,19,0.7894736842105263
KCNA4,0.03299960947104129,22,0.7272727272727273
KCNA5,0.03589834415350756,12,1.0
KCNA6,0.04456462553536656,20,0.9
KCNA7,0.02692311037992549,9,0.7777777777777778
KCNAB1,0.033743258171609586,19,0.8421052631578947
KCNAB2,0.027154722607696094,19,0.7894736842105263
KCNAB3,0.008059653930323006,10,0.7
KCNB1,0.006586926050784646,11,0.6363636363636364
KCNB2,0.025288510298993424,11,0.6363636363636364
KCNC1,0.005018002258004481,8,0.75
KCNC2,0.024152118489143438,10,0.6
KCNC3,0.004638681068485907,13,0.7692307692307693
KCNC4,0.004268769275904305,11,0.6363636363636364
KCND1,0.03759190098279981,10,1.0
KCND2,0.027907968779359416,15,0.6
KCND3,0.01910685863703174,23,0.6521739130434783
KCNE1,0.005194205040613097,23,0.7391304347826086
KCNE1L,0.02699658583111932,10,0.6
KCNE2,0.02789360075594662,6,1.0
KCNE3,0.017424321373097476,12,0.6666666666666666
KCNE4,0.03415272501617496,8,1.0
KCNF1,0.02230139825040545,14,0.6428571428571429
KCNG1,0.01862910918372401,12,0.6666666666666666
KCNG2,0.02240631472345582,8,0.75
KCNG3,0.023306786324522776,9,0.7777777777777778
KCNG4,0.03836227101897417,7,1.0
KCNH1,0.026739327750670932,9,0.8888888888888888
KCNH2,0.008808406001145557,16,0.875
KCNH3,0.01667700521454646,9,0.6666666666666666
KCNH4,0.01849754309871147,11,0.6363636363636364
KCNH5,0.04416020925484991,14,0.8571428571428571
KCNH6,0.004864915017509021,2,0.5
KCNH7,0.02739037840712563,9,0.8888888888888888
KCNH8,0.02320419526904679,9,0.7777777777777778
KCNIP1,0.02648534404461515,17,0.8823529411764706
KCNIP2,0.017526548466340334,19,0.5789473684210527
KCNIP3,0.015397943202225648,14,0.7142857142857143
KCNIP4,0.03233061069851819,54,0.7962962962962963
KCNJ1,0.022188496341530053,22,0.6363636363636364
KCNJ10,0.02884016872767481,18,0.8333333333333334
KCNJ11,0.020055076640706784,17,0.5882352941176471
KCNJ12,0.02504249862710913,28,0.7142857142857143
KCNJ13,-0.017964354270278825,3,0.6666666666666666
KCNJ14,0.015277602846766292,16,0.6875
KCNJ15,0.03534174454471493,14,0.7857142857142857
KCNJ16,0.018966049119410095,16,0.5
KCNJ2,0.026274901905559013,13,0.7692307692307693
KCNJ3,0.02450686214049812,12,0.75
KCNJ4,0.023469210354279447,18,0.7222222222222222
KCNJ5,0.023616112561617785,36,0.7222222222222222
KCNJ6,0.023728908902912058,13,0.8461538461538461
KCNJ8,0.032650603297027056,10,0.8
KCNJ9,0.02674075038204541,8,0.75
KCNK1,0.015264153001291228,10,0.7
KCNK10,0.022660724874316203,20,0.75
KCNK12,0.012181177173645082,10,0.6
KCNK13,0.028426707113327628,17,0.9411764705882353
KCNK15,0.021488147260656298,9,0.7777777777777778
KCNK16,0.04624395369457831,8,1.0
KCNK17,0.030124370116381784,7,0.8571428571428571
KCNK18,0.04717949881458798,10,0.9
KCNK2,0.02690087088734144,18,0.7777777777777778
KCNK3,0.010741194194110218,5,1.0
KCNK4,0.01942286549813661,15,0.8666666666666667
KCNK5,0.004331495380651362,9,0.4444444444444444
KCNK6,0.021475784354432457,9,0.8888888888888888
KCNK7,0.029595711817103326,6,1.0
KCNK9,0.013012012945317305,13,0.6153846153846154
KCNMA1,0.023265320217252368,9,0.7777777777777778
KCNMB1,0.044677022505958924,8,1.0
KCNMB2,0.02978671910658432,14,0.6428571428571429
KCNMB3,0.02516962669068668,23,0.7391304347826086
KCNMB4,0.019446867992251926,10,0.6
KCNN1,0.01907002410751686,17,0.7058823529411765
KCNN2,0.030453010612385447,17,0.7058823529411765
KCNN3,0.001290244494972894,15,0.9333333333333333
KCNN4,-0.04837094711344003,7,0.7142857142857143
KCNQ1,0.034127701650454895,50,0.92
KCNQ1DN,0.022320493339837752,37,0.7297297297297297
KCNQ1OT1,0.0253449897238301,40,0.75
KCNQ2,0.03319532288638742,5,0.8
KCNQ3,0.017158209488673807,10,0.6
KCNQ4,0.011040768068024334,9,0.5555555555555556
KCNQ5,0.02419294563463638,13,0.8461538461538461
KCNRG,0.032768611134386394,4,0.5
KCNS1,0.015145430482283912,11,0.7272727272727273
KCNS2,0.02418386634020973,8,0.625
KCNS3,0.006268027856081369,21,1.0
KCNT1,0.02047341588487675,4,1.0
KCNT2,0.031064512992106583,8,0.75
KCNU1,0.03825865030525357,5,1.0
KCNV1,0.027674179673780643,15,0.8
KCNV2,0.02319820648523842,9,0.5555555555555556
KCP,0.017869475751496167,11,0.5454545454545454
KCTD1,0.02246019546794569,35,0.7428571428571429
KCTD10,0.01890644365100027,13,0.9230769230769231
KCTD11,0.0032615477363407233,15,0.8666666666666667
KCTD12,0.013436438455333856,21,0.5714285714285714
KCTD13,0.01080529030813045,10,0.7
KCTD14,0.020812588096812853,6,0.8333333333333334
KCTD15,0.019316577220662864,11,0.9090909090909091
KCTD16,0.02219244690941039,20,0.7
KCTD17,0.03005921728650568,7,1.0
KCTD18,0.020315773144251592,11,0.8181818181818182
KCTD19,0.024106683274024196,5,0.6
KCTD2,0.015390803709336065,10,0.9
KCTD20,0.023778624809747715,18,0.7777777777777778
KCTD21,0.011194610009949648,14,0.7857142857142857
KCTD3,0.022340821576932797,4,0.5
KCTD4,0.011542132679820743,5,0.6
KCTD5,0.015664483992809123,9,0.7777777777777778
KCTD6,0.011952395150824217,11,0.36363636363636365
KCTD7,0.006259542041662178,11,0.6363636363636364
KCTD8,0.02113357135442207,12,0.6666666666666666
KCTD9,0.024302070945540925,13,0.7692307692307693
KDELC1,0.020973356366398837,20,0.75
KDELC2,0.003352060971256429,10,0.4
KDELR1,0.021727270079366336,11,0.8181818181818182
KDELR2,0.016443906881564087,10,0.8
KDELR3,0.011900463814266796,8,0.875
KDM1A,0.015118984958041285,11,0.7272727272727273
KDM1B,0.0269583736823875,9,0.7777777777777778
KDM2A,0.02023198143542487,13,0.7692307692307693
KDM2B,0.01700822718887636,19,0.6842105263157895
KDM3A,0.02412353368266248,16,0.5625
KDM3B,0.029455290572614416,8,0.625
KDM4A,0.026695656126216053,18,0.9444444444444444
KDM4B,-0.0071103574144883415,19,0.7894736842105263
KDM4C,0.024784180611339024,12,0.8333333333333334
KDM4D,0.021636735598005497,15,0.6666666666666666
KDM4DL,0.047071647338562714,5,0.8
KDM5A,0.028481102949276183,14,0.9285714285714286
KDM5B,0.023433618469915683,12,0.6666666666666666
KDM5C,0.011855886950317415,10,0.6
KDM5D,0.02591155397681776,5,0.6
KDM6A,0.019908439115948993,11,0.8181818181818182
KDM6B,0.02131485039608244,18,0.7222222222222222
KDR,0.009475909387193391,12,0.6666666666666666
KDSR,0.009485393340340192,10,0.7
KEAP1,0.015224826697972598,11,0.6363636363636364
KEL,0.05206734756362059,6,1.0
KERA,-0.018626145097686023,2,1.0
KHDC1,0.020013750272279394,12,0.9166666666666666
KHDC1L,0.03762717889167714,5,1.0
KHDRBS1,0.011504862358857955,8,0.5
KHDRBS2,0.01966795212079862,13,0.6923076923076923
KHDRBS3,0.016790754540263634,6,0.8333333333333334
KHK,0.021465186892484237,8,0.75
KHNYN,0.010246992538536418,13,0.6153846153846154
KHSRP,0.029927354108020693,6,0.6666666666666666
KIAA0020,0.0282937661732571,6,0.8333333333333334
KIAA0040,0.02363940017206607,22,0.9545454545454546
KIAA0087,0.06144950924448867,3,1.0
KIAA0090,0.020596957759125546,13,0.7692307692307693
KIAA0100,0.006427361650093388,7,0.8571428571428571
KIAA0101,0.016793009651632523,11,0.8181818181818182
KIAA0114,0.013459684506939655,9,0.5555555555555556
KIAA0125,0.05272060266401465,3,1.0
KIAA0141,0.016203539772638432,10,0.7
KIAA0146,0.00791070172472878,10,0.5
KIAA0174,0.01423092686133256,11,0.5454545454545454
KIAA0182,0.01551176735640264,88,0.7613636363636364
KIAA0195,-0.00433170042746395,12,0.9166666666666666
KIAA0196,0.019094979908965432,12,0.6666666666666666
KIAA0226,0.019902261217368857,37,0.8648648648648649
KIAA0232,0.011992053615961774,11,0.7272727272727273
KIAA0240,0.009129807996645067,5,0.6
KIAA0247,0.01631873160979763,15,0.8
KIAA0284,0.015805692816024723,14,0.7857142857142857
KIAA0317,0.02956224380638985,15,0.8
KIAA0319,0.02208253144888635,13,0.5384615384615384
KIAA0319L,0.01800120396163862,18,0.8888888888888888
KIAA0355,0.016181986832040002,11,0.8181818181818182
KIAA0368,0.01242145428803959,1,1.0
KIAA0391,0.015905094492382817,11,0.9090909090909091
KIAA0406,0.02699020606474911,10,0.9
KIAA0408,-0.03266950561294873,4,0.5
KIAA0415,0.020646952781492818,10,0.7
KIAA0427,0.011756734493217343,15,0.6
KIAA0430,0.021078704566805984,11,0.8181818181818182
KIAA0467,0.03859243318345218,6,1.0
KIAA0494,0.022663680908335586,8,0.75
KIAA0495,0.014923021347444753,17,0.8235294117647058
KIAA0513,0.014687920913487196,24,0.7083333333333334
KIAA0528,0.014355543766860195,11,0.6363636363636364
KIAA0556,0.007325940015069663,13,0.5384615384615384
KIAA0562,0.021020970161396264,21,0.9047619047619048
KIAA0564,0.0107130275039027,8,0.625
KIAA0586,0.029990651228204757,12,0.75
KIAA0649,0.033558810321653414,8,0.875
KIAA0652,0.019844644589517884,18,0.8888888888888888
KIAA0664,0.017084879482551732,11,0.7272727272727273
KIAA0748,0.035218642936540506,12,0.8333333333333334
KIAA0753,0.02102263286950222,23,0.782608695652174
KIAA0754,0.03059103817392285,22,0.7727272727272727
KIAA0776,0.01842213037645283,7,0.2857142857142857
KIAA0802,0.02556118775977913,6,1.0
KIAA0831,0.024233752458649765,8,0.875
KIAA0892,0.020407242338057473,14,0.9285714285714286
KIAA0895,0.02852877439048865,16,0.875
KIAA0895L,0.023822941180468488,14,0.8571428571428571
KIAA0907,0.034061463156722004,12,0.8333333333333334
KIAA0913,0.007554976877235212,8,0.375
KIAA0922,0.01982150133269564,8,0.625
KIAA0947,0.031061830350279464,11,0.8181818181818182
KIAA1009,0.024726754070688858,13,0.7692307692307693
KIAA1012,0.01812313552751085,11,0.6363636363636364
KIAA1024,0.02821108760978971,15,0.8
KIAA1026,0.02519160800145222,40,0.9
KIAA1033,0.0201445850331076,14,0.7142857142857143
KIAA1045,0.020713805383045774,6,0.5
KIAA1107,-0.021965632233991395,1,0.0
KIAA1109,-0.016473376306954363,2,0.5
KIAA1143,0.010327036791736948,14,0.7857142857142857
KIAA1147,0.032161153601307224,4,1.0
KIAA1161,0.01257298662390213,7,0.8571428571428571
KIAA1191,0.02015853629641022,15,0.8666666666666667
KIAA1199,0.019702936621043148,30,0.8666666666666667
KIAA1210,0.019734400517836887,13,0.8461538461538461
KIAA1211,0.05309631496732967,7,0.8571428571428571
KIAA1217,0.03423631543202477,40,0.875
KIAA1239,0.02554534815526117,11,0.7272727272727273
KIAA1244,0.022013302169081532,8,0.625
KIAA1257,0.024833188945263256,13,0.8461538461538461
KIAA1267,0.03183878912730646,7,0.7142857142857143
KIAA1274,0.01285209487845463,17,0.8235294117647058
KIAA1279,0.028152189910495732,12,0.6666666666666666
KIAA1310,0.013088051639379055,16,0.625
KIAA1324,0.017558993016259097,13,0.6153846153846154
KIAA1324L,0.02097473325273265,12,0.5
KIAA1328,0.00588329064342623,10,0.5
KIAA1370,0.024926215957528017,9,0.6666666666666666
KIAA1377,0.01643553897886871,10,0.5
KIAA1383,0.025288243005152575,13,0.7692307692307693
KIAA1407,0.01828464652462229,13,0.7692307692307693
KIAA1409,0.02240078411673222,39,0.6666666666666666
KIAA1429,0.02622652068784843,9,0.6666666666666666
KIAA1430,0.026431401855378994,9,1.0
KIAA1432,0.024780410420047486,8,0.625
KIAA1462,-0.0034112734701724455,16,0.9375
KIAA1467,0.03287808572577685,5,1.0
KIAA1468,0.020310661306640908,10,0.7
KIAA1486,0.016417794222078525,6,0.5
KIAA1522,0.030662097807994827,5,0.6
KIAA1524,0.026251070450925885,16,0.75
KIAA1529,0.027002002192483533,5,0.8
KIAA1530,0.009879264029317332,30,0.5333333333333333
KIAA1539,0.031055719475383128,9,1.0
KIAA1543,0.022357263155015333,6,0.8333333333333334
KIAA1549,0.010291741792750383,4,0.75
KIAA1586,0.01750281656822396,9,0.7777777777777778
KIAA1598,0.014839167342701954,10,0.6
KIAA1609,0.012240305086236216,10,0.8
KIAA1614,0.024180935409650058,7,0.7142857142857143
KIAA1632,0.03026166401065052,10,0.9
KIAA1644,0.0034578809520916633,10,0.8
KIAA1671,0.027397674909546248,8,0.75
KIAA1683,-0.029647804769869494,8,1.0
KIAA1688,0.02591630219084211,9,0.7777777777777778
KIAA1704,0.014064503111360196,12,0.4166666666666667
KIAA1712,0.030087650882800583,26,0.7307692307692307
KIAA1715,0.01784565670226377,12,0.5833333333333334
KIAA1731,0.01958515801177006,13,0.8461538461538461
KIAA1737,0.016002223311234763,13,0.6923076923076923
KIAA1751,0.039068459261343294,10,0.9
KIAA1755,0.013260428247748212,10,0.5
KIAA1797,0.025400461841765042,3,1.0
KIAA1804,0.03149737926551077,12,1.0
KIAA1826,0.01648297510044962,16,0.6875
KIAA1841,0.012320518029086002,16,0.5
KIAA1875,0.010333185165461695,5,0.6
KIAA1908,0.007941135745862058,4,0.5
KIAA1919,0.023885011682098,14,0.8571428571428571
KIAA1949,0.017011364200317357,70,0.7571428571428571
KIAA1958,0.031018590097332568,6,0.8333333333333334
KIAA1967,0.02185792712672037,18,0.7222222222222222
KIAA1984,0.032784112621938116,1,1.0
KIAA2013,0.023527178417344592,9,0.7777777777777778
KIAA2018,0.02539994906854585,14,0.8571428571428571
KIAA2022,0.03204112257441815,13,0.8461538461538461
KIAA2026,0.026387504800310848,4,1.0
KIDINS220,0.014860571504664315,14,0.5714285714285714
KIF11,0.00998378645984135,13,0.6153846153846154
KIF12,0.032600351511244303,7,0.7142857142857143
KIF13A,0.02659997060354813,11,0.9090909090909091
KIF13B,0.0206363720538195,9,0.8888888888888888
KIF14,0.03769446871634826,9,0.7777777777777778
KIF15,0.012873475216479704,17,0.7647058823529411
KIF16B,0.021894614555504382,13,0.6153846153846154
KIF17,0.011685448481190422,12,0.6666666666666666
KIF18A,0.02372885833585003,15,0.8666666666666667
KIF18B,0.02855185829401676,16,0.9375
KIF19,0.020951230893000248,8,0.625
KIF1A,0.029624272314683883,16,0.75
KIF1B,0.012309283304569877,14,0.7142857142857143
KIF1C,0.006964260888378,18,0.5
KIF20A,0.021429904048377312,16,0.875
KIF20B,0.014844431884514548,13,0.6923076923076923
KIF21A,0.01787214986667708,4,0.75
KIF21B,0.019320806420137827,12,0.6666666666666666
KIF22,0.015454390916906443,9,0.7777777777777778
KIF23,0.013803367920145077,11,0.8181818181818182
KIF24,0.02512508256229961,10,0.7
KIF25,0.029558859666070577,29,0.7931034482758621
KIF26A,0.027520475731903478,4,0.75
KIF26B,0.01413778520953343,14,0.7857142857142857
KIF27,0.015884955401299826,6,0.6666666666666666
KIF2A,0.03002880280173572,7,0.8571428571428571
KIF2B,0.04433395318267756,11,0.8181818181818182
KIF2C,0.01850255868723328,10,1.0
KIF3A,0.019156790523790733,12,0.8333333333333334
KIF3B,0.02377799352267561,15,0.8666666666666667
KIF3C,0.011916712555247547,15,0.6666666666666666
KIF4A,0.03310833019112689,13,0.8461538461538461
KIF4B,0.03215650869860751,4,0.75
KIF5A,0.03184949263332239,7,1.0
KIF5B,0.02557270526173178,13,0.7692307692307693
KIF5C,0.008771989585547011,10,0.6
KIF6,0.009361083948915654,8,0.375
KIF7,0.0340473054145509,9,1.0
KIF9,0.013569000707948965,20,0.7
KIFAP3,0.015080551842287829,8,0.5
KIFC1,0.017239021927852573,33,0.6666666666666666
KIFC2,0.020218369887066715,10,0.7
KIFC3,-0.0160821497983192,22,0.7727272727272727
KILLIN,0.016162001988006786,61,0.7377049180327869
KIN,0.01802446460746152,10,1.0
KIR2DL1,0.027577960654628433,4,1.0
KIR2DL3,0.045527879435343525,5,0.8
KIR2DL4,0.05257435680930679,8,1.0
KIR2DS4,0.04626370366331304,3,1.0
KIR3DL1,0.046733336105302344,5,0.6
KIR3DL2,0.025086679425987513,7,0.8571428571428571
KIR3DL3,0.027554427912503638,3,1.0
KIR3DP1,0.026776937377272225,3,0.6666666666666666
KIR3DX1,0.058806107209374056,5,1.0
KIRREL,0.022561664213739663,7,0.8571428571428571
KIRREL2,0.01920765672996473,10,0.8
KIRREL3,0.03011976380392811,7,0.8571428571428571
KISS1,0.02143702400851974,8,0.75
KISS1R,0.008452157286360933,7,0.8571428571428571
KIT,0.019909726899339612,5,0.6
KITLG,0.021355892635643345,11,0.7272727272727273
KL,0.019167769840645606,15,0.6666666666666666
KLB,0.03367772898263385,4,0.5
KLC1,0.0194637768574429,12,0.75
KLC2,0.014782082208891836,19,0.7368421052631579
KLC3,0.029979641213018847,10,0.8
KLC4,-0.008507891901369392,18,0.7777777777777778
KLF1,0.04020490140267006,8,0.875
KLF10,0.01877682884651803,22,0.5909090909090909
KLF11,0.0013212136409968002,10,0.7
KLF12,0.021629819414073218,21,0.6190476190476191
KLF13,0.021736488782996416,8,0.875
KLF14,0.03244974377807524,24,0.75
KLF15,0.020003890640372134,15,0.7333333333333333
KLF16,0.009036314583760174,7,0.7142857142857143
KLF17,0.008494582456404776,8,0.75
KLF2,0.012885174292163962,7,1.0
KLF3,0.01420259608915513,21,0.7142857142857143
KLF4,0.014679978644094998,4,0.5
KLF5,0.01216174631287301,10,0.8
KLF6,0.010791024050838052,12,0.8333333333333334
KLF7,0.024343511114857316,13,0.7692307692307693
KLF8,0.04993470955207657,14,0.9285714285714286
KLF9,0.02699548658150433,8,0.875
KLHDC1,0.012849947585862609,10,0.3
KLHDC10,0.02525105515990079,9,0.6666666666666666
KLHDC2,0.017113261289892077,14,0.8571428571428571
KLHDC3,0.011720161340250132,15,0.7333333333333333
KLHDC4,0.019037775671997204,3,0.6666666666666666
KLHDC5,0.023642160115403172,7,0.5714285714285714
KLHDC7A,0.03234708146280125,17,0.9411764705882353
KLHDC7B,0.024828428460002876,13,0.8461538461538461
KLHDC8A,0.026676013862830278,16,0.875
KLHDC8B,0.023118141833211533,11,0.8181818181818182
KLHDC9,0.024562604066557685,15,0.8
KLHL1,0.03848423429508761,12,0.75
KLHL10,0.01927010657860719,7,1.0
KLHL11,0.003572873151845666,10,0.5
KLHL12,0.01368554507238503,10,0.4
KLHL13,0.042276537028209916,24,0.8333333333333334
KLHL14,0.0294428174991235,18,0.7222222222222222
KLHL15,0.0318581426706708,11,0.7272727272727273
KLHL17,0.019633991467767096,7,0.5714285714285714
KLHL18,0.011179434040000715,17,0.6470588235294118
KLHL2,-0.009373001872908765,9,0.6666666666666666
KLHL20,0.01974881706990478,13,0.6153846153846154
KLHL21,0.01835694789913927,13,0.7692307692307693
KLHL22,0.010159353712727585,13,0.9230769230769231
KLHL23,0.025257257712755405,28,0.8214285714285714
KLHL24,0.011753170077524206,13,0.6153846153846154
KLHL25,0.017503070115583316,32,0.8125
KLHL26,0.030865518034365665,9,0.6666666666666666
KLHL28,0.023584592872339348,17,0.7058823529411765
KLHL29,0.02588388300064774,59,0.8983050847457628
KLHL3,0.02724425954718078,6,0.8333333333333334
KLHL30,-0.010332993797831102,16,0.9375
KLHL31,0.026311288042798114,8,0.75
KLHL32,0.028027174517417475,10,0.9
KLHL33,0.019416385693312468,12,0.6666666666666666
KLHL34,0.028023789568042162,17,0.8235294117647058
KLHL35,0.019198955358240663,11,0.9090909090909091
KLHL36,0.03334386007975507,8,0.875
KLHL38,0.027424219324080967,5,0.8
KLHL4,0.04645016018287531,5,0.8
KLHL5,-0.006481894248711827,15,0.6
KLHL6,0.0565306365487085,6,1.0
KLHL7,0.02189517413317739,18,0.8333333333333334
KLHL8,0.029930429121807045,11,0.8181818181818182
KLHL9,0.02937885960707018,2,1.0
KLK1,0.05494807017152568,6,1.0
KLK10,0.02645823237925497,21,0.7619047619047619
KLK11,0.040859647710809736,12,0.75
KLK12,0.04685839716563289,4,0.75
KLK13,0.040420976875237644,7,1.0
KLK14,0.004295770035183282,6,1.0
KLK15,0.043669412312685105,4,1.0
KLK2,0.0418925933108619,5,0.8
KLK3,0.06128765664120598,3,1.0
KLK4,0.03997171931803725,5,1.0
KLK5,0.05623626923285692,5,1.0
KLK6,0.04717815260523668,10,0.9
KLK7,0.04654893457587768,11,0.8181818181818182
KLK8,0.03750609753615975,9,0.8888888888888888
KLK9,0.05745517415326032,6,1.0
KLKB1,0.050028401864106266,5,1.0
KLKBL4,-0.05537568926172379,6,0.8333333333333334
KLKP1,0.04036258940551716,3,1.0
KLRA1,0.001621489387980568,3,0.0
KLRAQ1,0.020992801826134753,14,0.7142857142857143
KLRC1,0.04006127509885298,4,0.5
KLRC2,-0.0307028158874533,1,0.0
KLRD1,0.020830365315593662,7,0.2857142857142857
KLRG1,0.04062792191901682,2,1.0
KLRG2,0.01328900075298847,11,0.7272727272727273
KLRK1,0.011126929963813648,1,0.0
KMO,0.03705206472605194,4,0.75
KNCN,0.04659895756099808,7,1.0
KNDC1,0.004591327602569448,10,0.5
KNG1,0.04091886985889606,4,1.0
KNTC1,0.02482919563696908,16,0.8125
KPNA1,0.01802594703646405,12,0.5833333333333334
KPNA2,0.021659833207337973,14,0.6428571428571429
KPNA3,0.018642664520203352,11,0.9090909090909091
KPNA4,0.01527910576963587,9,0.5555555555555556
KPNA5,0.012762089936642731,10,0.7
KPNA6,0.026176792952620962,9,0.8888888888888888
KPNA7,0.0006037425967280371,3,1.0
KPNB1,0.017025798040033104,10,0.8
KPRP,0.04277118526991168,8,1.0
KPTN,0.014616609904912826,9,0.8888888888888888
KRAS,0.026479370316487942,27,0.6666666666666666
KRBA1,0.025361273077215345,10,0.8
KRBA2,0.06094697515077091,3,1.0
KRCC1,0.009295452003866013,18,0.4444444444444444
KREMEN1,0.005958390087431082,8,0.625
KREMEN2,0.007055095659511712,8,0.625
KRI1,0.010912288348615396,10,0.8
KRIT1,0.015058473686830278,14,0.7857142857142857
KRR1,0.03471648632691874,9,0.6666666666666666
KRT1,0.04721502427038938,7,0.8571428571428571
KRT10,0.039497451296867735,3,0.6666666666666666
KRT12,0.024617992356532753,4,0.5
KRT13,0.031244293780791892,6,0.8333333333333334
KRT14,0.01762368765654616,6,0.6666666666666666
KRT15,0.04006887275506935,7,0.8571428571428571
KRT16,-0.05764742758743451,7,0.7142857142857143
KRT17,-0.02095810557974138,6,0.8333333333333334
KRT18,0.012095847522099055,14,0.5714285714285714
KRT19,0.021424967774348724,8,1.0
KRT2,0.04455002781353832,6,1.0
KRT20,0.026779828979772064,6,1.0
KRT222,0.03291353006080898,9,0.6666666666666666
KRT23,6.857000785635241e-05,7,0.8571428571428571
KRT24,0.03412078323633731,5,0.8
KRT25,0.0561169903074335,2,1.0
KRT26,0.04065973467297736,5,0.8
KRT27,0.014638090142497284,7,0.8571428571428571
KRT28,0.034573812701589976,4,0.75
KRT3,0.045861231134659855,5,1.0
KRT31,-0.008250503524299305,4,1.0
KRT32,0.048068093797392894,5,1.0
KRT33A,0.034020285808273446,8,0.875
KRT33B,0.031118410861961432,2,1.0
KRT34,-0.019336835587788932,4,0.75
KRT35,0.04428287845839818,6,1.0
KRT36,0.044515554718219955,5,1.0
KRT37,0.03458474413515039,4,1.0
KRT38,0.038320692439170724,7,0.8571428571428571
KRT39,0.016974493365501126,3,0.6666666666666666
KRT4,0.03877069074190748,5,1.0
KRT40,0.03527536311071647,6,0.8333333333333334
KRT5,0.035680032139774824,9,0.8888888888888888
KRT6A,0.013227449534815524,7,0.8571428571428571
KRT6B,-0.003215705324969975,5,0.6
KRT6C,0.02219585823937433,5,0.6
KRT7,0.011733081988712856,11,0.8181818181818182
KRT71,0.034719019454955244,5,1.0
KRT72,0.032105150896064125,10,0.7
KRT73,0.046287720046739485,4,0.75
KRT74,0.046711431392493105,5,1.0
KRT75,0.028754220543419286,8,1.0
KRT76,0.04986301260227697,6,1.0
KRT77,0.04201397448169074,5,0.8
KRT78,0.04539688470527465,9,0.8888888888888888
KRT79,0.028363051796631546,5,1.0
KRT8,0.026340507281238906,7,1.0
KRT80,-0.015552428960735916,8,0.875
KRT81,0.022404114477014903,5,0.6
KRT82,0.049137895047028514,6,1.0
KRT83,0.033735089837331166,7,0.8571428571428571
KRT84,0.04385069291675122,3,1.0
KRT85,0.03398398970021003,9,0.8888888888888888
KRT86,0.03704582759601792,9,0.7777777777777778
KRT9,0.018327733364452464,9,0.7777777777777778
KRTAP1-1,0.05416671611072228,4,1.0
KRTAP1-3,0.014346993046252532,3,0.3333333333333333
KRTAP1-5,0.05471948450298714,5,1.0
KRTAP10-1,0.02895308611772502,4,0.5
KRTAP10-10,0.02693193081707305,7,0.7142857142857143
KRTAP10-11,0.03815027835308929,5,0.8
KRTAP10-12,0.03143362422871723,4,0.5
KRTAP10-2,0.02968318450117944,5,0.6
KRTAP10-3,0.05762220307306547,5,1.0
KRTAP10-4,0.01642940011561441,4,0.75
KRTAP10-5,0.049055177320852274,3,0.6666666666666666
KRTAP10-6,0.025791518200743224,3,0.6666666666666666
KRTAP10-7,0.029405234138178818,4,0.75
KRTAP10-8,0.038112442104962084,4,1.0
KRTAP10-9,0.043922239741478006,5,0.8
KRTAP11-1,0.028529726593702297,7,0.7142857142857143
KRTAP12-1,0.044625104726759124,5,1.0
KRTAP12-2,0.05699654038969633,4,1.0
KRTAP12-3,0.03321858972151343,7,1.0
KRTAP12-4,0.04020078240949152,5,1.0
KRTAP13-1,0.04467643957735994,6,0.6666666666666666
KRTAP13-2,0.03379350319395895,4,0.75
KRTAP13-3,0.058551212951681864,4,1.0
KRTAP13-4,0.043614500524073924,2,1.0
KRTAP15-1,0.041164391652329456,3,1.0
KRTAP17-1,0.03328522718691882,9,0.8888888888888888
KRTAP19-1,0.03384768249033317,2,0.0
KRTAP19-2,0.011901206385525165,1,0.0
KRTAP19-3,0.02582699280610004,4,0.75
KRTAP19-4,0.06316159294592318,2,1.0
KRTAP19-5,0.021053976469618818,5,0.6
KRTAP19-6,0.03873296190500025,2,0.5
KRTAP19-7,0.03654943596477195,1,1.0
KRTAP19-8,0.042253896675380626,3,1.0
KRTAP2-1,0.032227556181375086,5,0.8
KRTAP2-2,0.011770209477338096,4,0.5
KRTAP2-4,0.030412362718246,3,0.3333333333333333
KRTAP20-1,0.04016273029219217,2,0.5
KRTAP20-2,-0.0026430109520663436,1,0.0
KRTAP20-3,0.05009815584675225,4,1.0
KRTAP20-4,0.0233827399586371,1,0.0
KRTAP21-1,0.04778307392143161,4,1.0
KRTAP21-2,0.006641930724770234,1,0.0
KRTAP21-3,-0.001554056612355026,1,0.0
KRTAP22-1,0.04878977444681522,4,1.0
KRTAP22-2,0.0068719045875975104,1,0.0
KRTAP23-1,0.060362786043237276,3,1.0
KRTAP24-1,0.04449654460892695,7,0.7142857142857143
KRTAP25-1,0.034590711879837505,3,0.6666666666666666
KRTAP26-1,0.03631679762458703,4,0.5
KRTAP27-1,0.02379864484739299,5,0.4
KRTAP3-1,0.048063214855997446,4,0.75
KRTAP3-2,0.012133728329918284,4,0.25
KRTAP3-3,0.0403647925232291,3,1.0
KRTAP4-1,0.029462156784235416,3,0.3333333333333333
KRTAP4-11,0.0356155951050153,3,0.6666666666666666
KRTAP4-12,0.04557936655235162,1,1.0
KRTAP4-2,0.02007341549468507,3,0.6666666666666666
KRTAP4-3,0.04851960293354053,4,0.75
KRTAP4-4,0.023822607039979696,4,0.5
KRTAP4-5,0.006273183382403291,4,0.75
KRTAP4-7,0.025835400910789216,4,1.0
KRTAP4-8,0.02620901729152636,5,0.6
KRTAP4-9,0.040447138890173456,2,1.0
KRTAP5-1,0.04788923077847465,2,1.0
KRTAP5-10,0.05401429390800407,5,1.0
KRTAP5-11,0.03649110391692519,6,1.0
KRTAP5-2,0.04186038345795216,5,1.0
KRTAP5-3,0.04667966515225179,5,1.0
KRTAP5-4,0.05094244862742311,5,0.8
KRTAP5-5,0.04490904641480675,6,1.0
KRTAP5-6,0.04406644820892563,4,1.0
KRTAP5-7,0.049168548815488364,7,1.0
KRTAP5-8,0.05554654981145646,6,1.0
KRTAP5-9,0.04769536251356712,8,1.0
KRTAP6-1,0.00047848401617486824,1,0.0
KRTAP6-2,0.038219719171920206,3,1.0
KRTAP6-3,0.032743746218291445,5,0.6
KRTAP7-1,0.05204757040594313,3,0.6666666666666666
KRTAP8-1,0.05630708967062616,3,1.0
KRTAP9-2,0.02253155865320406,4,0.5
KRTAP9-3,0.05277422068590848,2,1.0
KRTAP9-4,0.04662168664624274,5,1.0
KRTAP9-8,0.044300395340225424,3,0.6666666666666666
KRTAP9-9,0.05277422068590848,2,1.0
KRTCAP2,0.014568311142014968,13,0.7692307692307693
KRTCAP3,0.011299815090727146,8,0.75
KRTDAP,0.04633736132561558,9,1.0
KSR1,0.010496215146209329,30,0.7666666666666667
KSR2,0.024274471540249642,10,0.9
KTELC1,0.02664551953471962,6,0.6666666666666666
KTI12,0.019585184501123426,10,0.6
KTN1,0.02852840953001951,17,0.5882352941176471
KY,0.01505241974359704,13,0.8461538461538461
L1CAM,0.040061281717063836,6,1.0
L1TD1,0.03189269882732488,10,0.9
L2HGDH,0.01574580867403614,9,0.5555555555555556
L3MBTL,0.04406862080278167,27,0.8518518518518519
L3MBTL2,0.017411521650612424,11,0.7272727272727273
L3MBTL3,0.028996934504061555,27,0.7037037037037037
L3MBTL4,0.015709052927961663,14,0.5714285714285714
LACE1,0.01786892387289537,7,0.5714285714285714
LACRT,0.06297895590622929,4,1.0
LACTB,0.023121767014444492,4,0.75
LACTB2,0.02035462151456013,12,0.75
LAD1,0.022342681461467485,10,0.6
LAG3,0.01969352216834189,9,0.7777777777777778
LAGE3,0.028763244644820562,8,0.75
LAIR1,0.04507863115480716,10,0.8
LAIR2,0.026426944806766908,7,0.42857142857142855
LALBA,0.03580301637703138,3,0.6666666666666666
LAMA1,0.011389054660479483,5,0.6
LAMA2,-0.0009969279920129792,6,0.5
LAMA3,0.02221765076159184,16,1.0
LAMA4,-0.057672200139810385,11,0.8181818181818182
LAMA5,0.022661618142845744,4,1.0
LAMB1,0.01806851970889338,9,0.7777777777777778
LAMB2,0.019168577160677224,10,0.9
LAMB2L,0.014747487505972129,2,0.5
LAMB3,-0.004136687685880969,9,0.8888888888888888
LAMB4,0.010256875184790912,6,1.0
LAMC1,0.013277145315788653,8,0.5
LAMC2,0.022407956402479126,9,0.8888888888888888
LAMC3,0.03560921305372287,3,1.0
LAMP1,0.014472003898867936,6,0.6666666666666666
LAMP2,0.03475191068070136,8,0.625
LAMP3,0.029157848187570324,8,0.875
LANCL1,0.016738300483028927,9,0.6666666666666666
LANCL2,0.043447549387771935,6,1.0
LANCL3,0.023311014104723297,10,0.8
LAP3,0.01463133861659318,9,0.6666666666666666
LAPTM4A,0.025017035426495995,12,0.5833333333333334
LAPTM4B,0.025434980074190316,7,1.0
LAPTM5,0.025159990097828322,6,0.8333333333333334
LARGE,0.026171268341528244,8,0.875
LARP1,0.03501542725779932,15,0.9333333333333333
LARP1B,0.026718120911181722,12,0.6666666666666666
LARP4,0.019321497010206388,12,0.75
LARP4B,0.018564574298408004,3,0.3333333333333333
LARP6,0.004646433805746212,6,0.8333333333333334
LARP7,0.02224698039939957,18,0.7222222222222222
LARS,0.0329275193162359,9,0.8888888888888888
LARS2,0.009090857526469017,12,0.5833333333333334
LAS1L,0.029624690376079635,12,0.6666666666666666
LASP1,0.016960328638483013,12,0.8333333333333334
LASS1,0.016444163967605466,6,0.6666666666666666
LASS2,0.018515968196013043,17,0.8823529411764706
LASS3,0.02527555801371454,13,0.6923076923076923
LASS4,0.013540720505170231,21,0.7142857142857143
LASS5,0.004920931243481724,6,0.5
LASS6,0.01813322090697364,5,1.0
LAT,0.037366634082151955,14,0.9285714285714286
LAT2,0.016736302159420572,6,0.5
LATS1,0.03244749968808316,15,0.8666666666666667
LATS2,0.0030538418840233205,18,0.7222222222222222
LAX1,0.04377874244020064,7,1.0
LAYN,0.021564614212558196,10,0.9
LBH,0.014441171611909978,9,0.6666666666666666
LBP,0.06336787912269731,7,1.0
LBR,0.025688633487250447,15,0.7333333333333333
LBX1,0.020719253715690528,19,0.8947368421052632
LBX2,0.014286644664176267,15,0.6666666666666666
LBXCOR1,0.019418261357615874,8,0.75
LCA5,0.015835367885176664,13,0.38461538461538464
LCA5L,0.027347927033705505,6,0.8333333333333334
LCAT,-0.0943760738351459,12,0.8333333333333334
LCE1A,0.04800420482579491,4,1.0
LCE1B,0.04343389841984862,6,1.0
LCE1C,0.043355643309911485,4,1.0
LCE1D,0.034361060612572866,5,0.8
LCE1E,0.04174566393482252,5,1.0
LCE1F,0.041349857214417675,5,1.0
LCE2A,0.04904273779092436,5,1.0
LCE2B,0.0482660832195575,6,1.0
LCE2C,0.05571975624209023,4,1.0
LCE2D,0.03291845281875567,4,0.5
LCE3A,0.017121968410467207,9,0.8888888888888888
LCE3D,0.055146984121158406,3,1.0
LCE3E,0.045183260462816704,2,1.0
LCE4A,0.049343437848829524,4,1.0
LCE5A,0.04833823921654674,3,1.0
LCE6A,0.044106534872001606,7,0.8571428571428571
LCK,0.03694688478145025,16,0.9375
LCLAT1,0.017643878775787904,20,0.55
LCMT1,0.03095758840764857,7,1.0
LCMT2,0.021285553306585964,16,0.75
LCN1,0.06727509132657078,2,1.0
LCN10,0.0416374262027875,4,1.0
LCN12,0.03651690501785096,1,1.0
LCN15,0.04296664552889682,3,1.0
LCN2,-0.03549801449474468,4,1.0
LCN6,0.016969325910367823,4,0.75
LCN8,0.034752417961144436,4,1.0
LCN9,0.0380149823577445,3,1.0
LCNL1,0.041593221437526195,2,1.0
LCOR,0.018857838220577246,18,0.6666666666666666
LCORL,0.0266668109282116,11,0.7272727272727273
LCP1,0.03475904372612233,14,0.6428571428571429
LCP2,0.005948351332930242,8,0.75
LCT,0.02166150803958268,4,0.5
LCTL,-0.030814588557194367,6,1.0
LDB1,0.017292442314953443,32,0.8125
LDB2,0.03914893605065191,5,1.0
LDB3,0.024633202134354125,13,0.7692307692307693
LDHA,0.002474145045627805,21,0.9523809523809523
LDHAL6A,0.02812536366770711,12,0.75
LDHAL6B,0.016915614821540907,10,0.7
LDHB,0.01844513663400928,21,0.8095238095238095
LDHC,0.03267743209489922,8,0.875
LDHD,0.01956272582938805,7,1.0
LDLR,0.01852674661605969,9,0.8888888888888888
LDLRAD1,0.04448221202683328,7,0.8571428571428571
LDLRAD2,-0.016979111341238556,6,0.8333333333333334
LDLRAD3,0.02343276067125721,6,0.6666666666666666
LDLRAP1,0.027897114915021413,11,0.6363636363636364
LDOC1,0.02504402349131479,11,0.6363636363636364
LDOC1L,0.007594351057393829,7,0.5714285714285714
LEAP2,0.0166827977242369,5,0.6
LECT1,0.04521196185930487,6,0.8333333333333334
LEF1,0.02021045244325035,14,0.7857142857142857
LEFTY1,-0.010906082462116837,6,0.8333333333333334
LEFTY2,0.007775107011514182,5,0.8
LEKR1,0.011632691669256194,11,0.36363636363636365
LELP1,0.05108532034512091,7,0.8571428571428571
LEMD1,0.04222298681853387,5,0.8
LEMD2,0.029255480177331053,18,0.8888888888888888
LEMD3,0.023867313843800787,10,0.8
LENEP,0.03942900818686794,7,0.7142857142857143
LENG1,0.023264830710079235,10,1.0
LENG8,0.012627968599098528,9,0.5555555555555556
LENG9,0.019289884367578208,10,0.8
LEO1,0.011860861680599057,9,0.8888888888888888
LEP,0.032672199663788155,14,0.9285714285714286
LEPR,0.026449352964047358,29,0.7241379310344828
LEPRE1,0.018480559156498152,13,0.9230769230769231
LEPREL1,-6.046754020244451e-05,27,0.5555555555555556
LEPREL2,0.029899789764776186,6,0.8333333333333334
LEPROT,0.015559996952254716,10,0.5
LEPROTL1,0.019997935716824528,6,0.6666666666666666
LETM1,0.02112363992463382,5,0.6
LETM2,0.019895875193835864,13,0.7692307692307693
LETMD1,0.023950742995832396,11,1.0
LEUTX,0.047830784239531146,5,1.0
LFNG,0.02221916151405739,21,0.7619047619047619
LGALS1,0.021696555505385167,11,0.9090909090909091
LGALS12,0.018794283388092994,12,0.75
LGALS13,0.030691336032139412,4,0.75
LGALS14,0.036941123023042095,4,1.0
LGALS2,0.025086800205412034,8,0.75
LGALS3,-0.0032286316780514783,15,0.7333333333333333
LGALS3BP,0.07938393783934503,9,1.0
LGALS4,0.03432518598047222,6,0.8333333333333334
LGALS7,0.039375111635385866,4,1.0
LGALS7B,-0.010311473003117933,5,1.0
LGALS8,0.027546507623656746,21,0.8571428571428571
LGALS9,0.03869443779124773,5,0.8
LGALS9C,0.044215805850604216,3,1.0
LGI1,0.03132698576823815,10,0.8
LGI2,0.006124183898089956,10,0.8
LGI3,0.01614176675388582,10,0.7
LGI4,0.047921683623561515,4,1.0
LGMN,0.02314718412682119,13,0.7692307692307693
LGR4,0.023002708831103533,11,0.9090909090909091
LGR5,0.018035085620775944,9,0.7777777777777778
LGR6,0.03069067088755347,20,0.75
LGSN,0.0012922416185131569,2,0.5
LGTN,0.022937570828056225,7,0.7142857142857143
LHB,0.027272156808655246,8,1.0
LHCGR,0.02273817243261252,8,0.5
LHFP,0.022765746589061196,6,0.6666666666666666
LHFPL1,0.041179492789128115,5,0.8
LHFPL2,-0.019935990851358568,37,0.7297297297297297
LHFPL3,0.020765741448462872,6,0.5
LHFPL4,0.013048761196173002,7,0.7142857142857143
LHFPL5,0.020869079755242537,11,0.8181818181818182
LHPP,0.015022480110287234,12,0.6666666666666666
LHX1,0.01562697506000127,18,0.8888888888888888
LHX2,0.03594351550691691,5,1.0
LHX3,0.03185017128364454,6,1.0
LHX4,0.024809805559446736,10,0.7
LHX5,0.020496229264248635,10,0.7
LHX6,0.01613383765020521,3,1.0
LHX8,0.03556993585702252,17,0.9411764705882353
LHX9,0.018070547565212272,16,0.6875
LIAS,0.0231027677394909,16,0.75
LIF,0.030827685898636926,6,1.0
LIFR,0.03246125934673497,21,0.7619047619047619
LIG1,0.018112883419735763,9,0.7777777777777778
LIG3,0.011232145494935834,13,0.7692307692307693
LIG4,0.018656294801096564,26,0.7692307692307693
LILRA1,0.038455928521922166,4,0.75
LILRA2,0.06303395101117573,4,1.0
LILRA3,0.02637888877161959,3,0.6666666666666666
LILRA4,0.03540253647203508,7,0.8571428571428571
LILRA5,0.05072820247286236,3,1.0
LILRA6,0.005224201502920758,4,0.75
LILRB1,0.05206280134723895,9,1.0
LILRB2,0.029039767102447468,4,1.0
LILRB3,0.01858699706821402,4,0.25
LILRB4,0.0382901896874833,10,1.0
LILRB5,0.05205067650118782,5,1.0
LILRP2,0.044249724005289176,3,0.6666666666666666
LIM2,0.045402884273500976,5,0.8
LIMA1,0.0161250015088599,17,0.7647058823529411
LIMCH1,0.02152168608953174,16,0.8125
LIMD1,0.018802412655226516,13,0.7692307692307693
LIMD2,-0.0006913456253813683,10,0.6
LIME1,0.015315627759153771,10,0.5
LIMK1,0.0159192719980036,9,0.7777777777777778
LIMK2,0.011122130978962674,12,0.75
LIMS1,-0.007920666276999316,8,1.0
LIMS2,0.019204185125811905,37,0.7567567567567568
LIN28,0.0284608545547827,16,0.875
LIN28B,0.05693283879660672,6,1.0
LIN37,0.022541921509918756,7,1.0
LIN52,0.02168221041420448,11,0.8181818181818182
LIN54,0.019871525093922798,20,0.75
LIN7A,0.021313906797351213,10,0.4
LIN7B,0.014972277855906633,10,0.8
LIN7C,0.02294774642067667,8,0.875
LIN9,0.018936288858371973,16,0.6875
LINGO1,0.0036986928216557234,4,0.75
LINGO2,0.03356549984441476,2,0.5
LINGO3,0.0198273939350867,27,0.7777777777777778
LINGO4,0.03579174299462176,6,1.0
LINS1,0.01563458516956921,15,0.7333333333333333
LIPA,0.016547010876509803,13,0.5384615384615384
LIPC,0.023037743541028312,5,0.8
LIPE,0.049933935477006086,6,1.0
LIPF,-0.0013396680023950724,2,0.0
LIPG,0.019757262369794696,12,0.8333333333333334
LIPH,0.0064451677920346504,6,0.3333333333333333
LIPI,0.06644522203851083,1,1.0
LIPJ,0.0064103029787552,5,0.2
LIPM,0.03870964600526294,1,1.0
LIPN,0.03256925701480007,1,1.0
LIPT1,0.023025567652895342,15,0.6666666666666666
LIPT2,0.02472534644410861,9,0.7777777777777778
LITAF,0.011715260712750095,18,0.8333333333333334
LIX1,0.04173674678623418,5,1.0
LIX1L,0.014555549910611348,10,0.6
LLGL1,0.017009359526177856,7,0.7142857142857143
LLGL2,0.027910369304622373,12,0.9166666666666666
LLPH,0.01909331105267005,10,0.8
LMAN1,0.007353227736104737,6,0.6666666666666666
LMAN1L,0.017921594221602225,7,0.7142857142857143
LMAN2,0.019401132420108387,15,0.8666666666666667
LMAN2L,0.02553970036946013,9,0.7777777777777778
LMBR1,0.004187826786608096,9,0.4444444444444444
LMBR1L,0.03882251431691158,8,1.0
LMBRD1,0.030297444778783694,8,0.75
LMBRD2,0.014553590945940487,20,0.75
LMCD1,0.016791535579476467,9,0.6666666666666666
LMF1,0.022282231776872215,11,0.8181818181818182
LMF2,0.008276283066014186,11,0.7272727272727273
LMLN,0.007974735440840756,9,0.5555555555555556
LMNA,0.01227630713534935,11,0.8181818181818182
LMNB1,0.012007259345089245,10,0.6
LMNB2,0.01597052067300485,7,0.8571428571428571
LMO1,0.026894282600768607,12,0.8333333333333334
LMO2,0.005150086612015016,19,1.0
LMO3,0.023547777034238014,32,0.59375
LMO4,0.024010584950973066,22,0.7727272727272727
LMO7,0.005672455913575721,15,0.5333333333333333
LMOD1,0.026464139090272745,9,1.0
LMOD2,0.049758921910954754,5,1.0
LMOD3,0.016141407562814174,5,0.6
LMTK2,0.01984134945839181,9,0.7777777777777778
LMTK3,0.024378905413296476,7,0.8571428571428571
LMX1A,0.020587816227268893,17,0.6470588235294118
LMX1B,0.013362214449671351,7,0.8571428571428571
LNP1,0.024515000602311408,19,0.7894736842105263
LNPEP,0.02001887167856501,21,0.6190476190476191
LNX1,0.02272969277256364,18,0.9444444444444444
LNX2,0.01598697571528352,16,0.8125
LOC100009676,0.013625248922387237,10,0.3
LOC100101121,0.03363893717828273,3,0.3333333333333333
LOC100101938,0.04149358581916224,7,1.0
LOC100124692,0.006075414799912374,1,0.0
LOC100125556,0.022999805276894453,9,0.7777777777777778
LOC100126784,0.06529339515624737,10,1.0
LOC100127888,0.04068825079325058,8,1.0
LOC100128003,0.019639204973272602,15,0.8
LOC100128023,0.04044340853937598,3,0.6666666666666666
LOC100128071,0.02537077371513934,11,0.7272727272727273
LOC100128164,0.020602524718003376,11,0.7272727272727273
LOC100128191,0.008057757395853824,7,0.42857142857142855
LOC100128239,0.037908264224748,5,0.8
LOC100128288,0.022196550380159698,4,0.75
LOC100128292,0.016306824153886325,7,0.5714285714285714
LOC100128542,0.049523591673851695,4,1.0
LOC100128554,0.04546253462998364,6,1.0
LOC100128573,0.015887617979271407,2,0.5
LOC100128640,0.027226215928435386,7,1.0
LOC100128675,0.021725979553953622,4,1.0
LOC100128731,0.006894796222583378,7,0.42857142857142855
LOC100128788,0.0314910827325777,7,0.8571428571428571
LOC100128811,0.024180209698467226,8,1.0
LOC100128822,0.022237163095193222,7,0.7142857142857143
LOC100128842,0.02680534263164166,5,0.8
LOC100128977,0.01453185313560815,8,0.75
LOC100129034,0.02427270651900673,2,1.0
LOC100129055,0.05312438485865603,1,1.0
LOC100129066,0.042539372818669464,3,0.6666666666666666
LOC100129083,0.024022199076077777,4,0.75
LOC100129354,-0.06546785657975492,3,0.6666666666666666
LOC100129387,0.04437476929007205,4,1.0
LOC100129534,0.04102687439500446,7,0.8571428571428571
LOC100129550,0.02396612832023698,6,0.5
LOC100129637,0.03378455644142377,8,1.0
LOC100129716,0.019559558037612564,5,0.6
LOC100129726,0.012642495630977017,13,0.7692307692307693
LOC100129794,0.022448854389476833,5,0.6
LOC100129935,0.025838214935059084,1,1.0
LOC100130015,0.024716253936118537,11,0.8181818181818182
LOC100130017,0.03386791078572834,3,0.6666666666666666
LOC100130093,-0.003054533056527465,7,0.42857142857142855
LOC100130148,0.004885544605550519,10,0.4
LOC100130238,0.040409080338266026,4,0.75
LOC100130264,0.05095269361205128,2,1.0
LOC100130274,0.03018542305752567,9,0.8888888888888888
LOC100130331,0.04057261925986604,5,0.8
LOC100130522,0.035339237922135114,11,0.9090909090909091
LOC100130557,0.024250144765174647,6,0.8333333333333334
LOC100130581,0.025445578816307476,12,0.9166666666666666
LOC100130691,0.010580976094471879,8,0.5
LOC100130776,0.014831740297871793,7,0.8571428571428571
LOC100130872,-0.001285228817612255,13,0.8461538461538461
LOC100130872-SPON2,-0.002485708333447816,16,0.75
LOC100130932,0.01996383146437089,4,1.0
LOC100130933,0.04416867308150861,10,1.0
LOC100130987,0.011441380460187115,9,0.5555555555555556
LOC100131193,0.03584033460485871,3,1.0
LOC100131434,0.029885948402833908,4,0.75
LOC100131496,0.031292624402066045,5,1.0
LOC100131551,0.011745646789872406,4,1.0
LOC100131691,0.010397030627899,11,0.9090909090909091
LOC100131726,0.037654304019294496,5,0.8
LOC100131801,0.0157586714776673,12,1.0
LOC100132111,-0.0015368751537035118,8,0.5
LOC100132163,0.050755118588176655,7,1.0
LOC100132215,0.032473920313692464,12,0.75
LOC100132354,0.059594708184306094,4,1.0
LOC100132707,0.04614756059345789,4,1.0
LOC100132724,-0.00022477494566963221,3,0.0
LOC100132831,0.020384588774741016,6,0.6666666666666666
LOC100132963,0.03952163043617851,5,1.0
LOC100133050,0.04722519866030421,4,1.0
LOC100133091,0.016271061149778394,5,0.6
LOC100133161,0.011225049507330415,2,1.0
LOC100133308,0.04262662610411182,4,1.0
LOC100133315,0.02540439591346409,14,0.9285714285714286
LOC100133469,0.000550606562117189,9,0.4444444444444444
LOC100133545,0.01123751523671123,10,0.8
LOC100133612,0.016746215955095383,7,1.0
LOC100133669,0.01913902479020288,7,0.8571428571428571
LOC100133893,0.020141904591906748,4,0.75
LOC100133957,0.011139348868643291,7,0.2857142857142857
LOC100133985,0.024217043412006627,3,1.0
LOC100133991,0.016771243175265137,16,0.75
LOC100134229,0.029007310758493984,6,0.6666666666666666
LOC100134259,-0.0222263775621199,5,0.8
LOC100134317,0.014330263197645784,4,0.5
LOC100134368,0.005077084938330688,4,0.75
LOC100134713,0.01187697757448191,9,0.5555555555555556
LOC100134868,0.010598828615017042,3,0.3333333333333333
LOC100144603,0.018054369258522003,8,0.875
LOC100144604,0.059959717064794645,3,1.0
LOC100169752,0.06568796179050558,6,1.0
LOC100188947,0.003901803459527009,3,0.3333333333333333
LOC100188949,0.04081241123535913,5,0.8
LOC100189589,0.04525992867824458,8,1.0
LOC100190938,0.037428064301945,3,1.0
LOC100190939,0.02714113204483272,9,0.7777777777777778
LOC100190940,0.023900796420220458,8,0.875
LOC100192378,0.014409794944055004,3,0.3333333333333333
LOC100192379,0.030391561761186195,8,0.875
LOC100192426,0.012766466790168964,8,0.5
LOC100216001,-0.052863186163096265,3,1.0
LOC100216545,0.012790613453612966,9,0.7777777777777778
LOC100233209,0.05707074746774987,2,0.5
LOC100240726,0.018021822149657522,5,0.8
LOC100240734,0.05065333742582098,4,1.0
LOC100240735,0.015713287766246805,6,0.5
LOC100268168,0.01511396562814806,18,0.5555555555555556
LOC100270710,-0.05698245007397068,5,0.8
LOC100270746,0.028526252178324298,7,0.7142857142857143
LOC100270804,0.03511975880818547,7,1.0
LOC100271715,0.03209571943622938,2,0.5
LOC100271722,0.015477530646874687,4,0.25
LOC100271831,0.012787280984923755,9,0.7777777777777778
LOC100271832,0.04268478248602863,4,1.0
LOC100271836,0.02104425997976428,5,0.8
LOC100272217,0.02847805910180124,5,0.8
LOC100272228,0.009074015542867573,10,0.3
LOC100286793,0.033098055388314604,1,1.0
LOC100286844,0.020697906464094327,9,0.8888888888888888
LOC100286938,0.019973179894011366,3,0.6666666666666666
LOC100286948,0.06104672830154867,4,1.0
LOC100287216,0.0385132807555779,7,0.8571428571428571
LOC100287227,-0.06558934548967536,8,0.875
LOC100287704,0.02655366965717391,3,0.3333333333333333
LOC100287718,0.04999341868862249,5,0.8
LOC100287834,0.026055734835143618,6,0.6666666666666666
LOC100288730,0.022648195748062427,3,0.3333333333333333
LOC100288797,0.03214884040223053,9,0.8888888888888888
LOC100289341,0.014871177587215775,4,0.5
LOC100289511,0.023062320692093456,5,0.6
LOC100289673,0.04295792380308633,1,1.0
LOC100292680,-0.02111027741776981,10,0.9
LOC100294362,0.0069485178094652236,10,0.6
LOC100302401,0.026526716201327755,7,1.0
LOC100302640,0.029977068483484432,10,0.6
LOC100302650,0.03604021223616302,8,1.0
LOC100302652,0.006548107682823465,13,0.5384615384615384
LOC100303728,0.029784807138221712,6,0.6666666666666666
LOC100303749,0.005339377753324326,2,0.0
LOC100306951,0.005889031149618285,8,0.875
LOC100310782,0.024839158140022362,9,0.7777777777777778
LOC100329108,0.01202574705728741,9,0.4444444444444444
LOC100329109,0.03372923115688327,4,0.75
LOC113230,0.0270041174953629,9,0.8888888888888888
LOC115110,-0.04135884629340575,1,0.0
LOC116437,0.0267591482376303,4,0.75
LOC121838,-0.021947622882377997,5,0.6
LOC121952,0.038643958507031964,9,0.8888888888888888
LOC126536,0.03250413006334037,4,0.75
LOC127841,0.040848751139490005,4,1.0
LOC134466,0.04266537418769323,9,0.8888888888888888
LOC139201,0.019564124795459218,6,0.6666666666666666
LOC143188,0.05132477421332749,6,1.0
LOC143666,0.007277517042922599,14,0.8571428571428571
LOC144438,0.01737756022670332,3,0.6666666666666666
LOC144486,0.011212471719012183,8,0.5
LOC144571,0.018386419502682536,9,0.6666666666666666
LOC144742,0.038163406403634255,3,0.6666666666666666
LOC144776,0.04633415769667061,2,1.0
LOC145474,0.009202366995453126,2,0.5
LOC145663,0.0048980064213119835,7,0.2857142857142857
LOC145783,0.025783447432752724,8,0.75
LOC145814,0.025795725765651256,18,0.6666666666666666
LOC145837,0.0356237754697578,4,1.0
LOC145845,0.029859602360234758,6,0.6666666666666666
LOC146336,0.029739412019503874,6,0.8333333333333334
LOC146481,0.0716763120071382,1,1.0
LOC146880,0.011365294620092734,14,0.8571428571428571
LOC147727,0.012506616031043393,12,0.5
LOC147804,0.016850664654686827,7,0.7142857142857143
LOC148145,0.044625441620631916,4,0.75
LOC148189,0.03099964231397034,6,0.6666666666666666
LOC148413,0.011679652790863745,9,0.5555555555555556
LOC148696,0.014894900516544327,7,0.8571428571428571
LOC148709,0.014477635997044113,10,0.8
LOC148824,0.019732333530260236,6,0.5
LOC149134,0.01698373180832894,8,0.75
LOC149620,0.03730337986853733,4,0.75
LOC149837,0.03365033503858963,8,1.0
LOC150185,0.032549623826750786,6,0.8333333333333334
LOC150197,0.040285359650656695,3,1.0
LOC150381,0.016009971856939954,5,0.8
LOC150568,0.04756419774156795,1,1.0
LOC150622,0.028565595452792004,5,1.0
LOC150776,0.016042080087575437,11,0.7272727272727273
LOC150786,0.03344219786499424,6,0.8333333333333334
LOC151162,0.03344700650437245,5,0.6
LOC151174,0.02522708088500254,10,0.9
LOC151300,0.04491555549526843,2,1.0
LOC151534,0.021520313775617826,8,0.5
LOC151658,0.0452178264102673,3,0.6666666666666666
LOC152024,0.0418665870690918,4,0.5
LOC152217,0.01908007546290246,10,0.8
LOC152225,0.07985420361941367,3,1.0
LOC153328,0.026497300285326778,9,0.7777777777777778
LOC153684,0.01421674572145045,9,0.5555555555555556
LOC153910,0.03696492032529783,2,0.5
LOC154449,0.0413947747856542,9,0.8888888888888888
LOC154761,0.009974397979297833,3,0.3333333333333333
LOC154822,0.030491646035671425,9,0.6666666666666666
LOC157381,0.03938736073121132,4,1.0
LOC157627,0.021946169277715782,12,0.8333333333333334
LOC158376,0.05152111441867759,4,0.75
LOC158381,0.05507804927949338,2,1.0
LOC158572,0.023417286308333823,3,0.6666666666666666
LOC158696,0.05458340320675662,2,1.0
LOC162632,0.028931672402627878,3,0.6666666666666666
LOC168474,0.048375456658757685,2,1.0
LOC169834,0.051588716993536676,3,1.0
LOC200726,0.03139167733401074,11,0.7272727272727273
LOC201651,0.07633412374986259,2,0.5
LOC202181,0.02605202566897328,5,0.8
LOC202781,0.033861920526534056,4,0.75
LOC219347,0.01597987102579033,8,0.75
LOC220115,0.07815833295179526,2,1.0
LOC220429,0.08004968315182595,2,1.0
LOC220729,0.03818580465187321,6,1.0
LOC220930,0.012997383395756847,11,0.9090909090909091
LOC221122,0.041385659985542,5,0.8
LOC221442,0.01560985821783398,9,0.6666666666666666
LOC221710,0.017092915349349494,11,0.8181818181818182
LOC222699,0.013413346607439728,7,0.7142857142857143
LOC253039,0.017938852977564118,4,0.5
LOC253724,0.02730543785867132,7,0.8571428571428571
LOC254312,0.04916863879253497,4,1.0
LOC254559,0.00845844302220534,12,0.5
LOC255025,0.02040754384838403,8,0.5
LOC255167,0.05079290396741491,10,0.9
LOC255411,0.041569769667085366,2,1.0
LOC255512,0.011830774035034759,7,1.0
LOC256880,0.021086463785074738,12,0.75
LOC257358,0.03796207251579853,6,0.8333333333333334
LOC25845,0.0031575207083228475,5,0.6
LOC26102,0.012378221254329537,3,0.6666666666666666
LOC282997,0.01609840043271345,15,0.5333333333333333
LOC283050,0.015298832890549485,11,0.8181818181818182
LOC283070,0.03921510787901279,5,1.0
LOC283174,0.04206481277428139,3,1.0
LOC283267,0.022626651634325406,3,0.6666666666666666
LOC283314,0.03261660258092213,8,1.0
LOC283332,0.04286889450796508,3,0.6666666666666666
LOC283392,0.016155455135640883,7,0.42857142857142855
LOC283404,0.031287954899044235,5,1.0
LOC283663,-0.010547924513269835,4,0.25
LOC283731,0.025652980950947778,22,0.9090909090909091
LOC283761,0.0392344840899656,4,1.0
LOC283856,0.01826098612077898,8,0.75
LOC283867,0.030750710402710102,3,0.6666666666666666
LOC283914,0.05504160985744899,2,1.0
LOC283922,0.02083585638045399,4,0.75
LOC283999,0.026700594214303073,9,0.8888888888888888
LOC284009,0.029539365847287235,3,1.0
LOC284023,0.024061717057421533,6,0.8333333333333334
LOC284100,0.011564018665126519,2,0.0
LOC284232,0.028361294032249497,2,0.5
LOC284233,0.032219726489688266,4,0.75
LOC284276,0.03201371215098673,5,0.8
LOC284379,0.0479391374223712,8,0.875
LOC284412,0.01181343502209839,2,1.0
LOC284440,0.03141164547628861,8,1.0
LOC284441,0.057928466026431924,1,1.0
LOC284551,0.03283498109844054,3,1.0
LOC284578,0.06193783983223636,1,1.0
LOC284632,0.015598621256877988,4,0.5
LOC284661,0.03638311917674715,9,0.8888888888888888
LOC284688,-0.06456366772076226,5,1.0
LOC284749,0.04007783695591503,4,1.0
LOC284788,0.043772011628320576,4,0.75
LOC284798,0.02438610994297294,19,0.7894736842105263
LOC284805,0.03239259795873177,5,0.8
LOC284837,0.035100275553966276,7,1.0
LOC284900,0.008413745398436222,8,0.875
LOC285033,0.04064005864724379,6,1.0
LOC285045,0.019780066606769127,5,0.4
LOC285074,0.01412668428226723,6,0.5
LOC285194,0.027940358350835165,3,1.0
LOC285205,0.03405791663201081,7,1.0
LOC285359,0.01747460496526404,2,0.5
LOC285370,0.026635248733194228,11,0.9090909090909091
LOC285375,0.023656211378941014,8,0.5
LOC285401,0.05015629481976588,3,1.0
LOC285419,0.021189949912017912,5,0.6
LOC285456,0.017978294706258818,9,0.7777777777777778
LOC285501,0.04671404197966924,4,1.0
LOC285548,0.013070486277888196,10,0.7
LOC285550,0.023917416497218714,10,0.8
LOC285593,0.024534383424000272,5,0.8
LOC285627,0.013199599129667497,6,0.6666666666666666
LOC285629,0.043260531122704976,4,1.0
LOC285696,0.025794561003815875,7,0.8571428571428571
LOC285733,0.03654858606066765,3,1.0
LOC285735,0.02244616863451343,1,0.0
LOC285740,0.0015185382376479057,6,0.3333333333333333
LOC285768,0.024566830496801854,5,0.8
LOC285780,0.05984530578174899,5,1.0
LOC285796,-0.11677658736426154,4,0.5
LOC285830,0.02149254917099782,23,0.782608695652174
LOC285847,0.0413725366876303,4,1.0
LOC285954,0.016737979724497743,5,0.6
LOC286002,0.018216235422431736,8,0.875
LOC286016,0.024660714227955034,10,0.9
LOC286094,0.05105786291466151,5,1.0
LOC286135,0.04255545260987719,4,1.0
LOC286238,0.07560594385847193,3,1.0
LOC286359,-0.056631690119824746,2,0.5
LOC286367,0.00937578932018085,1,0.0
LOC286467,0.03717628818342672,6,1.0
LOC29034,-0.007259840334793988,1,0.0
LOC338588,0.01802722105757862,2,0.5
LOC338651,-0.001296780095920758,6,0.6666666666666666
LOC338758,0.016241272900051305,7,0.42857142857142855
LOC338799,0.01246701153251462,15,0.6666666666666666
LOC339047,0.015823516801086512,1,0.0
LOC339240,0.0425685454886651,3,1.0
LOC339290,0.0058825486384862175,5,0.2
LOC339524,0.02519758942957269,11,0.8181818181818182
LOC339535,0.04479960248434392,2,1.0
LOC339568,0.05867718242283851,3,1.0
LOC339674,0.04277161914486707,6,1.0
LOC339788,0.03153579693472783,6,0.6666666666666666
LOC340017,0.04585831131145601,2,1.0
LOC340074,0.0940437672885306,5,1.0
LOC340094,0.058510317238842285,9,0.8888888888888888
LOC340357,0.0023579992571894693,5,1.0
LOC341056,0.05186425648103755,3,1.0
LOC342346,0.04362271177720267,3,1.0
LOC344595,0.02291647238992637,4,0.5
LOC344967,0.02113124134855395,10,0.8
LOC347376,0.029406131110903656,4,0.75
LOC348021,0.059507643487274664,1,1.0
LOC348840,0.020794620404603656,6,0.6666666666666666
LOC348926,0.01757518363074139,4,0.5
LOC349114,0.014749405325746095,10,0.7
LOC349196,0.01809747357844363,2,0.5
LOC360030,0.052327973931428164,4,1.0
LOC374443,0.024627478648171684,10,0.7
LOC375190,0.02500218401238126,11,0.7272727272727273
LOC375196,0.021422533813761396,6,1.0
LOC387646,0.018139723053635374,7,0.42857142857142855
LOC387647,0.01402021464113163,9,0.7777777777777778
LOC387763,0.01740355633958017,13,0.8461538461538461
LOC388387,0.058209795486923274,4,1.0
LOC388428,0.03991294972703623,4,0.75
LOC388588,0.02765168988991397,13,0.7692307692307693
LOC388692,0.048907499932989804,2,1.0
LOC388789,0.02184489148162323,9,0.6666666666666666
LOC388796,0.014682011740656685,11,0.7272727272727273
LOC388946,0.0305457920864822,4,0.75
LOC388965,0.03648470633810295,8,0.875
LOC389033,0.039611573584239654,5,0.8
LOC389332,0.03442095421268792,6,0.8333333333333334
LOC389333,0.024585713236351607,14,0.8571428571428571
LOC389458,0.043244631718699675,8,1.0
LOC389493,0.03212459227443774,7,0.7142857142857143
LOC389634,0.04256836301962469,1,1.0
LOC389705,0.018274350555699204,1,0.0
LOC389765,0.0032484725624236906,2,0.0
LOC389791,0.01559876424695334,8,0.75
LOC390594,0.022229680942718225,9,0.7777777777777778
LOC390595,0.008639478887148874,4,0.5
LOC390858,-0.013952849251787846,6,0.8333333333333334
LOC391322,0.02355869025795822,10,0.8
LOC392196,0.027990698576946874,4,1.0
LOC399744,0.022541167740877815,3,0.6666666666666666
LOC399815,0.020818946142565783,10,0.6
LOC399959,-0.0027769563893734572,7,0.7142857142857143
LOC400027,0.05310171433568326,6,0.8333333333333334
LOC400043,0.028415307200795045,3,1.0
LOC400578,-0.0640176402139907,2,0.5
LOC400657,0.012682830045094547,12,0.6666666666666666
LOC400696,0.05176868114371781,5,1.0
LOC400752,0.015194523680348683,7,0.5714285714285714
LOC400759,0.04261379023013522,2,0.5
LOC400794,0.02738560671009302,2,0.5
LOC400804,0.03714414350356967,5,1.0
LOC400891,0.012707012364515803,9,0.8888888888888888
LOC400927,0.014921908124664547,9,0.4444444444444444
LOC400931,0.027306839380632004,10,1.0
LOC400940,0.02304136674080685,7,1.0
LOC401010,0.009743118090744296,9,0.3333333333333333
LOC401052,0.018383474332621982,13,0.8461538461538461
LOC401093,0.029497267433381564,3,1.0
LOC401097,0.021677015607648994,15,0.7333333333333333
LOC401127,0.027509906663912696,5,0.6
LOC401387,0.047527366559881934,3,1.0
LOC401397,0.018948658755757113,6,0.5
LOC401431,0.013664784274178459,12,0.75
LOC401463,0.02634983223741783,16,0.75
LOC401588,0.04936543485618901,7,0.7142857142857143
LOC401629,0.05170149372088351,5,0.8
LOC401630,0.05170149372088351,5,0.8
LOC402377,0.022128889605582062,2,0.5
LOC402644,0.002539043524761047,6,0.6666666666666666
LOC402778,0.009263541127801393,13,0.6923076923076923
LOC404266,0.023140428181210947,23,0.8260869565217391
LOC407835,0.031432850859174175,5,0.8
LOC439994,0.006521838960076188,3,0.6666666666666666
LOC440040,0.02057616069156662,5,0.4
LOC440335,0.02841443760596809,8,0.625
LOC440354,-0.014374017170562914,1,0.0
LOC440356,0.01879160596383,13,0.7692307692307693
LOC440461,0.029161905462156846,12,0.8333333333333334
LOC440563,0.05781395175331028,3,1.0
LOC440839,0.0256953416333075,1,1.0
LOC440905,0.027504982108789433,1,1.0
LOC440910,0.0514848871730092,1,1.0
LOC440925,0.021032030396820448,13,0.8461538461538461
LOC440926,0.02096691547741083,8,0.625
LOC440944,0.014883767480736582,9,0.2222222222222222
LOC440957,0.007764858293454858,8,0.625
LOC441046,0.021325451795918875,11,0.7272727272727273
LOC441089,0.042672541031424864,3,1.0
LOC441177,0.025987395515375707,8,1.0
LOC441204,0.010283026810710222,2,0.5
LOC441208,0.015662251371321143,4,0.25
LOC441294,0.03496183706673783,1,1.0
LOC441455,0.04791726147956693,1,1.0
LOC441601,0.03187250101033964,7,0.7142857142857143
LOC441666,0.0399330640546519,6,1.0
LOC441869,0.04715360261261313,8,0.875
LOC441897,-0.007871626465453446,3,1.0
LOC442245,0.025912220688945865,4,0.75
LOC442293,0.016465773353628105,3,1.0
LOC442308,0.03486648448443698,4,0.75
LOC442421,0.04564182164809043,2,1.0
LOC442454,0.028626286569693668,2,0.5
LOC442459,0.051872417103124915,5,0.8
LOC492303,0.008792472640565359,9,0.5555555555555556
LOC493754,0.015867909856546902,3,0.3333333333333333
LOC494141,0.02390802648921753,8,0.5
LOC550112,0.017679663865762196,5,0.8
LOC550643,0.04614378643287294,2,1.0
LOC552889,0.030542242748945996,12,0.6666666666666666
LOC553137,0.03489102896368729,2,1.0
LOC554202,0.0117504110726502,2,0.5
LOC554203,0.028936680049005428,8,0.875
LOC55908,0.027542406935838586,8,0.75
LOC572558,0.04624137197740773,1,1.0
LOC595101,0.02485880455055079,5,0.8
LOC606724,0.03816889936163939,4,1.0
LOC619207,0.048877772533313775,5,0.8
LOC641298,0.008482364380207412,2,0.5
LOC641367,-0.0012782168386235443,8,0.75
LOC641518,0.03169447988301594,17,0.8823529411764706
LOC641746,0.08267972482085684,1,1.0
LOC642006,0.023079624180951358,10,0.9
LOC642313,0.03915201267149693,1,1.0
LOC642502,0.02283316931446578,9,0.8888888888888888
LOC642587,0.031694753911992446,5,1.0
LOC642597,0.02949345843284333,9,0.8888888888888888
LOC642826,0.019936363271764408,2,0.5
LOC642846,0.007388394114255117,2,0.0
LOC642852,0.0069507312466391405,11,0.5454545454545454
LOC643008,-0.012109927621403647,15,0.7333333333333333
LOC643387,0.015827675359225135,9,0.7777777777777778
LOC643406,0.034310445916390604,9,0.8888888888888888
LOC643486,0.059153147691916874,1,1.0
LOC643677,0.01991356015350698,2,0.0
LOC643719,0.030253090632524172,6,1.0
LOC643763,0.05055213547552563,2,1.0
LOC643837,0.014711583524838026,7,0.7142857142857143
LOC643923,0.013904313916949539,13,0.46153846153846156
LOC643955,0.03568524739441953,2,1.0
LOC644145,0.03921922860028154,3,1.0
LOC644165,0.05787358849427171,1,1.0
LOC644538,0.010085614658012002,9,0.8888888888888888
LOC644649,0.03745238470623827,4,0.5
LOC644669,0.061148702898767365,1,1.0
LOC644936,0.007361091512904816,1,1.0
LOC645166,0.023047528772709294,9,0.7777777777777778
LOC645323,0.02811107628945255,22,0.8181818181818182
LOC645332,0.01635844708857611,5,0.4
LOC645431,0.01226102306517309,6,0.8333333333333334
LOC645638,0.011460053387797367,3,1.0
LOC645676,0.024505953837614478,2,0.5
LOC645752,-0.0011646172044145198,3,0.6666666666666666
LOC645851,0.026919275402839962,4,0.5
LOC645961,0.031092403929129403,2,1.0
LOC646214,0.05083687526861066,3,1.0
LOC646471,-0.23929270900486194,1,1.0
LOC646498,0.040398497142006294,4,0.75
LOC646627,0.02784165025955232,8,1.0
LOC646762,0.00688519509528861,7,0.2857142857142857
LOC646813,0.04538968955200007,1,1.0
LOC646851,0.019366461353826987,15,0.6666666666666666
LOC646982,0.05140339625326612,6,0.6666666666666666
LOC646999,0.003121337647469774,2,0.0
LOC647121,0.015947932924718796,7,0.7142857142857143
LOC647288,0.01993075216162869,3,0.6666666666666666
LOC647309,0.022301053083214315,7,0.7142857142857143
LOC647946,0.027723886776904738,3,0.6666666666666666
LOC647979,0.0349070561681281,6,1.0
LOC648691,0.032225953828838076,7,0.8571428571428571
LOC648740,0.02449978647782819,1,0.0
LOC649330,0.03442595547933213,7,1.0
LOC649395,0.049934689962349774,2,1.0
LOC650226,0.036099005191699576,9,0.8888888888888888
LOC650368,0.04491956634269523,4,1.0
LOC650623,0.005779406274861398,1,0.0
LOC651250,0.039517397006332736,5,1.0
LOC652276,-0.025872134161066106,10,0.8
LOC653113,0.029933611478511958,7,0.7142857142857143
LOC653486,0.03814588365210812,10,0.8
LOC653566,0.03181137570807259,5,0.8
LOC653653,0.029944827489145065,4,0.75
LOC653786,0.044234733644553326,1,1.0
LOC654342,0.004524758202876997,9,0.4444444444444444
LOC654433,0.024729755651649324,8,0.875
LOC678655,0.020422908869564337,10,1.0
LOC723809,0.021345485925795864,3,0.6666666666666666
LOC723972,0.0021614393481839875,3,0.3333333333333333
LOC727677,0.03130654961243773,3,1.0
LOC727896,0.01671767113196221,3,0.6666666666666666
LOC728024,0.041777700941999084,6,1.0
LOC728190,0.025682345412648234,4,0.75
LOC728264,0.05766036748260642,6,1.0
LOC728276,0.04794358517540059,4,1.0
LOC728323,0.03329961021400644,3,0.6666666666666666
LOC728392,0.02304068860994949,11,0.7272727272727273
LOC728402,0.009966237351051316,4,0.0
LOC728407,0.05563523913780769,3,1.0
LOC728411,0.03607550462564671,2,1.0
LOC728448,0.04346218083699399,7,1.0
LOC728606,0.04349816077085832,6,1.0
LOC728613,0.028982037008720225,6,1.0
LOC728640,0.03775865287970298,4,0.75
LOC728643,0.055783003297695616,4,1.0
LOC728661,0.020221211208849087,16,0.6875
LOC728723,0.03069528782599318,3,0.6666666666666666
LOC728743,0.012977090002688582,10,0.9
LOC728758,0.025141492140579952,4,1.0
LOC728819,0.027078466219461885,9,0.5555555555555556
LOC728855,-0.000721208612586826,1,0.0
LOC728875,0.043338763535876346,1,1.0
LOC728927,0.03456307195001572,8,0.875
LOC728989,0.06643091395113018,2,1.0
LOC729020,0.041775721149687306,6,1.0
LOC729080,0.04208379687166543,2,1.0
LOC729082,0.020256237145594727,8,0.875
LOC729121,0.025756993214615054,7,0.8571428571428571
LOC729156,0.024583483529537407,9,0.8888888888888888
LOC729176,0.029687291015423074,6,0.8333333333333334
LOC729234,0.03611190309361803,4,0.75
LOC729338,0.02647643299839712,7,0.8571428571428571
LOC729375,0.015304761621862896,11,0.6363636363636364
LOC729384,0.05023778482222161,4,1.0
LOC729467,0.012387420208892766,3,0.6666666666666666
LOC729603,0.014309747204926485,3,0.6666666666666666
LOC729609,0.024873737772977203,5,0.4
LOC729668,0.024681062431821513,4,0.5
LOC729678,0.013482911073966042,2,0.5
LOC729799,-0.002492428616877657,9,0.3333333333333333
LOC729991,0.021723567568912527,10,0.9
LOC729991-MEF2B,0.027017125354086718,33,0.9090909090909091
LOC730101,0.02669398917731704,7,0.8571428571428571
LOC730668,0.025517214816350543,5,1.0
LOC730755,-0.005582789907707007,6,1.0
LOC730811,0.025029738594227885,1,0.0
LOC731275,0.02491527943757524,2,1.0
LOC731779,0.017487238570485963,7,0.8571428571428571
LOC731789,0.0185427166580229,9,0.8888888888888888
LOC732275,0.03503913321986049,4,0.75
LOC80054,0.01034362765750683,6,0.6666666666666666
LOC80154,0.0251807710009558,2,1.0
LOC81691,0.011692878945840519,14,0.7857142857142857
LOC84740,0.02090072889229756,8,0.875
LOC84856,0.03408796837686938,8,0.75
LOC84931,0.08116078031872247,6,1.0
LOC84989,0.046315764518157644,3,0.6666666666666666
LOC90110,0.02152146486239559,3,1.0
LOC90246,0.05581543662528796,6,1.0
LOC90586,0.04915227208149163,5,1.0
LOC90784,0.020847803685522595,4,0.5
LOC90834,0.011245459221306011,9,0.5555555555555556
LOC91149,0.045723217246724956,7,0.7142857142857143
LOC91316,0.030375430772948367,8,0.75
LOC91450,0.019286680979541414,5,0.6
LOC91948,0.04766025545464838,5,1.0
LOC92249,0.054214083471101814,5,1.0
LOC92659,0.022371948251618277,10,0.8
LOC92973,0.043933332964439104,4,1.0
LOC93432,0.06222028235410376,3,1.0
LOC93622,0.011719398381090316,11,0.8181818181818182
LOC96610,0.03693023167838004,5,0.8
LOH12CR1,0.013503790729659593,15,0.6666666666666666
LOH12CR2,0.009285500747138157,10,0.7
LOH3CR2A,0.038202841196398815,4,1.0
LONP1,0.011539295509372466,14,0.5714285714285714
LONP2,0.02072538047992381,12,0.8333333333333334
LONRF1,0.006050048444964073,11,0.45454545454545453
LONRF2,0.017516171243873755,8,0.625
LONRF3,0.025819853658275334,13,0.6923076923076923
LOR,0.022556552806992845,7,0.8571428571428571
LOX,0.01838867299233038,19,0.631578947368421
LOXHD1,0.02967877231582687,25,1.0
LOXL1,0.025446118348446664,17,0.8823529411764706
LOXL2,0.028899264387055448,17,0.9411764705882353
LOXL3,-0.01434524328659855,9,0.7777777777777778
LOXL4,-0.0021767887255131754,8,0.75
LPA,0.04657128860590763,7,1.0
LPAL2,0.03417105521581543,2,1.0
LPAR1,0.00041668649064926524,9,0.7777777777777778
LPAR2,0.018361273564614568,12,0.8333333333333334
LPAR3,0.0289462332337829,13,0.8461538461538461
LPAR4,0.06165878725070357,6,1.0
LPAR5,0.007110160817103163,12,1.0
LPAR6,0.03074826715974552,12,0.5833333333333334
LPCAT1,0.01822253043366406,7,0.5714285714285714
LPCAT2,0.023544290683585132,9,0.7777777777777778
LPCAT3,0.01305679671586687,10,0.6
LPCAT4,0.017443786628613577,6,0.6666666666666666
LPGAT1,0.023587890092505025,14,0.6428571428571429
LPHN1,0.006656345738678171,10,0.5
LPHN2,0.028547113161042543,24,0.5833333333333334
LPHN3,0.0032035244033907506,2,0.0
LPIN1,0.02343907607964228,14,0.8571428571428571
LPIN2,0.021787050776518227,11,0.7272727272727273
LPIN3,0.020046106695103393,13,0.7692307692307693
LPL,0.048564734291621135,7,1.0
LPO,0.0468223567516598,5,0.8
LPP,0.020229696743168078,63,0.7936507936507936
LPPR1,0.04797225379156688,8,1.0
LPPR2,0.018953631549333355,8,1.0
LPPR3,0.019036793876842695,7,0.7142857142857143
LPPR4,0.030241857679330353,12,0.9166666666666666
LPPR5,0.018023880332746156,10,0.9
LPXN,0.02064360892523998,17,0.6470588235294118
LQK1,0.015766011682181783,7,0.42857142857142855
LRAT,0.017442102410795475,14,0.6428571428571429
LRBA,0.023826229706785964,12,1.0
LRCH1,0.0355462940357862,13,0.9230769230769231
LRCH2,0.027774891721513064,8,0.875
LRCH3,0.029761710607607038,11,0.7272727272727273
LRCH4,0.019250921883150487,10,0.8
LRDD,0.01913739830114493,6,1.0
LRFN1,0.022876031879235904,11,0.9090909090909091
LRFN2,0.03807432616390578,17,0.9411764705882353
LRFN3,0.034290902432405554,11,0.8181818181818182
LRFN4,0.022247630516779412,12,0.9166666666666666
LRFN5,0.03537553872988338,22,0.7727272727272727
LRG1,0.04344554170856929,4,1.0
LRGUK,0.017381415447283482,11,0.7272727272727273
LRIG1,0.01909165727860371,7,0.8571428571428571
LRIG2,0.01800122555379577,12,0.5833333333333334
LRIG3,0.020293428882756707,14,0.7142857142857143
LRIT1,0.04758249585711949,8,1.0
LRIT2,0.058644088460409485,8,1.0
LRIT3,0.027278114476510934,2,0.5
LRMP,0.026787593149484385,6,0.6666666666666666
LRP1,0.015063709005803423,13,1.0
LRP10,0.019011605453494406,9,0.6666666666666666
LRP11,0.004187031477500563,11,0.5454545454545454
LRP12,0.01690039067590943,6,0.8333333333333334
LRP1B,0.04623955549558755,11,1.0
LRP2,0.02991365782313934,9,0.8888888888888888
LRP2BP,0.016560757302314467,5,0.2
LRP3,0.0072166837833967665,3,0.3333333333333333
LRP4,0.030559495527273956,6,0.8333333333333334
LRP5,-0.019609887277153737,2,0.5
LRP5L,0.021176125930138352,16,0.75
LRP6,0.012729893956790273,9,0.4444444444444444
LRP8,0.03114392114512873,7,0.7142857142857143
LRPAP1,0.015237734302327072,10,1.0
LRPPRC,0.021031977677153896,10,0.8
LRRC1,0.017869112229242996,9,0.6666666666666666
LRRC10,0.04035955878914562,7,1.0
LRRC10B,0.02357424651347912,10,0.9
LRRC14,0.019274015261600184,11,0.7272727272727273
LRRC14B,0.00047798276422676353,14,0.5714285714285714
LRRC15,-0.02967876335498263,10,0.8
LRRC16A,0.02645245067076773,9,0.6666666666666666
LRRC16B,0.020612985554424135,4,1.0
LRRC17,0.033725714881991185,10,0.8
LRRC18,0.03564716837955922,7,0.7142857142857143
LRRC2,0.03395709591847164,32,0.84375
LRRC20,0.012622326726242441,16,0.75
LRRC23,0.03184824868522589,12,0.9166666666666666
LRRC24,0.02284259242279954,8,0.875
LRRC25,0.02849640331630086,5,0.8
LRRC26,0.015343956979618243,8,0.75
LRRC27,0.016893431773421577,22,0.7727272727272727
LRRC28,0.02704503564985206,12,0.75
LRRC29,0.021440884855212325,18,0.8888888888888888
LRRC3,0.045598735970755006,6,1.0
LRRC30,0.03382761446244271,6,0.8333333333333334
LRRC31,0.001094766378863345,3,1.0
LRRC32,0.02492974621488359,19,0.7894736842105263
LRRC33,0.020727399537106228,17,0.8235294117647058
LRRC34,0.030374859042446932,8,0.875
LRRC36,0.024091686632382592,8,0.625
LRRC37A3,0.014033845655860522,11,0.8181818181818182
LRRC37B,0.03686202228834628,8,1.0
LRRC37B2,0.040329347763881224,6,1.0
LRRC39,0.012267691190563201,3,0.0
LRRC3B,0.03067041761557056,24,0.7916666666666666
LRRC4,0.0206452003584941,12,0.8333333333333334
LRRC40,0.022093743789400197,15,0.6666666666666666
LRRC41,0.02244207712632049,12,0.8333333333333334
LRRC42,0.015591147985644736,14,0.42857142857142855
LRRC43,0.037714674322787495,25,1.0
LRRC45,0.00643065141310198,14,0.7142857142857143
LRRC46,0.011503386211747964,9,0.7777777777777778
LRRC47,0.0276307090394608,12,0.9166666666666666
LRRC48,0.021265310905450873,17,0.8823529411764706
LRRC49,0.02702082815952328,15,1.0
LRRC4B,0.01769677249843353,13,0.7692307692307693
LRRC4C,0.02724214994418305,15,0.8666666666666667
LRRC50,0.018347502098297136,11,0.7272727272727273
LRRC52,0.03768742154003532,9,0.8888888888888888
LRRC55,0.032406789548460165,5,1.0
LRRC56,0.015106847470164376,16,0.625
LRRC57,0.01784587730437397,11,0.7272727272727273
LRRC58,0.03181563760914506,11,0.8181818181818182
LRRC59,0.004593709347391408,7,0.5714285714285714
LRRC6,0.01042222535010297,4,0.25
LRRC61,0.03293015453128809,30,0.9
LRRC66,0.00391895505532115,5,0.0
LRRC67,0.02027700475248641,10,0.8
LRRC69,0.023149262358893197,4,0.5
LRRC7,0.011746448489046083,3,0.3333333333333333
LRRC70,0.01677187772430011,1,0.0
LRRC8A,0.03186782094706506,5,0.8
LRRC8B,0.020041686045144103,21,0.7619047619047619
LRRC8C,-0.0062470294526704466,12,0.6666666666666666
LRRC8D,0.012332140547394463,35,0.7714285714285715
LRRC8E,-0.009820922571951869,11,0.9090909090909091
LRRCC1,0.027738155734310613,11,0.7272727272727273
LRRFIP1,0.013294379745719101,17,0.5294117647058824
LRRFIP2,0.014189209811746933,12,0.8333333333333334
LRRIQ1,0.04048007459242124,10,0.5
LRRIQ3,0.03087965828442542,13,0.6153846153846154
LRRIQ4,0.005184117390430278,6,0.5
LRRK1,0.014180820081756973,9,0.7777777777777778
LRRK2,0.021222527094784237,6,0.6666666666666666
LRRN1,0.028601981530443084,27,0.7777777777777778
LRRN2,0.02810647571720318,17,0.8823529411764706
LRRN3,0.03240930686913399,7,0.5714285714285714
LRRN4,0.04583387352631489,8,1.0
LRRN4CL,0.013721874454463628,9,0.7777777777777778
LRRTM1,0.02131130960282683,12,0.8333333333333334
LRRTM2,0.020946047104755196,9,0.5555555555555556
LRRTM3,0.041683796770143666,6,0.8333333333333334
LRRTM4,-0.00831829072265143,2,0.0
LRSAM1,0.010253274084917963,12,0.9166666666666666
LRTM1,0.055334288176430324,6,1.0
LRTM2,0.03972177724257596,7,1.0
LRTOMT,0.022049878685000076,22,0.7727272727272727
LRWD1,0.017263979325589617,9,0.8888888888888888
LSAMP,0.02244624048908131,8,0.875
LSG1,0.01781097259176864,14,0.9285714285714286
LSM1,0.02056734062933658,15,0.8666666666666667
LSM10,0.01702273127502472,14,0.6428571428571429
LSM11,0.0166273523125667,7,0.8571428571428571
LSM12,0.022615126970763327,6,0.8333333333333334
LSM14A,0.017867474612398203,10,0.8
LSM14B,0.008669354200746595,8,0.75
LSM2,0.01528579392455064,13,0.6153846153846154
LSM3,0.014527652488917896,17,0.6470588235294118
LSM4,0.01762173590574124,10,0.7
LSM5,0.024783969253154053,24,0.6666666666666666
LSM6,0.03298199440021723,12,0.9166666666666666
LSM7,0.010479690649816131,9,0.6666666666666666
LSMD1,0.017931433989965904,14,0.8571428571428571
LSP1,0.012552412015433195,36,0.7777777777777778
LSR,0.026500156573663666,9,0.8888888888888888
LSS,0.014648278998232156,12,0.75
LST1,0.04923721211868813,9,0.8888888888888888
LTA,0.016624117517986675,21,0.7142857142857143
LTA4H,0.013294676988294243,5,0.6
LTB,0.034001530795424256,7,1.0
LTB4R,0.01658805999684519,18,0.7777777777777778
LTB4R2,0.016749825366671044,20,0.8
LTBP1,0.034733002711498574,12,0.9166666666666666
LTBP2,0.015056025147648951,11,0.6363636363636364
LTBP3,0.021737738985705822,10,0.8
LTBP4,0.015431699085070555,16,0.625
LTBR,0.020061335575881974,9,0.7777777777777778
LTC4S,-0.08130462160040317,7,0.8571428571428571
LTF,0.018780292488916904,8,0.875
LTK,0.02100114389277153,8,0.75
LTV1,0.017971300249668126,10,0.7
LUC7L,0.022102658150934366,4,1.0
LUC7L2,0.01689780488252857,14,0.7857142857142857
LUC7L3,0.025756348196760592,11,0.7272727272727273
LUM,0.04944647832772546,2,1.0
LUZP1,0.018551781556774012,20,0.6
LUZP2,0.0313097456473515,11,0.8181818181818182
LUZP4,0.03152040797334798,7,0.7142857142857143
LUZP6,0.017506601882201017,10,0.5
LVRN,0.019850063646671297,11,0.8181818181818182
LXN,0.03722305313905411,10,0.8
LY6D,0.04561018568928319,19,0.8947368421052632
LY6E,0.018372173619938256,13,0.6153846153846154
LY6G5B,0.03989136460510428,6,0.8333333333333334
LY6G5C,0.019348846366666915,36,0.75
LY6G6C,0.03130795497486367,11,0.9090909090909091
LY6G6D,0.058007427448749004,7,1.0
LY6G6E,0.056570265677110675,6,1.0
LY6G6F,-0.04819862130835582,7,0.8571428571428571
LY6H,0.02109332821317241,11,0.9090909090909091
LY6K,0.03385790137211641,9,0.8888888888888888
LY75,0.016485896093359136,7,0.7142857142857143
LY86,0.05645389252795478,7,1.0
LY9,0.05289720720815263,6,1.0
LY96,0.028709664594052293,3,1.0
LYAR,0.010063801169462056,18,0.6666666666666666
LYG1,0.013614934924675137,6,1.0
LYG2,0.022358169751705913,5,0.4
LYL1,0.023189704326857536,8,0.75
LYN,0.02347482367004231,27,0.7037037037037037
LYNX1,0.01902787231323715,29,0.7241379310344828
LYPD1,0.02613177548764448,22,0.6818181818181818
LYPD2,0.04865915637053751,5,1.0
LYPD3,0.025340426566812554,8,0.625
LYPD4,0.021403636546695637,14,0.5714285714285714
LYPD5,0.03348990281513342,20,0.8
LYPD6,0.021726775871604008,14,0.8571428571428571
LYPD6B,0.018568770960908504,17,0.8235294117647058
LYPLA1,0.013057567920138373,9,0.7777777777777778
LYPLA2,0.03063269496702857,12,0.8333333333333334
LYPLA2P1,0.023859459465830526,4,0.75
LYPLAL1,0.015273283174302103,5,0.4
LYRM1,-0.0001867438882478048,16,0.9375
LYRM2,0.014045683667754152,16,0.8125
LYRM4,0.015762710415537545,14,0.6428571428571429
LYRM5,0.021211636945301496,16,0.8125
LYRM7,0.020153613999322324,6,0.8333333333333334
LYSMD1,0.020150191452861635,18,0.8333333333333334
LYSMD2,0.01943419182635519,32,0.6875
LYSMD3,0.02378795788648572,11,0.8181818181818182
LYSMD4,0.012482876931080482,17,0.8823529411764706
LYST,0.015114910819240598,17,0.47058823529411764
LYVE1,-0.08051284601539663,7,0.8571428571428571
LYZ,-0.08929538359760758,1,1.0
LYZL1,0.05275831285175057,3,1.0
LYZL2,0.04635927616420963,5,0.8
LYZL4,0.04765354983930411,7,0.8571428571428571
LYZL6,0.05541475996423099,3,1.0
LZIC,0.020955802321722176,14,0.9285714285714286
LZTFL1,0.026067784216558407,12,1.0
LZTR1,0.017375385143089936,11,1.0
LZTS1,0.03376516930469278,9,0.8888888888888888
LZTS2,0.012703153191139505,22,0.9545454545454546
M6PR,0.01664247866443715,10,0.8
MAB21L1,0.05670043964992921,18,0.9444444444444444
MAB21L2,0.021145876022560465,16,0.5
MACC1,0.0278031494467806,8,0.75
MACF1,0.012790380096315767,13,0.6923076923076923
MACROD1,0.006874404590305184,9,0.6666666666666666
MACROD2,0.01416109686912627,18,0.5555555555555556
MAD1L1,0.01647106186149385,13,0.46153846153846156
MAD2L1,0.018302064314077132,10,0.7
MAD2L1BP,0.020839919376542365,19,0.7368421052631579
MAD2L2,0.016774461590926135,30,0.7666666666666667
MADCAM1,0.02465473869011882,8,0.75
MADD,0.023117791624420108,21,0.8095238095238095
MAEA,0.01196686220406143,7,0.7142857142857143
MAEL,0.01646559501482421,11,0.7272727272727273
MAF,0.027062133572948552,21,0.8095238095238095
MAF1,0.010671993453324164,13,0.5384615384615384
MAFA,0.02592452273014056,12,0.9166666666666666
MAFB,0.01393816457479322,17,0.7058823529411765
MAFF,0.01687145744209396,26,0.7692307692307693
MAFG,0.011185648278305378,25,0.76
MAFK,0.012508351152114605,28,0.7142857142857143
MAG,0.03863709417548591,7,0.5714285714285714
MAGEA1,0.03314146287185872,6,0.8333333333333334
MAGEA10,0.03678727102255165,8,0.75
MAGEA12,0.04235584792274121,11,0.9090909090909091
MAGEA2,0.053616690303324166,3,1.0
MAGEA3,0.012724147715082068,1,0.0
MAGEA4,0.023384532678244824,7,1.0
MAGEA5,0.03892699192121163,8,0.875
MAGEA8,0.04648148497185499,8,1.0
MAGEB1,0.02501645448396875,15,0.8666666666666667
MAGEB10,0.01673543810442583,6,0.8333333333333334
MAGEB16,0.027378855268529352,8,0.625
MAGEB18,0.04274272333570989,3,1.0
MAGEB2,0.014336387751275055,9,0.5555555555555556
MAGEB3,0.03586040062036139,7,0.8571428571428571
MAGEB4,0.036551406129969266,8,0.75
MAGEB6,0.03384379818173019,8,0.875
MAGEC1,0.04480040125978583,7,0.8571428571428571
MAGEC2,0.028259850962536432,9,0.6666666666666666
MAGEC3,0.037940405170516216,8,1.0
MAGED1,0.02713452800324719,17,0.7058823529411765
MAGED2,0.020609167185515153,16,0.6875
MAGEE1,0.030078544595748765,15,0.7333333333333333
MAGEE2,0.042629290630339205,11,0.7272727272727273
MAGEF1,0.02277041277232009,11,0.6363636363636364
MAGEH1,0.03979537088891676,9,1.0
MAGEL2,0.034145039167770876,16,0.9375
MAGI1,0.01725542050331532,13,0.6923076923076923
MAGI2,0.022279798616038217,22,0.8636363636363636
MAGI3,0.025141562586377928,11,0.8181818181818182
MAGIX,0.03462587262551632,17,0.7058823529411765
MAGOH,0.020029294683842933,11,0.6363636363636364
MAGOHB,0.02369163319548653,12,0.5
MAGT1,0.02585986764120547,12,0.6666666666666666
MAK,0.012125170161676121,4,0.0
MAK16,0.021682334711816516,12,0.75
MAL,0.016299944084655044,6,0.6666666666666666
MAL2,0.026792646582718696,12,0.6666666666666666
MALAT1,0.008688290957269008,9,0.6666666666666666
MALL,0.015244277421304742,7,0.8571428571428571
MALT1,-0.00034557818961502516,11,0.36363636363636365
MAMDC2,0.03548620454433756,3,0.6666666666666666
MAMDC4,0.0555782181169438,4,1.0
MAML1,0.014629501090899654,12,0.8333333333333334
MAML2,0.020730788902192175,12,0.8333333333333334
MAML3,0.02543532316808068,10,0.7
MAMLD1,0.04793563723819723,4,1.0
MAMSTR,0.01676767163894912,20,0.7
MAN1A1,0.02038416030247463,7,0.7142857142857143
MAN1A2,0.019274198280063493,8,0.625
MAN1B1,0.018579214694296582,6,0.8333333333333334
MAN1C1,0.010408807443847775,16,0.6875
MAN2A1,0.017862060152616734,11,0.9090909090909091
MAN2A2,0.02219804446521286,8,0.75
MAN2B1,0.019949455964049644,16,0.75
MAN2B2,0.012792929491921831,6,1.0
MAN2C1,0.01369110787593371,9,0.6666666666666666
MANBA,0.02439819146435479,13,0.8461538461538461
MANBAL,0.014376939718570495,12,0.75
MANEA,0.029706631535745348,10,0.7
MANEAL,0.023547703078088206,17,0.7647058823529411
MANF,0.011769895476599505,11,0.7272727272727273
MANSC1,0.013996895812321847,10,0.8
MAOA,0.03365934794423778,12,0.6666666666666666
MAOB,0.025717239112711763,9,0.6666666666666666
MAP1A,0.036898445598843733,6,1.0
MAP1B,0.014244326454194026,8,0.75
MAP1D,-0.015695095327139304,4,0.75
MAP1LC3A,0.023062477774736714,12,0.75
MAP1LC3B,0.01004606077062196,13,0.46153846153846156
MAP1LC3B2,-0.048904450088191755,12,0.8333333333333334
MAP1LC3C,0.03580798396585599,4,1.0
MAP1S,0.015956073401445635,8,0.875
MAP2,0.023792613631169367,23,0.8260869565217391
MAP2K1,0.007912050982489337,11,0.5454545454545454
MAP2K2,0.020613368504417088,5,0.6
MAP2K3,0.02104849177690611,20,0.9
MAP2K4,0.018622919659912796,8,0.625
MAP2K5,0.023063392970340338,8,0.5
MAP2K6,0.030854486429652224,10,0.8
MAP2K7,0.011723761120158436,10,0.9
MAP3K1,0.015965313509923747,12,0.8333333333333334
MAP3K10,0.016423591220670695,11,0.9090909090909091
MAP3K11,0.01755971723017619,11,1.0
MAP3K12,0.02272131563407482,17,0.8823529411764706
MAP3K13,0.013501418965979383,14,0.7142857142857143
MAP3K14,0.01629789987463655,19,0.7894736842105263
MAP3K15,0.030373172612756075,11,0.8181818181818182
MAP3K2,-0.030783932345204157,1,0.0
MAP3K3,0.017922400300368277,11,0.7272727272727273
MAP3K4,0.013446759355894185,4,0.5
MAP3K5,0.02937571662552118,9,0.8888888888888888
MAP3K6,0.03217843092956401,12,1.0
MAP3K7,0.0163535399762074,13,0.3076923076923077
MAP3K7IP1,0.01971128321084553,4,0.75
MAP3K7IP2,0.020394165352030768,11,0.5454545454545454
MAP3K7IP3,0.02674530945727629,16,0.75
MAP3K8,0.023099440056299183,24,0.7916666666666666
MAP3K9,0.022786812207729927,13,0.6153846153846154
MAP4,0.014237786816315982,24,0.5416666666666666
MAP4K1,0.015449762650120906,16,0.75
MAP4K2,0.01732267569865157,5,0.4
MAP4K3,0.015130984835693877,9,0.7777777777777778
MAP4K4,0.025746698282754703,10,0.8
MAP4K5,0.015036826947126004,12,0.75
MAP6,0.01951137852456927,13,0.8461538461538461
MAP6D1,0.018660350198002527,6,0.6666666666666666
MAP7,0.019281031921865036,12,0.5833333333333334
MAP7D1,0.01148689077262078,4,0.75
MAP7D2,0.02703778197886263,15,0.6666666666666666
MAP7D3,0.03516752818274523,10,0.7
MAP9,0.021019140122842332,13,0.6153846153846154
MAPK1,0.014717983125865584,11,0.8181818181818182
MAPK10,0.02277381074179345,22,0.5909090909090909
MAPK11,0.015209674369456156,7,0.8571428571428571
MAPK12,-0.005683760649337926,6,0.8333333333333334
MAPK13,0.021788173634504294,3,1.0
MAPK14,0.01994037499585733,13,0.9230769230769231
MAPK15,0.019043885415039992,11,0.6363636363636364
MAPK1IP1L,0.0208194379329546,12,0.8333333333333334
MAPK3,0.03756173249503014,4,1.0
MAPK4,0.030061079938039283,17,0.9411764705882353
MAPK6,0.015813165416600217,11,0.6363636363636364
MAPK7,0.020524178138127652,18,0.8333333333333334
MAPK8,0.027402591639765005,4,0.25
MAPK8IP1,0.01819091645993871,9,0.7777777777777778
MAPK8IP2,0.03222535953177422,9,0.8888888888888888
MAPK8IP3,0.0018821364827643207,7,0.14285714285714285
MAPK9,0.016066665002231084,13,0.6153846153846154
MAPKAP1,0.029044650249244984,7,0.7142857142857143
MAPKAPK2,0.0317248431713291,9,0.8888888888888888
MAPKAPK3,0.017878065242951317,10,0.7
MAPKAPK5,0.008821741259948335,14,0.6428571428571429
MAPKBP1,0.0182998537658053,9,0.7777777777777778
MAPKSP1,0.02101491516959538,8,0.75
MAPRE1,0.011196494548989067,11,0.9090909090909091
MAPRE2,0.021857404312908096,26,0.8846153846153846
MAPRE3,-0.016491187186057275,20,0.5
MAPT,0.024022138939705215,41,0.8292682926829268
MARCH1,0.038396634425850056,39,0.8461538461538461
MARCH10,0.013590955741800323,12,0.8333333333333334
MARCH11,0.005162862067531483,17,0.6470588235294118
MARCH2,0.006953877977882484,11,0.36363636363636365
MARCH3,0.01956595129741419,26,0.7307692307692307
MARCH4,0.013236523590305799,16,0.5625
MARCH5,0.022297029314066442,10,0.9
MARCH6,0.022543756132194004,7,0.7142857142857143
MARCH7,0.022235867458621467,12,0.6666666666666666
MARCH8,0.025331440261421465,19,0.47368421052631576
MARCH9,0.009654005270288169,5,0.6
MARCKS,0.023894865403753122,15,0.6666666666666666
MARCKSL1,0.021262806026556457,11,0.7272727272727273
MARCO,0.050676433154833035,5,1.0
MARK1,0.021401517783484453,8,0.75
MARK2,-0.005907921189913829,18,0.6666666666666666
MARK3,0.013698374416122568,11,0.8181818181818182
MARK4,0.020743179640168422,4,1.0
MARS,0.009195407703897597,12,0.5833333333333334
MARS2,0.022947217640651402,15,0.8666666666666667
MARVELD1,0.017466242535338544,12,0.75
MARVELD2,0.025679087272812116,10,0.6
MARVELD3,0.02375707766527678,8,0.875
MAS1,0.03466326614363362,4,0.75
MAS1L,0.05215612653499444,20,0.95
MASP1,0.020384704982704473,5,1.0
MASP2,0.05757495714392834,5,1.0
MAST1,0.028838290088708307,7,0.5714285714285714
MAST2,0.008762282056084047,9,0.7777777777777778
MAST3,0.018583844844045183,6,0.8333333333333334
MAST4,0.018597784419491427,18,0.7777777777777778
MASTL,0.01845525435590433,14,0.8571428571428571
MAT1A,0.058031174657577754,6,1.0
MAT2A,0.015941150720734203,11,0.9090909090909091
MAT2B,0.030710669323676276,16,0.75
MATK,0.02612954229076161,22,0.8181818181818182
MATN1,0.04131769864327574,9,0.8888888888888888
MATN2,0.023647171253892815,15,0.8666666666666667
MATN3,-0.004517115878185978,11,0.5454545454545454
MATN4,0.007360735111182563,20,0.85
MATR3,0.019272163701445473,35,0.7714285714285715
MAVS,0.009907536322492184,14,0.5
MAX,0.02158526352902532,11,0.9090909090909091
MAZ,0.023385505740954483,5,1.0
MB,0.03433069081559117,17,1.0
MBD1,0.017619719089862474,10,0.8
MBD2,0.023413317222532738,8,0.625
MBD3,0.012408509286238921,4,1.0
MBD3L1,0.044542269323040035,4,1.0
MBD4,0.009596779684033245,18,0.6111111111111112
MBD5,0.00242671059846048,5,0.2
MBD6,0.020306684195867186,11,0.7272727272727273
MBIP,0.027813698430542412,5,0.8
MBL1P,0.023200959226855545,5,1.0
MBL2,-0.03163521158200018,7,0.8571428571428571
MBLAC1,0.03130705905652345,9,1.0
MBLAC2,0.011985904124942263,16,0.75
MBNL1,0.0265741978300905,21,0.7619047619047619
MBNL2,0.013176082342886315,22,0.8181818181818182
MBNL3,0.03127510004473124,22,0.7272727272727273
MBOAT1,0.0076904056101782595,3,0.3333333333333333
MBOAT2,0.007551193544484239,11,0.45454545454545453
MBOAT4,0.025538360510872965,4,0.75
MBOAT7,0.009651693342561793,21,0.6190476190476191
MBP,0.021426056291755115,42,0.6904761904761905
MBTD1,0.025058702418010694,15,0.6666666666666666
MBTPS1,0.019679043839208914,12,0.8333333333333334
MBTPS2,0.024907548030855514,10,0.9
MC1R,-0.0195936909390315,14,0.7142857142857143
MC2R,0.043973438834003585,7,0.8571428571428571
MC3R,0.03356669930545687,9,0.8888888888888888
MC4R,0.050809524570945064,6,0.8333333333333334
MC5R,0.015394421488908093,6,0.8333333333333334
MCAM,0.013130500676675011,7,0.7142857142857143
MCART1,0.029882519421574716,7,1.0
MCART2,0.03623403312172769,6,0.8333333333333334
MCART3P,0.02169478055453354,4,1.0
MCART6,0.025987363093029476,21,0.7619047619047619
MCAT,0.024138983586219603,8,1.0
MCC,0.028721831661354256,21,0.9047619047619048
MCCC1,0.017601296045771684,11,0.7272727272727273
MCCC2,0.02206943355155277,11,1.0
MCCD1,0.03764540097997408,7,1.0
MCEE,0.020096174968304438,10,1.0
MCF2,0.034236484527972705,17,0.8235294117647058
MCF2L,0.028312837155245057,20,0.85
MCF2L2,0.017577192197398814,12,0.9166666666666666
MCFD2,0.024654327076757493,33,0.8484848484848485
MCHR1,0.03381040451665364,7,1.0
MCHR2,0.025358621621086454,11,0.7272727272727273
MCL1,0.018898971644249397,15,0.6666666666666666
MCM10,0.016676495429821827,14,0.8571428571428571
MCM2,0.01824217933568655,8,0.75
MCM3,0.02358286288007712,10,0.9
MCM3AP,0.01768270489553716,11,0.5454545454545454
MCM3APAS,0.010483899494450865,6,0.8333333333333334
MCM4,0.014281099197906747,9,0.8888888888888888
MCM5,0.014377621791026451,10,0.6
MCM6,0.021625959009811777,9,0.6666666666666666
MCM7,0.01857056583153626,24,0.8333333333333334
MCM8,0.015331936709782,15,0.7333333333333333
MCM9,0.016223391503033244,8,0.875
MCOLN1,0.018092783509896612,9,0.6666666666666666
MCOLN2,0.018644228933368426,13,0.7692307692307693
MCOLN3,0.030305431474117475,16,0.625
MCPH1,0.014596565730995563,8,0.625
MCRS1,0.01892501951920155,17,0.7058823529411765
MCTP1,0.019081398086727708,7,1.0
MCTP2,0.02033042591580341,11,0.5454545454545454
MCTS1,0.03502128467802469,16,0.8125
MDC1,0.022838819890533817,54,0.7962962962962963
MDFI,0.007246053110742806,8,0.875
MDFIC,0.03462343789216662,8,0.875
MDGA1,0.03143322258642292,10,1.0
MDGA2,0.031150594920017878,9,0.7777777777777778
MDH1,0.026387368062341203,13,1.0
MDH1B,0.0190951360083932,10,0.9
MDH2,0.017360851285254598,13,0.9230769230769231
MDK,0.01645555469949341,14,0.7857142857142857
MDM1,0.01813017756048452,11,0.9090909090909091
MDM2,0.01673856676942104,13,0.7692307692307693
MDM4,0.02593394023139976,10,0.9
MDN1,0.009941438741275415,11,0.5454545454545454
MDP1,0.026537234053058505,10,1.0
MDS2,0.029868006254098772,4,0.5
ME1,0.0074584264524283125,8,0.625
ME2,0.013863044797579327,10,0.4
ME3,0.03352500461524565,22,0.8181818181818182
MEA1,0.010517933311642172,14,0.7142857142857143
MEAF6,0.009376210617859022,9,0.6666666666666666
MECOM,0.02740476090276591,21,0.5714285714285714
MECP2,0.033956936349954815,14,0.7142857142857143
MECR,0.021025441148074135,14,0.9285714285714286
MED1,0.017430803540602835,9,0.7777777777777778
MED10,0.012468981086305887,10,0.5
MED11,0.020432304076048357,14,0.9285714285714286
MED12,0.04101945824937046,7,0.7142857142857143
MED12L,0.013361698989786517,10,0.4
MED13,0.025431665497659545,7,0.7142857142857143
MED13L,0.038209842462640226,3,0.6666666666666666
MED14,0.010153589946289343,8,0.375
MED15,0.019404177757602926,9,0.8888888888888888
MED16,0.022187028366828315,12,0.75
MED17,0.01421421942094704,11,0.5454545454545454
MED18,0.027857222085786074,11,0.9090909090909091
MED19,0.020925894110291818,18,0.8333333333333334
MED20,0.02315775164893805,12,0.75
MED21,0.009942724354625686,9,0.7777777777777778
MED22,0.02177717071807594,7,0.8571428571428571
MED23,0.017494339084283824,11,0.8181818181818182
MED24,0.013539670038089894,11,0.8181818181818182
MED25,0.013820108825973001,12,0.5833333333333334
MED26,0.020842504552064205,10,0.9
MED27,0.03314416305425962,2,1.0
MED28,0.019013536988534006,12,0.9166666666666666
MED29,0.026933393706403148,9,0.7777777777777778
MED30,0.0272536662755689,11,1.0
MED31,0.014550084737805143,15,0.7333333333333333
MED4,0.018567881833140468,9,0.5555555555555556
MED6,0.023918523969558514,8,0.75
MED7,0.024541572401418483,12,0.8333333333333334
MED8,0.02076311856177624,16,0.75
MED9,0.015047668299560243,7,0.42857142857142855
MEF2A,0.011045165411103368,17,0.47058823529411764
MEF2B,0.02546716944945473,14,0.8571428571428571
MEF2C,0.030790790490703393,22,0.6818181818181818
MEF2D,-0.021543559043292672,26,0.6923076923076923
MEFV,-0.03822587975714898,6,1.0
MEG3,0.029533018501199746,22,0.7272727272727273
MEG8,0.02567850087727846,13,0.9230769230769231
MEGF10,0.04002749138658873,19,1.0
MEGF11,0.03244767051702515,18,0.9444444444444444
MEGF6,0.022430483539358045,9,0.6666666666666666
MEGF8,0.012706313918963846,13,0.7692307692307693
MEGF9,0.03206920084159017,3,1.0
MEI1,0.005808904213505043,9,0.4444444444444444
MEIG1,0.024735154515789223,14,0.8571428571428571
MEIS1,0.02457790760652862,9,0.7777777777777778
MEIS2,0.02415903351635431,27,0.7037037037037037
MEIS3,0.03014162329482638,5,0.8
MEIS3P1,0.023764112298513024,4,1.0
MELK,0.006764029933336687,8,0.5
MEMO1,0.024885217122775298,7,0.8571428571428571
MEN1,0.020465702932305985,16,0.8125
MEOX1,0.03791136219753191,8,1.0
MEOX2,0.016254522162812535,15,0.6
MEP1A,0.03818137191698775,3,0.6666666666666666
MEP1B,0.05741434906536228,3,0.6666666666666666
MEPCE,0.017344207584130102,20,0.55
MEPE,0.04992538392417545,5,0.6
MERTK,0.010507274533137247,8,0.5
MESDC1,0.018708473182184052,15,0.8
MESDC2,0.021121210760516214,8,0.875
MESP1,0.026180087745802275,11,0.8181818181818182
MESP2,0.0290143446504238,11,0.8181818181818182
MEST,0.027190183651309006,87,0.8045977011494253
MESTIT1,0.031004627889334762,42,0.7380952380952381
MET,0.011413424531049942,13,0.6153846153846154
METAP1,0.01664400419298112,4,1.0
METAP2,0.022867556807377398,13,0.7692307692307693
METRN,0.02308251145280489,4,0.75
METRNL,0.015425929102195276,6,0.5
METT10D,0.016072758892548812,12,0.8333333333333334
METT11D1,0.018697400417893285,11,0.6363636363636364
METT5D1,0.023944164447332675,20,0.8
METTL1,0.009744180553116894,13,0.5384615384615384
METTL10,0.011730148234205824,8,0.625
METTL11A,0.03125279491038018,5,0.4
METTL11B,0.04114730485082222,7,1.0
METTL12,0.01415040962978999,10,0.8
METTL13,0.005128465264186999,10,0.5
METTL14,0.02845462591422824,10,0.8
METTL2A,0.015981783056491238,12,0.6666666666666666
METTL2B,0.019428577643034527,9,0.7777777777777778
METTL3,0.022250695926320948,10,0.8
METTL4,0.03024529182042036,19,0.8947368421052632
METTL5,0.02351236403108565,7,0.7142857142857143
METTL6,0.01112783202569149,15,0.6
METTL7A,0.0494549969784795,8,1.0
METTL7B,0.024088715718732966,8,0.5
METTL8,0.018630950371208432,16,0.6875
METTL9,0.014516342291405545,7,0.42857142857142855
MEX3A,0.02008948865694199,10,0.8
MEX3B,0.016041974277702886,11,0.8181818181818182
MEX3C,0.01377045672075594,11,0.9090909090909091
MEX3D,0.027952525328573834,7,0.5714285714285714
MFAP1,0.03485518174975792,9,0.8888888888888888
MFAP2,0.03478875337272784,15,0.6666666666666666
MFAP3,0.012041546350854629,20,0.65
MFAP3L,-0.006341827476740459,20,0.75
MFAP4,0.012322636793749748,7,0.8571428571428571
MFAP5,0.02407395132932181,5,0.6
MFF,0.013878695358450802,4,0.5
MFGE8,0.016595784753114826,7,0.7142857142857143
MFHAS1,0.021852798404004278,15,0.8
MFI2,0.018556897328363964,8,0.875
MFN1,0.019132950815729157,9,0.6666666666666666
MFN2,0.013611015124879805,15,0.8
MFNG,0.027756624690709723,6,0.8333333333333334
MFRP,0.037555290533391225,5,1.0
MFSD1,0.015690411667638286,13,0.6923076923076923
MFSD10,0.014326769210724672,22,0.7727272727272727
MFSD11,0.00869923014254893,23,0.6956521739130435
MFSD2A,8.90952207652858e-05,16,0.75
MFSD2B,0.009728336530780757,12,0.5
MFSD3,0.01657992338101792,13,0.7692307692307693
MFSD4,0.025484766316851218,8,1.0
MFSD5,0.019085130067175576,13,0.8461538461538461
MFSD6,0.013666996538455154,11,0.9090909090909091
MFSD6L,0.020329206308284022,12,0.75
MFSD7,0.037547414516609985,6,1.0
MFSD8,0.016191866936103527,18,0.6666666666666666
MFSD9,0.024267259325562517,5,0.8
MGA,0.016862890227960416,15,0.7333333333333333
MGAM,0.04039458154567851,6,1.0
MGAT1,0.0211449786942046,34,0.8823529411764706
MGAT2,0.014003494158682031,17,0.7058823529411765
MGAT3,0.030909330203112723,19,0.7894736842105263
MGAT4A,0.025398341240636606,13,0.6153846153846154
MGAT4B,0.021285043864592994,15,1.0
MGAT4C,0.029726768213961627,18,0.6666666666666666
MGAT5,0.024324790584122014,5,0.8
MGAT5B,0.026827618317880466,14,0.8571428571428571
MGC102966,0.018768671053362256,3,0.6666666666666666
MGC12916,0.00975417328310294,11,0.7272727272727273
MGC12982,0.028145921009241792,5,0.8
MGC13005,0.008117049963379844,9,0.6666666666666666
MGC14436,0.023128598614111803,8,1.0
MGC15885,0.022654043588330324,3,0.6666666666666666
MGC16025,-0.0018832224221666193,5,0.8
MGC16121,0.04882038875079864,6,0.8333333333333334
MGC16142,0.01963542293983968,6,0.6666666666666666
MGC16275,0.01691923698812557,11,0.5454545454545454
MGC16384,-0.009977978678875798,7,1.0
MGC16703,0.004808350257911131,11,0.8181818181818182
MGC21881,0.013961332180683461,1,0.0
MGC23270,0.013105798124656442,7,0.7142857142857143
MGC23284,0.008009166316581795,9,0.6666666666666666
MGC26597,0.008614139426125378,3,0.3333333333333333
MGC26647,0.032632453690215724,8,0.5
MGC27382,0.06203372860594253,2,1.0
MGC2752,0.02835695963348791,8,1.0
MGC2889,0.023475988453293416,10,0.7
MGC29506,0.028188819800908378,7,0.7142857142857143
MGC34034,0.029783014871578157,3,0.6666666666666666
MGC3771,0.033625578982056606,4,1.0
MGC42105,0.017334582520044297,9,0.6666666666666666
MGC4473,0.04450855329240376,1,1.0
MGC45800,0.023378488269297226,3,0.6666666666666666
MGC57346,0.01285676570804469,5,0.8
MGC70857,0.02169069387321455,12,0.9166666666666666
MGC72080,0.016933061921464335,10,0.8
MGC87042,-0.005073776249918261,12,0.8333333333333334
MGEA5,0.021922560108677665,10,0.8
MGLL,0.02790786689215477,8,0.75
MGMT,0.014781437327258798,24,0.75
MGP,0.04331465098420915,5,0.8
MGRN1,0.01962554686613819,10,0.8
MGST1,0.031207777352737113,11,0.6363636363636364
MGST2,0.035462445863072914,10,0.8
MGST3,0.02306079527399159,13,0.8461538461538461
MIA,-0.28672756477120953,4,1.0
MIA2,0.028827929793182994,3,0.3333333333333333
MIA3,0.005482355125510575,6,0.5
MIAT,0.003920948159203773,10,0.3
MIB1,0.01745305301167094,5,0.6
MIB2,0.02523689478287374,23,0.7391304347826086
MICA,0.013802422771767596,26,0.8461538461538461
MICAL1,-0.0052780496369308014,13,0.6153846153846154
MICAL2,-0.01739466415616616,15,0.6
MICAL3,0.004657000075771415,29,0.8275862068965517
MICALCL,0.03413428082363421,6,1.0
MICALL1,0.008288390219610517,4,0.75
MICALL2,0.012164255106366827,13,0.6923076923076923
MICB,0.021753079538603545,27,0.6666666666666666
MID1,0.03412620079050345,24,0.9583333333333334
MID1IP1,0.027443859105432854,25,0.72
MID2,0.0439966668150502,7,0.7142857142857143
MIDN,0.01490260601173544,10,0.6
MIER1,0.03643936875622567,23,0.782608695652174
MIER2,0.023184569834254105,7,0.7142857142857143
MIER3,0.016928450026499245,4,0.75
MIF,0.014548497956730603,11,0.8181818181818182
MIF4GD,0.016433177705309932,10,0.6
MIIP,0.02174552573127469,16,0.9375
MIMT1,0.03517014844948573,15,0.8666666666666667
MINA,0.023721172987657763,8,0.75
MINK1,0.02617971805178159,4,0.75
MINPP1,0.0068182237108573044,10,0.7
MIOS,0.02286253832891664,10,0.9
MIOX,0.03209531971494511,9,0.8888888888888888
MIP,0.04810269565707785,5,1.0
MIPEP,0.018301633963131548,12,0.5833333333333334
MIPOL1,0.015988295543747807,10,0.5
MIR1-1,0.04178521343427906,10,0.8
MIR1-2,0.027367871417866688,2,0.5
MIR100,-0.05719349454245548,2,0.5
MIR101-1,0.029120570206886964,3,1.0
MIR103-1,0.006725169496733574,2,0.5
MIR103-2,0.0220191192764926,6,0.6666666666666666
MIR103-2AS,0.006160588575670978,2,0.5
MIR105-1,0.048659753609559396,3,1.0
MIR105-2,0.009555569408255304,1,0.0
MIR106A,0.05736542190198152,4,1.0
MIR106B,0.030616016046855477,8,0.75
MIR107,-0.0037747742240942794,4,0.0
MIR10A,0.01934130741040998,5,1.0
MIR10B,0.028044811482341506,12,1.0
MIR1178,0.03286914971116533,6,0.8333333333333334
MIR1179,0.037839870340487726,3,0.6666666666666666
MIR1180,0.021198969517636022,10,0.6
MIR1181,0.016228107182448697,10,0.7
MIR1182,0.029763258152188263,12,0.9166666666666666
MIR1185-1,0.006565411740635042,7,0.5714285714285714
MIR1185-2,0.031738796563187816,8,0.625
MIR1197,0.05303098009655844,7,1.0
MIR1200,0.04485160556138864,3,1.0
MIR1201,0.008339810937496861,1,0.0
MIR1203,0.039730412247721086,2,1.0
MIR1204,-0.04975448271717079,7,0.8571428571428571
MIR1205,0.018963106340055148,5,0.8
MIR1206,0.0212886796799433,3,1.0
MIR1207,0.010921384324516791,5,0.6
MIR1208,-0.08208779134820753,3,0.3333333333333333
MIR122,-0.021701876374575,6,1.0
MIR1224,0.030420847381750625,10,0.8
MIR1225,0.01926934268713559,6,0.5
MIR1226,0.04509786638830058,8,0.875
MIR1227,0.04387186213987518,4,0.75
MIR1228,0.019496282172554735,11,0.7272727272727273
MIR1229,0.020079361472038544,10,0.7
MIR1231,-0.018660744507728564,6,0.8333333333333334
MIR1234,0.018457755358390157,9,0.8888888888888888
MIR1236,0.04122456244900431,8,1.0
MIR1237,0.015054437637109081,10,0.7
MIR1238,0.017081004628724594,6,0.8333333333333334
MIR124-1,0.024561304917731674,7,0.8571428571428571
MIR124-2,0.02870051640769605,11,0.9090909090909091
MIR124-3,0.007824062734799868,11,0.45454545454545453
MIR1243,0.006683633771074504,2,0.0
MIR1246,0.03046475034412488,4,0.75
MIR1247,0.007318446086842349,9,0.6666666666666666
MIR1248,0.020852581340397656,4,0.75
MIR1249,-0.09588107462014885,9,1.0
MIR1250,0.014531356848183165,9,0.7777777777777778
MIR1251,0.05435647645925741,5,0.8
MIR1252,0.010505492614699949,4,0.25
MIR1253,0.015274344347962505,4,1.0
MIR1256,0.024937166653081308,4,0.5
MIR1257,0.03693525477542006,5,0.8
MIR1258,0.010223165061577066,14,0.7857142857142857
MIR1259,0.011661694602732841,7,0.7142857142857143
MIR125A,0.032423369336805855,5,0.8
MIR125B1,0.037241531766070715,10,0.8
MIR125B2,-0.011123100046442222,4,0.25
MIR126,0.01257793467140983,1,1.0
MIR1260,0.011509220742536162,5,0.8
MIR1262,0.002452824232204165,1,0.0
MIR1265,0.04402298427608762,4,1.0
MIR1266,0.0524783289110856,5,0.8
MIR127,0.022551613444169897,14,0.6428571428571429
MIR1272,0.04088037604863939,5,1.0
MIR1275,0.040880346073009395,6,0.8333333333333334
MIR1276,0.03662002761302937,10,0.9
MIR1278,-0.0068140624105502146,2,0.0
MIR1279,-0.008253214767363598,2,0.0
MIR128-2,0.04713938107055742,7,1.0
MIR1280,0.004067252014295109,5,1.0
MIR1281,0.02635040187598343,5,0.8
MIR1282,-0.12645797607756645,6,0.8333333333333334
MIR1283-1,0.05163230515948166,4,1.0
MIR1283-2,0.022646307302637097,3,0.6666666666666666
MIR1284,0.010251778354566546,2,0.5
MIR1286,0.05266046760602065,7,1.0
MIR1287,0.03682058717802594,5,1.0
MIR1288,0.14868109496636736,2,1.0
MIR1289-2,0.045044583927722294,5,1.0
MIR129-1,0.04523228167837916,4,1.0
MIR129-2,0.02084555907795778,12,0.8333333333333334
MIR1291,0.021030043650304364,2,0.5
MIR1292,0.0027580085261358707,9,0.5555555555555556
MIR1293,0.004169836798028441,3,0.0
MIR1295,0.02779843982297825,2,0.5
MIR1296,-0.017946434250368487,2,0.0
MIR1297,0.05491329281174303,3,1.0
MIR1301,0.05522748413896862,5,1.0
MIR1304,0.05939676503040303,1,1.0
MIR1305,0.008958249729591916,1,0.0
MIR1306,0.01447634442106214,9,0.5555555555555556
MIR1307,0.017480165015578863,2,0.5
MIR130A,0.05099951376422836,5,1.0
MIR130B,0.024723786598851428,9,0.8888888888888888
MIR132,0.0038931153332446176,11,0.6363636363636364
MIR1322,0.029928567620174023,5,0.8
MIR1323,0.031638128043591396,4,0.75
MIR1324,0.046794397301152146,2,1.0
MIR133A1,-0.01740570712254144,2,0.0
MIR133A2,0.03497855797710682,9,1.0
MIR133B,0.040642521642139655,3,0.6666666666666666
MIR134,0.02652314048985775,7,0.8571428571428571
MIR135A1,0.0328770589170167,3,1.0
MIR135A2,0.032076273955277346,3,1.0
MIR135B,0.032278071731029444,3,1.0
MIR136,0.010149179224246114,11,0.45454545454545453
MIR137,0.03143959899065038,4,0.75
MIR138-1,0.03426769072326,4,0.75
MIR138-2,0.01896958082607081,2,0.5
MIR139,0.03699196703188653,3,0.6666666666666666
MIR140,-0.10980008403234492,8,0.75
MIR141,0.03373112234679678,9,0.8888888888888888
MIR142,0.02090426855237922,8,0.875
MIR143,0.008340495855638803,5,0.4
MIR144,0.031105638978974857,5,0.8
MIR145,0.013337237124524335,9,0.5555555555555556
MIR1468,0.057135994654698125,3,1.0
MIR1469,0.015530008190312606,15,0.6
MIR146B,0.04664500626960668,6,1.0
MIR147,0.03238845455713846,2,1.0
MIR1470,0.01844052826127497,11,0.8181818181818182
MIR1471,0.038127990308071125,5,1.0
MIR147B,0.01016729542992248,2,0.5
MIR148A,0.00798271816933007,9,0.4444444444444444
MIR148B,0.031271050996014495,3,1.0
MIR149,0.0055954066675635615,7,1.0
MIR150,0.02491442670121193,7,0.8571428571428571
MIR152,0.008286287323581677,8,0.625
MIR153-1,0.01284918292450269,4,0.75
MIR153-2,0.04278256616863635,6,1.0
MIR1537,0.015170575518343318,6,0.3333333333333333
MIR1538,0.021157188855349757,7,0.7142857142857143
MIR1539,0.027601952464719345,4,1.0
MIR154,0.03613483160153005,8,0.875
MIR155,0.022413442694769553,2,0.5
MIR155HG,0.013143956913247651,5,0.4
MIR15A,0.03641367282044293,2,0.5
MIR15B,0.0017151599786577505,3,0.0
MIR16-1,0.05463708193584996,1,0.0
MIR16-2,0.006883523376400372,4,0.0
MIR17,0.020931405010736658,7,0.7142857142857143
MIR17HG,0.04283228853004243,3,1.0
MIR181B1,0.00842641019662542,4,0.0
MIR181B2,0.002207195159719011,1,1.0
MIR181C,0.02461147426815895,5,1.0
MIR181D,0.03403319197399065,7,1.0
MIR182,0.03891299801746957,7,0.8571428571428571
MIR1826,0.029918121870876613,5,0.8
MIR1827,0.00266943837388757,4,0.5
MIR183,0.027267246567361708,8,0.875
MIR184,0.03163084977605566,5,0.6
MIR185,0.0323439970626106,5,1.0
MIR187,0.0467180164437238,5,0.8
MIR188,0.04913504825976536,2,1.0
MIR18A,0.01874884180690801,6,0.6666666666666666
MIR18B,0.05188585507995541,3,1.0
MIR190,0.01511234294728876,9,0.8888888888888888
MIR1908,0.010108466033537872,14,0.6428571428571429
MIR1909,0.01823836221962678,10,0.8
MIR190B,0.0306512088990619,4,0.75
MIR191,0.020793569073732237,13,0.7692307692307693
MIR1910,0.04635921937084655,3,1.0
MIR1911,0.06128479975721398,2,1.0
MIR1912,0.07902099982128093,2,1.0
MIR1913,0.022649096315748334,3,1.0
MIR1914,0.0008981486475784367,6,0.3333333333333333
MIR1915,0.010767834749502585,15,0.7333333333333333
MIR192,0.04225076517001699,12,1.0
MIR193A,0.01735678358048954,7,0.5714285714285714
MIR193B,0.0019580720162184683,7,0.5714285714285714
MIR194-1,-0.011664485592833479,2,0.0
MIR194-2,0.04870922339340519,9,1.0
MIR195,-0.0367901412744356,5,1.0
MIR196A1,0.020641941221760544,5,1.0
MIR196A2,-0.005555326221578009,6,0.8333333333333334
MIR196B,0.010505828802746415,11,0.7272727272727273
MIR197,0.05034286300401161,2,1.0
MIR1973,0.0255540951356981,3,0.6666666666666666
MIR1974,0.03746935324270496,8,0.875
MIR1975,0.045173161321017195,3,1.0
MIR1976,-0.030369146935262104,6,0.8333333333333334
MIR1977,0.0339124247911854,9,0.6666666666666666
MIR1978,0.05113640156438102,5,0.8
MIR1979,0.05285891838003794,3,1.0
MIR198,0.012845193837047575,4,0.5
MIR199A1,0.024841150893826085,9,0.7777777777777778
MIR199A2,0.02988105164751779,5,1.0
MIR199B,-0.011204424932120483,1,1.0
MIR19A,0.01113421746901159,5,0.6
MIR19B1,-0.0023185376347337693,5,0.4
MIR19B2,0.05188585507995541,3,1.0
MIR200A,0.028178943498688942,9,0.8888888888888888
MIR200B,0.03604786390573234,9,0.7777777777777778
MIR200C,0.03239639773580123,6,0.6666666666666666
MIR202,0.0263219111564699,9,0.8888888888888888
MIR203,0.016533362170428192,7,0.7142857142857143
MIR204,0.028798667008367917,1,1.0
MIR205,0.030137675243502842,7,1.0
MIR2052,0.06670238196187077,2,1.0
MIR2053,0.04321450006315798,2,1.0
MIR2054,-0.01331727133562638,1,1.0
MIR206,0.04784495466122185,7,1.0
MIR208A,0.03910499724695651,3,1.0
MIR208B,0.05892442165781187,7,1.0
MIR20A,-0.005279644584381772,4,0.5
MIR20B,0.05188585507995541,3,1.0
MIR21,0.047749172817556806,5,0.8
MIR210,0.0140828548158588,7,1.0
MIR211,0.049872554424475045,4,1.0
MIR2110,0.015212506083531181,14,0.8571428571428571
MIR2113,0.055098796934897276,1,1.0
MIR2114,0.04770559936213246,5,1.0
MIR2116,0.016975963297327423,5,0.6
MIR2117,-0.056511278028079315,4,0.5
MIR212,0.01213914976695498,9,0.6666666666666666
MIR215,-0.011664485592833479,2,0.0
MIR216A,0.020845551322903024,6,0.6666666666666666
MIR216B,0.005168338656086735,1,0.0
MIR218-1,-3.119168136214712e-05,4,0.0
MIR218-2,0.05655997821643523,5,1.0
MIR219-1,0.006944504215765069,8,0.75
MIR219-2,0.025147940949343223,4,1.0
MIR22,0.02025077624744032,7,0.8571428571428571
MIR220A,0.050574967952625186,7,1.0
MIR220B,0.02310464692815507,10,0.9
MIR221,0.02285908749396548,1,0.0
MIR222,0.027782219477869102,2,0.5
MIR223,0.04614121272240005,3,1.0
MIR2276,0.016679891368514613,6,0.8333333333333334
MIR2277,0.010380085217735932,10,0.5
MIR2278,0.012718832288879323,1,1.0
MIR23A,0.02649903826541713,5,0.8
MIR23B,0.03298846399312855,2,1.0
MIR24-1,0.013547867532194877,2,0.5
MIR24-2,0.03062221220378213,10,0.9
MIR25,0.036578068192930434,14,0.8571428571428571
MIR26A1,0.030827211105742203,5,0.8
MIR26A2,0.049447876929907264,6,0.8333333333333334
MIR26B,0.029138228109957216,6,1.0
MIR27A,0.029989121622569972,6,0.8333333333333334
MIR27B,0.028593232962381532,1,1.0
MIR296,-0.07363266562197443,7,0.7142857142857143
MIR298,-0.11774193874674768,4,0.5
MIR299,0.037267832559483106,14,0.8571428571428571
MIR29A,0.016504143582005068,4,0.75
MIR29B1,-0.06883336636504629,4,0.75
MIR29B2,0.016936194313346545,4,0.5
MIR29C,0.018494612243994,8,0.75
MIR300,0.03275964322599837,9,0.7777777777777778
MIR301A,-0.004974321030109585,3,0.3333333333333333
MIR301B,0.015232864542496739,7,0.8571428571428571
MIR302A,-0.0023256919562590905,2,0.0
MIR302B,-0.0023256919562590905,2,0.0
MIR302C,-0.0023256919562590905,2,0.0
MIR302D,0.008885348824563747,3,0.3333333333333333
MIR30A,0.04410608383530959,2,1.0
MIR30B,0.0014118652698092565,4,0.25
MIR30C1,-0.004498543264034492,3,1.0
MIR30C2,0.014813911924245776,2,0.5
MIR30D,0.009323540586695739,2,0.5
MIR30E,0.01986960114753071,4,1.0
MIR32,0.052678198458336045,1,1.0
MIR320A,0.005094124716202285,10,0.7
MIR320B1,0.04754932730643774,6,1.0
MIR320B2,-0.0035303482009537146,1,0.0
MIR320C1,0.045729276315901055,2,1.0
MIR320C2,0.029616237355401826,3,0.6666666666666666
MIR320D1,0.006676381438901813,3,1.0
MIR320D2,0.051141868536384166,3,0.6666666666666666
MIR323,0.05312887825092254,8,1.0
MIR324,0.032998385152968726,4,1.0
MIR326,0.033617186359712496,6,1.0
MIR328,0.024313368592885232,5,0.6
MIR329-1,0.0419112652245771,12,0.9166666666666666
MIR329-2,0.018029729119502465,10,0.9
MIR330,0.01604468366567057,10,0.7
MIR331,0.014164472477998985,2,0.5
MIR335,0.029147551280388668,3,0.6666666666666666
MIR337,0.03427644361429291,2,1.0
MIR338,0.019209160311571376,10,0.7
MIR339,0.035032053136084866,11,1.0
MIR33A,0.03198844837230294,8,1.0
MIR33B,0.010566310652956113,7,0.5714285714285714
MIR340,0.026352395757099578,3,0.6666666666666666
MIR345,0.01604798507320599,8,0.875
MIR346,0.026858051360081254,10,0.8
MIR34A,0.05253883207454173,4,1.0
MIR34B,0.017463870878477304,9,0.6666666666666666
MIR34C,0.01678889567916793,12,0.75
MIR362,0.034214472313049804,5,0.6
MIR363,0.04253027831773325,4,0.75
MIR365-1,-0.0033002253443843,5,1.0
MIR365-2,0.020560195038662986,8,0.875
MIR367,0.013681408255545665,3,0.3333333333333333
MIR369,0.02270674930913548,18,0.8333333333333334
MIR371,0.025059732706234083,9,0.8888888888888888
MIR372,0.029967037623109944,13,0.9230769230769231
MIR373,0.027474379710380185,13,0.9230769230769231
MIR374A,0.031007407417093263,2,0.5
MIR374B,0.03999874529778102,4,0.75
MIR375,0.01684407986280901,10,0.8
MIR376A1,0.033218925219295856,13,0.8461538461538461
MIR376A2,0.03354066040542997,12,0.9166666666666666
MIR376B,0.03342345090631352,13,0.9230769230769231
MIR376C,0.0319647656436921,8,1.0
MIR377,0.040601804340626074,13,0.9230769230769231
MIR379,0.03955310760233166,6,0.8333333333333334
MIR380,0.04602010014579961,11,1.0
MIR381,0.05035664582340932,3,1.0
MIR382,0.03477025012937309,6,0.8333333333333334
MIR383,0.029114825143146505,1,1.0
MIR384,0.046793671092557484,1,1.0
MIR409,0.029530850493687377,10,0.8
MIR410,0.022540967348526376,19,0.8421052631578947
MIR411,0.04691885176482016,9,0.8888888888888888
MIR412,0.02421593326947481,14,0.7857142857142857
MIR421,0.03357324855750326,7,0.7142857142857143
MIR423,0.02506238279267648,14,0.7857142857142857
MIR424,0.04888659499273354,4,0.75
MIR425,0.02454032192767876,18,0.8333333333333334
MIR429,0.028598873511429566,9,0.7777777777777778
MIR431,0.029979198942867213,7,0.7142857142857143
MIR432,0.010580738100291514,10,0.5
MIR433,0.035362168399793295,10,0.7
MIR448,0.03827835081225062,2,1.0
MIR449A,0.05525611368361909,2,0.5
MIR449B,0.05525611368361909,2,0.5
MIR449C,0.01941354854332739,12,0.4166666666666667
MIR450A1,0.056281615165214925,4,1.0
MIR450A2,0.04941249741755506,5,1.0
MIR450B,0.036582950676138246,6,0.6666666666666666
MIR451,0.03465251914220518,7,0.8571428571428571
MIR452,0.044520435832009306,4,1.0
MIR453,0.026812703585700908,12,0.9166666666666666
MIR454,0.013894566470945169,2,0.0
MIR455,0.027206459124529014,4,1.0
MIR483,0.03159999259592035,7,0.8571428571428571
MIR484,0.016032275065573368,6,0.6666666666666666
MIR485,0.02631427185523349,14,0.8571428571428571
MIR486,0.021196612643950334,7,0.7142857142857143
MIR487A,0.023613125051916494,5,0.8
MIR487B,0.037318914800568655,7,0.8571428571428571
MIR488,0.0455170849572014,5,1.0
MIR489,0.05688413552274782,2,1.0
MIR490,0.003561816435487447,2,0.0
MIR492,0.004635700459863001,9,0.6666666666666666
MIR493,0.04436201475137084,7,0.8571428571428571
MIR494,0.03720533596095919,7,1.0
MIR495,0.033129565325500286,7,0.8571428571428571
MIR496,0.032243255040133,14,0.9285714285714286
MIR497,0.020245778851739574,4,1.0
MIR498,0.049539076292141236,4,1.0
MIR499,0.02920736664035689,7,0.8571428571428571
MIR500,0.033032606852751265,4,0.5
MIR501,0.06418450469494302,3,1.0
MIR502,0.046048538346533115,6,1.0
MIR503,0.034403508825860823,11,0.8181818181818182
MIR504,0.07158819200762706,1,1.0
MIR505,0.04021538847690259,4,1.0
MIR506,0.033901076436919565,6,1.0
MIR507,0.03895905920253771,5,1.0
MIR508,0.05401503957709986,3,0.6666666666666666
MIR509-1,0.03781402041799238,4,0.75
MIR509-2,0.03781402041799238,4,0.75
MIR509-3,0.044427730115272034,5,0.8
MIR510,0.048318538001638094,3,1.0
MIR511-1,0.011422867526503677,2,0.5
MIR511-2,0.011422867526503677,2,0.5
MIR512-1,0.05002667277763213,4,1.0
MIR512-2,0.05002667277763213,4,1.0
MIR514-2,0.051440185804667846,2,1.0
MIR514-3,0.051440185804667846,2,1.0
MIR515-1,0.04460046643948253,8,0.875
MIR515-2,0.04460046643948253,8,0.875
MIR516A1,0.03273319263851304,2,0.5
MIR516A2,0.055494450060795,4,1.0
MIR516B1,0.04113826480061411,4,1.0
MIR516B2,0.009200597996341079,3,1.0
MIR517A,0.02703754433825168,5,0.8
MIR517B,0.0470298676741993,2,1.0
MIR517C,0.04001531802514411,5,0.8
MIR518A1,0.05236327959305861,3,1.0
MIR518A2,0.040654799652306235,4,0.75
MIR518B,0.048749276844974924,2,1.0
MIR518C,0.06460806853216744,3,1.0
MIR518D,0.04210171323872877,3,1.0
MIR518E,0.047829959647767636,4,1.0
MIR518F,0.049567172149517225,5,1.0
MIR519A1,0.02595106600799235,4,0.75
MIR519A2,0.030859453072309733,3,0.6666666666666666
MIR519B,0.048195874961037215,3,1.0
MIR519C,0.0376162688201095,4,0.75
MIR519D,0.032705109169134,4,0.75
MIR519E,0.03831429556383057,3,1.0
MIR520A,0.05048137025841876,3,1.0
MIR520B,0.028032210398013836,3,1.0
MIR520C,0.05602288990485153,5,1.0
MIR520D,0.0470298676741993,2,1.0
MIR520E,0.03628735634834715,2,1.0
MIR520F,0.05991129889481736,1,1.0
MIR520G,0.043011600368831504,4,1.0
MIR520H,0.047390398944051226,3,1.0
MIR521-1,0.04406962849549857,2,1.0
MIR521-2,0.054885176620137824,4,1.0
MIR522,0.028667657663758603,4,0.75
MIR523,0.03509510491823277,4,1.0
MIR524,0.025563932944297582,2,1.0
MIR525,0.04649940411339491,4,1.0
MIR526A1,0.03287811557560112,4,0.75
MIR526A2,0.04331276174201463,4,0.75
MIR526B,0.04146859108344535,5,0.8
MIR527,0.03882140261660246,3,1.0
MIR539,0.02886861887558443,10,0.9
MIR541,0.019016357608947407,6,1.0
MIR542,0.046584281431998636,4,1.0
MIR543,0.028754546217219963,8,0.875
MIR545,0.043467171838685946,3,0.6666666666666666
MIR548A1,0.03345892679762902,1,0.0
MIR548B,0.011742646139436744,3,0.3333333333333333
MIR548C,-0.0018165545466761052,4,0.0
MIR548D1,0.05141725062180602,1,1.0
MIR548D2,0.04879333185654929,3,1.0
MIR548F1,0.01931073769262806,2,0.5
MIR548F2,0.09321058892149486,1,1.0
MIR548F3,0.039566283336171584,4,0.5
MIR548F5,0.022838130748880622,2,0.5
MIR548G,0.007923038363584637,3,0.3333333333333333
MIR548H3,0.04302588340044955,2,1.0
MIR548I1,0.05256048051616144,1,1.0
MIR548I2,0.0454662853774828,3,1.0
MIR548I3,0.07753886596882434,1,1.0
MIR548I4,0.0171806605269136,3,0.3333333333333333
MIR548J,0.021509648216942855,5,0.6
MIR548K,0.010954525497264592,3,0.6666666666666666
MIR548N,0.023897637174998616,3,0.6666666666666666
MIR548Q,0.028247373992911218,2,0.5
MIR549,0.013788137884791973,5,0.8
MIR550-1,0.07456019781343762,1,1.0
MIR550-2,0.0657628486372721,3,1.0
MIR551A,0.022283050582443776,5,0.6
MIR551B,0.0242578204467241,2,0.5
MIR553,0.013018206011411793,1,1.0
MIR554,0.031091156274535448,3,1.0
MIR555,0.00894057359788596,5,0.6
MIR556,0.05477814478813148,1,1.0
MIR557,-0.005329920483597227,4,1.0
MIR558,0.018553597748283357,1,0.0
MIR559,0.040177433783792224,4,0.75
MIR563,0.040657892204320055,4,0.75
MIR564,0.009593467146171358,8,0.625
MIR567,0.04703547647815748,3,1.0
MIR568,-0.015850867954225623,5,0.0
MIR569,-0.008562949175779488,3,0.0
MIR570,0.004215366253549166,3,0.3333333333333333
MIR572,-0.038846505997959045,5,0.8
MIR573,-0.001676236372768758,4,0.5
MIR574,0.015739970342271887,12,0.8333333333333334
MIR575,0.024872563262235792,7,0.8571428571428571
MIR577,0.005944812295988644,1,0.0
MIR578,0.007810173822513505,2,0.5
MIR580,0.022963713794098894,2,0.5
MIR581,-0.007810585186461383,1,0.0
MIR583,0.013923973665594058,2,0.5
MIR585,0.049692497330618944,4,1.0
MIR589,0.0016020072588221039,10,0.9
MIR590,0.018158523741440044,4,0.75
MIR591,-0.009933696475230605,3,0.0
MIR592,0.04166204111521519,3,1.0
MIR593,0.02756098597848645,5,1.0
MIR595,0.029212592554539535,4,0.75
MIR596,0.013852182936088447,12,0.8333333333333334
MIR597,-0.0033070439780679695,1,0.0
MIR598,0.04649219620143985,4,1.0
MIR599,-0.0032294984256927284,2,0.0
MIR600,0.005124789112057396,4,0.5
MIR601,0.029226394276461787,3,1.0
MIR602,0.014833329365763278,3,1.0
MIR603,0.03998540621316171,1,1.0
MIR604,0.04989553778909329,4,1.0
MIR605,0.039020201052041625,1,1.0
MIR608,0.01405188212594835,2,0.5
MIR609,0.03097540026204518,7,0.8571428571428571
MIR611,0.016006983082914785,13,0.8461538461538461
MIR612,0.015036683998458741,4,0.5
MIR613,0.037367971563859126,1,1.0
MIR614,0.03015316944975281,3,1.0
MIR617,0.023035295323701577,3,0.6666666666666666
MIR618,0.026489841826231326,4,0.75
MIR620,-0.0818559701965665,3,0.3333333333333333
MIR621,0.005243817739632811,2,0.0
MIR623,-0.00048566521266259904,4,1.0
MIR624,0.022294091182930503,3,1.0
MIR626,-0.03181482533450741,2,0.5
MIR627,0.04266856343736125,1,1.0
MIR628,0.001350719683261059,3,0.0
MIR629,0.020079856052100234,4,0.75
MIR631,0.03897928152589851,7,1.0
MIR632,0.028275450849783487,8,0.5
MIR634,0.009474433950295347,5,1.0
MIR635,0.016354707335675372,6,0.6666666666666666
MIR636,0.007900193032746344,19,0.6842105263157895
MIR637,0.04242949925699541,9,1.0
MIR638,0.020293913330464746,13,1.0
MIR639,0.018369353932705675,10,0.6
MIR641,0.031553185620903486,4,0.75
MIR642,0.05080978469933114,5,1.0
MIR643,0.025024067811051376,5,0.8
MIR644,0.011753402089323794,1,0.0
MIR645,0.03784430554180008,5,1.0
MIR647,0.012356266455977418,6,0.6666666666666666
MIR648,0.016452763962233274,3,0.6666666666666666
MIR651,0.05847662962699951,1,1.0
MIR653,0.0580855290277252,3,1.0
MIR654,0.03343752572672059,13,0.9230769230769231
MIR655,0.030538662621999235,6,0.8333333333333334
MIR656,0.023411645942022025,21,0.8571428571428571
MIR657,0.020548602631788204,12,0.6666666666666666
MIR658,0.025133105486951687,9,0.7777777777777778
MIR659,0.02628858803968198,4,0.75
MIR660,0.03373181908577132,4,0.75
MIR661,0.009897534165591079,10,1.0
MIR662,0.02095097408305555,6,0.6666666666666666
MIR663,0.029827809035687453,12,0.5
MIR663B,0.04129793875264853,10,0.9
MIR665,0.017413217608871673,5,0.8
MIR668,0.03077249987895956,11,0.9090909090909091
MIR670,0.050383848442202284,6,1.0
MIR671,0.04375542398190043,6,1.0
MIR675,0.023812912912278526,15,1.0
MIR7-2,0.016139490761149653,6,0.6666666666666666
MIR7-3,0.025172025258553957,12,0.9166666666666666
MIR708,0.02229542387041035,4,1.0
MIR711,0.023055607439072617,4,0.75
MIR718,0.04101866846635449,5,1.0
MIR744,-0.11654102364423063,2,0.5
MIR758,0.04293074244015537,11,0.9090909090909091
MIR759,0.04025346689447862,2,1.0
MIR760,0.011167933580669824,9,0.6666666666666666
MIR761,0.0026150693223714327,2,0.5
MIR762,0.020837769757892304,9,0.7777777777777778
MIR764,0.033162262159287526,3,0.6666666666666666
MIR765,0.04713863079455366,4,1.0
MIR766,0.04074678115263043,4,1.0
MIR767,0.044118069349677415,2,1.0
MIR769,0.02160213722660546,7,0.8571428571428571
MIR770,0.04606900490542663,5,1.0
MIR802,-0.052149633197198036,3,1.0
MIR874,0.04272974827823206,6,0.8333333333333334
MIR875,-0.0032294984256927284,2,0.0
MIR877,-0.04944039217708426,6,0.8333333333333334
MIR885,0.03415397571130793,9,0.7777777777777778
MIR886,0.02060479497022723,9,0.6666666666666666
MIR888,0.05492108432700709,3,1.0
MIR889,0.02968451895754708,6,1.0
MIR890,0.06303267669861444,4,1.0
MIR891A,0.08697684087949914,2,1.0
MIR891B,0.058086642726518756,1,1.0
MIR892A,0.04273618404367643,3,1.0
MIR892B,0.03976041391823448,3,1.0
MIR9-1,0.02904082009797434,8,1.0
MIR9-3,0.03209449724822568,7,0.8571428571428571
MIR920,0.0056687579178649194,1,0.0
MIR921,0.04176406357966375,6,1.0
MIR922,0.01987588455294187,9,0.6666666666666666
MIR92A1,-0.006685937501131764,4,0.5
MIR92A2,0.05188585507995541,3,1.0
MIR92B,0.014675215554798789,8,0.5
MIR93,0.031039613213474804,12,0.8333333333333334
MIR933,0.01286608510551221,14,0.6428571428571429
MIR934,0.020553394867998,5,0.8
MIR935,0.009213155262481985,7,0.7142857142857143
MIR937,0.04699550171502741,5,1.0
MIR938,-0.013806448504779321,4,0.75
MIR939,0.02273574560520935,9,0.7777777777777778
MIR940,0.030162971476579557,5,1.0
MIR941-1,0.00938784313673862,9,0.7777777777777778
MIR941-2,0.010602188708949054,9,0.7777777777777778
MIR941-3,0.010602188708949054,9,0.7777777777777778
MIR942,0.018434735759534603,5,0.8
MIR943,0.022612505437685483,8,0.75
MIR944,0.02776976367951096,3,0.3333333333333333
MIR96,0.0265638945107188,14,0.8571428571428571
MIR98,0.032233313027377516,4,1.0
MIR99A,0.04957131497974049,1,1.0
MIR99B,0.044076719341229385,3,1.0
MIRLET7A1,0.06762520554876475,1,1.0
MIRLET7A2,0.01648331646887243,3,0.0
MIRLET7A3,-0.01714362072376843,9,0.7777777777777778
MIRLET7B,-0.0022997452176004144,11,0.7272727272727273
MIRLET7C,0.032179534877987276,4,0.5
MIRLET7D,0.03402127031411567,1,1.0
MIRLET7E,0.033797487810941565,4,0.75
MIRLET7F2,0.03786682238906915,3,1.0
MIRLET7G,0.040408043478550336,3,0.6666666666666666
MIRLET7I,0.019217240905194128,9,0.6666666666666666
MIS12,0.021865245555510025,16,0.6875
MITD1,0.013990699423995702,13,0.6923076923076923
MITF,0.030412553754310165,25,0.72
MIXL1,0.013987997970466187,10,0.7
MKI67,0.016417363816907095,10,0.5
MKI67IP,0.008730006172798037,11,0.5454545454545454
MKKS,0.023497924677929372,24,0.7083333333333334
MKL1,0.011775385270076434,16,0.625
MKL2,0.014303255515145392,18,0.6111111111111112
MKLN1,0.0129879585595931,25,0.88
MKNK1,0.0195212086581699,14,0.7142857142857143
MKNK2,0.01681113418961586,9,0.8888888888888888
MKRN1,0.027688588321026386,7,0.7142857142857143
MKRN2,0.025463996456163224,9,0.8888888888888888
MKRN3,0.04644260294424047,11,0.7272727272727273
MKS1,-0.014906380314871452,15,0.7333333333333333
MKX,0.018963360529307506,28,0.6071428571428571
MLANA,0.027959614936261312,3,0.6666666666666666
MLC1,0.03229727656967559,14,0.8571428571428571
MLEC,0.014944523458202411,10,0.4
MLF1,0.019892587647027303,13,0.6923076923076923
MLF1IP,0.007523478738962636,10,0.4
MLF2,0.014018794765401247,15,0.6
MLH1,0.0185417269922792,48,0.7083333333333334
MLH3,0.019674777854324407,8,0.875
MLKL,0.01718434090715654,11,0.36363636363636365
MLL,0.011436050606464366,11,0.6363636363636364
MLL2,0.029824420915302234,4,1.0
MLL3,0.011572730967202417,6,0.8333333333333334
MLL4,0.030145282584818238,4,0.75
MLL5,0.014465286413087013,19,0.7894736842105263
MLLT1,0.004381192186013323,3,0.3333333333333333
MLLT10,0.028367916199749342,13,0.6153846153846154
MLLT11,0.011040400107032331,19,0.7894736842105263
MLLT3,0.030593763202686766,3,1.0
MLLT4,0.033295822331284766,5,0.4
MLLT6,0.014050777038465126,9,0.7777777777777778
MLN,0.033849080839304053,8,1.0
MLNR,0.03271484127554915,8,1.0
MLPH,0.021296973731387718,11,0.8181818181818182
MLST8,0.00890249735430681,9,0.8888888888888888
MLX,0.015448575918819046,10,0.9
MLXIP,0.01175618005663212,3,0.6666666666666666
MLXIPL,0.018186403508317205,10,0.9
MLYCD,0.02529593495559921,4,1.0
MMAA,0.03263705818925556,10,0.9
MMAB,0.01758551545126916,18,0.8888888888888888
MMACHC,0.01963731449073911,12,0.75
MMADHC,0.021021138397384835,8,0.875
MMD,0.017405511415811356,6,0.5
MMD2,0.03366474080275071,4,0.75
MME,0.020501555074371028,17,0.6470588235294118
MMEL1,0.03848380055592136,10,0.9
MMGT1,0.027519454660978104,5,0.6
MMP1,0.005044990584237902,5,0.4
MMP10,0.02927457857530158,1,1.0
MMP11,0.007840260625283748,8,0.75
MMP12,0.0390913110684454,5,0.8
MMP13,-0.03549369936836495,7,0.42857142857142855
MMP14,0.029113677808728304,7,1.0
MMP15,0.014846155486927769,15,0.8
MMP16,0.030171819487853885,12,0.9166666666666666
MMP17,0.013064639844591884,9,0.6666666666666666
MMP19,0.047970458688367044,5,1.0
MMP2,0.01072839636119398,13,0.5384615384615384
MMP20,-0.02727956899947878,4,1.0
MMP21,0.04264143993809004,10,1.0
MMP23A,0.007115606997923099,10,0.7
MMP23B,0.004088358360267768,7,0.8571428571428571
MMP24,0.06016427937884907,2,0.5
MMP25,0.010068921757007486,11,0.7272727272727273
MMP26,0.03897773719522437,5,0.6
MMP27,0.042787265923211325,4,0.75
MMP28,0.013982895295546447,10,0.8
MMP3,-0.19489265725828098,5,1.0
MMP7,-0.02968923767883729,6,0.6666666666666666
MMP9,0.028819231487526287,4,1.0
MMRN1,0.02871216880939324,3,0.6666666666666666
MMRN2,0.032555201434204865,9,1.0
MMS19,0.023658870871808457,14,0.8571428571428571
MN1,0.023204680168541124,17,0.8823529411764706
MNAT1,0.033999680809220355,6,0.8333333333333334
MND1,0.01997835367272973,5,0.6
MNDA,0.0481084062564196,3,1.0
MNS1,0.021101660145282388,12,0.6666666666666666
MNT,0.016599762321832724,10,0.9
MNX1,0.020379209488491087,16,0.9375
MOAP1,0.010720277872290141,13,0.8461538461538461
MOBKL1A,0.012449471369836727,6,0.5
MOBKL1B,0.015749812942143247,9,0.5555555555555556
MOBKL2A,0.02449274907822639,26,0.7307692307692307
MOBKL2B,0.022688852914115484,10,0.6
MOBKL2C,0.024797264200692462,12,0.8333333333333334
MOBKL3,0.0157838440322372,24,0.625
MOBP,0.0686467880509772,9,1.0
MOCOS,0.022519210214875404,7,0.8571428571428571
MOCS1,0.03699097556734947,15,1.0
MOCS2,0.016719588885670034,15,0.6666666666666666
MOCS3,0.02593058194910032,17,0.7647058823529411
MOG,0.0359506710742685,8,0.75
MOGAT1,0.01916917837416144,8,0.75
MOGAT2,0.04141733349984337,6,0.8333333333333334
MOGAT3,0.024213051571357242,9,0.7777777777777778
MOGS,0.01361074669095009,13,0.6923076923076923
MON1A,0.015563822571557055,11,0.6363636363636364
MON1B,0.029615415823103397,10,0.9
MON2,0.023684844754860466,11,0.7272727272727273
MORC1,0.01373932759121343,10,0.9
MORC2,0.02323432261606712,12,0.8333333333333334
MORC3,0.016254172857612173,10,0.7
MORC4,0.029071797227606794,9,0.7777777777777778
MORF4,0.05394912812476486,4,1.0
MORF4L1,0.01482181617660234,9,0.6666666666666666
MORF4L2,0.041783503023758446,14,0.8571428571428571
MORG1,0.024086083186712147,30,0.8333333333333334
MORN1,0.01656303708120337,12,0.8333333333333334
MORN2,0.017862340772915087,12,1.0
MORN3,0.035093725882426166,4,0.5
MORN4,0.01855884004883649,16,0.6875
MORN5,0.02497744766598155,5,0.8
MOS,0.021112619346394707,7,0.8571428571428571
MOSC1,0.014241096683423918,10,0.8
MOSC2,0.006341420329440538,12,0.4166666666666667
MOSPD1,0.03632208968161115,13,0.8461538461538461
MOSPD2,0.021400338365822273,10,0.7
MOSPD3,0.020385204431791072,20,0.75
MOV10,0.018835538210376493,8,0.625
MOV10L1,0.014662699625039894,21,0.7619047619047619
MOXD1,0.015036599827690681,10,0.7
MOXD2,0.05378764315887045,4,1.0
MPDU1,0.014770436582879666,12,0.8333333333333334
MPDZ,0.021054523713482348,2,1.0
MPEG1,0.050072242102872255,7,0.7142857142857143
MPG,0.019800746687919077,16,0.75
MPHOSPH10,0.019123755101452092,15,0.8666666666666667
MPHOSPH6,0.0141232074656446,10,0.7
MPHOSPH8,0.022225028848595264,11,0.6363636363636364
MPHOSPH9,-0.1427410893169021,4,0.5
MPI,0.015475237638924647,7,0.8571428571428571
MPL,0.06196818750611988,3,1.0
MPND,0.021146866915675716,6,0.8333333333333334
MPO,0.041195652913572384,3,1.0
MPP1,0.03786976074230131,12,0.75
MPP2,0.019737368355355348,13,1.0
MPP3,0.031792012515075165,11,0.9090909090909091
MPP4,0.035625888378245624,5,1.0
MPP5,0.020858847776125167,15,0.7333333333333333
MPP6,0.017957187881569425,10,0.5
MPP7,0.029716132122224424,8,0.625
MPPE1,0.016364956260844745,15,0.6666666666666666
MPPED1,0.036417592633476686,18,0.8333333333333334
MPPED2,0.02372845844412671,26,0.7692307692307693
MPRIP,0.03073551535437997,6,1.0
MPST,0.025765005919309768,9,0.8888888888888888
MPV17,0.011344826322820363,8,0.625
MPV17L,0.010523273403889496,9,0.5555555555555556
MPV17L2,0.014623080609199897,12,0.6666666666666666
MPZ,0.03504273439585595,3,0.6666666666666666
MPZL1,0.011134700947737783,14,0.5714285714285714
MPZL2,0.02789549572531247,10,0.8
MPZL3,0.01946111285011563,9,0.6666666666666666
MR1,0.033845646274039666,6,0.8333333333333334
MRAP,0.05898083561929916,5,0.8
MRAP2,0.03216432530216613,16,0.9375
MRAS,0.016150219885092146,17,0.6470588235294118
MRC2,0.012780168500742355,8,0.5
MRE11A,0.017144207078426732,16,0.75
MREG,0.01967261005681198,11,0.8181818181818182
MRFAP1,0.01844971399098252,11,0.8181818181818182
MRFAP1L1,0.018834184991136493,10,0.7
MRGPRD,0.0372217488883688,10,0.9
MRGPRE,0.021818214222732106,19,0.6842105263157895
MRGPRF,0.025046996423088923,21,0.6666666666666666
MRGPRG,0.035521888166668444,10,1.0
MRGPRX1,0.056275668981616775,5,1.0
MRGPRX2,0.051309026058197905,4,1.0
MRGPRX3,0.03365674957572214,4,1.0
MRGPRX4,0.04546524868614904,6,0.8333333333333334
MRI1,0.01278826098430123,13,0.8461538461538461
MRM1,0.022928458827125332,11,1.0
MRO,0.02409525519246106,11,0.9090909090909091
MRP63,0.01844461403647957,13,0.8461538461538461
MRPL1,0.034367842480252354,7,1.0
MRPL10,0.016944687685687045,7,0.8571428571428571
MRPL11,0.019204144736592724,10,0.9
MRPL12,0.0061043901312487344,13,0.38461538461538464
MRPL13,0.019605731485943266,13,0.7692307692307693
MRPL14,0.035414492821804075,10,0.9
MRPL15,0.015911380514254926,11,0.7272727272727273
MRPL16,0.01790333268662175,9,0.7777777777777778
MRPL17,0.018095451116941056,13,0.8461538461538461
MRPL18,0.019799906687264696,18,0.7222222222222222
MRPL19,0.02816083253704505,10,0.9
MRPL2,-0.0140758602195565,16,0.75
MRPL20,0.01484182452158333,10,0.5
MRPL21,0.02153371331550216,18,0.8333333333333334
MRPL22,0.026114708863557785,9,0.8888888888888888
MRPL23,0.015276438907378063,7,0.7142857142857143
MRPL24,0.030100510203409047,11,1.0
MRPL27,0.014075564442418233,11,0.9090909090909091
MRPL28,0.019881244183043333,8,0.5
MRPL3,0.0227071742774391,9,0.6666666666666666
MRPL30,0.010931440870503972,15,0.6666666666666666
MRPL32,0.014166731065654066,13,0.6153846153846154
MRPL33,0.013895919256804347,11,0.9090909090909091
MRPL34,0.021425011999280586,11,0.9090909090909091
MRPL35,0.022511024984746452,4,0.75
MRPL36,0.022327381309702073,19,0.7894736842105263
MRPL37,0.017359005834042113,16,0.9375
MRPL38,0.025423488476821455,5,0.8
MRPL39,0.016872818947641675,6,1.0
MRPL4,0.026751303644657432,11,0.8181818181818182
MRPL40,0.008681340685523084,10,0.4
MRPL41,0.009886903386498867,4,0.75
MRPL42,0.02907383491856384,9,0.8888888888888888
MRPL42P5,0.0011494832169461622,2,0.5
MRPL43,0.01194500742160618,14,0.5714285714285714
MRPL44,-0.005134771701177794,8,0.75
MRPL45,0.041839253605866544,6,0.8333333333333334
MRPL46,0.020291212513267605,16,0.75
MRPL47,0.018292238464804884,14,0.6428571428571429
MRPL48,0.02545125553419361,6,0.5
MRPL49,0.014626956643001482,15,0.7333333333333333
MRPL50,0.025886490005758465,6,1.0
MRPL51,0.021722383464992816,12,0.9166666666666666
MRPL52,0.02352852231091927,14,0.9285714285714286
MRPL53,0.024748106846090207,8,0.75
MRPL54,0.023683082409466445,14,0.7857142857142857
MRPL55,0.014301808348270661,12,0.8333333333333334
MRPL9,0.012451938632104937,10,0.6
MRPS10,0.027217470464164988,10,0.8
MRPS11,0.024208257612221975,13,0.8461538461538461
MRPS12,0.014380023547836263,19,0.8421052631578947
MRPS14,0.02403852405609916,9,0.6666666666666666
MRPS15,0.01589325249327051,10,0.8
MRPS16,0.02777794368053759,13,1.0
MRPS17,0.009395910732670378,13,0.6153846153846154
MRPS18A,0.023644592743308573,8,0.875
MRPS18B,0.020548716049534788,34,0.8529411764705882
MRPS18C,0.02101509695695037,13,0.8461538461538461
MRPS2,0.022689434988847068,4,1.0
MRPS21,0.020356445799601504,14,0.7142857142857143
MRPS22,0.02262560223085816,9,0.8888888888888888
MRPS23,0.02436136085961461,10,0.8
MRPS24,0.01245653688775052,11,1.0
MRPS25,0.032313308048841444,5,1.0
MRPS26,0.011480810507417224,9,0.7777777777777778
MRPS27,0.018740745796249233,12,0.9166666666666666
MRPS28,0.03097217896156537,8,0.875
MRPS30,0.015045652506743862,10,0.8
MRPS31,0.024445043322395856,11,0.8181818181818182
MRPS33,0.02304933612793236,16,0.875
MRPS34,0.008575845031993382,8,0.75
MRPS35,0.022722914986335153,10,0.6
MRPS36,0.014847410604672772,5,0.6
MRPS5,0.01894044578987329,10,0.9
MRPS6,-0.017732449699066573,10,0.8
MRPS7,0.014293348501269574,13,0.8461538461538461
MRPS9,0.022291940561090413,10,0.8
MRRF,0.029339746722593363,11,0.9090909090909091
MRS2,0.02220207105362835,10,0.8
MRS2P2,0.014118461488974665,3,0.6666666666666666
MRTO4,0.022040303616208567,15,0.8
MRVI1,0.008431570715213617,25,0.68
MS4A1,0.046259120746409664,3,1.0
MS4A10,0.03417546462610669,7,0.7142857142857143
MS4A12,0.02783095275732557,4,0.75
MS4A13,0.038803303935048335,11,0.9090909090909091
MS4A14,0.0354562321801295,4,0.75
MS4A15,0.039115504273798625,15,0.9333333333333333
MS4A2,0.036139464665023616,2,1.0
MS4A3,0.04646494611419089,9,1.0
MS4A4A,0.0452562403619376,7,1.0
MS4A5,0.037537666802607284,4,0.5
MS4A6A,0.05004840982227251,8,1.0
MS4A6E,0.04380113222082504,5,0.8
MS4A7,0.04128433044212422,4,1.0
MS4A8B,0.041547924595839086,4,0.75
MSC,0.021429993305874983,16,0.6875
MSGN1,0.04150246644888987,6,0.8333333333333334
MSH2,0.012181222618953769,8,0.75
MSH3,0.015222422236329596,8,0.75
MSH4,0.029796315788860033,10,0.8
MSH5,0.017165245829025108,35,0.8
MSH6,0.014914508453420893,11,0.6363636363636364
MSI1,0.012843786974754034,5,0.4
MSI2,0.016370118306410147,14,0.6428571428571429
MSL1,0.019565138247692872,10,0.8
MSL2,0.019499878244281902,24,0.7083333333333334
MSL3,0.025324235611129342,20,0.65
MSL3L2,0.021907561140402442,5,0.6
MSLN,0.027717308688503264,16,0.8125
MSLNL,0.011775799935822067,10,0.7
MSMB,0.040196277226445795,5,0.8
MSMP,0.011360406688221006,3,0.6666666666666666
MSN,0.025017631239719847,8,0.75
MSR1,0.013793737237266282,6,0.3333333333333333
MSRA,0.02069565414255868,17,0.7058823529411765
MSRB2,0.030301900590043125,2,1.0
MSRB3,0.020663996988224683,15,0.4666666666666667
MST1,0.02057122527103164,14,0.7857142857142857
MST1P2,0.017615484774811157,9,0.8888888888888888
MST1P9,0.00681838779754123,4,0.75
MST1R,0.019817576862731695,14,0.7857142857142857
MST4,0.017785505241431472,13,0.6923076923076923
MSTN,0.003398106828993136,4,0.0
MSTO1,0.02214711059104619,9,0.5555555555555556
MSTO2P,0.02685130326728122,9,0.8888888888888888
MSX1,0.03191180210835211,30,0.8
MSX2,0.019053582620737555,13,0.7692307692307693
MSX2P1,0.041779272766181104,4,1.0
MT1A,0.017050129398265047,8,0.5
MT1B,0.047952438860782695,5,1.0
MT1DP,0.029102913998444304,9,0.8888888888888888
MT1E,0.02272806392073428,8,0.625
MT1F,0.012321147573428632,8,0.5
MT1G,0.02024007961634276,10,0.6
MT1H,0.026554139300718357,6,0.5
MT1IP,0.035593934314219866,1,1.0
MT1L,0.014304301214802815,6,0.6666666666666666
MT1M,0.0313959187603923,8,0.625
MT1X,0.017091563298082757,11,0.5454545454545454
MT2A,0.027320398256467572,9,0.8888888888888888
MT3,0.005847681381457021,9,0.5555555555555556
MT4,0.029899985695584608,2,0.5
MTA1,0.023004782111382127,12,0.75
MTA2,0.012183545420876483,11,0.6363636363636364
MTA3,0.023813432689170532,6,0.6666666666666666
MTAP,0.03895561647622964,2,1.0
MTBP,0.024729076529694933,12,0.9166666666666666
MTCH1,0.01574766768628381,8,0.625
MTCH2,0.02289539811321029,9,0.7777777777777778
MTCP1,0.017863619149207872,11,0.6363636363636364
MTCP1NB,0.01951770084315444,13,0.6923076923076923
MTDH,0.0120831617136188,10,0.6
MTERF,0.016498719733329174,11,0.6363636363636364
MTERFD1,0.01681370670135918,14,0.5714285714285714
MTERFD2,0.01283066314256292,7,0.2857142857142857
MTERFD3,0.011844800502666035,13,0.5384615384615384
MTF1,0.020968408512710736,11,0.8181818181818182
MTF2,0.018337810231476053,14,0.6428571428571429
MTFMT,0.018534360372786798,7,0.7142857142857143
MTFR1,0.026902360143799542,19,0.8947368421052632
MTG1,0.007054003749404333,6,0.5
MTHFD1,0.015471156295053086,11,0.7272727272727273
MTHFD1L,0.031458821717925085,9,0.7777777777777778
MTHFD2,0.01626227344766094,10,0.6
MTHFD2L,0.018059911577050173,11,0.45454545454545453
MTHFR,0.016173296140483767,19,0.7894736842105263
MTHFS,0.012651077049985882,5,0.6
MTHFSD,0.018969547115660828,16,0.75
MTIF2,0.02758984359587321,12,0.6666666666666666
MTIF3,0.02286950950418364,25,0.68
MTL5,0.00838209323025456,12,0.5
MTM1,0.03103228177680405,14,0.5
MTMR1,0.024862285870193783,9,0.8888888888888888
MTMR10,0.039948644706501446,5,1.0
MTMR11,0.03827427054240483,8,1.0
MTMR12,0.020946979639064105,10,0.7
MTMR14,0.012889550205055824,13,0.6153846153846154
MTMR15,0.02069946908515483,11,0.8181818181818182
MTMR2,0.020005927396585074,13,0.6923076923076923
MTMR3,0.0309920217965916,9,0.7777777777777778
MTMR4,0.016005240221167658,10,0.8
MTMR6,0.02120524839046428,7,0.5714285714285714
MTMR7,0.017358445953091044,10,0.9
MTMR8,0.02775365897766184,9,0.6666666666666666
MTMR9,0.02527184780993221,11,1.0
MTMR9L,0.02186796203678036,6,0.6666666666666666
MTNR1A,0.01247274928197235,11,0.6363636363636364
MTNR1B,0.020462954389291382,8,0.875
MTO1,0.01795432810291758,9,0.6666666666666666
MTOR,0.026331590370578313,13,0.8461538461538461
MTP18,0.02214279002443563,10,0.8
MTPAP,0.04362744857238352,7,1.0
MTPN,0.029582592746230995,6,0.8333333333333334
MTR,0.02019007290040407,15,0.7333333333333333
MTRF1,0.040974416840897455,9,0.6666666666666666
MTRF1L,0.020948386674536947,13,0.6923076923076923
MTRR,0.019811140213801925,16,0.75
MTSS1,0.037543797161954946,11,0.9090909090909091
MTSS1L,0.025303618717204823,8,0.875
MTTP,0.026445095199235283,18,0.6111111111111112
MTUS1,0.036914666070974655,21,0.7619047619047619
MTUS2,0.034693055326638994,12,1.0
MTVR2,0.02109361531144452,2,0.5
MTX1,0.021612465544035613,10,1.0
MTX2,0.014475522215576797,9,0.4444444444444444
MTX3,0.015222502265672523,9,0.7777777777777778
MUC1,-0.014849442407925581,9,0.5555555555555556
MUC12,0.023518230773527105,10,0.9
MUC13,0.029937595003850577,4,1.0
MUC15,0.0378478278178872,5,0.4
MUC16,0.05253543687658074,4,1.0
MUC17,0.038099961395892036,6,1.0
MUC2,0.03177270048388222,10,1.0
MUC20,0.03126175256849017,8,0.75
MUC21,0.0348587327175659,12,0.8333333333333334
MUC4,0.024544189123039444,10,1.0
MUC5B,0.03099487252760524,8,0.75
MUC6,0.006727978754453431,13,0.8461538461538461
MUC7,0.051616397194863564,5,1.0
MUCL1,0.04450754328820908,4,0.75
MUDENG,0.022949716169737937,14,0.7857142857142857
MUL1,0.017857157290058438,14,0.7857142857142857
MUM1,0.029400683122067846,16,0.875
MUM1L1,0.031149767940174322,1,0.0
MUPCDH,0.02741267453465261,8,0.75
MURC,0.018366619414545315,1,1.0
MUS81,0.020606392156472735,12,0.8333333333333334
MUSK,0.017135663750117103,2,0.5
MUSTN1,0.0452875271575843,8,1.0
MUT,0.02420242245994407,15,0.6666666666666666
MUTED,0.024025309773627084,9,0.6666666666666666
MUTYH,0.020989903782065424,20,0.85
MVD,0.015586367640990893,14,0.6428571428571429
MVK,0.017245325037999408,21,0.9047619047619048
MVP,0.010928898226209112,9,0.8888888888888888
MX1,0.02059546942804442,23,0.8695652173913043
MX2,0.043847988887965005,10,0.9
MXD1,0.021745833060186105,11,0.7272727272727273
MXD3,0.01699464420797431,12,0.75
MXD4,0.009295792202175222,12,0.5
MXI1,0.02237982877028933,29,0.8620689655172413
MXRA5,0.01601497075571228,16,0.75
MXRA7,0.0219503960405625,3,1.0
MXRA8,-0.004507123450137709,8,0.875
MYADM,-0.0013121798491674995,36,0.7222222222222222
MYADML,0.03768335935645511,5,0.8
MYADML2,0.026822987141307954,13,0.7692307692307693
MYB,0.024124734269045232,7,0.7142857142857143
MYBBP1A,0.019346437634492474,7,0.7142857142857143
MYBL1,0.016949879013379236,12,0.5
MYBL2,0.008404113376843627,6,0.6666666666666666
MYBPC1,0.06366409913829699,4,1.0
MYBPC2,0.017938751485728342,10,0.8
MYBPC3,0.039084917565584826,4,1.0
MYBPH,0.021531403636253832,8,0.875
MYBPHL,0.029348468709249103,7,1.0
MYC,0.01882684311554693,26,0.8461538461538461
MYCBP,0.02212302022205392,15,0.8666666666666667
MYCBP2,0.024254238964517706,9,0.8888888888888888
MYCBPAP,0.02259052219559931,9,0.8888888888888888
MYCL1,0.013368364264134725,14,0.7142857142857143
MYCN,0.021021579013609664,16,0.875
MYCNOS,0.02491595450320666,7,1.0
MYCT1,0.00649739048846365,1,0.0
MYD88,0.01996156627363627,14,0.7142857142857143
MYEF2,0.014757366523603118,8,0.5
MYEOV,0.021942359216858647,7,0.7142857142857143
MYEOV2,0.026339055311723186,27,0.7777777777777778
MYF5,0.045178879912844694,8,0.875
MYF6,0.04792646774803192,6,0.8333333333333334
MYH1,0.03605638905343919,5,0.6
MYH10,0.02111610568193261,18,0.6111111111111112
MYH11,0.030723200674208494,10,1.0
MYH13,0.015069728678971092,4,0.5
MYH14,0.023613546067351925,14,0.9285714285714286
MYH15,0.002432590372877075,2,0.0
MYH16,0.03625281478751896,6,1.0
MYH2,0.03020293469029701,6,0.8333333333333334
MYH3,0.011472667200507363,10,0.9
MYH4,0.05495466076401036,5,0.8
MYH6,0.04759214084715443,7,1.0
MYH7,0.048656304121549934,7,0.7142857142857143
MYH7B,0.04362152689556934,4,1.0
MYH8,0.031170054216276576,4,0.5
MYH9,0.034133461704522625,10,0.9
MYL1,0.03773234956153034,7,0.8571428571428571
MYL10,-0.0045363458986360005,6,1.0
MYL12A,0.01948206328969714,14,0.7857142857142857
MYL12B,0.010341127622430855,18,0.5555555555555556
MYL2,0.02179446811546859,8,0.75
MYL3,0.03695299377794196,3,0.6666666666666666
MYL4,0.037680995116530024,3,1.0
MYL5,0.04755938780403398,6,1.0
MYL6,0.018439411244318128,10,0.9
MYL6B,0.02684186704141945,15,1.0
MYL7,0.0351142589467763,6,1.0
MYL9,0.01568325372828569,10,0.6
MYLIP,0.015434969329580524,12,0.5
MYLK,-0.04248084371638523,25,0.72
MYLK2,0.037914194851049826,11,0.9090909090909091
MYLK3,0.029710697956406313,6,1.0
MYLK4,0.05413680943799834,6,1.0
MYLPF,0.037669516164247754,6,0.6666666666666666
MYNN,0.021061553800017143,10,0.8
MYO10,0.0068970327375550726,14,0.7857142857142857
MYO15A,0.04136254002826207,10,0.8
MYO15B,0.014118439873484632,10,0.8
MYO16,0.021151980307410858,7,0.7142857142857143
MYO18A,0.025547211238497073,21,0.7142857142857143
MYO18B,0.031873915477039966,9,0.8888888888888888
MYO19,0.019370538392418247,17,0.6470588235294118
MYO1A,0.038311022108875215,3,1.0
MYO1B,0.02639025843540457,17,0.7058823529411765
MYO1C,0.021416850065179887,26,0.8076923076923077
MYO1D,0.0242895069786797,6,1.0
MYO1E,0.02973338620667288,10,1.0
MYO1F,0.03234296534040438,8,0.875
MYO1G,-0.08126216299246548,7,0.8571428571428571
MYO1H,0.027004868743932965,8,0.75
MYO3A,0.027614041494427442,11,0.7272727272727273
MYO3B,-0.012495009710326216,2,0.5
MYO5A,0.014357647162160156,13,0.6923076923076923
MYO5B,0.014893736391765163,5,0.8
MYO5C,0.020985445606699363,8,0.375
MYO6,0.04129461610585986,5,0.8
MYO7A,0.01684699251267781,11,0.7272727272727273
MYO7B,0.01563851800707846,7,0.8571428571428571
MYO9A,0.02019158422917583,16,0.6875
MYO9B,0.010505832301630217,19,0.7894736842105263
MYOC,0.04363564165304051,5,0.8
MYOCD,0.022689428289378012,25,0.76
MYOD1,0.019172871114841245,8,0.75
MYOF,0.032021086120970176,10,0.6
MYOG,0.039654440178032296,11,0.8181818181818182
MYOM1,0.036116282736166606,7,1.0
MYOM2,0.008580648859100695,20,0.95
MYOM3,-0.003207092550659885,10,0.4
MYOT,0.043103629200979536,5,0.6
MYOZ1,0.037912318551798954,8,1.0
MYOZ2,-0.006281943478520254,3,0.6666666666666666
MYOZ3,0.045913755968632036,8,1.0
MYPN,-0.00791053978306773,4,0.0
MYPOP,0.018934967970530046,12,0.5833333333333334
MYRIP,0.013375272660176839,13,0.6153846153846154
MYSM1,0.01645321549369782,6,0.5
MYST1,0.01929254024814278,8,0.875
MYST2,0.02629602687941791,9,0.7777777777777778
MYST3,0.019043061000668625,10,0.7
MYST4,0.016416204011471012,18,0.7222222222222222
MYT1,0.040028900492277204,26,0.8846153846153846
MYT1L,0.03181888829867366,53,0.8679245283018868
MZF1,0.014595346311952391,21,0.7619047619047619
Magmas,0.01739813000777225,6,0.6666666666666666
N4BP1,0.01615684819277677,10,0.6
N4BP2,0.016043605405807234,22,0.6363636363636364
N4BP2L1,0.016598037161460025,13,0.7692307692307693
N4BP2L2,0.03640284351364844,12,0.9166666666666666
N4BP3,0.025123670959318858,11,0.7272727272727273
N6AMT1,0.03847974517946914,3,1.0
N6AMT2,0.017320957059642664,12,0.5833333333333334
NAA10,0.03521875791301484,5,0.8
NAA11,0.0327201367409027,10,1.0
NAA15,0.015473967217959999,13,0.7692307692307693
NAA16,0.021001607089703254,12,0.6666666666666666
NAA20,0.012657554792828186,17,0.6470588235294118
NAA25,0.015754316966545622,9,0.7777777777777778
NAA30,0.022945529576907663,12,0.6666666666666666
NAA35,0.03299340988710101,6,1.0
NAA38,0.016190274367592034,7,0.2857142857142857
NAA40,0.0014325921830971003,10,0.7
NAA50,0.02830272529333874,11,0.6363636363636364
NAAA,0.004473221326031154,8,0.375
NAALAD2,0.03087987571905097,10,0.9
NAALADL1,0.033776947711262696,5,0.8
NAB1,0.02185951226582163,12,0.75
NAB2,0.012927552243403499,12,0.5833333333333334
NACA,0.016963247087825078,13,0.6153846153846154
NACA2,0.02568854591149689,11,0.7272727272727273
NACAD,0.008104803873520585,7,0.7142857142857143
NACAP1,0.029788907447743346,7,0.5714285714285714
NACC1,0.014105241947209517,12,0.6666666666666666
NACC2,0.011675346288986355,25,0.96
NADK,0.018208172873600367,11,0.7272727272727273
NADSYN1,0.016396945072030104,15,0.8
NAE1,0.02066011258597701,8,0.75
NAF1,0.009963259652358067,12,0.5833333333333334
NAGA,0.01267502692481816,11,0.5454545454545454
NAGK,0.015067198717593424,12,0.8333333333333334
NAGLU,0.022211248160409855,15,0.6666666666666666
NAGPA,0.01720108126707935,9,0.8888888888888888
NAGS,0.006481808316041753,11,0.9090909090909091
NAIF1,0.030356457040404832,7,1.0
NAIP,0.010407501363167648,2,0.5
NALCN,0.018734765158897188,19,0.5789473684210527
NAMPT,0.015550494548808743,9,0.6666666666666666
NANOG,0.05329517681391471,5,0.8
NANOS1,0.03505233860673769,7,0.8571428571428571
NANOS2,0.037375699731289666,10,0.9
NANOS3,0.02445559098598791,8,0.75
NANP,0.008727348940630378,12,0.75
NANS,0.025785554954510348,3,1.0
NAP1L1,0.019553164714587797,13,0.46153846153846156
NAP1L2,0.03983169707497191,6,0.8333333333333334
NAP1L3,0.028145879156637292,13,0.6153846153846154
NAP1L4,0.01149298982427643,40,0.65
NAP1L5,0.024027355187234565,21,0.6190476190476191
NAP1L6,0.03821053903724022,3,1.0
NAPA,0.01395252953164112,13,0.8461538461538461
NAPB,0.009974177452943841,11,0.7272727272727273
NAPEPLD,0.016963958674238746,15,0.6666666666666666
NAPG,0.016765501024577724,10,0.8
NAPRT1,0.02213552386368461,9,0.7777777777777778
NAPSA,0.03142330596038133,4,1.0
NAPSB,0.04724616605720753,5,1.0
NARF,0.011876830974419132,19,0.631578947368421
NARFL,0.007724193169672019,5,0.6
NARG2,0.021232342412663377,12,0.8333333333333334
NARS,0.02086288573013265,10,0.9
NARS2,0.026203388541395457,10,0.7
NASP,0.023192755173403464,15,0.8666666666666667
NAT1,0.03844262888777782,15,0.8666666666666667
NAT10,0.02479789053209885,13,0.9230769230769231
NAT14,0.0029725987075409164,12,0.5833333333333334
NAT15,0.028311257930627894,33,0.8484848484848485
NAT2,0.031438044668707386,7,0.8571428571428571
NAT6,0.017583383628826537,16,0.875
NAT8,0.02766694977448561,8,1.0
NAT8B,0.034686958807333364,7,0.8571428571428571
NAT8L,0.0037496209945036413,9,0.6666666666666666
NAT9,0.009947873712888307,12,0.8333333333333334
NAV1,0.012980858090998804,22,0.7272727272727273
NAV2,0.007020319824839418,26,0.7307692307692307
NAV3,0.0014314644156112148,3,1.0
NBAS,0.02142144932537373,11,0.9090909090909091
NBEA,0.024453778088903352,9,0.6666666666666666
NBEAL1,0.0288960237978356,12,0.9166666666666666
NBEAL2,0.02123658705640106,11,1.0
NBL1,0.009505705323996963,16,0.8125
NBLA00301,0.02325972407930425,14,0.9285714285714286
NBN,0.04361774428775073,6,1.0
NBPF1,0.020203887386678245,14,0.6428571428571429
NBPF15,0.03356145809657919,4,0.75
NBPF16,0.05415353350202512,1,1.0
NBPF22P,0.05195205262111946,2,1.0
NBPF3,0.013588662092369592,13,0.5384615384615384
NBPF7,0.04116678491215719,4,0.75
NBR1,0.018860881905272086,22,0.6363636363636364
NBR2,0.020001190596784582,18,0.9444444444444444
NCALD,0.029584777505967035,36,0.8333333333333334
NCAM1,0.03306201971488708,12,0.8333333333333334
NCAM2,0.02799030825498525,11,0.7272727272727273
NCAN,0.017637501382678507,14,0.5
NCAPD2,0.027200394128165332,15,0.9333333333333333
NCAPD3,0.01774962769180095,18,0.8888888888888888
NCAPG,0.01598724781035323,12,0.5833333333333334
NCAPG2,0.017053958720074293,11,0.2727272727272727
NCAPH,0.026363739856735516,8,0.875
NCAPH2,0.010477867912362793,11,0.7272727272727273
NCBP1,0.025192823619620063,6,0.6666666666666666
NCBP2,0.013729283753249786,9,0.6666666666666666
NCCRP1,0.05080065602575659,6,1.0
NCDN,0.02069851836482996,16,0.9375
NCEH1,0.01683585511476083,24,0.9166666666666666
NCF1B,0.01614877572801862,2,0.5
NCF2,0.04515505860979531,4,1.0
NCF4,0.04031739553762141,6,0.8333333333333334
NCK1,0.012884568315802657,19,0.6842105263157895
NCK2,0.015012928915472776,34,0.8529411764705882
NCKAP1,0.031072860659498974,12,0.8333333333333334
NCKAP1L,0.03229456867489652,4,1.0
NCKAP5,0.0079663373462796,13,0.5384615384615384
NCKAP5L,0.010467741066081532,17,0.9411764705882353
NCKIPSD,0.01841815936333598,5,0.8
NCL,0.018103326572034114,12,0.75
NCLN,0.019157339361265107,8,0.875
NCOA1,0.013725580377976878,7,0.2857142857142857
NCOA2,0.013635775915048977,36,0.4722222222222222
NCOA3,0.012778424413727531,14,0.6428571428571429
NCOA4,0.03315276351137602,28,0.9642857142857143
NCOA5,0.022356796779858194,14,0.8571428571428571
NCOA6,0.026352525725519566,9,0.8888888888888888
NCOA7,0.024069202369430436,8,0.75
NCOR1,0.015636112936875734,10,0.6
NCOR2,0.01104271212771796,45,0.7777777777777778
NCR1,0.039041650578039114,7,0.8571428571428571
NCR2,0.0333251364836069,6,1.0
NCR3,0.029465319017797104,6,1.0
NCRNA00028,0.03056838003320753,8,0.625
NCRNA00029,0.028151857165704796,6,0.8333333333333334
NCRNA00051,0.04198395036527096,5,1.0
NCRNA00052,0.03634637997279147,2,1.0
NCRNA00081,0.025014742046714666,14,0.6428571428571429
NCRNA00085,0.032423369336805855,5,0.8
NCRNA00086,0.03406945615760422,9,1.0
NCRNA00087,0.01844804632849877,6,0.5
NCRNA00092,0.03055311036868721,7,0.7142857142857143
NCRNA00093,-0.007241923344692841,4,0.75
NCRNA00094,0.041416988686479514,2,1.0
NCRNA00095,0.019740032702000244,10,1.0
NCRNA00099,0.04691783519461165,2,0.5
NCRNA00110,0.04032294927701985,2,1.0
NCRNA00111,0.03147939572781155,7,1.0
NCRNA00112,0.04598481298128344,7,1.0
NCRNA00113,0.02144730200839501,1,0.0
NCRNA00114,0.004218942314074694,15,0.9333333333333333
NCRNA00115,0.002390044466444883,5,0.4
NCRNA00119,0.013055705396322849,6,0.6666666666666666
NCRNA00120,0.023840406429963438,12,0.75
NCRNA00157,0.05904111661471684,2,1.0
NCRNA00159,0.05932140373868346,4,1.0
NCRNA00160,0.032537439460919124,5,0.8
NCRNA00161,0.08932637374073543,2,1.0
NCRNA00162,0.05178764602450187,6,1.0
NCRNA00164,0.03467155835222401,11,0.8181818181818182
NCRNA00167,0.01828000102068134,4,0.75
NCRNA00169,0.027240944429201108,5,0.8
NCRNA00171,0.022845479669526776,29,0.6551724137931034
NCRNA00173,0.0274689882575216,9,0.8888888888888888
NCRNA00174,0.030059087894989192,4,1.0
NCRNA00175,0.023199179367454446,9,0.7777777777777778
NCRNA00176,0.04568588222817456,5,1.0
NCRNA00181,0.027055936158148886,4,0.25
NCRNA00182,0.027298572356357475,5,0.8
NCRNA00185,-0.023758200558235965,1,1.0
NCRNA00188,0.017769915754965795,9,0.7777777777777778
NCRNA00189,0.05851190052512725,3,1.0
NCRNA00200,0.02969110337395854,9,0.7777777777777778
NCRNA00201,0.009109605319902014,2,0.0
NCRNA00202,0.023274215934226752,4,0.5
NCRNA00203,0.05377240472295683,4,1.0
NCRNA00207,0.019022809351307023,5,0.6
NCRNA00219,0.00894992470632664,5,0.8
NCRUPAR,0.03479387993584665,1,1.0
NCSTN,0.017541168732544136,15,0.7333333333333333
NDC80,0.03024529182042036,19,0.8947368421052632
NDE1,0.01962035081669886,19,0.7894736842105263
NDEL1,0.017268745499384893,14,0.9285714285714286
NDFIP1,0.01893282544612882,8,0.75
NDFIP2,0.020792236083311388,11,0.5454545454545454
NDN,0.042830320726178796,15,0.9333333333333333
NDNL2,0.02339648995897043,10,0.7
NDOR1,0.017501372606948593,2,1.0
NDP,0.03131170818600013,6,0.6666666666666666
NDRG1,-0.005590849870887521,15,0.7333333333333333
NDRG2,0.017532881239946233,14,0.8571428571428571
NDRG3,0.024034806180560392,9,0.8888888888888888
NDRG4,0.019045394791604307,25,0.76
NDST1,-0.04228816936930701,13,0.8461538461538461
NDST2,0.014506557273504726,8,0.625
NDST3,0.03760701908195897,7,0.2857142857142857
NDST4,0.04872850365381035,4,0.75
NDUFA1,0.03536246591608599,12,0.8333333333333334
NDUFA10,0.01841859773847319,7,0.8571428571428571
NDUFA11,0.018296671711161377,13,0.8461538461538461
NDUFA12,0.01813252253017018,10,0.9
NDUFA13,0.026117400408210714,16,0.75
NDUFA2,0.02453811634189081,9,0.8888888888888888
NDUFA3,0.015067750378671986,11,0.8181818181818182
NDUFA4,0.02904781423233985,11,1.0
NDUFA4L2,0.01284470953375783,21,0.8095238095238095
NDUFA5,0.05291460807540889,5,0.6
NDUFA6,0.01846733148888006,12,0.9166666666666666
NDUFA7,0.017325655780184763,9,0.7777777777777778
NDUFA8,0.029054385230482187,3,0.6666666666666666
NDUFA9,0.022571363763597124,7,0.7142857142857143
NDUFAB1,0.022057013184031752,8,0.75
NDUFAF1,0.021738416721980094,8,0.75
NDUFAF2,0.02621851593033218,12,0.8333333333333334
NDUFAF3,0.02519350902276363,24,0.8333333333333334
NDUFAF4,0.021639665807564393,12,0.6666666666666666
NDUFB1,0.0169728061880728,8,0.75
NDUFB10,0.013733102647804873,7,0.7142857142857143
NDUFB11,0.020841886094508065,18,0.7222222222222222
NDUFB2,0.02124285789150766,10,0.9
NDUFB3,0.028658097031013775,16,0.625
NDUFB4,0.029002728389407748,8,0.75
NDUFB5,0.015381457102167345,10,0.7
NDUFB6,0.033907976074805474,4,0.75
NDUFB7,0.016156202256311095,9,0.6666666666666666
NDUFB8,0.02550986630841694,7,0.7142857142857143
NDUFB9,0.017432877159417385,15,0.5333333333333333
NDUFC1,0.017627761041614273,8,0.75
NDUFC2,0.021715403523836302,12,0.6666666666666666
NDUFS1,0.017192667132365995,20,0.85
NDUFS2,0.02320098216379312,21,0.7142857142857143
NDUFS3,0.014704881331604898,14,0.7142857142857143
NDUFS4,0.01882485977703645,8,0.375
NDUFS5,0.0022155482067332272,13,0.7692307692307693
NDUFS6,0.022859632454861445,17,0.8235294117647058
NDUFS7,0.014531706960154168,9,0.7777777777777778
NDUFS8,0.01602979391395555,14,0.7857142857142857
NDUFV1,0.02231049417627227,11,0.8181818181818182
NDUFV2,0.018198154658767608,8,0.875
NDUFV3,0.01790885142551383,10,0.6
NEAT1,0.0138227126875713,13,0.9230769230769231
NEB,0.01442939726307002,4,0.0
NEBL,0.022420267187585153,9,0.4444444444444444
NECAB1,0.03204445145006124,8,1.0
NECAB2,0.006384823816407453,4,0.5
NECAB3,0.018810397088407965,6,0.5
NECAP1,0.02571630063117262,11,0.9090909090909091
NECAP2,0.021187317000775214,10,0.7
NEDD1,0.025240243449994402,18,0.6666666666666666
NEDD4,0.020723329478427907,8,0.625
NEDD4L,0.02442830694449398,43,0.7674418604651163
NEDD8,0.022795706239744255,15,0.9333333333333333
NEDD9,0.03004753751886021,19,0.8947368421052632
NEFH,0.0288496497835914,10,1.0
NEFL,0.02928296521451315,12,0.9166666666666666
NEFM,0.013606437353151332,20,0.7
NEGR1,0.03367080809092919,11,0.7272727272727273
NEIL1,0.027092209097819984,9,0.8888888888888888
NEIL2,0.030658624951541785,16,0.9375
NEIL3,0.019801827064433442,12,0.5
NEK1,0.01826547845704016,11,0.6363636363636364
NEK10,0.011746731876276532,12,0.5
NEK11,0.011477415131354324,13,0.6153846153846154
NEK2,0.029638571424830593,11,1.0
NEK3,0.014214783824978212,17,0.7058823529411765
NEK4,0.017219683882968326,9,0.7777777777777778
NEK5,0.023302220497362535,14,0.7142857142857143
NEK6,0.018291889807878756,18,0.7777777777777778
NEK7,0.01144281053206252,20,0.55
NEK8,0.005902568175527518,8,0.625
NEK9,0.009713795968106318,14,0.6428571428571429
NELF,0.02914879975209351,4,0.75
NELL1,0.015561550168920107,11,0.8181818181818182
NELL2,0.03006244463830344,30,0.7666666666666667
NENF,0.03520205059557892,5,1.0
NEO1,0.012856189875110011,6,0.6666666666666666
NES,0.014380123418555293,13,0.9230769230769231
NET1,0.023594852377418214,18,0.5555555555555556
NETO1,0.025714385698771845,10,0.8
NETO2,0.011987982122653793,9,0.5555555555555556
NEU1,0.020320381291890156,37,0.8648648648648649
NEU2,0.017194003518839644,7,0.7142857142857143
NEU3,0.016432050492050057,12,0.5833333333333334
NEU4,0.034603360338795665,21,0.9047619047619048
NEURL,0.015447995765632739,12,0.6666666666666666
NEURL1B,0.02028092291178308,7,0.7142857142857143
NEURL2,0.0034133112498936614,14,0.7142857142857143
NEURL3,0.01975668389144326,16,0.875
NEURL4,0.011918612879301212,12,0.6666666666666666
NEUROD1,0.023544031264642207,15,0.6666666666666666
NEUROD2,0.019114670907903666,17,0.8235294117647058
NEUROD4,0.024607906147363988,8,0.75
NEUROD6,0.062288810294897703,5,0.8
NEUROG1,0.024998319250412192,31,0.7741935483870968
NEUROG2,0.015392379246504159,10,0.8
NEUROG3,0.013820728172681419,10,0.7
NEXN,0.008596838010077202,13,0.38461538461538464
NF1,0.01308619362967659,12,0.5833333333333334
NF1P1,0.06152683918550372,2,1.0
NF2,0.01456396610547457,12,0.9166666666666666
NFAM1,0.02689231811603366,9,0.6666666666666666
NFASC,-0.012721439100183335,24,0.8333333333333334
NFAT5,0.022979324576750334,17,0.8823529411764706
NFATC1,0.01447573754221528,79,0.7088607594936709
NFATC2,0.020823876338465327,14,0.7857142857142857
NFATC2IP,0.020087234498859262,10,0.8
NFATC3,0.012377543866097416,14,0.7142857142857143
NFATC4,0.016464221129533104,17,0.7647058823529411
NFE2,0.02712204676186922,12,0.8333333333333334
NFE2L1,0.019038236551656183,15,0.6666666666666666
NFE2L2,0.01985252595945527,24,0.7083333333333334
NFE2L3,0.02202571152712078,9,0.8888888888888888
NFIA,0.032659316599423775,27,0.8148148148148148
NFIB,0.0356983207713659,6,1.0
NFIC,0.01648267663053568,10,0.7
NFIL3,0.0023578286020734082,16,0.75
NFIX,0.00934422774696115,4,0.75
NFKB1,0.02471325983352355,11,0.8181818181818182
NFKB2,0.00976626076591168,21,0.6666666666666666
NFKBIA,0.013663295157518046,8,0.875
NFKBIB,0.017856127697970594,15,0.8666666666666667
NFKBID,0.02708156153091218,11,1.0
NFKBIE,0.025934862319894503,6,0.6666666666666666
NFKBIL1,0.025103522329016876,26,0.8076923076923077
NFKBIL2,0.0061499532049882665,3,1.0
NFKBIZ,0.02600205517635148,22,0.6363636363636364
NFRKB,0.01587998235555008,14,0.6428571428571429
NFS1,0.01638361843053757,6,0.8333333333333334
NFU1,0.01775202323449506,14,0.7142857142857143
NFX1,0.027747735047161364,3,1.0
NFXL1,0.02436585574060581,9,0.8888888888888888
NFYA,0.023023904298804375,18,0.7777777777777778
NFYB,0.0282488790285299,8,1.0
NFYC,0.0231382211263599,19,0.8421052631578947
NGB,0.03193419191176024,9,0.8888888888888888
NGDN,0.02867281029653526,12,0.8333333333333334
NGEF,0.025014265800636835,18,0.8888888888888888
NGF,0.011537090414089034,24,0.6666666666666666
NGFR,0.034762605803989904,4,0.75
NGFRAP1,0.023890874429322195,14,0.7142857142857143
NGLY1,0.016158703420605585,16,0.6875
NGRN,0.019757736567803212,8,0.875
NHEDC1,0.01651553310965154,14,0.7142857142857143
NHEDC2,0.013572018399962832,12,0.5833333333333334
NHEG1,0.03963744965398991,2,0.5
NHEJ1,0.009711777289562774,13,0.6923076923076923
NHLH1,0.03179655418764289,8,0.875
NHLH2,0.025691365125743812,15,0.7333333333333333
NHLRC1,0.0220229354137848,14,0.7857142857142857
NHLRC2,0.02889518751526498,14,0.5
NHLRC3,0.021556560598860765,15,0.7333333333333333
NHLRC4,0.03609659527621146,9,0.5555555555555556
NHP2,0.02168451498689718,13,0.5384615384615384
NHP2L1,0.028548871447528306,17,0.8235294117647058
NHS,0.035082477344227425,14,0.7142857142857143
NHSL1,0.024975717132296616,14,0.7857142857142857
NHSL2,0.026914929180455696,4,0.5
NICN1,0.016946829746342353,10,0.7
NID1,0.02088442550930602,9,0.7777777777777778
NID2,0.007875593302727479,13,0.6153846153846154
NIF3L1,0.023187978181535205,17,0.6470588235294118
NIN,0.032496796045119895,20,0.85
NINJ1,0.016949830509312102,6,0.5
NINJ2,0.03478490766528356,6,0.8333333333333334
NINL,0.019300277131638514,11,0.8181818181818182
NIP7,0.012148930624850217,7,0.8571428571428571
NIPA1,0.022145968936511738,20,0.9
NIPA2,0.015320171029680918,16,0.8125
NIPAL1,0.025339263932149008,6,1.0
NIPAL2,0.03891301528338082,6,1.0
NIPAL3,0.019686981137972785,17,0.7058823529411765
NIPAL4,0.02912260814428031,10,0.7
NIPBL,0.018718749913712893,13,0.5384615384615384
NIPSNAP1,0.02171597058060871,11,0.7272727272727273
NIPSNAP3A,0.03572078437894407,5,1.0
NIPSNAP3B,0.018803889319852347,6,0.6666666666666666
NISCH,0.011494876324332524,10,0.7
NIT1,0.023827101174514836,8,0.875
NIT2,0.022347493417255553,10,0.9
NKAIN1,0.0471212424376801,6,0.8333333333333334
NKAIN2,0.02240417117343937,11,0.6363636363636364
NKAIN3,0.028505056354014974,17,0.7058823529411765
NKAIN4,0.016016962391276895,8,0.625
NKAP,0.05448190542112128,10,0.9
NKAPL,0.029369969831923252,14,0.8571428571428571
NKD1,0.0233606219807215,7,0.8571428571428571
NKD2,0.007206922562153334,5,0.4
NKG7,0.04729329644135346,7,1.0
NKIRAS1,0.021942170114401718,16,0.875
NKIRAS2,0.019784291583698082,26,0.7692307692307693
NKPD1,0.039448510086835524,8,0.875
NKRF,0.025130120806641,10,0.6
NKTR,0.01283035613365994,13,0.7692307692307693
NKX1-2,0.01362918346031868,8,0.375
NKX2-1,0.014677953078391232,18,0.6111111111111112
NKX2-2,0.016725368995871837,13,0.8461538461538461
NKX2-3,0.02270534287001273,15,0.8666666666666667
NKX2-4,0.01711632889303635,11,0.5454545454545454
NKX2-5,0.03134856163390993,14,0.7857142857142857
NKX2-6,0.02015727053365124,12,0.6666666666666666
NKX2-8,0.024160372622798434,12,0.8333333333333334
NKX3-1,0.0243196584411737,4,1.0
NKX3-2,0.009752759822277426,12,0.5833333333333334
NKX6-1,0.01139400348525913,14,0.7142857142857143
NKX6-2,0.005413232780173241,33,0.6060606060606061
NKX6-3,0.0425590936230001,10,1.0
NLE1,0.02085169108852056,11,0.8181818181818182
NLGN1,0.02838275108101585,27,0.6296296296296297
NLGN2,0.028139287412385222,8,1.0
NLGN3,0.047507497422321854,11,0.9090909090909091
NLGN4X,0.031048565468734662,16,0.875
NLGN4Y,0.038707889416480616,18,0.6666666666666666
NLK,-0.03221228524471872,6,0.8333333333333334
NLN,0.022906525070715958,12,0.5833333333333334
NLRC3,0.022488599962301112,8,0.625
NLRC4,0.03279717635386427,7,0.8571428571428571
NLRC5,0.013107507321670108,17,0.7647058823529411
NLRP1,0.017302989981293978,5,1.0
NLRP10,0.025468704470710552,6,0.8333333333333334
NLRP11,0.02783419056552348,12,0.75
NLRP12,0.02638940865864741,10,0.8
NLRP13,0.03974332737061662,4,0.75
NLRP14,0.0266717578787587,22,0.7272727272727273
NLRP2,0.03503488969909954,9,0.8888888888888888
NLRP3,0.029537345416060134,11,0.6363636363636364
NLRP4,0.02565330188697834,13,0.7692307692307693
NLRP5,0.023601420230255056,5,0.6
NLRP6,0.040678916700573525,8,1.0
NLRP7,0.041087530153731136,8,1.0
NLRP8,0.03699383009070387,5,0.8
NLRP9,0.04502010361964894,4,0.75
NLRX1,-0.005464199992197685,9,0.8888888888888888
NMB,0.01915650819891158,11,0.9090909090909091
NMBR,0.022570113477767814,13,0.6923076923076923
NMD3,0.010248359942236095,8,0.625
NME1,0.021741333247232035,16,0.875
NME1-NME2,0.021741333247232035,16,0.875
NME2,0.024020013601033254,16,0.875
NME3,0.011717661403228607,8,0.625
NME4,0.00019819372909399974,1,0.0
NME5,0.029503211371468125,10,0.8
NME6,0.011916082279805786,9,0.5555555555555556
NME7,0.03221552962396178,21,0.8095238095238095
NMI,0.02584815699314461,9,0.8888888888888888
NMNAT1,0.024348808536206037,15,0.9333333333333333
NMNAT2,0.0327586263632007,12,0.8333333333333334
NMNAT3,0.0365211626218881,21,0.9523809523809523
NMRAL1,0.014800199182192211,14,0.7142857142857143
NMS,0.03249695409407405,3,0.3333333333333333
NMT1,0.022234920746617405,9,0.7777777777777778
NMT2,0.023964432061021834,6,0.8333333333333334
NMU,0.02206981000268109,12,0.8333333333333334
NMUR1,0.029278334989432817,11,0.9090909090909091
NMUR2,0.044186640468322075,6,0.8333333333333334
NNAT,0.028685511113729443,44,0.9090909090909091
NNMT,0.016229978956803302,6,0.5
NNT,0.026317579865511108,18,0.7222222222222222
NOB1,0.02720592087769752,7,0.8571428571428571
NOBOX,0.021258215827846844,4,0.75
NOC2L,0.01912717079445107,6,0.5
NOC3L,0.031154846047180586,4,1.0
NOC4L,0.007590417268274559,9,0.3333333333333333
NOD1,0.012235789203027925,19,0.8421052631578947
NOD2,-0.07756652219222508,5,1.0
NODAL,0.03664390620528796,10,1.0
NOG,0.021803451117020686,11,0.7272727272727273
NOL10,0.019399341676216587,8,0.625
NOL11,0.014264115081593389,9,0.6666666666666666
NOL12,0.021528946446565635,9,0.8888888888888888
NOL3,0.018079212025717033,5,0.4
NOL4,0.027081789503781654,11,0.8181818181818182
NOL6,0.024997153904716435,3,0.6666666666666666
NOL7,0.019216559188828482,9,0.7777777777777778
NOL8,0.01860530098828775,9,0.6666666666666666
NOL9,0.010365333075011779,15,0.7333333333333333
NOLC1,0.015408913450851222,12,0.9166666666666666
NOM1,0.022361128129165814,13,0.7692307692307693
NOMO1,0.024816543389690877,4,0.75
NOMO2,0.01688990955208952,5,0.6
NOMO3,0.024497973993576377,3,1.0
NONO,0.041345249661330956,12,0.75
NOP10,0.013961118481176158,9,0.5555555555555556
NOP14,0.012217909101575934,11,0.45454545454545453
NOP16,0.020075930671832682,16,0.6875
NOP2,0.009096398087672776,7,0.5714285714285714
NOP56,0.007289943816739416,6,0.5
NOP58,0.013207050799729125,10,0.7
NOS1,0.02584892803479135,21,0.7142857142857143
NOS1AP,0.036034067903906404,14,0.7857142857142857
NOS2,-0.07334545499594106,7,1.0
NOS3,0.03233473912427313,12,0.8333333333333334
NOSIP,0.020507402522810136,12,0.8333333333333334
NOSTRIN,-0.0006407437837970656,17,0.7058823529411765
NOTCH1,0.026318252390772765,2,1.0
NOTCH2,0.012351027447669447,5,0.6
NOTCH2NL,0.0138882939924532,8,0.75
NOTCH3,0.016881293512504485,6,0.8333333333333334
NOTCH4,0.031859323675627375,8,0.875
NOTO,0.025318537362754294,10,0.8
NOTUM,0.014336766821834579,7,1.0
NOV,0.019140149432576904,6,0.5
NOVA1,0.02602446161983598,10,0.6
NOVA2,0.009242803562364182,5,0.6
NOX1,0.0572044370865667,3,1.0
NOX3,0.016901107493415904,6,0.5
NOX4,0.03150605869355945,20,0.85
NOX5,0.018133361573310698,15,0.8666666666666667
NOXA1,0.02214148512674573,3,0.6666666666666666
NOXO1,0.028611615835800647,6,0.6666666666666666
NPAS1,0.020431168476796373,8,1.0
NPAS2,0.01970070983075328,22,0.6363636363636364
NPAS3,0.03508141603925373,8,0.75
NPAS4,0.022232095148767922,7,0.7142857142857143
NPAT,0.01592265845177966,17,0.7647058823529411
NPB,0.0230151296747626,8,0.75
NPBWR1,0.014059050106270104,13,0.6923076923076923
NPBWR2,0.04245019547309903,12,1.0
NPC1,0.01835741688114501,8,0.75
NPC1L1,0.045271645657130585,7,1.0
NPC2,0.015462625926037341,15,0.9333333333333333
NPDC1,0.029108733183968657,4,0.75
NPEPL1,0.013615977570638413,4,0.25
NPEPPS,0.04556580799658692,3,0.6666666666666666
NPFF,0.03400635214088614,5,0.8
NPFFR1,-0.015059381975130497,4,1.0
NPFFR2,0.04247627017745737,11,0.8181818181818182
NPHP1,0.019191227914324375,6,0.6666666666666666
NPHP3,0.01821582252784629,11,0.6363636363636364
NPHP4,0.009069773597696779,17,0.5294117647058824
NPHS1,0.029367143054155342,5,0.4
NPHS2,0.023004509152770143,13,0.6153846153846154
NPL,0.01990778413391058,6,0.6666666666666666
NPLOC4,0.025801929072779648,8,0.875
NPM1,0.014561847847418825,13,0.38461538461538464
NPM2,0.024468461828310677,7,0.7142857142857143
NPM3,0.016139072407802862,10,0.7
NPNT,0.027480350295370815,7,0.7142857142857143
NPPA,0.03769903617878719,6,1.0
NPPB,0.02519886522120576,11,0.9090909090909091
NPPC,0.022220629439968838,13,0.7692307692307693
NPR1,0.013923583332260195,17,0.5882352941176471
NPR2,0.03530325221248638,4,1.0
NPR3,0.020035367347448596,16,0.75
NPS,0.05223718676909039,3,0.6666666666666666
NPSR1,0.05352169052152341,5,1.0
NPTN,0.015705632041635186,7,0.5714285714285714
NPTX1,0.01519666239955183,7,0.7142857142857143
NPTX2,0.019221016460647576,6,0.6666666666666666
NPTXR,0.007947432535530883,9,0.6666666666666666
NPVF,0.018069285543218155,3,0.3333333333333333
NPW,0.024673548141789903,7,0.8571428571428571
NPY,0.022027407530232523,12,0.8333333333333334
NPY1R,0.03165254490919062,16,0.6875
NPY2R,0.035559075541067,17,1.0
NPY5R,0.026412593605095958,12,0.8333333333333334
NPY6R,0.03231980715067004,2,1.0
NQO1,0.016919897720098054,8,0.75
NQO2,0.014102577887724295,16,0.6875
NR0B1,0.02130732755104141,16,0.8125
NR0B2,0.05248974520863012,8,1.0
NR1D1,0.02302026116432835,13,0.9230769230769231
NR1D2,0.024601006537431386,14,0.8571428571428571
NR1H2,0.021047828776155013,10,1.0
NR1H3,0.014976787842879653,26,0.9230769230769231
NR1H4,0.046693945846310606,7,0.8571428571428571
NR1I2,0.05493433555204779,6,1.0
NR1I3,0.04148778191080685,4,0.75
NR2C1,0.029532380457855965,15,0.8
NR2C2,0.015087998004091307,15,0.6
NR2C2AP,0.020508789395979374,12,0.8333333333333334
NR2E1,0.018563741045323174,17,0.8823529411764706
NR2E3,0.02573591314743577,6,0.8333333333333334
NR2F1,0.026319779206405446,17,0.9411764705882353
NR2F2,0.019961926149285412,39,0.7435897435897436
NR2F6,0.006362365357404675,11,1.0
NR3C1,0.02108827198505308,32,0.5
NR3C2,0.0283410072478165,16,0.75
NR4A1,0.011842437610357717,7,0.7142857142857143
NR4A2,0.02142448045065017,16,0.8125
NR4A3,0.030609210760612907,17,0.8823529411764706
NR5A1,0.027200315630004048,7,1.0
NR5A2,0.034516481611840844,2,1.0
NR6A1,0.024548130676771408,6,0.6666666666666666
NRAP,0.02151645687667699,4,0.75
NRARP,0.02804260258007016,8,0.875
NRAS,0.026565536730508602,6,0.5
NRBF2,0.01837144026956147,13,0.7692307692307693
NRBP1,0.02530984965942117,11,1.0
NRBP2,0.014337588622036148,18,0.6666666666666666
NRCAM,0.027515806303678184,31,0.6774193548387096
NRD1,0.028469019652239583,16,0.875
NRF1,0.024782625100158828,19,0.7368421052631579
NRG1,0.02612253177139992,32,0.71875
NRG2,0.020359546679216863,12,0.75
NRG3,0.02231231475293848,14,0.7142857142857143
NRG4,0.049929998193820366,5,0.6
NRGN,0.030451180435352585,6,0.8333333333333334
NRIP1,0.0203861245566685,13,0.6153846153846154
NRIP2,0.011750449595331431,8,0.75
NRIP3,0.028607691180280965,6,0.8333333333333334
NRK,0.024893978555769268,9,0.7777777777777778
NRL,0.06467405436616153,4,1.0
NRM,0.010883317973735141,14,0.5
NRN1,0.02171604958274673,11,0.8181818181818182
NRN1L,0.016475057331111716,9,0.6666666666666666
NRP1,0.016906339255405353,9,0.8888888888888888
NRP2,0.005530920609085436,9,0.6666666666666666
NRSN1,0.034473261663845484,11,0.8181818181818182
NRSN2,0.03215042500297502,9,1.0
NRTN,0.023102533358830703,11,0.7272727272727273
NRXN1,0.02580654438738788,23,0.7391304347826086
NRXN2,0.0197916615226828,26,0.8461538461538461
NRXN3,0.03173707602989101,27,0.9259259259259259
NSA2,0.019086442523065933,13,0.6923076923076923
NSD1,0.021319668294896215,12,0.9166666666666666
NSDHL,0.022925386439049,17,0.7058823529411765
NSFL1C,0.024924828946861117,15,0.8
NSL1,0.018289447804005633,15,0.8
NSMAF,0.0184378882674764,16,0.75
NSMCE1,0.02600472935189763,18,0.6666666666666666
NSMCE2,0.018260839675015385,10,0.7
NSMCE4A,0.014612894679821435,6,0.6666666666666666
NSUN2,0.013912685565944844,14,0.6428571428571429
NSUN3,0.018353944658390502,12,0.5833333333333334
NSUN4,0.02171920140272722,13,0.9230769230769231
NSUN5,0.012848493399321068,8,0.625
NSUN5B,0.040539146997889866,4,1.0
NSUN5C,0.042780470408897875,3,1.0
NSUN6,0.014790553655910988,14,0.7857142857142857
NSUN7,0.016915026257392374,10,0.7
NT5C,0.02031328113290725,11,0.8181818181818182
NT5C1A,0.029500324163253936,6,1.0
NT5C1B,0.014667598305371676,1,1.0
NT5C2,0.020323420084404315,14,0.6428571428571429
NT5C3,0.012173735773165106,16,0.5625
NT5C3L,0.016949163808479353,9,1.0
NT5DC1,0.009636259239188335,10,0.7
NT5DC2,0.0016554339469970684,14,0.42857142857142855
NT5DC3,0.013696287328534913,7,0.8571428571428571
NT5E,0.029014705683680513,10,0.9
NT5M,0.021855098412195618,7,0.8571428571428571
NTAN1,0.02833875833764383,6,1.0
NTF3,0.028355714618663565,27,0.8518518518518519
NTF4,0.0370423481596885,5,1.0
NTHL1,0.029738263341641157,6,0.8333333333333334
NTM,0.029124877517330273,33,0.7575757575757576
NTN1,0.017895444998237874,10,0.6
NTN3,0.02007585949188927,9,0.7777777777777778
NTN4,0.01331758962434198,9,0.6666666666666666
NTN5,0.029089266050756152,7,1.0
NTNG1,0.005655813543278515,22,0.5909090909090909
NTNG2,0.025692380283989315,15,0.8666666666666667
NTRK1,0.021864416818327157,12,0.75
NTRK2,0.02832145092809385,9,1.0
NTRK3,0.011007527005942796,10,0.9
NTS,0.04226832715220835,3,0.6666666666666666
NTSR1,0.010505955316018105,10,0.6
NTSR2,0.020138571962086738,12,0.8333333333333334
NUAK1,0.02293512748243347,15,0.8666666666666667
NUAK2,0.02818946767337995,9,1.0
NUB1,0.013595320998853739,14,0.6428571428571429
NUBP1,0.01855238949898875,10,0.6
NUBP2,0.014885513596846941,17,0.7647058823529411
NUBPL,0.030892230426454965,12,0.75
NUCB1,0.023881280582730462,9,0.8888888888888888
NUCB2,0.01172318215923969,12,0.6666666666666666
NUCKS1,0.030347337452556775,11,0.9090909090909091
NUDC,0.014256650929591446,12,0.8333333333333334
NUDCD1,0.027687697549505424,16,0.875
NUDCD2,0.02129144995117435,18,0.7222222222222222
NUDCD3,0.01384815288374023,11,0.6363636363636364
NUDT1,0.019115480607902035,15,0.6666666666666666
NUDT10,0.03571553251856146,13,0.9230769230769231
NUDT11,0.03183950835002587,5,0.8
NUDT12,0.030094873035986593,6,0.6666666666666666
NUDT13,0.025639033122912516,4,0.75
NUDT14,0.031754878626310504,7,0.7142857142857143
NUDT15,0.024538188402157667,12,0.8333333333333334
NUDT16,0.011953459207705578,8,0.625
NUDT16L1,0.008111917479593948,7,0.5714285714285714
NUDT16P,0.04220635022554791,7,0.8571428571428571
NUDT17,0.009176764537082086,6,0.8333333333333334
NUDT18,0.01162544337611922,4,0.75
NUDT19,0.01629970497104229,10,0.8
NUDT2,0.029236561899903563,3,1.0
NUDT21,0.02621003250134342,13,0.9230769230769231
NUDT22,0.017312396229533067,11,0.7272727272727273
NUDT3,0.0030784945980240072,8,0.5
NUDT4,0.017063501982888453,5,0.8
NUDT4P1,0.021506407647289998,4,1.0
NUDT5,0.024600720737063153,20,0.85
NUDT6,0.02493730795957528,26,0.7307692307692307
NUDT7,0.021420221171664637,5,0.6
NUDT8,0.01867521924301916,7,0.5714285714285714
NUDT9,0.016322683956777814,9,0.7777777777777778
NUDT9P1,0.027298432367567894,6,1.0
NUF2,0.019749761848393714,10,0.7
NUFIP1,0.011686945749505722,16,0.4375
NUFIP2,0.026794186052825603,12,0.9166666666666666
NUMA1,0.020263708446464558,32,0.8125
NUMB,0.0013650335484962411,15,0.7333333333333333
NUMBL,0.007410359238536518,11,0.7272727272727273
NUP107,0.025252179331373446,8,0.875
NUP133,0.022142739926450397,13,0.6923076923076923
NUP153,0.01603093908288467,11,0.8181818181818182
NUP155,0.018672869373474465,13,0.7692307692307693
NUP160,0.019030949527295993,10,0.9
NUP188,0.01969876141400389,5,0.6
NUP205,0.03369500434710867,11,0.9090909090909091
NUP210,0.02242737795836242,7,1.0
NUP210L,-0.006966845450499535,7,0.7142857142857143
NUP214,0.037768959620933434,3,1.0
NUP35,0.02478386930549878,9,0.6666666666666666
NUP37,0.013897174149940046,8,0.75
NUP43,0.026545872476146738,7,0.8571428571428571
NUP50,0.02403164148156314,12,1.0
NUP54,0.01798887888691086,9,0.7777777777777778
NUP62,0.022143294363729894,17,0.8235294117647058
NUP62CL,0.036660647692137886,15,0.7333333333333333
NUP85,0.020268780213780032,10,0.9
NUP88,0.01494620159622269,17,0.7647058823529411
NUP93,0.01748272963107571,15,0.6666666666666666
NUP98,0.019558907151760636,26,0.7307692307692307
NUPL1,0.022423918114846512,13,0.6153846153846154
NUPL2,0.025170801521427356,11,0.7272727272727273
NUPR1,0.0016763672214055428,7,0.8571428571428571
NUS1,0.01905923045806672,12,0.6666666666666666
NUSAP1,0.020505850226982616,16,0.8125
NUTF2,0.018534727492584495,15,0.6666666666666666
NVL,0.023006538537900533,12,0.8333333333333334
NWD1,0.02064824232315124,8,0.75
NXF1,0.009479217142965696,11,0.9090909090909091
NXF2,0.044298096235274725,2,1.0
NXF2B,0.044298096235274725,2,1.0
NXF3,0.03430588505192117,6,1.0
NXF4,0.029495720536621778,2,1.0
NXF5,0.041617445819244515,3,1.0
NXN,0.015671463134720225,8,0.75
NXNL1,0.034906142432426054,5,0.8
NXNL2,0.023956174702268185,5,0.8
NXPH1,0.020691558101941173,11,0.7272727272727273
NXPH2,0.023287536506037012,9,0.7777777777777778
NXPH3,0.014284929304971867,8,0.625
NXPH4,0.011739976453945292,9,0.4444444444444444
NXT1,0.02267260682117937,13,0.9230769230769231
NXT2,0.016864746939263972,4,0.75
NYNRIN,0.039318123663998776,6,0.8333333333333334
NYX,0.048948473336051644,4,1.0
OAF,0.01406787881443648,11,0.9090909090909091
OAS1,0.018546700402034023,5,0.8
OAS2,0.025587726302261776,8,1.0
OAS3,0.012191743984456693,6,0.5
OASL,0.021320981544133324,6,0.6666666666666666
OAT,0.013212146275443305,20,0.65
OAZ1,0.005171114508343987,8,0.5
OAZ2,0.02805220346915684,8,1.0
OAZ3,0.028718867418295737,11,0.7272727272727273
OBFC1,0.0163271288493505,12,0.5833333333333334
OBFC2A,0.017560132490069182,11,0.5454545454545454
OBFC2B,0.016910157529444685,18,0.6666666666666666
OBP2A,0.013214427179574176,2,1.0
OBP2B,0.0530094984063033,2,1.0
OBSCN,0.015516894375105929,15,0.8666666666666667
OBSL1,0.00940081762651636,13,0.6923076923076923
OC90,0.06568631817520436,6,1.0
OCA2,0.011718160655276184,28,0.5
OCEL1,0.016798768545268877,11,0.7272727272727273
OCIAD1,0.015479364625388006,19,0.7894736842105263
OCIAD2,0.012119707466947719,10,0.7
OCLM,-0.0017084363908504152,2,0.0
OCLN,0.029979129961712706,16,0.875
OCM,0.028003772146306893,4,0.75
OCM2,0.04806038173328337,5,1.0
OCRL,0.0056638208161343484,9,0.5555555555555556
ODC1,0.0208220913461293,13,0.7692307692307693
ODF1,0.02262965398266507,6,0.8333333333333334
ODF2,0.021052615829882108,6,0.8333333333333334
ODF2L,0.033232303379731924,14,0.9285714285714286
ODF3,0.04391122947487568,5,1.0
ODF3B,-0.0011306548144850743,5,0.4
ODF3L1,0.02505483866433181,7,0.8571428571428571
ODF3L2,0.014653891289541986,11,0.8181818181818182
ODF4,0.052429853475778755,4,1.0
ODZ1,0.04441855216420122,2,1.0
ODZ2,0.006267235096847812,5,0.8
ODZ3,0.03734600770659432,7,1.0
ODZ4,0.023605869398996834,65,0.8307692307692308
OFD1,0.020588233920655227,13,0.6923076923076923
OGDH,0.026572007894292867,17,0.9411764705882353
OGDHL,0.013282120831728366,20,0.6
OGFOD1,0.02711046266242901,13,0.9230769230769231
OGFOD2,0.02589116355595497,18,0.8888888888888888
OGFR,0.020759440587447213,7,0.5714285714285714
OGFRL1,0.017119178378692507,5,0.4
OGG1,0.01431604454017446,11,0.9090909090909091
OGT,0.036034310107741344,11,0.7272727272727273
OIP5,0.016820930261764625,16,0.75
OIT3,0.034560004739864675,4,1.0
OLA1,0.016964381029533012,8,0.625
OLAH,0.040124341422785835,4,1.0
OLFM1,0.020126680863902322,4,0.75
OLFM2,0.019439055049344588,9,0.7777777777777778
OLFM3,0.028225240075417404,9,0.6666666666666666
OLFM4,0.03495625546225563,5,0.8
OLFML1,0.050818275752678686,6,1.0
OLFML2A,0.040781685522928185,2,1.0
OLFML2B,0.017473246958897543,14,0.7857142857142857
OLFML3,0.03657266096781295,6,0.8333333333333334
OLIG1,0.014276674743866452,20,0.75
OLIG2,0.014965808365563599,15,0.7333333333333333
OLIG3,0.03726832985870779,20,0.7
OLR1,0.030209399905992265,4,1.0
OMA1,0.018493506304145098,13,0.6153846153846154
OMD,0.012549856775104729,1,0.0
OMG,0.018591708719262745,4,0.25
OMP,0.03463948790669528,7,1.0
ONECUT1,0.020872128550160213,11,0.6363636363636364
ONECUT2,0.017031978121329745,15,0.7333333333333333
ONECUT3,0.008756142156859157,12,0.5
OOEP,0.01004476509865999,11,0.5454545454545454
OPA1,0.022567094288703002,13,0.6923076923076923
OPA3,0.008718962602401048,12,0.5833333333333334
OPALIN,0.04326593601880715,6,1.0
OPCML,0.025070453606316444,19,0.8947368421052632
OPHN1,0.017908109013574737,10,0.6
OPLAH,0.044535854865986886,4,1.0
OPN1LW,0.02019647366712828,6,1.0
OPN1MW,-0.007182002678155108,1,0.0
OPN1MW2,-0.007182002678155108,1,0.0
OPN1SW,0.014762554591168195,4,0.75
OPN3,0.02398641235164788,11,0.9090909090909091
OPN4,0.014918370539138177,7,0.7142857142857143
OPN5,0.0304828720565055,12,0.5833333333333334
OPRD1,0.021773691653051347,8,0.75
OPRK1,0.011870392400119683,12,0.9166666666666666
OPRL1,0.0219107465755816,26,0.7307692307692307
OPRM1,0.04805933406570549,18,0.8888888888888888
OPTC,0.02678758047419198,7,0.8571428571428571
OPTN,0.010498416134766587,17,0.7647058823529411
OR10A2,0.03355431553277384,4,0.5
OR10A3,0.04579747248504813,4,0.75
OR10A4,0.04438088110945162,3,0.6666666666666666
OR10A5,0.029946540358740587,5,0.6
OR10A6,0.017934816562808154,4,0.25
OR10A7,0.04614887659743094,2,1.0
OR10AD1,0.03641753818106389,6,0.8333333333333334
OR10AG1,0.03961374791257623,4,1.0
OR10C1,0.03523876602591778,15,0.8666666666666667
OR10G2,0.06434214657448009,5,1.0
OR10G3,0.04745739510818083,4,1.0
OR10G4,0.050288779409208784,4,1.0
OR10G7,0.028756981267354043,3,0.6666666666666666
OR10G8,0.03136589741052405,5,0.8
OR10G9,0.05167325604373085,4,1.0
OR10H1,0.04887910342507856,6,0.8333333333333334
OR10H2,0.048617518594075364,7,0.8571428571428571
OR10H3,0.06373200208295518,5,1.0
OR10H4,0.034586619433909754,4,0.5
OR10H5,0.050760408772685416,3,0.6666666666666666
OR10J1,0.052966893474983394,4,1.0
OR10J3,0.04542876362160513,3,1.0
OR10J5,0.050836318786973034,6,1.0
OR10K1,0.021550377915191127,2,0.5
OR10K2,0.059532536349966476,4,1.0
OR10P1,0.04432218680233193,4,1.0
OR10Q1,0.008164734626523534,8,0.625
OR10R2,0.039601667382685224,1,1.0
OR10S1,0.04371102820127714,3,1.0
OR10T2,0.05861561879930588,2,1.0
OR10V1,0.04789599446079702,5,1.0
OR10W1,0.06734152055641428,4,1.0
OR10X1,0.05349091686642369,3,1.0
OR10Z1,0.035382144486703494,3,1.0
OR11A1,0.04879966620700082,16,0.9375
OR11G2,0.03987874490923545,3,1.0
OR11H12,0.047211090049143145,1,1.0
OR11H4,0.03434593158050951,4,0.75
OR11H6,0.06094018311017148,2,1.0
OR11L1,0.040776941433455706,8,1.0
OR12D2,0.047754111476121984,12,1.0
OR12D3,0.038088553963812714,12,0.8333333333333334
OR13A1,0.044442772916403604,6,0.6666666666666666
OR13C3,0.06711991664142078,1,1.0
OR13C4,0.048553112946781524,1,1.0
OR13C8,0.06780673131470097,1,1.0
OR13D1,0.05536722751654216,1,1.0
OR13F1,0.04223810570316283,1,1.0
OR13G1,-0.007270345430833547,1,0.0
OR13H1,0.05794747737853636,3,1.0
OR13J1,0.03595775770233694,3,1.0
OR14A16,0.04253291618315739,6,0.8333333333333334
OR14C36,0.0626615256637462,3,1.0
OR14I1,0.04850845257940767,2,1.0
OR14J1,0.03172992555997745,13,0.7692307692307693
OR1A1,0.055193638540891835,5,1.0
OR1A2,0.06714435676266708,4,1.0
OR1B1,0.05778083768689298,4,1.0
OR1C1,0.05682556747781097,4,0.75
OR1D2,0.03324318546276265,3,0.6666666666666666
OR1D4,0.06889073236836002,1,1.0
OR1D5,0.06889073236836002,1,1.0
OR1E1,0.0607549661972664,2,1.0
OR1E2,0.05755017973734527,6,1.0
OR1F1,0.03280867256879823,5,1.0
OR1F2P,0.03206084186991028,5,0.8
OR1G1,0.05975381002562443,6,1.0
OR1I1,0.041151943832859056,4,1.0
OR1J1,0.01619318182942119,3,0.3333333333333333
OR1J2,0.03478872050138107,1,1.0
OR1J4,0.03762098511520055,1,1.0
OR1K1,0.051494483297978864,3,1.0
OR1L3,0.05382991041897908,4,1.0
OR1L6,0.018284898301193342,1,0.0
OR1M1,0.05176494908188623,7,0.8571428571428571
OR1N1,0.026648677849991594,2,1.0
OR1Q1,0.04662043549805583,2,1.0
OR1S1,0.0339976117729374,3,0.6666666666666666
OR1S2,0.05457585737529581,3,1.0
OR2A1,0.0023288119887637793,1,0.0
OR2A12,0.03893991459083263,3,0.6666666666666666
OR2A14,0.05037877461893031,3,1.0
OR2A2,0.06762040942956683,3,1.0
OR2A25,0.02329914705009367,1,0.0
OR2A4,0.037187665836075134,1,1.0
OR2A42,0.0023288119887637793,1,0.0
OR2A5,0.039980326868502315,6,1.0
OR2A7,0.030429468746714927,1,1.0
OR2AE1,0.01764589228856689,3,0.6666666666666666
OR2AG1,0.04691893346795423,4,0.75
OR2AG2,0.03693856305285874,4,1.0
OR2AK2,0.03303302694366797,1,1.0
OR2AT4,0.05153848150073323,4,0.75
OR2B11,0.0369068007366778,11,0.9090909090909091
OR2B2,0.039295013665060406,5,0.8
OR2B3,0.05846748990025358,5,1.0
OR2B6,0.047968987885038644,1,1.0
OR2C1,0.05379542572396372,6,1.0
OR2C3,0.0480196666977572,5,0.8
OR2D2,0.06154836928518412,2,1.0
OR2D3,0.01808616416860437,3,0.0
OR2F1,0.03773887118725725,3,1.0
OR2F2,0.046981602576470334,2,1.0
OR2G2,0.05375090543529201,3,1.0
OR2G3,0.04908574793751129,4,0.75
OR2G6,0.03534904200790633,4,0.25
OR2H1,0.04175100785983737,15,0.9333333333333333
OR2H2,0.03818457112344809,11,0.9090909090909091
OR2J2,0.04747914064992337,7,0.7142857142857143
OR2J3,0.04064948194327543,5,0.8
OR2K2,0.04573070758091652,1,1.0
OR2L13,0.040581098143836355,26,0.9230769230769231
OR2L1P,0.02928885293372538,1,1.0
OR2L2,0.035722844096868905,2,1.0
OR2L3,0.056515834074186116,2,0.5
OR2L8,0.05407382560391997,4,1.0
OR2M1P,0.05140651922779442,2,1.0
OR2M2,0.04576216332535775,4,1.0
OR2M3,0.036819331347379206,4,0.5
OR2M4,0.04042593777406678,2,1.0
OR2M5,0.04043104000659581,6,0.8333333333333334
OR2M7,0.01243602665021798,1,0.0
OR2S2,0.035099823968670896,2,1.0
OR2T1,0.04706963361761077,4,0.75
OR2T10,0.07983991435744105,2,1.0
OR2T11,0.021724559881630873,5,1.0
OR2T12,0.05432380086891048,3,1.0
OR2T2,0.021974752529840463,1,1.0
OR2T27,0.031168689197217048,3,1.0
OR2T29,0.04347538053722885,2,1.0
OR2T3,0.05025041773498954,3,1.0
OR2T33,0.04771102502180714,4,0.75
OR2T34,0.05277856166845474,4,1.0
OR2T4,0.034792030654453986,2,1.0
OR2T5,0.04062687379434421,2,1.0
OR2T6,0.05714427234666359,4,1.0
OR2T8,0.04092537129561949,3,0.6666666666666666
OR2V2,0.04986028894019322,7,0.8571428571428571
OR2W1,0.05574457942420572,6,0.8333333333333334
OR2W3,0.04215918962743912,3,0.6666666666666666
OR2W5,0.04349766664394484,3,1.0
OR2Y1,0.036274513214813536,6,0.8333333333333334
OR2Z1,0.04302850404833541,4,0.75
OR3A1,0.04985597518449201,3,1.0
OR3A2,0.0567047703274152,6,0.8333333333333334
OR3A3,0.052533177763183,2,1.0
OR3A4,0.04685741130424384,4,1.0
OR4A15,0.05678250980133351,6,0.6666666666666666
OR4A16,0.04873000714417139,4,1.0
OR4A47,0.03919739406241661,3,0.6666666666666666
OR4A5,0.05576462930297424,2,1.0
OR4B1,0.04869489938016733,4,1.0
OR4C11,0.08553878702348347,1,1.0
OR4C12,0.04680570518357043,4,1.0
OR4C13,0.06169442290532909,1,1.0
OR4C15,0.059036510958992164,2,1.0
OR4C16,0.043641503325569694,2,1.0
OR4C3,0.0475081977721989,3,1.0
OR4C45,0.02384335182965175,1,1.0
OR4C46,0.05414395635878408,2,1.0
OR4C6,0.03396028752395764,3,1.0
OR4D1,0.0571600352690358,7,1.0
OR4D10,0.06729311938651475,2,1.0
OR4D11,0.04700876260204204,4,1.0
OR4D2,0.043189937640032004,5,0.6
OR4D5,0.02373923474169549,3,0.3333333333333333
OR4D6,0.06640688578544544,3,1.0
OR4D9,0.04756140697611816,1,1.0
OR4E2,0.0739482275280758,3,1.0
OR4F15,0.05356933446597644,3,1.0
OR4F4,0.06398412591440328,2,1.0
OR4F5,0.07165528073029455,2,1.0
OR4F6,0.021371867520867394,4,0.5
OR4K1,0.038989272844201596,3,0.6666666666666666
OR4K13,0.06217175981463202,1,1.0
OR4K14,0.037946576451000066,1,1.0
OR4K15,0.05467414642731275,1,1.0
OR4K17,0.04817301418142683,3,0.6666666666666666
OR4K2,0.035757910511486836,3,1.0
OR4K5,0.035563262598063805,2,1.0
OR4L1,0.051373395950634226,1,1.0
OR4M1,0.018562520450699338,2,0.5
OR4M2,0.040896722863399355,3,0.6666666666666666
OR4N2,0.05316316116384256,2,1.0
OR4N3P,0.11530883981176843,1,1.0
OR4N4,0.04830978679327398,2,1.0
OR4N5,0.06649359819687281,3,1.0
OR4P4,0.02880770826770096,1,1.0
OR4Q3,0.04475991000916152,1,1.0
OR4S1,0.03877816359661122,3,1.0
OR4S2,0.03256080486323509,2,0.5
OR4X1,0.031053024236153998,3,1.0
OR4X2,0.05900710601237455,1,1.0
OR51A2,0.05922385325203126,5,1.0
OR51A7,0.041069541651089475,4,0.75
OR51B2,0.02502988872500979,4,0.75
OR51B4,0.038790883029291456,2,1.0
OR51B5,0.034728103848758685,4,0.75
OR51B6,0.03891430746206727,2,0.5
OR51D1,0.042127860058232415,4,1.0
OR51E1,0.051770526539626736,5,1.0
OR51E2,0.020553748530090683,7,0.5714285714285714
OR51F1,0.04825961115360271,2,1.0
OR51F2,0.03382660949122804,3,1.0
OR51G1,0.04414092698180519,4,1.0
OR51G2,0.05645922213800772,1,1.0
OR51I1,0.053822298433480215,3,1.0
OR51I2,0.0368963767023012,5,0.6
OR51L1,0.0619902224742215,3,1.0
OR51M1,0.020670104621649796,2,0.0
OR51Q1,0.05226508125620615,4,0.75
OR51S1,0.05048512014987572,5,1.0
OR51T1,0.009166381649137148,4,1.0
OR51V1,0.021844729169296417,2,0.5
OR52A1,0.05028716317666491,3,1.0
OR52A4,0.05322899482523491,3,1.0
OR52A5,0.0398836649672738,1,1.0
OR52B2,0.039983793338938124,6,0.6666666666666666
OR52B4,0.05615221324574803,8,1.0
OR52B6,0.021373233440455063,5,0.8
OR52D1,0.028809881089295053,3,1.0
OR52E2,0.04824319457517014,2,1.0
OR52E4,0.02306085694304627,2,0.5
OR52E6,0.0458866304039679,1,1.0
OR52E8,0.052218383812127754,4,0.75
OR52H1,0.03537010512250708,3,1.0
OR52I1,0.06967576990847821,2,1.0
OR52I2,0.06287144624481329,3,1.0
OR52J3,0.05777018230506944,3,1.0
OR52K1,0.05330971171942134,3,1.0
OR52K2,0.047394716363495626,4,1.0
OR52L1,0.060742219247301096,4,1.0
OR52M1,0.05349416707743624,6,1.0
OR52N1,0.060135715300282014,2,1.0
OR52N2,0.02955114232663196,2,1.0
OR52N5,0.02808416377939942,3,0.6666666666666666
OR52R1,0.05666909423854012,4,0.75
OR52W1,0.03641359403653665,6,1.0
OR56A1,0.033616374605470074,3,0.6666666666666666
OR56A3,0.07896138487353611,2,1.0
OR56A4,0.05212068418519465,4,1.0
OR56A5,0.04132508721724191,3,1.0
OR56B1,0.0382190978401904,1,1.0
OR56B4,0.049211021887820866,2,1.0
OR5A1,0.05510564819343352,5,1.0
OR5A2,0.023636653384471584,5,1.0
OR5AC2,0.04280723534148764,2,1.0
OR5AK2,0.04080221770392578,1,1.0
OR5AN1,0.04608112092451744,2,1.0
OR5AP2,0.04622439176943267,3,1.0
OR5AR1,0.04775567971208207,2,1.0
OR5AS1,0.017042924028526713,4,0.5
OR5AU1,0.055246114754767706,5,1.0
OR5B12,0.05405256605339783,5,0.6
OR5B17,0.053253325316207745,2,1.0
OR5B2,0.0679483219489016,1,1.0
OR5B21,0.039569182435958715,3,1.0
OR5B3,0.04091203941709139,4,0.75
OR5C1,0.03863988062860488,2,1.0
OR5D13,0.037679858547764046,2,1.0
OR5D14,0.05561082030448741,2,1.0
OR5D16,0.058347411147698695,3,1.0
OR5D18,0.032621273039814366,4,0.75
OR5E1P,0.04198527796161221,5,0.8
OR5H1,0.05310166450071458,3,1.0
OR5H14,0.03799070753033934,2,1.0
OR5H15,0.055731086382863254,3,0.6666666666666666
OR5H2,0.049509432431484424,3,1.0
OR5H6,0.042768324664907056,4,0.75
OR5I1,0.05284939746558604,4,1.0
OR5J2,0.0007328337520088046,1,0.0
OR5K1,0.06669644084971077,1,1.0
OR5K2,0.011031535773199846,3,0.0
OR5K3,0.03748056373399544,2,0.5
OR5K4,0.02708865061175536,2,0.0
OR5L1,0.05714873995395629,2,1.0
OR5L2,0.05814815436150882,2,0.5
OR5M1,0.02709755990106308,4,0.75
OR5M10,0.0412534348896428,5,0.8
OR5M11,0.036019448975302036,3,0.6666666666666666
OR5M3,0.04769641691581489,2,1.0
OR5M8,0.04153856953899375,4,1.0
OR5M9,0.06578004242457255,1,1.0
OR5P2,0.06000274560258389,4,1.0
OR5P3,0.07351859544083422,4,1.0
OR5R1,0.029419273288707387,2,0.5
OR5T1,0.06678320159379449,2,1.0
OR5T2,0.04838360984555394,2,1.0
OR5T3,0.045785691931546565,2,0.5
OR5V1,0.04810937446430251,9,0.8888888888888888
OR5W2,0.03761534503751281,4,0.75
OR6A2,0.03456318895342243,4,0.75
OR6B1,0.025403581353632257,6,0.6666666666666666
OR6B2,0.03399246937600777,6,0.8333333333333334
OR6B3,0.050363562083971955,5,1.0
OR6C1,0.007343096347706399,4,0.5
OR6C2,0.021114225875457193,2,0.0
OR6C3,0.0654944571761888,2,1.0
OR6C4,0.03736798115363766,2,1.0
OR6C6,0.0324760240964902,1,1.0
OR6C65,0.054715252522903726,2,0.5
OR6C68,0.011875097899332462,3,0.3333333333333333
OR6C70,0.016017302210317885,2,0.5
OR6C74,0.06488146609378925,3,1.0
OR6C75,0.06143286761775804,2,1.0
OR6C76,-0.004548498281110425,1,0.0
OR6F1,0.0256956933448741,5,0.6
OR6K2,0.03712856035475641,4,1.0
OR6K3,0.06477661613140716,6,1.0
OR6K6,0.04162686428704728,5,1.0
OR6M1,0.046709328309229,4,1.0
OR6N1,0.05590584046044744,5,1.0
OR6N2,0.036519960988249604,3,0.6666666666666666
OR6P1,0.049444017045638104,4,1.0
OR6Q1,0.04385867727083992,1,1.0
OR6S1,0.0355731457989,4,0.5
OR6T1,0.06135294687469832,5,1.0
OR6V1,0.04489867917721011,6,0.8333333333333334
OR6W1P,0.021183899131536274,2,0.5
OR6X1,0.04017048237890071,5,0.6
OR6Y1,0.05177347745133675,3,1.0
OR7A10,0.05351504087868078,2,1.0
OR7A17,0.033845328437720104,5,0.8
OR7A5,0.039841800429996105,4,0.75
OR7C1,0.03603058976638059,4,0.75
OR7C2,0.0578901240581991,6,1.0
OR7D2,0.03948646035725718,2,1.0
OR7D4,0.05231743449611166,5,1.0
OR7E156P,0.057482938051349824,2,1.0
OR7E24,0.05179235205784703,2,1.0
OR7E37P,0.03198419132847117,4,0.5
OR7E91P,0.0357082889785391,4,1.0
OR7G1,0.041674120429474756,2,0.5
OR7G2,0.03867947611234219,3,1.0
OR7G3,0.06166864756968249,2,1.0
OR8A1,0.05852392111246306,5,1.0
OR8B12,0.05505504270995529,4,1.0
OR8B2,0.07160831994387684,3,1.0
OR8B3,0.06921275381307612,1,1.0
OR8B4,0.10665539708680256,4,1.0
OR8B8,0.06569975689426819,6,1.0
OR8D1,0.052649144778748845,4,1.0
OR8D2,0.029515548219933397,3,0.6666666666666666
OR8D4,0.04597212338709228,3,1.0
OR8G1,0.05648434549937614,1,1.0
OR8G2,0.05300308735203865,2,1.0
OR8G5,0.05445805114792615,2,1.0
OR8H1,0.06223144239204219,2,1.0
OR8H2,0.06291786659619558,4,1.0
OR8H3,0.06252419356290811,4,1.0
OR8I2,0.036708285273095276,1,1.0
OR8J1,0.06483119864320772,1,1.0
OR8J3,0.045325446482709704,2,1.0
OR8K1,0.06509302713171142,4,1.0
OR8K3,0.03660740680841682,3,1.0
OR8K5,0.02555173787383322,1,1.0
OR8S1,0.03932868613062721,4,0.75
OR8U1,0.02463401042317452,2,0.5
OR8U8,0.02463401042317452,2,0.5
OR9A2,0.028096354845415044,3,0.6666666666666666
OR9A4,0.04376330389585533,3,1.0
OR9G1,0.03642750690823606,4,0.75
OR9G4,0.039674604110281,4,0.75
OR9G9,0.03642750690823606,4,0.75
OR9I1,0.021050545934725384,2,0.5
OR9K2,0.03864014805205468,1,1.0
OR9Q1,0.03505994709691449,14,0.7857142857142857
OR9Q2,0.037053636725614264,8,0.875
ORAI1,0.023545748482622957,10,0.8
ORAI2,0.028876522242455824,9,0.7777777777777778
ORAI3,0.018130043617470105,12,0.8333333333333334
ORAOV1,0.010395834955384767,9,0.6666666666666666
ORC1L,0.017290844825036428,17,0.7647058823529411
ORC2L,0.027690409636629987,11,0.9090909090909091
ORC3L,0.013055956447726579,11,0.8181818181818182
ORC4L,0.02908067531896571,13,0.6153846153846154
ORC5L,0.03732631290849373,5,1.0
ORC6L,0.014191332034347998,12,0.9166666666666666
ORM1,-0.006939716144930219,1,0.0
ORM2,0.03027667890710145,1,1.0
ORMDL1,0.01924213795631264,15,0.8666666666666667
ORMDL2,0.024471643287097805,17,0.8235294117647058
ORMDL3,0.006664876783574507,16,0.8125
OS9,0.0261425567032682,11,0.8181818181818182
OSBP,0.021819617922191406,13,0.8461538461538461
OSBP2,0.015183397019298678,8,0.75
OSBPL10,0.03176649120877606,14,0.8571428571428571
OSBPL11,0.02166935275027285,10,0.9
OSBPL1A,0.010652700321321838,23,0.391304347826087
OSBPL2,0.016120406301693792,10,0.7
OSBPL3,0.00922903119646129,27,0.7777777777777778
OSBPL5,0.0031986653745642705,68,0.8529411764705882
OSBPL6,0.022774342571521267,23,0.5652173913043478
OSBPL7,0.03852986123176152,6,1.0
OSBPL8,0.015263358017499758,21,0.6666666666666666
OSBPL9,0.01949066318782029,28,0.7857142857142857
OSCAR,0.029585460104964618,6,0.8333333333333334
OSCP1,0.020254684103614876,15,0.7333333333333333
OSGEP,0.025785577746204675,12,0.9166666666666666
OSGEPL1,0.027331036792978238,7,1.0
OSGIN1,0.024350372965491588,16,0.9375
OSGIN2,0.02238506184020543,13,0.6153846153846154
OSM,0.03282345899384635,10,0.9
OSMR,0.0305924350308698,13,0.9230769230769231
OSR1,0.029614187513479565,17,0.9411764705882353
OSR2,0.02886804229893304,26,0.8461538461538461
OSTBETA,0.038240334033681975,10,1.0
OSTC,0.024421930457388868,7,0.7142857142857143
OSTCL,0.0049628610380804405,4,1.0
OSTF1,0.015379687364192577,5,0.8
OSTM1,0.02327081016475126,6,0.8333333333333334
OSTN,-0.009760721415463303,1,0.0
OSTalpha,0.03306820212721108,8,1.0
OTC,0.04275799837552632,4,0.75
OTOA,0.04114556533556479,7,0.8571428571428571
OTOF,0.030425399996933177,10,0.8
OTOL1,0.062017046248757805,3,0.6666666666666666
OTOP1,0.02003082554934306,8,0.75
OTOP2,0.02160208978487844,19,0.7368421052631579
OTOP3,0.012504685444678672,11,0.7272727272727273
OTOR,0.035435137527488704,4,0.5
OTOS,0.04058283765599474,8,1.0
OTP,0.04400264044049042,8,1.0
OTUB1,0.018379972777528755,13,0.8461538461538461
OTUB2,0.014680354013802643,8,0.5
OTUD1,0.017054211130319862,7,0.7142857142857143
OTUD3,0.02134447280716522,9,0.5555555555555556
OTUD4,0.019305989360653496,15,0.8
OTUD5,0.021296871623504885,18,0.6666666666666666
OTUD6A,0.037207724020608665,14,0.8571428571428571
OTUD6B,0.024361693153976568,11,0.9090909090909091
OTUD7A,0.06076569189904321,2,1.0
OTUD7B,0.018026193937226587,17,0.6470588235294118
OTX1,0.028727616926773947,42,0.8095238095238095
OTX2,0.019087214483749552,28,0.8214285714285714
OTX2OS1,0.020422004330663334,6,0.8333333333333334
OVCA2,-0.0027843736775897674,10,0.5
OVCH1,0.030178449958650932,7,1.0
OVCH2,0.05305760052141429,4,1.0
OVGP1,0.015463991967456391,4,0.75
OVOL1,0.01902282799944583,13,0.7692307692307693
OVOL2,0.022991396551592123,11,0.8181818181818182
OXA1L,0.0342367146896186,8,0.75
OXCT1,0.03367667113179698,10,0.8
OXCT2,0.021837441450779732,3,0.6666666666666666
OXER1,0.03951221753908783,9,1.0
OXGR1,0.024299313125791627,13,0.7692307692307693
OXNAD1,0.021155791302835243,16,0.75
OXR1,0.02129664566591236,22,0.7727272727272727
OXSM,0.022087670901544815,7,0.7142857142857143
OXSR1,0.018468949777389984,9,0.7777777777777778
OXT,0.029977841807723393,9,1.0
OXTR,0.03527915421840613,12,0.6666666666666666
P11,0.031240230948870722,5,1.0
P2RX1,0.04749628370932314,8,1.0
P2RX2,0.012797987456675075,5,0.8
P2RX3,0.04341336117158656,5,1.0
P2RX4,0.03190779803658603,9,0.6666666666666666
P2RX5,0.02072681805268364,9,0.5555555555555556
P2RX6,0.010331638055459705,12,0.8333333333333334
P2RX6P,0.02316513182053583,8,1.0
P2RX7,0.031035696925057147,8,0.875
P2RY1,0.02734702956555832,17,0.8235294117647058
P2RY10,0.07764783870702906,3,1.0
P2RY11,0.029372275196710918,10,0.9
P2RY12,0.03705906404222674,11,0.6363636363636364
P2RY13,0.03403572638440833,4,0.25
P2RY14,0.030696659284029013,18,0.6666666666666666
P2RY2,0.01830266608383483,20,0.7
P2RY4,0.05141789127192172,6,1.0
P2RY6,0.018484993831091326,19,0.7894736842105263
P4HA1,0.01672360426509147,20,0.65
P4HA2,-0.058898686581808725,19,0.6842105263157895
P4HA3,0.017635243003668498,10,0.6
P4HB,0.012291956486560309,10,0.8
P4HTM,0.019675615417391327,15,0.8
P704P,0.007360699429886874,4,0.5
PA2G4,0.019331181931477998,10,0.8
PA2G4P4,-0.0069835368242525675,2,0.0
PAAF1,0.021150669877460098,11,0.9090909090909091
PABPC1,0.018305176656427637,7,0.8571428571428571
PABPC1L,0.033473700006157764,11,1.0
PABPC1L2A,0.022673469352578066,2,0.5
PABPC1L2B,0.032029091059428305,2,0.5
PABPC1P2,0.02853503409949326,2,0.5
PABPC3,-0.009443866483071781,15,0.6
PABPC4,0.01595189594137982,9,0.6666666666666666
PABPC4L,0.01411151077093839,5,0.4
PABPC5,0.032121123574971135,5,0.8
PABPN1,0.00954308693566236,10,0.8
PABPN1L,0.025051466932884698,7,0.7142857142857143
PACRG,0.03071328308959182,15,1.0
PACRGL,0.016750277581553025,13,0.9230769230769231
PACS1,0.020261536122935204,6,0.8333333333333334
PACS2,0.02315802412011703,12,0.6666666666666666
PACSIN1,0.023352696694822064,25,0.8
PACSIN2,-0.011719298155071787,6,0.8333333333333334
PACSIN3,0.022055902828337366,9,0.8888888888888888
PADI1,0.038766974875043325,7,1.0
PADI2,0.011118509764806488,9,0.5555555555555556
PADI3,0.043730680370940474,9,0.7777777777777778
PADI4,0.054953258846770756,8,1.0
PADI6,0.039502244406917957,5,0.8
PAEP,0.05412612640794032,3,1.0
PAF1,0.02351287283499478,7,0.7142857142857143
PAFAH1B1,0.020843757885294162,14,0.7142857142857143
PAFAH1B2,0.02322469131730957,15,0.6
PAFAH1B3,0.032513711924508165,12,0.8333333333333334
PAFAH2,0.02773087822930239,14,0.8571428571428571
PAG1,0.022722997162576405,22,0.8181818181818182
PAGE1,0.018865529887549314,6,0.6666666666666666
PAGE2,0.041533363041225374,9,0.8888888888888888
PAGE2B,0.04273703891795388,11,0.9090909090909091
PAGE3,0.0521470415891934,7,1.0
PAGE4,0.027728721154003388,6,1.0
PAGE5,0.03948600874170286,8,0.875
PAH,0.029200669998607858,10,0.9
PAICS,0.021210181869494138,11,0.7272727272727273
PAIP1,0.01962145564375326,13,1.0
PAIP2,0.017845204095055453,16,0.8125
PAIP2B,0.024948210468728763,15,0.8666666666666667
PAK1,0.02100323927411329,26,0.5
PAK1IP1,0.013768752495837294,16,0.8125
PAK2,0.013623143754385744,12,0.75
PAK3,0.03893574921096697,26,0.9230769230769231
PAK4,0.02272820047535739,15,0.7333333333333333
PAK6,0.020905820232981365,33,0.7272727272727273
PAK7,0.02269750809210596,15,0.7333333333333333
PALB2,0.011986955216611112,13,0.6923076923076923
PALLD,0.0042104010186228835,40,0.725
PALM,0.01263523253562975,7,0.8571428571428571
PALM2,0.023759613178578925,3,1.0
PALM2-AKAP2,0.038023114160953865,3,1.0
PALM3,0.019392204340567647,7,0.7142857142857143
PALMD,0.020971781164486707,5,0.6
PAM,0.038808703141630374,9,0.8888888888888888
PAMR1,0.017480613588996757,8,0.75
PAN2,0.022903956029292214,18,0.8333333333333334
PAN3,0.02563011620190633,8,0.875
PANK1,0.013650129776981166,15,0.7333333333333333
PANK2,0.01541498842752246,16,0.6875
PANK3,0.02846943468829611,10,0.7
PANK4,0.014992876662406562,17,0.7647058823529411
PANX1,0.019523414029916746,14,0.7857142857142857
PANX2,0.017937510943789876,16,0.75
PANX3,-0.06676291150380727,5,0.6
PAOX,0.014838021480770245,31,0.7419354838709677
PAPD4,0.02417233533811203,11,0.7272727272727273
PAPD5,0.019090851606754517,7,0.7142857142857143
PAPL,0.023804249514855793,11,0.8181818181818182
PAPLN,0.012544156830459993,10,0.7
PAPOLA,0.01819647780810422,11,0.6363636363636364
PAPOLB,0.022230745304007093,14,0.6428571428571429
PAPOLG,0.02725975204865409,8,0.875
PAPPA,0.04115117628277443,5,1.0
PAPPA2,0.04894830453801092,6,0.8333333333333334
PAPSS1,0.006610407718955453,9,0.7777777777777778
PAPSS2,-0.05662052556298062,9,0.8888888888888888
PAQR3,0.019096017979689957,11,0.7272727272727273
PAQR4,0.025269720902782417,10,0.8
PAQR5,0.02714390459600099,22,0.8181818181818182
PAQR6,-0.03162398693051733,12,0.5833333333333334
PAQR7,0.032683804101971074,7,0.8571428571428571
PAQR8,0.019710288796859304,13,0.8461538461538461
PAQR9,0.014352125155348444,14,0.6428571428571429
PAR-SN,0.014451335985519165,5,0.2
PAR1,0.05205959045526093,2,1.0
PAR4,0.05299748049177311,4,1.0
PAR5,0.024697755911744574,3,1.0
PARD3,0.026211499050817273,7,0.8571428571428571
PARD3B,0.013798551743828444,10,0.8
PARD6A,0.01073297808927328,11,0.7272727272727273
PARD6B,0.013687353700327063,10,0.7
PARD6G,0.009567790513261797,11,0.6363636363636364
PARG,0.05563523913780769,3,1.0
PARK2,0.023180809138316546,10,0.9
PARK7,0.025456759712618984,11,0.9090909090909091
PARL,0.013949690746247188,7,0.7142857142857143
PARM1,0.020062802955090032,9,0.7777777777777778
PARN,0.019424805347014244,9,0.7777777777777778
PARP1,0.023884459932652757,9,0.8888888888888888
PARP10,0.03508119694319104,6,0.8333333333333334
PARP11,0.025671094657440312,6,0.6666666666666666
PARP12,0.022602944985185867,6,0.8333333333333334
PARP14,0.033575914389218905,10,0.7
PARP15,0.02799894837290917,13,0.7692307692307693
PARP16,0.013482773031617592,10,0.9
PARP2,0.022189267965266986,8,0.875
PARP3,0.016126830650717842,16,0.625
PARP4,0.016877267646042617,16,0.6875
PARP6,0.024938811324886758,9,0.8888888888888888
PARP8,0.02242007149488099,9,0.8888888888888888
PARP9,0.014465725193092688,22,0.6363636363636364
PARS2,0.017362414034375023,13,0.7692307692307693
PART1,-0.007263395107905753,4,1.0
PARVA,0.0222946787710125,8,0.875
PARVB,0.01594861987503898,9,0.8888888888888888
PARVG,0.03852194168826431,25,1.0
PASD1,0.03652680039053695,4,1.0
PASK,0.0157500675794187,18,0.6111111111111112
PATE1,0.04931927495459034,5,1.0
PATE2,0.05250777845228702,3,1.0
PATE3,0.045470822313026474,5,1.0
PATE4,0.05231998941026519,5,0.8
PATL1,0.025977223290382056,7,0.7142857142857143
PATL2,0.04014965638925399,5,0.8
PATZ1,0.022362792492233278,12,0.9166666666666666
PAWR,0.006099744783271292,10,0.6
PAX1,0.012026552532599663,14,0.8571428571428571
PAX2,0.012027513942179968,14,0.7142857142857143
PAX3,0.023432529960890625,14,0.7857142857142857
PAX4,0.047215898512280995,8,1.0
PAX5,0.03169559617733048,5,1.0
PAX6,0.019174107525067034,56,0.7142857142857143
PAX7,0.010624769605936942,10,0.6
PAX8,0.023511816081841153,6,1.0
PAX9,0.02172716221126889,26,0.7307692307692307
PAXIP1,0.007631501619495967,5,0.4
PBK,0.018691458747890268,12,0.6666666666666666
PBLD,0.023096365430390793,23,0.9565217391304348
PBOV1,0.04389528096200622,7,1.0
PBRM1,0.014777931160877607,13,0.6153846153846154
PBX1,0.02836858917765294,9,0.7777777777777778
PBX2,0.027468243832303455,17,0.8235294117647058
PBX3,0.02598460237968671,8,0.875
PBX4,0.019510304814157376,11,0.6363636363636364
PBXIP1,0.02166987231411524,10,0.8
PC,0.013337068511794243,36,0.75
PCA3,0.06868655885268499,1,1.0
PCBD1,0.018019923351694268,8,0.625
PCBD2,0.011447995274508765,10,0.7
PCBP1,0.021323724059448334,17,0.8823529411764706
PCBP2,0.011926988444196516,10,0.8
PCBP3,0.037303318249858636,6,0.8333333333333334
PCBP4,0.03063423804174186,18,0.8888888888888888
PCCA,0.01159127202623611,12,0.4166666666666667
PCCB,0.01715238113456386,10,1.0
PCDH1,0.031817566721048816,7,1.0
PCDH10,0.022257823780484857,22,0.8181818181818182
PCDH11X,0.027304567847670883,9,0.6666666666666666
PCDH11Y,0.017090376405878717,8,0.75
PCDH12,0.040045340560393626,6,0.8333333333333334
PCDH15,0.03405338198485844,6,1.0
PCDH17,0.03655057927097885,15,1.0
PCDH18,0.02501280863753295,6,0.8333333333333334
PCDH19,0.02722762850660821,19,0.6842105263157895
PCDH20,0.028796118078476804,13,0.8461538461538461
PCDH21,0.015214674996377242,7,0.7142857142857143
PCDH24,0.006290823787389448,9,0.8888888888888888
PCDH7,0.026332639937674568,16,0.9375
PCDH8,0.016714719679084642,23,0.4782608695652174
PCDH9,0.027232547004256123,16,0.875
PCDHA1,0.04171667840141504,11,0.7272727272727273
PCDHA10,0.02819069947054218,16,0.8125
PCDHA11,0.03200284902138008,11,0.9090909090909091
PCDHA12,0.03190920670263403,8,1.0
PCDHA13,0.03690213339718751,15,0.6
PCDHA2,0.032466882170803534,11,0.8181818181818182
PCDHA3,0.028517987183410764,12,0.75
PCDHA4,0.03816475517408644,12,0.75
PCDHA5,0.017065509317360245,9,0.5555555555555556
PCDHA6,0.029916813245555403,17,0.5882352941176471
PCDHA7,0.030066135588960097,13,0.7692307692307693
PCDHA8,0.03596013135375639,15,0.8666666666666667
PCDHA9,0.03507693688904032,8,0.625
PCDHAC1,0.021816113837882477,14,0.7142857142857143
PCDHAC2,0.01799169310108919,20,0.65
PCDHB1,0.0443099120983276,10,0.9
PCDHB10,0.03508404567997347,11,0.8181818181818182
PCDHB11,0.041822750288499376,12,0.75
PCDHB12,0.02703958165027299,8,0.75
PCDHB13,0.0358257549217112,11,0.7272727272727273
PCDHB14,0.037109979309878444,12,0.6666666666666666
PCDHB15,0.02797780974741177,18,0.9444444444444444
PCDHB16,0.03722746144905584,19,0.8947368421052632
PCDHB17,0.05781737729681309,5,1.0
PCDHB18,0.03158459006869486,6,0.8333333333333334
PCDHB19P,0.04680243967245881,3,1.0
PCDHB2,0.04174937435646121,17,0.8235294117647058
PCDHB3,0.038154097335565795,17,0.7647058823529411
PCDHB4,0.04138358665959221,19,0.7894736842105263
PCDHB5,0.03740767020329258,16,0.8125
PCDHB6,0.03080024348196273,17,0.8235294117647058
PCDHB7,0.0276914957728596,16,0.8125
PCDHB8,0.057508119782797594,10,0.9
PCDHB9,0.03271701792803213,13,0.8461538461538461
PCDHGA1,0.03375974691927758,12,0.9166666666666666
PCDHGA10,0.03235666016172128,15,1.0
PCDHGA11,0.027397637576178954,22,0.7727272727272727
PCDHGA12,0.027098570453779586,21,0.6666666666666666
PCDHGA2,0.030457401978176576,16,0.8125
PCDHGA3,0.03171060501181336,18,0.8888888888888888
PCDHGA4,0.03196683042748842,16,0.8125
PCDHGA5,0.0331453618148161,18,0.7777777777777778
PCDHGA6,0.03411762229297669,16,0.8125
PCDHGA7,0.03425673718885678,13,0.8461538461538461
PCDHGA8,0.04341090478773541,15,0.8666666666666667
PCDHGA9,0.0378715738929388,9,0.7777777777777778
PCDHGB1,0.028086788691567298,15,0.8666666666666667
PCDHGB2,0.039617652591547904,14,0.9285714285714286
PCDHGB3,0.029003563242730814,11,0.8181818181818182
PCDHGB4,0.029423998600988637,18,0.8333333333333334
PCDHGB5,0.028964888456185355,13,0.6923076923076923
PCDHGB6,0.017820572403607318,12,0.6666666666666666
PCDHGB7,0.030952366727076734,18,0.7777777777777778
PCDHGB8P,0.050142513695794866,4,0.75
PCDHGC3,0.020352024860902936,21,0.7619047619047619
PCDHGC4,0.02746785572398721,10,0.6
PCDHGC5,0.015830589520746237,8,0.75
PCDP1,0.01971605535100234,10,0.9
PCF11,0.021669834793869063,12,0.9166666666666666
PCGF1,0.021868050475763564,8,1.0
PCGF2,0.011872281916728974,16,0.8125
PCGF3,0.015276096053388815,63,0.6984126984126984
PCGF5,0.026205842951206215,11,1.0
PCGF6,0.012646393632777248,11,0.7272727272727273
PCID2,0.011974219549696689,13,0.7692307692307693
PCIF1,-0.004451091986229991,13,0.8461538461538461
PCK1,0.04033540566038819,7,0.8571428571428571
PCK2,0.029594324921827227,7,0.7142857142857143
PCLO,0.030609093803068144,10,0.6
PCM1,0.01563041662583579,14,0.7142857142857143
PCMT1,0.011039430685943496,10,0.7
PCMTD1,0.0221269340234705,12,0.9166666666666666
PCMTD2,0.017837385269412823,10,0.6
PCNA,0.012122023226193119,23,0.5217391304347826
PCNAP1,0.02934620991663402,3,1.0
PCNP,0.019385948309547676,9,0.7777777777777778
PCNT,0.015421828973718864,8,0.5
PCNX,0.015872319277627514,8,0.75
PCNXL2,0.025875346577069806,9,1.0
PCNXL3,0.018858642410400268,8,1.0
PCOLCE,0.03466851971364785,10,0.9
PCOLCE2,0.01738868631469362,11,0.7272727272727273
PCOTH,0.025102400809699242,23,0.7391304347826086
PCP2,0.048339800112413886,5,1.0
PCP4,0.04018607447782167,5,1.0
PCP4L1,0.025998588639491765,6,0.8333333333333334
PCSK1,0.026958935403551487,11,0.8181818181818182
PCSK1N,0.03513769923456106,5,0.8
PCSK2,0.016862682894206484,10,0.7
PCSK4,0.016394806484023437,13,0.8461538461538461
PCSK5,0.026779295633215787,4,1.0
PCSK6,0.009458499471876661,5,0.4
PCSK7,0.01926213749996676,11,0.7272727272727273
PCSK9,0.012582868346780155,13,0.7692307692307693
PCTP,0.011782251464321275,11,0.6363636363636364
PCYOX1,0.022617048410983148,12,0.6666666666666666
PCYOX1L,0.009890468064780254,10,1.0
PCYT1A,-0.005180269235354736,16,0.8125
PCYT1B,0.03562573834021929,18,0.8333333333333334
PCYT2,0.017661553178021584,15,0.6666666666666666
PDAP1,0.014200053450005036,13,0.7692307692307693
PDC,0.017795820970270926,3,0.0
PDCD1,0.005159387763191338,9,0.5555555555555556
PDCD10,0.02120907099750066,14,0.9285714285714286
PDCD11,0.013031059791279182,17,0.7647058823529411
PDCD1LG2,0.0451649924258343,3,0.6666666666666666
PDCD2,0.011014884468795094,10,0.6
PDCD2L,0.018015522245141538,8,0.625
PDCD4,0.019839663575571737,19,0.5263157894736842
PDCD5,0.013640942420601519,5,1.0
PDCD6,0.006662964520577599,13,0.7692307692307693
PDCD6IP,0.029575114390873906,11,1.0
PDCD7,0.018235010994196086,11,0.8181818181818182
PDCL,0.025523215129864153,4,1.0
PDCL2,0.033782306742584464,7,0.7142857142857143
PDCL3,0.02391770579561965,10,1.0
PDDC1,0.022971518517376523,5,0.8
PDE10A,0.028804480819538743,26,0.7307692307692307
PDE11A,0.013440808492941046,25,0.56
PDE12,0.017683633835169268,18,0.7222222222222222
PDE1A,0.03220593663313367,5,0.8
PDE1B,0.022144118901234872,12,0.5833333333333334
PDE1C,0.021382885810539057,13,0.9230769230769231
PDE2A,0.024875784479835846,23,0.7391304347826086
PDE3A,0.01835820087060203,16,0.875
PDE3B,0.02303566439899737,13,0.6923076923076923
PDE4A,0.022642923346990883,23,0.6956521739130435
PDE4B,0.026284212406278467,27,0.7037037037037037
PDE4C,0.02244606749939841,27,0.7407407407407407
PDE4D,0.018048607090451717,31,0.7741935483870968
PDE4DIP,0.02066944172238361,25,0.72
PDE5A,0.015129606269273588,15,0.6
PDE6A,0.04277382754103888,5,1.0
PDE6B,0.033451675892373696,29,0.8275862068965517
PDE6C,0.054294014697448864,5,0.8
PDE6D,0.019388930064977068,12,0.9166666666666666
PDE6G,0.030621393410860974,8,0.875
PDE6H,0.05037126975815815,6,0.8333333333333334
PDE7A,0.014440992473489157,13,0.6923076923076923
PDE7B,0.027046883081521825,9,0.7777777777777778
PDE8A,0.01101783706891586,8,0.5
PDE8B,0.027267918188072792,6,0.5
PDE9A,0.024534002659070145,31,0.9032258064516129
PDF,0.015294143058825788,11,0.6363636363636364
PDGFA,0.01977611276985469,11,0.7272727272727273
PDGFB,0.01853077881052116,16,0.625
PDGFC,0.024923475495995065,11,0.8181818181818182
PDGFD,0.025492061417313673,10,0.9
PDGFRA,0.01881363009520089,35,0.8
PDGFRB,0.046027683971502344,9,0.8888888888888888
PDGFRL,0.023307541181495684,11,0.9090909090909091
PDHA1,0.034933232661371626,7,0.8571428571428571
PDHA2,0.02673498421170323,11,0.7272727272727273
PDHB,0.011809573361187122,8,0.75
PDHX,0.012250075381196537,19,0.7368421052631579
PDIA2,0.027317371526448687,12,0.75
PDIA3,0.011125430066177763,8,0.5
PDIA3P,-0.0006929159160153168,3,0.3333333333333333
PDIA4,0.014940372716923283,10,0.9
PDIA5,0.015993741949824874,10,0.6
PDIA6,0.017064915488681096,11,0.8181818181818182
PDIK1L,0.008835962297008964,15,0.6666666666666666
PDILT,0.038080320152293054,4,1.0
PDK1,0.011400007633023694,8,0.5
PDK2,0.02055161764448493,12,0.75
PDK3,0.011408359654648021,11,0.7272727272727273
PDK4,0.022187122351591117,11,0.7272727272727273
PDLIM1,0.023399125162383225,8,0.875
PDLIM2,0.030244780456189047,10,0.7
PDLIM3,0.020414908134193586,7,0.5714285714285714
PDLIM4,0.021544902420572574,10,0.7
PDLIM5,0.022364906872263723,14,0.5714285714285714
PDLIM7,0.015864942824273948,10,1.0
PDP1,0.012965879033178846,15,0.5333333333333333
PDP2,0.016028670227557898,10,0.8
PDPK1,0.009481161772627495,8,0.5
PDPN,0.022476204302962443,20,0.65
PDPR,0.017309220730105483,6,1.0
PDRG1,0.014392923724653506,11,0.5454545454545454
PDS5A,0.02030760804604945,14,0.7142857142857143
PDS5B,0.024901809556630922,14,0.8571428571428571
PDSS1,0.023562903356488,6,0.6666666666666666
PDSS2,0.014476430142680114,16,0.6875
PDX1,0.02899838423144251,15,0.8666666666666667
PDXDC1,0.026520548684336686,5,1.0
PDXDC2,0.010497709628206823,6,0.6666666666666666
PDXK,0.01189151332740372,6,0.6666666666666666
PDXP,0.018988433688917554,8,0.75
PDYN,0.03697717968890527,8,0.875
PDZD11,0.028630083078722616,13,0.8461538461538461
PDZD2,0.0299463369872293,6,0.5
PDZD3,0.028939336690254027,3,0.6666666666666666
PDZD4,0.022517655931336603,5,0.8
PDZD7,0.014363784948962425,13,0.7692307692307693
PDZD8,0.009123404402993038,10,0.5
PDZK1,-0.016497536263914765,7,1.0
PDZK1IP1,-0.009882984614781988,8,0.875
PDZRN3,0.02235612648201921,15,0.7333333333333333
PDZRN4,0.03882465435621785,11,0.8181818181818182
PEA15,0.02315955521466488,10,0.9
PEAR1,0.03675968622351867,11,0.8181818181818182
PEBP1,0.01897359355068693,11,0.8181818181818182
PEBP4,0.02993438208457596,7,1.0
PECAM1,0.038037730506274424,6,0.8333333333333334
PECI,0.01423544682113595,17,0.47058823529411764
PECR,0.012033619786908404,15,0.6
PEF1,0.020539922317359578,11,0.8181818181818182
PEG10,0.02673046788625705,93,0.6559139784946236
PEG3,0.043697989877588515,45,0.8666666666666667
PEG3AS,0.01701530729485698,1,0.0
PELI1,0.029229315723236955,15,0.8
PELI2,0.024925816412865644,7,0.8571428571428571
PELI3,0.019240077813807047,12,0.6666666666666666
PELO,0.021622153525901498,24,0.8333333333333334
PELP1,0.01881059764483877,14,0.8571428571428571
PEMT,0.021282793289238253,21,0.7619047619047619
PENK,0.013128724248452428,20,0.8
PEPD,0.021383093020632103,10,1.0
PER1,0.01550886632465719,13,0.8461538461538461
PER2,0.004344103133900728,11,0.7272727272727273
PER3,0.01422137743306746,10,0.6
PER4,0.06981974228897157,2,1.0
PERP,0.02200689263788376,9,0.6666666666666666
PES1,0.03161794459430197,8,1.0
PET112L,0.022120977718379606,13,0.9230769230769231
PET117,0.023107284828057347,12,0.75
PEX1,0.017233303949788597,11,0.7272727272727273
PEX10,0.01453905666295114,24,0.625
PEX11A,0.016577063666345572,14,0.7857142857142857
PEX11B,0.01271984106987895,12,0.8333333333333334
PEX11G,0.017247284834883695,6,0.8333333333333334
PEX12,0.02632463493112339,14,0.7857142857142857
PEX13,0.03079141200842536,11,0.9090909090909091
PEX14,0.03156825252597562,7,0.5714285714285714
PEX16,0.013855502598054055,7,0.8571428571428571
PEX19,0.03014481423794437,11,1.0
PEX26,0.01651812737419436,13,0.8461538461538461
PEX3,0.018421611124495457,19,0.631578947368421
PEX5,0.010345107307288104,22,0.7272727272727273
PEX5L,0.010778329591146267,11,0.6363636363636364
PEX6,0.0034373417898294753,14,0.7857142857142857
PEX7,0.027681293481277756,8,1.0
PF4,0.03704625804145048,9,1.0
PF4V1,0.03756973904876587,5,0.8
PFAS,0.018657580522042867,16,0.875
PFDN1,0.025462871472551996,9,0.7777777777777778
PFDN2,0.038000059786627335,9,1.0
PFDN4,0.028903748633325444,10,0.8
PFDN5,0.0302337415299935,9,1.0
PFDN6,0.023154458990746463,39,0.9487179487179487
PFKFB1,0.04680658786984287,7,1.0
PFKFB2,0.012216467794198743,17,0.7058823529411765
PFKFB3,0.015094492251064105,23,0.6521739130434783
PFKFB4,0.01431482196671356,11,1.0
PFKL,0.008091321490793781,6,0.6666666666666666
PFKM,0.023007615184814777,23,0.8260869565217391
PFKP,0.011449517005356302,10,0.6
PFN1,0.020015589109796596,7,0.7142857142857143
PFN2,0.018434596226533376,9,0.7777777777777778
PFN3,0.019830781198249332,9,0.7777777777777778
PFN4,0.021562431876413116,10,0.7
PGA3,0.03502547606631606,3,0.6666666666666666
PGA5,0.04450825061405749,3,0.6666666666666666
PGAM1,0.016898996778224575,10,0.8
PGAM2,0.02178320764937937,9,0.8888888888888888
PGAM4,0.03284449185861469,6,0.6666666666666666
PGAM5,0.00039250559430609237,6,0.3333333333333333
PGAP1,0.02330308956037962,5,0.8
PGAP2,0.01696488147567748,34,0.6764705882352942
PGAP3,0.027582614341993376,13,0.8461538461538461
PGBD1,0.01771215026002867,11,0.45454545454545453
PGBD2,0.02326848484833662,8,0.5
PGBD3,0.01679683981803142,7,0.5714285714285714
PGBD4,0.024377519388304753,14,0.9285714285714286
PGBD5,0.05493414399636189,7,1.0
PGC,0.040830073436531014,7,1.0
PGCP,0.017607264872455036,21,0.6666666666666666
PGD,0.007860387035547983,12,0.5
PGF,0.014929408905011913,9,0.5555555555555556
PGGT1B,0.025923376227552797,12,0.6666666666666666
PGK1,0.018692596659124757,14,0.42857142857142855
PGK2,0.04743097738837228,7,1.0
PGLS,0.01999642682792428,9,0.6666666666666666
PGLYRP1,0.030779900229385464,12,0.75
PGLYRP2,0.055772360496550946,7,1.0
PGLYRP3,0.05119308438100003,6,1.0
PGLYRP4,0.06539011837102587,6,1.0
PGM1,0.015499471060634033,9,0.8888888888888888
PGM2,0.022418607391224057,7,0.8571428571428571
PGM2L1,0.024774763464290583,11,0.5454545454545454
PGM3,0.021359216800450897,19,0.6842105263157895
PGM5,0.04302300457750052,2,1.0
PGM5P2,0.026463997904219008,1,1.0
PGP,0.01417516513351102,11,0.7272727272727273
PGPEP1,0.0183013945914347,10,0.6
PGR,0.018556569907196497,15,0.7333333333333333
PGRMC1,0.025694001459614407,12,0.6666666666666666
PGRMC2,0.020669900068372698,10,0.7
PGS1,0.012358065775077767,10,0.8
PHACTR1,0.03814798035509599,10,0.8
PHACTR2,0.01296442038886264,13,0.6923076923076923
PHACTR3,0.03165951644671171,16,0.8125
PHACTR4,0.01401455033795519,16,0.625
PHAX,0.022281008216963605,8,0.75
PHB,0.026935520257880718,12,0.9166666666666666
PHB2,0.020353619570129714,11,0.8181818181818182
PHC1,0.02672791189336589,6,0.8333333333333334
PHC2,0.01959148485979721,24,0.8333333333333334
PHC3,0.01766588997390786,7,0.5714285714285714
PHEX,0.0255166111180736,5,0.8
PHF1,0.01644016466081006,28,0.6785714285714286
PHF10,0.012192083223694245,8,0.25
PHF11,0.02808524405001632,16,0.75
PHF12,0.029039538270371142,6,1.0
PHF13,0.01710375981869241,12,0.75
PHF14,0.017820986152545286,15,0.4666666666666667
PHF15,-0.0004321297156552741,14,0.7857142857142857
PHF16,0.03524928173452986,10,0.7
PHF17,0.018034164934601405,23,0.6956521739130435
PHF19,0.02835492308292654,7,1.0
PHF2,0.030855186798328854,3,1.0
PHF20,0.018225917569852534,15,0.6
PHF20L1,0.011455027873521137,8,0.5
PHF21A,0.014276159607052403,11,0.6363636363636364
PHF21B,0.008845292996871163,14,0.7142857142857143
PHF23,0.0267970355583389,9,0.8888888888888888
PHF3,-0.04617663386218813,3,0.3333333333333333
PHF5A,0.021417451185766295,14,0.7857142857142857
PHF6,0.029741176202739885,11,0.7272727272727273
PHF7,0.016000925630827285,16,0.6875
PHF8,0.04438575901058628,9,0.8888888888888888
PHGDH,0.04553947364747314,5,1.0
PHGR1,0.055831782220681934,6,1.0
PHIP,0.010353089258534405,13,0.6923076923076923
PHKA1,0.04680023177004553,7,0.8571428571428571
PHKA2,0.0231518029246849,12,0.75
PHKB,0.023451663791900054,11,0.8181818181818182
PHKG1,0.019109803482780387,10,0.8
PHKG2,0.014520683778669509,9,0.5555555555555556
PHLDA1,0.031155811139260563,7,1.0
PHLDA2,0.009079750894690031,32,0.625
PHLDA3,0.009859324371725089,10,0.8
PHLDB1,0.008885028029010433,20,0.85
PHLDB2,0.020959696360192515,26,0.6923076923076923
PHLDB3,0.013902856404976132,12,0.5
PHLPP1,0.015178736004087425,13,0.6923076923076923
PHLPP2,0.006806150425279056,5,0.2
PHOSPHO1,0.011572905345562346,12,0.6666666666666666
PHOSPHO2,0.019867120513107572,18,0.7777777777777778
PHOX2A,0.011759769349023534,12,0.8333333333333334
PHOX2B,0.03677699264361887,9,0.7777777777777778
PHPT1,0.01919534753689761,10,0.8
PHRF1,0.010471338598910267,17,0.8823529411764706
PHTF1,0.02608982280736957,12,0.8333333333333334
PHTF2,-0.0026655356427148003,38,0.7368421052631579
PHYH,0.020269939159648327,10,0.6
PHYHD1,0.06228714790147123,8,0.875
PHYHIP,0.02920820400492816,12,0.8333333333333334
PHYHIPL,0.025677055507678338,17,0.6470588235294118
PI15,0.05818106363607221,5,1.0
PI16,0.03746665373861943,2,1.0
PI3,0.046339950393614625,3,1.0
PI4K2A,0.011884558838165736,13,0.6153846153846154
PI4K2B,0.009196050055562276,9,0.6666666666666666
PI4KA,0.014731948585490855,19,0.7894736842105263
PI4KAP1,-0.009836870035595488,3,0.6666666666666666
PI4KAP2,0.01310409177069936,2,0.5
PI4KB,0.016265950379497532,7,1.0
PIAS1,0.015538712283432773,8,0.75
PIAS2,0.02035688922493968,6,0.6666666666666666
PIAS3,0.013928102143828834,7,0.8571428571428571
PIAS4,0.011887088441305487,6,0.5
PIBF1,0.021943427607937382,16,0.75
PICALM,0.013058909418804937,6,1.0
PICK1,0.017402474837467125,12,0.9166666666666666
PID1,0.023354608418075653,11,0.9090909090909091
PIF1,0.021671700321473728,10,1.0
PIGA,0.02424805456706331,13,0.9230769230769231
PIGB,0.020680048282392862,9,0.6666666666666666
PIGC,0.023043918130440426,13,0.7692307692307693
PIGF,0.024011018608989496,11,1.0
PIGG,0.005637018068710145,7,0.5714285714285714
PIGH,0.01136131803827427,9,0.7777777777777778
PIGK,0.010415365246990842,7,0.5714285714285714
PIGL,0.020128430523202217,12,0.75
PIGM,0.02556157492161321,12,0.9166666666666666
PIGN,0.019386818197179963,11,0.6363636363636364
PIGO,0.021905191581278932,10,0.8
PIGP,0.016318548884387708,11,0.6363636363636364
PIGQ,0.022060964369286767,17,0.9411764705882353
PIGR,0.048505591271599036,6,1.0
PIGS,0.028667801873164575,8,1.0
PIGT,0.0096663692403288,11,0.45454545454545453
PIGU,0.014969976672862617,10,0.7
PIGV,0.027701812281985143,23,0.782608695652174
PIGW,0.019370538392418247,17,0.6470588235294118
PIGX,0.02350598049091646,6,0.8333333333333334
PIGY,0.0217327324448352,15,0.6666666666666666
PIGZ,0.03159325838497247,11,0.9090909090909091
PIH1D1,0.020962509802742328,7,0.7142857142857143
PIH1D2,0.02840459243534195,15,0.9333333333333333
PIK3AP1,0.026388175026550185,7,0.8571428571428571
PIK3C2A,-0.00032044575824015836,3,0.0
PIK3C2B,0.028672961518069952,8,0.75
PIK3C2G,0.029434457218421584,4,0.75
PIK3C3,0.019446675970389377,8,0.375
PIK3CA,0.032552785419635,17,0.7647058823529411
PIK3CB,0.011170783391922179,5,0.4
PIK3CD,0.019541742406884027,36,0.7222222222222222
PIK3CG,0.03175589281925366,8,0.75
PIK3IP1,0.030735005622772354,7,1.0
PIK3R1,0.028026355359413346,22,0.7727272727272727
PIK3R2,0.012910590202781623,14,0.6428571428571429
PIK3R3,0.014808174652402112,20,0.75
PIK3R4,0.030398238534312245,10,0.8
PIK3R5,0.02913762452545222,23,0.8260869565217391
PIK3R6,0.04211121505351677,9,1.0
PIKFYVE,0.01744154939725814,12,0.6666666666666666
PILRA,0.03787156352606295,7,1.0
PILRB,0.017904168620002273,22,0.8181818181818182
PIM1,0.013168130456950464,12,0.75
PIM2,0.04496353541279681,10,0.8
PIM3,0.012391479928338583,12,0.75
PIN1,0.013006410882447849,9,0.8888888888888888
PIN1L,-0.00011117776712708805,2,0.0
PIN4,0.026346132938613164,7,0.8571428571428571
PINK1,0.0158831968288037,13,0.6923076923076923
PINX1,0.015102098923820298,7,1.0
PION,0.02496352272004015,4,0.5
PIP,0.06103753925742537,6,1.0
PIP4K2A,0.018352145628645383,6,0.6666666666666666
PIP4K2B,0.025520393249896627,8,0.875
PIP4K2C,0.02073657707646585,11,0.6363636363636364
PIP5K1A,0.0235680716465893,14,0.8571428571428571
PIP5K1B,0.03685181788470784,15,0.9333333333333333
PIP5K1C,0.018558924490034562,6,0.6666666666666666
PIP5KL1,0.023061970761683478,5,0.6
PIPOX,0.03569065696331641,7,0.8571428571428571
PIPSL,-0.0746275749046089,3,0.6666666666666666
PIR,0.02748129782621232,12,0.8333333333333334
PIRT,0.028896484507726656,9,0.7777777777777778
PISD,0.02175355451976347,13,0.7692307692307693
PISRT1,0.020594321769458707,3,1.0
PITPNA,0.012969787365634715,6,0.6666666666666666
PITPNB,0.010197242829138269,9,0.8888888888888888
PITPNC1,0.012405047544757403,14,0.7857142857142857
PITPNM1,0.007912933454707716,7,0.5714285714285714
PITPNM2,0.010931073801588205,17,0.8823529411764706
PITPNM3,0.02204037491819096,4,0.5
PITRM1,0.016257823667150655,10,0.4
PITX1,0.008813128370549197,11,0.5454545454545454
PITX2,0.021967758564095843,30,0.7333333333333333
PITX3,0.02616391196974346,15,0.8
PIWIL1,0.011635928733480008,19,0.6842105263157895
PIWIL2,0.023681991331095966,17,0.7647058823529411
PIWIL3,0.031269908330780846,16,0.625
PIWIL4,0.009165072757182266,6,0.6666666666666666
PJA1,0.04590908102195857,8,0.875
PJA2,0.02885821428823594,16,0.5625
PKD1,0.0268043283532283,4,0.75
PKD1L1,0.03259991828997009,3,1.0
PKD1L2,0.04541754196171866,7,0.8571428571428571
PKD1L3,0.038519651329816586,3,1.0
PKD2,0.016637855085693095,7,1.0
PKD2L1,0.0395543338609893,9,1.0
PKD2L2,0.023679473047913208,6,0.6666666666666666
PKDCC,-0.01565315285683179,6,0.5
PKDREJ,0.015331150714142927,12,0.6666666666666666
PKHD1,0.04689901095032324,5,0.8
PKHD1L1,0.02740069887432202,9,0.5555555555555556
PKIA,0.008105983110764043,14,0.7142857142857143
PKIB,0.020590128436031602,33,0.7272727272727273
PKIG,0.02879296676548206,10,0.9
PKLR,0.049048213296386554,6,1.0
PKM2,0.015242618811686412,19,0.8947368421052632
PKMYT1,0.025686943979928146,7,1.0
PKN1,0.019098143353527067,15,0.7333333333333333
PKN2,0.019060740784643947,10,0.8
PKN3,0.024303010349022214,5,1.0
PKNOX1,0.0174981683864532,14,0.6428571428571429
PKNOX2,0.03129347311180975,56,0.8928571428571429
PKP1,-0.016863497845913317,11,1.0
PKP2,0.0267974893045934,6,0.6666666666666666
PKP3,0.017157842597380065,13,0.6153846153846154
PKP4,0.008357483978784278,18,0.5
PL-5283,0.02377983158673089,6,0.6666666666666666
PLA1A,0.052065397157007164,6,1.0
PLA2G12A,0.02104841941190062,8,0.75
PLA2G12B,0.04227350947845373,4,1.0
PLA2G15,0.010544499354610548,8,0.75
PLA2G16,0.02596596548345991,9,0.4444444444444444
PLA2G1B,0.04226424849827191,3,0.6666666666666666
PLA2G2A,0.04650502670616148,7,0.8571428571428571
PLA2G2C,0.0327055833714027,5,0.8
PLA2G2D,0.023519863904156557,4,0.75
PLA2G2E,0.036538459672080956,8,1.0
PLA2G2F,0.04260682665189181,6,1.0
PLA2G3,0.03188622820582737,9,0.7777777777777778
PLA2G4A,0.016410952347696735,3,0.6666666666666666
PLA2G4B,0.048814782080662734,3,1.0
PLA2G4C,0.009020268635549954,7,0.8571428571428571
PLA2G4D,0.04056642981282067,7,0.7142857142857143
PLA2G4E,0.02506466805528086,6,0.8333333333333334
PLA2G4F,0.03838425633606681,6,1.0
PLA2G5,-0.005929903748527901,7,0.7142857142857143
PLA2G6,0.01883409490002886,13,0.6923076923076923
PLA2G7,0.023958871500794083,20,0.8
PLA2R1,0.012698223184223973,12,0.6666666666666666
PLAA,0.018797987998719668,2,1.0
PLAC1,0.027169199057486843,5,0.6
PLAC1L,0.05649839749118216,5,1.0
PLAC2,0.01860290707020062,5,0.8
PLAC4,0.04267416150318406,6,1.0
PLAC8,0.011080445331278856,18,0.7777777777777778
PLAC8L1,0.02051991081183678,4,0.5
PLAC9,0.01687095331905774,8,0.625
PLAG1,0.017158184760265337,14,0.42857142857142855
PLAGL1,0.027828221165877368,60,0.6833333333333333
PLAGL2,0.015856500173153657,15,0.6666666666666666
PLAT,0.04251962390575563,8,1.0
PLAU,0.016172656342835604,13,0.9230769230769231
PLAUR,0.02784607674093377,4,1.0
PLB1,0.04954085575278035,5,1.0
PLBD1,0.01728910595731092,11,0.9090909090909091
PLBD2,0.012786713478892976,9,0.4444444444444444
PLCB1,0.022042970735626284,5,1.0
PLCB2,0.01933037743075777,8,0.875
PLCB3,0.010399957513976507,6,0.5
PLCB4,-0.04678949127278964,5,0.2
PLCD1,-0.016147090204922103,14,0.7142857142857143
PLCD3,0.012052586799055227,7,0.8571428571428571
PLCD4,0.021552333822439804,5,0.6
PLCE1,0.038823849362051695,15,0.8666666666666667
PLCG1,0.010792436170775965,9,0.5555555555555556
PLCG2,0.032349962960705206,10,1.0
PLCH1,0.012580087125473611,16,0.875
PLCH2,0.020915081876910723,7,0.7142857142857143
PLCL1,0.023969851489520334,9,0.7777777777777778
PLCL2,0.01976970840727794,14,0.6428571428571429
PLCXD2,0.01712609957181726,13,0.7692307692307693
PLCXD3,0.03605196929938264,6,1.0
PLCZ1,0.031339931141144486,5,0.8
PLD1,0.01506354456562498,21,0.7619047619047619
PLD2,0.011087649795177977,9,0.5555555555555556
PLD3,0.01938467445058755,27,0.7777777777777778
PLD4,0.029528098282834526,8,0.75
PLD5,0.03163640349788078,22,0.8636363636363636
PLD6,0.015771538675040404,15,0.7333333333333333
PLDN,0.012810028823167204,12,0.6666666666666666
PLEC1,0.014558712249390718,77,0.8311688311688312
PLEK,0.014002601163429385,7,0.5714285714285714
PLEK2,0.026229804709024408,5,1.0
PLEKHA1,0.02391512389033981,14,0.7857142857142857
PLEKHA2,0.026003149509909073,15,0.8666666666666667
PLEKHA3,0.014840529078059493,15,0.6
PLEKHA4,0.037622622310230475,5,1.0
PLEKHA5,0.022806513625614738,14,0.5714285714285714
PLEKHA6,0.041977071252107825,29,0.9310344827586207
PLEKHA7,0.03232354696046033,8,0.875
PLEKHA8,0.018650638094225833,6,0.6666666666666666
PLEKHA9,0.020789505657962785,23,0.7391304347826086
PLEKHB1,0.036164228874515134,20,1.0
PLEKHB2,0.018447090336813434,14,0.8571428571428571
PLEKHF1,-0.011754402524478763,13,0.7692307692307693
PLEKHF2,0.018663469368683287,10,0.6
PLEKHG1,0.03722714622482374,13,0.9230769230769231
PLEKHG2,0.022430882185994903,11,0.9090909090909091
PLEKHG3,0.019265272104661887,24,0.875
PLEKHG4,0.019706311483822687,16,0.875
PLEKHG4B,0.015979939501255355,8,1.0
PLEKHG5,0.01712537160219543,45,0.7777777777777778
PLEKHG6,0.018592827035068246,23,0.5217391304347826
PLEKHG7,0.03375533095436768,8,0.75
PLEKHH1,0.02024841975323811,14,0.8571428571428571
PLEKHH2,0.019204829044968705,15,0.6666666666666666
PLEKHH3,0.01839857198633195,13,0.6923076923076923
PLEKHJ1,0.018267618917952255,13,0.7692307692307693
PLEKHM1,0.013395954097615138,9,0.7777777777777778
PLEKHM1P,0.006570985570309001,5,1.0
PLEKHM2,0.021410714921027262,7,0.7142857142857143
PLEKHM3,0.02617253563260953,11,0.8181818181818182
PLEKHN1,-0.002468205549118735,11,0.9090909090909091
PLEKHO1,0.024989605197190276,6,0.6666666666666666
PLEKHO2,0.007402749846374983,8,0.875
PLG,0.05388655599206854,3,1.0
PLGLA,0.04654324530576631,1,1.0
PLIN1,0.04034157215282046,4,1.0
PLIN2,0.016100320644269934,3,0.6666666666666666
PLIN3,0.013173726458604844,11,0.6363636363636364
PLIN4,0.04047723737319767,6,0.8333333333333334
PLIN5,0.02046058669421433,12,0.75
PLK1,0.023746838860521324,8,0.75
PLK1S1,0.018084777261475848,12,0.5
PLK2,0.012342593181975805,13,0.6923076923076923
PLK3,0.0183110335693346,9,0.8888888888888888
PLK4,0.01425824427471636,10,0.3
PLK5P,0.02783930971705395,4,1.0
PLLP,0.010783964726407236,11,0.5454545454545454
PLN,0.018848184699630316,1,0.0
PLOD1,0.017859439965054073,8,1.0
PLOD2,0.026365488603443493,10,0.7
PLOD3,0.01657370975451424,17,0.7647058823529411
PLP1,0.05501184927686711,8,1.0
PLP2,0.04828942808133749,12,1.0
PLRG1,0.01937244724677484,9,0.7777777777777778
PLS1,0.0218261894896978,15,0.6666666666666666
PLS3,0.018742336522883277,15,0.6
PLSCR1,0.030489461008103094,14,0.7857142857142857
PLSCR2,0.012013637825864459,11,0.5454545454545454
PLSCR3,0.01689041685908915,9,0.7777777777777778
PLSCR4,0.03259366440261157,13,0.6153846153846154
PLSCR5,0.030067625008087365,2,0.5
PLTP,0.023782077572494772,10,0.8
PLUNC,0.0477560295186886,6,0.8333333333333334
PLVAP,0.03296708492183744,10,0.6
PLXDC1,0.02004573584244237,10,0.9
PLXDC2,0.018257837026730544,12,0.6666666666666666
PLXNA1,0.030391407267005857,9,0.5555555555555556
PLXNA2,0.03901675838131737,16,0.9375
PLXNA3,0.032474321099051476,5,1.0
PLXNA4,0.016989908923916334,36,0.6944444444444444
PLXNB1,-0.014567045797855465,14,0.7857142857142857
PLXNB2,-0.045017781450188886,14,0.9285714285714286
PLXNB3,0.025404033279618356,9,0.8888888888888888
PLXNC1,0.010838644982763155,9,0.8888888888888888
PLXND1,0.025650964286942045,10,0.8
PM20D1,0.04003563546032002,7,0.8571428571428571
PM20D2,0.021849472831863705,8,0.875
PMAIP1,0.01913752130099497,10,0.5
PMCH,-0.0016987619633470341,2,0.0
PMCHL1,0.07653089445797502,2,1.0
PMCHL2,0.05611056614190661,2,1.0
PMEPA1,-0.025329744740426274,49,0.6938775510204082
PMF1,0.029848642506300937,11,1.0
PMFBP1,0.039168838712101514,5,1.0
PML,0.025618811944534903,9,0.8888888888888888
PMM1,0.019285312365615766,10,0.8
PMM2,0.02115575064381326,8,0.875
PMP2,-0.06249656727148301,6,0.5
PMP22,0.013326131035117898,25,0.76
PMPCA,0.02300508747231804,1,1.0
PMPCB,0.01601439143869026,10,0.7
PMS1,0.01924213795631264,15,0.8666666666666667
PMS2,0.013004750112258103,11,0.7272727272727273
PMS2CL,0.018638315372660846,3,1.0
PMS2L1,0.014580936678914056,8,0.625
PMS2L11,0.020867220081246616,7,0.7142857142857143
PMS2L2,0.009997348398836606,6,0.16666666666666666
PMS2L3,0.010239642334712471,8,0.75
PMS2L4,0.015618325097037738,11,0.8181818181818182
PMS2L5,0.012111846844773483,5,0.6
PMVK,0.022181797845178253,14,0.9285714285714286
PNCK,0.019084296501227224,15,0.8666666666666667
PNKD,0.013453753820728146,18,0.7222222222222222
PNKP,0.01500591747177779,6,0.6666666666666666
PNLDC1,0.02109494906510054,12,0.8333333333333334
PNLIP,0.019757860972776292,6,0.8333333333333334
PNLIPRP1,0.05661799986587365,6,1.0
PNLIPRP2,0.016146624783369333,5,1.0
PNLIPRP3,0.011576421690294325,3,0.3333333333333333
PNMA1,0.017927067535540287,14,0.7142857142857143
PNMA2,0.012578682922036061,17,0.6470588235294118
PNMA3,0.028895237750116903,8,0.75
PNMA5,0.048079758790415185,6,1.0
PNMAL1,0.016781792260468484,9,0.5555555555555556
PNMAL2,0.029474525931786077,19,0.7894736842105263
PNMT,0.011497899598330454,9,0.6666666666666666
PNN,0.01685327630676695,9,0.8888888888888888
PNO1,0.022278739078044184,11,0.9090909090909091
PNOC,0.03486002749996226,13,1.0
PNP,0.036783679368475576,7,1.0
PNPLA1,0.028777513579934095,19,0.6842105263157895
PNPLA2,0.019434974218771182,9,0.8888888888888888
PNPLA3,0.020707954476441498,7,0.7142857142857143
PNPLA4,0.029340481151033958,17,0.8823529411764706
PNPLA5,0.024178343947658474,9,1.0
PNPLA6,0.016537102758186234,23,0.8260869565217391
PNPLA7,0.009886903386498867,4,0.75
PNPLA8,0.01728923967278488,13,0.46153846153846156
PNPO,0.01767009415784108,9,0.8888888888888888
PNPT1,0.0212948738107052,8,0.625
PNRC1,0.023401084318240655,10,0.6
PNRC2,0.01865201215089762,12,0.8333333333333334
PODN,0.018521016898713962,7,0.8571428571428571
PODNL1,0.005559276875777984,13,0.8461538461538461
PODXL,0.009726264255788925,8,0.875
PODXL2,0.02015212051385117,8,0.75
POF1B,0.0531587815575133,4,1.0
POFUT1,0.00916910711924569,12,0.5833333333333334
POFUT2,0.011595056689701098,14,0.42857142857142855
POGK,0.017946361580570877,9,0.7777777777777778
POGZ,0.008421692320200017,14,0.5714285714285714
POL3S,0.02811872763081122,4,1.0
POLA1,0.007162649184235354,6,0.8333333333333334
POLA2,0.018946540013156418,12,0.9166666666666666
POLB,0.021354365054860252,8,0.75
POLD1,0.019758582873418362,8,0.875
POLD2,0.012594348967506941,13,0.6923076923076923
POLD3,0.018846275643725777,10,0.8
POLD4,0.016090346085228593,10,0.7
POLDIP2,0.012335416541353764,14,0.7142857142857143
POLDIP3,0.022168025071804664,12,0.6666666666666666
POLE,0.004483227826547489,7,0.42857142857142855
POLE2,0.019636659707150603,9,0.7777777777777778
POLE3,0.023638192343005272,5,1.0
POLE4,0.009720301743080431,8,0.875
POLG,0.01917023474811139,10,0.8
POLG2,0.024083126011833822,9,0.7777777777777778
POLH,0.019617850433405533,16,0.75
POLI,0.00674027896485789,11,0.36363636363636365
POLK,0.025653819191989554,18,0.5555555555555556
POLL,0.01888447523541418,13,0.9230769230769231
POLM,0.011798827887386053,11,0.8181818181818182
POLN,0.008544615319306559,1,0.0
POLQ,0.028629871295346897,10,0.6
POLR1A,0.021058431992413768,16,0.8125
POLR1B,0.027702868234472953,8,0.875
POLR1C,0.014258243079197333,10,0.8
POLR1D,0.016660151250697742,12,0.9166666666666666
POLR1E,0.022597850623778108,5,1.0
POLR2A,0.011179975693495598,10,0.6
POLR2B,0.017144898681311783,15,0.7333333333333333
POLR2C,0.02337875524692643,7,0.7142857142857143
POLR2D,0.004512709597912767,12,0.75
POLR2E,0.014474902635059437,10,0.7
POLR2F,0.011187737415387766,13,0.5384615384615384
POLR2G,0.010705625305322328,6,0.5
POLR2H,0.015961490617631104,16,0.75
POLR2I,0.016406937978962047,11,0.7272727272727273
POLR2J,0.026884598791620896,5,1.0
POLR2J2,0.018522215289056645,7,0.7142857142857143
POLR2J4,0.02021947638137684,8,0.75
POLR2K,0.03018208300491439,9,0.6666666666666666
POLR2L,0.007759439586002477,15,0.6
POLR3A,0.025553590035446196,8,0.75
POLR3B,0.02400254769577879,17,0.8823529411764706
POLR3C,0.01938336840199805,14,0.5
POLR3D,0.007747799275478862,14,0.7142857142857143
POLR3E,0.0318282664521916,13,0.8461538461538461
POLR3F,0.02940796469321412,9,0.7777777777777778
POLR3G,0.014159636540092687,17,0.7647058823529411
POLR3GL,0.023887124479166324,12,0.9166666666666666
POLR3H,0.022037456497200604,10,0.5
POLR3K,0.01352873810650022,10,0.6
POLRMT,0.015526344241835239,10,0.8
POLS,0.018536677167926303,20,0.65
POM121,0.02068509763215846,19,0.8421052631578947
POM121C,0.020420663918586022,19,0.6842105263157895
POM121L10P,0.018583185657899237,1,1.0
POM121L12,0.026378623979058827,11,0.8181818181818182
POM121L1P,0.0144957913034698,7,0.7142857142857143
POM121L2,0.031316709328257614,16,1.0
POM121L4P,-0.006145657897717538,1,0.0
POM121L8P,0.030890019650935602,2,0.5
POM121L9P,0.03056230068486343,5,0.8
POMC,0.03764422232167742,19,0.8947368421052632
POMGNT1,0.017820333873700585,12,0.5833333333333334
POMP,0.018767306641160105,9,0.5555555555555556
POMT1,-0.0007239321312564666,7,0.8571428571428571
POMT2,0.01612028015785223,15,0.7333333333333333
POMZP3,0.03596709101116278,6,1.0
PON1,0.042334948393927006,11,0.9090909090909091
PON2,0.021024295692642515,14,0.42857142857142855
PON3,0.017622697097929328,25,0.8
POP1,0.017443124542652,19,0.6842105263157895
POP4,0.01402671797294005,6,0.6666666666666666
POP5,0.02443429945984718,8,0.875
POP7,0.015252478614656414,12,0.6666666666666666
POPDC2,0.01805891300038006,6,1.0
POPDC3,0.010666902577303536,16,0.5
POR,0.014370964666165796,17,0.6470588235294118
PORCN,0.030989882138015377,17,0.7647058823529411
POSTN,0.005169927612817604,5,0.4
POT1,0.02463692826214173,13,0.5384615384615384
POTEA,0.04161934068958828,11,0.8181818181818182
POTEC,0.031545698335035496,7,0.8571428571428571
POTED,0.03842424802557238,6,0.6666666666666666
POTEE,0.03830139098136024,5,0.8
POTEF,0.025709409355647025,6,0.8333333333333334
POTEG,0.07297099410771973,1,1.0
POTEH,0.03495327153656702,4,1.0
POU1F1,0.022864039743079087,2,0.5
POU2AF1,0.01404025140250558,10,0.7
POU2F1,0.030422742103260545,19,0.8947368421052632
POU2F2,0.027971250685208275,10,0.8
POU2F3,0.014230122766890708,11,0.9090909090909091
POU3F1,0.016073825024466044,21,0.7619047619047619
POU3F2,0.019356592587347482,17,0.9411764705882353
POU3F3,0.015560503273330912,16,0.8125
POU3F4,0.02228847478557383,13,0.8461538461538461
POU4F1,0.01581322814922736,12,0.75
POU4F2,0.00651911999853632,7,0.7142857142857143
POU4F3,0.030466181425987417,13,0.9230769230769231
POU5F1,0.026119162597055764,17,0.7647058823529411
POU5F1B,0.0383253539951057,10,0.9
POU5F2,0.028335693358346487,10,0.8
POU6F1,0.03352116993985472,14,1.0
POU6F2,0.018536860828642632,7,0.5714285714285714
PP14571,0.028934784328335517,3,1.0
PPA1,0.014685906311402461,10,0.5
PPA2,0.029464565436268755,9,0.8888888888888888
PPAN,0.004755802002392931,10,0.9
PPAN-P2RY11,0.002537974304832276,9,0.8888888888888888
PPAP2A,0.010452791781282368,15,0.5333333333333333
PPAP2B,0.02089803729935441,6,0.8333333333333334
PPAP2C,0.018426860257376387,23,0.782608695652174
PPAPDC1A,0.01679373897133994,10,0.9
PPAPDC1B,0.012106063652994447,8,0.75
PPAPDC2,0.03476715853918355,6,1.0
PPAPDC3,0.04687691625362458,3,1.0
PPARA,0.0126746071040922,8,1.0
PPARD,0.021067410737271537,17,0.6470588235294118
PPARG,0.010072230751753912,19,0.5263157894736842
PPARGC1A,0.040774540934356444,6,0.8333333333333334
PPARGC1B,0.025148546536513414,7,0.42857142857142855
PPAT,0.02412292952494761,10,0.7
PPBP,0.03611333126212215,3,0.6666666666666666
PPBPL1,0.03131349816146087,2,1.0
PPBPL2,0.03704792519786848,1,1.0
PPCDC,0.022119022437219988,13,0.6923076923076923
PPCS,0.0223142187417793,12,0.5833333333333334
PPDPF,0.011405094715368744,9,0.7777777777777778
PPEF1,0.06988349433629482,6,1.0
PPEF2,0.036732928381519626,6,0.8333333333333334
PPFIA1,0.012749692843209237,10,0.6
PPFIA2,0.025515974196443157,15,0.7333333333333333
PPFIA3,0.02500085733605885,17,0.8823529411764706
PPFIA4,0.04107983285072249,7,0.8571428571428571
PPFIBP1,0.013658877073175776,20,0.8
PPFIBP2,0.02586753620082408,16,0.75
PPHLN1,0.020717647027024777,15,0.6
PPIA,0.00512260721371592,12,0.75
PPIAL4A,0.07536281772339395,2,1.0
PPIAL4B,0.07536281772339395,2,1.0
PPIAL4D,0.08365535624783699,1,1.0
PPIAL4F,0.08365535624783699,1,1.0
PPIAL4G,0.03350208361979029,1,1.0
PPIB,0.02050029874596902,6,1.0
PPIC,0.012539440328113825,8,0.75
PPID,0.022147091041391297,11,0.7272727272727273
PPIE,0.02803028928398577,12,0.75
PPIF,0.01757880702212947,11,0.7272727272727273
PPIG,0.016008716449582162,13,0.5384615384615384
PPIH,0.02500838988984442,10,1.0
PPIL1,0.025334173831720232,9,0.7777777777777778
PPIL2,0.020869858320648225,10,0.9
PPIL3,0.025949283715204077,12,0.6666666666666666
PPIL4,0.014886379882417311,11,0.6363636363636364
PPIL5,0.017957053338674794,12,0.5833333333333334
PPIL6,0.01070620611395662,6,0.6666666666666666
PPL,0.024609465651982063,6,0.8333333333333334
PPM1A,0.017585994860598468,15,0.4
PPM1B,0.020106458199395653,14,0.6428571428571429
PPM1D,0.012598426592655714,11,0.6363636363636364
PPM1E,0.018682440924468368,13,0.7692307692307693
PPM1F,0.030863062600596246,11,0.8181818181818182
PPM1G,0.020262542200820674,9,0.7777777777777778
PPM1H,0.020370983714046824,11,0.6363636363636364
PPM1J,0.01787531126953517,11,0.7272727272727273
PPM1K,0.02015591969949123,16,0.8125
PPM1L,0.026567758311569233,9,0.8888888888888888
PPM1M,0.03130219735075443,14,0.9285714285714286
PPME1,0.017126071682948968,17,0.5882352941176471
PPOX,0.026852728620614958,13,0.6923076923076923
PPP1CA,0.0025159851511907905,8,0.5
PPP1CB,0.017230586258292015,6,0.8333333333333334
PPP1CC,0.016349882135800818,13,0.5384615384615384
PPP1R10,0.029166117425933932,60,0.8833333333333333
PPP1R11,0.026987776380117998,22,0.8181818181818182
PPP1R12A,0.02177773345038571,12,0.5
PPP1R12B,0.019873029639978213,12,0.6666666666666666
PPP1R12C,0.015742878162362618,10,0.7
PPP1R13B,0.02549746052454513,10,0.9
PPP1R13L,0.015149885834894019,25,0.64
PPP1R14A,0.009557008285749437,12,0.5
PPP1R14B,0.014531175591089303,9,0.4444444444444444
PPP1R14C,-0.004643709253913287,10,0.5
PPP1R14D,0.05264113394601473,4,1.0
PPP1R15A,0.017599707299396215,10,0.9
PPP1R15B,0.02583549357345751,19,0.7894736842105263
PPP1R16A,0.039455474670980505,5,0.8
PPP1R16B,0.0202673838664758,20,0.85
PPP1R1A,0.023740223641557746,6,0.8333333333333334
PPP1R1B,0.03610667751910058,13,0.9230769230769231
PPP1R1C,-0.015364898852659925,5,0.6
PPP1R2,0.021441954935153936,9,0.7777777777777778
PPP1R2P1,0.007403889087772009,2,0.5
PPP1R2P3,0.036853966562022444,2,0.5
PPP1R2P9,0.024581255778223964,7,0.7142857142857143
PPP1R3A,0.0070798316356252,2,0.0
PPP1R3B,0.031054698534877512,12,0.8333333333333334
PPP1R3C,0.01906715757969264,12,0.75
PPP1R3D,0.019437889128728188,14,0.6428571428571429
PPP1R3E,0.023564797721580887,10,0.8
PPP1R3F,0.032642311958508606,14,0.7857142857142857
PPP1R3G,0.017634479599033536,15,0.8
PPP1R7,0.009894242433562907,13,0.46153846153846156
PPP1R8,0.014940655274261198,17,0.6470588235294118
PPP1R9A,0.03421569484691593,28,0.8928571428571429
PPP1R9B,0.015076784188289998,16,1.0
PPP2CA,0.015451419119186547,14,0.5714285714285714
PPP2CB,0.01929729628400338,7,0.42857142857142855
PPP2R1A,0.02228269548149683,10,1.0
PPP2R1B,0.013516762841912406,10,1.0
PPP2R2A,0.012097519482853262,10,0.7
PPP2R2B,0.031880160868508915,39,0.7948717948717948
PPP2R2C,0.03766306726517344,9,0.7777777777777778
PPP2R2D,0.014105944663969118,22,0.6363636363636364
PPP2R3A,0.011054369604005803,17,0.7647058823529411
PPP2R3C,0.015905094492382817,11,0.9090909090909091
PPP2R4,0.021086178414893773,7,0.7142857142857143
PPP2R5A,0.01895454694770781,11,0.5454545454545454
PPP2R5B,0.016948343928232225,12,0.8333333333333334
PPP2R5C,0.02407629933238023,19,0.8421052631578947
PPP2R5D,0.0186796159287866,11,0.9090909090909091
PPP2R5E,0.018947839920112244,12,0.75
PPP3CA,0.019344465575745116,13,0.5384615384615384
PPP3CB,0.025803331890295423,10,0.8
PPP3CC,0.011066564741403152,11,0.5454545454545454
PPP3R1,0.02214447429421994,5,0.8
PPP3R2,0.046942250434866634,4,1.0
PPP4C,0.011430590001494552,9,0.5555555555555556
PPP4R1,0.01231143241885021,3,0.6666666666666666
PPP4R1L,0.008801413389441954,8,0.5
PPP4R2,0.031020588135250406,7,1.0
PPP4R4,0.027080274634308735,8,0.75
PPP5C,0.01641847756911492,7,0.5714285714285714
PPP6C,0.04453659487678297,3,1.0
PPPDE1,0.019971351787353823,7,0.8571428571428571
PPPDE2,0.013269218262995259,15,0.8666666666666667
PPRC1,0.011984869209731942,13,0.8461538461538461
PPT1,0.026324150582914273,4,1.0
PPT2,0.01917425253576513,59,0.711864406779661
PPTC7,0.02456740164406131,7,0.8571428571428571
PPWD1,0.02343928707492443,12,0.6666666666666666
PPY,0.04151372171932777,8,0.875
PPY2,0.04069849609620911,7,1.0
PPYR1,0.014924959303765207,11,0.8181818181818182
PQBP1,0.027099988697910922,26,0.6923076923076923
PQLC1,0.009861945956274692,8,0.625
PQLC2,0.019043571735436995,17,0.8823529411764706
PQLC3,0.014382712921683756,9,0.7777777777777778
PRAC,0.02565460103072959,15,0.8
PRAF2,0.024620983286881427,11,0.8181818181818182
PRAGMIN,0.007983351703672847,5,0.6
PRAM1,0.020519805975107677,4,1.0
PRAME,0.033809624601551215,13,0.8461538461538461
PRAMEF1,0.054100576891564695,3,1.0
PRAMEF11,0.04478653889234836,4,0.75
PRAMEF12,0.06317812588999082,3,1.0
PRAMEF2,0.04747641336211911,1,1.0
PRAMEF20,0.0341546358909167,6,1.0
PRAMEF21,0.05106064385428763,1,1.0
PRAMEF22,0.048198875463775936,1,1.0
PRAMEF4,0.04469829630147706,3,1.0
PRAP1,0.035057602040144666,10,1.0
PRB1,0.06755350802510723,1,1.0
PRB2,0.051371688743954536,3,1.0
PRB3,0.03339989518465941,4,1.0
PRB4,0.038209201502736004,4,1.0
PRC1,0.01886897918941572,11,0.6363636363636364
PRCC,0.02780262817176946,13,0.7692307692307693
PRCD,0.027613221430016002,8,1.0
PRCP,0.024244014443623032,14,0.7857142857142857
PRDM1,0.022465419324799923,17,0.7058823529411765
PRDM10,0.022151456105343355,27,0.7407407407407407
PRDM11,0.00942132776396356,6,0.6666666666666666
PRDM12,0.028737515695745324,4,0.75
PRDM13,0.03260092018179513,16,0.875
PRDM14,0.012213222389309933,17,0.7647058823529411
PRDM15,0.014833096277519404,10,0.4
PRDM16,0.021364983591778228,17,0.5882352941176471
PRDM2,0.025372984091120522,40,0.8
PRDM4,0.015312093822926543,9,0.6666666666666666
PRDM5,0.012663006774767928,9,0.6666666666666666
PRDM6,0.007129735493685289,12,0.5833333333333334
PRDM7,0.03290111423547439,7,0.8571428571428571
PRDM8,0.02149430417963605,41,0.7560975609756098
PRDM9,0.01969832379736551,13,0.6153846153846154
PRDX1,0.016008014988119084,15,0.8666666666666667
PRDX2,0.019490106412841837,9,0.8888888888888888
PRDX3,0.016695978321745516,8,0.625
PRDX4,0.023879308832186513,7,0.7142857142857143
PRDX5,0.018112086134793353,16,0.75
PRDX6,0.01988528684058982,12,0.8333333333333334
PRDXDD1P,0.014361627480675964,5,0.4
PREB,0.0203716201600068,3,1.0
PRELID1,0.011703939659093283,5,0.6
PRELID2,0.009579773070281457,15,0.5333333333333333
PRELP,-0.022633917362875382,5,0.6
PREP,0.014500340181464573,4,0.75
PREPL,0.022704532148963074,24,0.7916666666666666
PREX1,0.006489341055601999,7,0.5714285714285714
PREX2,0.029271518106388887,10,1.0
PRF1,0.04354259125414359,10,0.9
PRG1,0.035195954420187886,1,1.0
PRG2,0.03449269480999399,7,1.0
PRG3,0.035942727771428595,3,0.6666666666666666
PRG4,0.03385770683251859,6,0.8333333333333334
PRH1,0.013635455802986135,49,0.40816326530612246
PRH2,0.03090333022533333,3,1.0
PRHOXNB,0.02299163459874324,11,0.7272727272727273
PRIC285,0.02162064011190656,23,0.782608695652174
PRICKLE1,0.01792965682933191,38,0.5263157894736842
PRICKLE2,0.030182632144299285,15,0.9333333333333333
PRICKLE3,0.024920478389228475,7,0.5714285714285714
PRICKLE4,0.01770429775392884,12,0.8333333333333334
PRIM1,0.011594849654187033,8,0.875
PRIM2,0.03878908002109268,7,0.8571428571428571
PRIMA1,0.02080632725725408,11,0.8181818181818182
PRINS,0.011043930158541326,2,0.0
PRKAA1,0.014594194549945934,6,0.5
PRKAA2,0.003778088321385285,11,0.09090909090909091
PRKAB1,0.013364274039967119,8,0.5
PRKAB2,0.022308846385560972,10,0.9
PRKACA,0.014522249840903653,20,0.75
PRKACB,0.021059008105633884,8,0.75
PRKACG,0.035843940246109006,4,1.0
PRKAG1,-0.003624913980785402,8,1.0
PRKAG2,-0.006334928996063558,44,0.8181818181818182
PRKAG3,0.026741658759383436,7,0.8571428571428571
PRKAR1A,0.014603087207817462,11,0.8181818181818182
PRKAR1B,0.018864904516250072,39,0.6410256410256411
PRKAR2A,0.012184957940713663,11,0.5454545454545454
PRKAR2B,0.015331704498578999,8,0.75
PRKCA,0.02107743089404704,8,0.75
PRKCB,0.015110645535595005,8,0.875
PRKCD,0.016056716733416642,15,0.8666666666666667
PRKCDBP,0.014090485426094649,14,0.7142857142857143
PRKCE,0.019792788291239646,11,0.8181818181818182
PRKCG,0.02263311571523262,9,0.7777777777777778
PRKCH,0.021554637589351933,10,0.8
PRKCI,0.021820179934255918,8,0.75
PRKCQ,0.02034563734234375,18,0.6666666666666666
PRKCSH,0.019951820153510037,11,0.9090909090909091
PRKCZ,0.024132860081038342,143,0.8251748251748252
PRKD1,0.013718155059777392,9,0.5555555555555556
PRKD2,0.022982291430924357,21,0.7619047619047619
PRKD3,0.02579611031443699,6,0.3333333333333333
PRKDC,0.01661085476279212,11,0.9090909090909091
PRKG1,0.023335152543083545,19,0.7368421052631579
PRKG2,0.07850924227731473,4,1.0
PRKRA,0.014536037365043084,18,0.7222222222222222
PRKRIP1,0.016360194702190585,10,0.5
PRKRIR,0.01673088330721513,9,0.6666666666666666
PRKX,0.038673325952002804,8,0.625
PRKY,0.04228548288616592,5,0.6
PRL,-0.0018194322950747105,4,0.25
PRLH,0.019778731863925023,4,0.75
PRLHR,0.029753245043871508,13,0.9230769230769231
PRLR,0.02168226175434204,19,0.7368421052631579
PRM1,0.02402153616149937,6,0.8333333333333334
PRM2,0.04894004294383066,7,1.0
PRM3,-0.00021881315955963758,7,1.0
PRMT1,0.01654053172803223,13,0.8461538461538461
PRMT10,0.023189908396550343,12,0.6666666666666666
PRMT2,0.01736223005784063,11,0.7272727272727273
PRMT3,0.01825741851621851,13,0.7692307692307693
PRMT5,0.022906605668704824,9,0.7777777777777778
PRMT6,0.016451431634059415,13,0.6923076923076923
PRMT7,0.012671091637788696,18,0.6666666666666666
PRMT8,0.01860842208473667,9,0.7777777777777778
PRND,0.02908116680312122,9,0.8888888888888888
PRNP,-0.011551160175168357,11,1.0
PRNT,0.0414346811271997,4,1.0
PRO0611,0.09151397784514616,1,1.0
PRO0628,0.0244037547565622,3,0.3333333333333333
PRO1768,0.03075497284093568,5,0.8
PROC,0.03601608656582608,8,0.75
PROCA1,0.034085140611355084,9,0.8888888888888888
PROCR,0.027650232690173627,10,0.9
PRODH,0.028449677643938888,8,0.875
PRODH2,0.009830874503592943,3,0.6666666666666666
PROK1,0.05079267781111775,5,1.0
PROK2,0.013364270489902083,6,0.5
PROKR1,0.025506806693381068,5,0.8
PROKR2,0.029622166847555826,6,0.8333333333333334
PROL1,0.054309101609086724,2,0.5
PROM1,0.02305645612790344,23,0.9565217391304348
PROM2,0.04305966272108466,5,0.8
PROP1,0.03829685182138852,9,1.0
PROS1,0.017547656421426538,7,0.5714285714285714
PROSC,0.0211353224015286,8,0.875
PROX1,0.017408859450655845,15,0.8666666666666667
PROX2,0.02738873578081579,7,0.8571428571428571
PROZ,0.03755064180026931,6,1.0
PRPF18,0.027181142187293734,10,0.7
PRPF19,0.019636665431488547,12,0.75
PRPF3,0.013973546985283969,10,0.7
PRPF31,0.01483394580587728,17,0.7058823529411765
PRPF38A,0.01793217118451835,15,0.8
PRPF38B,0.017793852748711113,11,0.8181818181818182
PRPF39,0.03396604182933776,9,0.8888888888888888
PRPF4,0.01993223206826721,5,1.0
PRPF40A,0.011520747165251612,13,0.6923076923076923
PRPF40B,0.02271944539269569,22,0.7727272727272727
PRPF4B,0.023170516577412443,8,0.875
PRPF6,0.026776729040398843,9,0.7777777777777778
PRPF8,0.016260055370956733,13,0.6153846153846154
PRPH,0.01708128755539312,7,0.5714285714285714
PRPH2,0.047677421304492755,4,1.0
PRPS1,0.03364383430407294,9,0.7777777777777778
PRPS1L1,0.011219268943942018,10,0.4
PRPS2,0.015517098072156392,9,0.7777777777777778
PRPSAP1,0.014214832149776957,10,0.8
PRPSAP2,0.012488704577028584,13,0.8461538461538461
PRR11,0.028974375854754073,17,0.7647058823529411
PRR12,0.0229469597235596,5,1.0
PRR13,0.016146145571569157,11,0.6363636363636364
PRR14,0.01674078398812206,13,0.8461538461538461
PRR15,0.025794951885704586,17,0.6470588235294118
PRR15L,0.04505327989981353,9,0.8888888888888888
PRR16,0.01974206813883163,18,0.8333333333333334
PRR18,0.01790461618165477,15,0.6
PRR19,0.021339077331185362,28,0.75
PRR20A,0.002389232814735756,4,0.5
PRR20B,0.002389232814735756,4,0.5
PRR20C,0.002389232814735756,4,0.5
PRR20D,0.002389232814735756,4,0.5
PRR20E,0.002389232814735756,4,0.5
PRR21,0.04629399790381343,4,1.0
PRR22,0.022978727271200004,14,0.8571428571428571
PRR23A,0.024957598481767866,10,0.7
PRR23B,0.014008956792590791,10,0.7
PRR23C,0.032133532310845814,11,0.8181818181818182
PRR24,0.01485188157785442,15,0.5333333333333333
PRR25,0.04339220188751106,6,1.0
PRR3,0.017908202759062963,60,0.7
PRR4,-0.005429929577209338,23,0.5217391304347826
PRR5,0.020125392718746356,37,0.7297297297297297
PRR5-ARHGAP8,0.016207085949531866,11,0.7272727272727273
PRR5L,0.01843919703784232,33,0.8787878787878788
PRR7,0.020116187496189146,14,0.7857142857142857
PRRC1,0.024530846231737683,17,0.8235294117647058
PRRG1,0.021754870132938257,13,0.6923076923076923
PRRG2,0.022988186367820105,11,0.8181818181818182
PRRG3,0.041851484337656605,5,0.8
PRRG4,0.015416838069330254,11,0.7272727272727273
PRRT1,0.02328220254724071,31,0.6774193548387096
PRRT2,0.017790936073484323,9,0.8888888888888888
PRRT3,0.022208980256285912,12,0.75
PRRT4,0.011225173684391854,9,0.7777777777777778
PRRX1,0.023283566785998987,4,0.75
PRRX2,0.013191169417711795,2,1.0
PRSS1,0.05000882913302276,3,1.0
PRSS12,0.0133728338642931,7,0.7142857142857143
PRSS16,0.04531000500984512,7,1.0
PRSS21,0.03137536683209672,3,0.6666666666666666
PRSS22,0.033866234609979284,8,0.875
PRSS23,0.026684764355657746,9,0.5555555555555556
PRSS27,0.008509280010513222,9,0.7777777777777778
PRSS3,0.018987759267993665,6,0.5
PRSS33,0.023008900049858436,5,0.8
PRSS35,0.031380727393058666,10,0.8
PRSS36,0.040555066174608134,3,1.0
PRSS37,0.04656766093402918,3,1.0
PRSS38,0.04048696567794438,4,1.0
PRSS42,0.03888493139430574,10,0.8
PRSS45,0.05203440621659541,3,1.0
PRSS48,0.04386403883407305,5,1.0
PRSS50,0.021749030799007467,8,0.75
PRSS8,0.01391734678383355,10,0.9
PRSSL1,0.02500820008605989,7,0.42857142857142855
PRTFDC1,0.017456199255282877,4,0.75
PRTG,0.022206028637125133,8,0.625
PRTN3,0.043977316185455015,8,1.0
PRUNE,0.023113721546584618,12,0.8333333333333334
PRUNE2,0.014922998049053976,5,0.6
PRX,0.04528658342747432,7,0.8571428571428571
PSAP,0.010640503608707523,5,1.0
PSAPL1,0.03269502033649773,14,0.8571428571428571
PSAT1,0.014966926956465515,6,0.6666666666666666
PSCA,0.05132112738665367,6,1.0
PSD,0.008599689193200791,15,0.9333333333333333
PSD2,0.030796680531986805,8,0.875
PSD3,-0.030476196160720087,12,0.9166666666666666
PSD4,0.045969187900349685,8,1.0
PSEN1,0.02446325808986226,9,0.7777777777777778
PSEN2,0.027147961508124815,11,0.8181818181818182
PSENEN,0.027445645956336924,13,0.9230769230769231
PSG1,0.029605400652806906,5,1.0
PSG10,0.028908728443259438,4,1.0
PSG11,0.0422245646457043,4,1.0
PSG2,0.010983426555998294,4,0.75
PSG3,0.051740767405750024,4,1.0
PSG4,0.02620918010998045,6,1.0
PSG5,0.031802381128463196,4,1.0
PSG6,0.027133591485282132,4,0.75
PSG7,0.04536553605378375,5,1.0
PSG8,0.019181755761407904,5,1.0
PSG9,0.043889659672709816,5,0.8
PSIMCT-1,0.009074366198692943,9,0.6666666666666666
PSIP1,0.022885572435590966,10,0.8
PSKH1,0.029618324554483617,12,0.8333333333333334
PSKH2,0.016705341799274888,8,0.5
PSMA1,0.022248134125794745,28,0.6428571428571429
PSMA2,0.019628696412328336,14,0.6428571428571429
PSMA3,0.023683236955840577,8,0.875
PSMA4,0.02040741851957346,12,0.8333333333333334
PSMA5,0.02159030215199688,11,0.8181818181818182
PSMA6,0.030457244199750082,8,1.0
PSMA7,0.010104387289475871,15,0.7333333333333333
PSMA8,0.0365637293070744,10,0.9
PSMB1,0.020437778866206926,19,0.7368421052631579
PSMB10,0.02063916947265116,5,0.8
PSMB11,0.03831144176556174,10,0.9
PSMB2,0.01768464951086112,10,0.7
PSMB3,0.012954063563631926,14,0.7142857142857143
PSMB4,0.02816935588324028,6,1.0
PSMB5,0.02419510104445148,11,0.9090909090909091
PSMB6,0.015740597017166905,11,0.7272727272727273
PSMB7,0.020827248615938203,4,1.0
PSMB8,0.022901910165029356,55,0.8363636363636363
PSMB9,0.015235070860153885,49,0.7959183673469388
PSMC1,0.02802407559762882,7,1.0
PSMC2,0.030100426922988418,4,0.75
PSMC3,0.020792328308849986,10,0.8
PSMC3IP,0.013683489007938813,7,0.8571428571428571
PSMC4,0.021281831204683858,8,0.875
PSMC5,0.02389812385014311,10,0.9
PSMC6,0.03536055692121889,4,0.75
PSMD1,0.022420907894268073,10,0.8
PSMD10,0.007516894869729197,9,0.5555555555555556
PSMD11,0.021593234466915828,8,1.0
PSMD12,0.030265038936866256,10,0.8
PSMD13,0.0225142641177849,14,0.8571428571428571
PSMD14,0.018477405568901324,14,0.7857142857142857
PSMD2,0.013317467562128512,6,0.6666666666666666
PSMD3,0.011054103835174706,14,1.0
PSMD4,0.0030076211381105935,7,1.0
PSMD5,0.022531948678629118,6,0.6666666666666666
PSMD6,0.016856615066814216,9,0.7777777777777778
PSMD7,0.026174567044770364,8,1.0
PSMD8,0.008354976828412328,15,0.6
PSMD9,0.01729395386805032,10,0.8
PSME1,0.012092336092723779,9,0.6666666666666666
PSME2,0.021631922695191205,14,0.7857142857142857
PSME3,0.01633141039598287,8,0.75
PSME4,0.01081935840819154,9,0.5555555555555556
PSMF1,0.02185932096448365,19,0.6842105263157895
PSMG1,0.00459376714079943,11,0.18181818181818182
PSMG2,0.020243213179090593,14,0.6428571428571429
PSMG3,0.0031631926995410184,13,0.6923076923076923
PSMG4,0.024407223208640805,7,0.7142857142857143
PSORS1C1,0.01948345380885409,51,0.8627450980392157
PSORS1C2,0.02407467322416081,9,1.0
PSORS1C3,0.03931349253005511,8,0.875
PSPC1,0.010647645576232094,8,0.875
PSPH,0.017266917986416993,22,0.6818181818181818
PSPN,0.03828918856807835,6,1.0
PSRC1,0.013437429419058133,10,0.5
PSTK,0.016827132768458056,9,0.7777777777777778
PSTPIP1,0.018344669701922875,8,0.75
PSTPIP2,0.018614853630520352,10,0.8
PTAFR,0.021627854240932002,13,0.7692307692307693
PTAR1,0.026081085887295793,2,0.5
PTBP1,0.002483537165909269,10,0.8
PTBP2,0.005472655925445744,8,0.25
PTCD1,0.009121135045185247,15,0.6666666666666666
PTCD2,0.018407466733158122,12,0.9166666666666666
PTCD3,0.022954349666998723,16,0.8125
PTCH1,0.028456840052863468,20,0.8
PTCH2,0.0005959915816842274,6,0.6666666666666666
PTCHD1,0.04174186182810135,6,1.0
PTCHD2,0.028312329694503577,16,0.75
PTCHD3,0.04127691983775464,13,0.8461538461538461
PTCRA,0.029029777466733502,5,0.6
PTDSS1,0.022454096786697575,10,0.7
PTDSS2,0.018677180363615462,9,0.8888888888888888
PTEN,0.016212926745999234,58,0.7413793103448276
PTENP1,0.03376867989251063,2,0.5
PTER,0.016341897090341735,13,0.46153846153846156
PTF1A,0.017412572187003875,15,0.8666666666666667
PTGDR,0.023146348834590737,12,0.5833333333333334
PTGDS,0.05540644493479288,2,1.0
PTGER1,0.013013105625522358,6,0.8333333333333334
PTGER2,0.025375336320324713,9,0.8888888888888888
PTGER3,0.01844270566089522,10,0.7
PTGER4,0.01478551579018293,15,0.5333333333333333
PTGES,0.018478336323343426,3,0.6666666666666666
PTGES2,0.01709186202032756,9,0.7777777777777778
PTGES3,0.016908395388745927,9,0.6666666666666666
PTGFR,0.02721073445692958,10,0.9
PTGFRN,0.011920724271649617,8,0.75
PTGIR,0.03191741868820298,4,0.75
PTGIS,0.03422553880089939,7,0.8571428571428571
PTGR1,0.02991310635190314,9,0.8888888888888888
PTGR2,0.02167826742979343,13,0.9230769230769231
PTGS1,0.018790285831205088,5,0.8
PTGS2,0.025054120639906172,11,0.6363636363636364
PTH,0.04887219733668714,4,1.0
PTH1R,0.01491214536782734,15,0.7333333333333333
PTH2,0.02545716621406192,7,1.0
PTH2R,0.02081814402911827,7,0.5714285714285714
PTHLH,0.025190731055516336,14,0.6428571428571429
PTK2,0.017364515236273022,22,0.5909090909090909
PTK2B,0.004129577099379313,31,0.7419354838709677
PTK6,0.034867391653803634,11,1.0
PTK7,0.02301615475231792,5,0.8
PTMA,0.008137965450231198,11,0.6363636363636364
PTMS,0.016499383611120882,5,0.8
PTN,0.022360074889944376,21,0.6190476190476191
PTOV1,0.012694306806475101,7,0.7142857142857143
PTP4A1,0.03469128334781346,15,1.0
PTP4A2,0.011937427163320361,10,0.8
PTP4A3,0.04879024985563474,7,1.0
PTPDC1,0.004969973957238113,5,0.8
PTPLA,0.014992669836506595,8,0.75
PTPLAD1,0.015956180380368907,13,0.7692307692307693
PTPLAD2,0.049952835987919136,1,1.0
PTPLB,0.018319103677828047,12,0.8333333333333334
PTPMT1,0.021671301806727633,8,0.875
PTPN1,0.012711875732126513,8,0.625
PTPN11,0.015881842701036687,10,0.8
PTPN12,0.012661867463305524,26,0.6153846153846154
PTPN13,0.02488642372789259,16,0.625
PTPN14,0.018856459274305088,33,0.5454545454545454
PTPN18,0.018318342736736347,5,0.8
PTPN2,0.021681214280224393,5,0.8
PTPN20A,0.03549983336579425,8,0.875
PTPN20B,0.03549983336579425,8,0.875
PTPN21,0.015016840769203635,17,0.6470588235294118
PTPN22,0.03097349116456214,4,0.5
PTPN23,0.020039241488990944,9,0.8888888888888888
PTPN3,0.033852180892306016,9,1.0
PTPN4,0.018519490113244483,18,0.6666666666666666
PTPN5,0.02979829543210593,14,0.9285714285714286
PTPN6,0.036858603494389394,15,0.9333333333333333
PTPN7,0.020549335449651034,13,0.7692307692307693
PTPN9,0.01136409597371322,12,0.75
PTPRA,0.01935003239762374,30,0.7666666666666667
PTPRB,0.012084841009468198,10,0.6
PTPRC,0.02049977447300812,3,0.3333333333333333
PTPRCAP,0.017955754499081603,11,1.0
PTPRD,0.030482710644826556,17,0.7647058823529411
PTPRE,0.023420285241310023,49,0.8775510204081632
PTPRF,0.0275667833829763,11,0.7272727272727273
PTPRG,0.023477576780446454,13,0.9230769230769231
PTPRH,0.04025431122157906,5,1.0
PTPRJ,0.014268186252319503,6,0.3333333333333333
PTPRK,0.01836501670426705,11,0.8181818181818182
PTPRM,0.0213499818124239,9,0.7777777777777778
PTPRN,0.011442170574440653,7,0.5714285714285714
PTPRN2,0.011046809884665509,7,0.8571428571428571
PTPRO,0.028164438166350406,13,0.8461538461538461
PTPRQ,0.012507987094837192,1,1.0
PTPRR,0.03302922165617645,13,0.6923076923076923
PTPRS,0.025195918251530346,36,0.7777777777777778
PTPRT,0.009017817617295027,8,0.75
PTPRU,0.014605470762671404,5,0.8
PTPRV,0.010026441190062593,3,1.0
PTPRZ1,0.022980685145101806,6,0.8333333333333334
PTRF,0.01942985684964372,9,0.6666666666666666
PTRH1,0.028690922239817576,4,1.0
PTRH2,0.017764923369158463,16,0.8125
PTS,0.013176203747288642,10,0.6
PTTG1,0.03883318309783127,8,0.875
PTTG1IP,0.018231238714234654,11,0.7272727272727273
PTTG2,0.04285732497159791,8,0.75
PTTG3P,0.04990189398964562,1,1.0
PTX3,0.01152511269165192,3,0.3333333333333333
PUF60,0.021810846224317587,16,0.6875
PUM1,0.021840646822910433,13,0.8461538461538461
PUM2,0.027640131131158114,3,1.0
PURA,0.020065077617776553,16,0.875
PURB,0.022270737791662408,10,0.9
PURG,0.018715690980199675,41,0.5609756097560976
PUS1,0.012178635829183012,8,0.625
PUS10,0.03186951977559306,20,0.75
PUS3,0.018604893798738267,16,0.6875
PUS7,0.016159649698138264,15,0.6
PUS7L,0.024407065092451136,17,0.9411764705882353
PUSL1,0.015791658674733814,12,0.75
PVALB,0.0366545232579916,11,1.0
PVR,0.022003080920922333,11,0.8181818181818182
PVRIG,0.04310600356131691,5,1.0
PVRL1,0.003316070214386832,8,0.375
PVRL2,0.021942532456208277,10,0.7
PVRL3,0.012185772771462445,8,0.375
PVRL4,0.03767331169843913,8,1.0
PVT1,0.012586564036958967,7,0.42857142857142855
PWP1,0.017632412979695984,10,0.8
PWP2,0.0103309207405398,5,0.6
PWRN1,0.021171423809197,4,0.75
PWWP2A,0.026744920734826785,7,0.8571428571428571
PWWP2B,0.013128101960982401,6,1.0
PXDN,0.02402522553512256,8,0.875
PXDNL,0.020543163799170403,8,0.75
PXK,0.02129649458849295,7,0.8571428571428571
PXMP2,0.009714278209246066,9,0.4444444444444444
PXMP3,0.0224284476126708,13,0.6923076923076923
PXMP4,0.028768012790308488,10,0.9
PXN,0.036103183696252726,16,0.75
PXT1,0.018174327689454112,20,0.7
PYCARD,0.028465287859405768,15,0.9333333333333333
PYCR1,0.012002668063077856,12,0.8333333333333334
PYCR2,0.01585396837367038,8,0.625
PYCRL,0.01357778948283821,10,0.8
PYDC1,0.03496178471487579,9,0.8888888888888888
PYDC2,0.03292990246953861,4,0.75
PYGB,0.021722463475664554,10,0.9
PYGL,0.007782372317497742,10,0.6
PYGM,0.022472381376797006,9,0.7777777777777778
PYGO1,0.024251969811585724,10,0.8
PYGO2,0.014472125750980084,8,0.625
PYHIN1,0.056825600699624,7,0.8571428571428571
PYROXD1,0.03442008218226168,9,0.7777777777777778
PYROXD2,0.02751030339708213,10,1.0
PYY,0.018585525546282615,40,0.85
PYY2,0.03512108191753495,4,1.0
PZP,-0.014732852795075852,3,0.6666666666666666
ProSAPiP1,0.04368905446954733,10,1.0
QARS,0.022187347821456847,9,0.7777777777777778
QDPR,0.01255355281273672,8,0.5
QKI,0.01776748422567406,11,0.5454545454545454
QPCT,0.020117601057724872,9,0.4444444444444444
QPCTL,0.019540622485125208,12,0.9166666666666666
QPRT,0.05289110861419458,3,1.0
QRFP,0.024964792113011627,4,0.75
QRFPR,0.030976046958426432,15,0.7333333333333333
QRICH1,0.01664818007484176,15,0.8666666666666667
QRICH2,0.004188259199368617,9,0.3333333333333333
QRSL1,0.026982923890207764,12,0.8333333333333334
QSER1,0.02728728602335425,16,0.75
QSOX1,0.01330321946161511,8,0.625
QSOX2,0.034745460161891735,4,1.0
QTRT1,0.01763130880417486,8,0.875
QTRTD1,0.017605762508958858,15,0.7333333333333333
R3HCC1,0.034379727099630907,11,0.8181818181818182
R3HDM1,0.027873149437163066,22,0.8636363636363636
R3HDM2,0.03433873398971937,5,1.0
R3HDML,-0.12983599956087746,6,0.8333333333333334
RAB10,0.01922665206982645,6,0.8333333333333334
RAB11A,0.02278270692948197,9,0.8888888888888888
RAB11B,0.011605681956840181,11,0.5454545454545454
RAB11FIP1,0.02113080755022062,16,0.9375
RAB11FIP2,0.014610799713230867,10,0.6
RAB11FIP3,-0.01403365851868122,17,0.5882352941176471
RAB11FIP4,0.019889453877472037,6,0.6666666666666666
RAB11FIP5,0.006772859364610181,7,0.8571428571428571
RAB12,0.02132730801311088,4,0.5
RAB13,0.024232972570139562,7,0.8571428571428571
RAB14,0.02753442325783678,6,0.8333333333333334
RAB15,0.03141482743309865,8,0.875
RAB17,0.03662552995277159,7,0.7142857142857143
RAB18,0.017552954309781772,10,0.9
RAB19,0.014675611170827501,11,1.0
RAB1A,0.015845532663760077,11,0.8181818181818182
RAB1B,0.014774028984125774,58,0.7068965517241379
RAB20,0.013219128157552482,10,0.7
RAB21,0.007883787939879306,10,0.7
RAB22A,0.01874277651908663,9,0.6666666666666666
RAB23,0.016728894856098832,13,0.6923076923076923
RAB24,0.022386370268869422,9,0.6666666666666666
RAB25,0.03413370626168331,4,1.0
RAB26,0.023473184514177223,9,0.7777777777777778
RAB27A,0.016551287117979086,22,0.6363636363636364
RAB27B,0.014000648371460533,13,0.8461538461538461
RAB28,0.01587039341047243,9,0.6666666666666666
RAB2A,0.018280776181519184,7,0.5714285714285714
RAB2B,0.016598057641218113,17,0.5882352941176471
RAB30,0.020492268837887528,20,0.95
RAB31,0.01883131198089093,7,0.7142857142857143
RAB32,0.02445867369270387,23,0.6521739130434783
RAB33A,0.04101977393465866,6,1.0
RAB33B,0.025321762659327007,9,0.7777777777777778
RAB34,0.0221526813467157,14,0.7857142857142857
RAB35,0.016875385721806416,7,0.7142857142857143
RAB36,0.02324364012531003,10,0.7
RAB37,0.022748393095229257,24,0.7916666666666666
RAB38,0.026215277873546553,9,0.7777777777777778
RAB39,0.006110429529987346,10,0.6
RAB39B,0.02906905727270374,5,0.6
RAB3A,0.010188638725370952,14,0.6428571428571429
RAB3B,0.01891849299299326,14,0.7857142857142857
RAB3C,0.03059931485534395,15,0.8666666666666667
RAB3D,0.025336248210250618,9,0.7777777777777778
RAB3GAP1,0.028443129222905292,8,0.75
RAB3GAP2,0.03139555051071166,9,0.8888888888888888
RAB3IL1,0.03058308903150202,5,1.0
RAB3IP,0.023341035195431393,15,0.6
RAB40A,0.005582094357981138,5,0.8
RAB40AL,0.03106355137441246,9,0.8888888888888888
RAB40B,0.011523422409878822,10,0.7
RAB40C,0.011755604336602672,6,0.6666666666666666
RAB41,0.01944784047418645,11,0.8181818181818182
RAB42,0.029956523596889693,7,1.0
RAB43,0.014094696336068755,12,0.6666666666666666
RAB4A,0.03204289484925338,8,0.75
RAB4B,0.014446763025567038,11,0.6363636363636364
RAB5A,0.01982138152329836,13,0.6153846153846154
RAB5B,0.027547874469965847,13,0.8461538461538461
RAB5C,-0.009586024924247184,16,0.6875
RAB6A,0.011740598768654695,13,0.46153846153846156
RAB6B,0.01808053568522257,14,0.6428571428571429
RAB6C,0.004835703928997376,5,0.8
RAB7A,0.016504310017044315,32,0.75
RAB7L1,0.02511111858598596,15,0.9333333333333333
RAB8A,0.02458429221903512,8,0.875
RAB8B,0.014229740680397033,7,0.8571428571428571
RAB9A,0.034333807338213715,7,0.8571428571428571
RAB9B,0.031452771075715154,9,0.6666666666666666
RAB9P1,0.02391284077028348,4,0.5
RABAC1,0.023675069446700336,7,1.0
RABEP1,0.02914577743027963,7,0.7142857142857143
RABEP2,0.0184101253814664,9,1.0
RABEPK,0.028141510899345166,6,1.0
RABGAP1,0.03075060895890085,5,1.0
RABGAP1L,0.02280091212596391,16,0.875
RABGEF1,0.012627752992250456,15,0.5333333333333333
RABGGTA,0.008017040089213239,10,0.7
RABGGTB,0.014158454241568611,8,0.75
RABIF,0.017353136476781723,13,0.7692307692307693
RABL2A,0.010465120948391545,9,0.5555555555555556
RABL2B,0.01644195824458358,12,0.6666666666666666
RABL3,0.02144028062653668,11,0.9090909090909091
RABL4,0.028002637390628752,7,1.0
RABL5,0.02540840900760962,13,0.6923076923076923
RAC1,0.02623529146606935,7,1.0
RAC2,0.020689701867206617,7,0.8571428571428571
RAC3,0.025663390245903264,4,1.0
RACGAP1,0.026750424947355283,13,0.9230769230769231
RACGAP1P,0.04114059048770562,4,1.0
RAD1,0.021215008310470244,15,0.6
RAD17,0.02314846295818366,23,0.8260869565217391
RAD18,0.010333355327968998,9,0.6666666666666666
RAD21,0.021345876222831274,17,0.6470588235294118
RAD21L1,0.015514823788168696,13,0.5384615384615384
RAD23A,0.014212864810999827,8,0.875
RAD23B,0.03019058523631757,7,0.8571428571428571
RAD50,0.026066820453749934,13,0.6923076923076923
RAD51,0.01322250014241775,16,0.6875
RAD51AP1,0.0279153527684332,12,0.6666666666666666
RAD51AP2,0.024974474192083485,11,0.45454545454545453
RAD51C,0.020426608205137753,13,0.6153846153846154
RAD51L1,0.029312028732892993,7,0.8571428571428571
RAD51L3,0.023453846552206805,11,0.8181818181818182
RAD52,0.02396464687889474,10,0.9
RAD54B,0.03299606632681596,14,0.7857142857142857
RAD54L,0.012817576182938368,12,0.8333333333333334
RAD54L2,0.019799161040215733,8,0.75
RAD9A,0.007536339645020701,10,0.4
RAD9B,0.021303745021241296,11,0.7272727272727273
RADIL,0.024850296492807605,16,0.75
RAE1,0.01623919518436164,13,0.7692307692307693
RAET1E,0.02983620034297675,4,0.75
RAET1G,0.019033469540743246,9,0.6666666666666666
RAET1K,0.01471832118902435,12,0.5833333333333334
RAET1L,0.009722828218813656,10,0.6
RAF1,0.0182915097744267,18,0.6666666666666666
RAG1,0.0418280355499587,4,0.75
RAG1AP1,0.02251515003471456,9,1.0
RAG2,0.020134838018129386,12,0.75
RAGE,0.016678403256027676,9,0.6666666666666666
RAI1,0.003063746173764665,67,0.8507462686567164
RAI14,0.011840738610512172,24,0.7083333333333334
RAI2,0.02898409570957275,14,0.6428571428571429
RALA,0.004655545780653569,18,0.7777777777777778
RALB,0.022346052619129756,16,0.9375
RALBP1,0.014996115604127442,19,0.631578947368421
RALGAPA1,0.025508649582147817,9,0.6666666666666666
RALGAPA2,0.009644918927618627,10,0.5
RALGAPB,0.022496689625697182,14,0.7142857142857143
RALGDS,0.006151114630666213,6,0.8333333333333334
RALGPS1,0.018721032250468023,9,0.7777777777777778
RALGPS2,0.00533827110548217,15,0.6
RALY,0.020943193010663406,11,0.7272727272727273
RALYL,0.029456270428032085,25,0.6
RAMP1,0.007650786927222376,7,1.0
RAMP2,0.012902884628038885,5,0.6
RAMP3,0.020442242660612245,8,0.875
RAN,0.006943778957002481,11,0.36363636363636365
RANBP1,0.018028035599347063,16,0.625
RANBP10,0.011215676422451401,7,0.5714285714285714
RANBP17,0.017111269620308893,5,1.0
RANBP2,0.02780054322643552,6,0.8333333333333334
RANBP3,0.007566751480538113,12,0.4166666666666667
RANBP3L,-0.006458477850952733,6,0.5
RANBP6,0.03241161572614807,5,1.0
RANBP9,0.016089276415802597,7,0.5714285714285714
RANGAP1,0.015194896310604975,14,0.9285714285714286
RANGRF,0.02652787061603189,11,0.9090909090909091
RAP1A,0.02277664787969469,15,0.6
RAP1B,0.013631425671540319,12,0.75
RAP1GAP,0.023425798293584692,35,0.8
RAP1GAP2,0.034050514784447844,12,1.0
RAP1GDS1,0.011061196923446464,7,0.7142857142857143
RAP2A,0.015839880888525566,8,0.625
RAP2B,0.015110110330111347,16,0.625
RAP2C,-0.005464636263657574,11,0.6363636363636364
RAPGEF1,0.037977362874564935,2,0.5
RAPGEF2,0.04710249763315566,3,0.6666666666666666
RAPGEF3,0.007892972543160699,17,0.5294117647058824
RAPGEF4,0.012755706496247465,10,0.3
RAPGEF5,0.020705584384490806,13,0.9230769230769231
RAPGEF6,0.018438410997454326,17,0.7647058823529411
RAPGEFL1,0.015675657272244185,12,0.6666666666666666
RAPH1,0.015612648479209422,11,0.7272727272727273
RAPSN,0.038604220568025545,11,1.0
RARA,0.023954040365763787,35,0.7714285714285715
RARB,0.0023672037636329173,22,0.9090909090909091
RARG,0.019854938982268495,18,0.7777777777777778
RARRES1,0.004969842054076455,6,0.6666666666666666
RARRES2,0.032068590877715256,8,0.875
RARRES3,0.015730817552948924,4,0.75
RARS,0.01629747439309263,7,0.42857142857142855
RARS2,0.01701209893063281,11,0.8181818181818182
RASA1,0.027154372112684313,13,0.8461538461538461
RASA2,0.009796191336674444,6,0.3333333333333333
RASA3,0.010473145740523031,11,0.8181818181818182
RASA4P,0.047433970293446516,2,1.0
RASAL1,0.026268235768917955,16,0.875
RASAL2,0.008009879959235102,18,0.8333333333333334
RASAL3,0.04002858095621871,5,1.0
RASD1,0.009539208505994958,12,0.9166666666666666
RASD2,0.022736753642709266,13,0.8461538461538461
RASEF,0.016746181195856965,3,0.6666666666666666
RASGEF1A,0.025666040165689234,21,0.8571428571428571
RASGEF1B,0.021486714192247347,16,0.875
RASGEF1C,0.023146980347808727,39,0.8205128205128205
RASGRF1,0.01703522841276701,38,0.868421052631579
RASGRF2,0.014984810853262413,9,0.7777777777777778
RASGRP1,0.0076105862570503,8,0.375
RASGRP2,0.013769733934551179,17,0.5294117647058824
RASGRP3,0.016450177814182884,18,0.8333333333333334
RASGRP4,0.0487769062379812,4,0.75
RASIP1,0.02677566002885164,6,0.6666666666666666
RASL10A,0.023787110960274874,9,0.6666666666666666
RASL10B,0.031074373405537387,10,0.9
RASL11A,0.02695179164827441,6,1.0
RASL11B,0.027703103806898898,8,1.0
RASL12,0.007002738168520583,5,0.4
RASSF1,0.01746471865490284,50,0.84
RASSF10,0.015037116343803435,11,0.7272727272727273
RASSF2,0.028167504469974312,23,0.9130434782608695
RASSF3,0.016978286549080405,7,1.0
RASSF4,0.011028739181181524,16,0.6875
RASSF5,0.017976761507607467,28,0.6785714285714286
RASSF6,0.020319298531894816,12,0.6666666666666666
RASSF7,0.00542731956485436,14,0.6428571428571429
RASSF8,0.010806410388310941,27,0.5185185185185185
RASSF9,0.03175666943241865,6,0.6666666666666666
RAVER1,0.02304256899172753,8,0.875
RAVER2,0.025930747956333496,7,0.7142857142857143
RAX,0.01950844635719182,10,0.9
RAX2,0.032401996910539355,7,0.7142857142857143
RB1,0.022489445742583686,22,0.7272727272727273
RB1CC1,0.011213874171402996,16,1.0
RBAK,0.01129940660380042,13,0.7692307692307693
RBBP4,0.0222900270218531,15,0.7333333333333333
RBBP5,0.023875027944590677,11,0.8181818181818182
RBBP6,0.014653036002674862,9,0.7777777777777778
RBBP7,0.018563993557402486,10,0.6
RBBP8,0.022157722858850894,17,0.8235294117647058
RBBP9,0.019096435129166645,8,0.875
RBCK1,0.010302289997952458,10,0.7
RBKS,0.020243902303809055,19,0.6842105263157895
RBL1,0.021464005602258095,12,0.75
RBL2,0.040370322837283076,6,1.0
RBM10,0.023538899508001726,20,0.75
RBM11,0.028703241332329373,7,0.5714285714285714
RBM12,0.010388331635923882,11,0.8181818181818182
RBM12B,0.02006449319816066,19,0.6842105263157895
RBM14,0.016399153385536606,11,0.8181818181818182
RBM15,0.015999152040414067,19,0.7894736842105263
RBM15B,0.013282091215863327,17,0.5882352941176471
RBM16,0.022315943447472206,7,0.7142857142857143
RBM17,0.025329390372109583,11,0.7272727272727273
RBM18,0.029339746722593363,11,0.9090909090909091
RBM19,0.02047069564099225,11,0.8181818181818182
RBM20,0.036741521502159084,8,0.875
RBM22,0.02290601641992272,13,0.9230769230769231
RBM23,0.029783948811591805,13,0.9230769230769231
RBM24,0.019622181442045528,22,0.7272727272727273
RBM25,0.025795480142741682,13,0.9230769230769231
RBM26,0.01818229019838085,11,0.6363636363636364
RBM27,0.018950870553539837,5,0.6
RBM28,0.02536615597685938,8,1.0
RBM3,0.026364510122480835,11,0.6363636363636364
RBM33,0.01707125047317687,13,0.46153846153846156
RBM34,0.023638500838244002,5,0.8
RBM38,0.0017046423353691156,13,0.46153846153846156
RBM39,0.016823486852192482,14,0.5714285714285714
RBM4,0.024102507622974362,10,0.8
RBM41,0.004817887268083069,6,0.8333333333333334
RBM42,0.012347259955112487,11,0.7272727272727273
RBM43,0.023288600550401727,8,0.75
RBM44,0.01193609275269354,14,0.7142857142857143
RBM45,0.021993696752406974,11,0.5454545454545454
RBM46,0.03664419369106817,12,0.9166666666666666
RBM47,0.01780159552981137,34,0.7941176470588235
RBM4B,0.018313973134217953,13,0.8461538461538461
RBM5,0.020467533362301466,14,0.7142857142857143
RBM6,0.016377148597684958,18,0.6666666666666666
RBM7,0.018956722181390284,12,0.75
RBM8A,0.027158008558528193,12,0.8333333333333334
RBM9,0.03220368224871112,14,0.6428571428571429
RBMS1,0.018252491042927973,11,0.5454545454545454
RBMS2,0.03030841036326165,5,1.0
RBMS3,0.042039480729590656,9,0.8888888888888888
RBMX,0.008524208161893521,12,0.4166666666666667
RBMX2,0.04172296792213929,4,0.75
RBMXL1,0.02620131441087059,12,0.75
RBMXL2,0.03369772443087684,8,0.75
RBMXL3,0.023081344922172446,16,0.625
RBMY1A3P,0.046175529228508316,1,1.0
RBMY1F,0.0602937652366789,6,0.8333333333333334
RBMY1J,0.03925533569597649,2,0.5
RBMY2FP,0.0708129800070301,4,1.0
RBP1,0.020075321092723922,13,0.7692307692307693
RBP2,0.06734371592698929,4,1.0
RBP3,0.03557043846913404,12,1.0
RBP4,0.015353934331334211,7,0.5714285714285714
RBP5,0.026923563934695516,19,0.8947368421052632
RBP7,0.009691230701466031,10,0.7
RBPJ,0.015434263916774353,33,0.6060606060606061
RBPJL,0.023513710055915998,10,0.9
RBPMS,0.017866577721529664,9,0.6666666666666666
RBPMS2,0.017856464289134708,7,0.7142857142857143
RBX1,0.012786868712418032,7,0.7142857142857143
RC3H1,-0.006097031116783613,1,0.0
RC3H2,0.016236762726451377,6,0.6666666666666666
RCAN1,0.019038586092686327,15,0.8666666666666667
RCAN2,-0.012965942964484202,4,1.0
RCAN3,0.01299027579112402,18,0.5
RCBTB1,0.015830504222018937,14,0.5714285714285714
RCBTB2,0.02441989754313875,11,0.5454545454545454
RCC1,0.008226572145271338,15,0.8
RCC2,0.018449194285589103,21,0.5238095238095238
RCCD1,0.015270921266657448,14,0.8571428571428571
RCE1,0.00647068294757769,10,0.6
RCHY1,0.011143766634809512,12,0.6666666666666666
RCL1,0.024238271129424116,6,0.8333333333333334
RCN1,0.021233324988810434,9,0.6666666666666666
RCN2,0.025194729151690045,7,0.5714285714285714
RCN3,0.015494759089347672,9,0.7777777777777778
RCOR1,0.01206636530694203,9,0.4444444444444444
RCOR2,0.02059905808254763,7,0.8571428571428571
RCOR3,0.017513418767554145,12,0.5833333333333334
RCSD1,0.023649266036601793,8,0.625
RCVRN,0.02840296785844631,10,0.8
RD3,0.04639723108894767,11,1.0
RDBP,0.014821111308432925,27,0.7037037037037037
RDH10,0.01683559284827605,11,0.5454545454545454
RDH11,0.01633241850568048,7,0.7142857142857143
RDH12,0.04407637916039623,4,0.5
RDH13,0.024975414632114685,18,0.7222222222222222
RDH14,0.02590990737832898,10,0.8
RDH16,0.033212272831507544,4,0.75
RDH5,0.04477427155428245,6,0.8333333333333334
RDH8,0.043295093966242565,4,1.0
RDM1,0.0355303992471195,10,0.9
RDX,0.017606491090962254,18,0.5555555555555556
REC8,0.011833277542001525,12,0.75
RECK,0.021367700965428185,4,0.75
RECQL,0.020445704784534318,13,0.6923076923076923
RECQL4,0.01515171102664924,8,0.625
RECQL5,0.013291593017785167,12,0.5833333333333334
REEP1,0.026061452477674035,14,0.7857142857142857
REEP2,0.02012664796898632,9,0.7777777777777778
REEP3,0.017474366756346588,7,0.5714285714285714
REEP4,0.019511414582407686,12,0.9166666666666666
REEP5,0.02082918281201873,8,1.0
REEP6,0.015520813257602795,13,0.8461538461538461
REG1A,0.04263489592179238,4,0.75
REG1B,0.05673398116458934,3,1.0
REG1P,0.04321328690103089,4,0.75
REG3A,0.048832432496468514,3,1.0
REG3G,0.04370758907060594,5,0.8
REG4,0.021515946713449363,7,0.7142857142857143
REL,0.016292975811253052,9,0.5555555555555556
RELA,0.007190372053500285,7,0.5714285714285714
RELB,0.029259340611131793,4,1.0
RELL1,-0.012656170325137647,9,0.7777777777777778
RELL2,0.01671174716512088,18,0.8333333333333334
RELN,0.022427007663561826,12,0.5833333333333334
RELT,0.006694663893694745,15,0.8
REM1,0.02641238423264884,12,0.75
REM2,0.04187713894080446,6,0.8333333333333334
REN,0.03578186317565711,2,1.0
RENBP,0.027824762664203143,6,0.8333333333333334
REP15,0.023024438451592744,3,0.3333333333333333
REPIN1,1.73278938523802e-05,23,0.6956521739130435
REPS1,0.013811177214351284,9,0.6666666666666666
REPS2,0.011430794888965078,11,0.7272727272727273
RER1,0.019166380696853967,17,0.8235294117647058
RERE,0.026120496576453166,76,0.6710526315789473
RERG,0.01854470015457736,10,0.6
RERGL,0.06642898478226528,2,1.0
RESP18,0.0456947342328598,4,1.0
REST,0.020678331525140047,17,0.7647058823529411
RET,0.007042911745667955,9,0.4444444444444444
RETN,0.052184535222658215,5,1.0
RETNLB,0.0561700035331256,5,1.0
RETSAT,0.019859311049209044,17,0.8823529411764706
REV1,0.015921243613219605,7,0.5714285714285714
REV3L,0.025658080742164958,10,0.8
REXO1,0.013356140126257259,8,0.75
REXO1L1,0.028323877977796664,5,1.0
REXO1L2P,0.00921705564549767,7,0.5714285714285714
REXO2,0.027297290311715867,10,1.0
REXO4,0.03391550446816531,2,1.0
RFC1,0.018302119015913693,12,0.75
RFC2,0.009692674883214125,10,0.5
RFC3,0.032972329213268675,9,0.8888888888888888
RFC4,0.010174345704843749,17,0.6470588235294118
RFC5,0.018469969229536747,15,0.6666666666666666
RFESD,0.02097584914754997,14,0.7142857142857143
RFFL,0.025907948069373368,16,0.6875
RFK,0.019266566490705274,4,0.75
RFNG,0.011954893306517715,6,0.8333333333333334
RFPL1,0.024029210687012054,7,0.5714285714285714
RFPL1S,0.017669768710098482,6,0.5
RFPL2,0.032064326261518235,17,0.9411764705882353
RFPL3,0.01978703298041606,11,0.8181818181818182
RFPL3S,0.03743792974169968,7,0.7142857142857143
RFPL4A,0.05295819199741229,4,1.0
RFPL4B,0.012465806550266642,7,0.14285714285714285
RFT1,0.010449501214470915,11,1.0
RFTN1,0.02557339556156369,20,0.9
RFTN2,-0.04210901495000584,5,0.8
RFWD2,0.022614554549913034,11,0.8181818181818182
RFWD3,0.01581656969800716,15,0.7333333333333333
RFX1,0.027346128524916292,15,0.9333333333333333
RFX2,0.026681144649799118,17,0.8823529411764706
RFX3,0.03329840213070547,7,0.8571428571428571
RFX4,0.036465415882509566,20,0.95
RFX5,0.023639181003207204,10,0.9
RFX6,0.019930765151131822,10,0.8
RFX7,0.01824454349687279,10,0.6
RFX8,0.029928825341430883,18,0.8888888888888888
RFXANK,0.023410894393558937,13,0.9230769230769231
RFXAP,0.021274852166163566,12,0.6666666666666666
RG9MTD1,0.01895686273225116,13,0.6923076923076923
RG9MTD2,0.025272090421421603,15,0.6
RG9MTD3,0.01705122423009424,3,1.0
RGAG1,0.018246989784784097,13,1.0
RGAG4,0.024648315023050673,12,0.9166666666666666
RGL1,0.028842588762474183,24,0.8333333333333334
RGL2,0.014503017802734938,56,0.6964285714285714
RGL3,0.01111134665559952,9,0.4444444444444444
RGL4,0.027245670927866717,6,1.0
RGMA,0.027212798967900888,41,0.8292682926829268
RGMB,0.02235290415789182,11,0.7272727272727273
RGN,0.042284343251766596,8,0.75
RGNEF,0.0031554406832067275,15,0.6
RGP1,0.01612656026727385,3,1.0
RGPD2,0.025977088985182112,2,0.5
RGPD3,0.01942767139012637,6,0.8333333333333334
RGPD4,0.025911371477148053,8,0.875
RGPD5,0.02470728656506437,7,0.5714285714285714
RGPD8,0.02470728656506437,7,0.5714285714285714
RGR,0.026166219016365063,7,1.0
RGS1,0.02617073967334793,2,0.5
RGS10,0.018620616520268512,9,0.8888888888888888
RGS11,0.040543999341856755,7,0.7142857142857143
RGS12,0.035039772556922005,13,0.8461538461538461
RGS13,0.013791582680352493,7,0.7142857142857143
RGS14,0.02218614883207931,8,0.625
RGS16,0.027151059988866178,11,0.8181818181818182
RGS17,0.02584295862363054,19,0.7894736842105263
RGS19,0.013404373382988912,13,0.6153846153846154
RGS2,0.010639699300344087,10,0.7
RGS20,0.015836474963457702,8,0.625
RGS21,0.00011211581819417504,2,0.0
RGS22,0.03373074687425606,7,0.8571428571428571
RGS3,0.016376558545528552,16,0.8125
RGS4,0.030997967349918748,8,0.875
RGS5,0.03275177639050324,4,0.75
RGS6,0.026022163000608018,10,0.9
RGS7,0.01200134705134458,11,0.8181818181818182
RGS7BP,0.015283812529817021,10,0.7
RGS8,0.03859716014794977,7,0.8571428571428571
RGS9,0.028817208602494954,8,0.875
RGS9BP,0.020177904239556108,18,0.8333333333333334
RHAG,0.055608285809023675,4,1.0
RHBDD1,0.028004226570504418,11,0.9090909090909091
RHBDD2,0.02054621220052197,12,0.9166666666666666
RHBDD3,0.01391355562435334,19,0.6842105263157895
RHBDF1,0.015427552447592712,13,0.7692307692307693
RHBDF2,0.019298013214517944,15,0.8666666666666667
RHBDL1,0.015599279630750204,7,0.7142857142857143
RHBDL2,0.018447949655538882,7,0.7142857142857143
RHBDL3,0.02088652386400053,11,0.6363636363636364
RHBG,0.019821964477445816,8,0.75
RHCE,0.04702644579153433,4,1.0
RHCG,0.022046167943418005,9,0.8888888888888888
RHD,0.04664988284384575,3,1.0
RHEB,0.0186047901494038,15,0.8666666666666667
RHEBL1,0.013356314139036266,9,0.8888888888888888
RHO,0.07168299136094865,5,1.0
RHOA,0.014173646778338076,18,0.6111111111111112
RHOB,0.01518675644781182,15,0.7333333333333333
RHOBTB1,0.022963362125951216,23,0.8260869565217391
RHOBTB2,0.022325902270920735,25,0.72
RHOBTB3,0.015058327139190298,10,0.8
RHOC,0.017482065859439854,12,0.5833333333333334
RHOD,-0.014286791077360542,12,0.6666666666666666
RHOF,0.014086557136817076,8,0.625
RHOG,0.024784748922314827,13,0.9230769230769231
RHOH,0.02410270056891059,8,0.875
RHOJ,0.03889254684965728,6,1.0
RHOQ,-0.004921423108632438,7,0.7142857142857143
RHOT1,0.014892088547982898,6,1.0
RHOT2,0.013590947428451202,12,0.8333333333333334
RHOU,0.015931468110615635,13,0.6923076923076923
RHOV,0.019089912021340326,8,1.0
RHOXF1,0.03226432935774287,7,0.7142857142857143
RHPN1,0.020827725151055444,9,0.8888888888888888
RHPN2,0.012918792286329922,4,1.0
RIBC1,0.025244375858830867,13,0.9230769230769231
RIBC2,0.014323629301839998,15,0.6
RIC3,0.00518225783977135,9,0.6666666666666666
RIC8A,0.010681389930161803,18,0.7222222222222222
RIC8B,0.010815823170090777,7,0.7142857142857143
RICH2,0.0301748279619851,7,0.8571428571428571
RICS,-0.013096980037155722,3,0.3333333333333333
RICTOR,0.021986066002598573,11,0.6363636363636364
RIF1,0.008008924387882348,9,0.5555555555555556
RILP,-0.06947431467201323,13,1.0
RILPL1,0.012859828763659892,4,0.5
RILPL2,0.022313558530258938,11,0.8181818181818182
RIMBP2,0.029414095264491402,12,0.8333333333333334
RIMBP3,0.03502354756220974,4,1.0
RIMBP3B,0.050399589206574946,1,1.0
RIMBP3C,0.050399589206574946,1,1.0
RIMKLA,0.014185436850712331,7,1.0
RIMKLB,0.025639170157623566,12,0.5
RIMS1,0.02025197020381509,22,0.5454545454545454
RIMS2,0.026800828990283132,9,0.5555555555555556
RIMS3,0.0361678850611715,24,0.7916666666666666
RIMS4,0.017329188064656335,5,0.8
RIN1,-0.0026588313857185083,12,1.0
RIN2,-0.0037210676009220124,5,0.8
RIN3,0.008476379979016856,8,0.75
RING1,0.010564200519854494,27,0.6296296296296297
RINL,0.06793004720609855,9,1.0
RINT1,0.03750813452300466,6,1.0
RIOK1,-0.008322335588267433,19,0.631578947368421
RIOK2,0.036623970794634135,8,0.875
RIOK3,0.019342496470521678,8,0.5
RIPK1,-0.0018281045614705004,5,0.6
RIPK2,0.025116486673331717,8,0.625
RIPK3,0.05050835320535946,8,1.0
RIPK4,0.007922911032288371,8,0.5
RIPPLY1,0.03666672641496365,3,0.3333333333333333
RIPPLY2,0.020436179957198382,10,0.8
RIT1,0.015342268396103087,7,0.8571428571428571
RIT2,0.02715670112552631,5,0.8
RLBP1,-0.019212221340820963,9,0.7777777777777778
RLF,0.015338331091308045,14,0.5714285714285714
RLIM,0.04343661786169787,12,0.8333333333333334
RLN1,0.028971190538659708,2,1.0
RLN2,0.05929489785655816,2,1.0
RLN3,0.03998310733290718,8,0.875
RLTPR,0.018144475233268762,7,0.7142857142857143
RMI1,0.02348681483232959,14,0.7142857142857143
RMND1,0.01888795945987482,18,0.7222222222222222
RMND5A,0.012068465916469599,5,1.0
RMND5B,0.014022117651588764,9,0.4444444444444444
RMRP,0.02591351468416948,3,1.0
RMST,0.0642759104967983,3,1.0
RNASE1,0.03612537920538243,9,0.8888888888888888
RNASE10,0.031144091905585484,6,1.0
RNASE11,0.033782882258224185,7,0.8571428571428571
RNASE12,0.03539569663969307,7,0.7142857142857143
RNASE13,0.04762384840473301,4,1.0
RNASE2,0.03803472233492348,6,0.8333333333333334
RNASE3,0.025505203034043453,4,0.75
RNASE4,0.020703131246427815,31,0.8709677419354839
RNASE6,0.04914117645878066,2,1.0
RNASE7,0.03709936078692837,8,0.875
RNASE8,0.050834469430014774,5,0.8
RNASE9,0.03486881653337665,5,0.8
RNASEH1,0.009394919305938871,12,0.6666666666666666
RNASEH2A,0.025645662087246772,9,1.0
RNASEH2B,0.00701697364625405,12,0.5
RNASEH2C,-0.00922140116974134,3,0.0
RNASEK,0.020123875537779366,10,0.8
RNASEL,0.03580962419674808,4,1.0
RNASEN,0.016800632493395428,18,0.7777777777777778
RNASET2,0.010765441919157738,8,0.625
RND1,0.017393160099136107,8,0.75
RND2,0.01033549215011254,8,0.75
RND3,0.021251293422491106,7,0.8571428571428571
RNF10,0.013309553423334883,7,0.5714285714285714
RNF103,0.012169156243854213,11,0.7272727272727273
RNF11,0.02259492423531908,10,0.8
RNF111,0.031990670670808234,15,0.9333333333333333
RNF112,0.028244759535543746,9,0.7777777777777778
RNF113A,0.03849980165427013,16,0.875
RNF113B,0.014150204880971481,14,0.7142857142857143
RNF114,0.013068779029203679,9,0.5555555555555556
RNF115,0.01771636524380692,13,0.46153846153846156
RNF121,0.02193331667030464,16,0.8125
RNF122,0.006865560761092107,7,0.42857142857142855
RNF123,0.02057122527103164,14,0.7857142857142857
RNF125,0.023089607289313738,9,0.7777777777777778
RNF126,0.0025075348661664403,8,1.0
RNF126P1,0.030602478344804077,4,0.75
RNF128,0.0301262188263051,16,0.75
RNF13,0.015407484582629676,13,0.8461538461538461
RNF130,0.02732487393030236,7,1.0
RNF133,0.03523025142277987,5,0.6
RNF135,0.02022237329673806,17,0.7647058823529411
RNF138,0.02028317985801149,14,0.6428571428571429
RNF138P1,0.007209270938289913,14,0.5
RNF139,0.00727323171365232,11,0.6363636363636364
RNF14,0.022256406657900022,20,0.85
RNF141,0.012565221062241788,16,0.5
RNF144A,-0.01097406892941303,19,1.0
RNF144B,0.024205100751298145,13,0.5384615384615384
RNF145,0.04213434836685298,6,1.0
RNF146,0.014261920428456058,12,0.5
RNF148,0.030899915868344757,2,0.5
RNF149,0.02812783739488235,6,0.8333333333333334
RNF150,0.020035985135278503,16,0.8125
RNF151,0.024875069867318637,7,0.8571428571428571
RNF152,0.024669029823748,12,0.9166666666666666
RNF157,0.01667800252590772,6,0.8333333333333334
RNF160,0.023363078737390828,10,0.8
RNF165,0.013867581704963827,11,0.45454545454545453
RNF166,0.02908117459847206,7,0.8571428571428571
RNF167,0.01517893165564157,10,0.8
RNF168,0.018955807281357956,12,0.5833333333333334
RNF169,0.0279609645446124,9,0.8888888888888888
RNF17,0.03555398751328609,10,0.9
RNF170,0.017751629783872017,13,0.6923076923076923
RNF175,0.028295728271704075,8,0.75
RNF180,0.016232923378318397,12,0.5
RNF181,0.018303771185693537,11,0.8181818181818182
RNF182,0.01159296387054398,20,0.5
RNF183,0.04051878604279441,5,1.0
RNF185,0.022984177140724895,16,0.8125
RNF186,0.05137016834080473,9,1.0
RNF187,0.01645246293058443,9,0.6666666666666666
RNF19A,0.01652074692313066,16,0.5625
RNF19B,0.011835178892670667,14,0.5
RNF2,0.019346628522910626,14,0.7857142857142857
RNF20,0.03375852331757294,4,1.0
RNF207,0.012565381798525834,12,0.4166666666666667
RNF208,0.031250466868775,9,0.8888888888888888
RNF212,0.022844906727513874,9,0.5555555555555556
RNF213,0.023994394492763645,10,0.7
RNF214,0.01926213749996676,11,0.7272727272727273
RNF215,0.010158547595689352,8,0.625
RNF216,0.02321850062986637,16,0.875
RNF216L,0.017058494696196278,9,0.6666666666666666
RNF217,-0.01581908098277232,5,0.6
RNF219,0.049393169242807136,7,1.0
RNF220,0.028684434989273058,24,0.875
RNF222,0.027671867929354815,9,0.7777777777777778
RNF24,0.013282763947570816,9,0.8888888888888888
RNF25,0.015116201211333394,10,0.6
RNF26,0.027914678947587285,14,0.9285714285714286
RNF31,0.022136174953980924,13,0.8461538461538461
RNF32,0.012716262143901091,18,0.5555555555555556
RNF34,0.013710909178154878,14,0.7142857142857143
RNF38,0.035932786959555756,8,0.875
RNF39,0.006682175108580011,28,0.7142857142857143
RNF4,0.017887401462957277,15,0.9333333333333333
RNF40,0.014316289964050889,9,0.7777777777777778
RNF41,0.01346352817943799,15,0.7333333333333333
RNF43,0.034501720276939936,5,0.6
RNF44,0.014432934555137177,11,0.6363636363636364
RNF5,0.023856551919270483,32,0.90625
RNF5P1,0.017906798846656278,34,0.9117647058823529
RNF6,0.017098808774898062,18,0.8333333333333334
RNF7,0.016813607601198346,6,0.8333333333333334
RNF8,0.00994348798776987,8,0.625
RNFT1,0.009985752046050442,12,0.75
RNFT2,0.019195314198881666,21,0.7142857142857143
RNGTT,0.016339114929660514,12,0.5
RNH1,0.008220397017053625,28,0.75
RNLS,0.020066313489503378,10,0.6
RNMT,0.01027642170865279,16,0.6875
RNMTL1,0.007600083578538596,19,0.631578947368421
RNPC3,0.02371655199495348,11,0.7272727272727273
RNPEP,0.02282593937684473,9,0.7777777777777778
RNPEPL1,0.02238705854854261,14,0.9285714285714286
RNPS1,0.012309614802685854,15,0.7333333333333333
RNU11,0.02948261172050065,5,1.0
RNU12,0.01954746903264153,10,0.6
RNU4ATAC,0.016188879540474696,9,0.7777777777777778
RNU5D,0.02858620183934039,3,1.0
RNU5E,0.02858620183934039,3,1.0
RNU6ATAC,0.031583405097104056,8,1.0
RNU86,-0.0026492759238993125,9,0.4444444444444444
RNY5,0.045173161321017195,3,1.0
ROBLD3,0.01615324976695991,14,0.8571428571428571
ROBO1,0.028651810464317553,22,0.6363636363636364
ROBO2,0.023318787321549163,16,0.5
ROBO3,0.01569025897069777,11,0.6363636363636364
ROBO4,0.03807064760114128,10,0.7
ROCK1,0.011619685266489205,14,0.21428571428571427
ROCK2,0.012549132472602795,7,0.7142857142857143
ROD1,0.042665608271039046,6,0.8333333333333334
ROGDI,0.015333447056060967,7,0.8571428571428571
ROM1,0.01931722070421786,12,0.6666666666666666
ROMO1,0.010467363319296808,11,0.8181818181818182
ROPN1,0.04371637104925349,3,1.0
ROPN1B,0.04221463555476958,5,1.0
ROPN1L,0.013495926734033643,11,0.7272727272727273
ROR1,0.016179474324584282,9,0.6666666666666666
ROR2,0.014293565149573528,3,0.6666666666666666
RORA,0.02013509856747513,25,0.76
RORB,0.034917488517430866,6,0.8333333333333334
RORC,0.01649791412665994,9,0.7777777777777778
ROS1,0.004988535793265192,4,0.25
RP1,0.026623945166067697,5,0.8
RP1-177G6.2,0.05036381384619243,2,1.0
RP11-529I10.4,0.021462160155767934,10,1.0
RP1L1,0.032074518569655965,12,1.0
RP2,0.034595084556011804,10,0.6
RP5-1022P6.2,0.01909083629537768,12,0.75
RP9,0.010254908337671577,11,0.5454545454545454
RP9P,0.028773958750413314,5,0.8
RPA1,0.03167995856522587,3,1.0
RPA2,0.016222244055625022,15,0.8
RPA3,0.021441793649040003,16,0.625
RPA4,0.04895439237938465,5,1.0
RPAIN,0.01376830422295463,18,0.6111111111111112
RPAP1,-0.012453805712649113,14,0.6428571428571429
RPAP2,0.020376370138778015,8,0.625
RPAP3,0.019247304270968296,11,0.8181818181818182
RPE,0.019777521803717002,11,0.7272727272727273
RPE65,0.034436148441283496,2,1.0
RPF1,0.02295767891296719,8,0.625
RPF2,0.011801159932835217,10,0.7
RPGR,0.02067894333801583,10,0.7
RPGRIP1,0.03875963121227467,4,0.75
RPGRIP1L,0.018716707837875317,14,0.6428571428571429
RPH3A,0.030431899323231152,17,0.9411764705882353
RPH3AL,0.028247082976649723,32,0.8125
RPIA,0.020075639045503454,12,0.75
RPL10,0.022041562460628706,12,0.5833333333333334
RPL10A,0.01736181737762684,12,1.0
RPL10L,0.017564387819829906,10,0.8
RPL11,0.02707217955618566,6,1.0
RPL12,0.017725268600077126,6,1.0
RPL13,0.017946935052714774,9,0.5555555555555556
RPL13A,0.011661321229060544,9,0.8888888888888888
RPL13AP17,0.03884399226874395,4,0.75
RPL13AP20,0.03706364034728127,2,1.0
RPL13AP3,0.053737422893016806,4,1.0
RPL13AP5,0.012050684864404462,8,1.0
RPL13AP6,-0.003374549241388858,1,0.0
RPL13P5,0.015878551705087996,6,0.8333333333333334
RPL14,0.0017298653636671677,5,0.6
RPL15,0.01983349737785298,15,0.8666666666666667
RPL17,0.016245346273245156,13,0.6153846153846154
RPL18,0.011587083360483664,9,1.0
RPL18A,0.012015270854481038,11,0.7272727272727273
RPL18AP3,0.012567819264216873,10,0.7
RPL19,0.02466139250976594,8,0.875
RPL19P12,0.023916291908782195,3,1.0
RPL21,0.017746069121395952,12,0.9166666666666666
RPL21P28,0.01204769748794566,9,0.8888888888888888
RPL21P44,-0.15498126048100186,3,0.6666666666666666
RPL22,0.03410245362229525,10,0.9
RPL22L1,0.01566474328414224,9,0.7777777777777778
RPL23,0.022862207352388798,8,0.75
RPL23A,0.02091829855422382,9,0.6666666666666666
RPL23AP32,0.03357556423720829,3,1.0
RPL23AP53,0.02784837149610405,5,1.0
RPL23AP64,0.035900105972542506,2,1.0
RPL23AP7,0.007750756832470731,7,0.42857142857142855
RPL23AP82,0.013904727842125608,10,0.5
RPL23P8,0.02167483750766714,2,1.0
RPL24,0.015318078666576066,9,0.6666666666666666
RPL26,0.015427851071942026,11,0.8181818181818182
RPL26L1,0.01361938844640465,18,0.6666666666666666
RPL27,0.02411877326666234,11,0.8181818181818182
RPL27A,0.02118684624019794,9,0.6666666666666666
RPL28,0.01434255082956829,11,0.8181818181818182
RPL29,0.020070709814936374,11,0.6363636363636364
RPL29P2,0.011382645480535313,5,0.8
RPL3,0.011564616791794328,9,0.8888888888888888
RPL30,0.026123920386385467,13,0.6923076923076923
RPL31,0.014264039983147741,11,0.9090909090909091
RPL31P11,0.01760344645857867,3,0.6666666666666666
RPL32,0.029929237420654387,12,0.8333333333333334
RPL32P3,0.026043242208856055,8,0.75
RPL34,0.02212779024406153,17,0.7058823529411765
RPL35,0.009910381395778612,3,0.6666666666666666
RPL35A,0.021972546385598597,7,0.7142857142857143
RPL36,0.021919197121439676,10,0.7
RPL36A,0.03005927273703898,11,0.9090909090909091
RPL36AL,0.014003494158682031,17,0.7058823529411765
RPL37,0.015044026532522358,10,0.9
RPL37A,0.01916173304474152,5,0.8
RPL38,0.021592769531894002,7,1.0
RPL39,0.0309554299578432,10,0.6
RPL39L,0.021729029284493013,9,0.7777777777777778
RPL3L,0.0393351221205899,5,1.0
RPL4,0.03196137685660644,11,0.9090909090909091
RPL41,0.030517846177379473,12,0.75
RPL5,0.03249659666968349,6,0.8333333333333334
RPL6,0.019202323543110723,10,0.9
RPL7,0.01777448627513344,9,0.5555555555555556
RPL7A,0.023160285191362335,2,0.5
RPL7L1,0.03256113870275483,10,1.0
RPL8,0.030020146715581838,6,0.6666666666666666
RPL9,0.02033925107282982,20,0.8
RPLP0,0.018435183266610443,12,0.9166666666666666
RPLP0P2,0.037903696089677315,3,1.0
RPLP1,0.025873679116276336,13,0.8461538461538461
RPLP2,0.01027547609685456,16,0.6875
RPN1,0.01677751253502058,12,0.75
RPN2,0.015212451727637586,7,0.5714285714285714
RPP14,0.017744322250210977,13,0.8461538461538461
RPP21,0.012075836407122429,18,0.6111111111111112
RPP25,0.011568963878682417,15,0.6666666666666666
RPP30,0.03272424408122723,13,0.9230769230769231
RPP38,0.015855822374401685,17,0.7647058823529411
RPP40,0.024852634455360772,7,0.8571428571428571
RPPH1,0.01939386809429538,5,0.8
RPRD1A,0.0077228187029996205,6,0.8333333333333334
RPRD1B,0.024785907508820423,8,0.875
RPRD2,0.026741212629025044,16,0.8125
RPRM,0.023755453620293698,25,0.76
RPRML,0.01688943423510381,14,0.7142857142857143
RPS10,0.015720803135473835,11,0.7272727272727273
RPS10P7,0.003981186950859611,4,0.0
RPS11,0.010304989451356408,10,0.8
RPS12,0.022066346828639824,11,0.7272727272727273
RPS13,0.01988617986869024,8,1.0
RPS14,0.013015468516547186,16,0.75
RPS15,0.020092898978644604,11,0.8181818181818182
RPS15A,0.01709674773551574,8,0.75
RPS15AP10,0.014977043012094108,3,0.3333333333333333
RPS16,0.0021822543264674024,10,0.7
RPS17,-0.00013492887697861763,1,0.0
RPS18,0.01589062660329618,27,0.7777777777777778
RPS19,0.016476666026839917,11,0.8181818181818182
RPS19BP1,0.033562333804894845,9,1.0
RPS2,0.017776356471643807,15,0.8
RPS20,0.01795355439958404,10,0.7
RPS21,0.00819409762304888,11,0.7272727272727273
RPS23,0.014962160662616474,8,0.875
RPS24,0.03579090956000002,10,0.9
RPS25,0.01984751467316971,10,0.7
RPS26,0.022166865799118633,7,0.8571428571428571
RPS26P11,0.018477614069276033,3,0.6666666666666666
RPS27,0.020999990901950077,6,1.0
RPS27A,0.021598925791853796,18,0.7222222222222222
RPS27L,0.013019682305005394,13,0.6153846153846154
RPS28,0.02144266354580749,7,0.8571428571428571
RPS29,0.02942700233725087,6,1.0
RPS2P32,0.005821021083083411,2,0.5
RPS3,0.01908790510407049,7,1.0
RPS3A,0.01465306585094549,9,0.7777777777777778
RPS4X,0.030062187995492783,7,0.8571428571428571
RPS4Y1,0.028450429523810043,4,0.75
RPS4Y2,0.046580700880135405,9,0.7777777777777778
RPS5,0.016296595961329777,13,0.7692307692307693
RPS6,0.025761410712785347,3,1.0
RPS6KA1,0.03199420662759042,10,0.8
RPS6KA2,0.015931987743907975,25,0.6
RPS6KA3,0.022785992823276577,8,0.375
RPS6KA4,0.013596018100644008,8,0.875
RPS6KA5,0.010604404240920524,11,0.7272727272727273
RPS6KA6,0.03711457777280384,9,0.8888888888888888
RPS6KB1,0.01800515237269784,16,0.6875
RPS6KB2,0.011102093423328283,10,0.7
RPS6KC1,0.028223601958545293,9,1.0
RPS6KL1,0.03032653483445239,10,0.9
RPS7,0.018502730277655352,9,0.8888888888888888
RPS8,0.019415430241799078,8,0.75
RPS9,0.012037334494638379,11,0.5454545454545454
RPSA,0.020884262059652242,16,0.875
RPSAP52,0.021354208351875643,3,0.6666666666666666
RPSAP58,-0.002080811755403429,8,0.375
RPSAP9,0.04312978519712363,1,1.0
RPTN,0.02975999851524002,4,0.75
RPTOR,0.010079954687293302,12,0.6666666666666666
RPUSD1,0.01777962448773207,10,0.7
RPUSD2,0.018471793776250266,8,0.625
RPUSD3,0.021591521138772392,10,0.9
RPUSD4,0.012115070429241197,12,0.5
RQCD1,0.008206732288407965,11,0.45454545454545453
RRAD,0.03504709303834401,5,1.0
RRAGA,0.026729585167374195,7,1.0
RRAGB,0.04409663118498139,8,1.0
RRAGC,0.013957107200324802,11,0.8181818181818182
RRAGD,0.017313074434656392,9,0.8888888888888888
RRAS,0.02663305422903227,9,0.8888888888888888
RRAS2,0.022553942101154578,24,0.7083333333333334
RRBP1,-0.004480558203044652,11,0.5454545454545454
RREB1,0.018661952807725108,41,0.6829268292682927
RRH,-0.0023551142308997353,1,0.0
RRM1,0.02238958327344052,12,0.8333333333333334
RRM2,0.005306360734071961,10,0.6
RRM2B,0.017872896965682124,8,0.875
RRN3,0.013482615059835673,9,0.6666666666666666
RRN3P1,0.008858425741343988,7,0.8571428571428571
RRN3P2,0.028801586795924955,2,0.5
RRP1,0.011032356969181489,8,0.75
RRP12,0.021026957394017397,10,0.9
RRP15,0.018978137527169477,12,0.9166666666666666
RRP1B,0.015171988103257691,12,0.8333333333333334
RRP7A,0.01105290123985407,7,0.5714285714285714
RRP7B,0.006677674401406841,8,0.375
RRP8,0.007330268295513716,17,0.7058823529411765
RRP9,0.014556267922056061,15,0.6
RRS1,0.021444855167793694,15,0.8666666666666667
RS1,0.042595401539706555,6,1.0
RSAD1,0.05200000307836573,6,1.0
RSAD2,0.040205757625303394,7,0.7142857142857143
RSBN1,0.02274093396446629,12,0.5833333333333334
RSBN1L,0.009560097841282323,11,0.5454545454545454
RSC1A1,0.020692497118374883,4,0.75
RSF1,0.019368005148764644,11,0.5454545454545454
RSL1D1,0.013584114841979144,5,0.6
RSL24D1,0.02282008786802291,11,0.7272727272727273
RSPH1,0.014397125920672563,12,0.5833333333333334
RSPH10B,0.019563172835044825,3,1.0
RSPH10B2,0.019563172835044825,3,1.0
RSPH3,0.029254491724246247,10,1.0
RSPH4A,0.03019239153812098,13,0.8461538461538461
RSPH6A,0.03268188830221006,10,0.9
RSPH9,0.027936576229119776,9,0.8888888888888888
RSPO1,0.01786405324371811,17,0.8823529411764706
RSPO2,0.019379853860805617,13,0.7692307692307693
RSPO3,0.03548548849736959,7,0.8571428571428571
RSPO4,0.006770264470356032,7,0.5714285714285714
RSPRY1,0.009708836908167044,18,0.8888888888888888
RSRC1,0.017082442479773696,8,0.75
RSRC2,0.025831206243649308,20,0.7
RSU1,0.024780569238650785,14,0.7142857142857143
RTBDN,0.02544268187810723,17,0.9411764705882353
RTCD1,0.02863159486576715,11,0.9090909090909091
RTDR1,0.018753997240444766,11,0.9090909090909091
RTEL1,0.013282414944344208,15,0.7333333333333333
RTF1,0.02093963419785937,6,1.0
RTKN,-0.032621355506908034,20,0.6
RTKN2,0.018645852334773852,8,0.625
RTL1,0.02444290526156795,37,0.6486486486486487
RTN1,0.022740044315573606,25,0.72
RTN2,0.02499334581191167,16,0.8125
RTN3,0.0243557618020296,9,0.6666666666666666
RTN4,0.017372885897007515,15,0.6
RTN4IP1,0.02591844115327435,16,0.8125
RTN4R,0.012020958249881203,6,0.6666666666666666
RTN4RL1,0.018481473189593475,5,1.0
RTN4RL2,0.031856803974231955,3,1.0
RTP1,0.05095887420863824,6,1.0
RTP2,0.0412308113723108,4,1.0
RTP3,0.03574815900412932,4,1.0
RTP4,0.02482062586926518,4,0.75
RTTN,0.009227974366091598,14,0.5714285714285714
RUFY1,0.025852104853881272,21,0.8095238095238095
RUFY2,0.014618724640926917,10,0.8
RUFY3,0.026932942447757735,10,0.6
RUFY4,0.03325436875999571,8,1.0
RUNDC1,0.014673536784815106,19,0.7894736842105263
RUNDC2A,0.008795633927787722,5,0.8
RUNDC2C,0.01588892639449614,3,1.0
RUNDC3A,0.023476755880195786,10,0.8
RUNDC3B,0.012451542719461608,9,0.5555555555555556
RUNX1,0.022554699207036108,20,0.75
RUNX1T1,0.029779837675478742,24,0.5833333333333334
RUNX2,0.02631767199884294,15,0.6666666666666666
RUNX3,0.0023130232599398123,45,0.8
RUSC1,0.024557270416591642,27,0.7777777777777778
RUSC2,0.03358564969680296,7,1.0
RUVBL1,0.016655308289968914,11,0.7272727272727273
RUVBL2,0.01156101086185777,13,0.9230769230769231
RWDD1,0.021685622951506434,15,0.7333333333333333
RWDD2A,0.020657793405076886,18,0.6666666666666666
RWDD2B,0.023721833566320592,8,0.625
RWDD3,0.02678461524023769,13,0.8461538461538461
RWDD4A,0.018241008890795916,12,0.75
RXFP1,0.032243540454231,2,1.0
RXFP2,-0.0037224458381527326,1,0.0
RXFP3,0.018903638002411446,19,0.8421052631578947
RXFP4,0.047812643979938944,7,1.0
RXRA,0.032604048223599975,4,1.0
RXRB,0.0174441149936063,36,0.8055555555555556
RXRG,0.030945207771285694,13,1.0
RYBP,0.021609520355444715,10,0.7
RYK,0.02324356795260941,5,0.8
RYR1,0.01764290205594913,10,0.8
RYR2,0.03839829748115139,4,1.0
RYR3,0.03424952963947286,6,1.0
S100A1,-0.11581857202413909,13,0.8461538461538461
S100A10,0.00561036415793352,14,0.7857142857142857
S100A11,0.013278567108384364,11,0.7272727272727273
S100A12,0.04081276755541058,4,0.75
S100A13,-0.03686171816658803,33,0.7878787878787878
S100A14,0.030594546298262318,6,0.8333333333333334
S100A16,-0.003555504036763679,10,0.8
S100A2,-0.03552567646228495,9,0.8888888888888888
S100A3,0.030915359919063468,6,0.8333333333333334
S100A4,0.020028991772594356,7,1.0
S100A5,0.030334582724172346,9,0.8888888888888888
S100A6,0.015547188788373429,14,0.7142857142857143
S100A7,0.03704077727650046,2,1.0
S100A7A,0.035307983853559606,6,1.0
S100A7L2,0.04432037181753148,4,1.0
S100A8,0.04354754473988002,5,1.0
S100A9,0.050635158994116726,12,1.0
S100B,-0.10792656383207874,9,0.8888888888888888
S100G,0.04001388540813583,4,0.75
S100P,-0.21490198706560848,9,1.0
S100PBP,0.01806350921173157,16,0.9375
S100Z,0.03388371140701955,5,0.6
S1PR1,0.021189396305558324,17,0.6470588235294118
S1PR2,0.02055442657966531,12,0.8333333333333334
S1PR3,0.04289358291998574,8,1.0
S1PR4,0.016523619200705383,12,0.8333333333333334
S1PR5,0.02642038469638386,10,0.9
SAA1,0.03887606091469506,6,1.0
SAA2,0.04518103073123022,5,0.8
SAA3P,0.029988751970655914,3,0.6666666666666666
SAA4,0.03832297831059601,5,0.8
SAAL1,0.02328845353237448,8,0.875
SAC3D1,0.01748224011412117,14,0.8571428571428571
SACM1L,0.021211441801733486,19,0.631578947368421
SACS,0.018446471799980622,16,0.75
SAE1,0.020946063225924894,12,0.6666666666666666
SAFB,0.01253352424976003,15,0.8
SAFB2,0.01242411868440555,14,0.7857142857142857
SAG,0.02854106540763854,6,0.8333333333333334
SAGE1,0.043620668295083743,6,1.0
SALL1,0.01668707010739318,33,0.6060606060606061
SALL2,0.031188202565295364,5,0.8
SALL3,0.02407897952580489,11,0.6363636363636364
SALL4,0.018340273979794722,9,0.8888888888888888
SAMD1,0.018196361788275266,5,0.6
SAMD10,0.023570259313224585,9,0.7777777777777778
SAMD11,0.0059816756857052214,12,0.6666666666666666
SAMD12,0.014266979574545402,8,0.625
SAMD13,0.03907215801333291,10,0.8
SAMD14,0.026070481748119823,12,0.75
SAMD3,-0.007650968908223738,5,0.2
SAMD4A,0.016776933481243525,19,0.6842105263157895
SAMD4B,0.022241938629065833,9,0.5555555555555556
SAMD5,0.022746491008630246,12,1.0
SAMD7,0.029110074492846694,3,1.0
SAMD8,0.03471523399916156,8,0.875
SAMD9,0.018904741611172497,7,0.7142857142857143
SAMD9L,0.03849089444682239,2,1.0
SAMHD1,0.02724873680140326,11,1.0
SAMM50,0.01632211679084861,11,0.8181818181818182
SAP130,0.012391901174606644,12,0.75
SAP18,0.015570499776578197,14,0.7857142857142857
SAP25,0.032607189357934004,8,0.875
SAP30,0.02639240669044725,12,0.8333333333333334
SAP30BP,0.016663892209187733,13,0.6153846153846154
SAP30L,0.011335602599231805,8,0.75
SAPS1,0.012290720229675351,13,0.6153846153846154
SAPS2,0.02279288562500038,8,0.5
SAPS3,0.01781033300021041,19,0.7368421052631579
SAR1A,0.02548193280266349,11,0.8181818181818182
SAR1B,0.010217268556889947,12,0.5833333333333334
SARDH,0.03142467877313483,5,0.8
SARM1,0.012362719976963202,8,0.625
SARNP,0.02220155752271206,12,0.8333333333333334
SARS,0.037668137343778677,8,1.0
SARS2,0.0132929532226468,19,0.8421052631578947
SART1,0.006507418747597074,10,0.7
SART3,0.027435920502863063,16,0.875
SASH1,0.021297592148244816,13,0.9230769230769231
SASH3,0.05539536196340436,8,1.0
SASS6,0.02015330487538798,11,0.6363636363636364
SAT1,0.024738668978086874,9,0.7777777777777778
SAT2,0.014461270242630388,14,0.6428571428571429
SATB1,0.024730855097330185,11,0.45454545454545453
SATB2,0.018935620890334567,23,0.7391304347826086
SATL1,0.050135229353651424,5,1.0
SAV1,0.021666516419804285,11,0.7272727272727273
SBDS,0.02175239015635682,14,0.9285714285714286
SBDSP,0.026535501901240245,10,0.9
SBF1,0.015547065325190823,6,0.6666666666666666
SBF1P1,0.05298205518477108,3,1.0
SBF2,0.013520474653056317,14,0.6428571428571429
SBK1,0.03730082343398982,11,1.0
SBK2,0.03182283802728891,7,0.8571428571428571
SBNO1,0.022081875329856976,2,1.0
SBNO2,0.012957124127614992,43,0.7674418604651163
SBSN,0.03116645293109931,6,1.0
SC4MOL,0.025535207701331136,19,0.7894736842105263
SC5DL,0.012335095184942186,15,0.6
SC65,0.014779649743177137,21,0.7619047619047619
SCAF1,0.010590866030213543,10,0.7
SCAI,0.027152747006641664,3,0.6666666666666666
SCAMP1,0.006821376673903967,10,0.9
SCAMP2,0.015429258447697904,5,0.8
SCAMP3,0.01792848578328262,16,0.75
SCAMP4,0.0055036326995862965,19,0.8421052631578947
SCAMP5,0.02598217639331955,12,0.75
SCAND1,0.01846223705433371,10,0.6
SCAND2,0.021961285358494537,8,1.0
SCAND3,0.029889069141643496,36,0.9444444444444444
SCAP,0.009133552347600854,15,0.7333333333333333
SCAPER,0.012429365755667561,8,0.125
SCARA3,0.018925003713425863,7,0.42857142857142855
SCARA5,3.757452998820789e-05,15,0.8
SCARB1,0.010906597760502058,10,0.6
SCARB2,0.009684919668289353,9,0.6666666666666666
SCARF1,0.03789838616429183,7,0.8571428571428571
SCARF2,0.004895374770406751,9,0.5555555555555556
SCARNA1,-0.017572403219277444,3,0.6666666666666666
SCARNA10,0.012986602838268316,4,0.75
SCARNA11,0.03826107912628428,5,0.8
SCARNA12,0.03397921185340655,5,0.8
SCARNA13,0.020182848193815738,14,0.8571428571428571
SCARNA14,0.0063874588751185735,2,0.0
SCARNA15,0.013651016892370471,1,0.0
SCARNA16,0.02211689193505453,12,0.8333333333333334
SCARNA17,0.03264315653085704,4,1.0
SCARNA18,0.029011603135474212,2,0.5
SCARNA2,0.012613409975864132,6,1.0
SCARNA20,0.017552254916355352,3,0.3333333333333333
SCARNA21,0.04242950291709742,4,1.0
SCARNA22,0.02298900888372477,7,0.7142857142857143
SCARNA23,0.01757381893932756,3,0.3333333333333333
SCARNA27,-0.04293439964842809,5,0.6
SCARNA3,0.0371932736070133,1,1.0
SCARNA4,0.021760053738075307,3,1.0
SCARNA5,0.02780031915504751,3,1.0
SCARNA6,0.02204047954487583,3,0.3333333333333333
SCARNA7,-0.01041808349102094,2,0.0
SCARNA8,0.002449781380160221,2,0.0
SCARNA9,0.013046671550212524,2,0.0
SCARNA9L,0.0068966514816184155,2,0.5
SCCPDH,0.013570062677799295,7,0.5714285714285714
SCD,0.006203174579005391,11,0.7272727272727273
SCD5,0.01078933179539703,11,0.5454545454545454
SCEL,0.022905727726458415,5,0.6
SCFD1,0.03059884971428264,9,0.7777777777777778
SCFD2,0.021258448024879202,10,0.8
SCG2,0.053966015365088715,5,0.6
SCG3,0.0394580158694812,10,0.9
SCG5,0.029769010308671,8,0.75
SCGB1A1,0.05019592961334009,4,1.0
SCGB1C1,0.03814588365210812,10,0.8
SCGB1D1,0.05115319839185826,6,1.0
SCGB1D2,0.04083667240153048,4,1.0
SCGB1D4,0.054185000242876535,7,1.0
SCGB2A1,0.029026126016182995,5,0.8
SCGB2A2,0.03514571249963745,5,1.0
SCGB3A1,0.005844744297108384,7,0.2857142857142857
SCGB3A2,0.03558380762983909,4,0.75
SCGBL,0.051434831620149925,9,1.0
SCGN,0.02723546846167352,11,0.5454545454545454
SCHIP1,0.04084200903144617,6,0.5
SCIN,0.014268585999874999,20,0.75
SCLT1,0.0223345236472133,16,0.75
SCLY,0.010786457638589311,9,0.6666666666666666
SCMH1,0.015548819681899168,18,0.7777777777777778
SCML1,0.036334034837489516,16,0.9375
SCML2,0.02339902773134556,13,0.5384615384615384
SCML4,0.03321932363144699,13,0.6923076923076923
SCN10A,0.03855174491490741,2,1.0
SCN11A,0.02603377163668814,3,0.6666666666666666
SCN1A,0.038320918535900486,2,0.5
SCN1B,0.016477341862956497,5,0.4
SCN2A,0.04534375061754267,4,0.75
SCN2B,0.043405987179127616,5,0.8
SCN3A,0.056005192575004234,4,1.0
SCN3B,0.011973955976184123,10,0.6
SCN4A,0.01955293257304794,10,0.9
SCN4B,0.014950445219430154,21,0.7619047619047619
SCN5A,0.03476040871038089,12,0.8333333333333334
SCN7A,0.05855388906170412,4,1.0
SCN8A,0.021834608382442642,14,0.5714285714285714
SCN9A,0.029459118671437492,16,0.625
SCNM1,0.023128028701305828,16,0.9375
SCNN1A,-0.001917494640419763,19,0.9473684210526315
SCNN1B,0.020110119871206943,12,0.6666666666666666
SCNN1D,0.03396142319987994,8,0.75
SCNN1G,0.025977395769342052,14,0.7142857142857143
SCO1,0.01135378282650559,17,0.5294117647058824
SCO2,0.015979235351842064,17,0.7058823529411765
SCOC,0.020289288769036188,34,0.6764705882352942
SCP2,0.02771395974583296,12,0.8333333333333334
SCPEP1,0.023454458230530984,9,0.8888888888888888
SCRG1,-0.09426801614930704,5,0.8
SCRIB,0.00576766623130946,10,0.5
SCRN1,0.024323285376008842,25,0.64
SCRN2,0.019403031299110245,12,0.75
SCRN3,0.027920577541909155,18,0.8888888888888888
SCRT1,0.02637796871613003,6,0.6666666666666666
SCRT2,0.02505757633984557,9,0.6666666666666666
SCT,-0.010620072550869143,9,0.6666666666666666
SCTR,0.0023056665069184404,7,0.5714285714285714
SCUBE1,0.012274362107091322,7,0.5714285714285714
SCUBE2,0.00032761778551400827,12,0.5833333333333334
SCUBE3,0.02231143174685358,7,0.7142857142857143
SCYL1,0.008551912747478083,7,0.5714285714285714
SCYL2,0.01609620725417189,17,0.7058823529411765
SCYL3,0.018538514450481824,15,0.7333333333333333
SDAD1,0.02788658250325938,9,0.6666666666666666
SDC1,0.00989285719893293,15,0.8666666666666667
SDC2,0.028307185940226343,11,0.7272727272727273
SDC3,0.0253122607922799,5,0.6
SDC4,0.017291149961712694,9,0.6666666666666666
SDC4P,-0.014817004517435589,2,0.5
SDCBP,0.01323550946361395,14,0.6428571428571429
SDCBP2,0.017253940124056618,21,0.5714285714285714
SDCCAG1,0.03166053493352931,12,0.8333333333333334
SDCCAG10,0.04361336335924065,12,0.9166666666666666
SDCCAG3,0.017141695737760313,5,0.8
SDCCAG8,0.021595692427340725,15,0.8
SDF2,0.01686674995248057,18,0.7777777777777778
SDF2L1,0.019660445485567692,9,0.7777777777777778
SDF4,0.018923903061018446,11,0.9090909090909091
SDHA,0.015978077736369833,8,0.875
SDHAF1,0.011854545831212124,15,0.3333333333333333
SDHAF2,0.008379249654721307,7,0.5714285714285714
SDHAP1,0.030664580636437094,5,1.0
SDHAP2,0.02165726392351002,7,0.7142857142857143
SDHAP3,0.024625274787639387,9,0.8888888888888888
SDHB,-0.031680037676250924,12,0.8333333333333334
SDHC,0.02283316931446578,9,0.8888888888888888
SDHD,0.02411610850637887,34,0.7647058823529411
SDK1,0.02773476685453711,10,0.7
SDK2,0.019570762649401222,10,0.7
SDPR,0.025457343347962846,8,0.75
SDR16C5,0.03507124832998095,13,0.8461538461538461
SDR16C6,0.059762354211303215,4,1.0
SDR39U1,0.02576251338873771,8,0.625
SDR42E1,0.03232331850668657,12,0.8333333333333334
SDR9C7,0.05015083997995701,4,1.0
SDS,0.04071198434750801,5,1.0
SDSL,0.032080439912374185,6,0.8333333333333334
SEBOX,0.030707203327284396,9,0.8888888888888888
SEC1,0.009101652574667253,13,0.7692307692307693
SEC11A,0.01615065627010162,9,0.7777777777777778
SEC11C,0.023817715984424545,9,1.0
SEC13,0.024997045732726653,11,1.0
SEC14L1,0.016512697730984873,23,0.6521739130434783
SEC14L2,0.014804124639990751,8,0.625
SEC14L3,0.05365303401954062,8,1.0
SEC14L4,0.028151281213819615,8,0.75
SEC14L5,0.024114230122753898,10,0.7
SEC16A,0.02038125329425139,10,0.7
SEC16B,0.04204991198530396,5,0.8
SEC22A,0.01858339182007043,13,0.6923076923076923
SEC22B,0.027176118667498826,11,0.8181818181818182
SEC22C,0.013564169321024989,11,0.7272727272727273
SEC23A,0.02129258507677537,13,0.6153846153846154
SEC23B,0.01891783732770572,14,0.6428571428571429
SEC23IP,0.009978628823448093,7,0.42857142857142855
SEC24A,0.022234040780187255,8,0.875
SEC24B,0.01356462891107745,6,0.8333333333333334
SEC24C,0.026160119998123475,8,1.0
SEC24D,0.02282080255807659,12,0.8333333333333334
SEC31A,0.01860396904082384,13,0.6153846153846154
SEC31B,0.0267380208698663,13,0.7692307692307693
SEC61A1,0.013947140726251844,10,0.7
SEC61A2,0.003615176728267431,8,0.125
SEC61B,0.023892612458590267,3,1.0
SEC61G,0.01870518781395399,14,0.7857142857142857
SEC62,0.03338274731753702,6,1.0
SEC63,0.014478734069505053,8,0.75
SECISBP2,0.04106302537444559,3,1.0
SECISBP2L,0.02763733694781264,7,0.8571428571428571
SECTM1,0.030384602985027143,22,0.7727272727272727
SEH1L,0.016415385633434927,11,0.6363636363636364
SEL1L,0.01892250966015346,12,0.8333333333333334
SEL1L2,0.056431129195784135,3,1.0
SEL1L3,0.029891804120212438,5,0.8
SELE,0.044361985960245584,4,1.0
SELENBP1,0.02680765018552126,8,0.625
SELI,0.014798033463726684,11,0.8181818181818182
SELK,0.02074748443734784,12,0.6666666666666666
SELL,0.025598454783049118,3,0.6666666666666666
SELM,0.019276952458329152,9,0.7777777777777778
SELO,0.01098276880967453,9,0.5555555555555556
SELP,0.053786894338327784,3,1.0
SELPLG,0.041691630585277764,7,0.8571428571428571
SELS,0.030064378741186767,6,1.0
SELT,0.02796917621944676,7,1.0
SELV,0.022537146749618583,17,0.8823529411764706
SEMA3A,0.02537075108510629,10,0.4
SEMA3B,0.01851575837552901,17,0.9411764705882353
SEMA3C,0.018834212150902644,11,0.7272727272727273
SEMA3E,0.04452812437956048,8,0.75
SEMA3F,0.012049773515957634,11,0.45454545454545453
SEMA3G,0.025801798974796633,8,0.625
SEMA4A,0.046631536652988324,6,1.0
SEMA4B,0.019109451792974238,23,0.6956521739130435
SEMA4C,0.015247154511976736,14,0.9285714285714286
SEMA4D,0.02938914912189641,8,1.0
SEMA4F,0.026504759988926662,7,0.7142857142857143
SEMA4G,0.029344539225944218,10,0.7
SEMA5A,0.015245409051140123,26,0.6923076923076923
SEMA5B,0.025520293767441714,29,0.7931034482758621
SEMA6A,0.0325726455752099,30,0.8666666666666667
SEMA6B,0.013848703094716395,9,0.6666666666666666
SEMA6C,0.00849311372304537,15,0.7333333333333333
SEMA6D,0.03767865952290184,18,0.8888888888888888
SEMA7A,0.01930640009210648,19,0.7894736842105263
SEMG1,0.0649602796691946,3,1.0
SEMG2,0.036402685413251465,4,0.75
SENP1,0.01944846410632929,18,0.8333333333333334
SENP2,0.017287746690684152,10,0.8
SENP3,0.028796659532518254,7,0.7142857142857143
SENP5,0.01839677669565849,12,0.6666666666666666
SENP6,0.022779867331720237,5,0.6
SENP7,0.016196014684514003,10,1.0
SENP8,0.018059342878020933,18,0.6111111111111112
SEP15,0.030397551954107253,14,1.0
SEPHS1,0.016447903774577173,16,0.625
SEPHS2,0.025480927006224688,17,0.9411764705882353
SEPN1,0.023221915193552756,7,1.0
SEPP1,0.055945841618550665,5,0.8
SEPSECS,0.02810672475036022,13,0.7692307692307693
SEPT1,0.02483906619283313,4,0.5
SEPT10,0.022191264455510375,13,0.38461538461538464
SEPT11,0.01868276445904162,10,0.8
SEPT12,0.04913781043323746,7,1.0
SEPT13,0.018591185816574297,7,0.7142857142857143
SEPT14,0.045035588609958696,2,1.0
SEPT2,0.01391648217396934,17,0.7058823529411765
SEPT3,0.014135006985151214,6,0.5
SEPT4,0.048394802275091874,10,0.9
SEPT5,0.008497108262742102,9,0.4444444444444444
SEPT6,0.02967426453320824,10,0.6
SEPT7,0.014640820038067154,10,0.9
SEPT8,0.018990138385523284,24,0.875
SEPT9,-0.004507836885176794,131,0.7786259541984732
SEPW1,0.01699378155728303,10,0.9
SEPX1,0.024009038664582864,9,0.6666666666666666
SERAC1,0.010585846386610556,17,0.4117647058823529
SERBP1,0.026787513661383412,10,0.7
SERF2,0.004006547400617075,10,0.5
SERGEF,0.01595837899398694,11,0.7272727272727273
SERHL,0.011185260047369151,6,0.6666666666666666
SERHL2,0.01591312719844302,10,0.7
SERINC1,0.01761131613141562,11,0.8181818181818182
SERINC2,-0.04561487959527308,11,0.7272727272727273
SERINC3,0.03092819432510569,7,1.0
SERINC4,0.022923166407184264,13,0.6923076923076923
SERINC5,0.0170357181928838,10,0.7
SERP1,0.016584849602339316,10,0.7
SERP2,0.026141981873828584,7,0.8571428571428571
SERPINA1,-0.08156480660193566,17,1.0
SERPINA10,0.04134193062659059,8,0.875
SERPINA11,0.03236429258691361,3,1.0
SERPINA12,0.03491885415004564,6,1.0
SERPINA13,0.04138971258959913,4,1.0
SERPINA3,-0.12353897892486018,5,1.0
SERPINA4,0.08023115443905648,6,1.0
SERPINA5,0.018228048212627065,8,0.875
SERPINA6,-0.03682344501393821,5,0.4
SERPINA7,0.045166748668573876,3,1.0
SERPINA9,0.08810193986637034,3,1.0
SERPINB1,0.01844242623305293,13,0.46153846153846156
SERPINB11,0.04380295813197925,4,1.0
SERPINB12,0.05379284195530967,3,1.0
SERPINB13,0.025203377150954234,6,0.6666666666666666
SERPINB2,0.04213834209757496,4,0.75
SERPINB3,0.04159308918923181,2,1.0
SERPINB4,0.05434690726240808,2,1.0
SERPINB5,0.02305199988658407,14,0.6428571428571429
SERPINB6,0.020100810639965487,17,0.7058823529411765
SERPINB7,0.021989880809687484,6,0.6666666666666666
SERPINB8,0.01656827539777855,9,0.8888888888888888
SERPINB9,0.03616420638279879,9,0.6666666666666666
SERPINC1,0.021191150255996223,7,0.8571428571428571
SERPIND1,0.03848241741345828,5,0.8
SERPINE1,0.018001630009485108,10,0.6
SERPINE2,0.019198512478006968,28,0.7142857142857143
SERPINE3,0.027752090382543004,6,0.8333333333333334
SERPINF1,0.05746978250816213,11,1.0
SERPINF2,0.04126866307252115,5,1.0
SERPING1,0.03035703636431639,12,0.8333333333333334
SERPINH1,-0.007411321141125551,8,0.75
SERPINI1,0.019113043904043104,14,0.8571428571428571
SERPINI2,0.05039799621615009,4,0.75
SERTAD1,0.030474445380415566,12,1.0
SERTAD2,-0.001895931697552189,15,0.9333333333333333
SERTAD3,0.013566497628036934,19,0.7368421052631579
SERTAD4,0.015929477953953563,19,0.7894736842105263
SESN1,0.028818236712074893,11,0.8181818181818182
SESN2,0.014169396933033894,8,1.0
SESN3,0.017114757604787634,12,0.6666666666666666
SESTD1,0.011055364214983501,6,0.6666666666666666
SET,0.027969835550031606,7,0.7142857142857143
SETBP1,0.016817406278926233,18,0.5555555555555556
SETD1A,0.023409085999633202,12,0.8333333333333334
SETD1B,0.015863092722567418,16,0.6875
SETD2,0.013272817699237638,10,0.7
SETD3,0.018146932011110253,17,0.6470588235294118
SETD4,0.021487041339125944,14,0.9285714285714286
SETD5,0.016468020385919168,15,0.3333333333333333
SETD6,0.011285983815134511,8,0.875
SETD7,0.01750897164695669,10,0.8
SETD8,0.011016361082864978,11,0.6363636363636364
SETDB1,0.02711258138190986,11,0.6363636363636364
SETDB2,0.01571060108843732,19,0.7368421052631579
SETMAR,0.018740401626608272,16,0.6875
SETX,0.025541785348559685,5,0.6
SEZ6,0.018555222848441473,14,0.8571428571428571
SEZ6L,0.02844506451904617,3,1.0
SEZ6L2,0.013808763699494603,7,0.7142857142857143
SF1,0.009553401283368372,14,0.6428571428571429
SF3A1,0.012380205097021148,5,0.4
SF3A2,0.02065442613189694,19,0.7894736842105263
SF3A3,0.01595922912617506,12,0.75
SF3B1,0.016563311587910117,8,0.875
SF3B14,0.01629137681685219,12,0.75
SF3B2,0.011870615705540384,12,0.6666666666666666
SF3B3,0.02880236425046886,12,0.9166666666666666
SF3B4,0.015174079775362403,8,0.75
SF3B5,0.013165812702953828,12,0.8333333333333334
SF4,0.019558373864876584,15,0.9333333333333333
SFI1,0.02804465408898579,14,0.8571428571428571
SFMBT1,0.012587665702617263,21,0.5714285714285714
SFMBT2,0.02244169528674705,25,0.8
SFN,0.017718880197340726,13,0.7692307692307693
SFPQ,0.020473174468184877,18,0.7222222222222222
SFRP1,0.027462747931806676,21,0.8095238095238095
SFRP2,0.024766478525661426,41,0.8536585365853658
SFRP4,0.0248288253396438,15,0.7333333333333333
SFRP5,0.018319562330784196,19,0.7894736842105263
SFRS1,0.02048784493475445,15,0.8
SFRS11,0.016239268318121947,23,0.5217391304347826
SFRS12,0.018374569151594092,19,0.8421052631578947
SFRS12IP1,0.042429605931977685,10,1.0
SFRS13A,-0.05180605045111292,9,0.8888888888888888
SFRS13B,0.024666566965437627,7,0.5714285714285714
SFRS14,0.017302110965171244,10,0.7
SFRS15,0.024062735199462587,8,0.875
SFRS16,0.013083861551880653,7,0.7142857142857143
SFRS18,0.020816413424755244,19,0.7894736842105263
SFRS2,0.008488125725839972,17,0.7058823529411765
SFRS2B,0.013797533420469124,9,0.7777777777777778
SFRS2IP,0.01819137869976449,18,0.6111111111111112
SFRS3,0.00970902053454807,14,0.7142857142857143
SFRS4,0.021285691332281684,12,0.6666666666666666
SFRS5,0.013823139564156971,16,0.6875
SFRS6,0.008397042441467726,13,0.46153846153846156
SFRS7,0.022190343905472823,8,0.625
SFRS8,0.01970011051546743,12,0.75
SFRS9,0.006794563905914535,8,0.75
SFT2D1,0.020175887655888815,8,0.75
SFT2D2,0.019793019787592216,10,0.8
SFT2D3,0.020214922771980615,11,1.0
SFTA1P,-0.0018336179032963917,3,0.0
SFTA2,0.04143084836779287,7,1.0
SFTA3,0.02148943110150554,12,0.6666666666666666
SFTPA1,0.04273758891751454,6,0.8333333333333334
SFTPA2,0.0403254916209672,4,1.0
SFTPB,0.0018025379864897856,4,0.75
SFTPC,0.04229425706014883,6,1.0
SFTPD,0.047537411100706334,3,1.0
SFXN1,0.01412942352622662,17,0.6470588235294118
SFXN2,0.02561922237205357,12,0.9166666666666666
SFXN3,0.014910474528972689,14,0.7857142857142857
SFXN4,0.010218688110170326,10,0.5
SFXN5,0.011287011437453351,11,0.5454545454545454
SGCA,0.039023221618518664,5,1.0
SGCB,0.015403998858014127,9,0.7777777777777778
SGCD,0.025242613552674143,7,0.7142857142857143
SGCE,0.02714795179066567,58,0.7068965517241379
SGCG,0.027827322263953947,5,0.4
SGCZ,0.04693357643077786,4,1.0
SGEF,0.016741378163544908,10,0.6
SGIP1,0.0337839845643341,12,0.9166666666666666
SGK1,0.01282021688864169,32,0.71875
SGK196,0.014152991328146253,11,0.7272727272727273
SGK2,0.008969924957168736,15,0.9333333333333333
SGK269,0.025106135492045316,10,0.6
SGK3,0.014785626784507452,28,0.75
SGMS1,0.02091091938313232,48,0.6458333333333334
SGMS2,-0.002524365824424838,20,0.75
SGOL1,0.014636787975767103,15,0.7333333333333333
SGOL2,0.0321098183841487,9,0.8888888888888888
SGPL1,0.019946724834949362,12,0.6666666666666666
SGPP1,0.0208217127503138,8,0.5
SGPP2,0.0210074726104565,9,0.6666666666666666
SGSH,0.01947154575770711,11,0.6363636363636364
SGSM1,0.025097378092219114,10,0.8
SGSM2,0.014961545635606205,10,0.6
SGSM3,0.022159425393927176,14,0.6428571428571429
SGTA,0.00624044599311987,22,0.6363636363636364
SGTB,0.022265955997307796,17,0.7058823529411765
SH2B1,0.011505769928614832,16,0.5625
SH2B2,0.023794427470783877,4,0.75
SH2B3,0.027717322408200365,22,0.8636363636363636
SH2D1A,0.0502351409885343,5,1.0
SH2D1B,0.030100919054504745,4,1.0
SH2D2A,0.030869065996550687,4,0.5
SH2D3A,0.01805101000386335,7,0.8571428571428571
SH2D3C,0.03309148331671749,15,0.8666666666666667
SH2D4A,0.021090108627398067,11,0.8181818181818182
SH2D4B,0.04733702983524975,11,0.9090909090909091
SH2D5,0.023208751477002493,18,0.6111111111111112
SH2D6,-0.05377692295387473,3,0.3333333333333333
SH2D7,0.004649003790666517,7,1.0
SH3BGR,0.02471947541290667,15,0.7333333333333333
SH3BGRL,0.019565802449638278,11,0.7272727272727273
SH3BGRL2,0.025849087976541053,5,0.8
SH3BGRL3,-0.07912124583489728,6,0.6666666666666666
SH3BP1,0.02658282691124268,5,0.6
SH3BP2,0.001597066272500382,30,0.9333333333333333
SH3BP4,0.014336428662821171,57,0.7017543859649122
SH3BP5,0.016197845862635857,31,0.6774193548387096
SH3BP5L,0.018491810683939583,12,0.8333333333333334
SH3D19,-0.003907596740764101,12,0.5
SH3D20,0.026106604902844943,10,0.8
SH3GL1,0.010396226342252768,4,1.0
SH3GL2,0.030584080437532024,5,0.8
SH3GL3,0.024973000512064834,12,0.75
SH3GLB1,0.03061297416535837,9,0.7777777777777778
SH3GLB2,0.00787030515333914,3,0.0
SH3KBP1,0.025368387821859587,11,0.6363636363636364
SH3PXD2A,-0.0016149366196475232,7,0.42857142857142855
SH3PXD2B,0.011127025137763065,14,0.35714285714285715
SH3RF1,0.03331800810874575,5,0.6
SH3RF2,0.029138110058094628,9,0.8888888888888888
SH3RF3,0.015390520329723571,13,0.8461538461538461
SH3TC1,0.021358500587644737,11,0.7272727272727273
SH3TC2,-0.05504130913116647,7,1.0
SH3YL1,0.0074142549449952595,16,0.5625
SHANK1,0.021887836999029363,12,0.6666666666666666
SHANK2,0.032379996510326164,37,0.9459459459459459
SHANK3,0.03479021224314248,5,1.0
SHARPIN,0.008825951592185008,12,0.5
SHB,0.013578544762421818,5,0.8
SHBG,0.0253222242136087,19,0.7894736842105263
SHC1,0.02158423860540743,25,0.92
SHC2,0.02496871526993398,6,0.8333333333333334
SHC3,0.0324997436297995,6,1.0
SHC4,0.027247708229350253,10,1.0
SHCBP1,0.019334054404420795,8,0.5
SHD,0.028286092658882423,7,0.8571428571428571
SHE,0.02460988888666403,11,0.9090909090909091
SHF,0.026008959767424653,15,0.8
SHFM1,0.025001835879735246,10,0.6
SHH,0.019810715017797638,10,0.8
SHISA2,0.01393329130293351,11,0.7272727272727273
SHISA3,0.013060531190737808,13,0.8461538461538461
SHISA4,0.01762664962513621,12,0.75
SHISA5,0.022428861711339648,5,1.0
SHISA6,0.014284281572319962,8,0.5
SHISA7,0.019891782986650446,6,0.8333333333333334
SHISA9,0.014560171842579349,14,0.9285714285714286
SHKBP1,0.017927774567343676,10,0.9
SHMT1,0.009995994544992155,14,0.7142857142857143
SHMT2,0.01510348559415586,18,0.7777777777777778
SHOC2,0.02178868240919836,22,0.5454545454545454
SHOX2,0.031269404191719856,12,0.8333333333333334
SHPK,0.016369171358292817,14,0.7142857142857143
SHPRH,0.021070402066751155,15,0.8
SHQ1,0.01678337872445309,11,0.7272727272727273
SHROOM1,0.03668379174463044,7,1.0
SHROOM2,0.012882161731448927,6,0.6666666666666666
SHROOM3,0.017393672404462178,7,0.42857142857142855
SHROOM4,-0.0014956488051467663,9,0.2222222222222222
SIAE,0.010486060752532929,8,0.375
SIAH1,-0.005961307677243072,18,0.8333333333333334
SIAH2,0.014505406781153175,11,0.7272727272727273
SIAH3,0.050057809011847636,11,0.9090909090909091
SIDT1,0.028202209142348562,10,0.7
SIDT2,0.013836285382696833,10,0.7
SIGIRR,0.013446857256729625,19,0.7894736842105263
SIGLEC1,-0.003828460566336944,5,1.0
SIGLEC10,0.04256769731804745,5,1.0
SIGLEC11,0.044995747855796006,4,1.0
SIGLEC12,0.05571307652263716,12,1.0
SIGLEC14,0.05611454455957235,4,1.0
SIGLEC15,0.018022264212732494,4,1.0
SIGLEC16,0.040621471227654665,3,1.0
SIGLEC5,0.01920801560470014,4,0.75
SIGLEC6,0.028586173321413246,6,0.8333333333333334
SIGLEC7,0.04973888907588283,6,1.0
SIGLEC8,0.06461617940984005,4,1.0
SIGLEC9,0.043137659853554666,7,1.0
SIGLECP3,0.0445622034686885,6,1.0
SIGMAR1,0.024623257277589145,3,1.0
SIK1,0.01129807036670281,5,0.8
SIK2,0.014409275127094473,7,0.5714285714285714
SIK3,0.01146946793189226,7,0.8571428571428571
SIKE1,0.01424166500609763,12,0.4166666666666667
SIL1,0.014527116630552395,22,0.8636363636363636
SILV,0.026410553734426686,12,1.0
SIM1,0.03155598466242424,18,0.7777777777777778
SIM2,0.016128408055233343,18,0.6666666666666666
SIN3A,0.016829994224461946,36,0.7777777777777778
SIN3B,0.016519090136168986,4,0.75
SIP1,0.024365676338802652,6,0.5
SIPA1,0.021838292252497025,19,0.5789473684210527
SIPA1L1,0.006765380192968309,5,0.6
SIPA1L2,0.025799539056784487,9,0.8888888888888888
SIPA1L3,0.016589460954852413,16,0.75
SIRPA,0.014962531063550874,12,0.5
SIRPB1,0.05155704863249652,4,1.0
SIRPB2,0.04294909561535152,8,1.0
SIRPD,0.04695919717460539,5,1.0
SIRPG,0.03800415798550579,4,0.75
SIRT1,0.00873066662521378,15,0.5333333333333333
SIRT2,0.01880248741874057,17,0.8823529411764706
SIRT3,0.02125106075950429,16,0.8125
SIRT4,0.03410022727561301,9,0.5555555555555556
SIRT5,0.021940250080176756,13,0.7692307692307693
SIRT6,0.020943998424581927,11,0.8181818181818182
SIRT7,0.03634511967537032,8,0.75
SIT1,0.061072881746764895,1,1.0
SIVA1,0.01334037191291258,9,0.6666666666666666
SIX1,0.027298005760854876,12,0.9166666666666666
SIX2,0.013917862402079083,15,0.7333333333333333
SIX3,0.02339110652714044,11,0.7272727272727273
SIX4,0.022613625676565777,13,0.8461538461538461
SIX5,0.013757132675319443,13,0.6153846153846154
SIX6,0.027690611099766223,11,0.9090909090909091
SKA1,0.0178139402570504,8,0.75
SKA2,0.028413543025409865,13,0.7692307692307693
SKA3,0.011796430799293944,8,0.75
SKAP1,0.025044352713954627,9,0.7777777777777778
SKAP2,0.019762008614707546,13,0.8461538461538461
SKI,0.015996789664188812,12,0.4166666666666667
SKIL,0.0062076398686010574,15,0.5333333333333333
SKINTL,0.027512393623592923,2,0.5
SKIV2L,0.016153698846329324,25,0.72
SKIV2L2,0.01303472164805289,19,0.5789473684210527
SKP1,0.021874088976214463,15,0.6
SKP2,0.011863001725974046,16,0.75
SLA,0.020931389003150575,16,1.0
SLA2,0.028598429728307603,12,0.8333333333333334
SLAIN1,0.027370526371397006,22,0.6363636363636364
SLAIN2,0.018146845179588905,6,0.8333333333333334
SLAMF1,0.0368471012047248,7,0.8571428571428571
SLAMF6,0.05593987736026709,1,1.0
SLAMF7,0.041201139686432964,3,1.0
SLAMF8,0.010776597877704451,8,0.625
SLAMF9,0.03386784117460303,3,0.6666666666666666
SLBP,0.012672978292680328,7,0.7142857142857143
SLC10A1,0.033772735743408805,7,1.0
SLC10A2,0.04917500294875566,5,1.0
SLC10A3,0.021717810349683425,11,0.7272727272727273
SLC10A4,0.028173274934286088,13,1.0
SLC10A5,0.03142753262444723,4,0.75
SLC10A6,-0.017322189016734862,5,0.4
SLC10A7,0.017421448915423902,17,0.5882352941176471
SLC11A1,0.03888462970398709,7,0.8571428571428571
SLC11A2,0.023903506979090976,12,0.8333333333333334
SLC12A1,0.025740658143162787,3,0.6666666666666666
SLC12A2,0.009278956970777437,13,0.6153846153846154
SLC12A3,0.03069153367601166,7,0.8571428571428571
SLC12A4,0.023385096070653987,22,0.8181818181818182
SLC12A5,0.022830055067639774,19,0.7894736842105263
SLC12A6,0.01983060632616309,27,0.8518518518518519
SLC12A7,0.009968893361086754,10,0.8
SLC12A8,0.022476095024333953,11,0.6363636363636364
SLC12A9,0.01739393119225972,10,0.9
SLC13A1,0.01472591458236705,2,0.5
SLC13A2,0.04573410155531712,4,1.0
SLC13A3,0.027241498807940998,19,0.8947368421052632
SLC13A4,0.017440065457125897,10,0.8
SLC13A5,0.016000164793744574,10,0.5
SLC14A1,-0.0012780895320727958,10,0.6
SLC14A2,0.0358221695183333,5,0.8
SLC15A1,0.02808768629832949,6,0.8333333333333334
SLC15A2,0.0347646759792178,4,0.75
SLC15A3,0.020010624146126466,6,1.0
SLC15A4,0.021013819597774278,12,0.75
SLC15A5,0.04167634730137104,2,0.5
SLC16A1,0.017582503049529994,22,0.9090909090909091
SLC16A10,0.021724263275033278,9,0.7777777777777778
SLC16A11,0.034589735827625964,11,0.8181818181818182
SLC16A12,0.018052731402368787,23,0.6521739130434783
SLC16A13,0.011842544391366141,10,0.8
SLC16A14,0.027037214092822524,14,0.7142857142857143
SLC16A2,0.01829520705782201,8,0.75
SLC16A3,-0.026435497260594513,26,0.9615384615384616
SLC16A4,-0.00340456493282804,5,0.8
SLC16A5,0.02363804425449687,12,0.75
SLC16A6,0.021903801851861977,18,0.7222222222222222
SLC16A7,0.0024297337186042073,4,0.0
SLC16A8,0.023731214117032738,10,0.9
SLC16A9,0.016368310478615065,19,0.7894736842105263
SLC17A1,0.05023474065749798,6,0.8333333333333334
SLC17A2,0.029031346036671055,8,0.75
SLC17A3,0.04718426563757958,5,0.8
SLC17A4,0.0586075249896402,6,1.0
SLC17A5,0.024739367643679264,11,0.7272727272727273
SLC17A6,0.03560681703595632,8,0.875
SLC17A7,0.014426897803711172,8,0.75
SLC17A8,0.03057147642349929,9,0.6666666666666666
SLC17A9,-0.008158754977938379,11,1.0
SLC18A1,0.04008810753768256,6,1.0
SLC18A2,0.02267015523856999,7,0.7142857142857143
SLC18A3,0.019720544302853218,17,0.7647058823529411
SLC19A1,0.02505491921632458,13,0.6923076923076923
SLC19A2,0.013719532124703396,15,0.9333333333333333
SLC19A3,0.01934344541179934,11,0.7272727272727273
SLC1A1,0.014240337062557184,4,0.75
SLC1A2,0.023877051944669277,13,0.5384615384615384
SLC1A3,0.03224203846827618,20,0.75
SLC1A4,0.021348942015720126,22,0.7272727272727273
SLC1A5,0.018556539506587363,24,0.8333333333333334
SLC1A6,0.0344547469113954,10,1.0
SLC1A7,0.04391843528246754,7,0.8571428571428571
SLC20A1,0.01820914434533675,8,0.75
SLC20A2,0.022228269573582992,22,0.8181818181818182
SLC22A1,0.0073827346209219364,6,1.0
SLC22A10,-0.0061369993063151995,2,0.5
SLC22A11,0.021509173477384624,7,0.7142857142857143
SLC22A12,0.02506280352899132,14,0.9285714285714286
SLC22A13,0.025755148205621563,3,1.0
SLC22A14,0.030092352238189117,4,0.75
SLC22A15,0.019474040176199914,10,0.7
SLC22A16,0.019728579302901016,7,0.7142857142857143
SLC22A17,0.01970202955755784,11,0.5454545454545454
SLC22A18,0.027256682137061526,49,0.8367346938775511
SLC22A18AS,0.027880295886732624,51,0.9411764705882353
SLC22A2,0.034328527619971475,15,0.9333333333333333
SLC22A20,-0.005330676166434127,7,1.0
SLC22A23,0.017656212547225724,18,0.8888888888888888
SLC22A24,0.04672899991569046,2,1.0
SLC22A25,0.05445491982145242,4,1.0
SLC22A3,0.023049767890849327,6,1.0
SLC22A4,0.01436839629609966,11,0.7272727272727273
SLC22A5,0.007716005957249981,9,0.7777777777777778
SLC22A6,0.044588295629722594,5,0.8
SLC22A7,0.03707165783427519,4,1.0
SLC22A8,0.041215587649791385,10,0.9
SLC22A9,0.05153861770882939,6,0.8333333333333334
SLC23A1,0.0497162444287778,5,1.0
SLC23A2,0.015962753669578587,16,0.75
SLC23A3,0.043101411189895446,5,1.0
SLC24A1,0.03815802592657028,6,1.0
SLC24A2,0.03323521558885816,4,1.0
SLC24A3,0.013557880595270114,6,0.6666666666666666
SLC24A4,0.022925132899806806,15,0.8
SLC24A5,0.030346850181209712,7,0.7142857142857143
SLC24A6,0.021697324480236074,15,0.8
SLC25A1,0.016050859504050347,7,0.7142857142857143
SLC25A10,0.018975365188296955,5,1.0
SLC25A11,0.02212415333635182,11,0.8181818181818182
SLC25A12,0.018358507489594247,7,0.7142857142857143
SLC25A13,0.01639512616317863,10,0.7
SLC25A14,0.020317955124399673,10,0.5
SLC25A15,0.023919645732544615,8,0.75
SLC25A16,0.0173719132503829,7,0.5714285714285714
SLC25A17,0.020275545994002813,11,0.8181818181818182
SLC25A18,0.027152192220316444,7,1.0
SLC25A19,0.014401133253045845,14,0.8571428571428571
SLC25A2,0.017483451431995915,16,0.75
SLC25A20,0.016560613795985002,10,0.6
SLC25A21,0.03130536740585632,4,0.75
SLC25A22,0.026694328173547416,7,0.8571428571428571
SLC25A23,0.021670320432581595,8,0.875
SLC25A24,0.027054355788909246,14,0.8571428571428571
SLC25A25,0.02559265516272715,10,1.0
SLC25A26,0.02211013915409116,8,0.5
SLC25A27,0.022520857995957776,12,0.8333333333333334
SLC25A28,0.012073973681367863,13,0.6923076923076923
SLC25A29,0.023732490671819033,10,0.9
SLC25A3,0.01078335677865628,11,0.7272727272727273
SLC25A30,0.0255772344263903,14,0.6428571428571429
SLC25A31,0.019664613402258623,11,0.7272727272727273
SLC25A32,0.014990910007554476,10,0.4
SLC25A33,0.008623263178444637,12,0.6666666666666666
SLC25A34,0.04795758905294848,10,1.0
SLC25A35,0.02690860928985758,7,1.0
SLC25A36,0.024249431689748285,10,0.9
SLC25A37,0.01866940860716355,9,0.7777777777777778
SLC25A38,0.016457133829341084,9,0.5555555555555556
SLC25A39,0.003684437889800736,14,0.42857142857142855
SLC25A4,0.0289606273430991,8,0.875
SLC25A40,0.012298118365787375,21,0.6190476190476191
SLC25A41,0.04579609912916983,6,1.0
SLC25A42,0.015337582928038886,12,0.5833333333333334
SLC25A43,0.03724091359597004,9,0.7777777777777778
SLC25A44,0.017871646802192033,14,0.8571428571428571
SLC25A45,0.026777612398101856,7,0.7142857142857143
SLC25A46,0.019376371035391807,12,0.6666666666666666
SLC25A5,0.028606914283470817,8,0.75
SLC26A1,0.027902611544778085,9,0.7777777777777778
SLC26A10,0.02106129639895538,23,0.6521739130434783
SLC26A11,0.013690146508859467,11,0.6363636363636364
SLC26A2,0.019576435081071198,18,0.7777777777777778
SLC26A3,0.035967209540422096,4,0.75
SLC26A4,0.0279386929904104,13,0.8461538461538461
SLC26A5,0.0332367767473745,17,0.7647058823529411
SLC26A6,0.015160522642561137,14,0.42857142857142855
SLC26A7,0.048328998837518955,3,1.0
SLC26A8,0.037901644382430266,7,1.0
SLC26A9,0.034269898956281186,15,0.8666666666666667
SLC27A1,0.021912638610097863,13,0.8461538461538461
SLC27A2,0.013023967340555893,11,0.5454545454545454
SLC27A3,0.027747116463863367,13,0.9230769230769231
SLC27A4,0.03335998755452939,5,1.0
SLC27A5,0.038421671126837635,7,1.0
SLC27A6,0.015608251661629012,13,0.6153846153846154
SLC28A1,0.009585773303832845,5,1.0
SLC28A2,0.0328809077274981,6,1.0
SLC28A3,0.04059124255021324,5,1.0
SLC29A1,-0.013465799620324487,28,0.75
SLC29A2,0.020289530969811755,11,0.6363636363636364
SLC29A3,0.01857520555350789,6,0.5
SLC29A4,0.03536970266058787,9,0.7777777777777778
SLC2A1,0.014064832650120575,13,0.6153846153846154
SLC2A10,0.01360734815851343,6,0.6666666666666666
SLC2A11,0.010720456891470278,12,0.6666666666666666
SLC2A12,0.028513427684487242,8,0.75
SLC2A13,0.025823755035033414,7,0.7142857142857143
SLC2A14,0.013172078516544046,11,0.5454545454545454
SLC2A2,0.030945136325753284,9,0.7777777777777778
SLC2A3,0.03358212532503291,7,0.7142857142857143
SLC2A4,0.02239596691266019,13,0.9230769230769231
SLC2A4RG,0.014360298591142146,4,0.75
SLC2A5,0.030305325423556836,8,1.0
SLC2A6,0.023169390872662617,4,1.0
SLC2A7,0.027966722030139324,5,1.0
SLC2A8,0.03662197686362422,2,1.0
SLC2A9,0.03392048541933607,10,0.9
SLC30A1,0.011894720960414707,8,0.625
SLC30A10,0.023715070101738202,15,0.8666666666666667
SLC30A2,0.02751432852309597,8,0.75
SLC30A3,0.01263454710344957,12,0.6666666666666666
SLC30A4,0.01721955594437906,8,0.75
SLC30A5,0.015812877034711438,10,0.8
SLC30A6,0.026481968486616943,5,0.8
SLC30A7,0.02224203338693677,13,0.7692307692307693
SLC30A8,0.04906857776077455,5,0.8
SLC30A9,0.025540985380496775,11,0.8181818181818182
SLC31A1,0.044054036894214436,5,1.0
SLC31A2,0.05110993110416151,3,1.0
SLC32A1,0.014895909044924112,12,0.8333333333333334
SLC33A1,0.02125851246188124,15,0.8666666666666667
SLC34A1,0.0454144182651382,7,0.8571428571428571
SLC34A2,0.01995881211289652,15,0.6666666666666666
SLC34A3,0.054239414435022865,2,1.0
SLC35A1,0.027291518593796797,7,1.0
SLC35A2,0.03480888383453083,15,0.9333333333333333
SLC35A3,0.02409877024482722,18,0.7777777777777778
SLC35A4,0.006717039175923304,12,0.75
SLC35A5,0.013946437960080353,8,0.75
SLC35B1,0.012340363884102897,9,0.8888888888888888
SLC35B2,0.022574524376864146,6,1.0
SLC35B3,0.017196345822931097,14,0.5714285714285714
SLC35B4,0.015178228619134104,10,0.7
SLC35C1,0.027175811700973978,26,0.8461538461538461
SLC35C2,0.016773981697832632,13,0.8461538461538461
SLC35D1,0.02426767341491235,9,0.7777777777777778
SLC35D2,0.05126113691559703,1,1.0
SLC35D3,0.018419832305264172,13,0.7692307692307693
SLC35E1,0.010686583933597964,11,0.5454545454545454
SLC35E2,-0.011039345527420225,10,0.5
SLC35E3,0.01848215478687012,12,0.6666666666666666
SLC35E4,0.026467072773109276,9,0.8888888888888888
SLC35F1,0.012966487742930466,11,0.5454545454545454
SLC35F2,0.02494092581904441,11,1.0
SLC35F3,0.022949047605616186,7,0.8571428571428571
SLC35F4,0.043729279723847304,5,1.0
SLC35F5,0.01978126618714424,9,0.4444444444444444
SLC36A1,0.023740026066898994,12,0.75
SLC36A2,0.058842862336216696,6,1.0
SLC36A3,0.045873602740237766,5,1.0
SLC36A4,0.03313697153994517,7,0.7142857142857143
SLC37A1,0.03016407567518216,13,0.8461538461538461
SLC37A2,0.007983889970439058,7,0.42857142857142855
SLC37A3,0.02319974883802726,12,0.8333333333333334
SLC37A4,0.022625788520306514,18,0.7777777777777778
SLC38A1,0.024023758706980723,18,0.7777777777777778
SLC38A10,0.02213875606718194,8,0.875
SLC38A11,0.01395421315695222,6,0.3333333333333333
SLC38A2,0.011009763435845516,17,0.5294117647058824
SLC38A3,0.019193674692736012,14,0.6428571428571429
SLC38A4,0.03610633538204022,14,0.7142857142857143
SLC38A5,0.04298571519925473,12,0.8333333333333334
SLC38A6,0.013762285109552427,8,0.75
SLC38A7,0.012569806193219788,11,0.6363636363636364
SLC38A8,0.02969388971091649,7,0.8571428571428571
SLC38A9,0.01619002328655419,17,0.7058823529411765
SLC39A1,0.010942881936967562,22,0.8181818181818182
SLC39A10,0.02010629545764101,22,0.6363636363636364
SLC39A11,0.023033985658309563,11,0.9090909090909091
SLC39A12,0.02803622247824981,6,0.8333333333333334
SLC39A13,0.01459860660957637,8,0.75
SLC39A14,0.023193145653009693,23,0.8260869565217391
SLC39A2,-0.016035134837490323,6,1.0
SLC39A3,0.026226949673961317,12,1.0
SLC39A4,0.045712387623220385,14,0.9285714285714286
SLC39A5,0.0368499246250964,7,0.8571428571428571
SLC39A6,0.019645522912597035,19,0.5789473684210527
SLC39A7,0.015406172490906611,45,0.8444444444444444
SLC39A8,0.017600822933634547,20,0.7
SLC39A9,0.0219050630807718,17,0.8235294117647058
SLC3A1,0.026031507111873436,4,1.0
SLC3A2,0.018873510785920467,34,0.7647058823529411
SLC40A1,0.016542635143489307,11,0.5454545454545454
SLC41A1,0.019667458755824173,15,0.8
SLC41A2,0.012949022421640227,4,0.25
SLC41A3,-0.014713671733431995,25,0.76
SLC43A1,0.01321551378083617,13,0.7692307692307693
SLC43A2,0.01563047937512164,12,0.6666666666666666
SLC43A3,0.03577549196433576,9,1.0
SLC44A1,0.011399307333369312,4,1.0
SLC44A2,0.011389230849210686,14,0.7142857142857143
SLC44A3,0.025646398556042133,15,0.8
SLC44A4,0.035475359917895584,15,0.9333333333333333
SLC44A5,0.04579894213767845,5,0.8
SLC45A1,0.014398492009907504,12,0.6666666666666666
SLC45A2,0.02877784890235885,6,0.8333333333333334
SLC45A3,0.009854781500574393,17,0.6470588235294118
SLC45A4,0.046407633100759293,10,1.0
SLC46A1,0.011823476443994927,10,0.7
SLC46A2,0.026374187469241573,5,1.0
SLC46A3,0.01899547874021055,12,0.8333333333333334
SLC47A1,0.011642568038219047,9,0.8888888888888888
SLC47A2,0.015440452205580041,5,0.8
SLC48A1,0.007869587191255351,6,0.5
SLC4A1,0.03261620354486863,7,1.0
SLC4A10,0.024757444997243822,4,1.0
SLC4A11,0.03597046546115628,11,0.9090909090909091
SLC4A1AP,0.028844394752515864,16,0.9375
SLC4A2,0.0031136790845274413,33,0.8484848484848485
SLC4A3,0.021158764214093812,8,0.5
SLC4A4,-0.0028708694599601406,21,0.6190476190476191
SLC4A5,0.031460677946304375,8,0.625
SLC4A7,0.010787590758027488,3,0.3333333333333333
SLC4A8,0.022916182840690573,10,0.6
SLC4A9,0.058463846682904955,4,1.0
SLC5A1,0.038648469837311766,8,0.875
SLC5A10,0.028867687091237246,6,1.0
SLC5A11,0.03180447197554104,9,1.0
SLC5A12,0.04660885196900071,5,1.0
SLC5A2,0.04594165778864434,3,1.0
SLC5A3,-0.009623724884560066,11,0.7272727272727273
SLC5A4,0.056313051847588724,5,1.0
SLC5A5,0.025297140715823136,12,1.0
SLC5A6,0.016854645399342404,22,0.7727272727272727
SLC5A7,0.013680945110672084,14,0.6428571428571429
SLC5A8,0.033984308498851735,14,0.7857142857142857
SLC5A9,0.04922634890028368,6,1.0
SLC6A1,0.02433132124237623,24,0.7083333333333334
SLC6A11,0.015941324309653518,10,0.5
SLC6A12,0.03358994312259138,18,0.8333333333333334
SLC6A13,0.033005819379508944,8,1.0
SLC6A14,0.04961532375197826,5,1.0
SLC6A15,0.025669652551382184,26,0.5
SLC6A16,0.008700982820300872,11,0.5454545454545454
SLC6A17,0.030706060817067355,12,0.75
SLC6A18,0.04370782367781368,11,0.9090909090909091
SLC6A19,0.035191476800856186,10,0.9
SLC6A2,0.022607859255554696,11,0.7272727272727273
SLC6A20,0.01232062265269556,11,0.6363636363636364
SLC6A3,0.01869738827561432,17,0.7058823529411765
SLC6A4,0.02585945605135871,14,0.8571428571428571
SLC6A5,0.030658968925471226,13,0.9230769230769231
SLC6A6,0.00792814529341784,18,0.8888888888888888
SLC6A7,0.03016087584618915,8,0.875
SLC6A8,0.02432021085355661,17,0.5882352941176471
SLC6A9,0.023812400744989668,20,0.8
SLC7A1,0.006963242100004063,18,0.9444444444444444
SLC7A10,0.02321877370368308,6,0.6666666666666666
SLC7A11,0.03688702061118375,5,0.8
SLC7A13,0.07375923916602126,4,1.0
SLC7A14,0.02534624250092473,20,0.7
SLC7A2,0.03521633458696166,14,0.9285714285714286
SLC7A3,0.03893090577791553,9,0.7777777777777778
SLC7A4,0.01740100385883494,10,0.9
SLC7A5,0.01627856676360674,8,1.0
SLC7A5P1,0.0049883951919094255,9,0.4444444444444444
SLC7A5P2,0.014710466287486077,5,0.8
SLC7A6,0.025999279771370613,9,1.0
SLC7A6OS,0.012979999593391352,14,0.6428571428571429
SLC7A7,0.024424650386668478,10,1.0
SLC7A8,0.017022235758625985,15,0.9333333333333333
SLC7A9,0.03260747442929434,6,0.8333333333333334
SLC8A1,0.021442282798305786,23,0.782608695652174
SLC8A2,0.03477896930571311,8,0.75
SLC8A3,0.027358262603272027,26,0.6923076923076923
SLC9A1,0.010995642270469211,10,0.5
SLC9A10,0.032431303634872885,7,0.8571428571428571
SLC9A11,0.03646866846855302,5,1.0
SLC9A2,0.013578665857413547,10,0.5
SLC9A3,0.012840338060965814,7,0.8571428571428571
SLC9A3R1,0.009398829737465558,8,0.875
SLC9A3R2,0.02264460760919726,5,0.8
SLC9A4,0.04616981878764002,3,1.0
SLC9A5,0.024161532140282323,10,0.8
SLC9A6,0.03037871144159816,10,0.7
SLC9A7,0.026055804296432908,8,0.625
SLC9A8,0.017750039947234612,10,0.9
SLC9A9,0.026725900117549058,2,1.0
SLCO1A2,0.04369884348190868,8,0.5
SLCO1B1,0.06374469344596406,2,1.0
SLCO1B3,0.020306820973673877,3,0.0
SLCO1C1,0.05376586196507649,4,0.75
SLCO2A1,0.017459413311049662,5,0.6
SLCO2B1,0.024246408754778764,10,0.9
SLCO3A1,0.017793085265056165,9,0.7777777777777778
SLCO4A1,0.015130052093285726,13,0.9230769230769231
SLCO4C1,0.016395305221265033,14,0.5
SLCO5A1,0.01946102795157808,24,0.75
SLCO6A1,0.025610393926718034,7,0.8571428571428571
SLED1,0.01693193537548593,3,0.6666666666666666
SLFN11,0.020765270048758333,17,0.6470588235294118
SLFN12,0.021603304925228654,13,0.7692307692307693
SLFN12L,0.040625002403512876,5,0.8
SLFN13,0.01875230179664951,17,0.9411764705882353
SLFN14,0.05633451470507796,2,1.0
SLFN5,0.018493039560012612,19,0.7894736842105263
SLFNL1,0.03553694413589679,10,0.8
SLIT1,0.0211959178214216,17,0.7647058823529411
SLIT2,0.023201299251951957,9,1.0
SLIT3,0.015076877351356363,17,0.7058823529411765
SLITRK1,0.030332794545985108,22,0.8636363636363636
SLITRK2,0.03858684318081711,26,0.7692307692307693
SLITRK3,0.03472187273678302,23,0.6956521739130435
SLITRK4,0.02713737389599294,19,0.9473684210526315
SLITRK5,0.023677615550927684,18,0.7777777777777778
SLITRK6,0.027084598006811164,4,0.25
SLK,0.01798307925534025,7,0.8571428571428571
SLMAP,0.021869083894934707,12,0.75
SLMO1,0.017947585234672145,8,0.875
SLMO2,0.008611798818917105,4,0.5
SLN,0.02676065889674745,11,0.9090909090909091
SLPI,0.028903677272307034,5,0.8
SLTM,0.01635716426273642,11,0.6363636363636364
SLU7,0.02535847730692231,10,0.6
SLURP1,-0.001100453654251742,6,0.6666666666666666
SMAD1,0.01568826780715004,15,0.6
SMAD2,0.02114110392289115,13,0.46153846153846156
SMAD3,0.021805212919540472,39,0.717948717948718
SMAD4,0.020129840023896575,13,0.6923076923076923
SMAD5,0.019831490196940405,12,0.8333333333333334
SMAD5OS,0.025236415167365328,2,1.0
SMAD6,0.013582127245371174,24,0.875
SMAD7,0.009452655515687245,11,0.6363636363636364
SMAD9,-0.0011433643593616264,16,0.75
SMAGP,0.023102357476368317,11,0.8181818181818182
SMAP1,0.01186245676981089,11,0.5454545454545454
SMAP2,0.02304758040832718,6,0.8333333333333334
SMARCA1,0.031832595449842405,6,0.8333333333333334
SMARCA2,0.021346558614725977,15,0.8666666666666667
SMARCA4,0.015304615433799396,16,0.5625
SMARCA5,0.025389291854672875,15,0.6666666666666666
SMARCAD1,0.024548040772821907,15,0.8
SMARCAL1,0.0194836034156974,16,0.8125
SMARCB1,-0.00023251859732496233,7,0.8571428571428571
SMARCC1,0.009878010563203303,11,0.9090909090909091
SMARCC2,0.01986784293881989,7,0.7142857142857143
SMARCD1,0.011297489999247382,9,0.6666666666666666
SMARCD2,0.01572870012083349,12,0.8333333333333334
SMARCD3,0.020507441453371526,16,0.875
SMARCE1,0.02025427657925964,11,0.45454545454545453
SMC1A,0.028476343652430163,10,0.9
SMC1B,0.012485227974450305,14,0.5714285714285714
SMC2,0.025951642637103,5,1.0
SMC3,0.022380457140778166,10,0.9
SMC4,0.023692758741637173,16,0.6875
SMC5,0.029587756189231457,5,0.6
SMC6,0.02120532084468379,15,0.6
SMCHD1,0.022209285910377446,10,0.9
SMCP,0.03382963218780783,7,1.0
SMCR5,-0.025162249284483157,4,1.0
SMCR7,0.021942909384879198,15,0.8666666666666667
SMCR7L,0.017066108338657824,13,0.8461538461538461
SMCR8,0.017132558698715723,14,0.9285714285714286
SMEK1,0.018999317627358476,14,0.7142857142857143
SMEK2,0.03715236811787482,10,0.5
SMEK3P,0.019505656659485733,5,0.8
SMG1,0.02531984858976071,5,0.8
SMG5,0.024988407837554336,11,1.0
SMG6,0.007001616669912005,13,0.7692307692307693
SMG7,0.017260688273067322,13,0.8461538461538461
SMN1,0.0020655199541269736,2,1.0
SMN2,0.0020655199541269736,2,1.0
SMNDC1,0.022369221315130916,12,0.8333333333333334
SMO,0.01140822932443148,11,0.6363636363636364
SMOC1,0.01665415183911771,11,0.9090909090909091
SMOC2,0.01534466305654567,10,0.3
SMOX,-0.008679921705689167,18,0.6111111111111112
SMPD1,0.015422696000633415,8,1.0
SMPD2,0.02925283334483106,5,0.6
SMPD3,0.028735994462689273,33,0.8484848484848485
SMPD4,0.0036970042175568456,15,0.7333333333333333
SMPDL3A,0.026235301703089506,8,0.875
SMPDL3B,0.03342866237347248,5,1.0
SMPX,0.03174376498675871,10,0.9
SMR3A,0.06698444678567833,1,1.0
SMR3B,0.04359267507180868,2,0.5
SMS,0.016761675156140313,8,0.625
SMTN,0.01184853306319208,14,0.7142857142857143
SMTNL1,0.04705332263764648,5,1.0
SMTNL2,0.021176909439613513,14,0.8571428571428571
SMU1,0.04692644949560833,2,1.0
SMUG1,0.024974252512832657,12,0.9166666666666666
SMURF1,0.011122018957704247,10,0.7
SMURF2,0.017048499555953448,7,0.5714285714285714
SMYD1,0.03977055479093768,7,0.7142857142857143
SMYD2,0.017909062520798116,6,0.6666666666666666
SMYD3,0.017473223237673027,16,0.6875
SMYD4,0.030166821506078616,7,1.0
SMYD5,0.03047541429412992,8,0.875
SNAI1,0.015360042658800055,10,0.6
SNAI2,0.01649877093580755,7,0.7142857142857143
SNAI3,0.016987212896128034,6,0.6666666666666666
SNAP23,0.03273034003981543,10,0.7
SNAP25,0.014961143783830563,18,0.4444444444444444
SNAP29,0.011958838638898867,10,0.7
SNAP47,0.029237590601239642,8,1.0
SNAP91,0.016358662333099853,14,0.7857142857142857
SNAPC1,0.01822793659342165,11,0.8181818181818182
SNAPC2,0.01718169046011796,10,0.6
SNAPC3,0.02411094406356007,6,0.8333333333333334
SNAPC4,0.01777562062688758,5,0.8
SNAPC5,0.025333018155503192,9,0.6666666666666666
SNAPIN,0.027243887534237933,8,0.75
SNAR-A10,0.05453972164387377,1,1.0
SNAR-A11,0.05453972164387377,1,1.0
SNAR-A14,0.05453972164387377,1,1.0
SNAR-A3,0.05453972164387377,1,1.0
SNAR-A4,0.05453972164387377,1,1.0
SNAR-A5,0.05453972164387377,1,1.0
SNAR-A6,0.05453972164387377,1,1.0
SNAR-A7,0.05453972164387377,1,1.0
SNAR-A8,0.05453972164387377,1,1.0
SNAR-A9,0.05453972164387377,1,1.0
SNAR-B1,0.033217980508882,5,0.8
SNAR-B2,0.033217980508882,5,0.8
SNAR-C1,0.020297929559384975,2,1.0
SNAR-C2,0.020297929559384975,2,1.0
SNAR-C3,0.058543313679861986,1,1.0
SNAR-C4,0.03238369088692698,2,1.0
SNAR-C5,0.020297929559384975,2,1.0
SNAR-D,0.026123930189446587,3,0.6666666666666666
SNAR-E,0.017504833172534172,5,0.8
SNAR-F,0.01641544953840307,6,0.6666666666666666
SNAR-G1,0.04152628511654612,5,0.8
SNAR-G2,0.03779928382170348,5,1.0
SNAR-H,0.00764147826388543,3,1.0
SNAR-I,0.04697512132801593,2,1.0
SNCA,0.032391895068734196,22,0.6363636363636364
SNCAIP,0.023130398360533194,21,0.8095238095238095
SNCB,0.01929266289436476,12,0.6666666666666666
SNCG,0.032555201434204865,9,1.0
SND1,0.015288794282756197,12,0.75
SNED1,0.035891944379133116,12,0.8333333333333334
SNF8,0.01630912085670381,11,0.9090909090909091
SNHG1,0.007787384353583926,10,0.6
SNHG10,0.026816964358927373,12,0.9166666666666666
SNHG11,0.022503544302232177,9,0.7777777777777778
SNHG12,0.015048674193892421,9,0.5555555555555556
SNHG3,0.032808937536111665,5,1.0
SNHG3-RCC1,0.009636192995344735,30,0.8666666666666667
SNHG4,0.02464825118135248,7,0.8571428571428571
SNHG5,0.021585101139448577,5,0.8
SNHG6,0.0316985188163995,4,1.0
SNHG7,0.013738723249804907,3,1.0
SNHG8,0.011659982613756534,7,0.8571428571428571
SNHG9,0.013577305597205647,10,0.8
SNIP1,0.02544063017682828,15,0.8
SNN,0.011852347268747192,14,0.6428571428571429
SNORA1,0.0141468525417987,5,0.2
SNORA10,0.01785531584105162,5,1.0
SNORA11,0.021571897225786923,4,1.0
SNORA11B,0.017779982715487336,4,0.75
SNORA11C,0.03268008074601202,3,1.0
SNORA12,0.01833804781838788,2,1.0
SNORA13,0.023882024361344237,16,0.75
SNORA14A,0.011238557791347711,3,0.3333333333333333
SNORA14B,0.007839057539240994,13,0.6923076923076923
SNORA15,0.03850252865233184,3,0.6666666666666666
SNORA16A,0.016039570783421418,14,0.6428571428571429
SNORA16B,0.006624950644584807,4,0.25
SNORA17,0.022544155690138592,3,1.0
SNORA18,0.01909567348746351,3,0.6666666666666666
SNORA19,-0.007156373762965518,2,0.0
SNORA20,0.04594037692960862,1,1.0
SNORA21,0.030001825205819673,11,0.8181818181818182
SNORA22,-0.010905488869827873,5,0.0
SNORA23,0.0644840176304225,1,1.0
SNORA24,0.015207454173421385,12,0.9166666666666666
SNORA25,0.019728573992783896,4,0.25
SNORA26,0.015492075349534276,13,0.6153846153846154
SNORA27,0.02569127105473474,5,0.6
SNORA28,0.014342686076612265,3,0.3333333333333333
SNORA29,0.036265797270294636,2,0.5
SNORA2A,0.019563925015932293,3,0.6666666666666666
SNORA2B,0.017033544492898806,3,1.0
SNORA3,0.02255633842226717,6,0.8333333333333334
SNORA30,0.03170930996685602,4,1.0
SNORA31,0.023168803658825933,4,0.75
SNORA32,0.018849908033302342,6,0.3333333333333333
SNORA33,0.04217400782258654,8,1.0
SNORA34,0.021030043650304364,2,0.5
SNORA35,0.026257963011862093,3,0.3333333333333333
SNORA36A,0.04904055556862566,4,1.0
SNORA36B,0.04692631590765195,1,1.0
SNORA36C,0.017332922247621813,4,0.75
SNORA37,0.0373097975330479,4,1.0
SNORA38,0.01999289725119605,15,0.6
SNORA38B,0.003373837502791096,3,0.3333333333333333
SNORA39,0.021067145034846087,10,0.8
SNORA4,0.02100661056355542,4,0.5
SNORA40,0.015919303505466137,2,0.5
SNORA41,0.02428586740972005,3,0.6666666666666666
SNORA42,0.02332812104739958,3,0.6666666666666666
SNORA44,0.018716865991018215,9,0.7777777777777778
SNORA45,0.034724562614937185,4,0.75
SNORA47,0.036008570899453626,4,0.75
SNORA48,0.031186555891852527,4,0.5
SNORA49,0.01868932402853308,8,0.875
SNORA50,0.0077602266398874575,4,0.5
SNORA51,0.04085173265760949,5,0.8
SNORA52,0.023276734955644574,7,0.8571428571428571
SNORA53,3.9265360272618587e-05,3,0.0
SNORA54,-0.009656086257358178,4,1.0
SNORA55,0.027597149966917894,4,1.0
SNORA56,0.03813241962653672,3,1.0
SNORA57,0.012327043370208783,8,0.75
SNORA59A,0.03136658599159525,11,0.9090909090909091
SNORA59B,0.03136658599159525,11,0.9090909090909091
SNORA5A,0.03280559959423216,11,0.9090909090909091
SNORA5B,-0.11692004189214346,3,1.0
SNORA5C,0.03646828669258299,5,1.0
SNORA6,0.017204068669164057,5,0.8
SNORA60,0.03245331908280341,5,0.8
SNORA61,0.02307114185101908,8,0.875
SNORA62,-0.06656434289473974,3,1.0
SNORA63,0.015949124199682613,3,0.6666666666666666
SNORA64,0.013273351947651037,4,1.0
SNORA65,-0.028444245178905814,1,0.0
SNORA67,0.025298359231607323,9,0.8888888888888888
SNORA68,0.03933102392313426,5,1.0
SNORA69,0.03747186629550614,5,1.0
SNORA70,0.04670760348292505,6,1.0
SNORA70B,0.0035248817595661674,3,0.0
SNORA70C,0.07054876173681074,1,1.0
SNORA71A,0.03430014664961336,3,1.0
SNORA71B,0.02142768919897868,4,1.0
SNORA71C,-0.13091053636370237,4,1.0
SNORA71D,0.011444729409627354,11,0.7272727272727273
SNORA72,0.010656149214825134,2,0.5
SNORA74A,0.019707625419867904,4,1.0
SNORA74B,0.00588383564458031,4,0.5
SNORA75,0.019613277886921767,6,0.6666666666666666
SNORA76,0.016793746772212223,15,0.9333333333333333
SNORA77,0.017684726812182677,3,0.6666666666666666
SNORA78,0.015586012960760969,13,0.8461538461538461
SNORA79,-0.00827253058613081,1,0.0
SNORA7A,0.026433453000183814,9,0.7777777777777778
SNORA7B,0.02958056976455224,4,0.5
SNORA8,0.018377338843863146,7,0.42857142857142855
SNORA80,-0.033522563946096706,3,1.0
SNORA80B,0.0235263945067684,7,1.0
SNORA81,0.020852581340397656,4,0.75
SNORA84,0.020520820291596936,7,0.42857142857142855
SNORA9,0.015542143170112547,10,0.6
SNORD10,0.01910984446181364,6,0.8333333333333334
SNORD100,0.037580765624746666,6,1.0
SNORD101,0.027123589102414088,15,0.8666666666666667
SNORD102,0.03349711023733336,4,0.75
SNORD103A,-0.11147006103364124,7,0.8571428571428571
SNORD104,0.02812826227378112,8,0.875
SNORD105,0.014773095627950681,10,0.8
SNORD105B,0.025324926221073105,7,0.8571428571428571
SNORD107,0.014451335985519165,5,0.2
SNORD108,0.031304286102626644,2,1.0
SNORD109A,0.029843533560006602,3,0.3333333333333333
SNORD109B,0.029843533560006602,3,0.3333333333333333
SNORD11,0.01926423174742603,1,0.0
SNORD110,0.03808980273038538,6,1.0
SNORD111,0.015647428399556407,3,0.6666666666666666
SNORD111B,-0.003177603414847824,2,0.5
SNORD113-1,0.021964022808083423,3,0.6666666666666666
SNORD113-2,0.032307380556480164,2,0.5
SNORD113-4,0.03807277011223096,3,0.6666666666666666
SNORD113-5,0.040751629009300516,1,1.0
SNORD113-6,0.0288227601748124,5,0.4
SNORD113-7,0.015893269989121273,1,0.0
SNORD113-9,0.01951549586775862,3,0.3333333333333333
SNORD114-1,0.05920485765438732,1,1.0
SNORD114-10,0.022094527634989584,4,0.0
SNORD114-11,0.02880504167254115,2,0.0
SNORD114-12,0.011884321695213668,2,0.0
SNORD114-13,0.009573409773655561,4,0.0
SNORD114-14,0.001189996611319355,2,0.5
SNORD114-15,-0.04002582868278441,4,0.25
SNORD114-16,-0.045025503666504374,4,0.0
SNORD114-17,0.055424522144295996,1,1.0
SNORD114-19,-0.020230667549203052,1,0.0
SNORD114-20,0.009615424387359739,2,0.0
SNORD114-21,-0.007470209520610546,4,0.25
SNORD114-22,-0.006296531462962551,3,0.0
SNORD114-23,0.00978539150608454,3,0.0
SNORD114-24,0.006731507975600459,4,0.0
SNORD114-25,-0.007939958963023,3,0.0
SNORD114-26,-0.0055676483574853275,4,0.0
SNORD114-27,-0.00503891202052049,3,0.0
SNORD114-28,-0.01763610872896934,2,0.0
SNORD114-29,-0.025701310812733358,2,0.0
SNORD114-3,0.021970694224025256,2,0.5
SNORD114-30,0.017893783850648257,2,0.5
SNORD114-31,-0.019813551344737487,4,0.0
SNORD114-4,0.021237733587424937,4,0.5
SNORD114-5,0.01653091443961524,2,0.0
SNORD114-6,0.026880553222805997,1,0.0
SNORD114-7,0.03041984158658223,2,1.0
SNORD114-8,0.02712009208465327,1,1.0
SNORD114-9,0.03338818922613046,1,0.0
SNORD115-1,0.0263182801654859,9,0.8888888888888888
SNORD115-10,0.03809216038780266,30,0.8333333333333334
SNORD115-11,0.04457852261053429,16,0.875
SNORD115-12,0.038267993723855614,18,0.8333333333333334
SNORD115-13,0.034521329439622814,6,0.8333333333333334
SNORD115-14,0.05135521245752979,4,1.0
SNORD115-15,0.04320799985604219,5,1.0
SNORD115-16,0.034636483143075096,5,0.8
SNORD115-17,0.053380643404987764,12,1.0
SNORD115-18,0.053380643404987764,12,1.0
SNORD115-19,0.053380643404987764,12,1.0
SNORD115-2,0.048969009218953495,3,1.0
SNORD115-20,0.04320799985604219,5,1.0
SNORD115-21,0.04320799985604219,5,1.0
SNORD115-22,0.04490980079780082,5,1.0
SNORD115-23,0.05102996775509066,6,1.0
SNORD115-25,0.05551442443169776,3,1.0
SNORD115-26,0.045184689931764006,6,1.0
SNORD115-29,0.04457852261053429,16,0.875
SNORD115-3,0.016075993443641773,2,0.5
SNORD115-30,0.04633576881856128,3,1.0
SNORD115-31,0.033151103706368215,4,1.0
SNORD115-32,0.018380132875770217,3,0.6666666666666666
SNORD115-33,0.04202745669812359,5,1.0
SNORD115-34,0.08871642183052693,2,1.0
SNORD115-35,0.050135241596615227,6,1.0
SNORD115-36,0.04457852261053429,16,0.875
SNORD115-37,0.04198252607976738,4,1.0
SNORD115-38,0.04698148249663341,7,1.0
SNORD115-39,0.050634027497755696,5,1.0
SNORD115-4,0.05009204972913778,3,1.0
SNORD115-40,0.06143153871111182,4,1.0
SNORD115-41,0.05281187552584133,6,1.0
SNORD115-42,0.03561225881229847,9,0.7777777777777778
SNORD115-43,0.04457852261053429,16,0.875
SNORD115-44,0.042508949130990036,3,1.0
SNORD115-48,0.052781666136443084,3,1.0
SNORD115-5,0.038267993723855614,18,0.8333333333333334
SNORD115-6,0.04134414213731559,5,0.8
SNORD115-7,0.04681561259055579,7,1.0
SNORD115-8,0.042565256175644856,8,1.0
SNORD115-9,0.038267993723855614,18,0.8333333333333334
SNORD116-1,0.04851468605446013,5,1.0
SNORD116-10,0.043032866116869295,6,1.0
SNORD116-11,0.04942922633865626,4,1.0
SNORD116-12,0.052636240959189624,7,1.0
SNORD116-13,0.04162367737303295,4,1.0
SNORD116-14,0.0451176485314381,4,1.0
SNORD116-15,0.04596113307335581,5,1.0
SNORD116-16,0.05169016637501367,3,1.0
SNORD116-17,0.048149651047672236,10,1.0
SNORD116-18,0.060153049597566115,6,1.0
SNORD116-19,0.048149651047672236,10,1.0
SNORD116-2,0.037182815788549095,12,0.9166666666666666
SNORD116-20,0.04256896130981245,3,1.0
SNORD116-21,0.02793570873938549,5,1.0
SNORD116-22,0.02824964953581534,5,1.0
SNORD116-23,0.04162564789788836,3,1.0
SNORD116-24,0.04879718744711377,4,1.0
SNORD116-25,0.041615411840052935,2,1.0
SNORD116-26,0.04200766437043996,1,1.0
SNORD116-28,0.05301092003034863,1,1.0
SNORD116-29,-0.001204175215033798,1,0.0
SNORD116-3,0.03671769720798516,10,1.0
SNORD116-4,0.03619944960920663,5,0.8
SNORD116-5,0.03171651990810705,9,0.8888888888888888
SNORD116-6,0.036753769247226856,5,1.0
SNORD116-7,0.03171651990810705,9,0.8888888888888888
SNORD116-8,0.043665931741847915,5,1.0
SNORD116-9,0.03671769720798516,10,1.0
SNORD117,0.03223371306254333,6,0.6666666666666666
SNORD119,0.01963218039741943,5,0.8
SNORD11B,0.0070056461050650816,3,0.0
SNORD12,0.009318358829823433,7,0.5714285714285714
SNORD123,0.015234445754766214,4,0.25
SNORD124,0.03587831451198642,7,0.8571428571428571
SNORD125,0.027607506901233786,6,1.0
SNORD126,0.008339810937496861,1,0.0
SNORD127,0.0075518965022252265,3,0.3333333333333333
SNORD12B,0.011661694602732841,7,0.7142857142857143
SNORD12C,0.008920024859145717,23,0.5652173913043478
SNORD15A,0.018201602384791116,11,1.0
SNORD15B,0.030381885055793645,6,1.0
SNORD16,0.017695206046190775,5,0.6
SNORD17,0.02719027163707477,4,0.75
SNORD18A,0.02989974238110858,6,0.6666666666666666
SNORD18B,0.017216929195637446,7,0.7142857142857143
SNORD18C,0.01963671935853518,3,0.6666666666666666
SNORD19,0.01812617573663621,4,0.5
SNORD19B,0.017342029828149818,5,0.8
SNORD1A,0.02024834466159779,5,0.8
SNORD1B,0.02762196423059023,3,1.0
SNORD1C,0.02541177366002965,9,0.7777777777777778
SNORD2,0.013015506748476817,11,0.8181818181818182
SNORD20,0.013361147997211659,5,0.4
SNORD21,0.02913278847565043,3,0.6666666666666666
SNORD22,0.028440062518363396,6,0.6666666666666666
SNORD23,0.026323389150952604,6,1.0
SNORD24,0.02177717071807594,7,0.8571428571428571
SNORD25,0.012133321489575995,14,0.7142857142857143
SNORD26,0.01846036244982705,20,0.75
SNORD27,0.019886683860900145,22,0.7727272727272727
SNORD28,0.019423778501312723,23,0.7391304347826086
SNORD29,0.029119788809963548,10,0.7
SNORD30,0.03024031830289704,8,0.75
SNORD31,0.030110317621923982,8,0.75
SNORD32A,0.02468612085030079,9,0.5555555555555556
SNORD32B,0.054651303848714576,7,1.0
SNORD33,0.022294075080488345,9,0.4444444444444444
SNORD34,0.02195213986005729,11,0.45454545454545453
SNORD35A,0.027024830782555218,13,0.5384615384615384
SNORD35B,0.02101481430630998,7,0.8571428571428571
SNORD36A,0.01995225914023674,3,0.6666666666666666
SNORD36B,0.020886955993600895,4,1.0
SNORD36C,0.014286316600147758,2,0.5
SNORD37,0.024236542859965942,10,0.9
SNORD38A,0.019953770013581538,7,0.8571428571428571
SNORD38B,0.031595826956856345,5,1.0
SNORD41,0.02218905413339145,9,0.8888888888888888
SNORD42A,-0.01355416196574812,7,0.8571428571428571
SNORD42B,0.020208076270796002,16,0.6875
SNORD43,0.01972149804108442,14,0.9285714285714286
SNORD44,0.03421272519861999,6,0.8333333333333334
SNORD45A,0.031113027063405387,4,0.75
SNORD45B,0.015335904878266304,2,0.5
SNORD45C,0.018491485843080527,12,0.75
SNORD46,0.018643711970172453,16,0.875
SNORD47,-0.05078469030567304,3,1.0
SNORD48,0.022544608275184282,28,0.7857142857142857
SNORD49A,0.01952522094687446,21,0.9047619047619048
SNORD49B,0.02060180534530002,18,0.8888888888888888
SNORD4A,-0.006671056797699826,5,0.8
SNORD4B,0.011642695782230678,5,0.8
SNORD5,0.015529959953787982,4,0.5
SNORD50A,0.030102848654841616,11,0.7272727272727273
SNORD50B,0.028516852566575258,10,0.8
SNORD51,0.03380487527757256,4,1.0
SNORD52,0.0068974103486108005,13,0.46153846153846156
SNORD53,0.013490374148166923,4,0.5
SNORD54,0.01803580999300247,13,0.8461538461538461
SNORD55,0.020792111435836393,11,0.8181818181818182
SNORD56,0.018108547630009266,9,0.7777777777777778
SNORD56B,0.01330652697398449,3,0.0
SNORD57,0.018758967901288275,15,0.8
SNORD58A,0.014905593432221698,11,0.6363636363636364
SNORD58B,0.016471129683059915,12,0.5833333333333334
SNORD58C,0.024084975498859518,4,0.75
SNORD59A,0.01913683480638986,12,0.9166666666666666
SNORD59B,0.036953097672923485,4,1.0
SNORD6,0.02646303454477138,5,0.4
SNORD60,0.019086380147764544,10,0.9
SNORD61,0.025184538155364856,5,0.6
SNORD62A,0.0639059691847711,1,1.0
SNORD62B,0.0639059691847711,1,1.0
SNORD63,0.033918074043419504,6,1.0
SNORD64,0.029743336804665788,4,1.0
SNORD65,0.02299188057471304,4,1.0
SNORD66,0.03224779734124886,8,0.875
SNORD67,-0.00031393727491709395,3,0.3333333333333333
SNORD68,0.01908153172531382,12,0.6666666666666666
SNORD69,0.022070596820710015,3,0.6666666666666666
SNORD7,0.019786247519041428,2,1.0
SNORD70,0.044242536297722714,3,0.6666666666666666
SNORD71,0.0377824428258165,1,1.0
SNORD72,0.023960339588818,2,1.0
SNORD73A,0.039669334872323624,3,1.0
SNORD74,0.020813898954097326,17,0.8823529411764706
SNORD75,0.02408909955110352,19,0.8947368421052632
SNORD76,0.0247106538434865,18,0.8888888888888888
SNORD77,0.029030503128898676,10,0.9
SNORD78,-0.003854102830032268,6,0.8333333333333334
SNORD79,-0.03386626528185841,4,0.75
SNORD8,0.023340550654643938,2,0.5
SNORD80,-0.02101018008199011,5,0.8
SNORD81,-0.05078469030567304,3,1.0
SNORD82,0.028286601022563362,2,1.0
SNORD83A,0.009112891222101654,7,0.7142857142857143
SNORD83B,0.03114108761569203,8,0.625
SNORD84,0.024568699805008754,31,0.7741935483870968
SNORD85,0.0320114313258322,2,1.0
SNORD86,0.02516109942086241,5,0.8
SNORD87,0.03325170840828681,3,0.6666666666666666
SNORD88A,0.013085150647860713,4,0.5
SNORD88B,0.01425905791861426,5,0.8
SNORD88C,0.0151833432386345,2,0.5
SNORD89,0.005770494343640571,6,0.5
SNORD9,0.013372182528118578,3,0.6666666666666666
SNORD91A,0.030919655866333533,3,1.0
SNORD91B,0.01593621346126209,2,1.0
SNORD92,-3.2477774841999096e-06,2,0.0
SNORD93,0.03267913737042598,5,1.0
SNORD94,0.052233352062594926,4,1.0
SNORD95,0.020892938720395375,21,0.8571428571428571
SNORD96A,0.0243798693100775,6,0.8333333333333334
SNORD96B,0.030010071307727093,1,1.0
SNORD97,0.025159044664864055,3,1.0
SNORD98,0.005347851426039274,1,0.0
SNORD99,0.030580879143769734,6,0.6666666666666666
SNPH,0.011794307956140037,17,0.7647058823529411
SNRK,0.0259864977319664,7,0.8571428571428571
SNRNP200,0.026043130943705566,8,0.625
SNRNP25,0.0096382775607638,10,0.5
SNRNP27,0.019624833917722493,10,0.6
SNRNP35,0.028094804902140957,10,0.7
SNRNP40,0.00790685635253888,14,0.7142857142857143
SNRNP48,0.01955693554862273,8,0.75
SNRNP70,0.02053375521390833,10,1.0
SNRPA,0.022946857915859122,14,0.7857142857142857
SNRPA1,0.0160511630537665,6,0.8333333333333334
SNRPB,0.029320544933665274,9,1.0
SNRPB2,0.015862267323215704,12,0.5833333333333334
SNRPC,0.021005756282609027,11,0.7272727272727273
SNRPD1,0.017867890462981418,8,0.75
SNRPD2,0.016754173886168924,16,0.75
SNRPD3,0.01952210564566479,15,0.8666666666666667
SNRPE,0.0072978044005145406,8,1.0
SNRPF,0.0220763795041114,15,0.6666666666666666
SNRPG,0.028992536936375362,9,0.7777777777777778
SNRPN,0.03587559039680502,47,0.8297872340425532
SNTA1,0.00828195521693912,11,0.5454545454545454
SNTB1,0.019736520669556026,13,0.8461538461538461
SNTB2,0.01867980666322424,6,0.6666666666666666
SNTG1,0.025353564264964906,27,0.5555555555555556
SNTG2,0.024260636814113067,6,1.0
SNTN,0.024891354243108028,3,1.0
SNUPN,0.028710542097671335,13,0.6923076923076923
SNURF,0.040921523761935426,6,0.8333333333333334
SNW1,0.033316977382228795,8,0.875
SNX1,0.018456060819107462,10,0.8
SNX10,0.026473203263775873,13,0.9230769230769231
SNX11,0.015716645112569382,12,0.8333333333333334
SNX12,0.031462931880718865,12,0.9166666666666666
SNX13,0.016620706341826604,5,0.6
SNX14,0.015277492373694747,11,0.8181818181818182
SNX15,0.011638468690964078,12,0.5
SNX16,0.020702084085702056,12,0.75
SNX17,0.01096752521597193,19,0.6842105263157895
SNX18,0.010565709747884908,13,0.6923076923076923
SNX19,0.013480680623386415,11,0.6363636363636364
SNX2,0.0042520730272965716,8,0.5
SNX20,0.05566498541793645,5,1.0
SNX21,0.020540239956582395,6,1.0
SNX22,0.0033666638683516946,11,0.45454545454545453
SNX24,0.01388770368881032,11,0.5454545454545454
SNX25,0.00812257876623889,13,0.6923076923076923
SNX26,0.005379932149473661,10,0.4
SNX27,0.008758277977534321,13,0.7692307692307693
SNX29,0.012071234900270384,7,1.0
SNX3,0.01543381529717612,10,0.7
SNX30,0.020961870798117937,3,0.6666666666666666
SNX31,0.02803017440826855,11,0.7272727272727273
SNX32,0.009310383640908328,14,0.42857142857142855
SNX33,0.016995899397314482,6,1.0
SNX4,0.01405392752059158,11,0.5454545454545454
SNX5,0.010428524107657135,21,0.6666666666666666
SNX6,0.01092343307929288,10,0.9
SNX7,0.014680060533292667,11,0.36363636363636365
SNX8,0.007121802138717058,10,0.7
SNX9,0.0169067086679945,4,0.5
SOAT1,0.015277710537935349,14,0.7142857142857143
SOAT2,0.03141532518879794,8,1.0
SOBP,0.01927853454011153,6,0.8333333333333334
SOCS1,0.01336976841522921,22,0.5454545454545454
SOCS2,0.02490724446240229,27,0.8518518518518519
SOCS3,0.022019924691056115,14,0.8571428571428571
SOCS4,0.02267723569179037,13,0.7692307692307693
SOCS5,0.024132449372923383,19,0.6842105263157895
SOCS6,0.018010692599319394,9,0.7777777777777778
SOCS7,0.009797596360799786,9,0.6666666666666666
SOD1,0.00829624166216529,10,0.5
SOD2,0.021888456785369353,4,1.0
SOD3,0.008518400745739573,13,0.7692307692307693
SOHLH1,0.028603885035150524,5,1.0
SOHLH2,0.01900396254438435,10,0.8
SOLH,-0.007387379823726217,40,0.75
SON,0.018804532403426697,16,0.75
SORBS1,0.034530041827415245,28,0.8571428571428571
SORBS2,0.009364237150432839,61,0.8688524590163934
SORBS3,0.0033250726573977444,21,0.6666666666666666
SORCS1,0.02836161663962366,8,0.875
SORCS2,0.017076164062378975,5,0.6
SORCS3,0.011615622365247253,15,0.8
SORD,0.01320991157040284,12,0.6666666666666666
SORL1,0.016878127121150104,7,0.5714285714285714
SORT1,0.04585055934753571,8,0.875
SOS1,0.009761674729980251,5,0.6
SOS2,0.025795537675944582,6,0.8333333333333334
SOST,0.019882081762982114,6,0.6666666666666666
SOSTDC1,0.045672778756467296,9,0.8888888888888888
SOX1,0.02598677816622905,28,0.7142857142857143
SOX10,0.039541975607973325,5,0.8
SOX11,0.018484910807856737,24,0.75
SOX12,0.015793223517834076,17,0.6470588235294118
SOX13,0.028625785149195247,23,0.9565217391304348
SOX14,0.02048825440792603,17,0.8823529411764706
SOX15,0.030051724420574234,10,1.0
SOX17,0.006362941822804286,11,0.5454545454545454
SOX18,0.005864880635908012,14,0.5714285714285714
SOX2,0.012906164344090577,32,0.6875
SOX21,0.02593163505152716,21,0.8571428571428571
SOX2OT,0.01835312115907282,5,0.2
SOX3,0.031096972780578196,18,0.6111111111111112
SOX30,0.029177670924873774,12,0.75
SOX4,0.02517661480733065,20,0.75
SOX5,0.017158665049785842,60,0.5833333333333334
SOX6,0.055132190885630025,7,0.7142857142857143
SOX7,0.011970212445942641,7,0.42857142857142855
SOX8,0.013631171834764137,15,0.4666666666666667
SOX9,-0.005026057875358853,11,0.8181818181818182
SP1,0.026008846858056846,14,0.8571428571428571
SP100,0.019231059801882156,7,1.0
SP110,0.02380815268828371,7,0.7142857142857143
SP140,0.03828298817385991,4,1.0
SP140L,0.026089497648176096,6,1.0
SP2,0.028536904763484847,11,1.0
SP3,0.020874132279388787,10,0.9
SP4,0.024557543544098514,7,0.8571428571428571
SP5,0.019214741987601723,15,0.8666666666666667
SP6,0.029632531103520675,20,0.9
SP7,-0.04957815045138046,5,0.8
SP8,0.02773103684154882,14,0.7857142857142857
SP9,0.02375240914114021,15,0.8666666666666667
SPA17,0.017578510987216,11,0.5454545454545454
SPACA1,-0.0020117815973522096,7,0.5714285714285714
SPACA3,0.042800694277355576,4,0.75
SPACA4,0.032372042206087095,10,1.0
SPACA5,0.029973313886171447,13,0.8461538461538461
SPAG1,0.011224124414908585,18,0.6111111111111112
SPAG11B,0.054360749012167475,1,1.0
SPAG16,0.019703324551933292,10,0.7
SPAG17,0.03557196196633823,11,0.8181818181818182
SPAG4,0.023753075380873883,6,0.8333333333333334
SPAG4L,0.017714127934790852,4,0.5
SPAG5,0.01612911631171823,14,0.7857142857142857
SPAG6,0.01041424085287961,10,0.5
SPAG7,-0.007468409000681803,14,0.9285714285714286
SPAG8,0.03309772451813058,3,1.0
SPAG9,0.008434851386019553,8,0.875
SPAM1,0.046029880136004904,7,1.0
SPANXA1,0.022354040216649662,1,1.0
SPANXA2,0.022354040216649662,1,1.0
SPANXC,0.06189819944459901,2,1.0
SPANXD,0.04173105690245486,2,1.0
SPANXE,0.04173105690245486,2,1.0
SPANXN1,0.02345543380248276,1,1.0
SPANXN2,0.06762859876354985,1,1.0
SPANXN4,0.05078774640910702,2,1.0
SPANXN5,0.043306902443095374,3,1.0
SPARC,-0.0003281444910003716,11,0.9090909090909091
SPARCL1,0.02931047124426018,9,0.5555555555555556
SPAST,0.0168723977013294,8,0.625
SPATA1,0.017248174433259596,19,0.8947368421052632
SPATA12,0.025393663816022337,5,1.0
SPATA13,0.007200069198918455,31,0.8387096774193549
SPATA16,0.03812171156037197,9,0.7777777777777778
SPATA17,0.04227598430859189,9,0.7777777777777778
SPATA18,0.01936587702262816,11,0.7272727272727273
SPATA19,0.04916241084090085,4,1.0
SPATA2,0.01434528209830549,16,0.6875
SPATA20,0.030974366654785392,11,0.8181818181818182
SPATA21,0.04133782734896816,6,1.0
SPATA22,0.025185521818317794,14,0.7142857142857143
SPATA24,0.015562968797833516,9,0.8888888888888888
SPATA2L,0.024674049181741077,8,0.75
SPATA3,0.05387727063723096,6,1.0
SPATA4,0.011028521528504948,11,0.6363636363636364
SPATA5,0.028639388883612053,20,0.9
SPATA5L1,0.022749451688513538,14,0.8571428571428571
SPATA6,0.02577143721043817,7,0.8571428571428571
SPATA7,0.034138687188273224,10,0.8
SPATA8,0.05497353442386719,6,1.0
SPATA9,0.02020275482298245,4,0.75
SPATC1,0.04029808629777616,7,1.0
SPATS1,0.018593031841466504,11,0.7272727272727273
SPATS2,0.0048141182252162,17,0.29411764705882354
SPATS2L,0.020199035750540634,31,0.6774193548387096
SPC24,0.0191906305872315,10,0.6
SPC25,0.02292721674807084,11,0.7272727272727273
SPCS1,0.018412786000187146,12,0.6666666666666666
SPCS2,0.005523670890839865,13,0.7692307692307693
SPCS3,0.027268841472917776,4,0.5
SPDEF,0.03298482906707173,12,0.8333333333333334
SPDYA,0.014382240783691956,9,0.6666666666666666
SPDYC,0.023366010378512693,8,0.875
SPDYE1,-0.0028510581177977334,3,0.0
SPDYE3,0.021422618057659867,4,1.0
SPDYE4,0.04419219014176932,10,0.8
SPDYE5,0.023607234507831948,4,0.75
SPDYE7P,0.02541575191573131,1,1.0
SPEF1,0.03123002660884369,8,1.0
SPEF2,0.021306719261574996,10,0.8
SPEG,0.026454930190015335,11,0.9090909090909091
SPEM1,0.027416794998246792,8,0.875
SPEN,0.017959055064140993,8,0.875
SPERT,0.04807436360181002,3,1.0
SPESP1,0.021142393105761492,5,0.8
SPG11,0.017909006510879996,9,0.6666666666666666
SPG20,0.020833334789286832,34,0.7352941176470589
SPG21,0.028227577565179643,11,0.9090909090909091
SPG7,0.017051208745657655,13,0.7692307692307693
SPHAR,0.00035198171587861313,5,0.2
SPHK1,0.01621482592411284,14,0.7142857142857143
SPHK2,0.008643802786866633,16,0.75
SPHKAP,0.025813296512352913,6,0.8333333333333334
SPI1,0.03802261577714382,10,1.0
SPIB,0.019161893842103744,8,0.875
SPIC,0.04631248419068555,2,0.5
SPIN1,0.03347813812619557,6,1.0
SPIN2A,0.02469426954226279,3,0.6666666666666666
SPIN2B,0.007489627119425364,8,0.375
SPIN3,0.05432249582795236,7,1.0
SPIN4,0.016483611550011365,6,0.8333333333333334
SPINK1,0.037037558486992694,4,0.75
SPINK2,0.03721459408590103,4,0.5
SPINK4,0.039648481305494226,2,1.0
SPINK5,0.07264456634943275,5,0.8
SPINK5L2,0.06701578823490204,2,1.0
SPINK5L3,0.05010026253451624,4,1.0
SPINK6,0.001537449117804346,1,0.0
SPINK7,0.06419526454606932,3,1.0
SPINK8,-0.004485389927528838,1,0.0
SPINK9,0.03735063413793291,2,0.5
SPINLW1,0.04822235729060771,7,1.0
SPINT1,0.022165621183677226,13,0.7692307692307693
SPINT2,0.01075525741865085,11,0.7272727272727273
SPINT3,0.05196627198971992,4,1.0
SPINT4,0.04558181135297666,2,1.0
SPIRE1,0.028521011758056228,12,0.8333333333333334
SPIRE2,0.019235596632512456,6,0.8333333333333334
SPN,0.031904441025093586,10,0.9
SPNS1,0.019175683938621364,11,0.7272727272727273
SPNS2,0.018422753075622474,7,0.5714285714285714
SPNS3,0.0457834959196256,9,1.0
SPO11,0.0262890950329255,10,0.6
SPOCD1,0.04645548488205523,6,0.8333333333333334
SPOCK1,0.012394385186446543,10,0.8
SPOCK2,0.03559386465602359,14,0.6428571428571429
SPOCK3,0.033366902468319845,8,0.75
SPON1,0.028848583926867403,14,0.8571428571428571
SPON2,0.03989607350448459,20,0.85
SPOP,-0.032519882051849545,12,0.6666666666666666
SPOPL,0.023672908496511588,16,0.75
SPP1,0.021917395005809557,5,0.4
SPP2,0.022567989965315338,3,0.6666666666666666
SPPL2A,0.006591720440185409,10,0.7
SPPL2B,-0.0015367500509478977,11,0.7272727272727273
SPPL3,0.012418055510779836,7,0.7142857142857143
SPR,0.019846112245621137,11,0.7272727272727273
SPRED1,0.01936801191260208,13,0.7692307692307693
SPRED2,0.03528828091521545,14,0.9285714285714286
SPRED3,0.02214987306255222,4,1.0
SPRN,0.025177946927191372,3,1.0
SPRR1A,0.046404246869734544,6,1.0
SPRR1B,0.050762709188776775,2,1.0
SPRR2A,0.03374459204985778,5,1.0
SPRR2B,0.0469482083678687,4,0.75
SPRR2C,0.0530129082951344,5,0.8
SPRR2D,0.04851283864818014,5,0.8
SPRR2E,0.06131486385503304,2,1.0
SPRR2F,0.037906561034032095,3,1.0
SPRR2G,0.05226302794180677,2,1.0
SPRR3,0.04458196553699286,5,1.0
SPRR4,0.04717591205896189,9,0.8888888888888888
SPRY1,0.03258872729896092,22,0.8181818181818182
SPRY2,0.024605027835508466,17,0.6470588235294118
SPRY4,0.02362370076633752,21,0.7619047619047619
SPRYD3,0.010304683570918877,13,0.7692307692307693
SPRYD4,0.014192388003062694,8,0.75
SPRYD5,0.05167056181947793,3,1.0
SPSB1,-0.0349084362262759,35,0.9142857142857143
SPSB2,0.023607477683738453,8,0.75
SPSB3,0.013165346911615661,19,0.7894736842105263
SPSB4,0.024285672263692635,27,0.7037037037037037
SPTA1,0.05447615864930319,1,1.0
SPTAN1,0.014094582757091084,6,0.5
SPTB,0.03761084568633389,9,1.0
SPTBN1,0.011871480415046832,31,0.6451612903225806
SPTBN2,0.02549187617848562,8,0.875
SPTBN4,0.021451871390113092,27,0.8888888888888888
SPTBN5,-0.019540285003448402,9,1.0
SPTLC1,0.02341822959413355,3,1.0
SPTLC2,0.013422814468958067,9,0.4444444444444444
SPTLC3,-0.03816277836007956,4,0.5
SPTY2D1,0.012704587935867345,12,0.75
SPZ1,0.033606125395988895,2,1.0
SQLE,0.01180328501654769,9,0.8888888888888888
SQRDL,0.02369648988935051,16,0.875
SQSTM1,0.011769306739781117,33,0.8484848484848485
SR140,0.01832674753395648,8,0.875
SRA1,0.026036149037234016,8,0.875
SRBD1,0.028902847494558962,11,0.9090909090909091
SRC,-0.004286220573996441,20,0.8
SRCAP,0.013479368682043101,11,0.5454545454545454
SRCIN1,0.02023594932022156,5,0.8
SRCRB4D,0.04150540959553121,6,1.0
SRD5A1,0.014961527128444093,15,0.7333333333333333
SRD5A2,0.018172188712384883,12,0.75
SRD5A3,0.032653202731373926,9,0.8888888888888888
SREBF1,0.01709440216480359,9,0.7777777777777778
SREBF2,0.013285125794859248,11,0.7272727272727273
SRF,0.014298183450033605,18,0.8333333333333334
SRFBP1,0.005661627405651962,8,0.875
SRGAP1,0.01954176800346642,11,0.7272727272727273
SRGAP2,0.002047318720481195,2,0.5
SRGAP3,0.024715069170022252,12,0.9166666666666666
SRGN,0.035353229366734296,5,0.8
SRI,0.024785788348271443,16,0.8125
SRL,0.03950401393145704,4,1.0
SRM,0.01806838506632881,8,0.625
SRMS,0.03514023882265256,7,1.0
SRP14,0.018817233079878794,10,1.0
SRP19,0.01648709852142758,8,0.5
SRP54,0.021890656232026604,16,0.75
SRP68,0.017341002571975683,12,0.8333333333333334
SRP72,0.03299749886840338,10,0.9
SRP9,0.02731367951352104,11,0.8181818181818182
SRPK1,0.020592740530072432,8,1.0
SRPK2,0.011737910314179735,10,0.3
SRPK3,0.012418637095107534,7,0.42857142857142855
SRPR,0.011910086586750237,15,0.6
SRPRB,0.026117659006162662,9,0.8888888888888888
SRPX,0.035504090581132464,8,0.875
SRPX2,0.015285485886338268,9,0.6666666666666666
SRR,0.014056631326177705,14,0.7857142857142857
SRRD,0.017959355950225193,8,0.625
SRRM1,0.010374165766181657,12,0.75
SRRM2,0.01633796680003268,19,0.7368421052631579
SRRM3,0.018124601446900722,18,0.7222222222222222
SRRM4,0.017892575594400252,13,0.8461538461538461
SRRM5,0.016999751051495638,6,0.6666666666666666
SRRT,0.005884800358790656,9,0.8888888888888888
SRXN1,0.010732347150551358,6,0.8333333333333334
SRY,0.04881625746870388,6,0.6666666666666666
SS18,0.02502562350214866,9,0.8888888888888888
SS18L1,0.009766227805231448,12,0.75
SS18L2,0.01859403519321311,9,0.8888888888888888
SSB,0.019854068646102653,13,0.9230769230769231
SSBP1,0.033620862492057355,11,0.8181818181818182
SSBP2,0.018390441909373032,8,0.875
SSBP3,0.00806605034307492,10,0.4
SSBP4,0.011410528816470606,5,0.6
SSC5D,-0.10439558068994163,3,1.0
SSFA2,0.025384249200479103,5,0.8
SSH1,-0.00023149901226091695,11,0.6363636363636364
SSH2,0.017876793758642387,6,0.3333333333333333
SSH3,0.011025742599721831,12,0.5833333333333334
SSNA1,0.028172977367121564,5,1.0
SSPN,0.007210749476794084,15,0.5333333333333333
SSPO,0.021799501592195715,5,0.6
SSR1,0.015257674061270775,10,0.5
SSR2,0.022836880496449042,7,0.7142857142857143
SSR3,0.024668928910230443,12,0.9166666666666666
SSR4,0.02300818464443124,11,0.7272727272727273
SSRP1,0.008903682348805977,13,0.6153846153846154
SSSCA1,0.009123940432337966,6,0.5
SST,0.027265810012531935,8,0.875
SSTR1,0.02974269350507258,10,0.8
SSTR2,0.017113600748999456,15,0.8666666666666667
SSTR3,0.011159057890250488,5,1.0
SSTR4,0.03096723550280998,10,0.7
SSTR5,0.019647011004659164,11,0.8181818181818182
SSU72,0.013021163742511296,10,0.7
SSX1,0.03505148033977066,3,1.0
SSX2IP,0.016615839468395364,16,0.6875
SSX3,0.035021679927133655,8,0.75
SSX4,0.02293456982485151,2,0.5
SSX4B,0.02293456982485151,2,0.5
SSX5,0.0431036631454498,6,1.0
SSX6,0.04581258919445472,4,0.75
SSX7,0.04289566982856065,8,1.0
SSX8,0.02694835867405962,2,1.0
SSX9,0.03474176247710279,8,1.0
ST13,0.026424694826992026,13,0.8461538461538461
ST14,0.026171770385740246,7,0.8571428571428571
ST18,0.030368373167047966,23,0.6521739130434783
ST20,0.01366647983653986,18,0.6111111111111112
ST3GAL1,-0.004545939591772512,33,0.8484848484848485
ST3GAL2,0.026707576065015802,17,0.8823529411764706
ST3GAL3,0.03282598727067754,10,1.0
ST3GAL4,0.01672806856364651,21,0.8095238095238095
ST3GAL5,0.013725002302349335,14,0.7142857142857143
ST3GAL6,0.025715675648879242,13,0.8461538461538461
ST5,0.012673875756622243,54,0.8518518518518519
ST6GAL1,0.029515849385440628,27,0.9259259259259259
ST6GAL2,0.024820767852953948,24,0.75
ST6GALNAC1,0.04645780727748891,9,1.0
ST6GALNAC2,0.010012322885728377,9,0.6666666666666666
ST6GALNAC3,0.014346059806778728,8,0.75
ST6GALNAC4,0.02211736329262345,8,1.0
ST6GALNAC5,0.017899557880046477,9,0.8888888888888888
ST6GALNAC6,0.01940750255280384,4,1.0
ST7,0.018848901147905862,12,0.6666666666666666
ST7L,0.01849526019660893,15,0.9333333333333333
ST7OT1,0.02902664121960197,7,0.7142857142857143
ST7OT2,0.03226140409840128,3,0.6666666666666666
ST7OT3,0.014187440170898416,4,0.25
ST7OT4,0.01854663054498359,16,0.75
ST8SIA1,0.01681251403287711,11,0.9090909090909091
ST8SIA2,0.02571046901111453,9,0.5555555555555556
ST8SIA3,0.030888428366367314,10,0.9
ST8SIA4,0.03945082612605265,14,0.9285714285714286
ST8SIA5,0.02435087013327102,8,0.75
ST8SIA6,0.026754016179519727,7,0.8571428571428571
STAB1,0.02828567373266224,10,0.8
STAB2,0.035364932604992426,6,0.8333333333333334
STAC,0.018443327543569258,9,0.6666666666666666
STAC2,0.0294606120868305,10,1.0
STAC3,0.040702555772238344,5,1.0
STAG1,0.024176484076869474,14,0.7857142857142857
STAG2,0.02530364208340112,11,0.6363636363636364
STAG3,0.01283101206407213,15,0.6666666666666666
STAG3L1,0.019858481420753405,3,0.3333333333333333
STAG3L2,0.015128004977567177,10,0.6
STAG3L3,0.000136215376919807,3,0.0
STAG3L4,0.014259456174535808,14,0.7142857142857143
STAM,0.028791305501842845,11,0.8181818181818182
STAM2,0.017126966563587687,12,0.9166666666666666
STAMBP,0.01954624461374643,10,0.6
STAMBPL1,0.018003624661018642,19,0.6842105263157895
STAP1,0.017526638200107997,3,0.6666666666666666
STAP2,0.03689950241987147,6,1.0
STAR,0.036045430943279375,7,1.0
STARD10,0.01658373034930487,19,0.7368421052631579
STARD13,0.02572881658987206,31,0.6451612903225806
STARD3,0.0162357677094293,23,0.782608695652174
STARD3NL,0.013995764855944863,17,0.6470588235294118
STARD4,0.027790741159960847,13,0.9230769230769231
STARD5,0.013600508401173135,11,0.7272727272727273
STARD6,0.015060329825054578,4,0.25
STARD7,0.010452093997458686,16,0.6875
STARD8,0.03482658337707246,32,0.90625
STARD9,0.016319020641255653,8,0.625
STAT1,0.013331033038867714,13,0.6923076923076923
STAT2,0.024266810491611814,9,0.8888888888888888
STAT3,-0.00925566812618026,19,0.8421052631578947
STAT4,0.02066956205366754,14,0.7142857142857143
STAT5A,0.05507406021236578,13,1.0
STAT5B,0.018612099849114345,16,0.5625
STAT6,0.020830870167166633,7,0.8571428571428571
STATH,0.024362686463519495,3,0.3333333333333333
STAU1,0.02649749355677543,13,0.6923076923076923
STAU2,0.0393181689113346,17,0.8235294117647058
STBD1,0.020150890216730586,11,0.9090909090909091
STC1,0.04286557126066245,5,1.0
STC2,-0.010864902677958602,14,0.7857142857142857
STEAP1,7.3462044161796735e-06,12,0.8333333333333334
STEAP2,0.019497301416270294,21,0.6190476190476191
STEAP3,-0.008823293138074773,17,0.5882352941176471
STEAP4,0.02259006066496865,10,0.6
STH,0.025609508743672037,5,0.6
STIL,0.01353078177800407,16,0.5
STIM1,0.010523416181409109,12,0.5833333333333334
STIM2,0.018561078249828392,11,0.6363636363636364
STIP1,0.012641608625498537,8,1.0
STK10,0.008990729919928787,14,0.7142857142857143
STK11,0.01194702917808267,7,0.8571428571428571
STK11IP,0.009567084959090678,8,0.75
STK16,0.017977486200468056,10,0.7
STK17A,0.02092212079406036,8,0.5
STK17B,0.02102308105885737,16,0.5625
STK19,0.013479984290212417,53,0.8679245283018868
STK24,0.00025303800210902907,13,0.9230769230769231
STK25,0.019353577383889656,11,0.7272727272727273
STK3,0.01854725141926854,3,0.6666666666666666
STK31,0.016032785056347722,13,0.7692307692307693
STK32A,0.018157466655350056,14,0.5714285714285714
STK32B,0.019249054660655074,13,0.6923076923076923
STK32C,0.016647699599553523,10,0.9
STK33,0.014548941977437274,21,0.6190476190476191
STK35,0.016029258283171775,11,0.9090909090909091
STK36,0.007732037810896479,12,0.6666666666666666
STK38,0.01157896152311688,8,0.25
STK38L,-0.00956927906144115,21,0.6666666666666666
STK39,0.025949879221239574,8,0.75
STK4,0.016467307478907664,11,0.6363636363636364
STK40,0.026559651403939646,16,0.875
STL,0.01170483536621069,8,0.5
STMN1,0.01983694739731069,24,0.7916666666666666
STMN2,0.03402517041234312,8,0.75
STMN3,0.02888174100639877,5,1.0
STMN4,0.018551846244394442,4,0.75
STOM,0.062420941587758114,4,1.0
STOML1,0.024401169995198233,9,0.6666666666666666
STOML2,0.02584960762919541,3,1.0
STOML3,0.03348209308217103,6,0.8333333333333334
STON1,0.049975548655263415,5,0.8
STON1-GTF2A1L,0.055535598030384735,8,0.875
STON2,0.0508910900912263,3,1.0
STOX1,0.01669489209262834,17,0.8235294117647058
STOX2,0.02449269623390016,15,0.6666666666666666
STRA13,0.008724180991065974,16,0.75
STRA6,0.011828911835035833,18,0.7777777777777778
STRA8,0.03247036313645942,3,0.6666666666666666
STRADA,0.0249505622150163,16,0.875
STRADB,0.01886555736717408,20,0.8
STRAP,0.013042908495654426,12,0.5833333333333334
STRBP,0.017694609466514397,6,0.3333333333333333
STRC,0.05177132901461967,1,1.0
STRN,0.020624600486509333,5,1.0
STRN3,0.015998347253703013,12,0.5
STRN4,0.021207870312336764,5,0.8
STS,0.041938679755522255,6,1.0
STT3A,0.018486456391626997,13,0.6923076923076923
STT3B,0.02133655479066197,8,0.5
STUB1,0.01647124040050115,7,0.7142857142857143
STX10,0.03449864578737936,7,0.7142857142857143
STX11,0.013909111975087835,13,0.6153846153846154
STX12,0.025322138220335706,7,0.8571428571428571
STX16,0.02213337606301788,8,1.0
STX17,0.016431707826121487,5,0.6
STX18,0.008254711592240076,10,0.8
STX19,0.008491439022129251,3,0.0
STX1A,0.005134305400740261,7,0.14285714285714285
STX1B,0.020794047351327952,6,0.8333333333333334
STX2,0.02776476846146426,6,0.6666666666666666
STX3,0.006576793215634308,8,0.75
STX4,0.009847416783490253,9,0.5555555555555556
STX5,0.01067297665714,10,0.6
STX6,0.022876399083837255,7,0.5714285714285714
STX7,0.026375509251590244,14,0.9285714285714286
STX8,0.03531180317531594,12,0.8333333333333334
STXBP1,0.03736441054109983,3,1.0
STXBP2,0.018132039979630935,9,0.6666666666666666
STXBP3,0.01059694429597151,7,0.7142857142857143
STXBP4,0.022711083290488696,16,0.875
STXBP5,0.01563155604688131,9,0.5555555555555556
STXBP5L,0.0274525403779766,11,0.45454545454545453
STXBP6,0.017342624483416547,9,0.7777777777777778
STYK1,0.03759097815370689,14,0.8571428571428571
STYX,0.028096770052504924,9,0.5555555555555556
STYXL1,0.017538900813970325,22,0.8636363636363636
SUB1,0.01766813243192411,12,0.8333333333333334
SUCLA2,0.024383978527925874,10,0.9
SUCLG1,0.027886373986152378,7,0.8571428571428571
SUCLG2,0.024856376306919187,10,1.0
SUCNR1,0.030125085190667117,2,0.5
SUDS3,0.018830786265236554,8,0.75
SUFU,0.01733308900618857,17,0.7647058823529411
SUGT1,0.027541134371383027,12,0.75
SUGT1L1,0.014410009943053038,11,0.45454545454545453
SUGT1P1,0.012470572553474599,2,0.0
SULF1,-0.02020296750098267,21,0.8095238095238095
SULF2,0.03269183460548297,23,0.8695652173913043
SULT1A1,0.03796701858220242,11,0.8181818181818182
SULT1A2,0.0277918534014872,7,1.0
SULT1A3,0.014217459225768165,6,0.8333333333333334
SULT1A4,0.014217459225768165,6,0.8333333333333334
SULT1B1,0.013690657942646116,2,0.0
SULT1C2,0.0307518999025316,7,1.0
SULT1C3,0.01588358153710523,1,0.0
SULT1C4,0.03066480061697872,9,0.8888888888888888
SULT1E1,0.014836236448315901,2,0.0
SULT2A1,0.06660039875632927,3,1.0
SULT2B1,0.028249857258068736,12,0.8333333333333334
SULT4A1,0.01747838393895181,7,0.5714285714285714
SULT6B1,0.010090764199821467,5,0.4
SUMF1,0.01895628564374211,9,0.7777777777777778
SUMF2,0.015446316344234217,12,0.5
SUMO1,0.012710945375288947,6,0.5
SUMO1P1,-0.001122384205975796,4,0.5
SUMO1P3,0.051943069135662434,1,1.0
SUMO2,0.02714679064742989,5,1.0
SUMO3,0.02002374544133722,4,1.0
SUMO4,0.0029989962689161986,8,0.625
SUNC1,0.03975267948367529,4,0.5
SUOX,0.02412822402233115,13,0.9230769230769231
SUPT16H,0.01740080192209637,12,0.6666666666666666
SUPT3H,0.02214207599556535,17,0.4117647058823529
SUPT4H1,0.007820522482876279,10,0.5
SUPT5H,0.007040049417196012,10,0.6
SUPT6H,0.014691338715519633,21,0.7619047619047619
SUPT7L,0.02975685216454648,17,0.9411764705882353
SUPV3L1,0.026344376213547353,13,0.6923076923076923
SURF1,0.023931545375747855,5,1.0
SURF2,-0.002508108211526225,3,1.0
SURF4,0.021222415943842336,6,0.8333333333333334
SURF6,0.02501684976532579,5,0.8
SUSD1,0.034623163108785715,5,0.8
SUSD2,-0.011760535699892577,8,0.875
SUSD3,0.0029884098484323504,4,0.25
SUSD4,0.017764070661071177,11,0.8181818181818182
SUSD5,0.028970226257942887,8,0.875
SUV39H1,0.03634383172475261,4,1.0
SUV39H2,0.016348823231900726,9,0.6666666666666666
SUV420H1,0.02147802403262382,20,0.65
SUV420H2,0.011325285085275284,16,0.625
SUZ12,0.022765174903664174,7,0.7142857142857143
SUZ12P,0.024452861793117623,4,1.0
SV2A,0.022275057441542748,8,0.875
SV2B,0.03278900516953953,20,0.9
SV2C,0.024194351211758745,20,0.8
SVEP1,0.028964734167312118,6,0.8333333333333334
SVIL,0.0075717142892920706,43,0.7441860465116279
SVIP,0.020723289287517186,8,0.375
SVOP,0.053427958860411656,4,1.0
SVOPL,0.04996747394283987,11,0.9090909090909091
SWAP70,0.02037618480282307,10,0.9
SYAP1,0.019456119824798834,11,0.7272727272727273
SYCE1,0.021123697158576905,16,0.5625
SYCE1L,0.016714387808527693,10,0.9
SYCE2,0.01166710089985407,9,0.7777777777777778
SYCN,0.028260424151102054,10,0.9
SYCP1,0.022629836400124392,12,0.75
SYCP2,0.005961289438389318,7,0.2857142857142857
SYCP2L,0.04022966465557509,10,1.0
SYCP3,0.011816224426562206,10,0.5
SYDE1,0.012803231047438014,10,0.7
SYDE2,0.029785589418986815,11,0.7272727272727273
SYF2,0.018812536586626034,11,0.8181818181818182
SYK,0.027533102001999748,8,0.75
SYMPK,0.018882302330132234,16,0.8125
SYN1,0.022940848008998153,11,0.7272727272727273
SYN2,0.02858062388115917,7,0.8571428571428571
SYN3,0.03919670151664942,20,0.95
SYNC,-0.032572089732670936,5,0.8
SYNCRIP,0.016946906430149445,13,0.6923076923076923
SYNE1,0.013186999268112865,29,0.6896551724137931
SYNE2,0.029622555984652566,25,0.84
SYNGAP1,0.015180194378551325,12,0.75
SYNGR1,0.027314819337079323,13,0.6923076923076923
SYNGR2,0.013921764760985736,4,1.0
SYNGR3,0.009141477470029233,8,0.75
SYNGR4,0.010697905269389543,11,0.7272727272727273
SYNJ1,0.0192191051363248,11,0.7272727272727273
SYNJ2,0.013393576790227457,7,0.5714285714285714
SYNJ2BP,0.02039841924610408,6,0.5
SYNM,0.008006486872442264,10,0.4
SYNPO,-0.003072183603040625,25,0.92
SYNPO2,0.020817474327672763,9,0.3333333333333333
SYNPO2L,0.019532110024073252,11,0.9090909090909091
SYNPR,0.03727056448509098,14,0.8571428571428571
SYNRG,0.022135727277536182,12,0.6666666666666666
SYP,0.015845797234836298,9,0.4444444444444444
SYPL1,0.016414600022516705,14,0.5714285714285714
SYPL2,0.01760971851031707,7,1.0
SYS1,0.02621557321650822,9,0.8888888888888888
SYS1-DBNDD2,0.028894513127324394,7,0.8571428571428571
SYT1,0.02581804643428911,21,0.6666666666666666
SYT10,0.016148015631378788,6,0.8333333333333334
SYT11,0.015547853737768336,11,0.6363636363636364
SYT12,0.025095641351637436,8,0.75
SYT13,0.02702929583224824,9,0.8888888888888888
SYT14,0.025521894779425704,7,0.8571428571428571
SYT14L,0.02105441464389061,3,0.3333333333333333
SYT15,0.023848317536576916,8,0.75
SYT16,0.056146667182356835,3,1.0
SYT17,0.02424158363004282,10,0.6
SYT2,0.025895996729303934,29,0.896551724137931
SYT3,0.036523471472863625,16,0.9375
SYT4,0.036370409950741395,3,1.0
SYT5,0.023889344338064035,17,0.9411764705882353
SYT6,0.01711971600282126,22,0.7272727272727273
SYT7,0.020774152457469514,6,0.8333333333333334
SYT8,-0.017997717533383074,12,1.0
SYT9,0.012085927177863881,10,0.4
SYTL1,0.0269158556041217,9,1.0
SYTL2,0.01607501054091468,32,0.84375
SYTL3,-0.06917216093109321,9,0.6666666666666666
SYTL4,0.02809160560083719,11,0.7272727272727273
SYTL5,0.041736013282824266,4,1.0
SYVN1,0.02247917333205886,13,0.9230769230769231
T,0.025645310601398616,15,0.7333333333333333
T-SP1,0.046557877503223766,4,1.0
TAAR1,0.018057002070044754,3,0.3333333333333333
TAAR2,0.0345149850279053,7,0.5714285714285714
TAAR3,0.01839895008304629,4,0.75
TAAR5,0.04978089176051616,2,1.0
TAAR6,0.017974416784227395,6,0.3333333333333333
TAAR8,0.045188498678421646,2,1.0
TAAR9,0.017730472981478618,5,0.6
TAC1,0.034350443353053844,11,0.7272727272727273
TAC3,0.03923058034266229,5,0.8
TAC4,0.03340546198216844,4,1.0
TACC1,0.020797982949185962,29,0.6206896551724138
TACC2,0.025186602323577906,21,0.9523809523809523
TACC3,0.02540362908269841,12,0.8333333333333334
TACO1,0.023578641321874982,9,0.8888888888888888
TACR1,0.016630383593617074,21,0.8095238095238095
TACR2,0.03528933011218706,9,0.8888888888888888
TACR3,0.02065331699999989,12,0.5833333333333334
TACSTD2,0.011267996280217865,17,0.6470588235294118
TADA1,0.01620027660121403,14,0.5714285714285714
TADA2A,0.011725320488819323,12,0.5833333333333334
TADA2B,0.0070196220720379395,14,0.6428571428571429
TADA3,0.026727665173180863,17,0.8823529411764706
TAF1,0.02954890280291891,7,1.0
TAF10,0.006008501109456269,10,0.5
TAF11,0.0177847816098141,18,0.7222222222222222
TAF12,0.027553429034051634,16,1.0
TAF13,0.01660326694830232,11,0.7272727272727273
TAF15,0.028137696828378033,10,0.9
TAF1A,0.027344971622599214,13,0.8461538461538461
TAF1B,0.023708529953302724,5,0.6
TAF1C,0.03652419905353426,9,1.0
TAF1D,0.018178953686165546,21,0.7619047619047619
TAF1L,0.04375411934988244,2,1.0
TAF2,0.024841801756719725,9,0.7777777777777778
TAF3,0.013264427795720627,13,0.6153846153846154
TAF4,0.009739942611408776,9,0.4444444444444444
TAF4B,0.024077935833231073,9,1.0
TAF5,0.021699037713560455,12,0.75
TAF5L,0.007493663704586308,12,0.8333333333333334
TAF6,0.02527155959922513,12,1.0
TAF6L,0.022154320372790547,15,0.8666666666666667
TAF7,0.02213775287287266,15,0.9333333333333333
TAF7L,0.013360422874653062,18,0.5
TAF8,0.008423913369760836,7,0.7142857142857143
TAF9,0.02314846295818366,23,0.8260869565217391
TAF9B,0.018631801906727023,7,0.7142857142857143
TAGAP,0.046921759740184615,11,0.9090909090909091
TAGLN,0.018905452044876127,10,0.6
TAGLN2,0.007577197104929065,17,0.9411764705882353
TAGLN3,0.037170962226730095,11,0.8181818181818182
TAL1,0.020204052263529636,15,0.8
TAL2,0.03680108485047501,3,0.6666666666666666
TALDO1,0.014096933984406384,9,0.6666666666666666
TANC1,-0.003652309739879923,23,0.6521739130434783
TANC2,0.009287950994917546,3,0.3333333333333333
TANK,0.026218488353883223,8,0.25
TAOK1,0.01570575082755632,16,0.5
TAOK2,0.03319505812051212,7,1.0
TAOK3,0.01993962644666748,21,0.47619047619047616
TAP1,0.01920695249183156,54,0.7777777777777778
TAP2,0.020684708899298673,31,0.8709677419354839
TAPBP,0.022362585193763274,45,0.8666666666666667
TAPBPL,0.0190402726928585,10,0.9
TAPT1,0.020865602450199437,5,0.4
TARBP1,0.014518322822015674,14,0.5
TARBP2,0.012902215597099134,14,0.7142857142857143
TARDBP,0.01353851311050386,6,0.5
TARM1,0.04843258613440918,4,0.75
TARP,0.025018332584691383,2,0.5
TARS,0.017651256937640903,11,0.7272727272727273
TARS2,0.021695375361262245,8,0.875
TARSL2,0.011638316372951086,10,0.5
TAS1R1,0.010365333075011779,15,0.7333333333333333
TAS1R2,0.04233339066051749,6,1.0
TAS1R3,0.007177147581407889,9,0.4444444444444444
TAS2R1,0.05181207810934274,2,0.5
TAS2R10,-0.01755815229766028,2,0.0
TAS2R13,0.0037257397745884546,2,0.0
TAS2R14,0.0011078087553705318,3,0.0
TAS2R16,0.04789178115579798,4,0.75
TAS2R19,0.0409676869481417,3,1.0
TAS2R20,-0.003360051697533372,6,0.3333333333333333
TAS2R3,0.018295763381630897,6,0.8333333333333334
TAS2R30,0.015313928696086679,4,0.25
TAS2R31,0.013313426304761919,6,0.16666666666666666
TAS2R38,0.03562642885514561,7,0.8571428571428571
TAS2R39,0.06116354596751571,3,1.0
TAS2R4,0.014346569481442417,4,0.75
TAS2R40,0.049858332941333065,5,1.0
TAS2R41,0.04481026006691097,2,1.0
TAS2R42,0.028699048386767317,1,1.0
TAS2R43,0.019470736830661806,2,0.5
TAS2R46,-0.002671946767378114,2,0.0
TAS2R5,0.016687885709574492,7,0.7142857142857143
TAS2R50,0.010759529646004087,4,0.25
TAS2R60,0.03614588980079209,6,0.8333333333333334
TAS2R7,0.026414860983523303,2,0.5
TAS2R8,0.024677376476457097,2,0.5
TAS2R9,0.039518759891240596,1,1.0
TASP1,-0.004023172490956908,13,0.6923076923076923
TAT,0.03790985701727678,4,0.75
TATDN1,0.02099762320585234,21,0.6190476190476191
TATDN2,0.015694718563746175,9,0.8888888888888888
TATDN3,0.020718455485497663,12,0.8333333333333334
TAX1BP1,0.025810861113234957,17,0.8235294117647058
TAX1BP3,0.010267866306144081,18,0.7222222222222222
TAZ,0.019836376650298422,5,0.8
TBC1D1,0.03180606365825543,8,1.0
TBC1D10A,0.014045533532865539,5,0.6
TBC1D10B,0.024479701805055973,9,0.6666666666666666
TBC1D10C,0.03726453293611079,6,0.8333333333333334
TBC1D12,0.021070587937410717,13,0.8461538461538461
TBC1D13,0.020737577288035623,7,0.8571428571428571
TBC1D14,0.02113691610768204,26,0.7307692307692307
TBC1D15,0.01941691725695401,20,0.8
TBC1D16,0.019625473913214987,27,0.7407407407407407
TBC1D17,0.01772953311273777,14,0.7142857142857143
TBC1D19,0.031552723516612764,11,0.9090909090909091
TBC1D2,0.015198242792480917,7,0.7142857142857143
TBC1D20,0.017359179933477024,7,0.8571428571428571
TBC1D21,0.012699936511712397,4,1.0
TBC1D22A,0.015629801608763365,8,0.625
TBC1D22B,0.02184678198408701,10,0.6
TBC1D23,0.02685449900548942,13,0.9230769230769231
TBC1D24,0.030747092977313102,14,0.9285714285714286
TBC1D25,0.023059638143240378,13,0.7692307692307693
TBC1D26,0.04136396175829784,7,1.0
TBC1D28,0.037058161831640735,8,1.0
TBC1D29,0.03833623926412649,3,1.0
TBC1D2B,0.017364785896243153,8,0.875
TBC1D3,0.051087691618070245,3,1.0
TBC1D3B,0.010363893829719029,1,1.0
TBC1D3C,0.04909932354864861,4,1.0
TBC1D3F,0.051087691618070245,3,1.0
TBC1D3G,0.05116921834038485,1,1.0
TBC1D3H,0.03247450733946345,3,1.0
TBC1D3P2,0.05420750996450133,2,1.0
TBC1D4,0.01788383450379866,12,0.75
TBC1D5,0.031390428245465764,20,0.65
TBC1D7,0.02028472801151301,12,0.8333333333333334
TBC1D8,0.019673109212936878,11,1.0
TBC1D8B,0.04302470532524507,7,1.0
TBC1D9,0.02119234184577239,5,0.8
TBC1D9B,0.02691619596899114,7,0.5714285714285714
TBCA,0.021993360690755043,8,0.75
TBCB,0.023018544271725106,11,0.6363636363636364
TBCC,0.03206968660183226,14,1.0
TBCCD1,0.0234349292203744,22,0.9545454545454546
TBCD,0.015150871972638135,11,0.8181818181818182
TBCE,0.02749529923742983,12,0.9166666666666666
TBCEL,0.025430382303863363,9,0.8888888888888888
TBCK,0.04314103191182918,14,1.0
TBK1,0.024371237823241423,9,0.7777777777777778
TBKBP1,0.02537868895236894,13,0.6923076923076923
TBL1X,0.01443244490053949,21,0.7619047619047619
TBL1XR1,0.012286019194645573,28,0.6071428571428571
TBL1Y,0.027367981101443256,10,0.8
TBL2,0.02358873607360279,13,0.7692307692307693
TBL3,0.014892567597566138,9,0.7777777777777778
TBP,0.020908446940926903,22,0.7727272727272727
TBPL1,0.025365360651437498,18,0.6666666666666666
TBPL2,0.030270081037867314,11,0.6363636363636364
TBR1,0.02698697458556755,18,0.6666666666666666
TBRG1,0.016679878975054335,10,0.9
TBRG4,0.011982076324296265,13,0.6153846153846154
TBX1,0.012891460243676621,18,0.5555555555555556
TBX10,0.03370829310822823,9,0.7777777777777778
TBX15,0.028645859592374208,56,0.7321428571428571
TBX18,0.019251819980414683,11,0.45454545454545453
TBX19,0.02941804566110169,4,0.75
TBX2,0.016634538758421427,19,0.7368421052631579
TBX20,0.020518939021105537,16,0.875
TBX21,0.018089351318052373,13,0.6923076923076923
TBX22,0.034520122185342554,9,0.7777777777777778
TBX3,0.016211376759443553,15,0.8
TBX4,0.025206891121695503,7,0.7142857142857143
TBX5,0.03005336655401319,42,0.8333333333333334
TBX6,0.017986903090715937,11,0.8181818181818182
TBXA2R,0.02214850585048331,14,0.8571428571428571
TBXAS1,0.011732483366599522,25,0.68
TC2N,0.046350691915186995,17,0.8823529411764706
TCAM1,0.019739449152154274,4,0.75
TCAP,0.039147265146776605,9,0.8888888888888888
TCEA1,0.014269746951623457,8,0.75
TCEA2,0.022033903271750484,28,0.8214285714285714
TCEA3,0.011504565877705389,10,0.6
TCEAL1,0.02864038825753188,10,0.7
TCEAL2,0.011947452023554067,11,0.7272727272727273
TCEAL3,0.014978770575279732,11,0.7272727272727273
TCEAL4,0.021041728544619016,5,0.6
TCEAL5,0.04024010861160877,9,0.6666666666666666
TCEAL6,0.025558805723787065,6,0.8333333333333334
TCEAL7,0.03194086489082028,7,0.8571428571428571
TCEAL8,0.048006886571811194,7,0.8571428571428571
TCEANC,0.020044042787967387,14,0.9285714285714286
TCEB1,0.004412200688451465,12,0.9166666666666666
TCEB2,0.010778373743631586,6,0.6666666666666666
TCEB3,0.011034616904380979,11,0.7272727272727273
TCEB3B,0.024289698432450248,16,0.75
TCEB3C,0.031852234428547954,8,1.0
TCEB3CL,0.03648823940443187,11,1.0
TCERG1,0.014549071847750136,9,0.6666666666666666
TCERG1L,0.012248600029096607,6,1.0
TCF12,0.01703068851769368,15,0.6
TCF15,0.016297041898141025,8,0.5
TCF19,0.015764517659346826,42,0.6904761904761905
TCF20,0.03476658419447893,4,0.75
TCF21,0.02930983275847769,13,0.9230769230769231
TCF23,0.037820425726171086,10,1.0
TCF25,0.010594625234388996,5,0.8
TCF3,0.02723463599665091,11,0.7272727272727273
TCF4,0.028978751812684358,11,0.6363636363636364
TCF7,0.002946111422949694,18,0.7222222222222222
TCF7L1,0.020425331679868347,6,0.6666666666666666
TCF7L2,0.0206726265125191,14,0.6428571428571429
TCFL5,0.009592526979976253,11,0.45454545454545453
TCHH,0.045608621700864105,6,0.8333333333333334
TCHHL1,0.06095691484496016,3,1.0
TCHP,0.013266339397725606,16,0.8125
TCIRG1,0.023770496579870834,21,0.9047619047619048
TCL1A,0.022768101107429883,11,0.6363636363636364
TCL1B,0.024513687121951826,7,0.8571428571428571
TCL6,0.0530046458713927,4,1.0
TCN1,0.03847076483701346,4,1.0
TCN2,0.021169850848821184,9,0.8888888888888888
TCOF1,0.025207264087404785,8,0.625
TCP1,0.022836710271860735,25,0.76
TCP10,0.04659776030551971,2,1.0
TCP10L,0.037600152699383396,8,1.0
TCP10L2,0.04161537239199714,2,1.0
TCP11,0.017988801602496825,15,0.8
TCP11L1,0.017954165789021294,16,0.6875
TCP11L2,0.01782918671273386,14,0.7142857142857143
TCTA,0.015368428787690467,16,0.625
TCTE1,0.03095143180001706,10,0.9
TCTE3,0.008674959171932525,12,0.5
TCTEX1D1,0.024448905945189545,13,0.8461538461538461
TCTEX1D2,0.017925019342883174,10,0.6
TCTEX1D4,0.025379383567129512,7,1.0
TCTN1,0.022011102975303332,10,0.9
TCTN2,0.02268633036739193,7,0.7142857142857143
TCTN3,0.01827300179047426,12,0.5833333333333334
TDG,0.014269547708756459,8,0.75
TDGF1,0.03204922932925991,8,1.0
TDGF3,0.044362744741063144,3,1.0
TDH,0.04561465313387406,6,1.0
TDO2,0.03452540612125052,2,0.5
TDP1,0.022744512901377755,20,0.8
TDRD1,0.028061374079476557,14,0.5
TDRD10,0.024807312502196963,13,0.9230769230769231
TDRD12,0.021835891013623973,8,0.75
TDRD3,0.01854596673718309,18,0.5555555555555556
TDRD5,0.03777617201070045,9,0.7777777777777778
TDRD6,0.02163699677640285,15,0.6
TDRD7,0.0205846762082551,6,0.6666666666666666
TDRD9,0.034635605618269526,5,0.8
TDRG1,0.05190895136860953,7,1.0
TDRKH,0.023826338060460174,13,0.8461538461538461
TEAD1,0.018279665745041425,31,0.8387096774193549
TEAD2,0.0174188157598258,17,0.7058823529411765
TEAD3,0.030683495430132,15,0.8
TEAD4,0.011071885272753781,19,0.7368421052631579
TEC,0.015708943143724223,21,0.7619047619047619
TECPR1,0.029539857468120156,12,0.8333333333333334
TECPR2,0.013690312335284052,14,0.7142857142857143
TECR,0.010932313034357662,18,0.4444444444444444
TECRL,0.06295488097928617,1,1.0
TECTA,0.03286189247324244,6,1.0
TECTB,0.04017043040767054,6,1.0
TEDDM1,0.044714885125100155,3,1.0
TEF,0.014023039996369094,21,0.8571428571428571
TEK,0.04336962243910623,3,1.0
TEKT1,0.024278935702260588,11,0.8181818181818182
TEKT2,0.03541759349244678,5,0.8
TEKT3,0.02329587652188698,12,0.8333333333333334
TEKT4,0.03374725604792512,12,0.75
TEKT5,0.045091380951360394,7,0.8571428571428571
TELO2,0.02252229248708047,10,0.7
TENC1,-0.004071640701340786,13,0.8461538461538461
TEP1,0.021701788582937153,11,0.7272727272727273
TEPP,0.0357956035417904,4,1.0
TERC,0.02448489020737082,8,0.75
TERF1,0.024092975915479556,9,0.6666666666666666
TERF2,0.014681800014407682,10,0.6
TERF2IP,0.016603631003739114,12,0.8333333333333334
TERT,0.019295294459059417,6,0.6666666666666666
TES,0.0077006155404054965,14,0.35714285714285715
TESC,0.017135583721771496,8,0.625
TESK1,0.020070202757990853,6,0.6666666666666666
TESK2,0.022050788798395577,18,0.7777777777777778
TESSP1,0.03519917736771331,6,1.0
TET1,0.01598609451470171,24,0.5416666666666666
TET2,0.01359275819875155,18,0.5555555555555556
TET3,0.019704778610000195,4,1.0
TEX10,0.017423312778855896,7,0.7142857142857143
TEX101,0.03681088485680083,16,1.0
TEX11,0.04713117500816778,10,0.8
TEX12,0.02166029202256904,8,0.75
TEX13A,0.019791344156909092,7,0.8571428571428571
TEX13B,0.023433246634846305,6,0.8333333333333334
TEX14,0.025938836666727527,35,0.7428571428571429
TEX15,0.06320418661306558,3,0.6666666666666666
TEX19,0.04125101755099099,5,0.8
TEX2,0.026078919975394094,20,0.75
TEX261,0.018648192241823555,11,0.8181818181818182
TEX264,0.012077475810679054,12,0.75
TEX28,0.026342224389931772,13,0.8461538461538461
TEX9,0.016701907534247464,10,0.9
TF,0.023937981132323385,8,0.75
TFAM,0.016408144672883988,11,0.5454545454545454
TFAMP1,0.013120903363122272,3,1.0
TFAP2A,0.01815114379839392,44,0.8181818181818182
TFAP2B,0.03325135645178911,8,0.75
TFAP2C,0.019449197825182122,10,0.8
TFAP2D,0.04162949224441041,6,1.0
TFAP2E,0.0359551308108457,9,0.7777777777777778
TFAP4,0.02746832134644655,10,0.8
TFB1M,0.018501253913686105,9,0.6666666666666666
TFB2M,0.020651629951445667,12,0.9166666666666666
TFCP2,0.015347108732567288,11,0.8181818181818182
TFCP2L1,0.026218879492973173,7,1.0
TFDP1,0.025820337210583126,7,0.8571428571428571
TFDP2,0.02562184878480689,1,1.0
TFDP3,0.02437570499691287,6,0.6666666666666666
TFE3,0.01915854744733381,12,0.5
TFEB,0.025432280865187073,22,1.0
TFEC,0.037684114102853404,2,0.0
TFF1,0.05239989855341637,7,1.0
TFF2,0.04372539313452267,7,1.0
TFF3,0.029175844171939132,7,0.8571428571428571
TFG,0.021949905313229816,14,0.6428571428571429
TFIP11,0.024710232003183192,13,0.8461538461538461
TFPI,0.03620872702169511,8,0.5
TFPI2,0.025917373898720786,20,0.65
TFPT,0.015422530201730936,12,0.75
TFR2,0.043593666549850446,6,1.0
TFRC,0.01522613117920937,13,0.8461538461538461
TG,0.048569416066321855,5,1.0
TGDS,0.0200628078746838,10,0.9
TGFA,0.0112833883718004,11,0.7272727272727273
TGFB1,0.016799880320054986,13,0.9230769230769231
TGFB1I1,0.023789630931230082,13,0.8461538461538461
TGFB2,0.020572988086276292,11,0.8181818181818182
TGFB3,0.010744283917382044,10,0.8
TGFBI,0.015040538167445739,10,0.6
TGFBR1,0.017823986025413248,4,1.0
TGFBR2,0.02619650814082881,16,0.75
TGFBR3,0.026752293898499327,22,0.7272727272727273
TGFBRAP1,0.022457680271219842,9,0.8888888888888888
TGIF1,0.027178306043885544,44,0.8409090909090909
TGIF2,0.022416881642972952,12,0.8333333333333334
TGIF2LX,0.042385681832041534,5,1.0
TGIF2LY,0.0526937653127888,2,1.0
TGM1,0.03920484634505661,6,0.8333333333333334
TGM2,0.0030818747768834045,12,0.6666666666666666
TGM3,0.028173002877844213,7,0.7142857142857143
TGM4,0.026477571021018498,7,0.7142857142857143
TGM5,0.02702038269473019,5,0.6
TGM6,0.010881485070639173,9,1.0
TGM7,0.030933798222079423,6,0.8333333333333334
TGOLN2,0.021949905677212122,10,0.8
TGS1,0.012390259630449181,12,0.5833333333333334
TH,0.004610212742157167,6,0.8333333333333334
TH1L,0.00972882177951097,4,1.0
THADA,0.012708076687600404,16,0.6875
THAP1,0.016290914742650126,9,0.8888888888888888
THAP10,0.02593128131064194,15,1.0
THAP11,0.01266494491639201,18,0.7777777777777778
THAP2,0.016602938365083638,17,0.6470588235294118
THAP3,0.011842414290707145,7,0.7142857142857143
THAP4,0.015983190924822907,13,0.6153846153846154
THAP5,0.01833705503669028,19,0.631578947368421
THAP6,0.019129811008846195,16,0.625
THAP7,0.004716047096089293,11,0.6363636363636364
THAP8,0.021725754493509226,11,0.8181818181818182
THAP9,0.018291737110353253,11,0.8181818181818182
THBD,0.021541043338387536,17,0.7647058823529411
THBS1,0.020976199146141638,23,0.8260869565217391
THBS2,0.020110135920603102,14,0.8571428571428571
THBS3,0.021146001246998496,10,0.9
THBS4,0.018695933216175672,9,0.7777777777777778
THEG,0.05062885066548781,9,1.0
THEM4,0.024258460614944397,9,0.8888888888888888
THEM5,0.03267697416077629,8,0.875
THEMIS,0.028376296826292557,6,0.5
THG1L,0.014595466669896702,8,0.625
THNSL1,0.012910770403548032,14,0.5
THNSL2,0.03280136354875833,11,0.8181818181818182
THOC1,0.01460879631724249,10,0.7
THOC2,0.008799572675499042,3,0.6666666666666666
THOC3,0.004708976856149732,2,0.5
THOC4,0.010726089965850618,14,0.7142857142857143
THOC5,0.023976800570688364,11,0.9090909090909091
THOC6,0.011668575430597397,14,0.7142857142857143
THOC7,0.012771795681363926,10,0.6
THOP1,0.009968914580325167,9,0.7777777777777778
THPO,0.0371912465877413,7,0.8571428571428571
THRA,0.028186684414153423,16,0.875
THRAP3,0.02566838237704602,16,0.75
THRB,0.01333737063829428,38,0.6052631578947368
THRSP,0.06414021782225059,5,1.0
THSD1,0.016869881685965264,10,0.7
THSD1P,0.019924062352037076,10,0.7
THSD4,0.012276536522431797,4,0.5
THSD7A,0.04775620664554597,9,0.8888888888888888
THSD7B,0.03815955808362998,6,1.0
THTPA,0.01771122966001446,15,0.9333333333333333
THUMPD1,0.027977028677889804,11,0.8181818181818182
THUMPD2,0.033560334247168366,6,0.8333333333333334
THUMPD3,0.045376185517641374,11,0.9090909090909091
THY1,0.020073991040266886,17,0.7058823529411765
THYN1,0.016920975093980255,16,0.8125
TIA1,0.01878671563580536,13,0.7692307692307693
TIAF1,0.029737242651307387,8,0.875
TIAL1,0.020462402432930408,14,0.8571428571428571
TIAM1,0.018228024374284568,23,0.6086956521739131
TIAM2,-0.030602838664948343,21,0.7142857142857143
TICAM1,0.024914625357649486,11,0.8181818181818182
TICAM2,0.006213799222829154,14,0.7857142857142857
TIE1,0.04431483451702734,6,1.0
TIFA,0.016078470781822035,12,0.8333333333333334
TIFAB,0.04731467550835781,9,0.8888888888888888
TIGD1,0.024302152128612867,22,0.9090909090909091
TIGD2,0.017665589843570365,7,0.8571428571428571
TIGD3,0.0038346491211676955,10,0.5
TIGD4,0.02354107444204578,10,0.8
TIGD5,0.012707976701826343,17,0.6470588235294118
TIGD6,0.017882644186519425,20,0.7
TIGD7,0.022298534569109574,3,0.6666666666666666
TIGIT,0.026821898236229397,6,0.6666666666666666
TIMD4,0.06776187094893034,2,1.0
TIMELESS,0.02914927219329124,13,0.7692307692307693
TIMM10,0.008959356958195495,8,0.75
TIMM13,0.017999815204846913,11,0.8181818181818182
TIMM17A,0.026925960047900106,8,0.875
TIMM17B,0.029391596501914224,19,0.631578947368421
TIMM22,0.014336623052175937,12,0.8333333333333334
TIMM23,0.002608752213006431,2,0.5
TIMM44,0.0065284781495676585,7,0.5714285714285714
TIMM50,0.03898800944122616,7,1.0
TIMM8A,0.020936564289664915,17,0.5882352941176471
TIMM8B,0.017392400516551436,18,0.6111111111111112
TIMM9,0.030306891804574996,14,0.7142857142857143
TIMP1,0.02529657836282783,8,0.75
TIMP2,0.014180930518579854,10,0.6
TIMP3,0.0372581752977645,19,0.631578947368421
TIMP4,-0.052109352046111654,7,0.8571428571428571
TINAG,0.028873176415391888,4,0.5
TINAGL1,0.021447788821496453,11,0.9090909090909091
TINF2,0.01555738932133202,14,0.7857142857142857
TIPARP,-0.03704953342934449,15,0.9333333333333333
TIPIN,0.0289467902639916,9,0.6666666666666666
TIPRL,0.01768540028735655,12,0.6666666666666666
TIRAP,0.014183454926634673,14,0.8571428571428571
TJAP1,-0.025920782116221952,18,0.8888888888888888
TJP1,0.016825966937874158,10,0.9
TJP2,0.015136970174314096,21,0.8571428571428571
TJP3,0.03609299880303738,3,0.6666666666666666
TK1,0.020443608237942557,11,1.0
TK2,0.04887802605624585,7,1.0
TKT,0.033379428693454435,10,0.9
TKTL1,0.02684782362866174,19,0.8421052631578947
TKTL2,0.033709142898417,11,0.6363636363636364
TLCD1,0.013448227832564597,13,0.7692307692307693
TLCD2,0.021600810613407427,8,0.75
TLE1,0.026711439764254157,7,0.7142857142857143
TLE2,0.028512711198171684,15,0.8666666666666667
TLE3,0.009536723775676204,14,0.6428571428571429
TLE4,0.02562041186238994,7,0.8571428571428571
TLE6,0.011718671950028898,14,0.7857142857142857
TLK1,0.027072943166898435,20,0.8
TLK2,0.030218224021027657,6,1.0
TLL1,0.024790474423276095,7,0.7142857142857143
TLL2,0.008800958968379777,8,0.75
TLN1,0.022794056517013953,9,0.7777777777777778
TLN2,0.013373610579409778,4,0.75
TLR1,0.020520274366377416,4,0.5
TLR10,0.029660398601973136,5,1.0
TLR2,0.026142423353450985,11,0.6363636363636364
TLR3,0.0432925000900992,5,0.8
TLR4,-0.023086110894492234,3,0.6666666666666666
TLR5,0.02621439111463324,25,0.64
TLR6,0.019383658148225156,7,0.8571428571428571
TLR7,0.02651867329673433,4,1.0
TLR8,0.05075173845468478,3,1.0
TLR9,0.03785124488084116,7,0.8571428571428571
TLX1,0.02661017117656305,14,0.9285714285714286
TLX1NB,0.023448354081233868,33,0.8484848484848485
TLX2,0.025773488880159855,12,0.75
TLX3,0.011145997991515626,15,0.6666666666666666
TM2D1,0.026105094422127273,8,1.0
TM2D2,0.013225707613933642,18,0.5555555555555556
TM2D3,0.027102299093555052,8,0.875
TM4SF1,0.0035774200867171187,6,1.0
TM4SF18,-0.0526624953249627,3,1.0
TM4SF19,0.018763034253303702,12,0.6666666666666666
TM4SF20,0.009163586032850557,2,0.0
TM4SF4,0.006364405883852724,6,0.8333333333333334
TM4SF5,0.04328649707072446,6,1.0
TM6SF1,0.00914086023981701,8,0.625
TM6SF2,0.03455045422333829,5,1.0
TM7SF2,0.012785358800325886,11,0.6363636363636364
TM7SF3,0.015131037004909208,7,0.8571428571428571
TM7SF4,0.03914725268595132,6,1.0
TM9SF1,0.017802841164704562,9,0.7777777777777778
TM9SF2,0.013447654545082602,12,0.75
TM9SF3,0.023389087702721398,4,1.0
TM9SF4,0.030926671817024926,14,0.9285714285714286
TMBIM1,0.016534074283498616,17,0.7647058823529411
TMBIM4,0.014661897986222399,10,0.9
TMBIM6,0.013644365889572397,22,0.6818181818181818
TMC1,0.0023278447624967124,9,0.4444444444444444
TMC2,0.04193914525680683,7,0.8571428571428571
TMC3,0.038270119639460067,7,1.0
TMC4,0.026015565768945408,7,0.8571428571428571
TMC5,0.03875205416877604,16,1.0
TMC6,0.027735135392524403,28,0.8214285714285714
TMC7,0.00848481106851291,11,0.9090909090909091
TMC8,0.03388559546778762,7,0.8571428571428571
TMCC1,0.029244515189058455,18,0.7777777777777778
TMCC2,0.013522129656875324,9,0.7777777777777778
TMCC3,0.024545720858116588,4,0.75
TMCO1,0.010909295983223268,12,0.6666666666666666
TMCO2,-0.006296681296904527,1,0.0
TMCO3,0.01793448164390928,12,0.8333333333333334
TMCO4,0.017640086164861155,14,0.8571428571428571
TMCO5A,0.012970244691329076,4,0.5
TMCO6,0.016613139829774456,11,0.9090909090909091
TMCO7,0.026724939252334438,7,0.8571428571428571
TMED1,0.020365285495185285,11,0.7272727272727273
TMED10,0.015390980322734855,10,0.7
TMED10P,0.030116545362255942,4,0.75
TMED2,0.02542681693694752,8,0.875
TMED3,0.015439761425373516,6,0.8333333333333334
TMED4,0.005257096929756379,12,0.5
TMED5,0.02270676682315047,19,0.6842105263157895
TMED6,0.029839784280589927,7,0.8571428571428571
TMED7,0.025527229241215234,10,0.8
TMED7-TICAM2,0.025527229241215234,10,0.8
TMED8,0.011554109880214285,8,0.625
TMED9,0.03159083750704906,7,1.0
TMEFF1,0.015206677085095616,2,0.5
TMEFF2,0.030253469316424305,7,0.8571428571428571
TMEM100,-0.008374138802410227,13,0.6923076923076923
TMEM101,0.021551941708994726,12,0.75
TMEM102,0.013307166855129456,11,0.8181818181818182
TMEM104,0.012599769347384252,13,0.8461538461538461
TMEM105,0.030098514345016994,17,0.8823529411764706
TMEM106A,0.01815688377688945,11,0.7272727272727273
TMEM106B,0.017911163110210446,11,0.5454545454545454
TMEM106C,0.01814646102490804,12,0.6666666666666666
TMEM107,0.014082340045264085,9,0.6666666666666666
TMEM108,0.015629507013509673,28,0.8214285714285714
TMEM109,0.027799272159989823,17,0.8235294117647058
TMEM11,0.016918282771428327,13,0.8461538461538461
TMEM110,0.01120549148039833,10,0.7
TMEM111,0.02590402590684049,10,0.8
TMEM114,0.04454183143200656,4,0.75
TMEM115,0.027301269099330977,12,1.0
TMEM116,0.01779346031179842,17,0.8235294117647058
TMEM117,0.01554349106252097,7,0.7142857142857143
TMEM119,0.056452445551283315,6,1.0
TMEM120A,0.02496091643001638,10,1.0
TMEM120B,0.01014369211044119,7,0.42857142857142855
TMEM121,0.01790200842081269,9,0.7777777777777778
TMEM123,0.02771070192469965,7,0.8571428571428571
TMEM125,0.03363822361789268,6,1.0
TMEM126A,0.024025100678917135,11,0.7272727272727273
TMEM126B,0.028469916747381047,17,0.8823529411764706
TMEM127,0.016126417257140622,10,0.7
TMEM128,0.02755350527080925,14,0.9285714285714286
TMEM129,0.022468029604285282,10,0.8
TMEM130,0.024643389806170948,4,0.5
TMEM131,0.016565535094114542,11,0.7272727272727273
TMEM132A,0.02222272685253969,10,0.7
TMEM132B,0.057956686727813955,5,1.0
TMEM132C,0.026944285741509456,5,0.6
TMEM132D,0.02598794538816975,10,0.7
TMEM132E,0.011892989816145404,15,0.7333333333333333
TMEM133,0.012534405284155878,4,0.5
TMEM134,0.020093981279385345,12,0.9166666666666666
TMEM135,0.028804908339617203,7,0.7142857142857143
TMEM136,0.018729383010851107,11,0.5454545454545454
TMEM138,0.018946316109847258,17,0.7058823529411765
TMEM139,0.04356690456931128,5,1.0
TMEM140,0.05196234760884311,12,1.0
TMEM141,0.014550337734998852,7,0.7142857142857143
TMEM143,0.003744980793650136,8,0.625
TMEM144,0.018316965235323942,9,0.5555555555555556
TMEM145,-0.017287061610919578,5,0.8
TMEM146,0.00973618761285993,13,0.5384615384615384
TMEM147,0.014587422623710806,8,0.625
TMEM149,0.03620901362850384,9,1.0
TMEM14A,0.010166098882543101,12,0.8333333333333334
TMEM14B,0.015652359019913867,9,0.5555555555555556
TMEM14C,0.017742773906123943,16,0.625
TMEM14E,-0.009141709428495168,4,0.0
TMEM150A,0.01321033643829592,13,0.7692307692307693
TMEM150B,0.04329761349105191,6,0.6666666666666666
TMEM150C,0.027232524390705837,11,0.7272727272727273
TMEM151A,0.028448117587714115,4,1.0
TMEM151B,0.023013574652542772,4,0.75
TMEM154,0.035327305903839964,8,1.0
TMEM155,0.02536083979290584,20,0.7
TMEM156,-0.05589166205932461,2,1.0
TMEM158,0.028120063313539407,7,0.8571428571428571
TMEM159,0.029131496399063646,17,1.0
TMEM160,0.01588649371443004,9,0.7777777777777778
TMEM161A,0.016848304565197095,8,0.625
TMEM161B,0.02915198186507539,12,0.8333333333333334
TMEM163,0.017433861828522593,9,0.5555555555555556
TMEM164,0.010165699271122635,11,0.6363636363636364
TMEM165,0.01969058548667251,5,0.8
TMEM167A,0.0239325826754653,13,0.6923076923076923
TMEM167B,0.005224232380216014,12,0.5833333333333334
TMEM168,0.023237752873736077,13,0.6923076923076923
TMEM169,0.017527387070662825,19,0.631578947368421
TMEM17,0.030538146369843432,6,0.8333333333333334
TMEM170A,0.01475082395328573,5,0.6
TMEM170B,0.02358949389897923,9,0.7777777777777778
TMEM171,0.017120032264747172,13,0.6153846153846154
TMEM173,0.019012139347833478,9,0.8888888888888888
TMEM174,0.03880338724077564,5,0.8
TMEM175,0.018919077644999317,23,0.8260869565217391
TMEM176A,0.01820919086699785,14,0.7857142857142857
TMEM176B,0.02502845912556907,21,0.8571428571428571
TMEM177,0.009327804915245916,12,0.5
TMEM178,0.017314260751106994,13,0.6923076923076923
TMEM179,0.011479109892427989,6,0.6666666666666666
TMEM179B,0.013927735503687096,11,0.8181818181818182
TMEM18,0.018279869156355787,10,0.6
TMEM180,0.027366970330366072,11,0.8181818181818182
TMEM181,0.04093014218134631,6,0.8333333333333334
TMEM182,0.019614674702509605,5,0.4
TMEM183A,0.017836472813294046,10,0.5
TMEM183B,0.017836472813294046,10,0.5
TMEM184A,0.020931726940283488,9,0.7777777777777778
TMEM184B,0.004688753194882298,13,0.6153846153846154
TMEM184C,0.027184192551323903,11,0.8181818181818182
TMEM185A,0.02200812877626705,12,0.8333333333333334
TMEM185B,0.023543329754063584,7,0.7142857142857143
TMEM186,0.02065751070906049,6,0.8333333333333334
TMEM187,0.007676339826813978,20,0.55
TMEM188,0.013908248794561756,8,0.625
TMEM189,0.015158475846116962,8,0.75
TMEM189-UBE2V1,0.015158475846116962,8,0.75
TMEM19,0.020101650963801215,9,0.5555555555555556
TMEM190,0.01510647664618689,8,0.625
TMEM191A,0.03537931236471929,2,1.0
TMEM192,0.02260489873609734,7,0.8571428571428571
TMEM194A,0.03320138998126271,10,1.0
TMEM194B,0.021340571292921242,4,1.0
TMEM195,0.06076794301476421,1,0.0
TMEM196,0.018724307485145867,16,0.75
TMEM198,0.016890924405304077,7,0.7142857142857143
TMEM199,0.014292461958722632,14,0.7142857142857143
TMEM2,0.029905047953581128,8,0.75
TMEM20,0.009186929527952688,10,0.5
TMEM200A,0.0195729356871557,5,0.8
TMEM200B,0.01746004173174504,17,0.8235294117647058
TMEM200C,0.03199736892302581,11,0.9090909090909091
TMEM201,0.01947094777587858,6,0.6666666666666666
TMEM202,0.05190721067629227,2,1.0
TMEM203,0.01937403288726468,3,1.0
TMEM204,0.029145681756067236,8,0.875
TMEM205,0.020227386187465137,12,0.5833333333333334
TMEM206,0.012636597187640555,9,0.8888888888888888
TMEM207,0.01414629327028799,2,0.0
TMEM208,0.01716471345666138,13,0.8461538461538461
TMEM209,0.01761719937967001,13,0.6153846153846154
TMEM211,0.02944542332905938,6,1.0
TMEM212,-0.05410328558293023,6,0.6666666666666666
TMEM213,0.05170997492589828,5,1.0
TMEM214,0.011487427298382286,11,0.5454545454545454
TMEM215,0.027430272955958637,4,0.75
TMEM216,0.01703976705999324,12,0.8333333333333334
TMEM217,0.027983737302711753,21,0.7142857142857143
TMEM218,0.010014530666602184,6,0.6666666666666666
TMEM219,0.02011069359608445,8,0.75
TMEM22,0.013190424616785292,20,0.65
TMEM220,0.03430784233966336,4,1.0
TMEM222,0.016577528143903886,10,0.6
TMEM223,0.012096556546956069,10,0.9
TMEM225,0.06278694755338324,5,1.0
TMEM229A,0.0226203898521183,13,0.6153846153846154
TMEM229B,0.018331374885480617,18,0.6666666666666666
TMEM231,0.01785842707756515,12,1.0
TMEM232,0.023019787434383907,7,0.5714285714285714
TMEM233,0.02874122266286445,6,0.8333333333333334
TMEM25,0.013612851627237474,9,0.6666666666666666
TMEM26,0.030037983538723695,10,0.5
TMEM27,0.04306760959146484,10,0.8
TMEM30A,0.017868796839502984,12,0.75
TMEM30B,0.03555749125426012,9,0.8888888888888888
TMEM30C,0.01132179936068419,6,0.6666666666666666
TMEM31,0.027889644261250485,2,0.5
TMEM33,0.01994754697601591,8,0.625
TMEM35,0.04448115695640335,5,1.0
TMEM37,0.006510194591961622,3,0.6666666666666666
TMEM38A,0.026929106640240823,10,0.8
TMEM38B,0.031199461170609764,2,1.0
TMEM39A,0.015105101181149182,12,0.5
TMEM39B,0.019796344614593404,7,0.8571428571428571
TMEM40,0.02064527830638316,8,0.875
TMEM41A,0.02892908154184904,8,0.75
TMEM41B,0.020772212055147662,12,0.8333333333333334
TMEM42,0.007729733114356257,11,0.5454545454545454
TMEM43,0.014859251652913338,16,0.8125
TMEM44,0.012243373904809382,7,0.7142857142857143
TMEM45A,-0.009976572612967343,15,0.8
TMEM45B,0.026060869564394473,14,0.8571428571428571
TMEM47,0.01886267489004229,6,0.3333333333333333
TMEM48,0.026662928945768473,13,0.8461538461538461
TMEM49,0.017492892127195517,16,0.75
TMEM5,0.019700288862697504,12,0.4166666666666667
TMEM50A,0.02654194319313421,9,0.8888888888888888
TMEM50B,0.018523861119083416,12,0.6666666666666666
TMEM51,0.016471105977062882,43,0.813953488372093
TMEM52,0.02663251354124685,21,0.8095238095238095
TMEM53,0.025663986221986138,9,1.0
TMEM54,0.045667706290199034,4,1.0
TMEM55A,0.022466119947526654,7,0.7142857142857143
TMEM55B,0.017690301051375555,12,0.75
TMEM56,0.0212402192975453,17,0.7647058823529411
TMEM57,0.01797599887631843,16,0.75
TMEM59,0.020667239224221638,17,0.9411764705882353
TMEM59L,0.014719927534565528,10,0.7
TMEM60,0.01201931167018836,33,0.7575757575757576
TMEM61,0.01110304596821171,10,0.5
TMEM62,0.021986220270415798,9,0.8888888888888888
TMEM63A,0.02848776494853055,19,0.7368421052631579
TMEM63B,0.030389508334312428,9,0.8888888888888888
TMEM63C,0.029246547049905886,15,0.7333333333333333
TMEM64,0.03216617812687128,7,1.0
TMEM65,0.014287837934708197,11,0.8181818181818182
TMEM66,0.010074880432028272,7,0.5714285714285714
TMEM67,0.03620986642184875,13,0.7692307692307693
TMEM68,0.017254135305959546,16,0.625
TMEM69,0.026815354597471336,12,0.9166666666666666
TMEM70,0.010758782029810466,8,0.75
TMEM71,0.00960048490317026,8,0.5
TMEM72,0.036631795988757494,6,1.0
TMEM74,0.02250277698146354,12,0.5833333333333334
TMEM79,0.02501810381271734,17,0.8823529411764706
TMEM80,0.006930905626995245,8,0.5
TMEM81,0.02108275350580415,5,0.8
TMEM82,0.036522629273232354,5,0.8
TMEM84,0.04861025096783533,1,1.0
TMEM85,0.028201308542273158,7,0.7142857142857143
TMEM86A,0.012595190115479752,10,0.6
TMEM86B,0.017397848247782493,9,0.7777777777777778
TMEM87A,0.025132381413718922,19,0.7894736842105263
TMEM87B,0.02513743323161679,15,0.5333333333333333
TMEM88,0.013156905841878933,19,0.8947368421052632
TMEM88B,0.019214468991640872,7,0.7142857142857143
TMEM89,0.031214571126907825,7,0.7142857142857143
TMEM8A,0.024829287531230836,5,0.8
TMEM8B,-0.008131707925389767,6,0.8333333333333334
TMEM8C,0.08444684927997785,2,1.0
TMEM9,0.019820413886469084,10,0.9
TMEM90A,0.025984782703104534,15,0.7333333333333333
TMEM90B,0.021964484594448344,22,0.7727272727272727
TMEM91,0.02463454518656972,29,0.8620689655172413
TMEM92,0.013311321764982282,12,0.8333333333333334
TMEM93,0.011598771618110001,17,0.7647058823529411
TMEM95,-0.021486451804226495,6,1.0
TMEM97,0.0105293441513289,13,0.6153846153846154
TMEM98,0.021301694535425818,11,0.8181818181818182
TMEM99,0.03428022929665695,11,0.7272727272727273
TMEM9B,0.021462500791416535,7,0.7142857142857143
TMF1,0.019597781245749443,9,0.5555555555555556
TMIE,0.032850877743442815,6,0.5
TMIGD1,0.019147561767953732,3,0.6666666666666666
TMIGD2,0.03258188185322877,6,1.0
TMLHE,0.0451062359140576,12,0.9166666666666666
TMOD1,0.03144698557925508,11,0.7272727272727273
TMOD2,0.02184082094263982,20,0.75
TMOD3,0.02910894572016399,12,0.75
TMOD4,0.037276644665134334,8,1.0
TMPO,0.01923942531110532,8,0.625
TMPPE,0.013499004281260472,13,0.6153846153846154
TMPRSS11A,0.02721506997723816,2,1.0
TMPRSS11B,0.0051012957317782825,2,0.5
TMPRSS11D,0.00022125477297729734,1,0.0
TMPRSS11E,0.05852407769692528,3,1.0
TMPRSS11F,0.02606823128769012,2,1.0
TMPRSS12,0.0546407036297289,7,1.0
TMPRSS13,0.05506627837746568,8,1.0
TMPRSS2,0.01778399968974288,15,0.8
TMPRSS3,0.04626130438071877,10,1.0
TMPRSS4,0.05849892571988255,9,1.0
TMPRSS5,-0.08163776764372481,6,0.8333333333333334
TMPRSS6,0.046468202065651075,6,1.0
TMPRSS7,0.04841508990071923,5,0.8
TMPRSS8,0.02062357753099671,8,1.0
TMPRSS9,0.032931134224075204,9,0.8888888888888888
TMSB10,0.004701073438587733,10,0.6
TMSB15A,0.04828071269678349,10,0.9
TMSB15B,0.030629462754251453,12,1.0
TMSB4X,0.014345292196506331,10,0.8
TMSB4Y,0.01595891683926445,4,0.5
TMSL3,0.018250100768708255,14,0.7857142857142857
TMTC1,0.017891903877026143,17,0.5882352941176471
TMTC2,0.020306265298561235,11,0.9090909090909091
TMTC3,0.013321563669204155,16,0.5625
TMTC4,0.01521306027683947,15,0.7333333333333333
TMUB1,0.02275596582265218,10,0.9
TMUB2,0.015166428823825583,17,0.8235294117647058
TMX1,0.0238626703769514,8,0.875
TMX2,0.01955590464067838,17,0.8235294117647058
TMX3,0.02046537396700167,12,0.6666666666666666
TMX4,0.02236386458328103,8,0.75
TNC,0.03885922809349209,5,1.0
TNF,0.04201340579464931,15,1.0
TNFAIP1,0.016994935533832287,13,0.7692307692307693
TNFAIP2,0.050465951593104574,6,1.0
TNFAIP3,0.013301847525168121,15,0.7333333333333333
TNFAIP6,-0.004826959700997785,5,0.4
TNFAIP8,0.019128102023943015,20,0.6
TNFAIP8L1,0.023750231051024487,17,0.6470588235294118
TNFAIP8L2,0.03794623586886614,7,0.8571428571428571
TNFAIP8L3,0.039224134309063664,3,1.0
TNFRSF10A,0.015529816019811635,14,0.6428571428571429
TNFRSF10B,0.014523130425581616,11,0.5454545454545454
TNFRSF10C,0.027546815833727457,14,0.8571428571428571
TNFRSF10D,0.02366192840151847,12,0.75
TNFRSF11A,0.022950352839076902,7,0.8571428571428571
TNFRSF11B,0.013554000952227752,10,0.6
TNFRSF12A,0.017068344525195695,7,0.8571428571428571
TNFRSF13B,0.030536727903465174,7,0.8571428571428571
TNFRSF13C,0.03215519835716986,4,1.0
TNFRSF17,0.02632240587861145,6,0.8333333333333334
TNFRSF18,0.031867089552008655,11,0.8181818181818182
TNFRSF19,0.017567056832490262,27,0.5925925925925926
TNFRSF1A,0.026979664622246966,7,1.0
TNFRSF1B,0.015040102367702044,9,0.7777777777777778
TNFRSF21,0.014472583335731573,8,0.75
TNFRSF25,0.02919015524171277,11,0.8181818181818182
TNFRSF4,0.026678076466077588,7,0.7142857142857143
TNFRSF6B,0.03773460335834374,7,1.0
TNFRSF8,0.026787139752876547,20,0.7
TNFRSF9,0.02687733539325761,6,0.8333333333333334
TNFSF10,0.013508850371788011,4,0.75
TNFSF11,-0.0007204907540441283,22,0.5909090909090909
TNFSF12,0.009052493718185572,7,0.7142857142857143
TNFSF12-TNFSF13,0.009052493718185572,7,0.7142857142857143
TNFSF13,0.026156996274482782,9,0.7777777777777778
TNFSF13B,0.04014075207921696,10,0.9
TNFSF14,0.04260977789040783,4,1.0
TNFSF15,0.04863153641024312,2,1.0
TNFSF18,0.005395116269853173,2,0.0
TNFSF4,0.04056485768470812,4,1.0
TNFSF8,0.023138161274217327,4,0.75
TNFSF9,0.02115089177621512,3,0.6666666666666666
TNIK,0.021870623239109075,8,1.0
TNIP1,0.020239642342360024,17,0.8823529411764706
TNIP2,0.007162201618939987,16,0.4375
TNIP3,0.03338376587842386,9,0.6666666666666666
TNK1,0.008874441513639145,8,0.75
TNK2,0.01721722534672955,28,0.9285714285714286
TNKS,0.021071401461771794,14,0.7142857142857143
TNKS1BP1,0.01618525219440357,18,0.8333333333333334
TNKS2,0.01712240000431057,10,0.6
TNMD,0.0537242688782423,3,1.0
TNN,0.07317032651107573,6,1.0
TNNC1,0.011494876324332524,10,0.7
TNNC2,0.03139898351386674,3,1.0
TNNI1,0.04314955978858619,7,1.0
TNNI2,0.018061806870530356,16,0.875
TNNI3,0.040416336003817506,6,1.0
TNNI3K,0.02772540311034029,9,0.6666666666666666
TNNT1,0.023148110421115316,7,0.8571428571428571
TNNT2,0.025420790049567533,10,0.9
TNNT3,-0.01904968137291058,11,0.7272727272727273
TNP1,-0.05302012664506012,5,0.8
TNP2,0.04888039348730312,5,1.0
TNPO1,0.015319801578251909,15,0.6666666666666666
TNPO2,0.012520454075298748,19,0.7368421052631579
TNPO3,0.024875765702802484,14,0.8571428571428571
TNR,0.03545505337806588,30,0.9
TNRC18,0.02010883554855319,23,0.782608695652174
TNRC4,0.032866942725421816,9,0.8888888888888888
TNRC6A,0.023668073287790258,9,0.7777777777777778
TNRC6B,0.02374861249468911,19,0.7894736842105263
TNRC6C,0.02419923691958677,15,0.7333333333333333
TNS1,0.0026657310788569233,24,0.875
TNS3,0.026866699377575697,40,0.9
TNS4,0.027200945363447925,10,0.9
TNXA,-0.03342024865949813,3,1.0
TNXB,0.02288966919236036,93,0.8709677419354839
TOB1,0.031488057559116975,5,0.8
TOB2,0.017657401687400966,13,0.7692307692307693
TOE1,0.01340674938691975,13,0.7692307692307693
TOLLIP,0.01887623486657958,11,1.0
TOM1,0.020945020959760332,12,0.8333333333333334
TOM1L1,0.022539979315255268,12,0.6666666666666666
TOM1L2,0.02222007678468429,13,0.9230769230769231
TOMM20,0.014564931715051658,13,0.8461538461538461
TOMM20L,0.02506589192518541,7,1.0
TOMM22,0.01871572610128517,7,1.0
TOMM34,0.02304549477644823,12,0.8333333333333334
TOMM40,0.014046417387393739,10,0.6
TOMM40L,0.02968171748413864,9,0.8888888888888888
TOMM5,0.03692307520855721,4,0.75
TOMM6,0.019637266431578135,11,0.8181818181818182
TOMM7,0.016569668029950965,11,0.5454545454545454
TOMM70A,0.02460245890357898,15,0.8
TOP1,0.013164560251942257,11,0.6363636363636364
TOP1MT,0.01954293269746171,9,0.7777777777777778
TOP1P1,0.0546268885359843,2,1.0
TOP1P2,0.03552039329748888,9,0.7777777777777778
TOP2A,0.0250605038692204,12,0.9166666666666666
TOP2B,0.010542049267927536,9,0.6666666666666666
TOP3A,0.016073143177529912,12,0.9166666666666666
TOP3B,0.016064025787238468,13,0.5384615384615384
TOPBP1,0.020181516863308255,13,0.6153846153846154
TOPORS,0.03734664390473408,2,1.0
TOR1A,0.01606781947265724,4,0.5
TOR1AIP1,0.02087195561178366,13,0.7692307692307693
TOR1AIP2,0.033930306619436516,12,0.8333333333333334
TOR1B,0.025569161840871657,3,0.6666666666666666
TOR2A,0.05819541769784316,2,1.0
TOR3A,0.01836316110271239,10,1.0
TOX,0.017066297039141292,13,0.6153846153846154
TOX2,0.01907041771539919,31,0.6774193548387096
TOX3,0.018834632216470054,17,0.7058823529411765
TOX4,0.014530943793932504,16,0.5625
TP53,0.02583426710102989,37,0.8108108108108109
TP53AIP1,0.0359091989371555,20,0.85
TP53BP1,0.025459858997653254,26,0.8846153846153846
TP53BP2,0.020792927885409335,18,0.5555555555555556
TP53I11,0.02734395079489157,22,0.7272727272727273
TP53I13,0.012402666338912747,8,0.875
TP53I3,0.02364935096872201,8,1.0
TP53INP1,0.031041389250030353,14,1.0
TP53INP2,0.017899049756821113,13,0.6923076923076923
TP53RK,0.024273712286623395,11,0.6363636363636364
TP53TG1,0.012583376477513427,14,0.35714285714285715
TP53TG3B,0.046653823114763515,1,1.0
TP53TG5,0.019943038374545318,3,0.3333333333333333
TP63,0.033367597769161386,10,0.4
TP73,0.018615796747485827,61,0.7704918032786885
TPBG,0.02832525773837475,20,0.75
TPCN1,0.01891198731125282,15,0.9333333333333333
TPCN2,0.021916931492538098,10,1.0
TPD52,0.0020553083867074847,7,0.2857142857142857
TPD52L1,0.03464001455752309,23,0.9565217391304348
TPD52L2,0.016689696842005056,11,0.8181818181818182
TPD52L3,0.051581472388511955,4,1.0
TPH1,0.0337988499098599,3,0.6666666666666666
TPH2,0.040821623836691454,5,1.0
TPI1,0.006595439012169993,17,0.5294117647058824
TPK1,0.01747863249357772,10,0.8
TPM1,0.019394518815148434,22,0.7272727272727273
TPM2,0.03246969008493769,3,1.0
TPM3,0.03390505936990659,12,0.75
TPM4,0.014229412731814748,15,0.7333333333333333
TPMT,0.022525165739261208,10,0.7
TPO,0.017571619858165542,10,0.7
TPP1,0.0280733935126154,6,1.0
TPP2,0.01845627421257653,10,0.5
TPPP,0.02796937543473896,18,0.8888888888888888
TPPP2,0.05818342320148212,4,1.0
TPPP3,0.018281919740441858,11,0.8181818181818182
TPR,0.018745221026030236,15,0.8
TPRA1,0.017604225619436253,22,0.9090909090909091
TPRG1,-0.004459807690814313,5,0.2
TPRG1L,0.013000942312550829,12,0.6666666666666666
TPRKB,0.025867696549842664,11,0.7272727272727273
TPRX1,0.052364974264763914,2,1.0
TPRXL,0.05219701222045664,4,1.0
TPSAB1,0.050490099996282324,3,1.0
TPSB2,0.08116962216353202,1,1.0
TPSD1,0.009427235378491333,5,0.4
TPSG1,0.020965443381365346,5,0.6
TPST1,0.011810933764855938,17,0.4117647058823529
TPST2,0.013114483899919364,22,0.7272727272727273
TPT1,0.01603175335857225,8,0.875
TPTE,0.022171697873522227,8,0.75
TPTE2,0.053460375332346266,2,0.5
TPX2,0.014555747316636431,14,0.7857142857142857
TRA2A,0.02015599871464489,10,0.8
TRA2B,0.018663182467264908,6,0.8333333333333334
TRABD,0.012470260375512323,19,0.8421052631578947
TRADD,0.015383836704921851,18,0.7777777777777778
TRAF1,0.026029155691141125,5,0.8
TRAF2,0.03566281096573111,11,0.9090909090909091
TRAF3,0.011326075799238087,21,0.5238095238095238
TRAF3IP1,0.013072780761009196,8,0.625
TRAF3IP2,0.011445745923901652,22,0.7727272727272727
TRAF3IP3,0.05859561065245977,7,1.0
TRAF4,0.011903463338677246,10,0.6
TRAF5,0.02325351979749097,20,0.75
TRAF6,0.023337781438964273,12,0.75
TRAF7,-0.008943438612140947,16,0.9375
TRAFD1,0.017904525416897427,12,0.75
TRAIP,0.008996743656514516,12,0.5
TRAK1,-0.0019022009941571133,10,0.6
TRAK2,0.017908970486517996,23,0.7391304347826086
TRAM1,0.012349986292390787,5,0.6
TRAM1L1,0.012551065414989626,13,0.3076923076923077
TRAM2,0.0074759712817005506,8,0.75
TRANK1,0.02868498387673195,11,0.9090909090909091
TRAP1,0.015200228239512004,7,0.5714285714285714
TRAPPC1,0.01204706718477561,15,0.6666666666666666
TRAPPC10,0.028150310428022258,5,1.0
TRAPPC2,0.023107484994203446,15,0.7333333333333333
TRAPPC2L,0.016488857427574288,10,0.7
TRAPPC2P1,0.02441421724461949,9,0.8888888888888888
TRAPPC3,0.010161687320581586,9,0.6666666666666666
TRAPPC4,0.020110808104078785,12,0.6666666666666666
TRAPPC5,0.02566797392889619,11,0.9090909090909091
TRAPPC6A,0.02017292699515577,17,0.9411764705882353
TRAPPC6B,0.01611380611115126,11,0.6363636363636364
TRAPPC9,0.023660055263169482,14,0.7857142857142857
TRAT1,0.06449428219041028,2,1.0
TRDMT1,0.01935870413540493,6,0.5
TRDN,0.02993980234809838,3,0.3333333333333333
TREH,0.03925360067097743,7,1.0
TREM1,0.017828566871053577,5,0.8
TREM2,0.05218559093787054,5,0.6
TREML1,0.03482391250898964,4,0.75
TREML2,0.034509908181930844,10,0.8
TREML2P,0.05565421763499001,5,1.0
TREML3,0.003144908684284242,1,0.0
TREML4,0.05051389406483077,4,1.0
TRERF1,0.018565669057962322,39,0.8205128205128205
TREX1,0.0210098448612321,13,0.8461538461538461
TREX2,0.03368536703384701,12,0.75
TRH,0.0254918501729748,13,0.7692307692307693
TRHDE,0.019132712366399674,11,0.7272727272727273
TRHR,0.028472836425272093,7,0.7142857142857143
TRIAP1,0.015998810871476598,12,0.8333333333333334
TRIB1,0.009493174576032427,16,0.75
TRIB2,0.01567945331082569,21,0.8095238095238095
TRIB3,0.02015907970365556,9,0.7777777777777778
TRIL,0.015355601713596633,25,0.76
TRIM10,0.022472902868078022,18,0.8888888888888888
TRIM11,0.016978933664327046,13,0.6923076923076923
TRIM13,0.03925014284115421,12,0.9166666666666666
TRIM14,0.02068899720813066,4,0.75
TRIM15,0.026676950501319456,31,0.8387096774193549
TRIM16,-0.025673541627031782,6,0.6666666666666666
TRIM16L,0.04944895466214011,1,1.0
TRIM17,0.03360471971987099,12,0.75
TRIM2,0.01655106439108719,57,0.8771929824561403
TRIM21,0.041100014943990154,4,0.75
TRIM22,0.030875905699017197,5,0.4
TRIM23,0.031197217959486157,15,1.0
TRIM24,0.020122791339325725,8,0.75
TRIM25,0.006729441316607034,12,0.5833333333333334
TRIM26,0.020597054860631576,117,0.7692307692307693
TRIM27,0.01611206488510153,47,0.8085106382978723
TRIM28,0.008219978477013525,10,0.5
TRIM29,0.029914926908589105,13,0.7692307692307693
TRIM3,0.016677472923564297,12,0.8333333333333334
TRIM31,0.04774904697319136,4,1.0
TRIM32,0.024811678349871708,4,1.0
TRIM33,0.016625335660375648,10,0.7
TRIM34,0.025076152378065247,12,0.8333333333333334
TRIM35,0.014739038954542608,10,0.6
TRIM36,0.017720727034461845,11,0.6363636363636364
TRIM37,0.019295078841289563,12,0.9166666666666666
TRIM38,0.026155257897094983,9,1.0
TRIM39,0.01660160431168734,46,0.782608695652174
TRIM4,0.020625733611753794,13,0.6153846153846154
TRIM40,0.04451828377624816,15,0.9333333333333333
TRIM41,0.013370187831850747,21,0.6190476190476191
TRIM42,0.038144485527834726,5,0.8
TRIM43,0.010659063383091397,3,0.6666666666666666
TRIM43B,0.03173048978521977,3,1.0
TRIM44,0.02189108471664716,9,0.6666666666666666
TRIM45,0.013765042514357216,11,0.5454545454545454
TRIM46,0.01062703893973592,17,0.7058823529411765
TRIM47,0.02248133331009698,10,0.7
TRIM48,0.039550967771280726,2,1.0
TRIM49,0.023252300067508558,2,0.5
TRIM5,0.02162635080197894,11,0.6363636363636364
TRIM50,0.013373864776185273,16,0.5
TRIM52,0.007609144245450169,13,0.6153846153846154
TRIM53,0.07042577545547074,1,1.0
TRIM54,0.04724862065805121,9,0.8888888888888888
TRIM55,0.0307176664246283,5,0.8
TRIM56,0.026045664929184642,13,0.6923076923076923
TRIM58,0.017366537924619365,12,0.5833333333333334
TRIM59,0.020761638452468912,16,0.75
TRIM6,0.016627993834139678,14,0.6428571428571429
TRIM6-TRIM34,0.012042901353690575,10,0.7
TRIM60,0.023886367823254092,12,0.9166666666666666
TRIM61,0.033694696399161776,11,0.7272727272727273
TRIM62,0.02748424920967242,11,0.9090909090909091
TRIM63,0.03324717803653204,7,0.8571428571428571
TRIM64B,0.02924693026822725,2,0.5
TRIM65,-0.030804903081703368,9,0.7777777777777778
TRIM66,0.04547543135010974,7,0.8571428571428571
TRIM67,0.02313249374727299,13,0.7692307692307693
TRIM68,0.03245799948458091,11,0.9090909090909091
TRIM69,0.020573763599409704,6,1.0
TRIM7,0.027415531470927245,19,0.8421052631578947
TRIM71,0.008216071384990446,12,0.5
TRIM72,0.028077385801751134,4,1.0
TRIM73,0.00765341367104857,5,0.8
TRIM74,0.00765341367104857,5,0.8
TRIM75,0.04077517694066457,4,1.0
TRIM77,0.03415182183275446,2,1.0
TRIM78P,0.020160418511772207,4,0.75
TRIM8,0.024651081809028672,9,0.7777777777777778
TRIM9,0.019439138181805104,14,0.7857142857142857
TRIML1,0.017648936678374864,6,0.6666666666666666
TRIML2,0.021880587811957397,4,0.75
TRIO,0.007587265196388518,5,0.4
TRIOBP,0.012496668151657989,21,0.8095238095238095
TRIP10,-0.008507988738684589,6,0.6666666666666666
TRIP11,0.023912357988634274,9,1.0
TRIP12,0.02187192184528071,18,0.7222222222222222
TRIP13,0.007450037201250658,15,0.4666666666666667
TRIP4,0.030033093647245407,5,0.8
TRIP6,0.006092498795109469,10,0.9
TRIT1,0.033906319603573265,9,0.6666666666666666
TRMT1,0.015356877866886625,15,0.8
TRMT11,0.02057395900345364,11,0.6363636363636364
TRMT112,0.011509082599613538,18,0.6666666666666666
TRMT12,0.01813894472655923,9,0.6666666666666666
TRMT2A,0.01803793293663527,14,0.5714285714285714
TRMT2B,0.032153277841622245,13,0.9230769230769231
TRMT5,0.016961647477090388,8,0.75
TRMT6,0.01646845041143397,14,0.7857142857142857
TRMT61A,0.0207613243600389,8,0.625
TRMT61B,0.025719692301682574,12,0.9166666666666666
TRMU,0.011644102484364484,12,0.6666666666666666
TRNAU1AP,0.02920521478586214,8,0.875
TRNP1,0.010917552899790867,16,0.6875
TRNT1,0.018472317863638083,14,0.7857142857142857
TRO,0.0477541123528873,4,1.0
TROAP,0.014689467214866912,13,0.7692307692307693
TROVE2,0.028430004908271793,17,0.7647058823529411
TRPA1,0.009203170428492516,12,0.5833333333333334
TRPC1,0.009464201228636124,7,0.8571428571428571
TRPC2,0.0386266456971814,5,1.0
TRPC3,0.025168134922017842,19,0.7368421052631579
TRPC4,0.018895315837410005,18,0.6666666666666666
TRPC4AP,0.01985306867332678,12,0.75
TRPC5,0.04035508680449278,10,0.8
TRPC6,0.036800866124571875,10,0.8
TRPC7,0.047224629990642995,7,0.8571428571428571
TRPM1,0.041472898665049426,16,0.9375
TRPM2,0.03855378818643573,7,0.8571428571428571
TRPM3,0.021948461702204266,4,0.75
TRPM4,0.010533410381271601,4,1.0
TRPM5,0.028906628959690095,18,0.9444444444444444
TRPM6,0.023342539017280357,3,0.6666666666666666
TRPM7,0.02709527028708189,8,1.0
TRPM8,0.04932085136797557,4,1.0
TRPS1,0.022018037949849162,25,0.64
TRPT1,0.02018995774556757,14,0.7857142857142857
TRPV1,0.0280059266748497,29,0.9310344827586207
TRPV2,0.04651424736059358,5,1.0
TRPV3,0.030572750118945318,8,0.75
TRPV4,-0.06112251110502796,15,0.8666666666666667
TRPV5,0.04410553281999415,3,1.0
TRPV6,0.04198153671863617,6,1.0
TRRAP,0.0267997799595577,11,0.9090909090909091
TRUB1,0.03650201065799327,9,0.8888888888888888
TRUB2,0.019874421223821017,3,0.6666666666666666
TRYX3,0.060111413375758815,1,1.0
TSC1,0.029991938158430986,8,1.0
TSC2,0.016328977918621784,10,0.8
TSC22D1,0.023701014303839463,22,0.6818181818181818
TSC22D2,0.027189825990537007,11,0.9090909090909091
TSC22D3,0.02921537976174461,23,0.8695652173913043
TSC22D4,0.018440615548139107,11,0.8181818181818182
TSEN15,0.022474562703513085,5,0.8
TSEN2,0.0190406987471067,13,0.7692307692307693
TSEN34,0.009651693342561793,21,0.6190476190476191
TSEN54,0.012348825664770132,10,0.9
TSFM,0.015004187655690417,9,0.5555555555555556
TSG1,0.05797528312209507,1,1.0
TSG101,0.026088487293303892,9,0.4444444444444444
TSGA10,0.023156037904701603,34,0.7058823529411765
TSGA10IP,0.04352830366361147,5,0.8
TSGA13,0.04147465778553118,4,0.75
TSGA14,0.011394530429851382,10,0.8
TSHB,0.05986830460095349,1,1.0
TSHR,0.03307036869985061,12,0.75
TSHZ1,0.014315472406196506,16,0.8125
TSHZ2,0.01538140753781118,10,0.4
TSHZ3,0.014165907903757553,9,0.5555555555555556
TSIX,0.02853029567638153,2,0.5
TSKS,0.02568892615721826,5,1.0
TSKU,0.013184313231454596,16,0.875
TSLP,0.018206536570756094,15,0.7333333333333333
TSN,0.02933462853859278,7,1.0
TSNARE1,0.027960447836251436,45,0.7777777777777778
TSNAX,0.011021343355048186,12,0.75
TSNAX-DISC1,0.012368634228886314,11,0.7272727272727273
TSNAXIP1,0.00944427372725439,12,0.6666666666666666
TSPAN1,0.015182840158106895,8,0.875
TSPAN10,0.025696399303600292,7,0.7142857142857143
TSPAN11,0.038516743285797,7,1.0
TSPAN12,0.03858116339350463,10,0.9
TSPAN13,0.020037326748958077,10,0.7
TSPAN14,0.03763246310022203,17,0.9411764705882353
TSPAN15,0.030892744111115304,8,0.875
TSPAN16,0.04056647372963608,7,1.0
TSPAN17,0.017825111637067258,11,1.0
TSPAN18,0.038035900098101746,36,0.9166666666666666
TSPAN19,0.04048007459242124,10,0.5
TSPAN2,0.01698102357945099,9,0.7777777777777778
TSPAN3,0.0267577197461353,5,0.8
TSPAN31,0.027190887691652975,10,0.9
TSPAN32,0.004576045257462632,31,0.9354838709677419
TSPAN33,0.024749778587337085,8,0.875
TSPAN4,0.01754456513033664,45,0.7555555555555555
TSPAN5,0.013263345887693364,7,0.7142857142857143
TSPAN6,0.04059237868381021,8,0.875
TSPAN7,0.024276377305983088,7,0.7142857142857143
TSPAN8,0.05414793493459199,6,0.6666666666666666
TSPAN9,0.01838243067082221,42,0.6904761904761905
TSPO,0.016533187407373213,13,0.8461538461538461
TSPO2,0.04201353751851641,7,0.8571428571428571
TSPY1,0.03765620720522096,3,0.6666666666666666
TSPY2,0.04164619450387449,4,0.5
TSPY3,0.04559228794691343,2,1.0
TSPY4,0.048390537148544514,7,0.42857142857142855
TSPYL1,0.030628963296504424,18,0.8888888888888888
TSPYL2,0.030910123508034747,10,0.8
TSPYL3,0.014015954522717766,5,0.8
TSPYL4,0.02700202695836921,13,0.7692307692307693
TSPYL5,0.012566154682412184,15,0.8
TSPYL6,0.030418410452278815,12,0.8333333333333334
TSR1,0.0150229692370118,10,0.6
TSR2,0.045616109420013144,10,0.9
TSSC1,0.014198295962386944,15,0.7333333333333333
TSSC4,0.024892754557689696,38,0.9473684210526315
TSSK1B,0.03928631476650114,14,0.9285714285714286
TSSK2,0.03760425462946381,13,1.0
TSSK3,0.01791079096786395,13,0.6923076923076923
TSSK4,0.01729108967173839,5,0.4
TSSK6,0.02778993486447933,20,0.75
TST,0.017939484153394743,5,0.8
TSTA3,0.014124767082856916,8,0.5
TSTD1,0.011434987965771906,10,0.8
TSTD2,0.029202672193765117,10,0.8
TTBK1,0.01650672412025013,9,0.3333333333333333
TTBK2,0.018090477749027264,18,0.5555555555555556
TTC1,0.01292343394368578,10,0.9
TTC12,0.00977996748683273,13,0.6153846153846154
TTC13,0.02072866325257804,12,0.8333333333333334
TTC14,0.02205410228509122,11,0.8181818181818182
TTC15,0.02069570309612655,15,0.7333333333333333
TTC16,0.02771758775714539,5,1.0
TTC17,0.014648048136072752,10,0.7
TTC18,0.0247794733233579,13,0.6923076923076923
TTC19,0.013501037121434648,12,0.5833333333333334
TTC21A,0.007853351963218154,14,0.42857142857142855
TTC21B,0.02466299786712164,7,0.7142857142857143
TTC22,0.019104411156716104,11,0.8181818181818182
TTC23,0.03773006650780872,9,0.4444444444444444
TTC23L,0.024674558826404878,12,0.8333333333333334
TTC24,0.0440239633734654,9,0.7777777777777778
TTC25,0.021053016915722554,9,0.8888888888888888
TTC26,0.024988861324770996,11,0.7272727272727273
TTC27,0.02024078024342567,15,0.8666666666666667
TTC28,0.037230707740299386,3,1.0
TTC29,0.02672538796347257,10,0.8
TTC3,0.014230975797487787,16,0.75
TTC30A,0.022483669479740235,11,0.7272727272727273
TTC30B,0.023338023104366057,15,0.9333333333333333
TTC31,0.007451419171345982,8,0.5
TTC32,0.025188579630753438,13,0.7692307692307693
TTC33,0.020278644862648902,13,0.5384615384615384
TTC35,0.022933131745594724,8,0.625
TTC36,0.03081752752731825,5,0.8
TTC37,0.024392776144792343,18,0.7222222222222222
TTC38,0.025516704620747205,10,0.7
TTC39A,0.03884740981070491,9,1.0
TTC39B,0.02425490650943235,6,0.3333333333333333
TTC39C,-0.05205536860937362,20,0.75
TTC3L,0.03781221819411489,4,0.75
TTC4,0.024460110633321177,10,0.7
TTC5,0.024574782532729614,3,0.6666666666666666
TTC7A,0.018723836230051735,6,0.8333333333333334
TTC7B,0.023048428177297044,6,0.8333333333333334
TTC8,0.026159540243301437,9,1.0
TTC9,0.034050527793342784,7,0.7142857142857143
TTC9B,0.027384664734065665,8,1.0
TTC9C,0.026115080019953097,17,0.8823529411764706
TTF1,0.030871527473791426,7,0.7142857142857143
TTF2,0.023062330450404695,6,0.8333333333333334
TTK,0.01229799655392993,14,0.7142857142857143
TTL,0.020757974392216938,8,0.875
TTLL1,0.02162000092644913,15,0.7333333333333333
TTLL10,0.02474434999801925,27,0.8888888888888888
TTLL11,0.0324751284814242,4,1.0
TTLL12,0.009877659490667424,4,0.5
TTLL13,0.029550467911256553,11,0.6363636363636364
TTLL2,0.053530363035134615,6,1.0
TTLL3,0.015674955734639003,12,0.75
TTLL4,0.0221755102081959,16,0.75
TTLL5,0.016443859417428496,12,0.6666666666666666
TTLL6,0.019804377914436604,18,0.6666666666666666
TTLL7,0.012208022874231644,14,0.5714285714285714
TTLL8,0.024173126493924144,8,0.5
TTLL9,0.017116354011382465,15,0.6666666666666666
TTN,0.03385996490854391,4,0.75
TTPA,0.006836887476340386,10,0.5
TTPAL,0.023993600795590278,12,0.9166666666666666
TTR,0.06193317667604693,4,1.0
TTRAP,0.0062023478682793325,10,0.4
TTTY10,0.00797018787083846,2,0.0
TTTY13,0.07421461918137585,2,1.0
TTTY14,0.030997098407002776,5,0.4
TTTY15,0.025231415883076046,6,0.5
TTTY16,0.06431890076392449,1,1.0
TTTY18,0.06772588373256984,3,1.0
TTTY19,0.041213910510542816,3,0.6666666666666666
TTTY20,0.059707102996372545,4,0.5
TTTY23,0.03363893717828273,3,0.3333333333333333
TTTY4,0.044969597810518874,1,1.0
TTTY4B,0.044969597810518874,1,1.0
TTTY4C,0.044969597810518874,1,1.0
TTTY5,-0.0471802665390742,1,1.0
TTTY8,0.07481496174432756,2,1.0
TTTY8B,0.07481496174432756,2,1.0
TTYH1,0.021522996680173927,8,0.75
TTYH2,0.029002594796338533,23,0.782608695652174
TTYH3,0.018466932147305878,8,0.5
TUB,0.03104276301665749,16,0.875
TUBA1A,0.023840707995937224,9,1.0
TUBA1B,0.01393875731532709,10,0.8
TUBA1C,0.01713722550635335,12,0.9166666666666666
TUBA3C,0.02833455779239696,11,0.7272727272727273
TUBA3D,0.019105864284513933,7,1.0
TUBA3E,0.012916192812364113,9,0.6666666666666666
TUBA4A,0.01198605042554544,10,0.8
TUBA4B,-0.004906505823980458,7,1.0
TUBA8,0.020140693096901835,8,0.75
TUBAL3,0.020619535180217856,4,0.25
TUBB,0.022129684022351048,23,0.6956521739130435
TUBB1,-0.04321709019884253,6,0.8333333333333334
TUBB2A,0.015538534781177865,9,0.6666666666666666
TUBB2B,0.021188802201394102,9,0.5555555555555556
TUBB2C,0.011150075002410421,3,0.6666666666666666
TUBB3,0.018068285297538945,5,1.0
TUBB4,0.024421425665549747,7,0.7142857142857143
TUBB4Q,0.009464855382971041,7,0.7142857142857143
TUBB6,0.024731694439125346,5,0.8
TUBB8,0.023122375563092556,12,0.8333333333333334
TUBBP5,0.05245592884353989,1,1.0
TUBD1,0.017071840686829105,17,0.6470588235294118
TUBE1,0.030951204155609435,12,0.8333333333333334
TUBG1,0.01519336265574855,21,0.7619047619047619
TUBG2,0.020949477560664224,8,1.0
TUBGCP2,0.015338496339942633,31,0.6451612903225806
TUBGCP3,0.022810660744603844,12,0.9166666666666666
TUBGCP4,0.02435514176479269,13,0.8461538461538461
TUBGCP5,0.021325721312267072,8,0.875
TUBGCP6,0.013197694687225432,15,0.7333333333333333
TUFM,0.01318860437620272,10,0.6
TUFT1,0.016683199080454094,6,0.6666666666666666
TUG1,0.027000754047566255,10,1.0
TULP1,0.04372887908853108,4,1.0
TULP2,0.013395619082257986,14,0.7857142857142857
TULP3,0.00524046434589547,12,0.5833333333333334
TULP4,0.004371004145019082,12,0.5833333333333334
TUSC1,0.03068228429299333,6,0.8333333333333334
TUSC2,0.02053741820685575,10,0.8
TUSC3,0.024145748541319255,8,0.875
TUSC4,0.015529036917024015,17,0.9411764705882353
TUSC5,0.03233101693133793,5,0.8
TUT1,0.015363203360235847,12,0.8333333333333334
TWF1,0.027477625116450407,8,0.75
TWF2,-0.032462556067465606,8,0.625
TWIST1,0.020871704462570265,31,0.7741935483870968
TWIST2,0.0424415927489641,5,1.0
TWISTNB,0.011262768602046152,11,0.45454545454545453
TWSG1,0.01585345286284395,11,0.5454545454545454
TXK,0.01710738204717922,5,1.0
TXLNA,0.01719479484037601,16,0.8125
TXLNB,0.025571818775325425,4,0.5
TXN,0.016789366545269524,4,1.0
TXN2,0.005541617675692547,10,0.6
TXNDC11,0.008313869350559921,12,0.4166666666666667
TXNDC12,0.01844515074780736,11,0.8181818181818182
TXNDC15,0.010821797588880513,9,0.6666666666666666
TXNDC16,0.022223490071208038,13,0.6153846153846154
TXNDC17,0.01868810216421871,16,0.75
TXNDC2,-0.0016666506359482025,6,0.6666666666666666
TXNDC3,0.022741758224488057,7,0.5714285714285714
TXNDC5,0.015058225192813739,13,0.6153846153846154
TXNDC6,0.021182143404972882,16,0.8125
TXNDC8,-0.10006626084658593,1,1.0
TXNDC9,0.018251917618796604,18,0.6111111111111112
TXNIP,0.02057004751263862,17,0.7647058823529411
TXNL1,0.01995947699459685,11,0.6363636363636364
TXNL4A,0.02119672538371885,9,0.6666666666666666
TXNL4B,0.025214502586553608,23,0.9130434782608695
TXNRD1,0.019953884346818787,39,0.6666666666666666
TXNRD2,0.017789023278178346,8,0.625
TXNRD3IT1,0.028646139541636313,8,1.0
TYK2,0.017776327438173044,12,0.9166666666666666
TYMP,0.0035594062934509703,11,0.45454545454545453
TYMS,0.022739227172317685,10,0.8
TYR,0.04927252312335566,2,1.0
TYRO3,0.0032850738506950625,10,1.0
TYRO3P,0.016364548154099285,6,0.8333333333333334
TYROBP,0.037533350140579944,7,0.8571428571428571
TYRP1,0.03261509050669309,2,0.0
TYSND1,0.02570855100479054,13,1.0
TYW1,0.02175239015635682,14,0.9285714285714286
TYW1B,0.02506101640219611,12,0.8333333333333334
TYW3,0.01934656867628643,10,0.9
U2AF1,0.013962536095039313,15,0.5333333333333333
U2AF1L4,0.02505688073602671,10,0.9
U2AF2,0.012818027667641103,12,0.6666666666666666
U58,0.024084975498859518,4,0.75
UACA,0.0062367460010379775,15,0.5333333333333333
UAP1,0.01480898846990498,15,0.7333333333333333
UAP1L1,0.026310884278996197,3,1.0
UBA1,0.026395331381026694,28,0.75
UBA2,0.025137915784105548,8,0.875
UBA3,0.023373094194998924,4,1.0
UBA5,0.02204826543812322,17,0.8235294117647058
UBA52,0.013925146715970012,12,0.75
UBA6,0.030124584696217937,10,0.9
UBA7,0.03211354863231469,5,1.0
UBAC1,0.049108441289921784,4,1.0
UBAC2,0.015570372117395821,17,0.7647058823529411
UBAP1,0.02340515817104752,5,0.8
UBAP2,0.03636878079797676,8,1.0
UBAP2L,0.017491207161289973,18,0.7777777777777778
UBASH3A,0.04630655611165498,7,0.8571428571428571
UBASH3B,0.0193508970073064,9,0.7777777777777778
UBB,0.03286642719610924,14,1.0
UBC,0.018707914692247512,9,0.6666666666666666
UBD,0.05898023450328006,5,1.0
UBE2A,-0.004428770069733533,13,0.46153846153846156
UBE2B,0.015499036903839258,10,0.5
UBE2C,0.02365825488180459,20,0.9
UBE2CBP,0.02486417484898715,12,0.8333333333333334
UBE2D1,0.02247599291221916,10,0.7
UBE2D2,0.013457415310830667,16,0.6875
UBE2D3,0.018573328869484897,32,0.71875
UBE2D4,0.01991578812671665,8,0.875
UBE2DNL,0.036161516267748745,2,0.5
UBE2E1,0.022559845017155532,11,0.6363636363636364
UBE2E2,0.03066244418891117,15,1.0
UBE2E3,0.016648970651478516,8,0.5
UBE2F,0.016507796522231742,13,0.7692307692307693
UBE2G1,0.014879065077867727,10,0.5
UBE2G2,0.022429796597471203,12,0.75
UBE2H,0.020960935863476034,8,0.875
UBE2I,0.012181724898810758,21,0.8571428571428571
UBE2J1,0.01275455910354224,8,0.625
UBE2J2,0.011817490056492961,19,0.9473684210526315
UBE2K,0.016386650017910207,10,0.5
UBE2L3,0.02874553114971416,10,0.9
UBE2L6,0.016127418378362634,14,0.8571428571428571
UBE2M,0.013750137675062845,15,0.9333333333333333
UBE2MP1,0.0515995354583006,3,1.0
UBE2N,0.016373267443106257,11,0.7272727272727273
UBE2O,0.02599850618704907,7,0.8571428571428571
UBE2Q1,0.008207031733304497,9,0.6666666666666666
UBE2Q2,0.014503156939415866,7,0.7142857142857143
UBE2QL1,-0.010315633285232035,6,0.6666666666666666
UBE2QP1,0.020140299100949166,6,0.6666666666666666
UBE2R2,0.029826717502879973,3,1.0
UBE2S,0.019366384831950446,6,1.0
UBE2T,0.023833981812043024,9,0.6666666666666666
UBE2U,0.02236684814186371,12,0.9166666666666666
UBE2V1,0.020552966982341807,16,0.75
UBE2V2,0.015140710664253995,7,0.8571428571428571
UBE2W,0.01215008271066344,8,0.375
UBE2Z,0.017253614510929948,9,0.8888888888888888
UBE3A,0.017363437176238332,27,0.6666666666666666
UBE3B,0.022002466994287914,16,0.9375
UBE3C,0.009853093618351898,6,0.6666666666666666
UBE4A,0.024154953152095576,14,0.7857142857142857
UBE4B,0.02641982431463894,11,0.6363636363636364
UBFD1,0.013642061246781549,16,0.6875
UBIAD1,0.021364368317212452,11,1.0
UBL3,0.01578545308808556,12,0.75
UBL4A,0.017903538363696153,8,0.75
UBL4B,0.03713845630044371,8,1.0
UBL5,0.01638943079257127,12,0.8333333333333334
UBL7,0.019782611869526134,15,1.0
UBLCP1,0.024629740272154286,14,0.8571428571428571
UBN1,0.021076253111272834,16,0.875
UBN2,0.013833346901040502,5,0.6
UBOX5,0.020226840505455267,19,0.6842105263157895
UBP1,0.011825746611002387,11,0.8181818181818182
UBQLN1,0.033047734228540265,4,1.0
UBQLN2,0.022860113116999776,13,0.6153846153846154
UBQLN3,0.040104906521294004,4,1.0
UBQLN4,0.01371671169212895,12,0.8333333333333334
UBQLNL,0.040251422550216596,5,1.0
UBR1,0.02215146347436663,10,0.7
UBR2,0.02068756711500205,9,0.6666666666666666
UBR3,0.017228374619945475,10,0.7
UBR4,0.02355820115997868,5,1.0
UBR5,0.013051714278106969,5,0.6
UBR7,0.01726905173229372,8,0.625
UBTD1,0.021583762705592324,16,0.8125
UBTD2,0.01079464760106438,9,0.5555555555555556
UBTF,0.01527325009643954,29,0.8275862068965517
UBTFL1,0.0690279289727424,1,1.0
UBXN1,0.013725575052291732,11,0.9090909090909091
UBXN10,0.03708547919314797,11,0.8181818181818182
UBXN11,0.024406487155494847,26,0.8076923076923077
UBXN2A,0.0212741770058613,12,0.75
UBXN2B,0.025959372919877644,6,0.8333333333333334
UBXN4,0.018908253067415583,6,0.8333333333333334
UBXN6,-0.017652091246978037,10,0.8
UBXN7,0.023976795170155434,8,0.625
UBXN8,0.02956127408317121,8,0.875
UCA1,0.03401541478627129,2,1.0
UCHL1,0.010204891306877312,6,0.8333333333333334
UCHL3,0.017746499264821313,10,0.7
UCHL5,0.024789583524458134,13,0.7692307692307693
UCK1,0.029624329154283296,5,0.8
UCK2,0.020231674483682956,4,1.0
UCKL1,0.017446652444448815,4,0.75
UCKL1AS,0.014572279710298655,3,1.0
UCMA,0.047033162107054424,5,1.0
UCN,0.026590105259297555,11,0.8181818181818182
UCN2,-0.1540538411801259,5,1.0
UCN3,0.04192076018521835,11,0.8181818181818182
UCP1,0.013000011357032264,13,0.5384615384615384
UCP2,0.01670445201659232,11,0.7272727272727273
UCP3,0.03573088561776121,7,1.0
UCRC,0.018064243859257555,14,0.8571428571428571
UEVLD,0.02368423588057162,9,0.8888888888888888
UFC1,0.01342356960213589,10,0.7
UFD1L,0.0236312095524415,16,1.0
UFM1,0.029466202509940236,7,0.8571428571428571
UFSP1,0.020713417760960345,12,0.9166666666666666
UFSP2,0.019048999473870572,11,0.7272727272727273
UGCG,0.03590458114354905,4,1.0
UGDH,0.01576301626356468,17,0.9411764705882353
UGGT1,0.02360116320098175,8,0.75
UGGT2,0.01877698370610673,12,0.6666666666666666
UGP2,0.017670005976597538,27,0.7037037037037037
UGT1A1,0.03871976109452165,7,0.8571428571428571
UGT1A10,0.04222308743159974,5,0.8
UGT1A3,0.036566638999263816,6,0.6666666666666666
UGT1A4,0.052609876850843416,6,1.0
UGT1A5,0.040092457583296444,7,1.0
UGT1A6,0.04440502165520315,8,1.0
UGT1A7,0.044550161254467,4,1.0
UGT1A8,0.04180177288934082,4,1.0
UGT1A9,0.051308153310067696,4,1.0
UGT2A1,0.024429011537200063,3,0.6666666666666666
UGT2A2,0.0684940986526798,1,1.0
UGT2A3,0.0275050209023448,2,0.5
UGT2B10,0.0207767705184711,1,0.0
UGT2B11,0.06615915589108223,1,1.0
UGT2B15,0.03774865517670498,8,0.625
UGT2B17,0.031106564119869222,4,0.5
UGT2B4,0.014077539920402948,1,0.0
UGT2B7,0.050706493114822254,2,1.0
UGT3A1,0.03137308376423927,5,1.0
UGT3A2,0.03618876269895056,6,0.8333333333333334
UGT8,0.02271841123296945,17,0.7058823529411765
UHMK1,0.023035742067421452,12,0.75
UHRF1,0.013877240223420444,16,0.6875
UHRF1BP1,0.022630073932323552,8,0.75
UHRF1BP1L,0.019337408046301498,14,0.6428571428571429
UHRF2,0.016690656956961772,6,1.0
UIMC1,0.015097538959514482,11,0.6363636363636364
ULBP1,0.03294515386561162,8,0.875
ULBP2,0.015276775328791667,10,0.8
ULBP3,0.017773260744604006,9,0.7777777777777778
ULK1,0.012052601606035772,10,0.8
ULK2,0.021616607956061573,11,0.7272727272727273
ULK3,0.013405031985855211,5,0.6
ULK4,0.02001343515521227,18,0.8888888888888888
UMOD,0.04008328041843034,3,0.6666666666666666
UMODL1,0.044935222553370895,7,1.0
UMPS,0.016271461285379322,8,0.625
UNC119,0.024544541288393163,5,0.8
UNC119B,0.000811022817176036,11,0.7272727272727273
UNC13A,0.02544222922138065,7,0.7142857142857143
UNC13B,0.012127346948516823,4,0.25
UNC13C,0.06393482310105417,4,1.0
UNC13D,-0.0048099957329486775,9,1.0
UNC45A,0.02304598360019419,30,0.7333333333333333
UNC45B,0.04331259328789124,6,1.0
UNC50,0.014680087213440666,13,0.6923076923076923
UNC5A,0.017467991785899112,5,0.8
UNC5B,0.009611306333124877,10,0.7
UNC5C,0.016209223015553654,13,0.6923076923076923
UNC5CL,-0.028190211040265905,7,0.8571428571428571
UNC5D,0.015377935179938436,6,0.5
UNC80,0.013294259128367082,9,0.4444444444444444
UNC84A,0.006892647990050641,29,0.7586206896551724
UNC84B,0.020816695628874064,11,0.6363636363636364
UNC93A,0.062194734793469875,6,1.0
UNC93B1,0.03457965246551002,5,0.8
UNCX,0.020268373127307095,13,0.8461538461538461
UNG,0.018135391827548076,18,0.8888888888888888
UNK,0.025205272922948628,10,1.0
UNKL,0.018045071931658066,37,0.7027027027027027
UOX,0.029114691213946574,5,0.8
UPB1,0.006503236348092414,16,0.5
UPF1,0.010047596004283772,8,0.875
UPF2,0.027628241426093093,22,0.9545454545454546
UPF3A,0.013925945509396982,5,0.6
UPF3B,0.04277603118437727,13,0.8461538461538461
UPK1A,0.030194556625316244,7,1.0
UPK1B,0.02858666863913035,7,1.0
UPK2,0.033659884552116076,4,1.0
UPK3A,0.013290444056029119,10,1.0
UPK3B,0.027789762908003477,3,0.3333333333333333
UPP1,0.016772399333010224,20,0.8
UPP2,0.03670544432979622,3,0.6666666666666666
UPRT,0.0488148008508988,8,1.0
UQCC,0.007376344707349088,11,0.45454545454545453
UQCR,0.015990812390027524,10,0.6
UQCRB,0.019253373948015205,9,0.7777777777777778
UQCRC1,0.009304995517820916,6,0.8333333333333334
UQCRC2,0.024116098465619202,10,0.9
UQCRFS1,0.02170395247210264,10,0.6
UQCRH,0.0233847886655769,13,0.9230769230769231
UQCRHL,0.021976485849236223,6,0.6666666666666666
UQCRQ,0.023612952847221626,11,0.9090909090909091
URB1,0.019630312487011962,7,0.8571428571428571
URB2,0.015101143388743106,11,0.8181818181818182
URGCP,0.014421835263095891,24,0.75
URM1,0.041088725853034455,2,1.0
UROC1,0.03673936290985141,7,0.8571428571428571
UROD,0.015784656999505816,11,0.7272727272727273
UROS,0.02843054045507177,18,0.9444444444444444
USE1,0.011683286583175601,8,0.625
USF1,0.03126105641900951,12,0.8333333333333334
USF2,0.014392379182291385,8,0.875
USH1C,0.011176147991111005,11,0.45454545454545453
USH1G,0.02160208978487844,19,0.7368421052631579
USH2A,0.04771399187341413,2,1.0
USHBP1,0.0193500081992396,3,1.0
USMG5,0.013072315588586141,21,0.6666666666666666
USO1,0.01953119363897796,9,0.8888888888888888
USP1,0.015141174801459583,20,0.6
USP10,0.02292458058616818,5,0.8
USP11,0.014661650745637763,6,0.5
USP12,0.013349986716639346,8,0.875
USP13,0.013989226401543816,7,0.7142857142857143
USP14,0.025764949410593662,8,0.625
USP15,0.023168926065536357,11,0.9090909090909091
USP16,0.023257314270336255,10,0.8
USP17,0.015461901359086594,2,0.5
USP17L2,0.02990196765967812,5,1.0
USP18,0.011924406986407371,12,0.75
USP19,0.01613989128784724,13,0.8461538461538461
USP2,0.0028208349265376343,22,0.7272727272727273
USP20,0.03163728977509513,10,1.0
USP21,0.004705079181911778,13,0.5384615384615384
USP22,0.03088692525786431,8,1.0
USP24,0.030736586710867906,6,0.6666666666666666
USP25,0.02635407611488319,3,0.6666666666666666
USP26,0.08992195898600103,1,1.0
USP27X,0.032128406873310145,10,0.8
USP28,0.021772353028568357,5,0.8
USP29,0.03555952183889167,26,0.7692307692307693
USP3,0.021201566459217298,14,0.8571428571428571
USP30,0.02974386658973866,7,0.7142857142857143
USP31,0.00937058140998116,8,0.375
USP32,0.023663973017619112,7,1.0
USP33,0.015872541889777176,8,0.625
USP34,0.003331962721708162,4,0.5
USP35,0.018462087504586694,16,0.8125
USP36,0.013541041184568186,16,0.625
USP37,0.012687506927563466,14,0.5714285714285714
USP38,0.017277928782803226,9,0.7777777777777778
USP39,0.023817205410109964,11,0.9090909090909091
USP4,0.016324075306738534,10,0.9
USP42,0.011404958500353373,15,0.7333333333333333
USP43,0.018411612066761465,12,0.8333333333333334
USP44,0.024883657307053948,17,0.5882352941176471
USP45,0.01437630248548642,13,0.7692307692307693
USP46,0.021713148483554944,12,0.9166666666666666
USP47,0.036671033656868565,7,0.7142857142857143
USP48,0.01654001611684625,13,0.7692307692307693
USP49,0.017233471987413203,16,0.5625
USP5,0.021558735317508435,19,0.7894736842105263
USP50,0.02131105747815811,5,0.6
USP51,0.012522584429784269,8,0.75
USP53,0.018739780431787915,16,0.5625
USP54,0.03565264236872942,3,1.0
USP6,0.04747943109650613,7,1.0
USP6NL,0.024428058184067937,14,0.6428571428571429
USP7,0.020135302803791055,7,0.8571428571428571
USP8,0.015028124587672467,9,0.6666666666666666
USP9X,0.021669776351215603,9,0.6666666666666666
USP9Y,0.026982526286341457,1,1.0
USPL1,0.01745528028851277,12,0.5833333333333334
UST,0.022447525895127052,11,0.6363636363636364
UTF1,0.007926939754868686,7,0.42857142857142855
UTP11L,0.015222141415533803,11,0.9090909090909091
UTP14A,0.029710508813429806,9,0.8888888888888888
UTP14C,0.011562864725422983,5,0.8
UTP15,0.024444257696177023,15,0.8
UTP18,0.016904116665244755,10,0.6
UTP20,0.026864744152510847,8,0.75
UTP23,0.018327744260293977,15,0.5333333333333333
UTP3,0.015566870021461749,15,0.6
UTP6,0.02676687225109929,8,0.875
UTRN,0.0034654932445565625,8,0.125
UTS2,0.0409579610579892,7,0.8571428571428571
UTS2D,0.016296152006259466,26,0.5769230769230769
UTS2R,0.03380663002044439,8,0.875
UTY,0.011167520403065102,4,0.5
UVRAG,0.022223118156748756,12,0.75
UXS1,0.014441453982387886,11,0.9090909090909091
UXT,0.016014684041424657,13,0.38461538461538464
VAC14,0.01468175671905893,11,0.8181818181818182
VAMP1,0.009427595240390276,11,0.7272727272727273
VAMP2,-0.011705537477719973,8,0.75
VAMP3,0.02421119129100053,10,0.7
VAMP4,0.025674491277853168,12,0.75
VAMP5,0.030731045596913226,6,0.8333333333333334
VAMP8,0.04089181534184432,7,1.0
VANGL1,0.026348665957394986,12,0.8333333333333334
VANGL2,0.01782680852617223,18,0.8888888888888888
VAPA,0.022439952780669976,13,0.8461538461538461
VAPB,0.01766771484118117,8,0.875
VARS,0.009466089491410222,20,0.45
VARS2,0.015636767510515945,50,0.78
VASH1,0.015595300456609054,13,0.6923076923076923
VASH2,0.02427262176837794,18,0.8888888888888888
VASN,-0.0028830820306974714,13,0.8461538461538461
VASP,0.01564894419120472,9,0.7777777777777778
VAT1,0.018951406196890366,8,0.75
VAT1L,0.014014925012859603,10,0.9
VAV1,0.0638490118857563,4,1.0
VAV2,0.024851913521727144,5,1.0
VAV3,0.023592626135320805,10,0.7
VAX1,0.016508518834970395,12,0.6666666666666666
VAX2,0.02296691090533282,28,0.8928571428571429
VBP1,0.04062561560695911,9,1.0
VCAM1,0.08537648256561099,4,1.0
VCAN,0.032201125601902615,22,0.8181818181818182
VCL,0.012540293856108239,9,0.7777777777777778
VCP,0.026028121535827526,6,1.0
VCPIP1,0.026813069686361404,15,0.9333333333333333
VCX,0.03985417020552445,4,1.0
VCX2,0.04191743288752031,3,1.0
VCX3A,0.004086924982262531,3,0.6666666666666666
VCX3B,0.04961280334139917,4,1.0
VDAC1,0.02419052086259623,15,0.8
VDAC2,0.015251684838031642,11,0.7272727272727273
VDAC3,0.021604769379046443,12,0.75
VDR,0.02490726832226007,14,0.9285714285714286
VEGFA,-0.02872865573045272,11,1.0
VEGFB,0.014322072332874409,6,0.8333333333333334
VEGFC,0.023656802831094725,6,0.6666666666666666
VENTX,0.012015122266320158,41,0.5121951219512195
VENTXP1,0.031714715686832005,9,0.7777777777777778
VENTXP7,0.07862645906333349,2,1.0
VEPH1,-0.00112790700112462,22,0.6363636363636364
VEZF1,0.019719034040961817,7,0.7142857142857143
VEZT,0.009572093920882508,9,0.4444444444444444
VGF,0.016787816170131774,9,0.6666666666666666
VGLL1,0.05140202435066099,5,1.0
VGLL2,0.017345915096803728,10,0.9
VGLL3,0.031300231777927484,11,0.7272727272727273
VGLL4,0.016517869457460633,46,0.717391304347826
VHL,0.016233300850308517,15,0.6
VHLL,0.02926816364105782,7,1.0
VIL1,0.043353377842546344,7,1.0
VILL,0.028663251018704428,4,1.0
VIM,0.009407571284330042,18,0.7222222222222222
VIP,0.06340282248489726,3,1.0
VIPR1,0.016672667128326456,11,0.7272727272727273
VIPR2,0.020671879802138367,7,0.8571428571428571
VIT,0.024992569791037294,4,0.75
VKORC1,0.02657263809860192,8,0.75
VKORC1L1,0.005948482986505818,4,0.5
VLDLR,0.02580309981969799,3,1.0
VMA21,0.008662682237457326,5,0.8
VMAC,0.018247434891257443,12,0.8333333333333334
VMO1,0.02610220949254345,9,0.6666666666666666
VN1R1,0.022812214616216943,5,0.4
VN1R2,0.03893603447740631,5,0.6
VN1R4,0.03773015616581935,3,1.0
VN1R5,0.04060133795194129,2,1.0
VNN1,0.040379420413173266,7,0.8571428571428571
VNN2,0.026280772880371145,8,0.625
VNN3,0.024116271389778572,2,0.5
VOPP1,0.010335638299119218,5,0.6
VPRBP,0.01429347823627359,11,0.9090909090909091
VPREB1,0.03269554640522222,5,0.8
VPREB3,0.01704900200010584,1,1.0
VPS11,0.007875703207590063,10,0.7
VPS13A,0.035328313003071765,6,0.8333333333333334
VPS13B,0.027425681113556807,9,0.8888888888888888
VPS13C,0.021044128836589824,7,0.7142857142857143
VPS13D,0.023596193481164058,10,0.8
VPS16,0.008997739556686824,13,0.8461538461538461
VPS18,0.013960718852390691,11,0.8181818181818182
VPS24,0.012479910737822987,17,0.7058823529411765
VPS25,0.015119966442806939,8,0.875
VPS26A,0.014730917520751667,8,0.625
VPS26B,0.01610592627897561,16,0.875
VPS28,0.010000407278568463,14,0.5714285714285714
VPS29,0.024627815163949438,9,0.8888888888888888
VPS33A,0.01738358127361064,9,0.5555555555555556
VPS33B,0.02750770328590285,6,1.0
VPS35,0.014215419299605377,13,0.8461538461538461
VPS36,0.014824871864428145,9,0.7777777777777778
VPS37A,0.010137238260205565,9,0.4444444444444444
VPS37B,0.009817787568755815,10,0.8
VPS37C,0.012062952595855428,20,0.5
VPS37D,0.021411031178701672,13,0.8461538461538461
VPS39,0.006166036919658502,8,0.5
VPS41,0.02864687257085479,5,0.8
VPS45,0.01331042887316509,10,0.6
VPS4A,0.011583138559854942,7,0.42857142857142855
VPS4B,0.008575923919662245,10,0.5
VPS52,0.017041154946652558,36,0.7777777777777778
VPS53,0.017932920202961458,11,0.6363636363636364
VPS54,0.021782064777890554,17,0.5882352941176471
VPS72,0.026769276158438368,9,1.0
VPS8,0.021789832566060333,15,0.6
VRK1,0.014343733468935152,16,0.5625
VRK2,0.020244330289687015,13,0.6153846153846154
VRK3,0.02786113928955158,15,1.0
VSIG1,0.044155862671146386,3,0.6666666666666666
VSIG10,0.015987735993645745,6,1.0
VSIG10L,0.06169144383963281,3,1.0
VSIG2,0.04903185447835931,4,1.0
VSIG4,0.058532901681860754,4,1.0
VSIG8,0.035558840309340665,5,1.0
VSNL1,0.0280205453497158,19,0.7368421052631579
VSTM1,0.02773563649659493,5,0.8
VSTM2A,0.027206802585256453,12,0.75
VSTM2B,0.01579068238895725,5,0.6
VSTM2L,0.024822115036638285,8,0.75
VSX1,0.010226091524113308,11,0.6363636363636364
VSX2,0.03551801786276178,10,1.0
VTA1,0.010831021856184559,11,0.6363636363636364
VTCN1,0.02179650110395258,6,1.0
VTI1A,0.014472624171815916,15,0.6666666666666666
VTI1B,0.010102501069024494,13,0.5384615384615384
VTN,0.02702051642907374,7,0.7142857142857143
VTRNA1-1,0.03777614692077112,8,0.875
VTRNA1-2,0.02254145191907425,7,0.5714285714285714
VTRNA1-3,0.039539330507020645,9,0.8888888888888888
VWA1,-0.02766005644385143,9,0.7777777777777778
VWA2,0.025876177290555986,13,0.8461538461538461
VWA3A,0.0226863908115171,3,0.6666666666666666
VWA3B,0.020607019057597195,13,0.5384615384615384
VWA5A,0.02654254321950701,12,0.9166666666666666
VWA5B1,0.03953698265977289,9,1.0
VWA5B2,0.007901919629496932,11,0.7272727272727273
VWC2,0.01829633274537508,13,0.6923076923076923
VWC2L,0.04189467665286151,7,0.8571428571428571
VWCE,0.01387091061080924,11,0.9090909090909091
VWDE,0.02766898464643812,11,0.7272727272727273
VWF,0.0471010994688813,6,0.8333333333333334
WAC,0.012689490101119145,16,0.75
WAPAL,0.009639096085929012,14,0.42857142857142855
WARS,0.020537252399238485,15,0.8666666666666667
WARS2,0.02442760292892429,8,0.75
WAS,0.04363757676397003,7,1.0
WASF1,0.021477030428198596,17,0.7058823529411765
WASF2,0.028960391330772932,21,0.8571428571428571
WASF3,0.017937908842018544,18,0.6111111111111112
WASH2P,0.035886895980545286,2,1.0
WASH5P,0.008394172713088954,3,1.0
WASL,0.006954263305922726,7,0.5714285714285714
WBP1,0.026884287432169942,12,1.0
WBP11,0.02393003341049251,15,0.8666666666666667
WBP11P1,-0.10828665964905138,3,1.0
WBP2,0.0165403528814496,11,1.0
WBP2NL,0.01839132326794874,7,0.42857142857142855
WBP4,0.014683592581836722,12,0.5833333333333334
WBP5,0.023176346650116402,6,0.8333333333333334
WBSCR16,0.015881137269312753,11,0.6363636363636364
WBSCR17,0.019465147470786145,12,0.6666666666666666
WBSCR22,0.011734206967125115,16,0.5
WBSCR26,-0.024831550563411672,2,1.0
WBSCR27,0.024150576135859952,12,0.8333333333333334
WBSCR28,0.03102584982865216,7,0.8571428571428571
WDFY1,0.026296090914937998,5,1.0
WDFY2,0.014069601614876814,10,0.5
WDFY3,0.01591778314370088,19,0.3157894736842105
WDFY4,0.03858713958987389,18,0.8333333333333334
WDHD1,0.02200586281206163,13,0.6923076923076923
WDR1,0.02340825455436842,8,0.875
WDR11,0.021559365941531225,9,0.8888888888888888
WDR12,0.023062289503002185,10,0.4
WDR13,0.02485422903438857,16,0.8125
WDR16,0.02583931393616567,13,0.6923076923076923
WDR17,0.02515232568427037,15,0.8
WDR18,0.01398033166369713,8,0.625
WDR19,0.01920660069008673,11,0.6363636363636364
WDR20,0.014887577901697134,9,0.6666666666666666
WDR24,0.020366171026294302,13,0.6153846153846154
WDR25,0.01763406796799636,14,0.9285714285714286
WDR26,0.019286024817158937,14,0.6428571428571429
WDR27,0.016028814952080177,19,0.6842105263157895
WDR3,0.01929295176130277,19,0.7894736842105263
WDR31,0.02077616023904533,6,0.8333333333333334
WDR33,0.01862492007583105,11,0.7272727272727273
WDR34,0.020100883503532323,5,0.6
WDR35,0.020132361020363428,10,0.8
WDR36,0.015407750478182249,11,0.45454545454545453
WDR37,0.012595433956710698,22,0.6363636363636364
WDR38,0.025472833266461086,3,1.0
WDR4,0.012248093403481632,11,0.5454545454545454
WDR41,0.026070561367781277,5,0.8
WDR43,0.00947268004661582,6,0.8333333333333334
WDR44,0.019121998605406386,11,0.7272727272727273
WDR45,0.02154976965390232,23,0.6956521739130435
WDR45L,0.03711153565306093,4,0.75
WDR46,0.028038576737446773,40,0.9
WDR47,0.02260927993150025,19,0.8421052631578947
WDR48,0.025294452056183598,7,0.7142857142857143
WDR49,0.043537319334687075,4,0.75
WDR5,0.02205342474662318,7,0.8571428571428571
WDR51A,0.021757915475686354,15,0.8666666666666667
WDR51B,0.01618488975440307,9,0.7777777777777778
WDR52,0.024904373751590023,11,0.36363636363636365
WDR53,0.015283769496492553,15,0.6666666666666666
WDR54,0.02185826403287977,10,0.9
WDR55,0.011008831972996893,12,0.5833333333333334
WDR59,0.012381753235710353,10,0.6
WDR5B,0.015478597493589822,14,0.7857142857142857
WDR6,0.017729624577691977,12,0.75
WDR60,0.02330977616775035,11,0.7272727272727273
WDR61,0.02681179682522271,4,1.0
WDR62,0.021753802410929876,11,0.8181818181818182
WDR63,0.03006907113790481,8,1.0
WDR64,0.04062627662106862,3,1.0
WDR65,0.012950579972348945,16,0.6875
WDR66,0.027984260212826188,11,0.7272727272727273
WDR67,0.049027086562757546,7,0.8571428571428571
WDR69,0.013181465261606155,9,0.5555555555555556
WDR7,0.014954777890099892,12,0.6666666666666666
WDR70,0.023516041741714053,11,0.9090909090909091
WDR72,0.03055031813294273,8,0.75
WDR73,0.020046658665534962,11,0.9090909090909091
WDR74,0.01882371326905486,6,0.3333333333333333
WDR75,0.02251684043687895,12,0.8333333333333334
WDR76,0.015378451828771346,11,0.5454545454545454
WDR77,0.014824173195923177,8,0.75
WDR78,0.03211586069244074,11,0.6363636363636364
WDR8,0.016105004952091787,32,0.65625
WDR81,0.008739882097129132,37,0.7837837837837838
WDR82,0.01420518650700376,12,0.9166666666666666
WDR85,0.027010707070656476,6,0.8333333333333334
WDR86,0.02134474654293164,9,0.8888888888888888
WDR87,0.020119842575215804,13,0.7692307692307693
WDR88,0.005124730600354542,14,0.6428571428571429
WDR89,0.021702899596393863,20,0.85
WDR90,-0.003985942563507312,9,1.0
WDR91,0.01104036591333581,10,0.8
WDR92,0.024529837806120367,12,0.9166666666666666
WDR93,0.015960310578469722,18,0.7777777777777778
WDSUB1,0.019738962313783984,8,0.75
WDTC1,0.022681608032862774,15,0.8666666666666667
WDYHV1,0.017340694494215034,6,0.5
WEE1,0.021169023725606875,16,0.875
WEE2,0.039613766137197776,2,1.0
WFDC1,0.024527684496467396,10,1.0
WFDC10A,0.004838626406596436,5,1.0
WFDC10B,0.042340290309052564,8,0.875
WFDC11,0.04776856155602245,2,1.0
WFDC12,0.0527339649393509,5,1.0
WFDC13,0.04420371025129014,3,1.0
WFDC2,0.02047976092380667,11,0.8181818181818182
WFDC3,0.023262776826555618,19,0.8421052631578947
WFDC5,0.03873943143828183,8,1.0
WFDC6,0.047522537338007695,5,0.8
WFDC8,0.03521204205104911,1,1.0
WFDC9,0.023059730085910425,13,0.9230769230769231
WFIKKN1,0.03443599876387214,8,1.0
WFIKKN2,0.01352225658841538,25,0.8
WFS1,0.026082295524272048,14,0.7857142857142857
WHAMM,0.019141573432854265,12,0.8333333333333334
WHSC1,0.025394506079681828,19,0.8947368421052632
WHSC1L1,0.014602503101436544,13,0.6923076923076923
WHSC2,0.011825314934385699,11,0.7272727272727273
WIBG,0.017105498153788392,19,0.8947368421052632
WIF1,0.03001326049927518,8,0.75
WIPF1,0.005449238615841382,31,0.8064516129032258
WIPF2,0.022750671857627025,11,0.7272727272727273
WIPF3,0.043625123884769856,5,0.8
WIPI1,0.014718488583176573,6,0.6666666666666666
WIPI2,0.01582367314808613,20,0.85
WISP1,0.022281528560168025,9,0.8888888888888888
WISP2,0.025722352186479728,6,1.0
WISP3,0.006205698179889718,9,0.6666666666666666
WIT1,0.010530303707088502,11,0.7272727272727273
WIZ,0.019561878716271488,16,0.75
WNK1,0.02360681073616588,9,0.8888888888888888
WNK2,0.005096276346861101,5,1.0
WNK3,0.023830428242955577,7,0.8571428571428571
WNK4,0.004289801113656296,12,0.9166666666666666
WNT1,0.012080465258245427,13,0.38461538461538464
WNT10A,0.025268956980458255,8,0.875
WNT10B,-0.013083426348779773,9,0.6666666666666666
WNT11,0.019147576989571657,6,0.8333333333333334
WNT16,0.03408601795301476,14,0.9285714285714286
WNT2,0.014558316144034687,12,0.6666666666666666
WNT2B,0.02326743215593328,21,0.9047619047619048
WNT3,0.024821077665023564,15,0.8666666666666667
WNT3A,0.021567416631325914,6,1.0
WNT4,0.008347546809582995,6,0.8333333333333334
WNT5A,0.01623321528280002,14,0.7857142857142857
WNT5B,0.028403311697590958,21,0.8095238095238095
WNT6,0.01678703258861,5,0.6
WNT7A,0.020387311250650353,6,0.8333333333333334
WNT7B,0.02758244049403853,5,1.0
WNT8A,0.03441264337646245,4,0.75
WNT8B,0.03105638126926111,6,0.5
WNT9A,0.02676532880516442,7,0.7142857142857143
WNT9B,0.012121314743156529,7,0.5714285714285714
WRAP53,0.0221104414967732,30,0.7666666666666667
WRB,0.01035405555102587,20,0.85
WRN,0.01998636105554719,39,0.5897435897435898
WRNIP1,0.013924037110787473,15,0.7333333333333333
WSB1,0.006118842191343167,14,0.7142857142857143
WSB2,0.037155719900560005,5,0.8
WSCD1,0.030491486242287317,15,0.8
WSCD2,0.03543977121405204,21,0.9047619047619048
WT1,0.012535062282048624,13,0.7692307692307693
WTAP,0.016381333920389218,11,0.7272727272727273
WTIP,0.009001775708465186,6,0.6666666666666666
WWC1,0.02060112141849381,8,0.875
WWC2,0.018663846027631825,6,0.8333333333333334
WWC3,0.04152405071555358,7,0.8571428571428571
WWOX,0.01892589514924637,6,0.8333333333333334
WWP1,0.014820239146655832,19,0.47368421052631576
WWP2,-0.06389771826552161,15,0.8
WWTR1,-0.001663368129220055,21,0.8095238095238095
XAB2,0.014041484000458064,11,0.9090909090909091
XAF1,0.06488085678775664,11,0.9090909090909091
XAGE3,0.031742149338989084,9,0.8888888888888888
XAGE5,0.03421594854285984,6,0.8333333333333334
XBP1,0.014151590350466132,9,0.6666666666666666
XCL1,0.04209960797584359,3,0.6666666666666666
XCL2,0.0348399391456678,4,0.5
XCR1,0.032960570180170304,8,0.75
XDH,0.031308312184098123,3,1.0
XIAP,0.031959864066708595,15,0.7333333333333333
XIRP1,0.048703127958020224,11,1.0
XIRP2,0.05550003394537262,1,1.0
XIST,0.019917594086904893,5,0.8
XK,0.020625567592772415,6,0.8333333333333334
XKR3,0.040142499186376725,2,0.5
XKR4,0.026736024029305448,9,1.0
XKR5,0.017857137858892477,9,0.5555555555555556
XKR6,0.012349740760265737,13,0.5384615384615384
XKR7,0.027399465084871222,7,0.8571428571428571
XKR8,0.018690118949745396,12,0.75
XKR9,0.019198951083790054,13,0.6923076923076923
XKRX,0.026678942774500263,9,0.7777777777777778
XPA,0.017199858590406732,3,1.0
XPC,0.015983803001295545,14,0.7857142857142857
XPNPEP1,0.010995256178817796,11,0.6363636363636364
XPNPEP2,0.031931403780681926,6,0.6666666666666666
XPNPEP3,0.030321051530797814,15,0.8666666666666667
XPO1,0.021358448324965692,19,0.6842105263157895
XPO4,0.01198196326276749,7,0.5714285714285714
XPO5,0.014723659973479027,11,0.7272727272727273
XPO6,0.017318198212962366,6,1.0
XPO7,0.014681155681032185,7,0.7142857142857143
XPOT,-0.04239968665964016,7,0.7142857142857143
XPR1,0.020581112925456994,8,0.875
XRCC1,0.010515770390200373,8,1.0
XRCC2,0.025557245070558718,8,0.625
XRCC3,0.014290943480396683,16,0.875
XRCC4,0.023345116806687664,19,0.6842105263157895
XRCC5,0.015451625963684937,8,0.5
XRCC6,0.015703761708556935,17,0.8235294117647058
XRCC6BP1,0.009492604712794488,4,0.75
XRN1,0.02206823699684643,4,0.75
XRN2,0.01741655870067263,9,0.5555555555555556
XRRA1,0.011145206095338974,18,0.7777777777777778
XYLB,0.010469089189986423,4,0.25
XYLT1,0.020394265666973072,6,0.6666666666666666
XYLT2,0.02475318293968547,7,0.7142857142857143
YAF2,0.025427739898627084,7,0.5714285714285714
YAP1,0.023587628211205396,12,0.75
YARS,0.01464272903561544,13,0.9230769230769231
YARS2,0.02769633799760372,13,1.0
YBX1,0.008044189280528894,9,0.8888888888888888
YBX2,0.014240963700636286,15,0.7333333333333333
YDJC,0.012175885840197468,10,0.9
YEATS2,0.025441777660594283,10,0.9
YEATS4,0.033460001978068296,7,1.0
YES1,0.024930205276376176,7,0.7142857142857143
YIF1A,0.011710219017083743,11,0.6363636363636364
YIF1B,0.01818508358285295,14,0.8571428571428571
YIPF1,0.02531051352780474,10,0.9
YIPF2,0.0059926734490420635,14,0.6428571428571429
YIPF3,0.014295724210179892,10,0.8
YIPF4,0.023273623641124286,10,0.7
YIPF5,0.019081837336654042,11,0.7272727272727273
YIPF6,0.011093762826198035,9,0.5555555555555556
YIPF7,0.07166980453803598,1,1.0
YJEFN3,0.02246439887363557,5,0.8
YKT6,0.02472267606885148,8,0.875
YLPM1,0.019142357250867825,12,0.5833333333333334
YME1L1,0.016923585759649466,13,0.9230769230769231
YOD1,-0.01613632415580683,13,0.8461538461538461
YPEL1,0.00877310912015136,14,0.8571428571428571
YPEL2,0.013462639703510146,16,0.5625
YPEL3,0.019787744089866048,13,0.8461538461538461
YPEL4,0.04252924482243484,7,0.8571428571428571
YPEL5,0.021197368598681394,19,0.7368421052631579
YRDC,0.005486328065834044,7,0.7142857142857143
YSK4,0.030064430919474028,1,1.0
YTHDC1,0.021297079924644576,14,0.7142857142857143
YTHDC2,0.020019407234735713,8,0.75
YTHDF1,0.004891478098485463,11,0.9090909090909091
YTHDF2,0.014124458901091323,13,0.5384615384615384
YTHDF3,0.01213402638526878,11,0.6363636363636364
YWHAB,0.010727502573256227,9,0.5555555555555556
YWHAE,0.016121594126612293,4,1.0
YWHAG,0.013012956321300543,13,0.6153846153846154
YWHAH,0.014008635677234253,12,0.8333333333333334
YWHAQ,-0.009306808753958205,9,0.7777777777777778
YWHAZ,0.01820062811450333,27,0.7407407407407407
YY1,0.014321739106067826,10,1.0
YY1AP1,0.013584220823335519,16,0.8125
YY2,0.020406217472983233,9,0.4444444444444444
ZACN,0.042059243082719515,7,1.0
ZADH2,0.019327160091817102,10,1.0
ZAK,0.018997970249535603,17,0.5882352941176471
ZAN,0.026666710182324204,3,0.6666666666666666
ZAP70,0.03733214239402485,24,0.8333333333333334
ZAR1,0.011183906648036111,10,0.7
ZAR1L,0.02478135372081317,9,0.7777777777777778
ZBBX,0.026360271018155332,13,0.6153846153846154
ZBED2,0.005589981398182736,5,0.6
ZBED3,0.022837055469508396,22,0.7727272727272727
ZBED4,0.021973909506230238,14,0.7857142857142857
ZBED5,0.015018422535504323,12,0.8333333333333334
ZBP1,0.02645129295965413,5,0.8
ZBTB1,0.01383017978858207,19,0.6842105263157895
ZBTB10,0.028141719570221747,10,0.7
ZBTB11,0.023828382256103585,11,0.9090909090909091
ZBTB12,0.015774860727739405,35,0.6857142857142857
ZBTB16,0.019583997592720313,15,0.7333333333333333
ZBTB17,0.009597987765208926,18,0.8333333333333334
ZBTB2,0.012850883505101529,10,0.7
ZBTB20,0.022347088677000384,62,0.6612903225806451
ZBTB22,0.030047206476955274,24,0.7916666666666666
ZBTB24,0.027333133737176073,5,0.8
ZBTB25,0.015269887803905039,15,0.6666666666666666
ZBTB26,0.027680361087870576,7,0.8571428571428571
ZBTB3,0.0304396421176807,11,0.8181818181818182
ZBTB32,0.020733207757304084,5,0.8
ZBTB33,0.027535912772167426,10,0.9
ZBTB34,0.02089398766463473,4,0.75
ZBTB37,0.023680372959854812,23,0.8695652173913043
ZBTB38,0.012399671959090431,36,0.75
ZBTB39,0.030898216242814382,8,0.75
ZBTB4,0.01900261190800108,35,0.7428571428571429
ZBTB40,0.012904472618716174,15,0.5333333333333333
ZBTB41,0.02240786643801483,9,0.7777777777777778
ZBTB42,0.019596855546649968,6,0.5
ZBTB43,0.039203018698481404,10,1.0
ZBTB44,0.022774056771552517,20,0.75
ZBTB45,0.017406493116767282,13,0.8461538461538461
ZBTB46,0.03822321427276043,14,0.8571428571428571
ZBTB47,0.02441008060034421,12,0.8333333333333334
ZBTB48,0.014056768722230235,10,0.8
ZBTB5,0.00016305853671544704,10,0.8
ZBTB6,0.0278864583310535,5,0.8
ZBTB7A,0.016633190935003848,30,0.7333333333333333
ZBTB7B,0.01880352790856463,21,0.8571428571428571
ZBTB7C,0.06448017953042633,5,1.0
ZBTB8A,0.030364383660710818,7,1.0
ZBTB8B,0.021868077058016983,14,1.0
ZBTB8OS,0.020314706926040035,13,0.6923076923076923
ZBTB9,0.014156460480869808,38,0.6578947368421053
ZC3H10,0.022967742055258717,14,0.8571428571428571
ZC3H11A,0.015379949539297348,18,0.9444444444444444
ZC3H12A,0.019307442412176544,14,0.7857142857142857
ZC3H12B,0.04239070124634577,4,1.0
ZC3H12C,0.019816896374836943,7,0.7142857142857143
ZC3H12D,0.008694893829591011,16,0.8125
ZC3H13,0.029723866756870432,15,0.8
ZC3H14,0.01633950813433689,20,0.65
ZC3H15,0.018924285901881936,10,0.6
ZC3H18,0.023182763907163225,14,0.8571428571428571
ZC3H3,0.016427044604151324,5,0.6
ZC3H4,0.026397934934749668,11,1.0
ZC3H6,0.026724389240539152,10,0.8
ZC3H7A,-0.162905870688439,6,0.8333333333333334
ZC3H7B,0.030636356331196452,12,1.0
ZC3H8,0.03268859604604164,5,1.0
ZC3HAV1,0.025461695646591374,13,0.8461538461538461
ZC3HAV1L,0.014903466784463769,11,0.9090909090909091
ZC3HC1,0.02099760311938289,10,0.8
ZC4H2,0.0327359827667344,8,0.875
ZCCHC10,0.020140465665171737,5,0.8
ZCCHC11,0.031565335304558705,9,0.7777777777777778
ZCCHC12,0.01939507227104326,11,0.5454545454545454
ZCCHC13,0.03848262569973795,9,0.8888888888888888
ZCCHC14,0.012933658360638582,6,0.8333333333333334
ZCCHC16,0.03280787688083094,15,0.7333333333333333
ZCCHC17,0.009613651459229976,16,0.75
ZCCHC18,0.02495256612131392,8,0.75
ZCCHC2,0.020399670231825488,15,0.8
ZCCHC24,0.024720247707271388,10,0.9
ZCCHC3,0.017023248428005393,12,0.5833333333333334
ZCCHC4,0.014064504740600958,8,0.875
ZCCHC5,-0.01603679918935507,4,0.5
ZCCHC6,0.030455522396247065,5,0.8
ZCCHC7,0.025848804194023543,5,0.8
ZCCHC8,0.018335128915305015,9,0.7777777777777778
ZCCHC9,0.01933848868038624,15,0.5333333333333333
ZCRB1,0.021481905966397458,14,0.6428571428571429
ZCWPW1,0.012565597631634612,20,0.45
ZCWPW2,0.028107992745279937,3,0.6666666666666666
ZDBF2,0.018525947717227754,14,0.7142857142857143
ZDHHC1,0.02325324499554208,10,0.8
ZDHHC11,0.042011043822542504,9,0.8888888888888888
ZDHHC12,0.02893049939186227,7,1.0
ZDHHC13,0.025490364161456922,16,0.8125
ZDHHC14,0.01889939455346826,10,0.6
ZDHHC15,0.044691488295426504,10,0.7
ZDHHC16,0.01217425973227619,17,0.7647058823529411
ZDHHC17,0.01300239072854407,10,0.8
ZDHHC18,0.017119898972295874,6,0.8333333333333334
ZDHHC19,0.03868036381586993,6,1.0
ZDHHC2,0.014994755407120308,5,0.6
ZDHHC20,0.006786125483607531,7,0.5714285714285714
ZDHHC21,0.028331582054241557,8,1.0
ZDHHC22,0.03105502529598433,12,0.9166666666666666
ZDHHC23,0.01773248604190835,8,0.75
ZDHHC24,0.016586076720021332,15,0.7333333333333333
ZDHHC3,-0.010660683937834325,14,0.7857142857142857
ZDHHC4,0.023248917952183076,8,1.0
ZDHHC5,0.023872623149212704,14,0.8571428571428571
ZDHHC6,0.015489959464218028,16,0.6875
ZDHHC7,0.01215848384340816,16,0.875
ZDHHC8,0.021355202032642632,4,0.75
ZDHHC8P,0.019853651618763415,4,0.75
ZDHHC9,0.019879732623660072,15,0.7333333333333333
ZEB1,0.020410754273009313,33,0.696969696969697
ZEB2,0.03510560601554437,20,0.9
ZER1,0.026937477538461943,6,0.8333333333333334
ZFAND1,0.014094694315172955,9,0.4444444444444444
ZFAND2A,0.008211053785842522,16,0.8125
ZFAND2B,0.021496920047958622,7,0.7142857142857143
ZFAND3,0.008453158589674896,6,0.6666666666666666
ZFAND5,0.020162755316148362,8,0.875
ZFAND6,0.020691720368153307,14,0.6428571428571429
ZFAT,0.015285220142406927,12,0.5833333333333334
ZFATAS,0.03189788416352497,4,1.0
ZFC3H1,0.015322553139369723,16,0.625
ZFHX3,0.01618838866281855,45,0.8222222222222222
ZFHX4,0.01686320247271477,24,0.4583333333333333
ZFP1,0.024475330643820254,9,0.7777777777777778
ZFP106,0.0410170128732623,5,1.0
ZFP112,0.03535482182821959,7,1.0
ZFP14,0.03983382518316157,2,1.0
ZFP161,0.0137461097106885,19,0.5789473684210527
ZFP2,0.034978765779911464,12,0.9166666666666666
ZFP28,0.013499022044499796,7,0.42857142857142855
ZFP3,0.0198841274103377,9,0.6666666666666666
ZFP30,0.017168288839142485,8,0.75
ZFP36,0.015350064711107149,9,0.7777777777777778
ZFP36L1,0.021772350490330487,10,0.6
ZFP36L2,0.013031193284731473,32,0.71875
ZFP37,0.013791542174402316,5,0.4
ZFP41,0.014158051544176127,21,0.5238095238095238
ZFP42,0.024764184600871632,17,0.6470588235294118
ZFP57,0.04648552427080064,4,1.0
ZFP62,0.02139854498323782,14,0.7857142857142857
ZFP64,0.020659270829521164,13,0.6153846153846154
ZFP82,0.023812268992834847,10,0.8
ZFP90,0.016017406040496958,8,0.75
ZFP91,0.021933849108057898,17,0.7058823529411765
ZFP91-CNTF,0.021325646585950486,16,0.6875
ZFP92,0.04096288747664099,6,0.8333333333333334
ZFPL1,0.004582876536173933,15,0.4666666666666667
ZFPM1,0.02970936390430792,7,1.0
ZFPM2,0.01987214014660683,7,0.5714285714285714
ZFR,0.021540271221761755,4,0.75
ZFR2,0.023240534591293854,7,0.7142857142857143
ZFX,0.0266668176700333,7,0.8571428571428571
ZFY,0.04259613160151565,18,0.7222222222222222
ZFYVE1,0.022384679856314812,16,0.625
ZFYVE16,0.02201510025953051,15,0.8
ZFYVE19,0.019734878306255844,12,1.0
ZFYVE20,0.017061425568116066,10,0.8
ZFYVE21,0.014041109553378617,7,1.0
ZFYVE26,0.032459015377110864,8,1.0
ZFYVE27,0.02156437763248829,12,0.9166666666666666
ZFYVE28,0.020290469729989553,9,0.7777777777777778
ZFYVE9,0.019736969545030833,12,0.75
ZG16,0.045791361010737226,3,1.0
ZG16B,0.03555203983034316,7,0.8571428571428571
ZGLP1,0.02145430939891452,11,0.7272727272727273
ZGPAT,0.009232878447616345,14,0.6428571428571429
ZHX1,0.027232583888444066,15,0.4666666666666667
ZHX2,0.023013304061837134,45,0.8666666666666667
ZHX3,0.033169866949661855,5,1.0
ZIC1,0.027852166799389504,34,0.8235294117647058
ZIC2,0.02288972804686735,7,1.0
ZIC3,0.027184789173681636,11,0.8181818181818182
ZIC4,0.02030024012866165,35,0.8857142857142857
ZIC5,0.024655039058134053,17,1.0
ZIK1,0.024552434642373454,11,0.6363636363636364
ZIM2,0.043697989877588515,45,0.8666666666666667
ZIM3,0.03571741833943339,6,1.0
ZKSCAN1,0.018182230761689178,13,0.7692307692307693
ZKSCAN2,0.01678628301682336,7,1.0
ZKSCAN3,0.026268414193239116,19,0.6842105263157895
ZKSCAN4,0.02148006300262308,12,0.8333333333333334
ZKSCAN5,0.019179143385737635,17,1.0
ZMAT1,0.036994480253863336,11,0.9090909090909091
ZMAT2,0.03308764648570309,9,1.0
ZMAT3,0.014279413767092006,12,0.6666666666666666
ZMAT4,0.03446690501992653,16,0.9375
ZMAT5,0.01624888017901268,15,0.8
ZMIZ1,-0.003484351906225717,56,0.8571428571428571
ZMIZ2,0.020740165003397634,15,0.7333333333333333
ZMPSTE24,0.01561385789331905,14,0.7857142857142857
ZMYM1,0.017582983436301033,14,0.7857142857142857
ZMYM2,0.015010762200725183,17,0.7058823529411765
ZMYM3,0.027183413490281434,19,0.6842105263157895
ZMYM4,0.025330521791538326,6,0.8333333333333334
ZMYM5,0.019187676160551146,13,0.6923076923076923
ZMYM6,0.026054232915713606,8,1.0
ZMYND10,0.014090707282453995,11,0.5454545454545454
ZMYND11,0.02858325737106812,19,0.9473684210526315
ZMYND12,0.02263954623628134,13,0.5384615384615384
ZMYND15,0.01728339764048945,8,0.75
ZMYND17,-0.012494096086081541,3,0.3333333333333333
ZMYND19,0.01669206165774135,4,0.5
ZMYND8,0.0070813237656218424,8,1.0
ZNF10,0.018883918360161615,14,0.5
ZNF100,0.04884012153928054,5,1.0
ZNF101,0.018987410348326003,9,0.6666666666666666
ZNF107,0.02344102186290355,14,0.5
ZNF114,0.01683575142602929,11,0.7272727272727273
ZNF117,0.024508649814666925,8,0.75
ZNF12,0.008357981801001856,13,0.6923076923076923
ZNF121,0.021094781802155894,15,0.8
ZNF124,0.05925278616197161,3,0.3333333333333333
ZNF131,0.01100864844917754,11,0.7272727272727273
ZNF132,0.02473400114436275,12,0.9166666666666666
ZNF133,0.011439181529578405,14,0.5
ZNF134,0.02023020736568779,12,1.0
ZNF135,0.03045891385192933,10,1.0
ZNF136,0.01516553157925388,10,0.5
ZNF137,0.03839904881746806,4,0.5
ZNF138,0.029150916312581755,10,0.8
ZNF14,0.0181533438513887,11,0.8181818181818182
ZNF140,0.018734665694965544,13,0.6153846153846154
ZNF141,0.030013423726671623,16,0.875
ZNF142,0.01834089117065138,12,0.6666666666666666
ZNF143,0.02265990419392246,16,0.875
ZNF146,0.021947440371059532,24,0.7916666666666666
ZNF148,0.01153073168211347,23,0.6956521739130435
ZNF154,0.03235910365599252,9,0.8888888888888888
ZNF155,0.028420875437386594,11,0.6363636363636364
ZNF157,0.06064333961824243,3,1.0
ZNF16,0.020829462436152347,12,0.9166666666666666
ZNF160,0.015626745942356725,7,0.7142857142857143
ZNF165,0.020904076740387367,12,0.8333333333333334
ZNF167,0.02510994290683163,11,0.7272727272727273
ZNF169,0.027839206340853042,7,0.8571428571428571
ZNF17,0.021872021234964883,12,0.9166666666666666
ZNF174,0.017594771904967683,14,0.5714285714285714
ZNF175,0.0275135083963782,8,0.75
ZNF177,0.022623818986754186,15,0.6666666666666666
ZNF18,0.02493256409444102,10,0.9
ZNF180,0.016921805473404897,11,0.7272727272727273
ZNF181,0.016626182272372916,12,0.6666666666666666
ZNF182,0.03390023927781749,13,0.8461538461538461
ZNF184,0.017906177914040037,13,0.7692307692307693
ZNF185,0.047384523788031416,7,1.0
ZNF187,0.01725154624373504,8,0.75
ZNF189,0.027017843646640213,8,1.0
ZNF19,0.035729707848254924,14,0.8571428571428571
ZNF192,0.02319450816607879,12,0.75
ZNF193,0.017976025347791563,9,0.5555555555555556
ZNF195,0.03184141877310575,12,0.9166666666666666
ZNF197,0.020376343535014753,13,0.6923076923076923
ZNF2,0.02484741776698307,16,0.9375
ZNF20,0.026487418137477466,13,0.7692307692307693
ZNF200,0.02885401396761143,16,0.8125
ZNF202,0.025957920503710433,12,0.6666666666666666
ZNF204P,0.044175674921717485,6,0.8333333333333334
ZNF205,0.03417440119485564,5,0.8
ZNF207,0.027666199194640004,12,0.6666666666666666
ZNF208,0.051962786519174825,3,1.0
ZNF211,0.0268142006218962,10,0.8
ZNF212,0.015621345896679819,9,0.7777777777777778
ZNF213,0.01454190687169908,12,0.8333333333333334
ZNF214,0.023334798300935742,18,0.7222222222222222
ZNF215,0.02320267677872967,16,0.625
ZNF217,0.008348452048308572,9,0.6666666666666666
ZNF219,0.027445687847190245,23,0.8260869565217391
ZNF22,0.024890946867181095,20,0.65
ZNF221,0.03526498652421351,12,0.8333333333333334
ZNF222,0.03282828493857189,12,0.9166666666666666
ZNF223,0.034432522099425954,6,0.8333333333333334
ZNF224,0.023649462739738763,14,0.7857142857142857
ZNF225,0.036124185881879836,18,0.8333333333333334
ZNF226,0.03141565548896405,12,1.0
ZNF227,0.025797008075300804,9,0.7777777777777778
ZNF229,0.02179447678206982,13,0.6923076923076923
ZNF23,0.026029469040757196,13,0.7692307692307693
ZNF230,0.017197594881822598,13,0.8461538461538461
ZNF232,0.019702476827285573,24,0.7916666666666666
ZNF233,0.03507559551099617,8,0.75
ZNF234,0.018752070665093417,12,0.6666666666666666
ZNF235,0.029070548312583294,12,0.6666666666666666
ZNF236,0.03125678332771528,8,0.75
ZNF238,0.021944337580031587,18,0.7222222222222222
ZNF239,0.016090921964864165,18,0.6111111111111112
ZNF24,0.013067751864505409,13,0.6153846153846154
ZNF248,0.024935976735119287,17,0.7647058823529411
ZNF25,0.016271661521996276,12,0.8333333333333334
ZNF250,0.02801798058547501,20,0.75
ZNF251,0.016835442299621278,10,0.8
ZNF252,0.012716794003603624,10,0.8
ZNF253,0.036468391220445005,8,0.875
ZNF254,0.04148389769662433,5,0.8
ZNF256,0.009828700342989513,10,0.8
ZNF257,0.027309698255720827,9,0.7777777777777778
ZNF259,0.014411541846150696,10,0.6
ZNF26,0.020906081861074056,14,0.7857142857142857
ZNF260,0.02897705567216373,13,0.8461538461538461
ZNF263,0.010054012305890361,10,0.5
ZNF264,0.02055964701083728,25,0.72
ZNF266,0.021978555052676176,17,0.8235294117647058
ZNF267,0.020771855257423557,9,0.6666666666666666
ZNF268,0.015009193367218671,11,0.6363636363636364
ZNF271,0.01932902038734333,8,0.875
ZNF273,0.020596134735721954,9,0.4444444444444444
ZNF274,0.032426231807056005,21,0.9523809523809523
ZNF275,0.03692861286823105,10,0.6
ZNF276,0.010575995144715853,13,0.5384615384615384
ZNF277,0.011713140257739651,11,0.7272727272727273
ZNF28,0.046925469681024866,8,0.875
ZNF280A,0.051441588782056825,5,1.0
ZNF280B,0.03205166633192971,11,0.7272727272727273
ZNF280C,0.042274297470681364,14,0.8571428571428571
ZNF280D,0.01884105470540841,10,0.7
ZNF281,0.023680112774596244,9,0.4444444444444444
ZNF282,0.015241717914678113,10,0.9
ZNF283,0.033070473536295004,11,0.9090909090909091
ZNF284,0.026803736264341124,13,0.7692307692307693
ZNF285A,0.02980647197637564,9,0.8888888888888888
ZNF286A,0.035788477920599256,5,0.8
ZNF286B,0.032602507609124504,9,0.6666666666666666
ZNF287,0.016673197159519017,11,0.7272727272727273
ZNF292,0.007876923797144606,6,0.5
ZNF295,0.019831965349486363,16,0.8125
ZNF296,0.018073924804051247,10,0.8
ZNF3,0.025040173184225023,15,0.9333333333333333
ZNF30,0.0398074176675708,7,1.0
ZNF300,0.0231969704187059,10,0.7
ZNF302,0.02020084126021367,13,0.7692307692307693
ZNF304,0.02409609858469077,11,0.9090909090909091
ZNF311,0.030530550173215484,25,0.8
ZNF317,0.03402615804852678,8,1.0
ZNF318,0.026133836508784754,8,0.875
ZNF319,0.02565980466568611,10,1.0
ZNF32,0.008813576374249675,13,0.6153846153846154
ZNF320,0.02101195700937337,5,1.0
ZNF321,0.026673757370478838,12,0.75
ZNF322A,0.022030698557168934,12,0.6666666666666666
ZNF322B,0.049532055224933404,3,1.0
ZNF323,0.026943578608309093,32,0.78125
ZNF324,0.017296870600533157,9,0.6666666666666666
ZNF324B,0.01052702412551714,13,0.8461538461538461
ZNF326,0.007586230355850101,11,0.5454545454545454
ZNF329,0.01681102373987359,11,0.6363636363636364
ZNF330,0.009802651253180413,10,0.4
ZNF331,0.03238120627893144,41,0.7804878048780488
ZNF333,0.023226784966455954,9,0.7777777777777778
ZNF334,0.01691981404069874,9,0.6666666666666666
ZNF335,0.0246031752643345,14,0.9285714285714286
ZNF337,0.016713388449439256,13,0.6923076923076923
ZNF33A,0.01988330605996294,12,0.75
ZNF33B,0.018515255178715294,10,0.7
ZNF34,0.022442443430278663,14,0.8571428571428571
ZNF341,0.01849230294559992,7,0.8571428571428571
ZNF343,0.019189538408241166,16,0.6875
ZNF345,0.022275340316214032,13,0.7692307692307693
ZNF346,0.02305629077075472,11,0.9090909090909091
ZNF347,0.020141676108826185,15,0.6
ZNF35,0.027650052031496807,13,0.7692307692307693
ZNF350,0.039642380310656936,15,0.8666666666666667
ZNF354A,0.012001448640185217,12,0.4166666666666667
ZNF354B,0.01775902079614926,12,0.8333333333333334
ZNF354C,0.013339757934643797,14,0.7857142857142857
ZNF358,0.00668427338060381,8,0.625
ZNF362,0.024060799912830815,12,0.9166666666666666
ZNF365,0.012572251081537165,27,0.6666666666666666
ZNF366,0.022523033564238622,10,0.8
ZNF367,0.021003922890959474,7,0.7142857142857143
ZNF37A,0.019698383077861207,16,0.875
ZNF37B,0.02454163309936361,11,0.6363636363636364
ZNF382,0.023408462692296694,12,0.5
ZNF383,0.009934251521964976,2,0.0
ZNF384,0.018931867137347597,19,0.7894736842105263
ZNF385A,0.016999227607657586,11,0.5454545454545454
ZNF385B,0.017454048514481638,25,0.72
ZNF385D,0.009611418533625737,8,0.75
ZNF389,0.017298461828919975,11,0.8181818181818182
ZNF391,0.029777182163581488,16,0.875
ZNF394,0.017662503964588537,9,0.7777777777777778
ZNF395,0.024755981099165006,18,0.7777777777777778
ZNF396,0.025939848345443436,11,0.7272727272727273
ZNF397,0.02177458057186572,12,0.75
ZNF397OS,0.019525061614334607,25,0.68
ZNF398,0.026080889293999845,26,0.8461538461538461
ZNF404,0.04529942766196847,2,1.0
ZNF407,0.0029900497954577165,5,0.0
ZNF408,0.008737015113484207,11,0.6363636363636364
ZNF41,0.020760748298948393,15,0.8
ZNF410,0.020935668512777797,8,0.625
ZNF414,0.021904091676930176,7,0.7142857142857143
ZNF415,0.022035776527005446,13,0.6923076923076923
ZNF416,0.010638949376137512,12,0.6666666666666666
ZNF417,0.018267531517249167,8,0.875
ZNF418,0.021697698870364216,14,0.9285714285714286
ZNF419,0.021550472413795627,11,1.0
ZNF420,0.01808393622194545,15,0.6666666666666666
ZNF423,0.03300393713412269,5,1.0
ZNF425,0.024498807848810544,8,1.0
ZNF426,0.01977331291413133,12,0.5833333333333334
ZNF428,0.020771117403526062,15,0.7333333333333333
ZNF429,0.036746516858593,6,0.8333333333333334
ZNF43,0.0303581668943257,6,1.0
ZNF430,0.02325829773869115,6,1.0
ZNF431,0.017370227066250004,9,0.5555555555555556
ZNF432,0.017544855589590912,11,1.0
ZNF433,0.02091498086613073,13,0.9230769230769231
ZNF434,0.017055298875674373,15,0.5333333333333333
ZNF436,0.02764207024816518,21,0.9047619047619048
ZNF438,-0.0016591694427983506,31,0.5483870967741935
ZNF439,0.019630566288481227,2,1.0
ZNF44,0.025209974867274405,10,0.9
ZNF440,0.01772232839442183,10,0.8
ZNF441,0.015166075978909174,8,0.375
ZNF442,0.018395908981610896,11,0.9090909090909091
ZNF443,0.025550948244365983,5,0.8
ZNF444,0.023913025388173862,12,0.5833333333333334
ZNF445,0.03598433345237712,14,0.9285714285714286
ZNF446,0.0215939379462549,12,0.9166666666666666
ZNF449,0.04141981094324074,16,0.75
ZNF45,0.021077633491283363,7,0.7142857142857143
ZNF451,0.009964835950265552,10,0.6
ZNF454,0.021036459911557746,13,0.7692307692307693
ZNF460,0.005572909930120245,12,0.5
ZNF461,0.020060424122936064,13,0.6153846153846154
ZNF462,0.016610084585190973,7,0.5714285714285714
ZNF467,0.013855807756975445,12,0.6666666666666666
ZNF468,0.04178988161789888,7,0.8571428571428571
ZNF469,0.02011221018174557,9,0.7777777777777778
ZNF470,0.02532718742825799,11,0.9090909090909091
ZNF471,0.014936681655592813,10,0.3
ZNF473,0.029078305064844802,15,1.0
ZNF474,0.023625368286047492,5,0.8
ZNF479,0.03131960639372133,4,0.75
ZNF48,0.01796099777646389,9,0.8888888888888888
ZNF480,0.02650519762411283,12,0.5833333333333334
ZNF483,0.049003706210480114,4,1.0
ZNF484,0.031750557156786256,3,0.6666666666666666
ZNF485,0.030717403335414038,12,0.8333333333333334
ZNF486,0.028014124334857532,10,0.9
ZNF487,0.011576980366248438,7,0.7142857142857143
ZNF488,0.019244674005552794,15,0.6
ZNF490,0.021461400920698117,14,0.7142857142857143
ZNF491,0.029951463580912836,10,0.8
ZNF492,0.030495777236284903,13,0.7692307692307693
ZNF493,0.033748723007506316,11,1.0
ZNF496,0.013227549956584818,15,0.7333333333333333
ZNF497,0.01799632161874468,11,0.8181818181818182
ZNF498,0.01044256399695731,15,0.7333333333333333
ZNF500,0.01708582915288959,9,0.8888888888888888
ZNF501,0.021611674419650007,12,0.8333333333333334
ZNF502,0.024948240452608902,15,0.6
ZNF503,0.014360981890032917,14,0.7857142857142857
ZNF506,0.03655514938962485,9,0.8888888888888888
ZNF507,0.015184948172443587,15,0.6
ZNF509,0.0099277229318622,18,0.6666666666666666
ZNF510,0.03615163129107511,5,0.8
ZNF511,0.0124428464605636,12,0.6666666666666666
ZNF512,0.024192888916088957,10,0.6
ZNF512B,0.029738493543384165,6,0.8333333333333334
ZNF513,0.011061075643466547,12,0.5833333333333334
ZNF514,0.014663263647829336,13,0.8461538461538461
ZNF516,0.02533682970370699,15,0.9333333333333333
ZNF517,0.023175549159572144,8,0.625
ZNF518A,0.03171846794947461,11,0.7272727272727273
ZNF518B,0.02002326897481168,20,0.7
ZNF519,0.02921455075628209,8,0.875
ZNF521,0.019410489258150126,7,0.5714285714285714
ZNF524,0.014884449730951698,9,0.7777777777777778
ZNF525,0.011653489271319886,3,0.6666666666666666
ZNF526,0.02183283548770962,13,0.8461538461538461
ZNF527,0.020822013132702186,11,0.8181818181818182
ZNF528,0.023376576380087898,15,0.8
ZNF529,0.019367884279216294,27,0.7037037037037037
ZNF530,0.018074566967443844,8,0.75
ZNF532,0.024949606898575925,16,0.75
ZNF534,0.03543517154064495,4,0.75
ZNF536,0.037890289053581355,18,0.7777777777777778
ZNF540,0.01993741172865849,20,0.6
ZNF541,0.03750187169975703,5,1.0
ZNF542,0.021799913028072045,11,0.6363636363636364
ZNF543,0.0178929896644752,13,0.6923076923076923
ZNF544,0.013329209527536292,14,0.5
ZNF546,0.016623061309315804,13,0.6153846153846154
ZNF547,0.025797539664837922,14,0.9285714285714286
ZNF548,0.02750546423640989,8,0.875
ZNF549,0.020645591679952776,11,0.6363636363636364
ZNF550,0.033648873661896846,5,0.8
ZNF551,0.027654722899937673,10,0.9
ZNF552,0.025523622064789506,11,1.0
ZNF554,0.013361606813377095,10,0.3
ZNF555,0.014994382882517688,10,0.7
ZNF556,0.01969220781073432,7,0.7142857142857143
ZNF557,0.017589574823144476,13,0.6923076923076923
ZNF558,0.03143703049188937,4,1.0
ZNF559,0.021125389139549016,14,0.7857142857142857
ZNF560,0.03213207820072272,14,0.8571428571428571
ZNF561,0.0077871767280061266,11,0.5454545454545454
ZNF562,0.018990770657866703,12,0.75
ZNF563,0.020102371946942334,11,0.8181818181818182
ZNF564,0.02734628203455179,9,1.0
ZNF565,0.02202909735509773,19,0.8421052631578947
ZNF566,0.016719250676695538,20,0.8
ZNF567,0.019091958276552867,3,1.0
ZNF568,0.021705153385106434,17,0.7058823529411765
ZNF569,0.024533909557789592,13,0.8461538461538461
ZNF57,0.008503477539560936,13,0.6153846153846154
ZNF570,0.022703059525317832,14,0.6428571428571429
ZNF571,0.012427169543089013,11,0.45454545454545453
ZNF572,0.015554170776955468,8,0.625
ZNF573,0.026146906430305972,10,0.9
ZNF574,0.014285923390489862,12,0.6666666666666666
ZNF575,0.01302753509276532,11,0.6363636363636364
ZNF576,0.01619033204726173,19,0.6842105263157895
ZNF577,0.03212078612232527,15,0.8
ZNF578,0.022741306170730065,20,0.7
ZNF579,0.02645588955012051,6,1.0
ZNF580,0.018728614259836882,15,0.7333333333333333
ZNF581,0.013499798442859524,13,0.7692307692307693
ZNF582,0.02167460734319648,13,0.7692307692307693
ZNF583,0.013280975609819232,14,0.7857142857142857
ZNF584,0.01858532382628121,11,0.8181818181818182
ZNF585A,0.0173722837239993,14,0.7857142857142857
ZNF585B,0.014507674965220735,10,0.6
ZNF586,0.013087854457514298,11,0.5454545454545454
ZNF587,0.020251444766141827,6,1.0
ZNF589,0.017326229046703612,10,0.7
ZNF592,-0.0010290553933213174,8,0.875
ZNF593,0.018688069851072846,14,0.6428571428571429
ZNF594,0.009845761811425865,14,0.42857142857142855
ZNF595,0.03616887375272024,9,0.7777777777777778
ZNF596,0.018433109303455514,8,0.625
ZNF597,0.037440248932822766,11,0.8181818181818182
ZNF598,0.00795650659403244,8,0.625
ZNF599,0.023261264934339925,14,0.7857142857142857
ZNF600,0.020547464931751868,9,0.7777777777777778
ZNF605,0.02194289145311979,20,0.8
ZNF606,0.024090420867859598,11,0.6363636363636364
ZNF607,0.0227418827321097,11,0.9090909090909091
ZNF608,0.025450400160457184,4,1.0
ZNF609,0.019225692442064096,4,1.0
ZNF610,0.02627186692027341,20,0.7
ZNF611,0.01784783853883596,21,0.7142857142857143
ZNF613,0.025777726082740437,10,0.9
ZNF614,0.023183225220974553,9,0.6666666666666666
ZNF615,0.03015300554180422,14,0.7142857142857143
ZNF616,0.01550131149525139,14,0.5714285714285714
ZNF619,0.013938331232818527,10,0.7
ZNF620,0.01895157889354249,11,0.9090909090909091
ZNF621,0.01845978522489514,11,0.9090909090909091
ZNF622,0.01766600214650211,11,0.7272727272727273
ZNF623,0.011883955493647042,14,0.7142857142857143
ZNF624,0.022151069248346988,9,0.6666666666666666
ZNF625,0.022910746903979436,9,0.6666666666666666
ZNF626,0.020712517784707247,3,0.6666666666666666
ZNF627,0.017262544925885512,9,0.7777777777777778
ZNF628,0.020768164724702592,15,0.9333333333333333
ZNF629,0.022227556693358255,10,1.0
ZNF630,0.03985596508473143,9,0.6666666666666666
ZNF638,0.023373746426996377,11,0.7272727272727273
ZNF639,0.012509391464971079,12,0.8333333333333334
ZNF641,0.024446198394930927,9,1.0
ZNF642,0.017622467487779712,9,0.7777777777777778
ZNF643,0.009698099236374396,11,0.5454545454545454
ZNF644,0.022400217596968943,17,0.7647058823529411
ZNF645,0.029442736302398513,8,0.75
ZNF646,0.014910612026890183,16,0.8125
ZNF648,0.04309811740532104,7,0.8571428571428571
ZNF649,0.026289643574845336,12,0.75
ZNF652,0.02300968491752174,12,0.75
ZNF653,0.012834041146957506,10,0.8
ZNF654,0.016075555653977197,4,0.0
ZNF655,0.017881337982090677,17,0.6470588235294118
ZNF658,0.029920283808901365,3,1.0
ZNF660,0.014943114835907018,12,0.75
ZNF662,0.037222862553812214,13,0.9230769230769231
ZNF664,0.014837603743719903,15,0.6
ZNF665,0.02182642763177981,14,0.8571428571428571
ZNF667,0.021442208657114763,14,0.7857142857142857
ZNF668,0.012360425256867313,20,0.75
ZNF669,0.02707458833971154,9,0.7777777777777778
ZNF670,0.027449395009281917,8,0.75
ZNF671,0.014064385712977653,7,0.8571428571428571
ZNF672,0.021099641041541165,20,0.8
ZNF673,0.02718712499831616,15,0.7333333333333333
ZNF674,0.03354000148502559,15,0.7333333333333333
ZNF675,0.027107218573760153,6,0.6666666666666666
ZNF677,0.018912854712069084,10,0.4
ZNF678,0.027385086222528537,10,1.0
ZNF679,0.04887443626982248,5,1.0
ZNF680,0.03290377675135356,11,0.8181818181818182
ZNF681,0.03163923190284326,9,0.6666666666666666
ZNF682,0.023012630716426844,12,0.6666666666666666
ZNF683,0.02833973789063244,7,1.0
ZNF684,0.030715244218222946,14,0.5714285714285714
ZNF687,0.018910013704010967,13,0.7692307692307693
ZNF688,0.01809714940368644,18,0.7222222222222222
ZNF689,0.025177688253590656,6,0.8333333333333334
ZNF69,0.010723194469819645,11,0.8181818181818182
ZNF691,0.021133541147364304,13,1.0
ZNF692,0.022389156388213052,12,0.8333333333333334
ZNF695,0.023148792057296565,10,0.9
ZNF696,0.01545102641803393,14,0.5
ZNF697,0.025038030696450036,20,0.85
ZNF699,0.013372929045800327,4,0.5
ZNF7,0.025479610869334934,12,0.75
ZNF70,0.01620118915664551,12,0.8333333333333334
ZNF700,0.02268968428125228,10,0.9
ZNF701,0.021953741446123654,12,0.8333333333333334
ZNF702P,0.009685554638984229,6,0.6666666666666666
ZNF703,0.01590793341098426,15,0.6666666666666666
ZNF704,0.020705772694234067,11,0.9090909090909091
ZNF705A,0.04080176232634826,4,1.0
ZNF705D,0.040541807571316146,3,1.0
ZNF705G,0.032704557654199384,1,1.0
ZNF706,0.011593709607275742,15,0.4
ZNF707,0.015636802156303992,8,0.75
ZNF708,0.023741240526769358,9,0.6666666666666666
ZNF709,0.02422596095056226,33,0.8787878787878788
ZNF71,0.02281205181846833,9,0.6666666666666666
ZNF710,0.021450292999396933,24,0.7916666666666666
ZNF711,0.017545490117630087,11,0.6363636363636364
ZNF713,0.04293440685545225,6,0.8333333333333334
ZNF714,0.04233575340128889,8,0.75
ZNF716,0.037240024731952655,6,0.6666666666666666
ZNF717,0.03009560608627403,12,0.8333333333333334
ZNF718,0.03616887375272024,9,0.7777777777777778
ZNF720,0.021105422106161717,11,0.7272727272727273
ZNF721,0.023854633870343783,24,0.8333333333333334
ZNF727,0.0375675997479979,8,0.875
ZNF732,0.034695218018264994,3,0.6666666666666666
ZNF735,0.02456860265100098,8,0.5
ZNF737,0.01897438202206032,6,0.6666666666666666
ZNF738,0.03204837497410485,8,1.0
ZNF74,0.01195827318464487,10,0.5
ZNF740,0.009386251581348728,14,0.7142857142857143
ZNF746,0.023539376854496273,7,0.5714285714285714
ZNF747,0.016361206809406437,7,0.5714285714285714
ZNF749,0.019546707052826767,11,0.8181818181818182
ZNF750,0.012374816750763786,24,0.75
ZNF75A,0.019215144830206345,10,0.8
ZNF75D,0.04281799683164008,23,0.8260869565217391
ZNF76,0.017518551975997085,12,0.8333333333333334
ZNF761,0.015520464126529205,14,0.7142857142857143
ZNF763,0.024126433414678444,10,1.0
ZNF764,0.012098126667636572,12,0.5
ZNF765,0.034094561827563534,7,0.8571428571428571
ZNF766,0.023388099591519003,8,0.75
ZNF767,0.02147518481509622,7,0.7142857142857143
ZNF768,0.014171563353092345,10,0.8
ZNF77,0.020118218706219094,10,0.7
ZNF770,0.023260389856878505,13,0.8461538461538461
ZNF771,0.024943190810967665,5,0.8
ZNF772,0.024242611428395296,10,0.8
ZNF773,0.01459376346311761,9,0.6666666666666666
ZNF774,0.025426667367191052,13,0.9230769230769231
ZNF775,0.019356974697791237,12,0.8333333333333334
ZNF776,0.020612251013103815,9,0.8888888888888888
ZNF777,0.018634953180321788,16,0.6875
ZNF778,0.01569063392294134,11,0.6363636363636364
ZNF780A,0.02445182321935218,10,0.9
ZNF780B,0.021082399706504898,9,0.5555555555555556
ZNF781,0.019136439043647993,13,0.8461538461538461
ZNF782,0.021019240359851175,7,1.0
ZNF783,0.016563902736668686,3,0.3333333333333333
ZNF784,0.01766614686835258,9,0.7777777777777778
ZNF785,0.02014223056823469,7,1.0
ZNF786,0.010303367615782077,6,0.5
ZNF787,0.02090835029790722,14,0.7142857142857143
ZNF788,0.027794464992500035,5,1.0
ZNF789,0.015830394150590416,14,0.6428571428571429
ZNF79,0.02779287503732883,8,1.0
ZNF790,0.02434269572252068,17,0.9411764705882353
ZNF791,0.02381522612106707,11,0.7272727272727273
ZNF792,0.016849527898764052,10,0.7
ZNF793,0.022521173902506963,14,0.9285714285714286
ZNF799,0.023292847848023875,11,1.0
ZNF8,0.030186406919170437,12,1.0
ZNF80,0.026159954818942118,7,0.8571428571428571
ZNF800,0.02589465882946047,10,0.6
ZNF804A,0.031185485242615555,13,0.7692307692307693
ZNF804B,0.03305183777999241,10,0.9
ZNF805,0.010938768478203652,13,0.7692307692307693
ZNF808,0.02662633791440825,20,0.9
ZNF81,0.022972630949451615,13,0.6153846153846154
ZNF813,0.013789792324192262,10,0.7
ZNF814,0.03502619519107266,7,0.8571428571428571
ZNF815,0.048357958077480494,7,0.8571428571428571
ZNF816A,0.026645107249050132,18,0.7777777777777778
ZNF821,0.022056558287880258,7,1.0
ZNF823,0.02019741731056301,8,0.875
ZNF826,0.027519394005965234,6,0.8333333333333334
ZNF827,0.03511440532639398,4,1.0
ZNF828,0.0073721695412590355,12,0.5
ZNF829,0.02248797399424117,16,0.75
ZNF83,0.019692814317984555,17,0.7647058823529411
ZNF830,0.022802752806792358,19,0.8421052631578947
ZNF831,0.03317656487061955,12,0.75
ZNF833,0.023523716052573338,9,0.7777777777777778
ZNF835,0.044727480278601635,3,1.0
ZNF836,0.02702051583696835,14,0.7142857142857143
ZNF837,0.022102158923607187,12,0.6666666666666666
ZNF839,0.026428250446704132,6,1.0
ZNF84,0.022380329066617594,12,0.75
ZNF841,0.026990442222370892,10,0.7
ZNF843,0.02690959552433678,12,0.5833333333333334
ZNF844,0.02824887429865152,9,0.7777777777777778
ZNF845,0.020857711600102538,11,0.8181818181818182
ZNF846,0.020852832898924454,12,0.9166666666666666
ZNF85,0.03158318719027237,9,1.0
ZNF853,0.019781230471651413,5,0.6
ZNF860,0.029290464561548907,17,0.7647058823529411
ZNF862,0.00854522125274141,10,0.8
ZNF876P,0.021219906219373565,7,0.7142857142857143
ZNF878,0.029563304574946214,7,0.7142857142857143
ZNF879,0.01793972355513878,9,0.6666666666666666
ZNF880,0.014206107904387394,7,0.42857142857142855
ZNF90,0.01891843232843134,5,0.6
ZNF91,0.02238338573616562,6,0.8333333333333334
ZNF92,0.030244571569567044,15,0.7333333333333333
ZNF93,0.027877512707725913,4,0.75
ZNF98,0.03087993481905758,6,0.8333333333333334
ZNF99,0.01719304950784345,1,1.0
ZNFX1,0.01028266358810952,26,0.5769230769230769
ZNHIT1,0.010727564273680709,18,0.7222222222222222
ZNHIT2,0.02017727714828288,14,0.7857142857142857
ZNHIT3,0.022321597038335753,11,1.0
ZNHIT6,0.011870210384314428,12,0.6666666666666666
ZNRD1,0.021065602877222693,38,0.7368421052631579
ZNRF1,0.014352883843155521,9,0.8888888888888888
ZNRF2,0.021118860781414495,11,0.8181818181818182
ZNRF3,0.013069747212278528,9,0.7777777777777778
ZNRF4,0.027938556566511275,12,0.8333333333333334
ZP1,0.01823143379805515,5,0.6
ZP2,0.0426399368040282,3,1.0
ZP3,0.03088804697330973,25,0.88
ZP4,0.05717919925062629,5,1.0
ZPBP,0.02522018706289499,9,0.6666666666666666
ZPBP2,0.024098418897570178,6,0.6666666666666666
ZRANB1,0.025390137296779792,6,0.5
ZRANB2,0.028271094755291784,9,0.7777777777777778
ZRANB3,0.02928345817865779,20,0.9
ZRSR2,0.025512095060781653,8,0.875
ZSCAN1,0.01248338836163824,12,0.75
ZSCAN10,0.047576376796738436,8,0.875
ZSCAN12,0.01809514885722383,10,0.8
ZSCAN12L1,0.00881410075842833,8,0.75
ZSCAN16,0.01717644596215096,9,0.5555555555555556
ZSCAN18,0.023214816219712057,26,0.7307692307692307
ZSCAN2,0.017842081626995555,16,0.8125
ZSCAN20,0.014015028965160832,13,0.8461538461538461
ZSCAN21,0.017661190662654938,12,0.6666666666666666
ZSCAN22,-0.017905296258197843,13,0.6923076923076923
ZSCAN23,0.020563634652149995,12,0.5833333333333334
ZSCAN29,0.02435514176479269,13,0.8461538461538461
ZSCAN4,0.041789599798337775,6,0.8333333333333334
ZSCAN5A,0.02358623329555164,10,1.0
ZSCAN5B,0.035561914482974195,4,0.75
ZSWIM1,0.02669203193392055,10,0.9
ZSWIM2,0.020922469859300772,11,0.6363636363636364
ZSWIM3,0.024781869769477067,10,0.9
ZSWIM4,0.017692350026188592,8,0.75
ZSWIM5,0.018441762021306294,13,0.6153846153846154
ZSWIM6,0.01824698923677311,11,0.9090909090909091
ZSWIM7,0.015142162462224877,6,0.6666666666666666
ZUFSP,0.023823995499940877,7,0.7142857142857143
ZW10,0.018376124161043176,11,0.8181818181818182
ZWILCH,0.027720490654893407,11,0.8181818181818182
ZWINT,0.02275521832720708,11,1.0
ZXDA,0.04123859794700123,9,0.7777777777777778
ZXDB,0.0228477314448465,9,0.5555555555555556
ZXDC,0.01927759178408467,13,0.9230769230769231
ZYG11A,0.02005630999911251,6,0.8333333333333334
ZYG11B,0.04038604661334056,5,1.0
ZYX,0.009420770789440983,11,0.5454545454545454
ZZEF1,0.014910298933646815,17,0.7647058823529411
ZZZ3,0.02657728066688586,16,0.9375
psiTPTE22,0.014367595703856628,6,0.8333333333333334
