null_type,rho
unmatched,0.18731685731430658
unmatched,0.07040514221960978
unmatched,0.08337418432554049
unmatched,0.23767593601073356
unmatched,0.20036793998288124
unmatched,0.09362031071702086
unmatched,0.15677192425769754
unmatched,0.10377340456897269
unmatched,0.09488230559100493
unmatched,0.07068180383191543
unmatched,-0.004236242208242908
unmatched,0.0349569017230803
unmatched,-0.012712205708243432
unmatched,0.11480187832833
unmatched,0.1265811196217714
unmatched,0.13240763180040244
unmatched,0.08938271055331112
unmatched,0.02530341440802383
unmatched,0.01626813534727035
unmatched,0.16102613193991913
unmatched,0.12435462552162706
unmatched,0.03983756703119257
unmatched,-0.012688711120579536
unmatched,0.19450322456191096
unmatched,0.13251610900177596
unmatched,0.13136106897333316
unmatched,0.08530390976943147
unmatched,0.05677211655673609
unmatched,0.1267962600791595
unmatched,0.17634917546985962
unmatched,-0.09990466277250282
unmatched,0.2954370827730551
unmatched,0.2395143588751941
unmatched,0.16899569710869602
unmatched,0.09203852533628319
unmatched,0.13627645164855934
unmatched,0.18385108723900667
unmatched,0.12131661298640435
unmatched,0.004217076901693985
unmatched,0.07805851556657174
unmatched,0.051172048154672696
unmatched,0.14644008933034974
unmatched,0.10651405288329494
unmatched,0.2867060009559345
unmatched,0.05369878905435025
unmatched,0.03918634905337232
unmatched,-0.03457862748200377
unmatched,0.13876744848335018
unmatched,0.12192527250435148
unmatched,0.11497744826190404
unmatched,0.248090753803188
unmatched,0.13014547599926163
unmatched,-0.025347307134446842
unmatched,0.08937459802497365
unmatched,0.009348209846265344
unmatched,-0.06706076227337336
unmatched,0.0807480948231648
unmatched,0.06468093541814673
unmatched,-0.012925808885921085
unmatched,0.01522283796633507
unmatched,0.1600728699669198
unmatched,-0.007071564537735042
unmatched,0.13035058910590655
unmatched,0.10389115993269228
unmatched,0.019524855604902483
unmatched,0.16273825041286857
unmatched,0.21618191795493075
unmatched,0.2078947459912881
unmatched,0.05498932105554093
unmatched,0.08713735744567966
unmatched,0.06543270855311595
unmatched,0.056804696707172336
unmatched,0.044658517737524266
unmatched,0.03878766878838991
unmatched,0.181719306837387
unmatched,0.002787092228521677
unmatched,0.0028450606620235666
unmatched,0.0978544294413104
unmatched,0.1636824362790227
unmatched,0.03890570570540446
unmatched,0.16405829457933874
unmatched,0.14561854480961473
unmatched,0.0003291227257357499
unmatched,0.05093254949173257
unmatched,0.03344997279598921
unmatched,0.21657062467842003
unmatched,0.04611297337553537
unmatched,0.20131995994195484
unmatched,0.05941617578870767
unmatched,0.08874581744775045
unmatched,0.05444388561607841
unmatched,0.13688709555674894
unmatched,0.015190542389404055
unmatched,0.11900654402940433
unmatched,0.13488258902761638
unmatched,0.28547356621774295
unmatched,0.07296518610115141
unmatched,0.11152116727993644
unmatched,0.11474624255896688
unmatched,0.18493767069840752
unmatched,0.06768284416122226
unmatched,0.07777373456196521
unmatched,0.09593719615374977
unmatched,0.09375057953113951
unmatched,0.18409438230829606
unmatched,0.0950863349599545
unmatched,-0.009786298529861712
unmatched,0.006068244582901091
unmatched,0.09646697799080647
unmatched,0.09334481680325142
unmatched,0.12108689177561524
unmatched,0.03239163628401531
unmatched,0.08513303740959344
unmatched,0.09500799870871617
unmatched,0.08946064372558098
unmatched,0.02262544139077719
unmatched,0.18838309009912008
unmatched,0.1580451161861307
unmatched,0.12145754963449985
unmatched,0.1982422452166598
unmatched,-0.012336400312212552
unmatched,0.06647007799210923
unmatched,0.15402738990378945
unmatched,0.06149219657618026
unmatched,0.23342187211540383
unmatched,0.12900853735216783
unmatched,0.11365144227952767
unmatched,0.0867761271637731
unmatched,0.07515018430657462
unmatched,0.21876182446771988
unmatched,-0.0036445957135303715
unmatched,0.09166251377459671
unmatched,0.11295607649086387
unmatched,0.28014775207968784
unmatched,0.1953397811966156
unmatched,0.07801046516923586
unmatched,0.18562306262622047
unmatched,0.15982373400160788
unmatched,0.17383892506884208
unmatched,0.027226312888636486
unmatched,0.10439117269071217
unmatched,0.1765561481053237
unmatched,0.11320857487311282
unmatched,0.030847134489288018
unmatched,0.026625269691178236
unmatched,0.08672388539917349
unmatched,0.0957423571463294
unmatched,-0.11066841891493161
unmatched,0.011729364137415061
unmatched,0.15577682132907922
unmatched,0.04532132068588819
unmatched,-0.012932967595275756
unmatched,0.14094340489655574
unmatched,0.1358902300481543
unmatched,0.10884821251011217
unmatched,0.14496987965910993
unmatched,0.14491687933500694
unmatched,0.056694026676581445
unmatched,0.07852542469610896
unmatched,-0.04323779956592866
unmatched,0.02843298710692809
unmatched,0.0020362480004474026
unmatched,0.08603465189950846
unmatched,0.023838129334404153
unmatched,0.1332713707546775
unmatched,0.1761346386091567
unmatched,0.053784364204577696
unmatched,0.14547281358810235
unmatched,0.032935073819434155
unmatched,0.0658001172936158
unmatched,0.14394903794402095
unmatched,0.14588947687691858
unmatched,0.006828693376906725
unmatched,0.12158875071814804
unmatched,-0.02121540666049459
unmatched,0.06808719732429283
unmatched,0.16390444709158872
unmatched,-0.036470616941967474
unmatched,0.020193989391507777
unmatched,0.12174739878422888
unmatched,-0.04114621605753404
unmatched,0.023903729203447258
unmatched,0.04062446766888997
unmatched,-0.013871633943931748
unmatched,0.14446170658801039
unmatched,0.12705590318462767
unmatched,-0.04006870017341588
unmatched,0.08352179392970628
unmatched,0.15596940124122896
unmatched,0.040672660788841374
unmatched,0.023350378038473552
unmatched,0.08564842582426814
unmatched,-0.018010292101294074
unmatched,0.08624831817393562
unmatched,0.16040341185265397
unmatched,0.23561150766499825
unmatched,0.029991545747785415
unmatched,0.13792388128652336
unmatched,0.10645391069266574
unmatched,0.16519719642308045
unmatched,0.13446654850924428
unmatched,0.18159873358762535
unmatched,0.21214651373678486
unmatched,0.14582784060272913
unmatched,0.22223445509864365
unmatched,0.019768781085439793
unmatched,-0.0512745778006884
unmatched,0.023741472612894797
unmatched,-0.01701016948295056
unmatched,0.10393362433054744
unmatched,0.08474544871672621
unmatched,0.10521143572782984
unmatched,0.1110900575111944
unmatched,-0.008817961894587525
unmatched,0.18354911960286296
unmatched,0.17383365515968108
unmatched,-3.418783612431089e-05
unmatched,-0.0324236689659976
unmatched,0.16787185928989914
unmatched,0.11763414070172601
unmatched,0.05310202207154396
unmatched,0.12317359990585781
unmatched,-0.011740463965668286
unmatched,0.12477008867936049
unmatched,0.07117930622884278
unmatched,0.060081609195440706
unmatched,0.09714857015563398
unmatched,0.0893331247529676
unmatched,0.03706661077173657
unmatched,0.024670896345633575
unmatched,0.08432168329979943
unmatched,0.0105441087141893
unmatched,-0.005391761760878541
unmatched,0.08222645215850236
unmatched,0.0987876027436453
unmatched,0.04852255888471422
unmatched,0.09131477666385997
unmatched,0.022297655169858016
unmatched,-0.045188219571006105
unmatched,0.06406636328843487
unmatched,-0.00822329919375104
unmatched,0.10633302469200129
unmatched,0.13353977168368375
unmatched,0.0391088999908712
unmatched,-0.08060938333189145
unmatched,0.11238596437627918
unmatched,0.03419995550030508
unmatched,0.14494075436110238
unmatched,0.07613734343280254
unmatched,0.12800427017822627
unmatched,0.13385747401022677
unmatched,0.13289595234637672
unmatched,0.19712288413173254
unmatched,0.11316597966226974
unmatched,0.12781060942390796
unmatched,0.10001182210717313
unmatched,0.15198804962561577
unmatched,0.07890843651500569
unmatched,0.004867285353552649
unmatched,0.11848073234312095
unmatched,-0.08523590498209024
unmatched,-0.12744305563074385
unmatched,0.15575382454556863
unmatched,0.048111626826642995
unmatched,0.17138306024096917
unmatched,0.039782331214093504
unmatched,0.02777568538382133
unmatched,-0.057734606229589515
unmatched,0.1100773046935369
unmatched,0.13270120284353795
unmatched,0.13553804631525868
unmatched,0.15452046412894835
unmatched,0.07560156183386177
unmatched,-0.05598753490746055
unmatched,-0.06468816838274191
unmatched,0.17824339789479027
unmatched,0.1186319683481204
unmatched,0.06892777166186273
unmatched,0.06045649189793569
unmatched,0.12793953361799773
unmatched,0.026791803647618195
unmatched,-0.051410425917584046
unmatched,0.09549845959919308
unmatched,-0.00395130261494871
unmatched,0.058535923880708045
unmatched,0.16384810679509826
unmatched,0.10034432065481488
unmatched,0.13334743380687394
unmatched,-0.019459482637972102
unmatched,0.04649260092367105
unmatched,0.037439265716013095
unmatched,0.021870311662905657
unmatched,-0.05567791803034512
unmatched,0.14463378882340905
unmatched,0.1860143182903613
unmatched,0.0009641776706318382
unmatched,0.033072786189076185
unmatched,0.07466598847667054
unmatched,0.11174102190026189
unmatched,-0.00421807415305639
unmatched,0.13035513036662785
unmatched,0.10345043412990786
unmatched,0.16754952689441846
unmatched,0.059915714024041535
unmatched,-0.0022105651690258266
unmatched,0.2293999884720521
unmatched,0.2839362527271514
unmatched,0.07006786142158176
unmatched,0.2475261868321341
unmatched,0.19093879417881102
unmatched,0.1212987374220291
unmatched,0.1883573817406161
unmatched,0.19710613868396434
unmatched,0.12738965366084598
unmatched,0.15925814543378486
unmatched,0.045845723809594625
unmatched,0.16917877915710994
unmatched,0.1494546070410676
unmatched,0.1078759265208461
unmatched,-0.05515573227991657
unmatched,0.02840380347781766
unmatched,0.1959789242474678
unmatched,0.0165920428466367
unmatched,0.0302868399322832
unmatched,0.11332121471686099
unmatched,0.02143818243931681
unmatched,0.1816519653900545
unmatched,0.19903611134366037
unmatched,0.1537866923117928
unmatched,0.006123578425834435
unmatched,0.051355745804118974
unmatched,0.206568656740996
unmatched,0.10526669549233862
unmatched,0.09635675035163568
unmatched,0.13656006820955627
unmatched,0.0713536165051294
unmatched,0.19497707610946607
unmatched,0.20963631313826878
unmatched,0.1654085324473427
unmatched,0.11293165837772927
unmatched,0.09783033849632392
unmatched,0.13018249331828238
unmatched,0.12327270114749858
unmatched,0.11385557457582351
unmatched,0.21987611482264513
unmatched,0.10167405548835827
unmatched,0.012631254587515012
unmatched,0.15484876580735152
unmatched,0.08694788045635289
unmatched,0.10627859210741104
unmatched,0.13593719563214834
unmatched,0.10935688212519681
unmatched,0.22534821178874026
unmatched,0.03387984095269579
unmatched,0.020629369009226753
unmatched,0.029395318062688497
unmatched,0.04651452523037134
unmatched,0.12659251772067442
unmatched,0.16572065901841146
unmatched,-0.0653395330202105
unmatched,0.19681989312291862
unmatched,-0.0075050252747922526
unmatched,0.15103862623660547
unmatched,0.0767455326754646
unmatched,0.006648389853733167
unmatched,0.09603570739033887
unmatched,0.139378649065287
unmatched,0.06802404175204042
unmatched,0.07959728822185834
unmatched,-0.014063984147454765
unmatched,0.15462856036979392
unmatched,-0.0353687184990343
unmatched,0.03713244580683628
unmatched,0.12097904126889056
unmatched,0.08163019343801342
unmatched,0.17810169409702487
unmatched,0.2541636716811516
unmatched,-0.01861335304149516
unmatched,0.142174377281264
unmatched,0.16570817345183222
unmatched,0.08575684988762358
unmatched,0.10363192705944231
unmatched,0.19602314550648212
unmatched,0.08005187221052605
unmatched,0.11892960860907154
unmatched,0.0819325029566625
unmatched,0.11128687961496382
unmatched,0.06341514020803994
unmatched,0.1754627721475945
unmatched,0.17447317699677736
unmatched,0.021603343059989802
unmatched,0.15427302289914854
unmatched,0.04614483313461347
unmatched,0.14046795240763402
unmatched,0.15586047159258362
unmatched,0.12403731977783382
unmatched,0.04506770648827036
unmatched,0.02693766962858801
unmatched,0.05565213165347294
unmatched,0.018677480753045216
unmatched,0.16164458975530002
unmatched,0.13778079807025048
unmatched,0.14917041278231635
unmatched,0.03343750199191975
unmatched,0.11410448770267856
unmatched,0.04696994542611309
unmatched,0.07454947163849816
unmatched,0.1857581749854833
unmatched,0.13150790193100031
unmatched,0.12039795034572245
unmatched,0.16121120185007892
unmatched,0.0901505259113549
unmatched,0.014015902615300575
unmatched,0.02593444177049256
unmatched,0.17937653822176639
unmatched,0.24213294212287256
unmatched,0.07869929328593064
unmatched,0.31659794944947994
unmatched,-0.07616498050988357
unmatched,0.10669710902236614
unmatched,0.005175188597027755
unmatched,-0.036627682724785726
unmatched,-0.011516957616001328
unmatched,0.018455044833535317
unmatched,0.07297235153064206
unmatched,0.04202399885402192
unmatched,0.2145002764877471
unmatched,0.012199651766525184
unmatched,0.038100833900241944
unmatched,0.07478634831397063
unmatched,0.2408119723287601
unmatched,0.17189956440814816
unmatched,0.08681933491201249
unmatched,0.16502698107995462
unmatched,0.060759558220046805
unmatched,0.19448004352160803
unmatched,-0.027671128741126916
unmatched,0.09006543007388983
unmatched,0.09723521931238677
unmatched,-0.026397691013381082
unmatched,0.15208891058545096
unmatched,0.13944281339693243
unmatched,0.17904072083559666
unmatched,0.06500184884662613
unmatched,0.12817363012147454
unmatched,-0.0231965261155118
unmatched,0.09723670854300702
unmatched,0.16804110817101764
unmatched,0.19373388088050847
unmatched,-0.05493725473926369
unmatched,0.1136111050350797
unmatched,0.10887200991179583
unmatched,0.08308903535230738
unmatched,0.14203424425862954
unmatched,0.0830212426722971
unmatched,0.11914647538256674
unmatched,0.1403892648096416
unmatched,0.12426645688715791
unmatched,0.22335863643821713
unmatched,0.12352293228155055
unmatched,0.02393596834257348
unmatched,0.07420494916617955
unmatched,0.18395041843503881
unmatched,0.11066307335923001
unmatched,0.059004180425870044
unmatched,0.1210519215051221
unmatched,0.06924695882069663
unmatched,0.09835622923182324
unmatched,0.12810266944190804
unmatched,0.059276630128759375
unmatched,0.11720697242753318
unmatched,0.06813690711700617
unmatched,-0.03052190322019865
unmatched,0.1915642522123623
unmatched,0.11987520821077143
unmatched,0.05203007817329682
unmatched,0.07525084685483095
unmatched,0.1004989019603153
unmatched,0.11986715990318503
unmatched,0.03883241995687871
unmatched,0.1096790570795122
unmatched,0.155411634512061
unmatched,0.13936907142697177
unmatched,0.0492969866102375
unmatched,0.2453003255206152
unmatched,-0.0262032064056326
unmatched,0.08238678668753856
unmatched,0.07950127135142679
unmatched,0.14117816127429678
unmatched,0.09048088226110301
unmatched,0.12501600711810068
unmatched,0.06683841569076243
unmatched,0.10639206463176396
unmatched,0.022992821698562396
unmatched,0.09287209579987693
unmatched,0.14221573889506117
unmatched,0.0214456520485265
unmatched,0.1639971005081868
unmatched,0.07866126929948117
unmatched,0.12080616298493975
unmatched,0.10226921777666698
unmatched,0.22013151366404313
unmatched,0.16101405187459297
unmatched,-0.07126152792069272
unmatched,0.07530785812792484
unmatched,0.22905927837266415
unmatched,0.1563348364907712
unmatched,0.1720573476343859
unmatched,0.06903345057165539
unmatched,0.04480810104450271
unmatched,0.11351942750224772
unmatched,0.10899937593603352
unmatched,0.06332362727599958
unmatched,0.17902387389510913
unmatched,0.08117475000885914
unmatched,0.1459243185896941
unmatched,0.1246117056468724
unmatched,0.12327988462374978
unmatched,0.1408806389855462
unmatched,0.08412781661355127
unmatched,-0.0469238374043621
unmatched,0.026533919821840876
unmatched,0.04665469833872672
unmatched,0.09623202118088119
unmatched,0.13740610739636994
unmatched,0.14596993603039657
unmatched,0.16621104048765833
unmatched,0.06309953863207787
unmatched,0.17818926163024482
unmatched,0.06441560489100612
unmatched,0.050942386049300355
unmatched,0.11825890871244096
unmatched,0.11080472818290169
unmatched,-0.041744310017151065
unmatched,0.1652525161557648
unmatched,0.02606352219407923
unmatched,0.15304430862189927
unmatched,0.0782659139218085
unmatched,0.06563534299411192
unmatched,0.14878205286660925
unmatched,0.16961014444435485
unmatched,0.09609206778241984
unmatched,-0.04929486874905116
unmatched,-0.015396123823842346
unmatched,0.09268064868955773
unmatched,0.06775098801533926
unmatched,0.2193663006724856
unmatched,0.11499903524025641
unmatched,-0.01058767016786389
unmatched,0.06977043344034668
unmatched,0.12504592078563076
unmatched,0.011909784932826167
unmatched,0.14683436921891346
unmatched,0.1596131941552116
unmatched,0.11891101341274617
unmatched,0.16367768693619836
unmatched,0.09498176525844189
unmatched,0.07062785598338772
unmatched,0.054067773628323205
unmatched,0.14462374141507056
unmatched,0.18320783638981988
unmatched,-0.05432428165057888
unmatched,0.05624548033840211
unmatched,0.0902873477270655
unmatched,0.12316137806203684
unmatched,0.1616602519134018
unmatched,0.11989802083389317
unmatched,0.010250175446455465
unmatched,0.036646526718537686
unmatched,0.1269449798047314
unmatched,0.24422916127554517
unmatched,0.03145026263753613
unmatched,0.10885563848668176
unmatched,0.08406442749305389
unmatched,0.17383960237593463
unmatched,-0.03874261100156962
unmatched,0.2732820597219011
unmatched,0.1812726092102167
unmatched,0.12865264963669423
unmatched,0.11120292138182782
unmatched,0.041738541922802214
unmatched,0.14778389348379312
unmatched,0.08033646802103372
unmatched,-0.06750864879440378
unmatched,0.18309300950710705
unmatched,0.0992411050203884
unmatched,0.08774288376477299
unmatched,0.07162401621570878
unmatched,0.0978465686989177
unmatched,0.11512275397826285
unmatched,0.21399715382927834
unmatched,-0.060010280353803534
unmatched,0.1603550651666756
unmatched,0.1514156429265477
unmatched,0.13249436679869814
unmatched,0.25410923226531845
unmatched,0.1352076277447563
unmatched,0.04980695050163669
unmatched,-0.008321680532885904
unmatched,0.036070785766338855
unmatched,0.04216458012846514
unmatched,0.08251354633859787
unmatched,0.01583463279913437
unmatched,0.0724247605915572
unmatched,0.1584749360951339
unmatched,0.006304986101913415
unmatched,0.13779982830217452
unmatched,-0.010502088365527523
unmatched,-0.02852107244739494
unmatched,0.06919146061475194
unmatched,0.19588860047480694
unmatched,0.11065276687502312
unmatched,0.21961666429110152
unmatched,0.06692490214904037
unmatched,0.19159791242917926
unmatched,0.009572244662866046
unmatched,0.15156881141694564
unmatched,0.16345786686617333
unmatched,-0.060727147382647416
unmatched,0.04458814345334804
unmatched,0.006528353963164721
unmatched,0.0738737997737136
unmatched,0.037529928219260746
unmatched,0.11578209947585731
unmatched,0.09020036869645204
unmatched,-0.0019359048055023094
unmatched,0.1075096720676472
unmatched,0.12034599125987525
unmatched,0.1327700083528837
unmatched,0.14070378320550417
unmatched,0.07800866131973898
unmatched,0.19418027620320188
unmatched,0.1029709235050963
unmatched,0.04009190287037791
unmatched,0.1613316877630363
unmatched,0.13106991604606832
unmatched,0.12132132903517974
unmatched,0.19840607165448615
unmatched,0.265446007317149
unmatched,0.04889851884124001
unmatched,0.07608228331466767
unmatched,0.1295759083973902
unmatched,0.059413250430825806
unmatched,0.06816474923650126
unmatched,0.020878930489150883
unmatched,0.048538710737611714
unmatched,0.10065190581209786
unmatched,0.03779723847939586
unmatched,0.09223103506719935
unmatched,0.04852816256918304
unmatched,0.10589932577039697
unmatched,0.19132813002117216
unmatched,0.06816131344502217
unmatched,0.14304778058230616
unmatched,0.1256587398700526
unmatched,0.0539412643533748
unmatched,0.11036446481452535
unmatched,0.06712912799575907
unmatched,0.17809321161398706
unmatched,0.1976406347439803
unmatched,0.15815405904800375
unmatched,0.12160784082800379
unmatched,0.055893671222054825
unmatched,0.1139813419973468
unmatched,0.10062304164956161
unmatched,0.013008595528273555
unmatched,0.18987697607581175
unmatched,0.020922245389421328
unmatched,0.15367311417705976
unmatched,0.012279071169423908
unmatched,0.11821817494516795
unmatched,0.05636631132772007
unmatched,0.06487228178908383
unmatched,0.0756104129580792
unmatched,0.12493647728938219
unmatched,0.13149987078806144
unmatched,0.09983682524361695
unmatched,0.2924340202697026
unmatched,0.04684469514905702
unmatched,-0.011205368011843835
unmatched,0.15496324269185063
unmatched,0.21387118824436227
unmatched,0.16244600831045464
unmatched,0.044332626229521506
unmatched,0.055607385783783526
unmatched,0.12349648578758941
unmatched,0.14265151741967863
unmatched,0.15957139827499214
unmatched,0.23825139192748665
unmatched,0.09792970060633033
unmatched,0.05452614272414964
unmatched,0.03049517871590713
unmatched,-0.04433856931096829
unmatched,-0.026789667059807558
unmatched,0.19714351769500751
unmatched,-0.05970649128415919
unmatched,0.13985426448235375
unmatched,0.11023668134255457
unmatched,-0.04395196223797073
unmatched,0.1458874846460736
unmatched,0.2029081603019653
unmatched,0.09140998326146164
unmatched,0.08404103431671203
unmatched,0.08073052779110906
unmatched,-0.03739459303496782
unmatched,-0.011760070243732379
unmatched,0.15658180958384013
unmatched,0.10259705879051131
unmatched,0.04183677844923366
unmatched,0.10544339690184129
unmatched,0.07587163206883978
unmatched,0.13798164478466304
unmatched,0.09356177219560176
unmatched,0.05881640599972594
unmatched,0.19358984617733077
unmatched,0.20013165150108686
unmatched,0.12414086683170555
unmatched,0.023431207694745645
unmatched,0.06120629017641392
unmatched,0.08654159276083473
unmatched,0.16271281041465097
unmatched,0.139257889230049
unmatched,0.14308978321501578
unmatched,0.0878800385498817
unmatched,0.036741216834581446
unmatched,0.05887390801875987
unmatched,0.025822130831644547
unmatched,0.050595605564612504
unmatched,0.10382485486233915
unmatched,0.11271894529270124
unmatched,0.18889488283197628
unmatched,0.07493660741833381
unmatched,0.13677038725118035
unmatched,0.2050043998975576
unmatched,0.11229289627865917
unmatched,0.07232536418995578
unmatched,0.24888825030370532
unmatched,0.188933032126212
unmatched,0.17696799310761885
unmatched,0.20885223637019776
unmatched,0.2561228801127829
unmatched,0.10538750302421114
unmatched,-0.024714781690917474
unmatched,0.018695195421441727
unmatched,0.20847505357565993
unmatched,0.1433025633725931
unmatched,-0.016453079115649718
unmatched,0.18826792098159328
unmatched,0.08958530942319343
unmatched,0.12757919167514395
unmatched,0.22412213635659606
unmatched,0.1916621229363651
unmatched,0.09449465901181353
unmatched,0.1713915168290954
unmatched,0.18429677171131437
unmatched,0.06832407557104923
unmatched,0.12672152687157945
unmatched,0.09704593703095392
unmatched,0.12588082037241824
unmatched,0.09356754626949895
unmatched,0.08188025006252843
unmatched,0.22951868391718708
unmatched,0.07502101895744558
unmatched,0.1413267000090487
unmatched,0.041845601223653175
unmatched,0.11001620165034584
unmatched,0.14227795615773045
unmatched,0.02262624123547546
unmatched,0.12303283123052959
unmatched,0.12691637766404262
unmatched,0.16245212911395493
unmatched,0.2411531871563359
unmatched,0.06567033763123334
unmatched,0.21487740856381327
unmatched,-0.025634696449528444
unmatched,0.07362080216768656
unmatched,0.09657806266242683
unmatched,0.1664094856310589
unmatched,-0.07515389189090566
unmatched,0.07656439236745102
unmatched,0.10370698287177123
unmatched,0.05633736713030043
unmatched,0.07947372144797923
unmatched,0.14453544698618767
unmatched,0.07355279383962246
unmatched,-0.001292732306737944
unmatched,0.20719859407518867
unmatched,0.2863503409449768
unmatched,0.190759095074855
unmatched,0.16810066116865455
unmatched,0.16991427338142445
unmatched,0.06499696683904138
unmatched,0.12444090079324881
unmatched,0.09692559615899428
unmatched,0.1356944805295815
unmatched,0.16451708415445918
unmatched,0.19915348848225947
unmatched,0.12283515669853164
unmatched,0.014585913466841334
unmatched,0.022261457711419408
unmatched,0.1641816223669292
unmatched,0.19144398102718463
unmatched,0.10311179215212975
unmatched,0.24297650354969919
unmatched,-0.01673873881216073
unmatched,0.23043036040973852
unmatched,0.17385026174541485
unmatched,-0.014594872555881233
unmatched,0.03342920267431157
unmatched,0.15930509072762528
unmatched,0.07374812623887911
unmatched,0.0756078328476752
unmatched,0.18919312000485083
unmatched,0.1453024620976208
unmatched,0.07263696352218837
unmatched,-0.023512776780055648
unmatched,0.07176503382044527
unmatched,0.19114888774678063
unmatched,0.18602622976812128
unmatched,-0.12205265315816262
unmatched,0.015831322637357415
unmatched,0.06425220174172996
unmatched,0.23846335944865574
unmatched,0.17222579858263132
unmatched,0.048844750239733836
unmatched,0.1531896943608137
unmatched,0.1415424837253826
unmatched,0.11917853225844464
unmatched,0.12990480848410257
unmatched,0.025541289337011507
unmatched,0.06180430897325762
unmatched,0.07697117507119423
unmatched,0.06067689576210864
unmatched,0.0949935190387158
unmatched,0.06781644058409315
unmatched,0.22612581970946208
unmatched,0.07966202168734024
unmatched,0.1477036863853583
unmatched,0.06219948754861785
unmatched,0.05773153354521637
unmatched,0.1341900084512973
unmatched,0.14388763506328348
unmatched,0.03473463172497145
unmatched,0.18903566508522474
unmatched,0.15845569651140623
unmatched,0.18451710479622666
unmatched,0.14430013599925262
unmatched,0.13628124963716284
unmatched,0.09762239744095924
unmatched,0.016704316871151783
unmatched,0.09064928468132592
unmatched,0.06885793290599802
unmatched,0.1820054226465391
unmatched,0.03678454561218961
unmatched,-0.04287407912730138
unmatched,0.004393457218175743
unmatched,0.03667218714143109
unmatched,0.015892127987656577
unmatched,0.1444642612951224
unmatched,0.1829453582765405
unmatched,0.17906985778889348
unmatched,0.04458680074802124
unmatched,0.12186325103763947
unmatched,0.053079520799532175
unmatched,0.17242008717211071
unmatched,0.0028372674345984754
unmatched,0.0653133786065159
unmatched,-0.04810958333655732
unmatched,0.10589414645257161
unmatched,0.10639143624479838
unmatched,0.10542119811809107
unmatched,0.12798897657569863
unmatched,0.10982451509712031
unmatched,0.08561301118826084
unmatched,0.014874616561227058
unmatched,0.012962759084672003
unmatched,0.09651596638434971
unmatched,0.21166986995818318
unmatched,0.15852939899483118
unmatched,0.15803467842958052
unmatched,0.21945211485050806
unmatched,0.07468488234333621
unmatched,0.1807705947863238
unmatched,-0.0390772640916795
unmatched,0.12744870756809437
unmatched,0.19248723476674662
unmatched,0.08847059172146286
unmatched,-0.09210740552794491
unmatched,-0.024659882179795277
unmatched,-0.13189244877123202
unmatched,0.022562150851076497
unmatched,0.1323485101390064
unmatched,0.14543532853850713
unmatched,0.11644946469038167
unmatched,0.15081753906870016
unmatched,0.04022855633232538
unmatched,0.04133186772485879
unmatched,-0.037941478650501514
unmatched,0.013846203766946612
unmatched,0.17020827859549048
unmatched,0.031162904427844758
unmatched,0.18037029075480232
unmatched,0.058114834367115675
unmatched,-0.023641872983309706
unmatched,0.06612733415818052
unmatched,0.08870643047930864
unmatched,0.061823612778456556
unmatched,-0.03919412221565727
unmatched,0.144983186590928
unmatched,0.14720734303043856
unmatched,0.05999344080933582
unmatched,0.10595245200722611
unmatched,0.11721287604132209
unmatched,0.1195472742955587
unmatched,0.059452652440364906
unmatched,0.15688276488081657
unmatched,0.16696177583038305
unmatched,0.08596106757857315
unmatched,0.25782672924683897
unmatched,0.040600919100189516
unmatched,0.2078396015537736
unmatched,0.11355243649748308
unmatched,0.10034104008960519
unmatched,0.2531959499596135
unmatched,0.025397658706979118
unmatched,-0.015282812939113379
unmatched,0.08150143260022963
unmatched,0.024514339812007194
unmatched,0.01723270761733207
unmatched,0.18645208281141692
unmatched,0.19864593305095904
unmatched,0.11317976545710746
unmatched,0.1058989187887259
unmatched,0.1844222067318767
unmatched,0.029021482479398786
unmatched,0.07925317030047299
unmatched,0.20659061885282154
unmatched,0.19893269673699412
unmatched,0.07412983249595978
unmatched,0.20203752655751006
unmatched,0.126981422959689
unmatched,-0.0036307420597682894
unmatched,0.17685263999847467
unmatched,0.06289229823329917
unmatched,0.08019181417481674
unmatched,0.22748582842685106
unmatched,0.04299301983369554
unmatched,0.20830646008990447
unmatched,0.11102076934927307
unmatched,0.037719207873704745
unmatched,0.20640114500452475
unmatched,0.11943197610661835
unmatched,0.039568651891555576
unmatched,0.10063469655380254
unmatched,0.03584288166197922
unmatched,0.24041938876281985
unmatched,0.0545657145146825
unmatched,0.14283305493227674
unmatched,0.07144840380297747
unmatched,0.0001599325969033276
unmatched,0.0176604816220588
unmatched,0.0908944457961518
unmatched,0.040484523302358806
unmatched,0.19471447886423843
unmatched,0.024512902839244972
unmatched,0.16512093340761777
unmatched,0.21532962877158862
unmatched,-0.04908375031649131
unmatched,-0.06108529911268937
unmatched,0.11055015492141601
unmatched,0.11623939651276528
unmatched,0.21308927826464039
unmatched,0.15257165905156445
unmatched,0.03468341407484937
unmatched,0.19076739797550468
unmatched,0.04885255458808297
unmatched,-0.08846013878339462
unmatched,-0.04080283410543187
unmatched,0.1809148579059024
unmatched,0.03144158069646306
unmatched,0.08486830849282001
unmatched,0.02136799445809042
unmatched,-0.033113975996047304
unmatched,0.02061524718528048
unmatched,0.07369588502665875
unmatched,0.2370772851790938
unmatched,0.029705775669157837
unmatched,0.1317415580624597
unmatched,0.06864342552722348
unmatched,0.12834016683712868
unmatched,0.09273805233851258
unmatched,0.0883911984993852
unmatched,0.07826056221495035
unmatched,0.05785020530145056
unmatched,0.042060279815886344
unmatched,0.00998739118263436
unmatched,0.06197293109806218
unmatched,0.0719281136394455
unmatched,0.2071656011715548
unmatched,0.2447511769123287
unmatched,0.07501844084220602
unmatched,0.15051755950689097
unmatched,0.15061877055303005
unmatched,0.10497331689766377
unmatched,0.13706186739089357
unmatched,0.1696575247890942
unmatched,0.09489015167905024
unmatched,0.17046067223555408
unmatched,0.32549901964076977
unmatched,0.3074031605808879
unmatched,-0.0008292666829211596
unmatched,0.10521826458025632
unmatched,0.12315282070292637
unmatched,0.16261163224859293
unmatched,0.14210931934925272
unmatched,0.1433041592323934
unmatched,0.14434014740648032
unmatched,0.04932824813658489
unmatched,0.1772609882721683
unmatched,-0.09273192396849995
unmatched,0.08209796320156425
unmatched,0.15617869073331758
unmatched,0.10150762154622045
unmatched,0.17420011415245068
unmatched,0.02981497748356063
unmatched,0.14514001545770022
unmatched,0.2859612883043545
unmatched,0.2374085805487152
unmatched,0.187493734707663
unmatched,0.171928168223433
unmatched,0.10205619021026376
unmatched,0.14921839292852151
unmatched,0.05860762656843619
unmatched,0.04354110043527342
unmatched,0.07478607356737325
unmatched,0.20014836154052365
unmatched,0.11868637709980966
unmatched,0.0266657240815678
unmatched,0.04950258685408844
unmatched,0.20841022884784927
unmatched,0.15209448074845
unmatched,0.09593835515902689
unmatched,-0.011007573091002584
unmatched,0.23327587009819595
unmatched,0.19166559963268912
unmatched,0.06650709275335112
unmatched,0.0865107293362915
unmatched,0.10059619731696726
unmatched,0.07566493220379052
unmatched,0.09559089392411707
unmatched,0.16717250730090494
unmatched,0.13521858973643985
unmatched,0.2545769133875789
unmatched,0.013029236691980842
unmatched,0.13835854810973486
unmatched,0.179252411610899
unmatched,0.10977821023175982
unmatched,0.16591071089268386
unmatched,0.09468883933784072
unmatched,0.08584895749565043
unmatched,0.05058815553965445
unmatched,0.12612450783344964
unmatched,0.29704185419094475
unmatched,0.1262942022174698
unmatched,0.19144755463342475
unmatched,0.09550444937828205
unmatched,0.013073349709938266
unmatched,0.16506012734017905
unmatched,0.08835021158747457
unmatched,0.14873653005154633
unmatched,0.0990912167179466
unmatched,0.044335943087520584
unmatched,0.10346450031920182
unmatched,0.1315303507286957
unmatched,0.16087614830790276
unmatched,0.01827277752477404
unmatched,0.14449555399701228
unmatched,-0.020918640015344003
unmatched,0.0302678065290379
unmatched,0.041477247404209557
unmatched,0.09196350761337367
unmatched,0.006556651436842217
unmatched,0.029035830355627727
unmatched,-0.028715497800529347
unmatched,0.0034269118655141906
unmatched,0.006905914880284618
unmatched,0.10124674493906465
unmatched,-0.0049531054259184006
unmatched,0.015100499062399499
unmatched,0.06652280937848584
unmatched,0.16591328797514998
unmatched,0.008395034835006684
unmatched,0.06889466053347139
unmatched,0.18760147739581734
unmatched,0.15181140253360814
unmatched,0.03321189518735955
unmatched,0.32301433950112735
unmatched,0.12008703134559892
unmatched,0.20048741935633868
unmatched,0.03849900134611877
unmatched,0.10232184069236686
unmatched,0.11518323396326369
unmatched,0.13372242636791135
unmatched,0.14182839606652117
unmatched,0.15562772889860346
unmatched,0.1144042200463545
unmatched,0.1382257603827513
unmatched,0.055197909366250485
unmatched,0.17096952884054092
unmatched,0.2097164218580096
unmatched,0.04644859087440873
unmatched,0.11158850509739138
unmatched,0.23122957816045078
unmatched,0.21932861740768167
unmatched,0.10941541586812077
unmatched,0.1590999708526202
unmatched,-0.06106201410067199
unmatched,0.04097812474644675
unmatched,0.12470207829865822
unmatched,0.12069680847729462
unmatched,0.11731670719748054
unmatched,0.05533250089002634
unmatched,0.03123353920494735
unmatched,0.12829565940301482
unmatched,0.07457647154131414
unmatched,0.15207584762195064
unmatched,0.10605062368054761
unmatched,0.18266459749850408
unmatched,0.170261334830636
unmatched,0.12184227954962937
unmatched,0.14022819740450135
unmatched,0.134133515374879
unmatched,0.14915977135475056
unmatched,-0.06688795396381915
unmatched,0.0038127532556875053
unmatched,0.041732745638505146
unmatched,0.07272272116193468
unmatched,0.06574430754328062
unmatched,0.016388607704686614
unmatched,0.22179863621195492
unmatched,0.013233574506463156
unmatched,0.038773192425320804
unmatched,0.10647582395002253
unmatched,0.18701720757700574
unmatched,0.08978094238848935
unmatched,0.10959276389063874
unmatched,0.08832826033592173
unmatched,0.1322128809668235
unmatched,0.10046292570789643
unmatched,0.14674244341378784
unmatched,0.2741104220844615
unmatched,0.013718363883798794
unmatched,0.14065085882639775
unmatched,0.18519331923209673
unmatched,0.05726066640895982
unmatched,0.058401538076794185
unmatched,0.05815223659855519
unmatched,-0.024882056204136714
unmatched,0.043733489704605485
unmatched,0.026682678349115075
unmatched,0.11696477155784797
unmatched,0.06773622153322414
unmatched,0.031940519418951485
unmatched,0.13277960211658357
unmatched,0.07984971973106027
unmatched,0.06263416254438696
unmatched,0.13417101152045072
unmatched,0.1273864904774597
unmatched,0.045612213425932115
unmatched,0.051225295374303266
unmatched,-0.012450789627071896
unmatched,0.13550731542901923
unmatched,0.13293989148425636
unmatched,0.18135666795229682
unmatched,0.09148108164575551
unmatched,0.0913887714088871
unmatched,0.16235000018381351
unmatched,0.0751608839607412
unmatched,-0.08974043275971565
unmatched,0.146928804216827
unmatched,0.09921333943215191
unmatched,0.14112796919772105
unmatched,0.12579802922059505
unmatched,0.21182317388771438
unmatched,0.0003349478050057759
unmatched,0.17622240500069677
unmatched,0.15963632840907058
unmatched,0.08095314803317107
unmatched,0.16184778944004694
unmatched,0.11124470464237456
unmatched,0.002438285250746522
unmatched,0.0910517425773842
unmatched,0.09522462964726107
unmatched,0.011114774660903378
unmatched,-0.006245100192374216
unmatched,0.1144157413983014
unmatched,0.14773772915082226
unmatched,0.03492759450346966
unmatched,0.15080581077540783
unmatched,0.10968622670175543
unmatched,0.1160728461107773
unmatched,0.1558881338621347
unmatched,0.1133322092053552
unmatched,0.12286074782115829
unmatched,0.02448443677281486
unmatched,0.011027858788658694
unmatched,0.12388639056075938
unmatched,-0.011306044921567792
unmatched,0.10113988513762566
unmatched,0.006131822928845188
unmatched,0.047459406896503735
unmatched,-0.013765659907544608
unmatched,0.16354773843795245
unmatched,0.11083638947923594
unmatched,-0.059487378256054387
unmatched,0.037751374038983335
unmatched,0.21079629998875818
unmatched,0.13121974512120407
unmatched,0.08928605573607415
unmatched,0.19628026268117052
unmatched,-0.008339221064617668
unmatched,0.08782469836232466
unmatched,-0.10743200654633918
unmatched,0.11480520458696
unmatched,0.11680068068362906
unmatched,0.07107153450004579
unmatched,0.1567057717211041
unmatched,0.01280341637906802
unmatched,0.12619588288006428
unmatched,0.07173370618148377
unmatched,0.08498807480620309
unmatched,-0.026878455631745405
unmatched,-0.0013141708527786566
unmatched,0.09108097162086695
unmatched,0.09000689539579618
unmatched,0.15817426815277763
unmatched,0.13646714435794738
unmatched,0.1724271201177163
unmatched,-0.0003360777755338581
unmatched,0.01608440201268109
unmatched,0.2103463860798788
unmatched,0.08891521332854105
unmatched,0.09640474240923952
unmatched,0.18336818805629765
unmatched,0.16098893970114925
unmatched,0.04355215057720484
unmatched,0.03785392447895974
unmatched,0.16588399093702186
unmatched,0.20661158007044986
unmatched,0.13057372637389775
unmatched,0.12591329814927285
unmatched,0.1412562979252682
unmatched,0.10455495785440465
unmatched,0.18947129653830844
unmatched,-0.016645060992515538
unmatched,0.0920431393620576
unmatched,0.09999605986899518
unmatched,0.08504310990637717
unmatched,-0.0033465146567020496
unmatched,0.10637572925604505
unmatched,0.08377120505337574
unmatched,0.11209298687620098
unmatched,0.026717258711601497
unmatched,0.08263594144451633
unmatched,0.05503836530538691
unmatched,0.1805644402537264
unmatched,0.23468096428577162
unmatched,0.3109270151918205
unmatched,0.16371636048308888
unmatched,-0.033667265232294984
unmatched,0.0695831317132369
unmatched,0.10179227129752984
unmatched,0.19002360725688547
unmatched,0.2040395823141732
unmatched,0.10063275002903964
unmatched,0.11612471079150968
unmatched,0.09014766165749158
unmatched,0.16033264831087715
unmatched,0.08523829500255824
unmatched,0.09897707834470004
unmatched,0.0015667732814165856
unmatched,0.03318670611915567
unmatched,0.02429002500900562
unmatched,0.06738975871342007
unmatched,0.08046169491045577
unmatched,-0.0357717981289772
unmatched,0.01799048065505757
unmatched,0.02118123558747202
unmatched,0.09429384236837286
unmatched,0.24444924750775068
unmatched,0.15503791985143395
unmatched,0.0862883215528421
unmatched,0.19543077796485991
unmatched,0.16535419061127185
unmatched,0.01674258407931881
unmatched,0.011555522076871326
unmatched,0.12583461534711154
unmatched,0.052926973287745725
unmatched,0.17681174034344593
unmatched,0.07078080958343823
unmatched,-0.01975174435415297
unmatched,0.10120845659605877
unmatched,0.11722412359234413
unmatched,0.10830487073786085
unmatched,0.13351567806620768
unmatched,0.028449461777129818
unmatched,0.24059317787134862
unmatched,0.0941606381564436
unmatched,0.11474111342269433
unmatched,0.10076717601227739
unmatched,0.031781598212227376
unmatched,0.09831794829614385
unmatched,0.1802783506460988
unmatched,0.1909086801504105
unmatched,0.16545033877393733
unmatched,0.012897532439527291
unmatched,0.11911352204537416
unmatched,0.0963179370394473
unmatched,0.060242527627382636
unmatched,0.061310674446501276
unmatched,0.08707517035497728
unmatched,0.14065618577347946
unmatched,0.08951453183995603
unmatched,0.05732490724126074
unmatched,0.11255595978465259
unmatched,0.15191668965959923
unmatched,0.086660925813053
unmatched,-0.05936125481665557
unmatched,0.11840949387304182
unmatched,0.08588682623004257
unmatched,0.22275507718589432
unmatched,0.048835003301887926
unmatched,0.10452515281033567
unmatched,-0.0246226092016533
unmatched,0.06720473565636291
unmatched,0.024721403282589257
unmatched,0.2212533901499047
unmatched,0.09800140026800518
unmatched,-0.043245304477012254
unmatched,-0.02878822655537742
unmatched,0.017715683378752956
unmatched,-0.040515113954861855
unmatched,0.029450110097745587
unmatched,0.043337150077835083
unmatched,0.1459620994472435
unmatched,0.030055229036894095
unmatched,0.09953233044655495
unmatched,-0.07377326075076772
unmatched,0.1383794024432976
unmatched,0.1288666246589244
unmatched,-0.04923169307315748
unmatched,0.09061019682248964
unmatched,0.08504385683700219
unmatched,0.20059311899197055
unmatched,0.10146975743469785
unmatched,0.026993194780687478
unmatched,0.26457247357429503
unmatched,0.15612996939776536
unmatched,0.018267904172286815
unmatched,0.17917277776054788
unmatched,0.08203852378420758
unmatched,0.23753003671101874
unmatched,0.013419310904257641
unmatched,0.10320219361085069
unmatched,-0.09925496199649998
unmatched,0.006300396475590793
unmatched,0.1472423857797491
unmatched,0.1371843142435652
unmatched,0.14666925512653392
unmatched,0.08512095751257588
unmatched,0.14697444148678832
unmatched,0.10669129743007172
unmatched,0.07680692349368541
unmatched,0.15145467529380133
unmatched,0.07051153908085575
unmatched,0.18588650069342683
unmatched,0.05771160768437822
unmatched,0.1692628503630211
unmatched,0.049139247068990366
unmatched,0.07036069323327558
unmatched,0.178373316979832
unmatched,0.054759268190631295
unmatched,0.06333014638468834
unmatched,0.09537266950274238
unmatched,0.016604136548420502
unmatched,-0.024368635290372462
unmatched,0.17975104851506693
unmatched,0.07638700974772678
unmatched,0.07564004530988717
unmatched,0.1741590874467364
unmatched,-0.12749380279502928
unmatched,0.28783942591664924
unmatched,0.04525120255113896
unmatched,0.09338153449561089
unmatched,0.13568105042077
unmatched,-0.03259311289095116
unmatched,-0.10580013151808282
unmatched,0.08389616802578878
unmatched,0.09807425751614036
unmatched,0.02557972303575201
unmatched,0.06641375792844055
unmatched,0.2012655296283669
unmatched,0.03882507277841417
unmatched,0.133599818862805
unmatched,0.2208536997011128
unmatched,-0.08431310974563215
unmatched,0.21060878056600366
unmatched,-0.012757109697526803
unmatched,0.22645515454625842
unmatched,0.19052905747766458
unmatched,0.04895946935770236
unmatched,-0.038667053936975074
unmatched,0.07650782392651621
unmatched,0.08729400336968783
unmatched,0.16523980789253223
unmatched,0.02684170972871634
unmatched,0.032868185972576305
unmatched,0.03528674834275716
unmatched,-0.041274901598986086
unmatched,0.12880554148144333
unmatched,0.142116778853153
unmatched,0.20972105186149406
unmatched,0.06666183797776488
unmatched,0.002813233731081536
unmatched,0.06313933450794304
unmatched,0.17431313874084067
unmatched,-0.008148020243701393
unmatched,0.11857405873973145
unmatched,0.009157566469850033
unmatched,0.11780698252941567
unmatched,0.1185652914370674
unmatched,0.10732895444805397
unmatched,0.15976468892114637
unmatched,0.012825461246013681
unmatched,-0.005496613148177968
unmatched,0.16860332239555803
unmatched,0.1840986730316727
unmatched,0.03616628984412475
unmatched,0.060951230903125854
unmatched,0.1122054955225676
unmatched,0.1241993910029104
unmatched,0.09117973928667951
unmatched,0.15666179745648126
unmatched,0.16042291477882603
unmatched,0.08014522976762933
unmatched,0.0706181771675165
unmatched,0.2320976781703208
unmatched,0.10623775825503252
unmatched,0.16803208901401318
unmatched,0.10131573766263563
unmatched,0.1179622664974695
unmatched,0.1467439013226076
unmatched,-0.0040630761887236405
unmatched,0.008493015589810842
unmatched,0.24970152498083756
unmatched,0.05623979415038435
unmatched,0.03337499710693472
unmatched,0.07734272648308475
unmatched,0.17056157373483644
unmatched,0.10835405788413739
unmatched,-0.025177290376217947
unmatched,0.0029354689364151816
unmatched,0.09770054008357285
unmatched,-0.11057639101391394
unmatched,0.0969511831364467
unmatched,0.051546668373625294
unmatched,-0.034818130461455564
unmatched,0.1899825588052446
unmatched,0.1405412045721728
unmatched,0.1847465887595391
unmatched,0.008029591805138965
unmatched,0.2115799135296335
unmatched,0.1955992002248553
unmatched,0.0718220071393961
unmatched,0.2089124433655673
unmatched,0.030446437292815716
unmatched,0.038418098850590936
unmatched,0.028732908185200353
unmatched,0.2059679578158301
unmatched,0.10599297359567582
unmatched,0.06935472293165802
unmatched,0.15777378343082082
unmatched,0.05887291872259788
unmatched,0.20101055761032577
unmatched,0.07415983214451209
unmatched,0.17947033077297536
unmatched,0.13627947631984033
unmatched,0.1719199069254876
unmatched,0.12616258419377763
unmatched,0.16974977796888815
unmatched,0.055356067791983966
unmatched,0.09555905023792725
unmatched,0.07618771155777629
unmatched,0.08624700583032908
unmatched,0.09001983829556758
unmatched,0.11196444288231137
unmatched,0.19108976403807573
unmatched,0.09178772968590007
unmatched,0.10380678778150021
unmatched,0.0809718617639437
unmatched,0.07227125470615867
unmatched,-0.013778564827543286
unmatched,0.1573135020476258
unmatched,0.17171133638658806
unmatched,0.14943786175376317
unmatched,0.04757575393815123
unmatched,0.108803000135804
unmatched,0.1611786354496238
unmatched,0.06083175632535916
unmatched,0.16778932595963872
unmatched,-0.017350211674194583
unmatched,0.03814727636835638
unmatched,0.1978610710213981
unmatched,0.05568930941611955
unmatched,0.09466548304142393
unmatched,0.1494502926313564
unmatched,0.1082534912111685
unmatched,0.2118195831043686
unmatched,0.145263428703527
unmatched,0.19059920334700287
unmatched,-0.010607334513467398
unmatched,0.12352217555164961
unmatched,0.1677834227219747
unmatched,0.24247435868886422
unmatched,0.02902202977770657
unmatched,0.028269902590775862
unmatched,0.03529071591166392
unmatched,0.046678526363504884
unmatched,0.17141983019061502
unmatched,0.13290365457526332
unmatched,0.07633258702975178
unmatched,0.07802589664137173
unmatched,-0.042826837862872905
unmatched,0.09148046918491023
unmatched,0.10507279129388919
unmatched,0.2359873938268854
unmatched,0.032253429070927174
unmatched,0.05610782121339547
unmatched,0.14904447603881252
unmatched,0.08704610733622083
unmatched,0.05839295102435627
unmatched,0.09380752808616918
unmatched,0.17770823982003148
unmatched,0.06924644191357647
unmatched,0.10452740997245313
unmatched,0.19814385715855323
unmatched,0.06980343674329922
unmatched,0.18901039557889548
unmatched,0.07906168464654866
unmatched,0.016240168639317272
unmatched,0.13024196052554035
unmatched,-0.07426100584924297
unmatched,0.11244888700215856
unmatched,0.170592628787721
unmatched,0.16500157331468787
unmatched,0.16072698741284658
unmatched,0.13899721294912495
unmatched,0.11668340390062241
unmatched,0.028585153141401427
unmatched,0.21773188835337312
unmatched,0.17623240542201057
unmatched,0.14349537774539914
unmatched,0.0754494716811812
unmatched,0.08344009461284937
unmatched,0.06988151050495231
unmatched,-0.05090887626214993
unmatched,0.05253801328769464
unmatched,0.21389434530547188
unmatched,0.1033477811514367
unmatched,-0.15768452320379
unmatched,-0.08207035662436894
unmatched,0.1575079590970197
unmatched,0.042232171778050914
unmatched,0.023419066691164347
unmatched,0.156486158315779
unmatched,0.20398569844876904
unmatched,0.10444229153084425
unmatched,0.1606598740617737
unmatched,0.07776864807866421
unmatched,0.22308356032269278
unmatched,0.1025542074093288
unmatched,0.18690211109312163
unmatched,0.058194905110597966
unmatched,0.26364409713740206
unmatched,0.12980962582985908
unmatched,0.07497757513846924
unmatched,0.1513329594766767
unmatched,0.164504543938487
unmatched,0.02602445884303971
unmatched,0.021944729193618707
unmatched,0.045719855078184796
unmatched,-0.061209093410898065
unmatched,0.16257278572845826
unmatched,0.15804130560527932
unmatched,0.12171471224519122
unmatched,0.11971603294479574
unmatched,0.12233885690089513
unmatched,0.039636653699850304
unmatched,0.14468178375913676
unmatched,0.10772983006385237
unmatched,0.12951283987431766
unmatched,0.04786406800667253
unmatched,0.08829869352780184
unmatched,0.12669615091996683
unmatched,0.016545053895937942
unmatched,0.005023200942109621
unmatched,0.05448698263545859
unmatched,0.07244802233022492
unmatched,0.09673854656190432
unmatched,0.2305620613125072
unmatched,0.1299630412280277
unmatched,0.14643742691284278
unmatched,0.2521194309743829
unmatched,0.14470293523634206
unmatched,0.12474842425014218
unmatched,0.192528948759074
unmatched,0.03250407216454794
unmatched,0.07022650322892032
unmatched,0.03877041325675552
unmatched,-0.004030776692408979
unmatched,0.10091044588715811
unmatched,0.013967769183695758
unmatched,0.1424810886479691
unmatched,0.09521422757133238
unmatched,0.09950264346089552
unmatched,0.22917128407070844
unmatched,0.05414811437204514
unmatched,0.09339466361263715
unmatched,0.2575464598133225
unmatched,0.14923686622908822
unmatched,0.17914430447509963
unmatched,0.11138495894182622
unmatched,0.15384312296966782
unmatched,0.06105026622871003
unmatched,0.08557823295704202
unmatched,0.09261471244446616
unmatched,0.029649150570480436
unmatched,0.1337203545856381
unmatched,0.1844510491775014
unmatched,0.14106563834242816
unmatched,0.08242525262586961
unmatched,0.1334713244436801
unmatched,0.14541639558840136
unmatched,0.17685938441582358
unmatched,0.0857789381828493
unmatched,0.036100932424426774
unmatched,0.09980389371256185
unmatched,0.07369560452128973
unmatched,0.054872483990264564
unmatched,0.07374177631893572
unmatched,0.026596120706585985
unmatched,0.22940327085041692
unmatched,0.18820499854883949
unmatched,0.14335455859986262
unmatched,0.05146249319164222
unmatched,0.06760995652793766
unmatched,0.07888987683353309
unmatched,0.11814245264932872
unmatched,0.04182415870505225
unmatched,0.10054141118645647
unmatched,0.1679777250694243
unmatched,0.09866797085001025
unmatched,-0.03077668335144434
unmatched,0.010315198558176844
unmatched,0.07971431849473094
unmatched,0.15812995670654137
unmatched,-0.01868533926981405
unmatched,0.22145940657946922
unmatched,0.14442371320422054
unmatched,0.1175516874988242
unmatched,0.15239242533304026
unmatched,0.03417077974134133
unmatched,0.2546051888227797
unmatched,-0.026639425017734406
unmatched,0.1125609354140548
unmatched,0.03374616699123145
unmatched,-0.0608635994150904
unmatched,0.2040427980113726
unmatched,0.1575198009099232
unmatched,0.16291735410148878
unmatched,-0.01832876350389913
unmatched,0.02431749019066963
unmatched,0.21614182403017898
unmatched,0.00031753720933157714
unmatched,0.1731242373006265
unmatched,-0.024975286070752483
unmatched,0.16767068745564148
unmatched,0.028281901166964742
unmatched,0.06301545922472855
unmatched,-0.029614197813515385
unmatched,0.0783076889479708
unmatched,0.15280556682240262
unmatched,0.03072415935556853
unmatched,0.14516202862729333
unmatched,0.10479728916966755
unmatched,0.10521551393300752
unmatched,-0.02318704369882594
unmatched,0.07936986247529727
unmatched,0.08764300304205763
unmatched,0.05242054176095451
unmatched,0.022567772581407727
unmatched,0.0650111293838299
unmatched,0.006037667629359028
unmatched,0.007043179820435719
unmatched,0.09181416528674866
unmatched,0.051769036192928275
unmatched,-0.07595190503867999
unmatched,-0.04245990105132505
unmatched,0.02924771557112052
unmatched,-0.012304875364421534
unmatched,0.08870988789881094
unmatched,0.16279118353123126
unmatched,0.06617599340181678
unmatched,0.10339520484631463
unmatched,0.2500417192127036
unmatched,0.09763334420123115
unmatched,0.0892536584076294
unmatched,0.13541761442217415
unmatched,-0.03714755139080251
unmatched,0.005098108016116329
unmatched,0.1978677126381822
unmatched,0.05683529042885735
unmatched,0.02169762506305766
unmatched,0.05801272732677276
unmatched,0.025924479456314525
unmatched,0.09178764116106924
unmatched,0.059864286141393906
unmatched,0.03622248572707477
unmatched,0.045258979106434304
unmatched,0.049114621504718854
unmatched,0.1225884406576494
unmatched,0.23503468591725118
unmatched,0.05012293015382565
unmatched,0.008641984619011606
unmatched,0.20787753920479138
unmatched,0.14231322363650517
unmatched,0.11701786149657407
unmatched,0.0512581309460548
unmatched,0.0521917099843269
unmatched,0.05404672492830085
unmatched,0.14808034934580344
unmatched,0.011961287203071613
unmatched,0.05629708962678006
unmatched,0.19587126489914472
unmatched,0.0867466640308466
unmatched,0.23315845123687973
unmatched,0.0977884549241174
unmatched,0.09010633067294307
unmatched,0.04070037634214588
unmatched,0.07053627665203609
unmatched,0.10395114183837456
unmatched,0.018497797798463778
unmatched,0.05189651985835579
unmatched,0.1608221460954376
unmatched,0.15613959965151553
unmatched,0.08073230978540918
unmatched,0.15782553138618607
unmatched,0.16407971597723664
unmatched,0.02587637257624623
unmatched,0.04792565526237709
unmatched,0.08177853187624348
unmatched,-0.016662658944937694
unmatched,0.12145854561640912
unmatched,0.13948627793609178
unmatched,0.11558659871202241
unmatched,-0.057728633800511624
unmatched,0.07208859927273971
unmatched,0.041413367127102516
unmatched,0.051182323010463306
unmatched,0.13256246736532692
unmatched,0.15946610182005164
unmatched,0.009039354219702006
unmatched,0.03376905441731248
unmatched,0.0857021337954202
unmatched,0.0005916511729902301
unmatched,0.1455972353863868
unmatched,-0.04480161505415495
unmatched,0.0564992571687605
unmatched,0.09308397680158303
unmatched,0.18837240835268568
unmatched,0.05364902748540505
unmatched,0.1430657647538163
unmatched,0.11295165539650741
unmatched,0.20859110770577255
unmatched,0.10291361827269851
unmatched,0.15392402516662596
unmatched,0.16887599696272818
unmatched,-0.060622899882278675
unmatched,0.06208345163868457
unmatched,0.11676275258798463
unmatched,0.23476253501460498
unmatched,0.19396454569597557
unmatched,0.058662306151658905
unmatched,0.06023392666658888
unmatched,0.06481201421977872
unmatched,0.03889990858785444
unmatched,0.07936379185264769
unmatched,0.2603986075376016
unmatched,0.07626439444034129
unmatched,-0.006402935269244658
unmatched,0.08691555756187612
unmatched,0.29147018842210537
unmatched,0.029449845866751225
unmatched,0.1685737993309866
unmatched,-0.0044408202201389755
unmatched,0.1303446359394823
unmatched,0.07298881789680019
unmatched,0.19583642622863623
unmatched,0.04195763676340949
unmatched,0.1300891495445842
unmatched,-0.0873936725096281
unmatched,0.05585386699138357
unmatched,0.10197084610273892
unmatched,0.13967783059243297
unmatched,0.002125414523190927
unmatched,0.0014069807867726032
unmatched,0.11839394778845345
unmatched,0.05054823945926071
unmatched,0.011076987060498544
unmatched,0.1422188125816605
unmatched,0.051467320419027
unmatched,0.11049022124487917
unmatched,0.15030591485608968
unmatched,0.15507906140644476
unmatched,0.15852400733281438
unmatched,0.09712508272685945
unmatched,-0.01594057197855604
unmatched,0.1867571664323046
unmatched,0.13273671202975126
unmatched,0.1882105066247174
unmatched,-0.05589166318527998
unmatched,0.09282417557476352
unmatched,0.1425742548350845
unmatched,0.12577207043437139
unmatched,0.13823981199416752
unmatched,0.1586296408970486
unmatched,0.1340316041346346
unmatched,0.05458266554458933
unmatched,0.2262053794829014
unmatched,0.0948223012638305
unmatched,0.12351705555164558
unmatched,-0.08947485230073635
unmatched,0.12475206575028237
unmatched,-0.03652497599266358
unmatched,0.19422796345891094
unmatched,0.22241949064256197
unmatched,0.08571256398484865
unmatched,0.08591350243597475
unmatched,0.14489293822992633
unmatched,0.11703077643540565
unmatched,0.03688170273583345
unmatched,0.03616439119817381
unmatched,0.097702101821162
unmatched,0.0003662328677683919
unmatched,0.08944751613704957
unmatched,-0.05896484429718329
unmatched,0.11169075141799184
unmatched,0.1336617087383225
unmatched,0.08614332501524748
unmatched,0.10512816266684381
unmatched,0.17749245860899857
unmatched,0.1397465411899879
unmatched,-0.004552002104501997
unmatched,0.1754527882791765
unmatched,0.2124189184747884
unmatched,0.1342173183358821
unmatched,0.1330241080136521
unmatched,-0.07337736234127462
unmatched,0.173263262710136
unmatched,-0.05669794856630055
unmatched,0.06434575012667618
unmatched,0.14630101554003108
unmatched,0.10068455768729528
unmatched,0.10994901253131695
unmatched,0.04255416543339962
unmatched,-0.021355196240461793
unmatched,0.04455970799759855
unmatched,0.12033384963295628
unmatched,0.13616125750400415
unmatched,0.046243732513686686
unmatched,0.021921323189110206
unmatched,0.09586382844952757
unmatched,0.04441701795009283
unmatched,0.08049966974719208
unmatched,-0.0229702433339345
unmatched,0.12945654084303382
unmatched,0.16306788553251692
unmatched,-0.024685835356045502
unmatched,0.06959882489621955
unmatched,0.10948860279958521
unmatched,0.15373909294942353
unmatched,0.13392001933209807
unmatched,0.021242395325568885
unmatched,0.18015701654666094
unmatched,0.03024215394542489
unmatched,0.18019210835782926
unmatched,0.11371038629948045
unmatched,0.05929293753873199
unmatched,0.046516304737019724
unmatched,-0.011678430322407427
unmatched,-0.004036440377066175
unmatched,0.11555367616152559
unmatched,0.17819535585510526
unmatched,0.03291111810233429
unmatched,0.03066306445856819
unmatched,0.06042337053215296
unmatched,0.19507081917440683
unmatched,-0.050501562175504125
unmatched,0.18863081138987942
unmatched,0.08645090966437453
unmatched,0.12374834293775552
unmatched,0.1110851615038692
unmatched,0.10182148847363595
unmatched,0.02008864548404664
unmatched,0.0768426688447893
unmatched,0.15905715666452927
unmatched,0.017514945556947034
unmatched,0.12378163866735513
unmatched,0.007984582455546101
unmatched,0.053653431794488664
unmatched,0.030737458012337755
unmatched,0.08415353932167749
unmatched,0.0943901969843801
unmatched,0.10542565768401867
unmatched,-0.009751925614229716
unmatched,0.10846126122814416
unmatched,-0.017902090122521738
unmatched,0.11448564151363799
unmatched,0.02818093796334443
unmatched,0.12686222950731751
unmatched,0.10342587661676751
unmatched,0.1992499589023435
unmatched,0.10269563665662694
unmatched,-0.0457546149100459
unmatched,0.21503424280608455
unmatched,0.03334449865564841
unmatched,0.0978764975420494
unmatched,-0.03108256176912756
unmatched,0.15608826159515748
unmatched,0.10496369995919798
unmatched,0.11704004670357192
unmatched,0.027847551172866608
unmatched,0.1263778704158295
unmatched,0.18747620604138537
unmatched,0.15213211647937475
unmatched,0.037530530901091666
unmatched,0.07698343088317278
unmatched,-0.046531384449264544
unmatched,0.045021992690292896
unmatched,-0.0760810109398057
unmatched,0.1376101497716104
unmatched,0.046421856217131574
unmatched,0.11100442649226078
unmatched,0.21438041212079975
unmatched,0.17854667756696296
unmatched,0.04011922895821522
unmatched,-0.017332740764564033
unmatched,0.1321662099120422
unmatched,0.057841523362177696
unmatched,0.11988174307280265
unmatched,0.13140732392971566
unmatched,0.04348874119658883
unmatched,0.15624686903326251
unmatched,0.10459133124148272
unmatched,0.05602448980077371
unmatched,0.27116573801952476
unmatched,-0.11268550688092056
unmatched,0.2771787282471509
unmatched,0.16394648052103727
unmatched,0.09856382381598446
unmatched,0.053688097849398
unmatched,0.0795657154728251
unmatched,0.09630042546278983
unmatched,0.1488996004099856
unmatched,0.079644438462473
unmatched,0.08689315669375479
unmatched,0.0963354718761685
unmatched,0.0030195514682118665
unmatched,0.22656517994810563
unmatched,0.167053832131573
unmatched,0.10550073039695715
unmatched,0.12092835695754275
unmatched,0.09141641321307258
unmatched,0.06580580574057175
unmatched,0.12990640884607652
unmatched,0.12922372749425617
unmatched,0.07616130608085808
unmatched,0.06500007839327468
unmatched,0.13293011797817966
unmatched,0.15608850208951774
unmatched,0.14439441258325109
unmatched,0.13615153778451689
unmatched,0.12933006697722993
unmatched,0.06121615280308832
unmatched,0.23088467329012108
unmatched,0.20591746016674697
unmatched,0.09959768531860144
unmatched,0.13791796726057515
unmatched,0.10029999025080258
unmatched,0.1261874093742155
unmatched,0.058601291966891095
unmatched,0.05192170633927799
unmatched,0.1482865786102282
unmatched,0.0657760083690483
unmatched,0.07732687899321716
unmatched,0.0749022870503392
unmatched,0.23425093666205665
unmatched,0.10719457363616033
unmatched,0.1534421984172868
unmatched,0.03381435652901055
unmatched,0.1520350929544473
unmatched,0.053307528334673296
unmatched,-0.012961493940339245
unmatched,0.11905188213774694
unmatched,0.12656380930290803
unmatched,0.10390636876889506
unmatched,0.19415519737994763
unmatched,-0.03630483712252792
unmatched,0.1155019144747815
unmatched,0.1255435185754201
unmatched,0.14327052670051818
unmatched,0.1046902269609923
unmatched,-0.09340068339161538
unmatched,0.032132195477968965
unmatched,0.14850251652638013
unmatched,0.09105958442317375
unmatched,0.021818093948472853
unmatched,0.025967704673342036
unmatched,0.09201532546354393
unmatched,-0.03589631267523218
unmatched,0.08536158559975636
unmatched,0.003911985834003211
unmatched,0.046094511427423275
unmatched,0.0727798023287423
unmatched,0.021761276176398496
unmatched,0.18244054448067826
unmatched,0.22617529961420413
unmatched,-0.0005110697001944066
unmatched,0.1291700877210215
unmatched,0.13027111720180554
unmatched,0.059642856739224696
unmatched,0.24185419369087377
unmatched,0.0418264302691541
unmatched,0.07350441024883078
unmatched,0.05600909962393298
unmatched,0.08215939989569607
unmatched,0.058728940150348255
unmatched,-0.07658095176097639
unmatched,0.03895416050157347
unmatched,0.03566497142517826
unmatched,0.2146743767369411
unmatched,0.04889821969309677
unmatched,0.11664847159072363
unmatched,0.032490759270362116
unmatched,0.11882119887654914
unmatched,0.041819245255157574
unmatched,0.12436347628169761
unmatched,0.06273188340228855
unmatched,0.12249368105941161
unmatched,0.1353371180608895
unmatched,0.11722849591201966
unmatched,0.09995167008902167
unmatched,0.13370125567750074
unmatched,0.020134694845122078
unmatched,0.0046760299293245305
unmatched,0.14467238337253727
unmatched,0.12873408585604215
unmatched,0.002606843500165185
unmatched,0.10431174993736735
unmatched,0.11285292293450283
unmatched,0.12876477533517072
unmatched,0.11066484128351728
unmatched,-0.016265495548537047
unmatched,0.19437918891023465
unmatched,0.011572031273678927
unmatched,0.09017360139422621
unmatched,0.09521839472086875
unmatched,0.17573917352135163
unmatched,0.020807701116514712
unmatched,0.11453399381577557
unmatched,0.07140129538294301
unmatched,0.10568590323840746
unmatched,0.19354681701372511
unmatched,0.10758022712913191
unmatched,-0.05534718162511092
unmatched,0.13339625965044025
unmatched,0.06154639569679609
unmatched,0.03529012280205345
unmatched,0.20098665226929027
unmatched,0.03784759793170131
unmatched,0.12429115037914498
unmatched,0.03573893398299598
unmatched,0.006363418283931923
unmatched,0.061032208562753563
unmatched,-0.029049735474438645
unmatched,0.09395750316554206
unmatched,0.22744266146669484
unmatched,0.13851392080175257
unmatched,0.1486304588756468
unmatched,0.0026294533541623495
unmatched,0.15365894930294732
unmatched,0.08513095722019791
unmatched,0.09214533731046104
unmatched,0.13014631742254093
unmatched,0.10066979325095696
unmatched,0.03712623716000653
unmatched,0.05612447411174278
unmatched,0.10110296904847445
unmatched,0.015610695075495513
unmatched,0.09854816505145711
unmatched,0.12669342932253014
unmatched,0.02151598083437515
unmatched,0.14418706738830736
unmatched,0.16257218562494383
unmatched,0.054289397824456825
unmatched,0.10014358542846352
unmatched,0.038348436422438174
unmatched,0.057865807267154915
unmatched,0.2144652969402092
unmatched,0.11174473049406647
unmatched,-0.04631777297424173
unmatched,0.03388589123284456
unmatched,0.018036768864207374
unmatched,0.05750769285964732
unmatched,0.10635150107027473
unmatched,0.10507486770512181
unmatched,0.07493955086016114
unmatched,0.05075799762497604
unmatched,0.11523122646737921
unmatched,-0.05433128630410688
unmatched,0.09982986792892053
unmatched,0.03125429146183293
unmatched,0.023532308904791546
unmatched,0.0785769910938565
unmatched,0.17807118164405938
unmatched,0.17921450176182943
unmatched,0.09890551814778555
unmatched,0.1680804739602653
unmatched,0.12305980611166219
unmatched,0.1093546289979095
unmatched,0.17589915343697005
unmatched,0.03603608308014898
unmatched,0.2405127776774321
unmatched,0.12352888608455805
unmatched,0.22625567059669974
unmatched,-0.05388860696950745
unmatched,0.0866542470868647
unmatched,0.1158463657555067
unmatched,0.06238530410079472
unmatched,0.00908826464835727
unmatched,0.09979562951929574
unmatched,0.10409919711410578
unmatched,0.09512562075576933
unmatched,0.07766620118904152
unmatched,0.07991047837385185
unmatched,0.0759363699354552
unmatched,0.1351226220288171
unmatched,0.14921063535615695
unmatched,-0.038244216211991054
unmatched,0.0003082683720256129
unmatched,0.13155506832519903
unmatched,0.028833828282582685
unmatched,0.13156584872579996
unmatched,0.1476965534762044
unmatched,0.1455841391895461
unmatched,0.026056627439193108
unmatched,0.01052216817733912
unmatched,0.0016543963220189662
unmatched,0.07118640729661246
unmatched,0.06044828051748599
unmatched,0.10347417056922437
unmatched,0.13174493472862142
unmatched,0.017613750300453142
unmatched,0.10499172249841754
unmatched,0.21021055362996904
unmatched,0.03996106110087901
unmatched,0.15105614533093256
unmatched,0.04266082944551442
unmatched,0.16983276360425106
unmatched,0.08485885155386808
unmatched,0.033810681061549726
unmatched,0.17343746357637616
unmatched,0.1158761402798498
unmatched,0.025757141189933712
unmatched,0.11695424582463344
unmatched,-0.07070588843453536
unmatched,0.17944774793636878
unmatched,0.023111512927997586
unmatched,0.029480461763949865
unmatched,0.2782412387330181
unmatched,-0.01643677332010188
unmatched,0.0013478627454646575
unmatched,0.061187970365151494
unmatched,0.12344897827435826
unmatched,0.08955621702003012
unmatched,0.14840172860198628
unmatched,0.1485512559520009
unmatched,0.06332881942389293
unmatched,0.21389643695865418
unmatched,0.08013288777078471
unmatched,0.0649078665716117
unmatched,0.04501891288702948
unmatched,0.05450874373608078
unmatched,0.038336433016568874
unmatched,0.07651475162931555
unmatched,0.21832724863593456
unmatched,-0.04555883432630386
unmatched,0.13216838116416552
unmatched,0.03613256936470339
unmatched,0.13550949730247888
unmatched,0.107077583517762
unmatched,0.07839145847472408
unmatched,0.08161525817072586
unmatched,0.13700258889062178
unmatched,0.04159862881152147
unmatched,-0.02644041201897794
unmatched,0.1335622202275848
unmatched,0.05002920470575961
unmatched,0.01823470784102048
unmatched,0.14284108365220158
unmatched,-0.08675978742796886
unmatched,0.005919769054399439
unmatched,0.07519101532531784
unmatched,-0.04682515234239879
unmatched,0.15612298539307692
unmatched,0.0627098677802204
unmatched,-0.024866939735313714
unmatched,0.09928327606055705
unmatched,0.043038580734841875
unmatched,0.1178543574673328
unmatched,0.06666720762456807
unmatched,0.13821582075583125
unmatched,0.031620081562164476
unmatched,0.0722497046289314
unmatched,0.25557988740579485
unmatched,0.1836444620970965
unmatched,0.009797394200293385
unmatched,0.1499137215130164
unmatched,0.020680779529975653
unmatched,0.1319464928195182
unmatched,0.12083391047404832
unmatched,0.13822047414370903
unmatched,0.12545697404927372
unmatched,0.01671181681239313
unmatched,0.008864258866992653
unmatched,0.04189390587535671
unmatched,0.0529644149691538
unmatched,0.1964870764188264
unmatched,0.047645373596475034
unmatched,0.20522335313536427
unmatched,0.14219613360666125
unmatched,0.21104028371872463
unmatched,0.1591436379279751
unmatched,0.03498413382704273
unmatched,0.06795758147598413
unmatched,0.09364191215696455
unmatched,0.10207021392731357
unmatched,0.17894461775723589
unmatched,0.15232215937966284
unmatched,0.17042397399405293
unmatched,0.030804623072778547
unmatched,0.07386195731648615
unmatched,0.22066653736101863
unmatched,0.20827765487588767
unmatched,0.008739570999859397
unmatched,0.05467794331480174
unmatched,0.28623458108973643
unmatched,-0.007461536263212821
unmatched,0.14842256877779542
unmatched,0.018497214353487324
unmatched,0.2328298259499634
unmatched,0.07897963395181799
unmatched,0.03404750207187697
unmatched,-0.019077710744562465
unmatched,0.07415408561404792
unmatched,0.16729351081613902
unmatched,0.05539115164114268
unmatched,0.13030396069071926
unmatched,0.05091394781553915
unmatched,0.08180435443919501
unmatched,0.20257185354205945
unmatched,0.01147180668406578
unmatched,0.0052407172098020635
unmatched,0.14769864949303352
unmatched,-0.006213303527142399
unmatched,0.11965040862177317
unmatched,0.14002585442425747
unmatched,0.08330184915783777
unmatched,-0.044347369086783536
unmatched,0.1386834753026425
unmatched,0.05989379620790684
unmatched,0.06526025820437545
unmatched,0.07912645689514779
unmatched,0.09794637399864875
unmatched,0.060012261746356974
unmatched,0.2967290017513832
unmatched,0.28535962128678805
unmatched,-0.018645279361205996
unmatched,0.16630335403143756
unmatched,0.08035915616716335
unmatched,0.09983607592774647
unmatched,0.10380147287050571
unmatched,-0.02688147744622387
unmatched,0.12580189275982706
unmatched,0.04178950881861747
unmatched,-0.07723289873387319
unmatched,0.09543410984129458
unmatched,0.08031431305563072
unmatched,0.13291342417849178
unmatched,0.053973700650474445
unmatched,0.1331697340646623
unmatched,0.028065450513656078
unmatched,0.053240510138110264
unmatched,0.06782183036966719
unmatched,-0.058583670732232904
unmatched,0.07862194691356529
unmatched,0.03456162320618207
unmatched,0.19982048448925924
unmatched,-0.08435793122164582
unmatched,0.00206860346667949
unmatched,-0.0608613718549752
unmatched,0.11826242258348055
unmatched,0.09727066227718133
unmatched,0.018903304704001676
unmatched,0.1847482681237822
unmatched,0.1280794914486794
unmatched,0.1951013723043234
unmatched,0.1641208569687352
unmatched,-0.015220617249994395
unmatched,-0.09380042913462498
unmatched,0.1629667658245452
unmatched,0.10976683182311502
unmatched,0.03346256741581291
unmatched,0.11157385663059188
unmatched,0.16544739088642205
unmatched,0.15616476302658897
unmatched,0.11763178800808052
unmatched,0.13040540650373922
unmatched,0.09237543539985049
unmatched,0.05371948474367977
unmatched,0.11411833900151024
unmatched,0.023332715497007054
unmatched,0.06252730608191187
unmatched,0.09509215786314311
unmatched,-0.026996818348231397
unmatched,0.1033201223754687
unmatched,0.0912152022551569
unmatched,0.0242113717814814
unmatched,0.11174262616591035
unmatched,0.14177599233288607
unmatched,0.06690864765168586
unmatched,0.15168914685196047
unmatched,-0.002676356784134391
unmatched,0.09819628711966384
unmatched,0.1613860722214788
unmatched,0.24685027758685918
unmatched,0.09022691886736624
unmatched,-0.04651777418105764
unmatched,0.11925093130059379
unmatched,0.10750514974303078
unmatched,0.10450042647429943
unmatched,0.15420461103877478
unmatched,-0.029224192013112108
unmatched,-0.000380156086785825
unmatched,0.056901721855497814
unmatched,0.03485900639594646
unmatched,0.18267553543521042
unmatched,0.1050011213488389
unmatched,-0.0176938026494824
unmatched,0.18678262204662935
unmatched,0.13972626288779993
unmatched,0.01658612744852382
unmatched,0.0749790797200145
unmatched,0.10584012873973594
unmatched,0.0457517782546165
unmatched,0.007354014897956697
unmatched,-0.06060426961376755
unmatched,0.06703460028840322
unmatched,0.17061067641145203
unmatched,0.11273729828557559
unmatched,0.15247965585895037
unmatched,-0.06556717828488086
unmatched,0.006441223839277069
unmatched,0.041141615438829916
unmatched,0.12063665709253299
unmatched,0.046229406958265155
unmatched,0.037795127778529704
unmatched,0.06394788262499529
unmatched,-0.0013448734017136041
unmatched,0.038642864129979165
unmatched,0.08331652928915181
unmatched,0.0017458509244480237
unmatched,0.2589848574557736
unmatched,0.2302258807908244
unmatched,0.07163808606585365
unmatched,0.1042118029258395
unmatched,0.14053494658370105
unmatched,-0.010994691729402857
unmatched,0.03839835530500101
unmatched,0.14099695849944902
unmatched,0.11689195260830094
unmatched,0.16204041452358614
unmatched,0.050792764158524795
unmatched,-0.0070280816162492776
unmatched,0.14104584034996395
unmatched,0.10363186720705325
unmatched,0.14102187463527913
unmatched,0.1554459233683647
unmatched,-0.025861039964016206
unmatched,0.006611744581297364
unmatched,0.03531090059866005
unmatched,0.08895611674215347
unmatched,0.006253252073773419
unmatched,0.18874416435878963
unmatched,0.08329600759550256
unmatched,-0.06805071310278898
unmatched,0.078181150258599
unmatched,0.0350780413442105
unmatched,0.0872444332349574
unmatched,0.10637507600151729
unmatched,0.16354588365494593
unmatched,0.15779998113530724
unmatched,0.13923455067909624
unmatched,0.2448749351725931
unmatched,0.11791681762503754
unmatched,0.19134235857928716
unmatched,0.01744129787195492
unmatched,-0.03594187648705189
unmatched,0.018206534652163618
unmatched,0.044281366602435965
unmatched,0.0006692916819376202
unmatched,-0.09897552816146672
unmatched,0.10786282731842044
unmatched,-0.003137266724144805
unmatched,0.18027228566987996
unmatched,0.10794522152050569
unmatched,0.1399576631882765
unmatched,0.08048114403449089
unmatched,0.05864519800735293
unmatched,0.1260529426625778
unmatched,0.08411191705982729
unmatched,0.08635041973606852
unmatched,0.01990008251333323
unmatched,0.08318026158250108
unmatched,0.07890741792837279
unmatched,0.07908240601884528
unmatched,0.1568254788749802
unmatched,0.02326108282679466
unmatched,0.07167443354562196
unmatched,0.05560381070111819
unmatched,0.061822944378020404
unmatched,0.2264823524709036
unmatched,-0.021287297396304715
unmatched,0.02225395323577566
unmatched,-0.023337726152188588
unmatched,0.12773615218337458
unmatched,0.21289483031512166
unmatched,0.05360140512360151
unmatched,0.14195950637656582
unmatched,0.09907464140306964
unmatched,0.2351709456879603
unmatched,0.11021975832631604
unmatched,0.13366719667927793
unmatched,0.11566690239895894
unmatched,0.10528596997365658
unmatched,-0.08795309606554164
unmatched,0.02168143546145469
unmatched,0.19906873600048586
unmatched,-0.048813504535153325
unmatched,0.1422410972090523
unmatched,0.14411511972061758
unmatched,-0.01805858872406603
unmatched,-0.04756146108658133
unmatched,0.20887864950179727
unmatched,0.10916893174945622
unmatched,0.10629015837705827
unmatched,0.010502094450870737
unmatched,-0.002048895358352639
unmatched,-0.03379306269408001
unmatched,0.1894185216431955
unmatched,0.060677498058779505
unmatched,0.057049416298955644
unmatched,0.04653119454403818
unmatched,0.00381002726800974
unmatched,0.1767599480131083
unmatched,0.039193167741954284
unmatched,0.149226973479456
unmatched,0.03768911047075287
unmatched,0.09180117378423293
unmatched,0.02322747524477375
unmatched,0.042913540732448976
unmatched,0.1842842393971053
unmatched,0.003437493496338828
unmatched,0.219570618694224
unmatched,0.09676088518993589
unmatched,0.013684231269296581
unmatched,0.16659577748960366
unmatched,0.11136414497392409
unmatched,0.17093125613369778
unmatched,0.07338519191164049
unmatched,0.06584497108389813
unmatched,0.122980559955616
unmatched,0.1783370880808306
unmatched,0.09533827673217612
unmatched,0.16139678743062824
unmatched,0.11007792121712874
unmatched,0.03384278722443834
unmatched,-0.06276774457702147
unmatched,0.10426616155192049
unmatched,0.14158649950555852
unmatched,-0.03580681068369198
unmatched,0.1546512119796874
unmatched,0.12288656354302994
unmatched,0.07062280460844084
unmatched,0.000715045627016079
unmatched,0.09346818068773005
unmatched,0.07132758540768552
unmatched,0.09725311248706453
unmatched,0.10513365977291214
unmatched,0.23261004600632346
unmatched,0.05674694330139305
unmatched,0.1126842681519798
unmatched,0.10736548966575504
unmatched,0.15784078665298232
unmatched,0.1551862406404532
unmatched,0.05939336488409974
unmatched,0.14534909661356776
unmatched,0.17830917315301484
unmatched,0.018800841568689292
unmatched,0.12117331397058019
unmatched,0.01433685951721427
unmatched,-0.045765306959888376
unmatched,-0.02975187083943733
unmatched,0.05667183360391893
unmatched,0.11497103415995197
unmatched,0.01567691158260803
unmatched,0.06050843402534508
unmatched,0.02894649163724082
unmatched,0.09509201410470346
unmatched,0.18373801550667396
unmatched,0.09646003401255647
unmatched,0.002322448307499551
unmatched,0.11108072230492412
unmatched,0.08698342836908139
unmatched,-0.06826974837328403
unmatched,-0.023597074882880337
unmatched,0.20349630900093862
unmatched,0.010466793252527373
unmatched,0.00700562645875579
unmatched,0.10009786703557054
unmatched,0.07012532188516296
unmatched,0.09311990025065876
unmatched,0.13203440481983744
unmatched,0.14747183860219104
unmatched,0.1553572273577052
unmatched,-0.03332757734780034
unmatched,0.15953822628588704
unmatched,0.006436879151346817
unmatched,-0.029175585489111578
unmatched,0.1967677805216411
unmatched,0.11029124605217441
unmatched,0.12921263028175478
unmatched,0.09435251394429464
unmatched,-0.03180940555433755
unmatched,0.03816640402019654
unmatched,0.20518371755732087
unmatched,0.10271417345389962
unmatched,0.15970221985367009
unmatched,0.2166648413896203
unmatched,0.11040870181061929
unmatched,0.20055028799444444
unmatched,0.028379618685202945
unmatched,0.08576972975542736
unmatched,-0.004015580221157373
unmatched,0.0968267747356636
unmatched,0.09449903905947565
unmatched,0.1438066955914707
unmatched,0.2033809226561735
unmatched,0.1783470639685971
unmatched,0.04096247030646324
unmatched,-0.01906025647229244
unmatched,-0.03157654417030764
unmatched,0.06588525165657814
unmatched,0.12057670928545716
unmatched,0.20930972371314038
unmatched,0.19147367952092198
unmatched,0.23034546195189695
unmatched,0.16816835647689418
unmatched,0.08509250117137504
unmatched,0.11034471570329572
unmatched,0.10427035149777288
unmatched,0.08128166742901517
unmatched,0.16070571847756013
unmatched,0.06933525566277596
unmatched,-0.010683201040797275
unmatched,0.1810534050126336
unmatched,0.20660558907602622
unmatched,0.20136868425350182
unmatched,0.10275891972092253
unmatched,-0.018481364091198004
unmatched,0.11118573422730064
unmatched,0.17950114662488573
unmatched,-0.03280945692843153
unmatched,0.2635149645852692
unmatched,0.07433934374493713
unmatched,0.008447046180953061
unmatched,-0.0032693941370497566
unmatched,0.21547737008834497
unmatched,0.15656322766334121
unmatched,0.08087748815901677
unmatched,-0.022183114763236183
unmatched,0.13899109893672576
unmatched,0.10153420222400816
unmatched,0.07286802846788083
unmatched,0.09753008159672236
unmatched,0.15755769248678317
unmatched,-0.06745717654244608
unmatched,0.06990070060891304
unmatched,0.08425825973103468
unmatched,0.040997323011669806
unmatched,0.09742042142472071
unmatched,0.019813145028826862
unmatched,0.12025803201670426
unmatched,0.10127546055531417
unmatched,0.18096852772079725
unmatched,0.08360933483852902
unmatched,0.05854763953867755
unmatched,0.16792860745281246
unmatched,0.14954892265037026
unmatched,0.19465436544661063
unmatched,-0.0424296444422525
unmatched,-0.003793131225873119
unmatched,0.18457665992326083
unmatched,0.03375481231342933
unmatched,0.07063547065209035
unmatched,0.10706117740323129
unmatched,-0.0681351170616906
unmatched,0.18154289558453093
unmatched,-0.0018101624051053483
unmatched,0.08810275564513338
unmatched,0.1838840416827421
unmatched,0.13864072789243456
unmatched,0.06129865918072891
unmatched,0.047043880040136064
unmatched,0.12688558470836758
unmatched,0.03529975531853918
unmatched,0.1661692735879717
unmatched,0.20627660745193496
unmatched,0.1973905110783171
unmatched,0.2473358840590312
unmatched,0.18049032346158939
unmatched,0.19442548373818352
unmatched,0.20158392251488513
unmatched,0.19242907869429624
unmatched,0.03905616678892565
unmatched,0.16914387963428654
unmatched,0.04776859695796368
unmatched,0.1325546454204445
unmatched,-0.038346722045199656
unmatched,0.012319662468417578
unmatched,-0.020412254893998092
unmatched,0.1812348539458412
unmatched,0.15033811205080513
unmatched,0.2121839867279515
unmatched,0.021590863006170684
unmatched,0.13844457436961932
unmatched,0.07604859121231411
unmatched,0.11406969694751402
unmatched,0.13297584771030357
unmatched,0.05080464740914424
unmatched,0.15651335983800296
unmatched,0.027492261272199652
unmatched,0.1373124120777724
unmatched,0.09452047889360579
unmatched,0.15374604462886407
unmatched,0.07194057853563629
unmatched,0.08449826872362426
unmatched,0.013092830695963781
unmatched,0.16910735323471243
unmatched,0.20042647145326278
unmatched,0.011383358584476892
unmatched,0.1606084223030502
unmatched,0.1579667163007384
unmatched,0.024214357465675972
unmatched,0.14023515069175185
unmatched,0.09276858929546303
unmatched,0.05341919470256012
unmatched,0.031089782229813415
unmatched,0.06745063186921876
unmatched,0.09408193359931097
unmatched,0.12027768780914405
unmatched,0.07457492376394058
unmatched,0.14679510434738266
unmatched,0.2072994147204764
unmatched,0.21182636273136954
unmatched,0.20270469950515363
unmatched,-0.02623737108306187
unmatched,0.03068311538279838
unmatched,0.1895501908278742
unmatched,0.053259434354265035
unmatched,0.1696362347445482
unmatched,0.10831297479104823
unmatched,0.11190348572752458
unmatched,0.12649631295693903
unmatched,-0.06600436708383883
unmatched,0.049404806054188746
unmatched,0.12104728676148645
unmatched,0.09007007519867115
unmatched,0.0019631953051705577
unmatched,0.05833669890822297
unmatched,0.06813770086889119
unmatched,0.1437789578515078
unmatched,0.17937985437576406
unmatched,0.04771573015804837
unmatched,0.20700119490950503
unmatched,0.059205787899725096
unmatched,0.023124532475812806
unmatched,0.23343943283983026
unmatched,0.18829277688524876
unmatched,0.11263340190978423
unmatched,0.1337838589552402
unmatched,-0.05383342373712531
unmatched,0.10166383982030106
unmatched,0.19714905054968027
unmatched,0.15352717310377248
unmatched,0.17621313380412273
unmatched,0.05208657454956185
unmatched,0.08731677667236222
unmatched,0.18028304183380328
unmatched,0.11962757203231111
unmatched,0.08448189660621734
unmatched,0.17370877553640968
unmatched,0.21867608594643798
unmatched,0.06285884843377494
unmatched,0.22002218069811072
unmatched,0.2018227843116024
unmatched,0.10011230169941793
unmatched,0.07264553513253968
unmatched,0.053110298217201
unmatched,-0.008720532713455664
unmatched,-0.09790646602958093
unmatched,0.1763956951191923
unmatched,-0.07395303507765033
unmatched,-0.038237317053400686
unmatched,-0.06001306070815993
unmatched,0.113179546988192
unmatched,0.19265099762378304
unmatched,0.1654504297580951
unmatched,0.21969024055845213
unmatched,0.08182143195779178
unmatched,0.0065188028389691665
unmatched,0.03821251897139907
unmatched,0.1469046045211435
unmatched,0.10568977555831582
unmatched,0.06993216091595295
unmatched,0.18240492692215016
unmatched,0.1673624845570194
unmatched,0.17312784057883723
unmatched,0.0927165057831898
unmatched,0.2044940529189577
unmatched,0.039357216138391486
unmatched,0.11438638905291147
unmatched,0.10945837649437114
unmatched,-0.07539214347125517
unmatched,0.08295070798773059
unmatched,0.2973497294655147
unmatched,0.11709613004840659
unmatched,0.14466514468523403
unmatched,0.11641844841882806
unmatched,0.23186947096876778
unmatched,0.15852513094217868
unmatched,0.05402741345439684
unmatched,0.10140772274283351
unmatched,0.14205331436009125
unmatched,0.24746150293886074
unmatched,0.15543051304064026
unmatched,0.004349264606460462
unmatched,0.03540475842609511
unmatched,0.17286261942717393
unmatched,0.08790166417481032
unmatched,-0.03348943503743331
unmatched,0.07733878205446275
unmatched,0.08418875710324965
unmatched,0.18476103070991642
unmatched,-0.04872891545709719
unmatched,0.026619291002077362
unmatched,0.13133698763803833
unmatched,0.04998803436604495
unmatched,0.1322094630920282
unmatched,0.13176871146414917
unmatched,0.11121412816720733
unmatched,0.01572595809091843
unmatched,0.21116350370661446
unmatched,0.2392168974464341
unmatched,0.03672426382419198
unmatched,-0.021146478217912
unmatched,0.11494207589922294
unmatched,0.17492702468589155
unmatched,0.1469522154066075
unmatched,0.0850250777598249
unmatched,-0.06876722760012154
unmatched,0.15628321245135685
unmatched,0.07558488899663814
unmatched,0.16325376462227995
unmatched,0.11027235496334019
unmatched,0.20362380564437219
unmatched,0.02255301862206211
unmatched,0.022212887020564672
unmatched,0.16858094380585215
unmatched,0.036478472134112996
unmatched,0.11227770091400271
unmatched,-0.0076341185707552205
unmatched,0.07482004975967399
unmatched,0.10491197957359068
unmatched,0.17414249469262127
unmatched,0.046076663502896006
unmatched,-0.057857512870187915
unmatched,-0.02327740329787993
unmatched,0.053757907801238604
unmatched,-0.0011936292645786128
unmatched,-0.10806219185480294
unmatched,0.06141576338565406
unmatched,0.12418184772086076
unmatched,-0.027423695727606792
unmatched,0.050783661592080837
unmatched,0.12399315569420481
unmatched,0.17073296518518127
unmatched,0.10723430589739934
unmatched,0.03407202327025037
unmatched,0.07195683679198045
unmatched,0.05050653139231544
unmatched,-0.0010546579418772174
unmatched,0.04023929295832833
unmatched,0.09655779060986469
unmatched,0.08242323728472388
unmatched,0.15240870116862465
unmatched,0.05219711132186058
unmatched,-0.01180198758971208
unmatched,0.001538068355585242
unmatched,0.0486645795387005
unmatched,0.04003393238290439
unmatched,0.13539558278470248
unmatched,0.04163407170672338
unmatched,0.13358992955985585
unmatched,0.1458083082731525
unmatched,0.12154365131788829
unmatched,0.06925241479576785
unmatched,0.13015705459714347
unmatched,-0.023232905051462766
unmatched,0.004629771810477685
unmatched,0.23032538135899022
unmatched,0.1941654749618303
unmatched,0.11975505937515574
unmatched,0.15395273973721438
unmatched,0.1054598114946257
unmatched,-0.002063436325540985
unmatched,-0.017149369928729022
unmatched,0.13297075922666296
unmatched,0.10191707298618766
unmatched,0.033561639899269635
unmatched,0.06926744588973388
unmatched,0.07263982851711087
unmatched,0.13777829814810444
unmatched,0.10010800752916647
unmatched,0.02127415457245849
unmatched,0.03604298922024675
unmatched,-0.08980120663784685
unmatched,0.15461321816652265
unmatched,0.06381928263264186
unmatched,0.05615179317906121
unmatched,0.0994752687996716
unmatched,0.04618618881889842
unmatched,0.04477566107730811
unmatched,0.052834080838597586
unmatched,0.13392473788322456
unmatched,0.04049149997769854
unmatched,0.19232572204198317
unmatched,0.02572935275078578
unmatched,-0.047963346790312486
unmatched,0.1033753790810096
unmatched,-0.05951473814243553
unmatched,-0.03431604320251952
unmatched,0.24283605088752347
unmatched,0.17729447717264307
unmatched,0.06532943719557809
unmatched,0.08202391131002651
unmatched,-0.0651183491123106
unmatched,0.11674985508535797
unmatched,0.09203024179213239
unmatched,0.1037732623974553
unmatched,0.11217952247095593
unmatched,0.11624079836739876
unmatched,-0.01939829142495956
unmatched,0.10020228907176096
unmatched,0.028609712463346357
unmatched,0.08596632223277588
unmatched,0.1251826092801942
unmatched,0.06259071885848268
unmatched,0.08150046829593767
unmatched,0.19144514652665628
unmatched,0.07328171381795806
unmatched,0.18978905026398363
unmatched,0.09527716598671092
unmatched,0.002522293879944525
unmatched,0.08918920052848171
unmatched,0.14505961634781933
unmatched,0.2696764620527476
unmatched,0.16760776792754473
unmatched,0.1611969945373687
unmatched,0.0579899767334984
unmatched,-0.025624844642552123
unmatched,0.08624600976334389
unmatched,0.016538081566339263
unmatched,-0.008481977636345436
unmatched,0.10878520229338802
unmatched,0.027132115402532377
unmatched,0.2631711621077689
unmatched,0.0030735104488780287
unmatched,0.09485759927221728
unmatched,-0.02197909170311195
unmatched,0.04460028196786187
unmatched,0.1975731708956386
unmatched,0.06270142482273257
unmatched,0.14587676717706008
unmatched,0.12181130984646528
unmatched,0.1542539876805292
unmatched,0.09426881704428962
unmatched,0.22157794402133654
unmatched,0.1459839168970489
unmatched,0.03828516515375741
unmatched,0.21738246129022482
unmatched,0.03902007684882708
unmatched,0.09348649374861785
unmatched,0.12148068868990675
unmatched,0.11839887946041337
unmatched,0.05033848366214285
unmatched,0.15576437029161877
unmatched,0.22870728740024615
unmatched,0.02880940999406841
unmatched,0.13462379778591513
unmatched,0.07343142207489642
unmatched,0.12637401830025552
unmatched,0.20512413423951614
unmatched,0.05897255230680541
unmatched,0.06843439321171939
unmatched,0.027179417647937076
unmatched,0.14170898192339848
unmatched,0.06912157210477346
unmatched,0.06725188570399696
unmatched,0.18223034288200113
unmatched,0.009607745132203659
unmatched,0.11308733984454579
unmatched,0.09893834461322341
unmatched,0.011333952959213578
unmatched,0.13735587509623587
unmatched,0.17319323358837244
unmatched,0.1164557431496455
unmatched,0.058803658118339576
unmatched,0.026467924501424815
unmatched,0.09422440975144919
unmatched,0.16371431436738418
unmatched,0.15319109027663913
unmatched,0.07711167637732032
unmatched,0.062299864243140664
unmatched,0.04956361666743065
unmatched,0.09844788382596201
unmatched,0.06851575655257706
unmatched,0.14915012249051587
unmatched,0.043475187333158985
unmatched,0.016691167056272917
unmatched,0.07361862946608143
unmatched,0.17992423151377376
unmatched,0.15053521701331743
unmatched,0.1595548902138827
unmatched,0.08288011829891748
unmatched,0.15379034764303626
unmatched,0.01783014513023347
unmatched,0.15509102892915344
unmatched,0.015284978899856515
unmatched,0.12355995158295645
unmatched,-0.0404101573379254
unmatched,0.07371780572916632
unmatched,0.04685326153851444
unmatched,0.017926908641568866
unmatched,0.0687412285938204
unmatched,-0.1510981880519
unmatched,0.04967930611430732
unmatched,0.14553269710568675
unmatched,0.18957038966900067
unmatched,0.10902985615160235
unmatched,0.07928510711444013
unmatched,0.10716359274955221
unmatched,0.0920524494555405
unmatched,0.007594977855079346
unmatched,0.011183132439867464
unmatched,0.004360792730271066
unmatched,-0.10484511149460467
unmatched,0.06758334648375332
unmatched,0.0943868741247601
unmatched,0.09933527987485939
unmatched,0.1474561185998233
unmatched,0.014523010317214011
unmatched,0.10193372539739344
unmatched,0.11751370146705085
unmatched,0.14867983790814512
unmatched,0.19817395045249256
unmatched,0.1533624632291636
unmatched,0.010721087380786903
unmatched,0.07307550568697165
unmatched,0.056684295534407014
unmatched,0.18383702720346906
unmatched,0.10411875926176778
unmatched,0.09439072684344592
unmatched,0.09420651383489845
unmatched,-0.04413508255568978
unmatched,0.14125989089845942
unmatched,0.06468719073120158
unmatched,0.12254888326557845
unmatched,0.17163445725479867
unmatched,0.22841761322782622
unmatched,0.13434977121277067
unmatched,0.11523298707561501
unmatched,0.15932050799938008
unmatched,-0.008760827247421964
unmatched,0.0712633732494478
unmatched,0.04628963204086307
unmatched,0.12416547207794362
unmatched,-0.0067121910519002915
unmatched,0.04750327091588163
unmatched,0.0002085986689288868
unmatched,0.058170050153287904
unmatched,-0.028237374808330266
unmatched,0.17087677864667297
unmatched,0.30582046426188725
unmatched,0.2096538210509909
unmatched,0.0722394592943265
unmatched,-0.19260627706167222
unmatched,0.13707997484040893
unmatched,0.06533490557051629
unmatched,0.2055445237473564
unmatched,0.06752144775436755
unmatched,0.05319511404185829
unmatched,0.0581070111180715
unmatched,0.2594241776150698
unmatched,-0.04658130103170136
unmatched,0.14330324582369003
unmatched,0.1308471107552579
unmatched,0.08453940849878842
unmatched,0.005123554624338373
unmatched,0.07625194082992941
unmatched,0.05361691684709362
unmatched,-0.03241683423177597
unmatched,0.13813276484339274
unmatched,0.0007417181107577708
unmatched,0.09514350109028065
unmatched,0.08813170044854407
unmatched,0.06968465875271655
unmatched,0.101404438623903
unmatched,0.07081286928375648
unmatched,-0.005780447301029118
unmatched,-0.11728821067792707
unmatched,-0.07236186033263717
unmatched,0.0076809759267119
unmatched,0.12110960067057575
unmatched,0.11977398404696231
unmatched,0.14939646222170572
unmatched,0.029861280127424488
unmatched,0.010455592418247497
unmatched,0.10774797077704919
unmatched,0.12389523082846103
unmatched,0.06863747747140558
unmatched,0.09346213781567675
unmatched,0.16999292509140984
unmatched,0.07365371804142536
unmatched,-0.024713061943416575
unmatched,0.08055817767467212
unmatched,0.17521242720992727
unmatched,0.029691358671377933
unmatched,0.2491867549399082
unmatched,0.1344765209992622
unmatched,0.11560556320026089
unmatched,0.1428183977626523
unmatched,-0.03705521551438233
unmatched,0.07703777381303685
unmatched,0.1233535772956854
unmatched,-0.021524555657469194
unmatched,0.23720398760037034
unmatched,0.11447099528487585
unmatched,0.19052268306427128
unmatched,0.0824674167735208
unmatched,0.2288260424342167
unmatched,0.037296213035616775
unmatched,-0.041530302907260785
unmatched,0.15868122475591423
unmatched,-0.0016873764310803795
unmatched,-0.06308909170269292
unmatched,0.011702819322635543
unmatched,0.023461226237725806
unmatched,0.2025676968642921
unmatched,0.16921073673621698
unmatched,-0.039144222787202095
unmatched,0.02526084250915385
unmatched,0.09820752368775805
unmatched,0.1428591298684108
unmatched,0.11976367821011814
unmatched,-0.11456898000713056
unmatched,0.14993443553727737
unmatched,0.008029149724392877
unmatched,0.0639702857430381
unmatched,0.12052630093665014
unmatched,0.23420140916314638
unmatched,0.12332510517811777
unmatched,0.3535787328569821
unmatched,-0.016134266023868346
unmatched,0.17231982320642134
unmatched,0.10603760977065636
unmatched,0.1093420611351581
unmatched,0.04574505193605705
unmatched,0.111725767584416
unmatched,0.17066092769879104
unmatched,0.17414376453991093
unmatched,0.11052716361532021
unmatched,0.09603015856040695
unmatched,0.015745859724218634
unmatched,0.17852623237726925
unmatched,0.1072445293479873
unmatched,0.04981501601052518
unmatched,0.17697230616050338
unmatched,0.08711614640914825
unmatched,0.12876481023029124
unmatched,-0.06565483610157741
unmatched,0.07489798780141546
unmatched,0.10355861787905017
unmatched,0.037796460011741605
unmatched,0.25865755649484157
unmatched,0.11794047174104609
unmatched,0.20806789404825843
unmatched,0.038307498332878186
unmatched,0.0865702862524318
unmatched,0.11665717355308709
unmatched,0.07642968126471301
unmatched,0.035819501399455396
unmatched,0.09263928142436376
unmatched,0.07148750753256386
unmatched,0.12633385560441876
unmatched,0.09629867000474855
unmatched,-0.04161627844315719
unmatched,0.09794977996949723
unmatched,0.20860021162114487
unmatched,0.21096586772076414
unmatched,0.20076323184586414
unmatched,0.08249524856796217
unmatched,0.17544593645660855
unmatched,-0.0019124115596029863
unmatched,0.03120348174885179
unmatched,0.146111794500594
unmatched,0.036664445467871946
unmatched,-0.0035335504790258198
unmatched,0.10341313045779302
unmatched,0.08224243301072688
unmatched,0.06288988577486264
unmatched,0.10878185397340712
unmatched,0.15807232107779787
unmatched,0.07900862016582191
unmatched,0.07879594898669805
unmatched,0.12735794668669204
unmatched,0.2124768082101879
unmatched,0.11198227369255163
unmatched,0.14151729525163242
unmatched,0.10696476190449197
unmatched,0.13549625839358634
unmatched,0.04376651146796729
unmatched,-0.03000901023719959
unmatched,0.08841691482313094
unmatched,0.08307996486638707
unmatched,0.01684052433711596
unmatched,0.029092603406507857
unmatched,0.07846267421544363
unmatched,0.09542534562425599
unmatched,0.16044634937269575
unmatched,0.18644495010163595
unmatched,0.1212516290196078
unmatched,0.051817956900465215
unmatched,0.0818785693130196
unmatched,0.22708493415632114
unmatched,0.05048899005209654
unmatched,0.12487310294786053
unmatched,0.1398605531738087
unmatched,0.04735539556219495
unmatched,0.07298438969320742
unmatched,0.06580484413891932
unmatched,-0.06831502394980184
unmatched,0.05713750948782569
unmatched,0.07680534173334602
unmatched,0.251563599111382
unmatched,0.19386289910165963
unmatched,0.09452555569537027
unmatched,0.13823393757432342
unmatched,0.1706414002164535
unmatched,0.12730156265629355
unmatched,0.09964957684542798
unmatched,0.24377889944861728
unmatched,0.08658062358881581
unmatched,0.017598943117107257
unmatched,0.028610086634481207
unmatched,0.05244631051088308
unmatched,0.03428858827964127
unmatched,0.006310870982033219
unmatched,-0.022736415072499298
unmatched,0.14472403338735232
unmatched,0.043878100985521376
unmatched,0.106617994397611
unmatched,0.1532292598407109
unmatched,0.10833582524615291
unmatched,0.00025091572762465193
unmatched,0.013168828258580904
unmatched,-0.06454962565752347
unmatched,0.12496610015676554
unmatched,0.04165041515755583
unmatched,0.07091758866352262
unmatched,0.16087010282003755
unmatched,0.01680571962649672
unmatched,0.13768917958964938
unmatched,-0.0015518061634556463
unmatched,0.1911768710833816
unmatched,0.043594430738314975
unmatched,0.06829150145836135
unmatched,0.1426553945267973
unmatched,0.13014473408648894
unmatched,0.16480822836656236
unmatched,0.002223872969261202
unmatched,0.017530815648987223
unmatched,0.12655279248164794
unmatched,0.06932281676566787
unmatched,0.09502264803917415
unmatched,-0.02990549147433376
unmatched,0.10301228450401483
unmatched,0.12185719494615938
unmatched,0.1318661325141573
unmatched,0.1507729106526895
unmatched,-0.004405105111582894
unmatched,0.17229155391988354
unmatched,0.13886100886447786
unmatched,0.05444425258532112
unmatched,0.08045757889712002
unmatched,0.2672460298518683
unmatched,0.01106863749354619
unmatched,0.14667067664923544
unmatched,0.034565348780453524
unmatched,0.19465674511799366
unmatched,0.0658779438054711
unmatched,0.044202397219263265
unmatched,0.04033108096786978
unmatched,0.04639485281935719
unmatched,0.393190545256202
unmatched,0.2116892411253486
unmatched,0.07333790705430238
unmatched,-0.043681821400837144
unmatched,0.09861265455215926
unmatched,0.002468574928229804
unmatched,-0.01892943357355975
unmatched,0.15956581765689126
unmatched,0.044479186209613775
unmatched,0.09794749264109959
unmatched,0.1248500443623813
unmatched,0.08353039273242814
unmatched,-0.057304866954074836
unmatched,0.15111672526944375
unmatched,0.27121871432347056
unmatched,-0.11166591352464017
unmatched,0.09203880930557823
unmatched,0.15588083903318375
unmatched,0.013990536614494665
unmatched,0.08043805772149373
unmatched,0.18202509709522338
unmatched,0.10814592828030943
unmatched,0.2840216770001583
unmatched,0.011513474299893727
unmatched,0.1073203578181737
unmatched,0.006458427855512037
unmatched,0.04138784658575582
unmatched,0.03148247523471816
unmatched,0.20698814298548082
unmatched,0.09805516734183269
unmatched,0.3140154706606891
unmatched,0.16522774049911676
unmatched,0.1960688194258301
unmatched,0.009494943762615709
unmatched,0.03998671871501012
unmatched,0.11561881640136693
unmatched,-0.08356546293037521
unmatched,0.08796933145485548
unmatched,-0.026353453827002056
unmatched,0.2396817284755386
unmatched,0.02748594096778525
unmatched,0.06371126782959334
unmatched,0.15404620978140549
unmatched,0.13192420195713292
unmatched,0.12161060432484103
unmatched,0.060134735065490205
unmatched,0.11780473461874524
unmatched,0.13050343947858098
unmatched,0.08900173775011017
unmatched,0.17650003775031295
unmatched,0.09457728814598257
unmatched,0.038097870427129456
unmatched,-0.01952302423272871
unmatched,-0.039996917346294465
unmatched,0.187553925413567
unmatched,0.11408981030151119
unmatched,-0.04721651785475337
unmatched,0.18513977128736675
unmatched,0.00875513446321401
unmatched,0.18591385518504533
unmatched,0.025793000109504454
unmatched,0.1320563826865333
unmatched,0.07995447413063764
unmatched,0.1484529791793396
unmatched,0.17384003231647813
unmatched,0.21795332389866884
unmatched,0.013782973360568999
unmatched,0.1563257073357828
unmatched,0.15316933681003114
unmatched,-0.07531114069348904
unmatched,0.13641412582149737
unmatched,-0.007385310388847644
unmatched,0.08171934475332826
unmatched,0.08701368622091975
unmatched,0.1351680859799255
unmatched,0.1663826456097232
unmatched,0.14822291851671782
unmatched,0.15229340898546154
unmatched,0.11477287806554205
unmatched,0.13102186672310995
unmatched,0.11884429477357847
unmatched,0.12180799511840046
unmatched,0.13663595017966165
unmatched,0.03732656662834848
unmatched,0.20356510246339654
unmatched,0.12853709976360536
unmatched,0.021830885531938165
unmatched,0.17872255595546616
unmatched,0.13162487876287315
unmatched,0.08665626764842159
unmatched,0.08158657478728519
unmatched,0.034004444462807586
unmatched,0.048964251200737545
unmatched,0.09035245390128406
unmatched,0.09579516015628688
unmatched,0.1299672462515169
unmatched,0.1521551567561485
unmatched,0.011662000166889279
unmatched,0.05631507527870244
unmatched,-0.008091366856541972
unmatched,0.17662692094688456
unmatched,0.13402173577967866
unmatched,0.11864576700775373
unmatched,0.09748485109425434
unmatched,0.026386147745377633
unmatched,0.07251240715680549
unmatched,0.10690187259048298
unmatched,0.14547795490772142
unmatched,-0.021751248428947382
unmatched,0.07815819954833957
unmatched,-0.04273825220223428
unmatched,0.14507813152219282
unmatched,0.020429625913916453
unmatched,0.03760011496990623
unmatched,0.14062819678775462
unmatched,0.09307611900926828
unmatched,0.004097154300205728
unmatched,0.15524926297981823
unmatched,-0.0009654260454568717
unmatched,0.07352659973852882
unmatched,0.040884628399766844
unmatched,0.14329976539050665
unmatched,0.037241674252756214
unmatched,-0.0013454809051229619
unmatched,0.15155615069833486
unmatched,-0.03728160651905819
unmatched,0.07848834008935891
unmatched,0.09054853522280353
unmatched,0.10584618950870586
unmatched,0.0030930493312383168
unmatched,0.07209223368135485
unmatched,0.11388977576991963
unmatched,0.07307827366032292
unmatched,0.18110594380784686
unmatched,0.10985753268084973
unmatched,0.05037175167798378
unmatched,0.1407513468293935
unmatched,0.04291487376653318
unmatched,-0.056537575455223595
unmatched,0.10381193879017417
unmatched,0.043993484779421436
unmatched,-0.0685265704035396
unmatched,0.07348092493456507
unmatched,0.09864529638080666
unmatched,0.07820900478313682
unmatched,0.059917089732150285
unmatched,0.13260358147606843
unmatched,0.04087479075309256
unmatched,0.15274263419896805
unmatched,0.04356404435318328
unmatched,0.15406424428801604
unmatched,0.10172329775311353
unmatched,0.11542192277442148
unmatched,0.12181593681280396
unmatched,0.11285101165869241
unmatched,0.02143654401124567
unmatched,0.13430119206094496
unmatched,0.11530280371343041
unmatched,0.20567767847558044
unmatched,0.04502557916314093
unmatched,0.023277037422488978
unmatched,0.23460874785568178
unmatched,0.13236289522477335
unmatched,0.14772515254324606
unmatched,-0.08918496719658481
unmatched,0.2520300473865393
unmatched,0.09268714482738634
unmatched,0.08478494369980691
unmatched,0.053517779096113854
unmatched,0.047842137917833975
unmatched,0.044041820084627606
unmatched,0.029647321683347917
unmatched,0.3286266529616514
unmatched,0.01933849081160687
unmatched,0.21013883049031437
unmatched,0.1039697168791887
unmatched,0.17550624740999995
unmatched,0.12399661375305317
unmatched,0.023736623382991918
unmatched,-0.029803368060389742
unmatched,0.09412494906252701
unmatched,0.10685622463938746
unmatched,0.10377763550860647
unmatched,0.09270516985256096
unmatched,-0.04942394932535227
unmatched,0.11754946757336748
unmatched,0.1826051736373343
unmatched,0.11079069780480054
unmatched,0.08027722947141569
unmatched,0.17405518226435285
unmatched,0.06419085509377612
unmatched,-0.023057938172905187
unmatched,0.06541930439080715
unmatched,0.0014393308156093187
unmatched,0.2005518542559916
unmatched,0.18763635108237967
unmatched,0.09562070189146597
unmatched,0.094995100634017
unmatched,0.08236774829559172
unmatched,0.06924177900741897
unmatched,0.1928238207088392
unmatched,0.12114767951724695
unmatched,0.0502891995547062
unmatched,0.05152477055827102
unmatched,0.03209610288989224
unmatched,0.07316222351647583
unmatched,0.08009839551933032
unmatched,-0.01140488982454094
unmatched,0.21255567246238344
unmatched,0.08013234673802909
unmatched,0.13549592335647906
unmatched,0.27087030815163626
unmatched,0.03040789152401539
unmatched,0.13544994211305406
unmatched,-0.0860925771011035
unmatched,0.10315179281965245
unmatched,0.16133738788499455
unmatched,0.21851836448699039
unmatched,0.24632709763548277
unmatched,0.12007034400635228
unmatched,-0.12511226667194547
unmatched,0.07380332517685533
unmatched,0.20695442381879176
unmatched,0.17802045906679453
unmatched,-0.08323159234756129
unmatched,0.08062702979108405
unmatched,0.06563540113754308
unmatched,0.0556159841421392
unmatched,0.01669886767465526
unmatched,0.23227422286944086
unmatched,0.17080748581826574
unmatched,0.12878769121239667
unmatched,0.23813124689458573
unmatched,-0.05543486024409446
unmatched,0.03480591624280553
unmatched,-0.04501856265323564
unmatched,-0.011267181261739223
unmatched,0.1326121492452562
unmatched,0.051130951150419456
unmatched,0.11759681679731131
unmatched,0.10294726900327576
unmatched,0.09665097942123685
unmatched,-0.02408905439731558
unmatched,0.03322428347018807
unmatched,0.0656175629434127
unmatched,0.0862563071021946
unmatched,0.24432842891947715
unmatched,0.1382760989900305
unmatched,0.02515617585725572
unmatched,-0.01600198403077562
unmatched,0.13211122315954482
unmatched,0.1400907288083977
unmatched,0.08029607782775806
unmatched,0.22028128253315413
unmatched,0.1875717784014916
unmatched,0.09369523611466304
unmatched,0.10698640622502344
unmatched,0.1556885151979321
unmatched,0.03596684174159085
unmatched,0.17515906383876234
unmatched,0.04311311951485167
unmatched,0.02697515727347919
unmatched,0.23185910035855128
unmatched,0.12699932146401635
unmatched,0.23135176356955975
unmatched,0.10798460761006276
unmatched,0.17872450915105098
unmatched,0.1987470645030963
unmatched,0.06790608150787084
unmatched,0.15133964975003578
unmatched,-0.13107049909624957
unmatched,0.16575913907271636
unmatched,0.13385976877741543
unmatched,0.015116298627002355
unmatched,0.06870094983213165
unmatched,-0.032428257229422684
unmatched,0.13668883413967353
unmatched,0.21559247358483613
unmatched,-0.001606213473894908
unmatched,-0.015721249704082833
unmatched,0.218682061138234
unmatched,-0.012403436759344277
unmatched,0.1284676738534957
unmatched,0.11418442329050356
unmatched,0.16535460455042228
unmatched,-0.026337061793260078
unmatched,0.12053297761547141
unmatched,0.212944479584759
unmatched,-0.09302622071079686
unmatched,0.05368112912660795
unmatched,0.261275230800891
unmatched,0.11592400399429054
unmatched,0.14979913791821053
unmatched,0.13220097436588385
unmatched,0.06801404468662962
unmatched,0.19931551081320287
unmatched,0.002000938757417516
unmatched,-0.08759028505192544
unmatched,0.07162276798366614
unmatched,0.050691668800944445
unmatched,-0.02076590956550113
unmatched,0.1678222405607375
unmatched,0.10884062835866977
unmatched,0.08404851350838116
unmatched,0.17595484665206898
unmatched,0.05482630225685578
unmatched,0.1564263226799451
unmatched,0.30126750864088103
unmatched,-0.04978037149508677
unmatched,0.15556837012418576
unmatched,0.11142923038145852
unmatched,0.16197680123560623
unmatched,0.09472303327397857
unmatched,0.1525778872323072
unmatched,0.005379933172102433
unmatched,0.10350919996454021
unmatched,0.1416707290005443
unmatched,0.0788061853189178
unmatched,0.08687353333065663
unmatched,0.033276777844946016
unmatched,0.0952798150060481
unmatched,0.04212446465343097
unmatched,0.008878540957071189
unmatched,0.09495248236654381
unmatched,0.10714391270055716
unmatched,0.060127128723658045
unmatched,0.06395309444568596
unmatched,0.10402379306310283
unmatched,0.03629374328090684
unmatched,0.09416266567872228
unmatched,0.18828086557162238
unmatched,0.2536244819792785
unmatched,0.10935922800283417
unmatched,0.33249250712997996
unmatched,0.1392471521889984
unmatched,0.07011409316051688
unmatched,0.13360854118229243
unmatched,0.06159779953655486
unmatched,0.14858774544584286
unmatched,0.06550640155083991
unmatched,0.2260072109959253
unmatched,0.22470998628895908
unmatched,0.08874956187434133
unmatched,0.035598968208656
unmatched,-0.008098925964053452
unmatched,0.04406289004180614
unmatched,0.03150359157352005
unmatched,-0.0028678433612710644
unmatched,0.09165207396975886
unmatched,0.19014197964699922
unmatched,0.07935661746065588
unmatched,0.08510411456809076
unmatched,0.10608524139493639
unmatched,0.10370164776163365
unmatched,0.10319833479819876
unmatched,0.11464030706416463
unmatched,0.09789597929772305
unmatched,0.11880281658006535
unmatched,0.09427209091220062
unmatched,0.1161869774353526
unmatched,0.0270560462957109
unmatched,0.07170102002946738
unmatched,0.08747657638301512
unmatched,0.10581444626354174
unmatched,0.0017529006924985352
unmatched,0.00620846615730539
unmatched,0.1789818198620575
unmatched,0.04140631755189919
unmatched,0.12910971683971986
unmatched,-0.03990839804196274
unmatched,0.10869990972546242
unmatched,-0.07222411892349555
unmatched,0.11683659636109284
unmatched,0.10686939369698495
unmatched,0.10679544708798978
unmatched,-0.042823378623719766
unmatched,0.19247648648846483
unmatched,0.08696347554766648
unmatched,0.1622403889878876
unmatched,0.14292584792239915
unmatched,0.07643416548314486
unmatched,0.14800319407186865
unmatched,0.07880813999166082
unmatched,0.13498477490242547
unmatched,0.16228691564480036
unmatched,0.16060097256348574
unmatched,0.04736331577534275
unmatched,0.10127260032274832
unmatched,0.06344733987440936
unmatched,0.08423014260974003
unmatched,0.15369361060852915
unmatched,0.08768358440252866
unmatched,0.2069972181566939
unmatched,0.16229406294329013
unmatched,-0.08411905954265578
unmatched,0.01820424775791537
unmatched,0.215789315340345
unmatched,-0.04814527023682157
unmatched,-0.05921348878910793
unmatched,0.16084022748350785
unmatched,0.13005393341581659
unmatched,0.02676524519623036
unmatched,0.14244035627141288
unmatched,0.058750378908415016
unmatched,0.20574089229271572
unmatched,0.15454838910610325
unmatched,0.07487511640851116
unmatched,0.21716077763501537
unmatched,-0.057860601702754644
unmatched,0.025421528725791828
unmatched,0.2620481212157549
unmatched,0.23546988180926248
unmatched,0.26058517947877663
unmatched,-0.04266649052616652
unmatched,0.17543483674045265
unmatched,0.12725335258288561
unmatched,0.07143391076444273
unmatched,0.09134257128330618
unmatched,0.08986378483477041
unmatched,0.11892535967483082
unmatched,0.10888999640848662
unmatched,0.07138954067169252
unmatched,0.00270838765976823
unmatched,0.17893054010069667
unmatched,0.11304434488591268
unmatched,0.16808485858791541
unmatched,0.07757852395570683
unmatched,0.13556935388479324
unmatched,0.13238612332778155
unmatched,0.04430308234923602
unmatched,-0.06731278511065963
unmatched,0.05316540195546177
unmatched,0.11847524529883854
unmatched,0.05156827380313969
unmatched,0.03565222280759508
unmatched,0.18780445548742122
unmatched,0.050989147539415
unmatched,0.11665726008962075
unmatched,0.16609802581684482
unmatched,0.09130960073358887
unmatched,0.11484300305484833
unmatched,0.16946572582097863
unmatched,0.028008107623808603
unmatched,0.14789469391312196
unmatched,0.10162347471460023
unmatched,-0.04123401908252743
unmatched,0.16237131098984142
unmatched,0.08507940667110858
unmatched,0.15391052256495588
unmatched,0.07092679431853903
unmatched,0.09424136565842077
unmatched,0.06663244151364148
unmatched,0.1487005090015666
unmatched,-0.12313543753980676
unmatched,0.1125186941327489
unmatched,0.020782194936926485
unmatched,0.003918582527221375
unmatched,0.14784940633297114
unmatched,0.13470059684100114
unmatched,0.06918989703579316
unmatched,0.06499193959156842
unmatched,-0.10630552796592636
unmatched,0.09442292959004749
unmatched,0.1293338193654783
unmatched,0.04622837211483537
unmatched,0.06453661459199225
unmatched,0.16236358642956789
unmatched,0.21535446628133048
unmatched,-0.0022320367982537085
unmatched,0.15774949784712045
unmatched,0.03697840676332678
unmatched,0.0526181604003419
unmatched,0.11578898620428595
unmatched,0.16835517859308902
unmatched,-0.024376095813834053
unmatched,-0.018033011113193338
unmatched,0.2051126938785256
unmatched,0.019503769048419668
unmatched,0.08055927060486931
unmatched,0.04279352100226668
unmatched,0.19652472422454217
unmatched,0.16482696361546206
unmatched,-0.0005672793942758772
unmatched,0.24232292728196195
unmatched,0.13264156116750467
unmatched,0.26046208156687517
unmatched,0.024797353851300184
unmatched,0.07587715185260852
unmatched,0.008646189378318302
unmatched,0.09229731567072857
unmatched,0.15565390773232798
unmatched,0.11242001501143285
unmatched,0.07238039504278083
unmatched,0.07295568338800701
unmatched,-0.054083120323242945
unmatched,0.10577434546468832
unmatched,0.09176218228114245
unmatched,0.04599223368497352
unmatched,0.08929034981092335
unmatched,0.058323434496395064
unmatched,0.16061594306101123
unmatched,0.09071934610724573
unmatched,0.06990287212948461
unmatched,0.0005145338427851215
unmatched,0.1514119396846322
unmatched,0.18819298740492935
unmatched,0.008275472050459082
unmatched,0.3203057550413541
unmatched,0.14797151042669493
unmatched,0.10577998463146487
unmatched,0.22087149399623607
unmatched,0.048855610498073875
unmatched,0.19539679083310407
unmatched,0.1715149225542952
unmatched,0.12080390691549055
unmatched,-0.0009236553108838975
unmatched,0.07717950086700745
unmatched,-0.020448707003581864
unmatched,0.07758251033234816
unmatched,0.16678554604526147
unmatched,0.15007011327747535
unmatched,0.11714473800197266
unmatched,0.11850666764390302
unmatched,0.05864289848860024
unmatched,-0.05389798217281653
unmatched,0.18555054657630055
unmatched,0.09750178618704744
unmatched,0.032615844263850814
unmatched,0.04983056241722419
unmatched,0.021181957193940885
unmatched,0.14645014300727477
unmatched,0.10669377050789236
unmatched,0.046073774134487856
unmatched,0.20684480179116307
unmatched,0.18283336802157926
unmatched,0.09071697884375414
unmatched,0.1736102137667359
unmatched,0.09509557941989068
unmatched,0.029099655354148594
unmatched,0.053286406480388085
unmatched,0.16946676565694974
unmatched,0.09637280800669638
unmatched,0.03454298084703229
unmatched,0.179777689935844
unmatched,0.03063270822591606
unmatched,0.059957860997613376
unmatched,0.019644053300570005
unmatched,0.12397700414473334
unmatched,0.003744912528494755
unmatched,0.04571731863802246
unmatched,0.015001025704652695
unmatched,0.11717579451625466
unmatched,0.09547881079783732
unmatched,0.08202682038294852
unmatched,0.0767515585940237
unmatched,0.19981933425008744
unmatched,0.005721930959132245
unmatched,0.11423611306707014
unmatched,0.1115356580038348
unmatched,0.034861648536386486
unmatched,0.027990603416498016
unmatched,0.09288908231142741
unmatched,0.2439698945422794
unmatched,0.052118626742423096
unmatched,0.19852053268587205
unmatched,0.08422175519834635
unmatched,0.060816358459604744
unmatched,0.016080645451034385
unmatched,0.08636714037563939
unmatched,0.2163765945356774
unmatched,0.14008189384227698
unmatched,0.08595626587589227
unmatched,0.30990964075700184
unmatched,0.17391611714716076
unmatched,0.07954669244785309
unmatched,-0.07059835174819726
unmatched,0.12922922882497542
unmatched,0.15332617537749865
unmatched,0.10077977096951703
unmatched,0.047919092479092595
unmatched,0.0860341179056525
unmatched,-0.03283362238963409
unmatched,0.0009677552079679837
unmatched,0.07589577774109119
unmatched,0.08172269318736854
unmatched,0.09584054003159519
unmatched,0.06093988763016294
unmatched,0.2074040681481246
unmatched,0.03545396087587583
unmatched,0.16371570830366555
unmatched,0.12531944020236754
unmatched,0.12395199631455416
unmatched,0.08797473159017218
unmatched,0.13438397592096812
unmatched,0.16927699356906314
unmatched,0.12034823925680546
unmatched,0.17997029798239741
unmatched,-0.030052868481083798
unmatched,0.11520928789558695
unmatched,-0.05607978193901002
unmatched,0.114280880318432
unmatched,0.25042574532739303
unmatched,0.0908931296083294
unmatched,0.13117736769377525
unmatched,0.14804163856059693
unmatched,0.13503205753807862
unmatched,0.06720570332825623
unmatched,0.16705913986003093
unmatched,0.2995474848873662
unmatched,0.08163126999791477
unmatched,0.019244597969799895
unmatched,0.1720133381238841
unmatched,0.07599964073774189
unmatched,0.19903535375311351
unmatched,0.11546291689003836
unmatched,0.0484642555964891
unmatched,0.16790021019207318
unmatched,0.0860649325852991
unmatched,0.08202644923624942
unmatched,0.131268023800741
unmatched,0.14945673131863088
unmatched,0.060140250369219744
unmatched,0.041803027915040376
unmatched,0.15952385021293558
unmatched,0.10155486769666909
unmatched,0.047906016735613476
unmatched,0.14556784521228824
unmatched,0.052670217802291114
unmatched,0.21844942111783086
unmatched,0.2405394181361019
unmatched,0.1487518448754654
unmatched,0.17732185046353877
unmatched,0.22341896331479563
unmatched,0.032559487080386564
unmatched,-0.059977251413014604
unmatched,0.009290283139919647
unmatched,0.13553301626240422
unmatched,0.2054137435535103
unmatched,0.030962854253696503
unmatched,0.12403372111929181
unmatched,0.12433321732206562
unmatched,0.12805218647690503
unmatched,-0.04576561314016433
unmatched,0.04504573453368447
unmatched,0.18198305840951565
unmatched,0.04146929523406268
unmatched,0.1619171458777671
unmatched,0.06405602193118481
unmatched,-0.05203328351770549
unmatched,0.09672938879932032
unmatched,-0.04769288902768228
unmatched,0.028819783095312617
unmatched,0.12289586323617885
unmatched,0.10077392719658465
unmatched,0.3043227586098218
unmatched,0.2280983040240143
unmatched,0.09872502782656027
unmatched,0.054738838780660125
unmatched,0.14223305471848172
unmatched,0.08752937850549049
unmatched,0.1355646209504053
unmatched,0.15007480739728682
unmatched,0.11938989142508136
unmatched,0.14374899327762222
unmatched,0.19769986004158754
unmatched,0.08467853405845997
unmatched,0.18638227948905955
unmatched,0.03998210531651905
unmatched,-0.0016942700182344908
unmatched,0.12827929550888856
unmatched,0.0024515074397386065
unmatched,0.11612846777275866
unmatched,0.12468137363526793
unmatched,0.08991468631414914
unmatched,0.07375700774406381
unmatched,0.1276646539253671
unmatched,0.15442435494296344
unmatched,0.13882878108373783
unmatched,0.14995534672417996
unmatched,0.05545070368738789
unmatched,0.24670755063048916
unmatched,0.05300913143967447
unmatched,0.19187846142613943
unmatched,0.1412725609235591
unmatched,0.09942744103246877
unmatched,0.04087607708618102
unmatched,0.019320339968071257
unmatched,0.08698121102223842
unmatched,0.10835748632542239
unmatched,0.01826038435126388
unmatched,0.14865701459371108
unmatched,0.03862474428343753
unmatched,0.08184154336997486
unmatched,0.06766405379148822
unmatched,0.07237151664249009
unmatched,0.026984790140359774
unmatched,0.12927760179695588
unmatched,0.052963039860066376
unmatched,0.0831041174456306
unmatched,-0.0028915383403226532
unmatched,0.1336277489371405
unmatched,0.11889186924289223
unmatched,-0.008420312144698412
unmatched,0.24051603578614958
unmatched,0.12558196940072833
unmatched,0.14667182849588833
unmatched,0.08012676215410228
unmatched,-0.003911191047565942
unmatched,0.1423101504899863
unmatched,0.23297069872439324
unmatched,0.12057775708717211
unmatched,0.18139371833264678
unmatched,-0.014511574482055782
unmatched,0.1838681117041118
unmatched,0.08999498783060511
unmatched,0.11451592345646754
unmatched,0.06560329522530298
unmatched,0.2378194773493208
unmatched,0.03488924583156611
unmatched,0.02637148042609723
unmatched,0.17986403972008552
unmatched,0.1097706335604781
unmatched,0.04425272622101484
unmatched,0.01547250475650415
unmatched,0.20296785608710494
unmatched,0.12352461951552474
unmatched,0.08029766977343451
unmatched,-0.034051217636338296
unmatched,0.10277551692996652
unmatched,0.09274217856745379
unmatched,0.09118100839103427
unmatched,0.15651047261647552
unmatched,-0.015425220624035169
unmatched,0.07294868422387571
unmatched,0.028769416460283345
unmatched,-0.010498277039849908
unmatched,0.1468330314225141
unmatched,0.14338668408595193
unmatched,0.05648000717398194
unmatched,0.2629322945441781
unmatched,0.01226690988691323
unmatched,0.294622887085909
unmatched,0.06889337995186935
unmatched,0.18870010542896382
unmatched,0.08066450731160182
unmatched,0.14299512989559002
unmatched,0.039057991084253535
unmatched,0.039575688369232226
unmatched,0.05675982937233471
unmatched,0.07228756525594898
unmatched,0.029427751291443583
unmatched,0.0017153225376597089
unmatched,0.09906879642410316
unmatched,0.10592952393399505
unmatched,0.01978192774988017
unmatched,0.041108067041684265
unmatched,0.08986435642807393
unmatched,0.04485622818404592
unmatched,0.1029238871577869
unmatched,0.0022994554047327314
unmatched,0.13155453363894823
unmatched,-0.045539200507116316
unmatched,0.11272808855108163
unmatched,0.19256765565915568
unmatched,0.24031971712133962
unmatched,0.0841952902416992
unmatched,0.08878505485398575
unmatched,0.1540834752697682
unmatched,0.044990963565653574
unmatched,-0.02669516133134519
unmatched,-0.06758235868526594
unmatched,0.17634687851519967
unmatched,0.01843230405917929
unmatched,0.09344429680592237
unmatched,0.061219464005274025
unmatched,0.05529190211704846
unmatched,0.1373319509238156
unmatched,0.049431274978364546
unmatched,0.09703643357513748
unmatched,0.09179846630721945
unmatched,0.10206860762742484
unmatched,0.022193942302008687
unmatched,0.03973092409196415
unmatched,0.1770166613046005
unmatched,0.10039756888531656
unmatched,-0.07781407517168772
unmatched,0.02508018090503999
unmatched,0.09396963451427923
unmatched,0.18859464624196215
unmatched,0.11840974593559202
unmatched,0.14754801398610107
unmatched,0.16815586409226105
unmatched,0.04557162567964254
unmatched,0.1206454977518445
unmatched,0.13989888074217552
unmatched,0.17975794305228104
unmatched,0.16128697679173987
unmatched,0.10493638006213535
unmatched,0.022531998903417623
unmatched,-0.02842982339156246
unmatched,0.04156486869354695
unmatched,0.01875000368984715
unmatched,0.07570929668853878
unmatched,0.03701576912226819
unmatched,0.10303929652901284
unmatched,0.20154695594815833
unmatched,0.18717378670925333
unmatched,0.13360666924631878
unmatched,0.15877278026153535
unmatched,0.02391882574689256
unmatched,0.17087458225979862
unmatched,0.01691721162230553
unmatched,0.1502741124463155
unmatched,-0.06803014757019256
unmatched,0.1356578255385824
unmatched,0.050324849598594866
unmatched,0.1700271819592272
unmatched,0.09844835158956766
unmatched,0.051378534233830965
unmatched,0.08322434526211465
unmatched,0.02201836777669408
unmatched,0.1288804445143658
unmatched,0.01591971190852595
unmatched,0.1480842975657566
unmatched,-0.04529680122346872
unmatched,0.06468729828162229
unmatched,0.16528953873538216
unmatched,0.10235064798114674
unmatched,0.17556221284755263
unmatched,0.03996680830877207
unmatched,0.19263622918353016
unmatched,0.006149966052516123
unmatched,0.029796477941609407
unmatched,-0.02584539362678186
unmatched,0.22595255440272596
unmatched,0.05915610318509417
unmatched,0.032589100251778975
unmatched,0.25892098697663496
unmatched,0.13189756226599986
unmatched,0.14061768410618172
unmatched,0.17920515670493115
unmatched,0.060233466102303415
unmatched,0.05118818118220244
unmatched,0.09380354273694935
unmatched,0.1723584624173496
unmatched,-0.004678434410832467
unmatched,0.03882697414517687
unmatched,0.13267210618549524
unmatched,0.18931846721608417
unmatched,0.03319132763726182
unmatched,0.13615018578279814
unmatched,0.08864619058521968
unmatched,0.15038503794710695
unmatched,0.1110103503537818
unmatched,0.039860648909025014
unmatched,0.08230860425125223
unmatched,0.07599407126554164
unmatched,0.12009822964395908
unmatched,0.178038145447646
unmatched,0.061764690578071
unmatched,0.05586900422780164
unmatched,-0.027092881037363712
unmatched,0.03916031078477229
unmatched,0.1797586397254294
unmatched,0.09701730383995237
unmatched,0.07466721057547052
unmatched,0.08103612016225592
unmatched,0.039014409453150406
unmatched,0.25153178512288527
unmatched,0.1299165258880015
unmatched,0.21358238809753385
unmatched,0.1721995632267397
unmatched,0.17103097096877287
unmatched,0.10518514827419176
unmatched,-0.029679263256153134
unmatched,0.022932130191110824
unmatched,0.1243904022435958
unmatched,0.12754311496997117
unmatched,0.06795355343757493
unmatched,0.161679814790313
unmatched,0.04783282972595074
unmatched,0.16948335433430625
unmatched,0.023071226063554887
unmatched,0.1556227692039155
unmatched,-0.0480202925788492
unmatched,0.26466482754345494
unmatched,-0.03554785999257527
unmatched,0.19207483560719305
unmatched,0.17379720511749058
unmatched,0.0870080918918716
unmatched,0.13502633069167694
unmatched,0.08123468097150137
unmatched,0.004918407062840456
unmatched,0.24234243489237653
unmatched,0.14305424213400275
unmatched,0.060760005675346555
unmatched,0.11290628259830986
unmatched,0.0016496649389707864
unmatched,0.18201762264648608
unmatched,0.15004009660429404
unmatched,0.10513554869238584
unmatched,0.012168905639086876
unmatched,0.06738872459889486
unmatched,0.08924798846678464
unmatched,0.2511780371972305
unmatched,0.18521941542999615
unmatched,-0.009907060113310962
unmatched,-0.06176339876197176
unmatched,0.05528589168780433
unmatched,0.04957326271467711
unmatched,0.10952339840991414
unmatched,-0.00034418780381124513
unmatched,0.24545519871018498
unmatched,0.13122386227871255
unmatched,0.06463607118229012
unmatched,0.010193217195392894
unmatched,0.22204124444948814
unmatched,0.2139266727636777
unmatched,0.09901708387953695
unmatched,-0.02413156851610769
unmatched,0.057442355579097194
unmatched,0.13297633560284586
unmatched,0.2127282188384862
unmatched,0.009028725392205244
unmatched,0.19580086994370266
unmatched,0.1075485888984414
unmatched,0.06581795260746023
unmatched,0.16733612560178177
unmatched,-0.012950598248890506
unmatched,0.05229344456247098
unmatched,0.1321104469782024
unmatched,-0.06404563473943914
unmatched,0.1576532156939403
unmatched,0.14669068776995103
unmatched,0.16155002006567587
unmatched,0.12011463549660503
unmatched,0.1500002317815028
unmatched,0.10064063641057046
unmatched,0.12197992580413286
unmatched,0.01078093085980766
unmatched,0.07880689868149399
unmatched,0.01742797445427935
unmatched,0.013403401177153398
unmatched,0.043094841448052305
unmatched,-0.10168753011446642
unmatched,0.025763613343144403
unmatched,0.0640509120793362
unmatched,-0.009285783524676341
unmatched,-0.06722633080042441
unmatched,0.1699144879839796
unmatched,0.27401779595903225
unmatched,0.17182599303877694
unmatched,0.0880098748729735
unmatched,0.09133083514631549
unmatched,0.044299242527986504
unmatched,0.08234671706066994
unmatched,0.08622367061517536
unmatched,0.022965151930094466
unmatched,0.07519781673002103
unmatched,0.17492758339298442
unmatched,0.10291803975697751
unmatched,0.0151864582895912
unmatched,0.03769565799760932
unmatched,0.04379353105527011
unmatched,0.07533636551575518
unmatched,0.09091751906746286
unmatched,0.1652064418716985
unmatched,0.0059042194227187155
unmatched,0.12561725645360208
unmatched,-0.02871415004528714
unmatched,0.05701216879988117
unmatched,0.07595271164141122
unmatched,0.07993134705208539
unmatched,0.08617147956564901
unmatched,0.11958942232432379
unmatched,0.06195563156539247
unmatched,0.23853095742316366
unmatched,0.06621366121381778
unmatched,0.10901589716489636
unmatched,0.14169243334912462
unmatched,0.22999557371752458
unmatched,-0.02788772826091637
unmatched,0.09747631367156172
unmatched,0.2166015964086517
unmatched,0.1626175971447224
unmatched,0.1068224327224603
unmatched,0.11096090603721057
unmatched,0.07442701098653288
unmatched,0.12574154966112444
unmatched,0.01351788347159817
unmatched,0.0560321350450303
unmatched,0.11414808342476984
unmatched,0.022117555461720832
unmatched,0.098230743343797
unmatched,0.025073472835586932
unmatched,0.17746464517560565
unmatched,0.14677004416263925
unmatched,-0.0009034821560971473
unmatched,0.10475632552609099
unmatched,0.18890663318773418
unmatched,0.05755148065277049
unmatched,-0.022227437518648585
unmatched,0.1735099570974336
unmatched,0.06666079503485621
unmatched,0.08479049401050497
unmatched,0.0864776722996047
unmatched,0.17008069704337458
unmatched,0.10592737150599603
unmatched,0.037734340353254854
unmatched,0.028603562759608393
unmatched,0.11527000846822628
unmatched,0.07414944507012475
unmatched,0.07428685662262527
unmatched,0.13400195064976977
unmatched,0.04532121555536996
unmatched,0.05748737546849306
unmatched,-0.0479561639931137
unmatched,0.1365689181545372
unmatched,0.12110549834648729
unmatched,0.1246715289686545
unmatched,0.21162102228337995
unmatched,0.12785259011996788
unmatched,0.08467429553527137
unmatched,0.08255847843937586
unmatched,0.12830847714575788
unmatched,0.13307852184147528
unmatched,0.10143783719780723
unmatched,0.10808608889427836
unmatched,-0.020603526428398175
unmatched,-0.045708279098977865
unmatched,0.14893977402840447
unmatched,0.13295953639146071
unmatched,0.05598244515335249
unmatched,0.084349175413928
unmatched,0.20558558287459303
unmatched,0.02149466588093724
unmatched,0.17755428153481775
unmatched,-0.03916205805152508
unmatched,0.05545031800114923
unmatched,0.10605198474807954
unmatched,0.09375401999640788
unmatched,0.12421283796730151
unmatched,0.12311476717737177
unmatched,0.16033422280779963
unmatched,0.12318095672755511
unmatched,0.09381075254069382
unmatched,0.15274213136260517
unmatched,0.054238482470080604
unmatched,0.1285600220650654
unmatched,0.051780895468736335
unmatched,0.060446026746291924
unmatched,0.053012573176564146
unmatched,0.12719130517091226
unmatched,0.03830584646961063
unmatched,0.15026228893005217
unmatched,0.04748745315760296
unmatched,0.07790043365694432
unmatched,0.1256919932943079
unmatched,0.14593699229679483
unmatched,0.010562931575106398
unmatched,-0.0588037603344827
unmatched,0.051328025790844646
unmatched,0.1384489439693585
unmatched,0.0934099649274736
unmatched,0.0035684504631512634
unmatched,0.1421838242298795
unmatched,0.022620354436253032
unmatched,0.127780353815097
unmatched,0.11030234483332585
unmatched,0.06340705578377458
unmatched,-0.018738910422586737
unmatched,0.04524496203940067
unmatched,0.0924680453840011
unmatched,0.05731532992132408
unmatched,0.011929408588921647
unmatched,0.012027793095866254
unmatched,0.0710014324211945
unmatched,0.040319688122722686
unmatched,0.0794270976812116
unmatched,-0.029176017404588854
unmatched,0.11236469392007745
unmatched,0.0023589333527136475
unmatched,0.21319474031103786
unmatched,-0.008896954914859053
unmatched,0.092309190117941
unmatched,0.10628106473615959
unmatched,0.07388040769876424
unmatched,0.06688158546350322
unmatched,0.11286982311480293
unmatched,0.014490805343932349
unmatched,0.1482548391445504
unmatched,-0.023142729340559418
unmatched,0.15830479603955164
unmatched,0.16239859437089954
unmatched,0.15350847461415593
unmatched,0.0297823690428134
unmatched,0.06663386958404009
unmatched,0.20703218963824582
unmatched,0.03162567439349546
unmatched,0.043446088742608156
unmatched,0.1986568314865785
unmatched,0.143379623687071
unmatched,0.11322256872863912
unmatched,0.10849003314350585
unmatched,0.11985842382845817
unmatched,0.21020311433989838
unmatched,0.026645327545646295
unmatched,0.09578456602036196
unmatched,-0.00949146661035889
unmatched,0.015837815954178883
unmatched,0.09375134001470939
unmatched,0.09863810632678785
unmatched,0.05911803627769837
unmatched,0.11663724723534677
unmatched,-0.04809963999247001
unmatched,0.009966565651372808
unmatched,0.14909127177481435
unmatched,0.2958550362179742
unmatched,0.1591635913835909
unmatched,0.16238557041467627
unmatched,0.03889544373620024
unmatched,0.04291181968458288
unmatched,0.018272084516676435
unmatched,0.036182655157971984
unmatched,0.19412722133811983
unmatched,0.09948383004050129
unmatched,0.14465375285024712
unmatched,0.08693304193067937
unmatched,0.11766526195730319
unmatched,0.14053005098284582
unmatched,0.22624105587468527
unmatched,0.028408923006592736
unmatched,0.09618330876987845
unmatched,0.09267274239668918
unmatched,0.16439766672445044
unmatched,0.007592973949568376
unmatched,0.021853630045786242
unmatched,0.1315265838004498
unmatched,0.12191830301507413
unmatched,0.16611300686574276
unmatched,-0.02434985168572156
unmatched,-0.00027929723745937353
unmatched,0.07939399871212949
unmatched,0.0661205200211189
unmatched,0.07282970629156808
unmatched,0.049695113352021265
unmatched,0.00890955320623593
unmatched,0.20725615302545516
unmatched,0.08902719707800054
unmatched,-0.07535750360041199
unmatched,0.12313809480966345
unmatched,0.1464570260046301
unmatched,0.2529214648774589
unmatched,0.07833907259781947
unmatched,0.02031459667657723
unmatched,0.14913614483656726
unmatched,0.15937513288811794
unmatched,0.05650454144288746
unmatched,0.1504528723238899
unmatched,0.12088114590964226
unmatched,0.07714474292779033
unmatched,0.08954671233683131
unmatched,0.14248451150379432
unmatched,0.06760546568538259
unmatched,0.02911455122490504
unmatched,0.16563792020634258
unmatched,0.10995687024512604
unmatched,0.19599755123801096
unmatched,0.06034773525497832
unmatched,0.09875438705396776
unmatched,0.0971227982345604
unmatched,0.07212295365649565
unmatched,-0.05040917327814594
unmatched,0.037836650773538406
unmatched,0.06099606079566977
unmatched,0.136220564342361
unmatched,0.05327869338257106
unmatched,0.0763066219280434
unmatched,0.09558285429209246
unmatched,0.18580004410406067
unmatched,0.06481508845942358
unmatched,0.21927837073627246
unmatched,0.02890510381866679
unmatched,0.04425900260076549
unmatched,0.08788952159150995
unmatched,0.20401458163498604
unmatched,0.09383138858618462
unmatched,0.04005942801817961
unmatched,0.0543217374973434
unmatched,0.1762712237630034
unmatched,0.002637566902497196
unmatched,-0.05004441454853413
unmatched,0.1071075719711716
unmatched,0.05894231800352013
unmatched,0.01168599676883158
unmatched,0.10618853703478713
unmatched,0.1373719276823491
unmatched,0.023679350678372377
unmatched,0.15810103127366934
unmatched,0.15278293221318426
unmatched,-0.05695719895173043
unmatched,0.015705298517593117
unmatched,-0.02445463226869761
unmatched,0.0303820051468062
unmatched,0.027653505203748353
unmatched,0.14561259879630947
unmatched,0.022722518509574283
unmatched,0.15835148414766081
unmatched,4.751510488567082e-05
unmatched,0.16425773061088716
unmatched,0.07027664122367965
unmatched,0.21548539033473033
unmatched,0.10041302777495206
unmatched,0.08300005451175853
unmatched,-0.0226647019398067
unmatched,-0.011190487649214929
unmatched,0.11488915903538177
unmatched,0.12027184794883977
unmatched,0.06304507425245405
unmatched,0.09927046220918337
unmatched,0.060580564727172395
unmatched,0.10072713642209292
unmatched,0.16483910632826934
unmatched,0.07498190697327303
unmatched,0.13240670082232434
unmatched,0.15588148038940317
unmatched,0.2685894987187118
unmatched,-0.029244534862282078
unmatched,0.05760383085589159
unmatched,-0.00039056026275554386
unmatched,0.13154193953408586
unmatched,0.09783541729215534
unmatched,0.08483279256450993
unmatched,0.16063200543854497
unmatched,0.10478109927643951
unmatched,0.09227208804807796
unmatched,0.1818594813319915
unmatched,0.16951376260154155
unmatched,0.064295151190907
unmatched,0.15543631940314004
unmatched,0.1773593739346434
unmatched,-0.010257156139885723
unmatched,0.05634348818845811
unmatched,-0.01286094259546028
unmatched,0.21666857939139592
unmatched,0.02028177664752189
unmatched,0.21177465614787183
unmatched,0.23065373580078014
unmatched,0.009303169376622936
unmatched,0.13500565528265301
unmatched,0.03679833029344088
unmatched,0.07447376247073602
unmatched,0.05697290369244729
unmatched,0.06570055869773563
unmatched,0.05795074217605131
unmatched,0.07384194970891089
unmatched,0.07742111979195539
unmatched,0.003556759815205116
unmatched,0.1369751409953639
unmatched,0.12410784051076175
unmatched,0.09414678505752984
unmatched,0.1860970047089463
unmatched,0.10240609173043248
unmatched,0.11063872704321587
unmatched,-0.014102814585537
unmatched,0.09051738624542781
unmatched,0.11763431067135183
unmatched,0.1532879580939343
unmatched,-0.1478412954344653
unmatched,-0.06670236117257028
unmatched,0.1726299780072989
unmatched,0.16426219745127268
unmatched,0.07287436724943575
unmatched,0.14639003817968993
unmatched,0.2656554384054109
unmatched,0.13423054110633864
unmatched,0.10995096886071244
unmatched,0.043015998743968276
unmatched,0.21746388713303208
unmatched,0.030001332738779512
unmatched,-0.0400773908258394
unmatched,0.08684945052796991
unmatched,0.07215232634557187
unmatched,0.03188571599216882
unmatched,0.14091594148720768
unmatched,0.08289300384812454
unmatched,0.13412565832514106
unmatched,0.12351200135625899
unmatched,0.1359239446872767
unmatched,0.11989358397504832
unmatched,0.1828562422665157
unmatched,0.11895399843821992
unmatched,0.09329996461250982
unmatched,0.09291237748803939
unmatched,0.13144339155960014
unmatched,-0.016578862591188934
unmatched,0.19577533635263428
unmatched,0.14980982823375744
unmatched,-0.10043320970882613
unmatched,0.003979148731222995
unmatched,0.11653478338572802
unmatched,0.07418781749591485
unmatched,0.12246846738301741
unmatched,0.13053344818940277
unmatched,0.15256685635353034
unmatched,0.05041141757679313
unmatched,0.07793440719043054
unmatched,-0.11084692397160441
unmatched,0.12984698159390226
unmatched,0.1418806945645414
unmatched,0.2232379293194953
unmatched,0.08476408838261618
unmatched,0.08477948853882347
unmatched,0.16077299577137963
unmatched,0.028917359118371427
unmatched,0.07223994650652617
unmatched,0.08913986853241238
unmatched,0.10482899910941836
unmatched,0.06685935339378819
unmatched,-0.006990413680415293
unmatched,0.009922820596348908
unmatched,0.12446335681668962
unmatched,0.16290319034050024
unmatched,0.08482121419304883
unmatched,0.12723588474395858
unmatched,0.11908384739469692
unmatched,-0.09282018300455257
unmatched,0.1524906520884869
unmatched,0.11932083229219997
unmatched,0.08171570861198671
unmatched,0.10623594071516489
unmatched,0.174028880237061
unmatched,-0.0521274863686688
unmatched,0.083264282998953
unmatched,0.1426693235702302
unmatched,0.07231899540576228
unmatched,0.058668975531096165
unmatched,0.17712508968118118
unmatched,-0.06611672731450802
unmatched,-0.016970463930575105
unmatched,0.0596432995736463
unmatched,0.22517932389878673
unmatched,0.0011867042770778776
unmatched,0.03301809442862773
unmatched,0.022972028660874673
unmatched,0.05624174980062547
unmatched,0.04715588781089926
unmatched,0.03156711409249671
unmatched,0.07561145202851033
unmatched,0.12607927019762
unmatched,0.1604518281300794
unmatched,0.08317925154371467
unmatched,0.1503318573503039
unmatched,0.004945638543572404
unmatched,0.1344776215427925
unmatched,0.07192291075446228
unmatched,-0.027076702357283905
unmatched,0.24293456311872919
unmatched,0.21590422630319095
unmatched,0.04299371668381032
unmatched,0.15524374388293077
unmatched,0.0006090208092906215
unmatched,0.1622591940439224
unmatched,-0.06863775038945154
unmatched,0.11073850747875554
unmatched,0.22207747409929993
unmatched,0.09380765416805352
unmatched,0.14474432213374064
unmatched,0.14457662379939754
unmatched,0.18128748241216203
unmatched,0.10304833954940279
unmatched,0.0898995958498951
unmatched,0.10329614551746728
unmatched,0.12719269811387848
unmatched,0.03362590127487279
unmatched,0.12787859088223708
unmatched,0.1464610323860944
unmatched,0.17654530634865254
unmatched,0.10532503646551979
unmatched,0.12563950288507886
unmatched,0.01729812671231289
unmatched,0.1435066131850947
unmatched,0.03991338446763921
unmatched,0.0154684428144093
unmatched,0.18322367106473078
unmatched,0.04944185413743907
unmatched,0.1561435998245999
unmatched,0.10888477464371475
unmatched,-0.01994945158892157
unmatched,-0.08415241210345763
unmatched,0.21209894758463504
unmatched,0.1413182875038484
unmatched,0.19483937950123265
unmatched,0.15362070441917397
unmatched,0.1368618245809852
unmatched,0.2343129827990855
unmatched,0.1120069724851358
unmatched,0.1212659908937173
unmatched,0.12865209392611493
unmatched,0.05412196548801439
unmatched,0.025223567266679316
unmatched,0.2047101060985699
unmatched,0.09735874255623865
unmatched,-0.03833012306097655
unmatched,0.05218486192993484
unmatched,0.17041311978537338
unmatched,-0.06871375108829855
unmatched,0.17964707282152848
unmatched,0.08287412550156757
unmatched,0.1510242443130146
unmatched,0.12926629294019942
unmatched,0.11677914284503474
unmatched,0.15737662745055614
unmatched,-0.00654992229825256
unmatched,0.15823075634919564
unmatched,-0.027286028463987186
unmatched,0.0009885448170848042
unmatched,0.13037323255440686
unmatched,0.15280967109776014
unmatched,0.18560496775429153
unmatched,0.187272172099627
unmatched,0.07843066842117301
unmatched,0.17600222970796778
unmatched,0.12097473320649317
unmatched,0.09475350015789674
unmatched,0.05722121526783679
unmatched,0.0061028467642895365
unmatched,0.004708791986285986
unmatched,0.1290500896469025
unmatched,0.146613326213621
unmatched,0.022388436124881183
unmatched,0.1427174171292275
unmatched,-0.07668220005724793
unmatched,0.14337675653561519
unmatched,0.1908774394378545
unmatched,0.05911189612720665
unmatched,-0.006635743900588461
unmatched,0.06682748221790193
unmatched,0.12363853392151691
unmatched,0.12123480668283816
unmatched,0.09439125356463866
unmatched,-0.09989865739886684
unmatched,0.25331178497798024
unmatched,0.17756666557084813
unmatched,0.13652875037936207
unmatched,0.05153570472510815
unmatched,-0.1258572047172361
unmatched,0.06947284618116151
unmatched,0.13686487401442518
unmatched,0.10980325806923857
unmatched,0.1024167946377019
unmatched,-0.028325993745247233
unmatched,0.16439673964019227
unmatched,0.25611417777087275
unmatched,0.054416817831817885
unmatched,0.128709320034517
unmatched,0.09008308441872397
unmatched,-0.03448199935705243
unmatched,0.21367752832835174
unmatched,0.09425658605486419
unmatched,0.024362077349615156
unmatched,0.12926967910064838
unmatched,0.09565591780539037
unmatched,-0.007715155195617786
unmatched,0.10580727852517562
unmatched,0.018417222173294685
unmatched,0.024226034719395974
unmatched,-0.05228764677449058
unmatched,0.17222977103441578
unmatched,0.04486507565400368
unmatched,0.03213559326600323
unmatched,0.0659442609162015
unmatched,0.032713533181197865
unmatched,0.21993282866508893
unmatched,0.0353993481355337
unmatched,0.06795160704567305
unmatched,0.1596299900392929
unmatched,0.1610546071290507
unmatched,0.09932048392995703
unmatched,0.17239574973471902
unmatched,0.14135887811269857
unmatched,0.09756356191480092
unmatched,0.10775247387633616
unmatched,0.16344032197883449
unmatched,0.180970304954948
unmatched,-0.0307282963160406
unmatched,-0.037459192800874924
unmatched,0.032765341276003904
unmatched,0.17302006058053376
unmatched,0.01389028134010532
unmatched,-0.09929203394952958
unmatched,0.019789518407093712
unmatched,0.1732254994450218
unmatched,0.16609667446203535
unmatched,0.12434476573572639
unmatched,0.14484278125719463
unmatched,0.12673323835214173
unmatched,0.11548907140924808
unmatched,0.15273547116834088
unmatched,0.07125618631150094
unmatched,0.1393776940491955
unmatched,0.10398264449715786
unmatched,0.09782227650402918
unmatched,0.14363532198832557
unmatched,0.0714305580827529
unmatched,0.06038952053463425
unmatched,0.09721708766606797
unmatched,0.11822364384364038
unmatched,0.08512786130234416
unmatched,0.08829250515241399
unmatched,0.07979770041489946
unmatched,0.15462034879615186
unmatched,0.1675761217635521
unmatched,0.03999828480513881
unmatched,0.11184119799753298
unmatched,0.06892153691995438
unmatched,0.08069884298795339
unmatched,0.03419350211198079
unmatched,0.0666276871309201
unmatched,0.2841691539405814
unmatched,-0.027944812739091197
unmatched,0.111276196719159
unmatched,0.17986306831596965
unmatched,0.032661608823871764
unmatched,0.10315104893977274
unmatched,0.1286776401353924
unmatched,0.02893089280346597
unmatched,0.061479302283786265
unmatched,0.16102347056560218
unmatched,0.05750683207507764
unmatched,0.1497670830666368
unmatched,0.1604074620618331
unmatched,0.023539706618626213
unmatched,0.0714027869280034
unmatched,0.16996682746963132
unmatched,-0.02030834520786899
unmatched,0.05874741485763219
unmatched,0.030790946048237105
unmatched,0.01913076028109182
unmatched,0.1366371308349556
unmatched,0.010750494901079304
unmatched,0.1349477641027208
unmatched,0.11384421767514505
unmatched,0.06762616023154874
unmatched,-0.029707049475899118
unmatched,0.1649918347346542
unmatched,0.10514976821970236
unmatched,-0.024373368104592227
unmatched,0.0776916359592966
unmatched,0.13882696927127294
unmatched,0.07491348575557953
unmatched,0.03500737786292899
unmatched,-0.03549140745613146
unmatched,0.15222286352317205
unmatched,0.04590953101472357
unmatched,0.11349620557539639
unmatched,0.142950267238343
unmatched,-0.004587998543302793
unmatched,0.07231502444803778
unmatched,0.1606431381019087
unmatched,0.028937520557500578
unmatched,0.2270770596711878
unmatched,0.08629876949701572
unmatched,0.07180803296062314
unmatched,0.008188628168619767
unmatched,0.017128489235286957
unmatched,0.10778218627688543
unmatched,0.18878577459310622
unmatched,-0.047632541650002094
unmatched,0.08289589806741039
unmatched,0.20049113683159392
unmatched,0.12154740954844949
unmatched,-0.03158943938151007
unmatched,0.12871342793971893
unmatched,0.10741331000925225
unmatched,0.08414657466823228
unmatched,0.04683721876956139
unmatched,0.3190885370373285
unmatched,0.12772700129286318
unmatched,0.010121009424117765
unmatched,-0.010788121593744354
unmatched,0.14823305274916254
unmatched,-0.0016404471351084413
unmatched,0.06545617847945738
unmatched,0.06535677308018498
unmatched,0.12471157342638685
unmatched,0.04146702002366517
unmatched,0.10527005073998522
unmatched,0.20555478621061002
unmatched,0.13707758268040274
unmatched,0.06487422362147731
unmatched,0.20307397088400342
unmatched,-0.029990503026815316
unmatched,0.15252306416873698
unmatched,0.015794929564522713
unmatched,0.06313556523503329
unmatched,0.06735983996784627
unmatched,0.07344695295396303
unmatched,0.10725125779362091
unmatched,0.08087927678558676
unmatched,0.13655622389678593
unmatched,0.039217187234863164
unmatched,0.13530038587253926
unmatched,0.11153860417570148
unmatched,0.01780680391494985
unmatched,0.08414857952316392
unmatched,0.19419981135776324
unmatched,0.2012833001483139
unmatched,0.10165286961755834
unmatched,0.11871886814081492
unmatched,-0.04639117314408366
unmatched,0.08756932348619306
unmatched,0.1067327443461426
unmatched,0.15582681755569944
unmatched,0.12618496875312799
unmatched,0.03072333068084581
unmatched,0.10737697366898881
unmatched,0.19637572361209646
unmatched,0.1739876140399625
unmatched,0.16407255854370192
unmatched,-0.0035144669803258005
unmatched,0.1512861953041144
unmatched,0.01617086370606399
unmatched,0.12101583468220668
unmatched,0.06877699144201004
unmatched,0.1562705166023699
unmatched,0.19097996611474174
unmatched,0.31755501102938416
unmatched,0.07988790757431204
unmatched,0.022568028025992136
unmatched,0.07759955408841628
unmatched,0.062181516640956766
unmatched,0.08749048279978408
unmatched,0.03129184612505151
unmatched,-0.1007382169549448
unmatched,0.09713776462411798
unmatched,0.1471599696379914
unmatched,0.06689910499879669
unmatched,0.03844569217928078
unmatched,0.005163445393517174
unmatched,0.13536613439490489
unmatched,-0.019167777737760985
unmatched,0.05533013715231264
unmatched,0.09012302040320198
unmatched,0.15259491032612707
unmatched,0.13213909767555862
unmatched,0.10794294285274193
unmatched,0.17359819834842893
unmatched,0.05076082751551733
unmatched,0.0311935377443622
unmatched,0.3505451411980669
unmatched,0.09521778669062857
unmatched,-0.06073781871378964
unmatched,0.10403404421506458
unmatched,0.20170356774767595
unmatched,0.19144246459326028
unmatched,-0.008379171261083774
unmatched,0.1599301361467896
unmatched,0.04330815203122777
unmatched,0.14619302581419677
unmatched,0.048974021718011934
unmatched,0.0933950008900644
unmatched,0.2504992023181926
unmatched,0.10818305816318713
unmatched,0.1976079272519143
unmatched,0.19191357296294556
unmatched,0.273203785402018
unmatched,0.12064491475052505
unmatched,0.1688202195071544
unmatched,0.12442309002377795
unmatched,0.09174149404551657
unmatched,0.09465454323180654
unmatched,0.13600290727608788
unmatched,0.13269951049505344
unmatched,0.12962415809084774
unmatched,-0.013940351340102958
unmatched,0.19037767988535184
unmatched,0.10537936454192925
unmatched,0.1567159854864901
unmatched,0.019281130065242357
unmatched,0.09743048020703284
unmatched,0.09499835432964232
unmatched,-0.003470825744652856
unmatched,0.14221695880371354
unmatched,0.16615482326344105
unmatched,0.043475692697455645
unmatched,0.07829746501719927
unmatched,0.16387856671908888
unmatched,0.12103434788523271
unmatched,0.04830000809841223
unmatched,-0.012351101884855997
unmatched,0.004867293815122433
unmatched,0.14482523649897955
unmatched,-0.09860071465242332
unmatched,0.017798691740436322
unmatched,0.03924066125023546
unmatched,0.2153894651877608
unmatched,0.13356666509090417
unmatched,0.18126785457656236
unmatched,0.10237009773985815
unmatched,0.23802396857655592
unmatched,0.08513048983512464
unmatched,0.08003300570921036
unmatched,0.022589624927752513
unmatched,0.0871390815835757
unmatched,0.1858255336203163
unmatched,0.10784604580597383
unmatched,0.049500905946149
unmatched,0.10241325483287805
unmatched,0.13858061847376799
unmatched,-0.05821345319346254
unmatched,0.161551285642286
unmatched,0.010035704394046038
unmatched,0.004111246446756871
unmatched,0.06596103951835969
unmatched,0.07995406231216748
unmatched,0.11790819393259729
unmatched,0.10257720699449142
unmatched,0.2624413258346494
unmatched,0.07794286286943174
unmatched,0.027921293799934913
unmatched,0.08473586316133001
unmatched,0.05612097673772676
unmatched,0.1446440553575312
unmatched,0.177600267000227
unmatched,0.056971920973732014
unmatched,0.036512993216128276
unmatched,0.18152506622071465
unmatched,0.13720577315244648
unmatched,0.0869279523583574
unmatched,0.04508129990363726
unmatched,0.1939468249993765
unmatched,0.06613917727516823
unmatched,0.14814565874606778
unmatched,0.023564914779967513
unmatched,-0.008089483208674201
unmatched,0.16967040659630697
unmatched,-0.014865799877309141
unmatched,0.08426235463627735
unmatched,0.09855705158793224
unmatched,0.09945793099857822
unmatched,0.0776790670695578
unmatched,0.1742777975024634
unmatched,0.06776332642232961
unmatched,0.02991354446668968
unmatched,0.09307968963657397
unmatched,0.13364182671768315
unmatched,0.2662773434787445
unmatched,0.07581533612818427
unmatched,0.15752443720922177
unmatched,0.17852143198370996
unmatched,0.1569433917762351
unmatched,0.037317195040695
unmatched,0.04001490317929002
unmatched,0.10104495115892069
unmatched,0.09909089260730014
unmatched,0.15783989398036638
unmatched,0.05023202292624793
unmatched,0.06028299971393832
unmatched,0.12887537325587073
unmatched,0.16862260407658172
unmatched,0.047332848129725526
unmatched,0.23622533624329556
unmatched,0.1934933581111307
unmatched,0.197781745132145
unmatched,0.26950552103393965
unmatched,0.08639595879017928
unmatched,0.1941861887695497
unmatched,0.03735152970859869
unmatched,0.16349797115597062
unmatched,0.09505685388395195
unmatched,0.23304049344848407
unmatched,0.07590615646994166
unmatched,0.10091194510384152
unmatched,0.0969419743564807
unmatched,0.06729038576434064
unmatched,0.12903403389917417
unmatched,0.22604798314051155
unmatched,-0.10946424466044838
unmatched,0.07460150798180372
unmatched,0.12171894548233106
unmatched,0.09913346293444923
unmatched,0.1463954531408739
unmatched,-0.06796776949126535
unmatched,0.1977645896087764
unmatched,-0.012640220764323399
unmatched,0.041872918768362306
unmatched,0.21976075920887125
unmatched,0.07581944236122973
unmatched,0.13221017528184004
unmatched,0.0720006635182663
unmatched,0.047007430696805616
unmatched,0.11150399218120571
unmatched,0.14625184375234446
unmatched,0.1194634337458567
unmatched,0.11290881471079162
unmatched,0.17456627438450947
unmatched,0.12445757044822764
unmatched,-0.019880701994708226
unmatched,0.08340576438229402
unmatched,0.08669134280577259
unmatched,0.03741073830446784
unmatched,0.10073196399389915
unmatched,0.027598051656895942
unmatched,0.04558926899383474
unmatched,0.13943621737543097
unmatched,0.11792317457398147
unmatched,0.18131882542653446
unmatched,0.1692720073003591
unmatched,0.07904856182575137
unmatched,0.08079298511267452
unmatched,0.14056017319591382
unmatched,0.15393520935839491
unmatched,0.07343383149589915
unmatched,0.015288625527511642
unmatched,0.15539981863979976
unmatched,0.17793200054198866
unmatched,0.09589968311154981
unmatched,0.07706763991598801
unmatched,0.1956628324558678
unmatched,0.11487944449239476
unmatched,0.053695677372210385
unmatched,-0.003921879958887234
unmatched,0.10892440242690078
unmatched,0.07724959527543405
unmatched,0.09051732641719717
unmatched,0.07071527089482031
unmatched,0.02078638762206611
unmatched,0.11285226901489234
unmatched,0.07022596623762857
unmatched,0.11444948493568641
unmatched,-0.07505222140590706
unmatched,0.02573200268489786
unmatched,0.003973046366724187
unmatched,0.12060359748390248
unmatched,0.06092502952213643
unmatched,-0.0059551817236394595
unmatched,0.006090098698507693
unmatched,0.07431338068829103
unmatched,0.07728680165692953
unmatched,0.1489058157460607
unmatched,0.1351105167630649
unmatched,-0.0022218397595070325
unmatched,0.04940165909433549
unmatched,-0.07320816947403959
unmatched,0.011342089357175067
unmatched,0.07834136629493699
unmatched,0.22600034934110033
unmatched,0.0719477068551802
unmatched,0.14303801139941016
unmatched,0.14060092650825057
unmatched,0.12320980335472537
unmatched,0.064995691673926
unmatched,0.014995037004299844
unmatched,0.14106148407521304
unmatched,0.08165504997936211
unmatched,0.02607360278918951
unmatched,0.08894321445949
unmatched,0.08245053491209045
unmatched,0.11365356245147583
unmatched,0.009660408145876317
unmatched,-0.009444015333096918
unmatched,-0.010625667436905968
unmatched,0.2575353975735093
unmatched,0.2812751343161386
unmatched,0.027288398303914954
unmatched,-0.010792693183136604
unmatched,0.2155824953396114
unmatched,-0.011898781267727424
unmatched,0.059355780173982124
unmatched,0.022244717388965003
unmatched,0.05741532560366585
unmatched,0.06586920481462205
unmatched,0.01617659244043109
unmatched,-0.06207830076135047
unmatched,0.045830402291807446
unmatched,0.07718168339407627
unmatched,0.1314356273574346
unmatched,0.09867864100517618
unmatched,0.0932929267206889
unmatched,0.013095315355714291
unmatched,0.01206679762201016
unmatched,0.17247663924303044
unmatched,0.1443802424844706
unmatched,-0.030767956006766843
unmatched,0.12156316703381906
unmatched,0.13750169484144645
unmatched,0.08260225618701775
unmatched,0.07426033155542629
unmatched,0.1374170180524306
unmatched,-0.009854220592985482
unmatched,0.1259178522279056
unmatched,0.12641576127349102
unmatched,0.06913100090015872
unmatched,0.05565377837124576
unmatched,0.25012371427030416
unmatched,0.12930426568587783
unmatched,0.24488343746872035
unmatched,0.158279359058459
unmatched,0.0716255391065535
unmatched,0.06042782443677449
unmatched,0.020465977640361194
unmatched,0.12798463755729636
unmatched,0.09201024090647972
unmatched,0.013316920738634256
unmatched,0.15575324118830808
unmatched,-0.04429857879765903
unmatched,0.18028377451835267
unmatched,-0.02456423991692309
unmatched,0.1551245896028288
unmatched,0.090585570939876
unmatched,0.09855678155813519
unmatched,-0.016498636274145842
unmatched,0.035450928680084294
unmatched,-0.09462411447947665
unmatched,-0.011965629903211311
unmatched,0.15322345123435663
unmatched,0.01665554967516201
unmatched,0.16937078322774535
unmatched,0.05001891846634367
unmatched,0.10766509124082733
unmatched,0.04487182463564101
unmatched,0.06085625256181888
unmatched,0.0395283804973368
unmatched,-0.018716814644274927
unmatched,0.07607820187024067
unmatched,0.04342155126970249
unmatched,0.024807089134415487
unmatched,0.1603836065074024
unmatched,0.037602863788147575
unmatched,-0.009447267633132363
unmatched,0.05319158182378487
unmatched,0.275311706549354
unmatched,0.07858433494647497
unmatched,0.025949313546110717
unmatched,0.053236761116690574
unmatched,-0.008210875217425981
unmatched,0.10882781734848816
unmatched,0.19275735990427686
unmatched,-0.026993465454610586
unmatched,0.06194407210983692
unmatched,-0.08258698341907918
unmatched,0.20465567222393286
unmatched,0.07618461537777417
unmatched,0.09330219787970988
unmatched,0.04652718027538538
unmatched,0.20791622536352963
unmatched,-0.014374524504834948
unmatched,0.04690126802748157
unmatched,-0.10559384487448978
unmatched,-0.004011074793992202
unmatched,0.17482255720328396
unmatched,0.1195429714677006
unmatched,-0.02492406851256403
unmatched,0.021592346687293106
unmatched,0.20067642697923194
unmatched,0.0677214535955869
unmatched,0.0024452314513767393
unmatched,0.086560134824033
unmatched,0.0035722045980655067
unmatched,-0.06452981254901559
unmatched,0.07936908028674004
unmatched,0.14456193539927115
unmatched,0.09402626675312648
unmatched,0.1992966435139674
unmatched,0.17251055877611438
unmatched,0.01303189424640484
unmatched,0.12617221896472783
unmatched,0.11325403268249419
unmatched,0.1723437406957118
unmatched,0.09816720177398972
unmatched,0.07907434376123482
unmatched,0.016238558002700996
unmatched,0.12552845302743795
unmatched,0.07214915936257345
unmatched,0.10832084611217835
unmatched,-0.015105130972353201
unmatched,0.11246274785144136
unmatched,0.027055295666904157
unmatched,0.01915981677387938
unmatched,0.06682296006626122
unmatched,0.10301656179981436
unmatched,0.11713878118546407
unmatched,0.11696113813846543
unmatched,0.060659232771081324
unmatched,0.08383062816151927
unmatched,0.1742198437169299
unmatched,0.05866598377958371
unmatched,0.04519005343255718
unmatched,0.08884014979020217
unmatched,0.09710565280004876
unmatched,0.14314546036102016
unmatched,0.25165055992138047
unmatched,0.03404875763329321
unmatched,0.18032597869131756
unmatched,0.1457007287482021
unmatched,0.14011444499811002
unmatched,0.0703284758379864
unmatched,0.17647733718794634
unmatched,-0.05192783002899155
unmatched,0.12779415605373431
unmatched,-0.022339363408888722
unmatched,-0.08795930928229947
unmatched,0.19968988495390022
unmatched,0.12670247231742673
unmatched,0.1962770839791754
unmatched,-0.04372367118238095
unmatched,0.08604494446462436
unmatched,-0.027906301043901346
unmatched,0.018456154178080345
unmatched,0.07031809961866946
unmatched,0.12400748410907446
unmatched,0.19653616679493055
unmatched,0.07391868967901696
unmatched,0.30224742216961525
unmatched,0.06350308371973114
unmatched,0.09843453217607236
unmatched,0.101105170550971
unmatched,0.06794365742429773
unmatched,0.22234950613672255
unmatched,0.11224680181416177
unmatched,0.07906213743688639
unmatched,0.041741453576840074
unmatched,0.10216591194618424
unmatched,0.16578890194624443
unmatched,-0.024547513148149677
unmatched,-0.0488717556801513
unmatched,0.026494291805062763
unmatched,0.21506137179208626
unmatched,0.16520258759602416
unmatched,0.034399059455933745
unmatched,0.1775423121524301
unmatched,0.1825774467050699
unmatched,0.034754412964567126
unmatched,0.07738775756865328
unmatched,0.20663397319978363
unmatched,0.09220676352315012
unmatched,-0.02095206751017142
unmatched,0.11615391067190244
unmatched,0.1928965070196344
unmatched,0.07454380068357296
unmatched,0.14261260785617794
unmatched,-0.0017418887187176221
unmatched,0.1747551718905587
unmatched,-0.01156852507786299
unmatched,0.10616591594569914
unmatched,0.06117373563424859
unmatched,0.1631089046247712
unmatched,0.07066324107054486
unmatched,0.05405675006775376
unmatched,0.03149847221084391
unmatched,0.05672057463297283
unmatched,0.15647260150312944
unmatched,0.12090670467983317
unmatched,-0.054570438992893724
unmatched,0.201869206776749
unmatched,0.16956616720758805
unmatched,-0.04304327621843546
unmatched,0.10848427150955345
unmatched,-0.04945033296320014
unmatched,-0.06957927143200736
unmatched,0.08674510025146671
unmatched,0.03719574310992103
unmatched,0.13275570643013243
unmatched,0.23779022218606122
unmatched,-0.042041608364207304
unmatched,0.061447001324081964
unmatched,0.046036448858786216
unmatched,0.0837265790864337
unmatched,-0.0033931578272192614
unmatched,0.09209008350675447
unmatched,0.11039460036448444
unmatched,0.08192454978871058
unmatched,0.06599935263031172
unmatched,0.10459319975786427
unmatched,0.1660512970331473
unmatched,0.15560076811276005
unmatched,0.08299412280591556
unmatched,-0.010438619009174381
unmatched,0.18179142091234227
unmatched,0.17567912131128452
unmatched,0.02414755772087244
unmatched,0.1396244410999854
unmatched,0.028402279112062275
unmatched,0.19308239598775118
unmatched,-0.00019468780419969404
unmatched,0.051813999900001045
unmatched,0.02171221095395229
unmatched,-0.17082253660946234
unmatched,0.15736019432553436
unmatched,0.11047455594065429
unmatched,0.12277174253977191
unmatched,-0.04328895966462329
unmatched,0.17727405601133153
unmatched,0.11814857457618594
unmatched,0.02845625264466003
unmatched,-0.02010138189119348
unmatched,0.0591148475484606
unmatched,0.06236823958268414
unmatched,0.045089455157141585
unmatched,0.1881855166351518
unmatched,0.015399497782642607
unmatched,0.10682063935125466
unmatched,-0.04024156415523115
unmatched,0.04326907206475211
unmatched,0.05338983934755998
unmatched,0.21626106904482004
unmatched,0.2093496826769204
unmatched,0.19879495733321254
unmatched,0.06007812247633974
unmatched,0.13790014246188373
unmatched,0.04839779789116727
unmatched,0.05872030555606139
unmatched,0.04928075261136508
unmatched,0.019910091706174256
unmatched,0.0412416892742342
unmatched,0.0304764034866064
unmatched,0.0953258930356447
unmatched,0.012757558895040584
unmatched,0.09431402755277375
unmatched,0.10454566303387254
unmatched,0.06316261718603469
unmatched,0.07885650605753677
unmatched,0.16052538271352718
unmatched,0.08898198772583059
unmatched,-0.06552141142175912
unmatched,0.14302691842736498
unmatched,0.10421663813981791
unmatched,0.028368071048079375
unmatched,0.08979389627074309
unmatched,-0.0125439004693116
unmatched,-0.060022949535156085
unmatched,0.25258560202289415
unmatched,0.13099549545021874
unmatched,0.0165435413857958
unmatched,-0.05360158079564478
unmatched,0.02982815607503281
unmatched,-0.04263184548331659
unmatched,0.06332525987799532
unmatched,0.16470849456700223
unmatched,0.039617110399448464
unmatched,0.010304069152918944
unmatched,0.10673663467309874
unmatched,0.12349367575391534
unmatched,0.06915617302194604
unmatched,0.20856412600178387
unmatched,0.18863446466535064
unmatched,0.10430701307503822
unmatched,0.049325561404898376
unmatched,0.06772490997466778
unmatched,0.05676513288751304
unmatched,-0.04673655513501003
unmatched,0.17282349613855974
unmatched,0.14524244934797648
unmatched,0.025943457763081244
unmatched,0.11154803192367947
unmatched,0.11325365299863782
unmatched,0.09606501333805448
unmatched,-0.04939394753541506
unmatched,0.004983700558791874
unmatched,0.10606440074275446
unmatched,0.1714682424599701
unmatched,0.15573969031081436
unmatched,0.06648240331159971
unmatched,0.1118575830067897
unmatched,0.2551758905866765
unmatched,0.18938318008305613
unmatched,0.16435047698872046
unmatched,0.15602258252354587
unmatched,0.15547191208988106
unmatched,-0.1235956488519534
unmatched,0.0015169943355092658
unmatched,0.030762758636241245
unmatched,0.10743449194872319
unmatched,-0.038469828837571794
unmatched,0.21957820802103195
unmatched,0.007522269267910601
unmatched,0.04665328153864701
unmatched,0.07682786629833091
unmatched,0.17184706862266372
unmatched,0.0715892847082625
unmatched,0.11755658931201954
unmatched,0.0955527369525536
unmatched,0.046361871652529106
unmatched,0.1535762215058746
unmatched,0.032434903634571265
unmatched,-0.01156810254290154
unmatched,0.03621015938397286
unmatched,0.13563327093061167
unmatched,0.23192895175280046
unmatched,0.06683382761486796
unmatched,-0.13595831221412266
unmatched,0.16146595395062077
unmatched,0.19538414930871373
unmatched,0.12148053215696185
unmatched,0.08073965507270184
unmatched,-0.044082206475574315
unmatched,0.053331479140706094
unmatched,0.13951852399125036
unmatched,0.1558831744017307
unmatched,-0.07855623410101087
unmatched,0.022561301029485673
unmatched,0.09494572684670467
unmatched,0.23229057078630821
unmatched,0.04126628532638482
unmatched,-0.012802868642449953
unmatched,0.1089759264818442
unmatched,0.11894330321360996
unmatched,0.08240087102444092
unmatched,0.17519659149638914
unmatched,-0.009314934561934206
unmatched,-0.01587445069534627
unmatched,0.21425189968059688
unmatched,0.03595761624023393
unmatched,0.00037026263735498986
unmatched,0.21817117782033646
unmatched,0.09197799983922604
unmatched,0.235447500576244
unmatched,0.024809605075276638
unmatched,0.02224367566341147
unmatched,0.2838270919741687
unmatched,0.10010628591987157
unmatched,0.06887084906557463
unmatched,0.10902732533225416
unmatched,0.04169158462147215
unmatched,0.024989251260066424
unmatched,-0.03246812701187554
unmatched,0.04864266916403584
unmatched,0.10786311122188315
unmatched,-0.10021172965738916
unmatched,0.06733617911023866
unmatched,0.20482169957008878
unmatched,0.0968893716856388
unmatched,0.22326311353827616
unmatched,0.10369857880398407
unmatched,0.10478811364572499
unmatched,0.05396768791266702
unmatched,0.17284159581874706
unmatched,-0.13333403891816417
unmatched,0.1440362937480107
unmatched,0.10648014297297712
unmatched,0.11582009298462388
unmatched,0.1459686772904354
unmatched,0.09339603620283075
unmatched,-0.07437445221935542
unmatched,0.19576527658916953
unmatched,0.05671140175498326
unmatched,-0.07512792768676413
unmatched,0.07337464333990011
unmatched,0.13469097088319446
unmatched,0.0007371588417959825
unmatched,-0.0003917346325205627
unmatched,-0.011994794395214085
unmatched,0.17114248150741848
unmatched,0.1662978262123298
unmatched,0.04149870468704393
unmatched,-0.016187669435700783
unmatched,0.1175370950716679
unmatched,0.11262751198088113
unmatched,0.021333325167278434
unmatched,-0.0630689097737104
unmatched,-0.02562686651918002
unmatched,0.13711395471680005
unmatched,-0.10735475212088186
unmatched,0.2409774834546794
unmatched,0.10853140416321692
unmatched,0.06470459736458876
unmatched,0.11831207588208614
unmatched,0.04870818432045657
unmatched,0.15617701946243545
unmatched,0.13066446482751165
unmatched,0.03914663955936445
unmatched,0.08760609474158201
unmatched,0.08500231861670944
unmatched,0.043370612165971295
unmatched,0.04442006700938963
unmatched,0.18240661999149813
unmatched,-0.02881770573238768
unmatched,0.2256383989032792
unmatched,0.15949727887167792
unmatched,0.12273323335754777
unmatched,-0.0157068912268903
unmatched,0.013415437603922983
unmatched,0.1322384735063616
unmatched,0.12316647915487806
unmatched,0.06727195705950628
unmatched,0.22184493386901122
unmatched,0.05582259443424191
unmatched,0.04371899452450212
unmatched,0.07087414030846725
unmatched,0.027538682505800344
unmatched,0.08506056968485134
unmatched,0.07344507714776126
unmatched,0.1124987399216725
unmatched,0.05797926132119983
unmatched,0.05630746181875356
unmatched,0.10114380411150714
unmatched,0.22582161066685313
unmatched,0.05975573435885723
unmatched,0.09674623014309254
unmatched,0.16720070197206208
unmatched,0.09855506804775428
unmatched,0.05348644370587455
unmatched,0.07502227908407323
unmatched,-0.032522695102774765
unmatched,0.2358110382776227
unmatched,0.1656491122329155
unmatched,0.1998881703993909
unmatched,0.0634058404186892
unmatched,0.014744040672665363
unmatched,0.03896454576333902
unmatched,-0.028654012475480353
unmatched,0.0339167488512238
unmatched,0.07951267026867782
unmatched,0.08524588335748944
unmatched,0.05432786664980657
unmatched,0.07592742174948858
unmatched,0.14537534022354182
unmatched,0.17152423124830993
unmatched,0.1121320632274833
unmatched,0.20307054568977154
unmatched,-0.004881955195886034
unmatched,0.07409403254441371
unmatched,0.1298885835520466
unmatched,0.10752759204010795
unmatched,0.04087743837503512
unmatched,0.12447262163406696
unmatched,0.10679557079423972
unmatched,0.17082642172175824
unmatched,0.0786116510579937
unmatched,-0.04074878168126473
unmatched,0.15541400683593048
unmatched,0.04467793031253668
unmatched,0.1360364119141508
unmatched,0.11942645836410754
unmatched,0.13156020745847563
unmatched,0.07712525707011304
unmatched,0.09942992512506962
unmatched,0.04618861661402528
unmatched,0.05521704209820205
unmatched,0.0734771853899624
unmatched,0.12591680950256684
unmatched,0.08724324331996006
unmatched,0.07009471995620861
unmatched,-0.05330599010631066
unmatched,-0.013547599417693366
unmatched,0.16096424118442365
unmatched,0.1121224220131606
unmatched,0.12222677396995263
unmatched,0.02240081462234597
unmatched,0.10524068043747913
unmatched,-0.010625660594886968
unmatched,0.12558671031430552
unmatched,0.028797848563617997
unmatched,0.007914336496017886
unmatched,0.19744351525491616
unmatched,0.08972547065201712
unmatched,-0.0916276024795891
unmatched,0.14908484931400845
unmatched,0.05250398073542977
unmatched,0.08167198398898523
unmatched,-0.028850198981312723
unmatched,0.12995287899484764
unmatched,0.02413233848425407
unmatched,-0.03703381785248033
unmatched,0.15691108873052312
unmatched,-0.005351792267322406
unmatched,0.17864521078181128
unmatched,0.10589474613879503
unmatched,0.09572882566306758
unmatched,0.08116890372211642
unmatched,-0.05854733767299348
unmatched,0.15536890119873195
unmatched,0.1576842156138428
unmatched,-0.03638876335471981
unmatched,0.12515557968749236
unmatched,-0.04803083264135951
unmatched,0.17951401368127623
unmatched,0.058026505477402145
unmatched,0.12355133606366472
unmatched,0.16418174222265153
unmatched,0.06024368698359918
unmatched,0.05429513963375399
unmatched,-0.03595761225935065
unmatched,0.08049794646913214
unmatched,0.14503681896525936
unmatched,0.15480025054824215
unmatched,0.19907140341654583
unmatched,0.15269281002845905
unmatched,0.07363815991833401
unmatched,0.16463711415810872
unmatched,0.1757846419505437
unmatched,0.017337865290837338
unmatched,0.07395737063723326
unmatched,0.10804151724022602
unmatched,0.05906102644406253
unmatched,0.09129336371574996
unmatched,0.04483863734227168
unmatched,0.14231345785882576
unmatched,0.07445755002107628
unmatched,0.008303501380834799
unmatched,0.011923277529024617
unmatched,-0.02654029326549422
unmatched,0.09601188107236543
unmatched,0.18364998328685972
unmatched,0.09919901424876425
unmatched,0.06374367175779898
unmatched,0.10289542597578649
unmatched,-0.005400434702773312
unmatched,0.12493749140286141
unmatched,0.049183519675184986
unmatched,0.09854652889616858
unmatched,0.0955710226366941
unmatched,0.18962310288241344
unmatched,0.016554301688727367
unmatched,0.15808806932572395
unmatched,0.08668363255556291
unmatched,0.033498506949681456
unmatched,0.06329598051230463
unmatched,0.037287933282357764
unmatched,0.06762851716567937
unmatched,0.011980291479479443
unmatched,0.031082810824718993
unmatched,0.031134323395317944
unmatched,0.053506636181207795
unmatched,0.11606668948837263
unmatched,-0.10988886192830674
unmatched,0.14086852635026498
unmatched,-0.06639510024992876
unmatched,0.06928916865950123
unmatched,0.16285289971278666
unmatched,0.06921970660055012
unmatched,0.030892121196429614
unmatched,0.10664168755368962
unmatched,0.20729588786242284
unmatched,0.1531424101516923
unmatched,0.11715732350425716
unmatched,0.2033478729706177
unmatched,0.054414701113254686
unmatched,0.02935629161897536
unmatched,0.10592410608342887
unmatched,0.048000899297596746
unmatched,0.06030773297958374
unmatched,0.08517300623780118
unmatched,-0.013754870481209526
unmatched,0.11997091263410119
unmatched,-0.016083889364882004
unmatched,0.16156358323530226
unmatched,0.11769689116733802
unmatched,-0.05270655177943876
unmatched,0.24747241821509194
unmatched,0.056402380903451406
unmatched,0.1297007391879141
unmatched,0.1250617828595647
unmatched,-0.02128055320659484
unmatched,0.08579303935210102
unmatched,0.10720682248931451
unmatched,0.1493723784045166
unmatched,0.1485993807214275
unmatched,0.007202765679613796
unmatched,0.12152141278599485
unmatched,0.14957706235093315
unmatched,0.15353664127711994
unmatched,0.13335573913708587
unmatched,0.13040155069965575
unmatched,0.03768183806298201
unmatched,0.03167319343651211
unmatched,0.20316406665437212
unmatched,0.2158098128592773
unmatched,0.20700432855381218
unmatched,0.1635994166399393
unmatched,0.013247826871731276
unmatched,0.1321566605339198
unmatched,0.19895989067086972
unmatched,0.06814686737722324
unmatched,0.033503862848078214
unmatched,0.12529029746231757
unmatched,0.12839232046670102
unmatched,0.09558112018915568
unmatched,0.21928565055739463
unmatched,0.09342727168769609
unmatched,0.2950640819678526
unmatched,0.1780425183477823
unmatched,-0.11142968068852752
unmatched,0.10144523609194048
unmatched,0.007502571490197906
unmatched,0.13965314141113971
unmatched,0.14417679954588675
unmatched,0.09037319908629962
unmatched,0.18905936205137225
unmatched,0.00495426431990317
unmatched,0.017585174876950126
unmatched,0.1182151149353989
unmatched,0.1309149571983978
unmatched,0.20695125845165208
unmatched,0.19110555386361133
unmatched,0.1850220417503143
unmatched,0.09478679577354152
unmatched,0.07516672200407223
unmatched,0.16250774318444638
unmatched,0.0729730419131248
unmatched,-0.07383443275934237
unmatched,0.10086527134767588
unmatched,0.01900663917115205
unmatched,0.22052721264275876
unmatched,0.12831633557374997
unmatched,0.14072085112486932
unmatched,0.07950488875749849
unmatched,0.15488139400900275
unmatched,0.08378702786732674
unmatched,0.19136875151744523
unmatched,0.04643678509282625
unmatched,0.013572938034094637
unmatched,0.11712291331552899
unmatched,0.13984783717312987
unmatched,-0.039749551697930506
unmatched,0.149849462198817
unmatched,0.10004531402451149
unmatched,0.1548931202432408
unmatched,0.11775749462243562
unmatched,0.16012606023211332
unmatched,0.0315497101380176
unmatched,0.015117959504790267
unmatched,0.21689673535881893
unmatched,0.10334226039762698
unmatched,0.08606953009124242
unmatched,0.003479097312160331
unmatched,0.13900336559451118
unmatched,0.10423222881613975
unmatched,0.08217987465703064
unmatched,0.24049017166073622
unmatched,0.017485121004278077
unmatched,0.10898395015239484
unmatched,0.18642993564082883
unmatched,0.03965429146188252
unmatched,0.20997874027337918
unmatched,-0.013721023685035682
unmatched,0.052965519799230976
unmatched,0.17869883735162287
unmatched,0.15026307266284195
unmatched,0.020463683576992308
unmatched,0.013933534768508565
unmatched,0.14132587393644983
unmatched,0.2631267264006831
unmatched,0.17791388292168955
unmatched,0.08598022955413927
unmatched,0.1922780056338799
unmatched,0.190728337308107
unmatched,-0.02735721524848683
unmatched,0.13614678793969406
unmatched,0.0932799344475117
unmatched,0.08004371354497337
unmatched,-0.017156962157442474
unmatched,0.023657324573196137
unmatched,-0.045853415055568475
unmatched,0.04019789783145863
unmatched,0.1618487699362358
unmatched,-0.0106058263078598
unmatched,0.24762712691407382
unmatched,0.10654147030261045
unmatched,0.1453857929791038
unmatched,0.25475044587463047
unmatched,-0.050515463390370406
unmatched,0.1696818266776904
unmatched,0.024185813968158942
unmatched,0.10275231912988024
unmatched,0.06890018027135
unmatched,0.1214872581346067
unmatched,0.057274241199869506
unmatched,-0.036179016546354935
unmatched,0.08610310337872913
unmatched,0.05369997486187874
unmatched,0.052934567397472036
unmatched,0.0037235941202885354
unmatched,0.03547801862186539
unmatched,0.11214894787935208
unmatched,0.11212756835185252
unmatched,0.1282620171333199
unmatched,0.08790894240719033
unmatched,0.032127466882773605
unmatched,0.07910996512269283
unmatched,0.04172528560071757
unmatched,-0.013646996381443496
unmatched,0.0449122441143821
unmatched,0.1904343026499313
unmatched,0.187430540829509
unmatched,-0.06968937902862506
unmatched,0.09351199004926998
unmatched,-0.004722425670411201
unmatched,0.16874057683781332
unmatched,0.13319847777154764
unmatched,0.06841012235231637
unmatched,0.2613388652273956
unmatched,0.011909528893113369
unmatched,0.053941406205310176
unmatched,0.02007976512034817
unmatched,0.15791410244003354
unmatched,-0.10951895331974143
unmatched,0.004928877221589109
unmatched,0.08605812887966519
unmatched,-0.0005910285345100815
unmatched,-0.041974025377566636
unmatched,0.010810290878232388
unmatched,0.14215544912979972
unmatched,0.06743975565760857
unmatched,0.1670128815483085
unmatched,-0.00590028965065595
unmatched,0.14354741794564557
unmatched,-0.010377843912110909
unmatched,0.01221471711743148
unmatched,0.025825419701196704
unmatched,0.011489011330687336
unmatched,0.22696122866510074
unmatched,0.12072178353275537
unmatched,-0.11094357922000854
unmatched,0.053627778533958864
unmatched,0.1067985637273571
unmatched,0.05596484342564193
unmatched,0.14420798168669166
unmatched,0.23321605141574342
unmatched,-0.011589889475928228
unmatched,0.1038647692987386
unmatched,0.13873111715471437
unmatched,0.04814502981367325
unmatched,0.22830300410583146
unmatched,-0.016719962187069004
unmatched,0.10558346142293815
unmatched,0.10133605455500247
unmatched,0.12800397720236842
unmatched,0.01124922426224453
unmatched,0.2721616463159789
unmatched,0.11149411902655146
unmatched,0.19018014237028416
unmatched,0.07871638381614954
unmatched,-0.010841235866712276
unmatched,-0.06857039555921472
unmatched,0.1218009300186052
unmatched,-0.03555040755314326
unmatched,0.014772373679817099
unmatched,0.09843505188827666
unmatched,0.19449266663646206
unmatched,0.08597952354434685
unmatched,0.1121255636481932
unmatched,0.0778048586804309
unmatched,0.09894359915416473
unmatched,0.13638454862529892
unmatched,0.08607540079551934
unmatched,0.058708110972748584
unmatched,0.14485246459450896
unmatched,-0.008242820193287856
unmatched,-0.013828204201184009
unmatched,0.284203763271115
unmatched,0.0078006528171734755
unmatched,0.18109840196425678
unmatched,0.07260121357588772
unmatched,0.06849283341142294
unmatched,0.0120456794930391
unmatched,0.1281512907814857
unmatched,0.18721411978740093
unmatched,0.12136458745754677
unmatched,0.25542733178546884
unmatched,0.026485868217925423
unmatched,0.21356961827249665
unmatched,0.07878286748351382
unmatched,0.015419204185059909
unmatched,0.11815483154146425
unmatched,0.1219815926550814
unmatched,-0.007716850647669401
unmatched,0.13618127617634548
unmatched,0.12710747223637836
unmatched,0.04416276930290557
unmatched,0.22025701408221401
unmatched,0.07924794185291625
unmatched,0.10887239532789936
unmatched,0.05433084560184696
unmatched,0.12768182993703103
unmatched,0.2013107041818955
unmatched,0.2139339837586269
unmatched,0.14162517407165642
unmatched,-0.041668525798283874
unmatched,0.10980567587335988
unmatched,0.23124261190118234
unmatched,0.10548524196069022
unmatched,0.10453011756483703
unmatched,0.10666675165280914
unmatched,-0.03534302836122141
unmatched,0.00979841684065944
unmatched,-0.02554703923227565
unmatched,0.06731960967617327
unmatched,0.01934745468230746
unmatched,0.08393857332100071
unmatched,0.13829805758933178
unmatched,0.005858861194056512
unmatched,0.1410452094551905
unmatched,0.12513393058251493
unmatched,0.0008999006807691601
unmatched,0.08595486123880723
unmatched,0.13657199824686003
unmatched,0.1524591779379586
unmatched,0.09952311699805896
unmatched,0.2874825954543112
unmatched,0.12186761691053162
unmatched,0.051036780597414316
unmatched,0.10459275182097168
unmatched,0.15527063464790783
unmatched,0.0656746932275672
unmatched,0.15763538811738775
unmatched,-0.08894859042493246
unmatched,0.15874489299117142
unmatched,-0.015811316550812412
unmatched,0.06957161827230336
unmatched,-0.0737674996238203
unmatched,0.22060140054618038
unmatched,0.14001072013496269
unmatched,0.14144116029062367
unmatched,0.16065084576680252
unmatched,0.07914524896691527
unmatched,0.07351852175361391
unmatched,0.052248315143930794
unmatched,0.05632177049972572
unmatched,-0.008330238090110149
unmatched,0.13188363230274594
unmatched,0.0897848783246262
unmatched,0.16899531335471984
unmatched,0.06956970186686577
unmatched,0.04901872186822104
unmatched,0.12505642268413514
unmatched,0.14648826748503513
unmatched,-0.02730459283158159
unmatched,-0.012089180535403258
unmatched,0.24046003899547927
unmatched,0.28683225646316
unmatched,-0.01521432521086894
unmatched,0.18646714569611447
unmatched,0.08602703884833354
unmatched,-0.052785193099124196
unmatched,-0.1223424755174365
unmatched,0.052647225239568725
unmatched,0.08798193987304896
unmatched,0.10959157342025264
unmatched,0.055991160174933566
unmatched,-0.020129662468870314
unmatched,0.0964796697842354
unmatched,0.07487984143438497
unmatched,0.17224916465823223
unmatched,0.011633345219924526
unmatched,0.0483827788987467
unmatched,0.03746397040678806
unmatched,0.04810152694421532
unmatched,0.16828117616235483
unmatched,0.13428283641057645
unmatched,0.17645092150916675
unmatched,0.08509506546594489
unmatched,0.09921266778120265
unmatched,0.1286588898966744
unmatched,0.17043398852478206
unmatched,0.13251489451265877
unmatched,0.14246609956947706
unmatched,0.07680041165857213
unmatched,-0.0029968293407799792
unmatched,0.18639188268086304
unmatched,0.16900169601062334
unmatched,0.16906422717564892
unmatched,0.15665688944705125
unmatched,-0.00845083318384265
unmatched,0.12275711719543062
unmatched,0.12010970057922984
unmatched,0.12549128751774705
unmatched,0.11493505617216929
unmatched,-0.13918663830799824
unmatched,0.016290208376110348
unmatched,0.0457256864505076
unmatched,-0.016592427429494634
unmatched,0.12015522518703901
unmatched,0.08032770369503188
unmatched,0.06311212374930036
unmatched,0.1465443411891114
unmatched,0.15551342122029926
unmatched,-0.038624050455207545
unmatched,0.12232315964053797
unmatched,0.2107334156867963
unmatched,-0.023778743433470573
unmatched,0.10335183068508777
unmatched,0.2243112823189139
unmatched,0.09221729691689025
unmatched,0.06331682776586349
unmatched,0.17135051283725347
unmatched,-0.0007788274827318827
unmatched,0.09195479621237958
unmatched,-0.02594658623110431
unmatched,-0.053482791620391636
unmatched,0.06295434185266714
unmatched,0.10392133810264001
unmatched,0.037855511436367596
unmatched,0.11892015976157114
unmatched,0.032935747183692354
unmatched,0.05105901182235867
unmatched,0.04123994502598299
unmatched,0.1759306474258978
unmatched,0.03194484604762797
unmatched,0.07872476695174654
unmatched,0.036997613278973746
unmatched,-0.042829734045289225
unmatched,0.014010156767409061
unmatched,0.1595018652450805
unmatched,0.13901375184485576
unmatched,0.05110666105777956
unmatched,0.06767618846376872
unmatched,0.08186234518332167
unmatched,0.035511791954718576
unmatched,0.1048295705360319
unmatched,0.17954197537135397
unmatched,0.058849913156748736
unmatched,0.034286416376379775
unmatched,0.16492668938171148
unmatched,0.2472360389391905
unmatched,0.1299471216549579
unmatched,0.13263519269766746
unmatched,0.06908412428787584
unmatched,-0.08896045728624297
unmatched,0.15842563108088106
unmatched,0.0713749709546372
unmatched,0.0927221124772809
unmatched,0.1069273289832755
unmatched,0.15850412819648843
unmatched,0.12414573972315364
unmatched,0.07518300329060573
unmatched,0.13947987674130646
unmatched,0.15200883533357842
unmatched,0.064948279187412
unmatched,0.08592610115164198
unmatched,0.07537920796559076
unmatched,-0.057155408422584035
unmatched,0.2582612689382596
unmatched,0.20677545940335418
unmatched,0.08692462675202983
unmatched,0.03291426611325094
unmatched,0.11756248716045724
unmatched,0.05934329171170355
unmatched,0.1580061433592679
unmatched,0.04729246604819132
unmatched,-0.011362148119223956
unmatched,0.09727953832263132
unmatched,-0.029436152818234487
unmatched,-0.09224254519398553
unmatched,0.06413738394071809
unmatched,0.04812449676898492
unmatched,-0.07748062521396974
unmatched,0.06446227933121312
unmatched,0.09396877716797807
unmatched,0.029239159535612656
unmatched,-0.0467135757546275
unmatched,-0.03006752803606472
unmatched,0.06315473096321127
unmatched,0.014219746308065849
unmatched,-0.01710227292675111
unmatched,-0.046219539418546285
unmatched,-0.04410483086212545
unmatched,0.012832102573702429
unmatched,0.05258500533963598
unmatched,0.14709428901235136
unmatched,0.1622367054879482
unmatched,0.06250213692850265
unmatched,0.20470800254922175
unmatched,0.0905487061697258
unmatched,0.023229968636058446
unmatched,0.06906230873181163
unmatched,-0.013208841687877665
unmatched,0.15531256682181444
unmatched,-0.03712584149087441
unmatched,0.10842305381260503
unmatched,-0.0035792946793104046
unmatched,0.11172894391321725
unmatched,0.16071475157050305
unmatched,0.06397518090704801
unmatched,0.09787178335114316
unmatched,0.10802220394706771
unmatched,0.1857287911368116
unmatched,0.10423309319769
unmatched,0.12050045608308484
unmatched,0.10292614476022288
unmatched,0.06709486767208434
unmatched,0.17353140246657636
unmatched,0.09994773505997664
unmatched,0.055475010921504544
unmatched,0.1659138210293784
unmatched,0.09204908429025967
unmatched,0.07693791947768337
unmatched,0.09312289886554477
unmatched,0.11984391752198169
unmatched,0.09835090017168635
unmatched,0.12612866311079715
unmatched,0.014417900683422037
unmatched,0.0675126660226707
unmatched,-0.043337831519084984
unmatched,0.12587164610182797
unmatched,0.09590126936247247
unmatched,0.11325765552346424
unmatched,0.10478507271132355
unmatched,0.06168476342401997
unmatched,-0.007456386111326292
unmatched,0.06385533304732137
unmatched,0.07111478898432899
unmatched,0.0005516339841887331
unmatched,0.12821796525160692
unmatched,0.13404327453863318
unmatched,0.06357461015474439
unmatched,0.13586304348629305
unmatched,0.14678184603799366
unmatched,-0.014220044863773141
unmatched,0.2685188732645105
unmatched,0.20987978377655253
unmatched,0.15015740626766308
unmatched,0.1633903800852072
unmatched,0.10815396132838426
unmatched,0.13172335555946038
unmatched,0.2228028151318761
unmatched,0.08168711964042609
unmatched,-0.011309367225497012
unmatched,0.03747513488003198
unmatched,0.08469025365027669
unmatched,0.0944098572787346
unmatched,0.0357049730181466
unmatched,0.17558122096904288
unmatched,0.12899810624309954
unmatched,0.1282764032662638
unmatched,0.15055375868746845
unmatched,0.17561841606917145
unmatched,0.12467454857413172
unmatched,0.005027195879150394
unmatched,0.1288812327021755
unmatched,-0.03528134916230768
unmatched,-0.04148406215122706
unmatched,0.07571675855490331
unmatched,0.04975571824577747
unmatched,0.2951343439809147
unmatched,0.12438322691987165
unmatched,0.059886394786640144
unmatched,0.10026383239209263
unmatched,0.07041310095504073
unmatched,0.10900010662305754
unmatched,0.15369918870560004
unmatched,0.1768675003258207
unmatched,0.017751499862707576
unmatched,0.09836443629635444
unmatched,0.12195400367769266
unmatched,0.06590094027797673
unmatched,0.15302073949712472
unmatched,0.17528502038230107
unmatched,0.1844974832386911
unmatched,0.16226060647306106
unmatched,-0.0025496294073798047
unmatched,0.09301641017628837
unmatched,0.1568152279989913
unmatched,0.03123712529861413
unmatched,0.08926286805990669
unmatched,0.08962462585181132
unmatched,0.1444662216659988
unmatched,0.056021399524355454
unmatched,0.018964068630063266
unmatched,0.03294228899645592
unmatched,-0.06457941967154066
unmatched,-0.009897673759565925
unmatched,0.1546127062977695
unmatched,0.07891827369707062
unmatched,0.05723166476850348
unmatched,0.14876477481908137
unmatched,0.06266080721737402
unmatched,0.08248155050325737
unmatched,0.046224700798528896
unmatched,0.0193254965969461
unmatched,0.003163885815709
unmatched,0.2510395131291989
unmatched,0.040813133629455926
unmatched,0.10840097650586711
unmatched,0.06958027249476235
unmatched,0.20973251506035856
unmatched,0.1177070477052146
unmatched,0.22574635624773112
unmatched,0.09993011573305718
unmatched,0.18567075343773387
unmatched,0.014732860437213334
unmatched,0.09400917478111387
unmatched,0.1782911246889524
unmatched,0.12862380983284352
unmatched,0.1692028123815363
unmatched,0.05074265183844792
unmatched,0.08283057482556844
unmatched,0.06994617343801074
unmatched,0.06709328701270598
unmatched,0.07296602424136821
unmatched,0.11716162440462041
unmatched,-0.014265963458913221
unmatched,0.22990017043755887
unmatched,0.07558192087857793
unmatched,0.19046029740623172
unmatched,0.21358904346914193
unmatched,0.004988990613906655
unmatched,0.20651624080803557
unmatched,0.05003273787105335
unmatched,0.07611361649222105
unmatched,0.10457272450229205
unmatched,0.06205636159327728
unmatched,0.10644880343504927
unmatched,0.06456696928485307
unmatched,0.052102950803286335
unmatched,0.12695131088647793
unmatched,0.06927964864335912
unmatched,0.008366110745386818
unmatched,0.09351963556641169
unmatched,0.06253458581362417
unmatched,0.024264784301856468
unmatched,0.22068491628263248
unmatched,0.04185587547304111
unmatched,0.1374964220205617
unmatched,0.0695661599887399
unmatched,-0.046774330939863155
unmatched,0.17552398766071559
unmatched,0.15010293849489037
unmatched,-0.009248313767484565
unmatched,0.02542085620555172
unmatched,0.1078495181309791
unmatched,0.13792635908287734
unmatched,0.1867058829002987
unmatched,0.04746788919335815
unmatched,0.08953315960625079
unmatched,0.23162228890848682
unmatched,0.08113956062604553
unmatched,0.1319192534181623
unmatched,0.0672907323130582
unmatched,0.029341891942409222
unmatched,0.11361152412682055
unmatched,0.12114023479088523
unmatched,0.16328436859668194
unmatched,-0.051417552084327876
unmatched,0.19418348407712288
unmatched,0.14165190542241993
unmatched,0.13860549687237567
unmatched,0.13120056559972096
unmatched,0.07677973369598637
unmatched,0.08066590961249122
unmatched,0.162473221933837
unmatched,0.1425723447864733
unmatched,0.09780832475959862
unmatched,0.17487755605924288
unmatched,0.03501588158441952
unmatched,0.22725889992611814
unmatched,-0.06024230447495344
unmatched,0.1469262170409653
unmatched,0.004426148017166076
unmatched,0.05671210406057427
unmatched,0.10499642197356347
unmatched,0.00604171133946248
unmatched,0.13887950531225035
unmatched,0.13156162454379955
unmatched,0.05803687462410611
unmatched,0.0016682534117904149
unmatched,0.145372305155127
unmatched,0.07440453286417431
unmatched,0.04858408026483
unmatched,0.19080320605342246
unmatched,0.06398406337635
unmatched,0.1257589049288091
unmatched,0.10021486294612224
unmatched,0.22584835746482135
unmatched,0.15087787610948689
unmatched,0.1430609513439846
unmatched,0.18545151549407676
unmatched,0.2792594322614508
unmatched,0.12196255428627018
unmatched,0.0806983590840687
unmatched,0.10003569801552446
unmatched,0.0633389750275134
unmatched,0.059186985845998415
unmatched,0.060811864334118726
unmatched,0.1406688061908686
unmatched,0.04340576593056887
unmatched,0.15684245354532078
unmatched,-0.021725775865979596
unmatched,0.0011252811030386756
unmatched,0.01937087254371327
unmatched,0.018612741749225375
unmatched,0.12499623372680264
unmatched,0.0857579937388548
unmatched,0.07017576406979968
unmatched,0.0711182723761831
unmatched,-0.07329362991747757
unmatched,0.0796302133871431
unmatched,0.0273106480470215
unmatched,0.08273556868084289
unmatched,0.06448263039915351
unmatched,0.18319743752689177
unmatched,0.00431573970369322
unmatched,-0.02297992645304495
unmatched,0.14028817432566745
unmatched,0.14610279367686507
unmatched,0.12257230096582751
unmatched,0.08543850886938772
unmatched,0.005185025086152814
unmatched,0.11018356014036067
unmatched,0.1693584602342139
unmatched,0.17514237804391472
unmatched,0.039140882261512334
unmatched,0.050828247805740454
unmatched,0.0846373513773213
unmatched,0.10889443117197863
unmatched,0.08284153955356076
unmatched,0.10672881524666379
unmatched,0.07223347092727311
unmatched,0.12461942327170576
unmatched,0.0675415550812741
unmatched,0.2143815300933718
unmatched,0.10678553486969679
unmatched,0.2150258257318486
unmatched,0.062291179699948
unmatched,0.08167309554314224
unmatched,0.10697673888124161
unmatched,0.09640023812726296
unmatched,-0.025908930519501036
unmatched,0.07126852504782928
unmatched,0.1355548010145339
unmatched,0.13644441431588722
unmatched,0.10944639992080273
unmatched,0.09034414306324934
unmatched,0.04862904160941247
unmatched,0.1681422041912114
unmatched,0.05838100685453962
unmatched,0.12118490425883974
unmatched,0.0907812958450262
unmatched,0.09936941621412139
unmatched,0.14471938265707388
unmatched,0.11196655038083968
unmatched,0.10730036766944583
unmatched,-0.012145427724340336
unmatched,0.14644124823379862
unmatched,0.07260960182680441
unmatched,0.15747255850216801
unmatched,0.2234927301318242
unmatched,0.04946951012074664
unmatched,0.04662442955293811
unmatched,0.09150986528153995
unmatched,0.16808839310622203
unmatched,0.09134812087074012
unmatched,0.14722561348373567
unmatched,0.10443854551686367
unmatched,0.01897024466680899
unmatched,0.06702100293323676
unmatched,-0.030817582002559466
unmatched,0.15795747055950987
unmatched,0.16253895263434834
unmatched,0.1754700286805665
unmatched,0.09220602830398024
unmatched,0.013914617535981702
unmatched,0.1304658713147978
unmatched,0.12793769387491444
unmatched,0.03592327915159803
unmatched,0.09885509430676297
unmatched,-0.11004970998507786
unmatched,0.0779707826230737
unmatched,0.2164503118800012
unmatched,0.07820197687616443
unmatched,0.14719927136204694
unmatched,0.12288122580963506
unmatched,0.1125154130896254
unmatched,0.034778930534742236
unmatched,0.20780029577145528
unmatched,0.1439624341401827
unmatched,0.08974123479776888
unmatched,0.03737790833173138
unmatched,0.2222774696321515
unmatched,0.25766047145513626
unmatched,0.23653732049242204
unmatched,0.021267003562607988
unmatched,0.11031322631081743
unmatched,0.08322275524006287
unmatched,0.08320096173630924
unmatched,0.013512291926650764
unmatched,0.15900935380416487
unmatched,0.15600473384976435
unmatched,0.03090598702843536
unmatched,0.11253214419442972
unmatched,0.15489928185994603
unmatched,0.1381779141473483
unmatched,-0.017283498514972427
unmatched,0.1381924988450087
unmatched,0.11228422837739953
unmatched,0.03524852440710893
unmatched,0.03898672977169639
unmatched,0.09978499736463764
unmatched,0.07112410167683805
unmatched,0.11145151417534106
unmatched,0.020634220744174408
unmatched,-0.025217801964900508
unmatched,0.048243425921983135
unmatched,0.20127475132924275
unmatched,0.014444336970928125
unmatched,0.03266323663512382
unmatched,0.17874920211686965
unmatched,0.09561273313244854
unmatched,0.09476583192040387
unmatched,0.1587723591579511
unmatched,0.03428328036606221
unmatched,0.13142553520658076
unmatched,-0.023821320115671066
unmatched,0.1167516190794079
unmatched,-0.03712852500215809
unmatched,0.11422737239118116
unmatched,-0.08107433127099681
unmatched,0.1266306722314854
unmatched,0.07215009808181577
unmatched,0.16141428424555482
unmatched,-0.008743309486971931
unmatched,0.19102908798088608
unmatched,0.18106111221811735
unmatched,-0.01043635676852
unmatched,0.15091689535618527
unmatched,0.17270807206028296
unmatched,-0.08830447575343804
unmatched,0.019730913783143608
unmatched,0.09781891311728891
unmatched,0.10290316099356131
unmatched,0.10671540087976225
unmatched,0.12508401901777372
unmatched,0.12124044358520414
unmatched,0.05627421177927846
unmatched,0.049379725801961656
unmatched,0.13949319035106025
unmatched,0.08357426254278616
unmatched,0.01581110138875604
unmatched,0.16932546371633087
unmatched,0.12677911379274048
unmatched,0.17483564506347946
unmatched,0.04918740606556312
unmatched,0.1760658543518061
unmatched,0.11142078713088427
unmatched,0.10955662341787972
unmatched,-0.10268034594970717
unmatched,0.14750329896138314
unmatched,0.09262565283419104
unmatched,0.14052696565862363
unmatched,0.05975203370196624
unmatched,0.03802009490304835
unmatched,-0.0003001534376463936
unmatched,0.022654211112393005
unmatched,-0.01610334700197728
unmatched,0.02199883994695302
unmatched,-0.019661834080336456
unmatched,0.12859474005837673
unmatched,0.015417553923550573
unmatched,-0.011220778284188535
unmatched,-0.03880813525519633
unmatched,0.11313170705193969
unmatched,0.2011899741994444
unmatched,0.045575910407654685
unmatched,0.18495684340320592
unmatched,0.09877286504105875
unmatched,0.15229390020446024
unmatched,0.0667584574241701
unmatched,0.07479933533954422
unmatched,0.06655783779950937
unmatched,0.10090913781014028
unmatched,0.07307233880139942
unmatched,0.012939172173291548
unmatched,0.03097465178150602
unmatched,0.012225813065008117
unmatched,0.11872389273069753
unmatched,0.003350169364559921
unmatched,0.13243513541651794
unmatched,0.2392558444844986
unmatched,0.14231544358352233
unmatched,0.044993678293596386
unmatched,0.07195305115875741
unmatched,0.05072056465926611
unmatched,0.08288948412532189
unmatched,0.15653055670020075
unmatched,0.12008302449124705
unmatched,-0.049529109601561976
unmatched,0.24672361305002374
unmatched,0.03051908002241033
unmatched,-0.043053553059965735
unmatched,0.07428734353688492
unmatched,0.14134536887026816
unmatched,0.15797045941614554
unmatched,0.10907483230243198
unmatched,0.20664975098117047
unmatched,0.11221444159691024
unmatched,0.04922290302609273
unmatched,0.02903843883772383
unmatched,0.15056740978954622
unmatched,7.243210800317853e-05
unmatched,0.11665843869016028
unmatched,0.08932619450008357
unmatched,0.13280210577559323
unmatched,0.07155609150754294
unmatched,0.04703408344798242
unmatched,0.18502564352548817
unmatched,0.2053326102059303
unmatched,-0.015465964454214397
unmatched,0.15273565799729422
unmatched,0.007250483609997024
unmatched,0.12288592271124585
unmatched,0.04911512498309511
unmatched,0.15610881623833453
unmatched,0.25098332361485076
unmatched,0.061403300395753924
unmatched,0.18990821455598597
unmatched,0.11353330219835549
unmatched,-0.07066877454868208
unmatched,0.06253125317340362
unmatched,0.04309296237586806
unmatched,0.01819960169615398
unmatched,0.15311112366354096
unmatched,0.18421613787767188
unmatched,0.2528985009074276
unmatched,0.147694896469892
unmatched,0.16659491168292404
unmatched,0.02673212710900808
unmatched,0.1267987081041846
unmatched,0.13033141446128454
unmatched,0.1894206787312693
unmatched,0.14029013758438771
unmatched,0.1926992734811056
unmatched,0.11799230631169633
unmatched,0.08363999826676963
unmatched,-0.07826606479535711
unmatched,0.10309691724224447
unmatched,-0.024116331358634998
unmatched,0.14025108183682358
unmatched,-0.060177021917699254
unmatched,0.02589535128392526
unmatched,0.03246780338119553
unmatched,0.05062371364391237
unmatched,0.12863441548477828
unmatched,0.1536888816482352
unmatched,0.21510173880856404
unmatched,0.12534672553241166
unmatched,-0.024856961096098796
unmatched,0.041001447927183
unmatched,0.07440471378978744
unmatched,0.1325659837260244
unmatched,0.2037630835903647
unmatched,0.07165125297229218
unmatched,0.14738371826050448
unmatched,0.1597190433792343
unmatched,0.056947530031095955
unmatched,0.07640123904480302
unmatched,0.047676549015608645
unmatched,0.15586921491173084
unmatched,0.09867524074897774
unmatched,0.03995660823575967
unmatched,-0.0072417994527178165
unmatched,-0.005078586554252903
unmatched,0.3130278127959694
unmatched,0.18665350951995432
unmatched,0.08811223092101561
unmatched,0.16333666610945582
unmatched,-0.06146246593950184
unmatched,0.03159827720702338
unmatched,0.049081660050508645
unmatched,0.07911546430986628
unmatched,0.13922487430497457
unmatched,0.12153869516798396
unmatched,0.19463004423295993
unmatched,0.12770580580823293
unmatched,-0.01952571794569932
unmatched,-0.02893470165203746
unmatched,-0.12950940130414978
unmatched,0.08339480360941874
unmatched,0.21011802866891266
unmatched,0.07915935340573785
unmatched,0.0539571430553148
unmatched,0.17194529234663017
unmatched,-0.010467254196384435
unmatched,0.0725157645655587
unmatched,0.09222295173937103
unmatched,0.2141688265031991
unmatched,0.12546586876247082
unmatched,0.06089516642808756
unmatched,0.10673704957362203
unmatched,0.08575984934703061
unmatched,0.0035953754335490635
unmatched,0.01283626310688635
unmatched,0.18521207514969396
unmatched,0.17356606543826164
unmatched,0.15146721374829814
unmatched,0.1270954018967939
unmatched,0.17610642340383387
unmatched,-0.04169875698099892
unmatched,0.155342708671306
unmatched,-0.07736826952629396
unmatched,0.08345902348736976
unmatched,0.08112226960185313
unmatched,-0.016755804596865095
unmatched,0.06867907112999502
unmatched,0.27696517548187943
unmatched,0.1251739291866855
unmatched,0.18924524214375177
unmatched,0.0736104745576775
unmatched,0.2092149370929744
unmatched,-0.027824078661336106
unmatched,0.11468973087471031
unmatched,0.07619899676414219
unmatched,0.03156100845091017
unmatched,0.08814716651647608
unmatched,0.09314204403064363
unmatched,0.05825274785431901
unmatched,-0.029030972093658184
unmatched,0.19067176896576965
unmatched,0.1323356176939887
unmatched,0.07144868602528873
unmatched,0.26782463089038244
unmatched,0.05938098878434609
unmatched,0.029853859672610353
unmatched,0.10220846403069726
unmatched,-0.040360451633111125
unmatched,0.0859477124185315
unmatched,0.15383991350107215
unmatched,0.12816542391526278
unmatched,0.19766755945466175
unmatched,0.1422606555292166
unmatched,0.07216635821511351
unmatched,0.26132264403780736
unmatched,0.029255400825515965
unmatched,0.07318664483418644
unmatched,0.0633837460578513
unmatched,0.07910972299666397
unmatched,0.05067663149665025
unmatched,-0.010194981788068326
unmatched,0.03999306938045849
unmatched,0.178535957187133
unmatched,-0.032456624747158894
unmatched,-0.07809534956622409
unmatched,0.07338097095626922
unmatched,0.10986231648117804
unmatched,-0.017855725322353598
unmatched,0.00431862560532063
unmatched,0.11875538880899954
unmatched,0.00957570545696225
unmatched,0.028557505018487136
unmatched,0.09713713227919757
unmatched,0.1704437797081291
unmatched,0.10598583011965677
unmatched,0.11929375650534144
unmatched,0.11446245627511364
unmatched,0.0737389968690103
unmatched,0.08416931906258025
unmatched,0.023567437399495305
unmatched,0.12943608445537402
unmatched,0.06682294081336769
unmatched,0.17155419241446795
unmatched,0.06312057525916817
unmatched,0.0623578942977355
unmatched,0.0915769552397627
unmatched,0.1408457318390113
unmatched,0.028710313140561054
unmatched,0.1140551815120778
unmatched,0.11053483345176578
unmatched,-0.02995660886614923
unmatched,0.23311879186084367
unmatched,0.21463978802272474
unmatched,0.02436364327063344
unmatched,0.0874956470086016
unmatched,-0.08231154202053484
unmatched,0.020309324787947284
unmatched,-0.08901296546247042
unmatched,0.0856645686620251
unmatched,0.10293502392248553
unmatched,0.10428807951638353
unmatched,0.054462266980063755
unmatched,0.16190418800730025
unmatched,0.15985040939019984
unmatched,0.1110285741439257
unmatched,-0.008832624072531606
unmatched,0.07012649463557996
unmatched,0.13541642523803726
unmatched,0.08808857309828669
unmatched,0.041276710981897245
unmatched,0.12860205194811533
unmatched,0.020576579983467916
unmatched,0.1366407478098889
unmatched,0.025683695262967154
unmatched,-0.025969616175090585
unmatched,0.20894372163620462
unmatched,0.09925649769970339
unmatched,0.15896734029613874
unmatched,0.1453459637465813
unmatched,0.1723881774258204
unmatched,0.10302433644432035
unmatched,0.11903982313120812
unmatched,0.17047640695537233
unmatched,0.1610303009681045
unmatched,0.08128215825337227
unmatched,0.11015022626449698
unmatched,0.11873415594479654
unmatched,0.08945529176852507
unmatched,0.03319351083384043
unmatched,0.06508772194870739
unmatched,-0.09686553521225864
unmatched,-0.04482901712989725
unmatched,0.09725867137408088
unmatched,0.04160584830488947
unmatched,0.03679398196029256
unmatched,0.13928213213616233
unmatched,0.12817054021707558
unmatched,0.03604180986414278
unmatched,0.23995753789614171
unmatched,0.24836357844652898
unmatched,0.17277419896636367
unmatched,0.28163268443379363
unmatched,0.0834901680835875
unmatched,0.08148095811802178
unmatched,0.1312355790479068
unmatched,0.07953543297310868
unmatched,0.1727942796598733
unmatched,0.034479301819231326
unmatched,-0.02280245617392378
unmatched,-0.02250145018596205
unmatched,-0.02523004896812003
unmatched,0.1448051161747898
unmatched,0.11242864820232543
unmatched,0.12332646308391298
unmatched,0.24309120792971312
unmatched,0.08496778608501683
unmatched,0.26357359026157745
unmatched,0.10454915530831789
unmatched,0.07076277656427404
unmatched,0.1098636468174118
unmatched,0.18389240124209602
unmatched,0.142259159703933
unmatched,0.07759935138281598
unmatched,0.09874844752271404
unmatched,0.11453602644536855
unmatched,0.20520278942459497
unmatched,0.0061986332632676215
unmatched,0.24074147068329094
unmatched,0.2288583277234117
unmatched,0.1989228565697955
unmatched,0.2146041621314652
unmatched,0.08964282406028751
unmatched,0.0810175782800574
unmatched,0.16517063770067597
unmatched,0.0972943102155302
unmatched,0.21545821336611617
unmatched,0.016863474947938353
unmatched,0.08203383795323926
unmatched,0.09966798201274932
unmatched,-0.03966487001398034
unmatched,0.1172512735936616
unmatched,0.07808046539949484
unmatched,0.047958276380262455
unmatched,0.13314790688033545
unmatched,-0.013079497684817346
unmatched,0.054035448816389636
unmatched,0.059318066197966306
unmatched,0.20237815873811937
unmatched,0.08035457675482725
unmatched,0.010241124778628272
unmatched,0.19399453015466542
unmatched,0.08453100367288408
unmatched,0.018666493603620722
unmatched,0.034920778403533
unmatched,0.08956622363683957
unmatched,0.09390488266466941
unmatched,0.0827015128350188
unmatched,0.05868064730101479
unmatched,-0.049100910941058444
unmatched,-0.015152384622117869
unmatched,0.06720511433537503
unmatched,0.145924985049857
unmatched,0.1621685986063429
unmatched,0.13362751913299237
unmatched,0.11622627342498587
unmatched,0.00691164933105062
unmatched,0.15807847717006862
unmatched,0.028753441949663262
unmatched,0.15472086679149158
unmatched,0.1788498178207091
unmatched,0.11022919416796449
unmatched,0.19626812096038349
unmatched,0.21214535538694287
unmatched,0.05266384515438533
unmatched,0.0797963602849251
unmatched,0.14795279250132148
unmatched,0.12663756724433547
unmatched,0.11516014388740947
unmatched,-0.0961990785463772
unmatched,0.063860634073168
unmatched,0.19684270603678605
unmatched,0.15586387212196012
unmatched,0.025135014069897575
unmatched,0.10812705872873397
unmatched,0.1495112923115012
unmatched,0.14423281398212073
unmatched,0.18258703008390118
unmatched,0.0811568774967106
unmatched,0.12290647815580133
unmatched,0.1081893065176149
unmatched,0.1502009089425785
unmatched,0.06988312688321512
unmatched,0.12918616484220888
unmatched,0.16259974169609642
unmatched,0.17745761822071465
unmatched,0.19705917294952993
unmatched,0.19185835993242392
unmatched,0.03482007620138211
unmatched,0.07026710725028322
unmatched,0.07262328995102721
unmatched,0.1407014852039676
unmatched,0.17242960101597982
unmatched,0.08284140935870679
unmatched,0.09697999382817844
unmatched,0.029269514095243997
unmatched,0.1563462802991955
unmatched,-0.11145046925874812
unmatched,0.09502002613976658
unmatched,0.16106130289168505
unmatched,0.03254806478202989
unmatched,0.1463384107512881
unmatched,0.039822196157174895
unmatched,0.07984448062719547
unmatched,0.06271143436057974
unmatched,0.04977179201407378
unmatched,0.014604605415340609
unmatched,0.12725672408929764
unmatched,0.055333330660641576
unmatched,0.025795116706758672
unmatched,0.1279150014983074
unmatched,-0.004025383262642133
unmatched,0.16045517540474155
unmatched,0.054363919603254575
unmatched,0.0752961382037555
unmatched,0.17207358954507812
unmatched,0.04952127322658936
unmatched,-0.06097842230084966
unmatched,0.12044227450833961
unmatched,0.051188331598481365
unmatched,0.16036151112333014
unmatched,0.042355640669921764
unmatched,0.0594995807720996
unmatched,0.12120116463722194
unmatched,0.10037177748822622
unmatched,0.1908232088228847
unmatched,0.13542060802806982
unmatched,0.04886930277448248
unmatched,0.15085106695879305
unmatched,0.03652561889713236
unmatched,0.23018068076667453
unmatched,0.008255573998059911
unmatched,-0.027843640342401287
unmatched,0.14686145750398122
unmatched,0.027962311315715898
unmatched,-0.050732705006269536
unmatched,0.24932132019378644
unmatched,0.19574406444481474
unmatched,0.04160085110721032
unmatched,0.08560071390792219
unmatched,0.2321761770162404
unmatched,0.01790538309839128
unmatched,0.25550339716613407
unmatched,0.25247010724688373
unmatched,-0.002798916141601371
unmatched,0.1319365375458145
unmatched,0.12649191507548888
unmatched,0.11103867633209974
unmatched,0.0752274696642809
unmatched,0.07742923895530159
unmatched,0.11159636364388499
unmatched,0.15637679869513635
unmatched,0.07678716262939003
unmatched,0.13471454555647203
unmatched,0.054526511210567286
unmatched,0.012056375118673631
unmatched,0.14001418502288662
unmatched,0.040807054547372545
unmatched,0.042705818216532264
unmatched,0.10133884648300906
unmatched,0.012199814125767039
unmatched,0.1412418182553145
unmatched,0.1495724911230737
unmatched,0.07876626898726792
unmatched,0.013187384981980192
unmatched,0.05737176749198242
unmatched,0.19497895451284802
unmatched,0.058940506715852325
unmatched,-0.013133060429753565
unmatched,0.1258602997913277
unmatched,-0.09267409929057147
unmatched,0.20272985811021887
unmatched,0.03872373342637669
unmatched,-0.002591191455558199
unmatched,0.07514530917700743
unmatched,0.0014358799635117371
unmatched,0.09773525080266669
unmatched,0.2696740219514294
unmatched,0.043435331420853006
unmatched,0.16854106421552162
unmatched,0.10950608721558577
unmatched,0.06786478968137312
unmatched,0.14665705551938066
unmatched,0.11891817984937919
unmatched,0.10482110688703465
unmatched,0.10744737379289536
unmatched,0.12260712009241907
unmatched,-0.03262623078492092
unmatched,0.10640513434435592
unmatched,0.1740791173954451
unmatched,0.19720498017198468
unmatched,0.028851252173786875
unmatched,0.29110296284001025
unmatched,-0.02388864520481272
unmatched,0.0492511810957822
unmatched,0.1396206146180881
unmatched,0.11701797867873014
unmatched,0.021760848646094903
unmatched,0.08761364162183287
unmatched,0.09395590484536223
unmatched,0.1426653388622504
unmatched,0.18313077085768847
unmatched,0.07722081997744701
unmatched,0.17364050920438356
unmatched,0.20672185580297586
unmatched,0.14712377551269973
unmatched,0.13785159231928382
unmatched,0.03878721859161186
unmatched,0.03619166161088697
unmatched,0.0610236495524083
unmatched,0.04655341659542567
unmatched,0.015202022456110992
unmatched,0.1185152565237014
unmatched,0.23439536225699742
unmatched,0.04942384357722539
unmatched,0.12609570173864534
unmatched,0.04721512738519803
unmatched,0.060364558412333166
unmatched,0.21394008051822763
unmatched,0.051662825875547776
unmatched,0.030325630256696493
unmatched,0.10030711469806472
unmatched,0.09373399244499483
unmatched,-0.048330368577090554
unmatched,-0.027683968747380976
unmatched,0.10415364157271766
unmatched,0.16055544273864444
unmatched,0.12215953073760183
unmatched,0.06063341758821391
unmatched,0.15662919390054947
unmatched,0.17164762063905284
unmatched,0.040184021087699306
unmatched,0.013920550360540466
unmatched,0.1635380180592494
unmatched,0.1482014563612954
unmatched,-0.02575674341311585
unmatched,0.004773413513028402
unmatched,0.14739362396399647
unmatched,0.12741783736368198
unmatched,0.06255961420479661
unmatched,0.12716943879421283
unmatched,0.16078864265813061
unmatched,0.1361682502456235
unmatched,0.11845802177078331
unmatched,0.09879074501527618
unmatched,0.04514480205539997
unmatched,0.07184430584517262
unmatched,0.046809970629801786
unmatched,0.08523764458662206
unmatched,0.04682988237885109
unmatched,0.08357675511493147
unmatched,-0.05190642242612748
unmatched,0.11312336380411268
unmatched,0.036153479330601396
unmatched,0.029895028461928208
unmatched,0.05710610485390236
unmatched,0.22122823648431547
unmatched,0.06835623776081978
unmatched,0.1304019049239213
unmatched,0.2506897295978999
unmatched,0.14217546477965737
unmatched,0.14387125223556857
unmatched,0.08154328596805166
unmatched,0.05243598703372898
unmatched,0.08467092386411122
unmatched,0.19321865175802055
unmatched,0.05281480804725725
unmatched,0.18503245112015984
unmatched,0.12537954657961312
unmatched,0.10619211616561808
unmatched,0.07362764458605722
unmatched,-0.0027418723070896985
unmatched,0.09418423826344878
unmatched,0.17594580986715355
unmatched,0.17498777387213965
unmatched,-0.02804825107380322
unmatched,-0.06161887158812448
unmatched,0.06244400254390914
unmatched,0.020166220721498304
unmatched,0.11242519218511106
unmatched,0.20142609312488965
unmatched,0.03943716183359873
unmatched,0.14342781392603765
unmatched,-0.07267966236911401
unmatched,0.1625636149257973
unmatched,-0.012205368694958772
unmatched,0.03154975542643378
unmatched,-0.010650128464310842
unmatched,0.066208872246665
unmatched,0.09919483157516419
unmatched,0.06218538917794931
unmatched,0.17633942311779624
unmatched,0.03199922122817645
unmatched,0.19114833595071062
unmatched,0.03358275979379833
unmatched,0.06762744485487204
unmatched,0.05282511364351304
unmatched,0.061886470594470305
unmatched,0.18755321071224298
unmatched,0.11569622559977824
unmatched,0.09367820198421282
unmatched,0.04931853253814649
unmatched,0.1275506509986179
unmatched,0.1271968608784405
unmatched,0.25278829795889124
unmatched,-0.0393858377451742
unmatched,-0.026109705964795678
unmatched,0.053386319939272876
unmatched,0.12677289507007253
unmatched,-0.012628309690265542
unmatched,0.09710973559146796
unmatched,0.0987561537534419
unmatched,0.0484346774593947
unmatched,0.15409560869407116
unmatched,0.11152582671548159
unmatched,0.21410439376916945
unmatched,0.04915537379068986
unmatched,-0.031122650895622394
unmatched,0.2342999102845504
unmatched,0.01634821808888304
unmatched,-0.03257683261993896
unmatched,0.10283222943733684
unmatched,0.020240486911161946
unmatched,0.2022676019133764
unmatched,0.043462086734885816
unmatched,0.15653319674315494
unmatched,0.12598644206040738
unmatched,0.13065356398306627
unmatched,0.09399938354976319
unmatched,0.10009109152397305
unmatched,0.11704182305712428
unmatched,-0.0623089139201506
unmatched,0.05648474834153146
unmatched,0.11871131064783713
unmatched,0.19206178320627434
unmatched,0.02185210646158226
unmatched,0.09544156079512577
unmatched,0.1316235038048076
unmatched,-0.042264376946887484
unmatched,0.06704168320595208
unmatched,-0.017711965869334722
unmatched,0.07917800710651418
unmatched,0.17711833414881856
unmatched,0.11531486012197614
unmatched,0.006140697144573629
unmatched,0.08338360040515165
unmatched,0.0368912259007107
unmatched,0.10557166059722338
unmatched,0.09625376606832627
unmatched,0.08352734896048385
unmatched,0.1909664015277335
unmatched,-0.0184544138688629
unmatched,0.019832168848283874
unmatched,0.22704967438472648
unmatched,0.06679526322469503
unmatched,0.16712492458624023
unmatched,0.11454980270836751
unmatched,0.1563707246069714
unmatched,0.23285879755043085
unmatched,0.07318404486844442
unmatched,0.059259834587494065
unmatched,-0.0782300883000351
unmatched,0.09480471618079869
unmatched,0.014118286502544647
unmatched,-0.011557293930803944
unmatched,-0.016351597027169026
unmatched,0.07012835154801222
unmatched,0.09011826332573225
unmatched,0.0993779967950559
unmatched,0.025690948385443228
unmatched,-0.0021871401559829325
unmatched,0.1727421082690497
unmatched,0.07013623956632108
unmatched,0.18759221728672043
unmatched,-0.0793139314467347
unmatched,0.05660529361989895
unmatched,0.06844142823780175
unmatched,0.17321675768013542
unmatched,0.01636717734073164
unmatched,-0.08380638937163155
unmatched,-0.014519399083188844
unmatched,0.20587865567977748
unmatched,0.0012296039031077673
unmatched,0.055672312123983936
unmatched,0.03674506464344654
unmatched,0.09490217621204754
unmatched,0.08733622488920444
unmatched,-0.008743139002497052
unmatched,0.10771305182949713
unmatched,-0.0018827284311434239
unmatched,0.17426105305244646
unmatched,0.006807506573167671
unmatched,0.10275026909357234
unmatched,0.22663327618340362
unmatched,0.06345788258010517
unmatched,0.228033161480445
unmatched,0.13438585393363772
unmatched,0.032887665069519276
unmatched,0.0386625269619189
unmatched,-0.03267856833078064
unmatched,0.09994107006265693
unmatched,0.013068179845800961
unmatched,0.1745022132792222
unmatched,0.11762162947307749
unmatched,0.22306073712910007
unmatched,0.009586389925946034
unmatched,0.16702225941174817
unmatched,0.02546603612698227
unmatched,0.048915820985357496
unmatched,0.07692882702585814
unmatched,0.17131314817871188
unmatched,-0.0011276243642128405
unmatched,0.13233867626317786
unmatched,0.2186382565960703
unmatched,0.12144753313793033
unmatched,-0.025118901931323726
unmatched,-0.05546032666477999
unmatched,0.09306616078336279
unmatched,-0.015093053939692994
unmatched,0.13004462997669866
unmatched,-0.0056518683214480765
unmatched,-0.0029179959695055406
unmatched,0.021110576732166174
unmatched,0.06683985173397729
unmatched,0.1312788724745081
unmatched,0.016780816223502776
unmatched,0.13224993744059815
unmatched,0.06968003098850925
unmatched,0.13313732236198325
unmatched,0.25710384117400376
unmatched,0.06406802092263963
unmatched,0.06362765607193756
unmatched,0.036338834173625226
unmatched,0.17379847655181266
unmatched,-0.0022934862814276004
unmatched,0.09767545083645121
unmatched,0.09830285341455303
unmatched,0.04848717330719907
unmatched,0.04875482186079043
unmatched,0.011686957128926955
unmatched,0.19444518520311893
unmatched,0.02387733308494809
unmatched,0.05648475440038206
unmatched,0.16820931450109544
unmatched,0.11963918506531011
unmatched,0.15983173411208454
unmatched,0.07608938771335656
unmatched,0.01563942240005729
unmatched,0.07256769555780074
unmatched,0.13388865808482608
unmatched,0.1072940212768177
unmatched,0.09245971488208196
unmatched,0.005570627138909556
unmatched,0.18028631595574346
unmatched,-0.02915761044453229
unmatched,0.05540855520088853
unmatched,0.050719157946957284
unmatched,0.18055556366585496
unmatched,0.08284699110306717
unmatched,0.0855356065641552
unmatched,0.013815485651424408
unmatched,0.049450425310711865
unmatched,0.21071263216066755
unmatched,0.036117882448721765
unmatched,0.0655818637812918
unmatched,0.06841062599581509
unmatched,0.04049085522714243
unmatched,0.08744357723783786
unmatched,0.1344602579245398
unmatched,0.22232484894110896
unmatched,0.13925196426967582
unmatched,0.06527956933427202
unmatched,0.11640590612840544
unmatched,0.036434818878088464
unmatched,0.1006232748645179
unmatched,0.04810177191523159
unmatched,0.0029818349124580245
unmatched,0.009205769196627191
unmatched,0.07444033296963966
unmatched,0.09024526484031319
unmatched,0.05176914516708235
unmatched,0.10630297045746144
unmatched,0.1272655634357762
unmatched,-0.0076522851786150195
unmatched,0.09967804858488546
unmatched,0.182444706219136
unmatched,-0.006730106783589518
unmatched,0.09974492726262596
unmatched,-0.02445288127450238
unmatched,0.17680897225250838
unmatched,0.0747951331023089
unmatched,-0.07103359684309878
unmatched,0.2285266750895768
unmatched,0.16168332929931442
unmatched,-0.029792966786597663
unmatched,0.21239435445224283
unmatched,0.09229776985915224
unmatched,0.08909082166254727
unmatched,0.07263194627959849
unmatched,0.11502526435500084
unmatched,0.10928960483152055
unmatched,0.046633772668027006
unmatched,0.09016192064899492
unmatched,0.23209431877380685
unmatched,0.007697768160943072
unmatched,0.03445728219125777
unmatched,0.14653206839390184
unmatched,-0.03857975734642634
unmatched,0.10480549854444057
unmatched,0.07032207486564973
unmatched,0.12343923557342161
unmatched,0.18808932370000117
unmatched,0.07497683700660936
unmatched,-0.00954971474148494
unmatched,0.0030264996908163154
unmatched,0.18254258894621897
unmatched,0.029038833986123884
unmatched,0.13356986324809642
unmatched,0.08727748079437911
unmatched,-0.020538876073108614
unmatched,-0.01976819670208437
unmatched,0.08089968112839017
unmatched,0.07688492216531816
unmatched,0.14182268709220716
unmatched,0.028809414819668644
unmatched,-0.03588111418392436
unmatched,0.21750535912348729
unmatched,0.2324039678051424
unmatched,0.044346134733534257
unmatched,-0.006086308574342726
unmatched,0.181603655955861
unmatched,0.04736105912255195
unmatched,0.057726210262852025
unmatched,0.029497879507464735
unmatched,0.06351174624022395
unmatched,0.037771850774567434
unmatched,0.11126214841096915
unmatched,-0.0014069571398845117
unmatched,0.1252273095686397
unmatched,0.28292288915450914
unmatched,-0.022340729496416276
unmatched,0.09295509738043177
unmatched,0.14713275975041917
unmatched,0.05890165211296887
unmatched,0.11058117703529245
unmatched,0.1742630251168858
unmatched,0.07305648205760684
unmatched,-0.031585058894219115
unmatched,0.16290485337901872
unmatched,0.16084783300115402
unmatched,0.07159798605305392
unmatched,0.03239531697629538
unmatched,0.2155452812308611
unmatched,0.0678897597132948
unmatched,0.050091262578593795
unmatched,0.22240365096579748
unmatched,0.12026343297246307
unmatched,0.1500056206285314
unmatched,0.07157482746646333
unmatched,0.0721975217015274
unmatched,0.17601334106711972
unmatched,0.12117526537510553
unmatched,0.07004304794505355
unmatched,-0.02459731672156831
unmatched,0.07081817128973118
unmatched,0.02661424011342248
unmatched,-0.008289536970043644
unmatched,0.2387268857548174
unmatched,0.14136471584085353
unmatched,0.016420590547921686
unmatched,0.13530129243469038
unmatched,0.1277309095334478
unmatched,0.027661713452110676
unmatched,0.12496175706513861
unmatched,-0.021161295576395827
unmatched,0.11415254178637708
unmatched,0.17141156857191853
unmatched,0.05969623396758745
unmatched,0.1748817603313818
unmatched,0.020700520687804404
unmatched,0.058642883797590833
unmatched,0.10283554796683639
unmatched,0.2112378081325715
unmatched,0.05689221097577613
unmatched,0.10963342727908998
unmatched,0.07192997302603246
unmatched,0.09691355808964501
unmatched,0.06657009421769203
unmatched,0.2279797280638586
unmatched,0.15639433935643082
unmatched,0.01566130601060925
unmatched,0.10754537358497737
unmatched,0.11141809493876925
unmatched,0.08861096163058572
unmatched,0.16186432955097346
unmatched,0.0771922586901795
unmatched,0.1708558526500883
unmatched,0.023552086228780755
unmatched,-0.04931080749469923
unmatched,0.10868053629796853
unmatched,0.1713608930140769
unmatched,0.2003847604538436
unmatched,0.10685699882871734
unmatched,0.04269663966901185
unmatched,0.012878704916848492
unmatched,0.20916142381967612
unmatched,-0.03285467942082289
unmatched,0.1892999302767357
unmatched,0.07079591161925528
unmatched,0.10604388986929732
unmatched,0.06190694720908342
unmatched,0.16007412622621203
unmatched,0.10418401434752739
unmatched,0.16728040562867222
unmatched,0.13162820077071993
unmatched,0.18973845706476983
unmatched,0.13130915719199637
unmatched,0.15987117873324128
unmatched,0.14206925168945955
unmatched,-0.0039054804222204502
unmatched,0.04721066853960775
unmatched,0.12712078571115046
unmatched,0.22102127959103413
unmatched,0.045782965308823316
unmatched,0.18117061056906247
unmatched,0.08857273174164483
unmatched,0.1677356141153428
unmatched,0.06160648068922339
unmatched,0.042903561776763736
unmatched,0.05729074923100244
unmatched,-0.00652139270685368
unmatched,0.0980549743854834
unmatched,0.06664433677270291
unmatched,-0.07541821430400894
unmatched,0.02978582367609034
unmatched,0.12465253764578613
unmatched,0.04725776442790476
unmatched,0.2186212580891535
unmatched,0.07106386036228271
unmatched,0.04442394540595053
unmatched,-0.07693921266135327
unmatched,0.06682771883182222
unmatched,0.07169123648203496
unmatched,0.006258032593977264
unmatched,0.07283753608909896
unmatched,0.09960330441466399
unmatched,0.0821323088574669
unmatched,0.18564887947993436
unmatched,0.1963843783955539
unmatched,0.04714801095850746
unmatched,0.18565334342062403
unmatched,-0.022145669577846364
unmatched,-0.16317037388367162
unmatched,0.10896384345046337
unmatched,0.08714318330897082
unmatched,0.12926973423684784
unmatched,0.131769721309175
unmatched,0.11598679477155228
unmatched,0.18014225080834076
unmatched,-0.010172567444719309
unmatched,0.023388308991720463
unmatched,0.16356550135183867
unmatched,0.11455702882003069
unmatched,0.12536726396012013
unmatched,0.030689846584265917
unmatched,0.05414614765298795
unmatched,0.12342192001471984
unmatched,0.09665434191822343
unmatched,0.049696603068516976
unmatched,0.08249251902334487
unmatched,-0.05417303110382604
unmatched,0.1578668932046345
unmatched,0.2029554807601054
unmatched,0.2497693834450253
unmatched,0.014596505785856584
unmatched,0.07354982861051146
unmatched,0.18388553432087612
unmatched,0.1592213342796305
unmatched,0.2208524117049178
unmatched,0.1376289206705805
unmatched,0.0002398925003472285
unmatched,0.043210506463261196
unmatched,0.2164558765425641
unmatched,0.22632877828367487
unmatched,0.24208637337929376
unmatched,0.1551254483566794
unmatched,0.05207310282577023
unmatched,0.17029840474032862
unmatched,0.04528645827346265
unmatched,0.07277723314472312
unmatched,0.03550725481479038
unmatched,0.13484266214089718
unmatched,0.06185689470813861
unmatched,0.2798270404753825
unmatched,0.07178006411288726
unmatched,0.2597996184289251
unmatched,0.007977929746181561
unmatched,0.041032796222597756
unmatched,0.23165375945778768
unmatched,0.10234367621532335
unmatched,0.05330715017257301
unmatched,0.17135880521308966
unmatched,0.11898728753888928
unmatched,0.28761936004498073
unmatched,0.004787345000243528
unmatched,0.12101157936039295
unmatched,0.05255676644253782
unmatched,0.22627661542434124
unmatched,0.044372538403765815
unmatched,0.059387708055909254
unmatched,0.01760673768777035
unmatched,-0.00353579046394906
unmatched,0.07468017475115236
unmatched,0.13689858728738633
unmatched,0.32269178487271744
unmatched,0.23541648197080953
unmatched,0.050025988208864364
unmatched,0.08622673717920559
unmatched,0.11540121976792213
unmatched,-0.03721451542898015
unmatched,0.05581713904414303
unmatched,0.10158498017822162
unmatched,0.10929503535423271
unmatched,-0.03425612012660053
unmatched,0.09287787027443806
unmatched,0.137766075805075
unmatched,0.09477982587413651
unmatched,0.1426638568252416
unmatched,0.16001888962823663
unmatched,0.03885165379448562
unmatched,0.11402041283096816
unmatched,0.10272929199574218
unmatched,0.11541483759460643
unmatched,0.13879635386635747
unmatched,0.11581609743922629
unmatched,0.05637583280601437
unmatched,0.08103709027774399
unmatched,0.12507692884942356
unmatched,0.08842106970989684
unmatched,-0.03952426258713802
unmatched,0.12077810857465227
unmatched,0.09560454600523836
unmatched,0.1306753486613683
unmatched,0.08109293799459591
unmatched,0.040447118525588056
unmatched,0.07870062677325666
unmatched,0.017552347917837184
unmatched,-0.0030756803958448308
unmatched,0.042805637470641
unmatched,0.18465828104573004
unmatched,0.13503682681388107
unmatched,0.021573975418872387
unmatched,0.0099207832348179
unmatched,0.06584185207809257
unmatched,0.11084172879127961
unmatched,0.07386752802397942
unmatched,0.12126975077415664
unmatched,0.08003791794597903
unmatched,0.09608249354209566
unmatched,0.17413636490021803
unmatched,0.024455734464814586
unmatched,0.22777328413164485
unmatched,0.09510308383375997
unmatched,0.09750280322260066
unmatched,-0.030134308185876143
unmatched,-0.14378125308064266
unmatched,0.07070784328083551
unmatched,0.011396374576516526
unmatched,0.13200428787926108
unmatched,0.05509931748750523
unmatched,0.12126037176230033
unmatched,0.03004374911931177
unmatched,0.18382359410663507
unmatched,0.10985697132816856
unmatched,0.0019737204368281505
unmatched,0.24841002017833014
unmatched,0.1078250137336283
unmatched,-0.020621322602866442
unmatched,0.12330747850375837
unmatched,-0.06339230719103182
unmatched,0.019388992642798582
unmatched,0.018028599629051213
unmatched,0.14447106165356055
unmatched,0.15969901654497307
unmatched,0.037549837989805906
unmatched,0.11865858377595442
unmatched,0.03553189195938577
unmatched,-0.0123235029620908
unmatched,0.18546418622625033
unmatched,0.08213075724845101
unmatched,-0.027802194811534946
unmatched,0.04730661168365867
unmatched,-0.0008842942197727913
unmatched,-0.02279214836915177
unmatched,0.06017782398072512
unmatched,-0.04165437782945744
unmatched,0.1971636826383932
unmatched,0.0860334817269655
unmatched,0.08620292356197354
unmatched,0.1414086047830298
unmatched,0.13596550502120797
unmatched,0.203975193850966
unmatched,0.10938619091131299
unmatched,0.13416633206935885
unmatched,0.1358145442467326
unmatched,0.11797244007611525
unmatched,-0.08021270189158072
unmatched,0.11219710619518555
unmatched,0.22220986002823295
unmatched,0.11325071101987225
unmatched,0.17419928289493505
unmatched,0.10851412357046716
unmatched,0.28771819226875484
unmatched,-0.06694798962269174
unmatched,0.1078769603765434
unmatched,0.2108942278298677
unmatched,0.056374658452824244
unmatched,0.06654080862582486
unmatched,0.21885947786545365
unmatched,0.0257382896436723
unmatched,0.09475471711740545
unmatched,0.004704128959063817
unmatched,0.07200960515323664
unmatched,0.014287071869752008
unmatched,0.196852506476574
unmatched,0.1908924129030637
unmatched,0.10531042889583721
unmatched,0.21558539239739163
unmatched,0.10705068553178926
unmatched,0.09606772830313592
unmatched,0.07936299148727394
unmatched,0.0375637453257401
unmatched,0.019817165915242803
unmatched,0.011227684177772094
unmatched,0.11521786269700163
unmatched,0.15593617513712016
unmatched,0.12963325642392287
unmatched,0.09155338868663485
unmatched,0.2389539207198506
unmatched,0.1892360170025033
unmatched,0.06985954169562639
unmatched,0.23467539433763587
unmatched,0.08861573873503377
unmatched,0.1629910640090396
unmatched,0.08921329525826904
unmatched,0.1680344803083249
unmatched,0.16034877982800377
unmatched,0.14454392321646414
unmatched,0.12553207517240436
unmatched,0.08908024185653976
unmatched,0.06008521523619374
unmatched,0.1175454057508641
unmatched,-0.04398546260764243
unmatched,0.20098725754693983
unmatched,0.01820185682682678
unmatched,0.1887050052300428
unmatched,0.06215069044236036
unmatched,0.13346011261882196
unmatched,0.1153796901777101
unmatched,0.09132533863779335
unmatched,0.0870304933683546
unmatched,0.07713194375751171
unmatched,-0.01753820765872999
unmatched,0.05897032970825031
unmatched,0.13466189997237815
unmatched,-0.03125535989926768
unmatched,0.07564566348793919
unmatched,-0.029773687068496157
unmatched,0.04778010653181329
unmatched,-0.03031000161277509
unmatched,0.08075951142376195
unmatched,0.051085440796457576
unmatched,0.18156759947644013
unmatched,0.03029976430708032
unmatched,0.1450893749664215
unmatched,0.044595702079558174
unmatched,0.09362703202275294
unmatched,0.03715503016092603
unmatched,0.04748389894030305
unmatched,-0.00404829913178974
unmatched,0.04588996884371642
unmatched,0.00354034809002003
unmatched,0.1710946861563421
unmatched,0.13476912776248426
unmatched,0.14754063221477606
unmatched,0.11451528226573504
unmatched,0.11321650232192813
unmatched,0.04585702043277288
unmatched,0.2704332833138243
unmatched,0.1190610577455881
unmatched,0.0071956957177390386
unmatched,0.006199162447457843
unmatched,0.03974712594665616
unmatched,-0.004792834920597492
unmatched,0.011236853553415811
unmatched,0.24807417545153046
unmatched,0.18411856950763322
unmatched,0.15572730797415585
unmatched,-0.03269561831832222
unmatched,0.10080395153534871
unmatched,0.11652078226871139
unmatched,0.09427302372419588
unmatched,0.13330420651108696
unmatched,0.09500750661702212
unmatched,0.11671817200556794
unmatched,-0.04186978751439013
unmatched,0.008796564712663829
unmatched,0.01321308409186952
unmatched,-0.0236616238486684
unmatched,0.07853905833781395
unmatched,0.0842240926522654
unmatched,0.14052802416164287
unmatched,0.24279357776921082
unmatched,0.2437166493578499
unmatched,0.09710656283460606
unmatched,-0.005126118783392932
unmatched,0.2105332690860722
unmatched,0.009626895509137272
unmatched,0.0246818711185836
unmatched,0.41110908313542904
unmatched,0.08466586527249516
unmatched,-0.07644395728030623
unmatched,0.20625035129598246
unmatched,-0.0024220272368301325
unmatched,0.05804776860011406
unmatched,0.10270299410501223
unmatched,0.050670335129914174
unmatched,0.16934503494709488
unmatched,0.03658845423670763
unmatched,0.12686781644958428
unmatched,-0.04792772864635121
unmatched,0.11398848753308034
unmatched,0.013526676426190876
unmatched,-0.10788197815645313
unmatched,0.1726824299411589
unmatched,0.09981555358721096
unmatched,0.1439581191890331
unmatched,0.11869531462830256
unmatched,-0.019254741778955708
unmatched,0.10447469771302825
unmatched,0.06301676873938444
unmatched,0.15668157371117125
unmatched,0.1685585187884391
unmatched,0.03664083567833327
unmatched,0.12311103849052665
unmatched,0.07465765497370302
unmatched,0.07690074524972723
unmatched,0.23007888609861707
unmatched,0.09947258695535255
unmatched,0.04160077516602055
unmatched,0.14327833263576675
unmatched,0.1754012690689496
unmatched,0.09289266693891898
unmatched,0.09473917206425418
unmatched,0.12452725453909609
unmatched,0.1367013735265779
unmatched,0.19097695579085436
unmatched,0.009705187869417263
unmatched,0.13065736927192348
unmatched,0.030766413862803765
unmatched,-0.06585068925930203
unmatched,0.1086421027383904
unmatched,0.10098870602577986
unmatched,-0.00928909725955095
unmatched,0.08460211923503841
unmatched,0.09555382722647215
unmatched,0.11900769365574743
unmatched,-0.08277929654783589
unmatched,0.007421280379446635
unmatched,0.09086842284176955
unmatched,0.18106459370124625
unmatched,0.12863217925511716
unmatched,0.17250024919155324
unmatched,0.18942073460469835
unmatched,0.14294679774976674
unmatched,0.08639866405843467
unmatched,0.13520776814468108
unmatched,0.11846330918229808
unmatched,0.18037912705130296
unmatched,0.09551557985287382
unmatched,0.19334554072322457
unmatched,0.028982299237677856
unmatched,-0.003445376641913531
unmatched,0.048782522891446266
unmatched,0.09987831592440655
unmatched,0.27615956610758763
unmatched,0.12715399119131146
unmatched,0.1553080746109467
unmatched,0.001749588124648426
unmatched,0.002973615822974173
unmatched,0.016318200866248127
unmatched,0.0356234170449643
unmatched,0.2900976428559953
unmatched,0.08640727025885973
unmatched,0.12103382369505211
unmatched,0.041514972613577984
unmatched,0.020186825782976606
unmatched,0.003971523702168612
unmatched,0.10588222455423445
unmatched,0.07894505067969369
unmatched,0.2101638936027646
unmatched,0.08884705291942556
unmatched,0.08967969768642901
unmatched,0.11863347034497457
unmatched,0.0782134237159255
unmatched,0.0654305793141927
unmatched,0.2054285369432628
unmatched,0.16648461627094172
unmatched,0.059490827197509664
unmatched,0.07050278770139741
unmatched,0.04396308654845421
unmatched,0.1298291831726624
unmatched,0.12209864636780342
unmatched,0.18573312514760615
unmatched,0.054272343350341326
unmatched,0.04080651152384661
unmatched,0.061577543643878616
unmatched,0.16323430056988505
unmatched,-0.006771446584029443
unmatched,0.11490403225269623
unmatched,0.13987975841630115
unmatched,-0.10619585009144916
unmatched,0.21986236007920593
unmatched,0.03641027150014581
unmatched,0.0076196281632969175
unmatched,-0.014125822742694468
unmatched,0.01652799653237742
unmatched,0.10952239683500893
unmatched,0.1440549748572855
unmatched,0.14057570012022272
unmatched,0.16702457842435853
unmatched,0.07051225224341728
unmatched,0.05983772173769635
unmatched,-0.024016891611967454
unmatched,0.1701092761595541
unmatched,0.06683154124297006
unmatched,0.07851873416194319
unmatched,0.10028532423565219
unmatched,0.035059356528573206
unmatched,0.08822910758077357
unmatched,0.12214048820930606
unmatched,-0.07338001362090289
unmatched,0.033307410373988926
unmatched,0.1846566448340668
unmatched,0.30108372229736163
unmatched,-0.027116180998036855
unmatched,0.09558670572837241
unmatched,0.13230483079252736
unmatched,0.10035098355762104
unmatched,0.16491694877645238
unmatched,0.0945803972691665
unmatched,0.18652163414271428
unmatched,0.05790252190782758
unmatched,0.2065867552194164
unmatched,-0.05687523721548546
unmatched,0.17525861654631153
unmatched,0.1738602894880749
unmatched,0.053431235358308016
unmatched,0.14405805431853608
unmatched,-0.0369026633854645
unmatched,0.1755764249040409
unmatched,0.16645584693108406
unmatched,0.16516122141383596
unmatched,0.05598107708051065
unmatched,0.042201461685381136
unmatched,-0.003513889548591672
unmatched,-0.05470030200431426
unmatched,0.026093108899726575
unmatched,0.15510056267097744
unmatched,0.11597162439324323
unmatched,0.08033333934137551
unmatched,0.047338999484566664
unmatched,0.09063754313055611
unmatched,0.2145570649924618
unmatched,-0.033581706876622715
unmatched,0.011690210297739107
unmatched,0.07865912186128995
unmatched,0.22553196667949693
unmatched,0.19967607475794724
unmatched,0.10337597091805009
unmatched,0.03689172433723943
unmatched,0.041930005262589366
unmatched,-0.14398950500846805
unmatched,0.05363278899050597
unmatched,0.07887994122408087
unmatched,0.14564625842289206
unmatched,0.18072046904483002
unmatched,0.1649141471266242
unmatched,0.04941613864905883
unmatched,0.03632834119974887
unmatched,0.13995002236068893
unmatched,0.03351854953065536
unmatched,0.02076910106656721
unmatched,-0.04921566715431521
unmatched,0.16454364209668532
unmatched,0.0661137295266296
unmatched,0.15646756007325607
unmatched,0.16098052565120718
unmatched,0.15401526266237914
unmatched,0.037689065371501275
unmatched,0.11868879444400435
unmatched,0.028225783087486345
unmatched,0.1337728397548042
unmatched,0.039661827960098754
unmatched,0.09372890408058125
unmatched,-0.009053098299045603
unmatched,0.11274911482479413
unmatched,0.17525766035784954
unmatched,0.04773926561879261
unmatched,-0.003737356985156256
unmatched,0.20952824670823292
unmatched,0.17355676939916193
unmatched,0.06879569445556706
unmatched,0.14857033017321508
unmatched,0.0344332273171789
unmatched,0.09762499313545481
unmatched,0.027832117272797084
unmatched,0.016448567382359287
unmatched,-0.004751334284938514
unmatched,0.10477555260308175
unmatched,0.08939425745716008
unmatched,0.0473809161312667
unmatched,0.1476830437424863
unmatched,0.06435394311817406
unmatched,0.09973906610862399
unmatched,0.06688591718713909
unmatched,0.047273957978114206
unmatched,-0.030723374322020647
unmatched,0.09840589040517624
unmatched,-0.05644715962099168
unmatched,0.08483253398102829
unmatched,-0.08536465973168868
unmatched,0.06821484795132134
unmatched,0.07870103059906582
unmatched,0.14526938155443742
unmatched,0.08888041597284148
unmatched,0.06737895843901395
unmatched,0.13570918667394394
unmatched,0.22855891280876847
unmatched,0.09345343837750951
unmatched,0.13209109565300511
unmatched,-0.0032533102722721867
unmatched,0.14203490931662666
unmatched,0.1994416352311337
unmatched,0.08321101994687635
unmatched,0.14436219008946324
unmatched,0.17863525006244563
unmatched,0.023853272700957228
unmatched,0.14882431048767958
unmatched,0.15696104845583528
unmatched,0.12374562379514174
unmatched,0.06160441020266282
unmatched,0.09767230025171642
unmatched,0.00076025577561482
unmatched,0.13737526737275088
unmatched,0.09070501363827524
unmatched,-0.020374102946896493
unmatched,0.09197233921510085
unmatched,0.08190482372563976
unmatched,0.01954693344229817
unmatched,0.12994454714051992
unmatched,-0.03874570710646509
unmatched,-0.047937323111354714
unmatched,0.13967686943121702
unmatched,0.08328813353406997
unmatched,0.09104821041826243
unmatched,0.07745990027202748
unmatched,0.16134400802624696
unmatched,0.042642576551003564
unmatched,0.06702127659574468
unmatched,0.09583681500287004
unmatched,0.11504652469733659
unmatched,0.15598881920372296
unmatched,0.025238059150462067
unmatched,0.11071052766366302
unmatched,0.07440698366556567
unmatched,-0.010593057069733474
unmatched,0.13186278942010976
unmatched,0.12498051525228347
unmatched,0.101363406559013
unmatched,0.00045196247329081185
unmatched,-0.013331788158231687
unmatched,-0.08276021914412347
unmatched,0.012290930752392073
unmatched,0.03348585260049243
unmatched,0.13147731704481977
unmatched,0.16030304768891132
unmatched,0.18360800502163388
unmatched,-0.021266831211243235
unmatched,0.1563213652225249
unmatched,0.07156983239918897
unmatched,0.0909379570249464
unmatched,0.0960986403700473
unmatched,0.10826989438456153
unmatched,0.15861710915474492
unmatched,0.2066498002195204
unmatched,0.2115935428716194
unmatched,0.08089221212612001
unmatched,0.08299579442786705
unmatched,0.0786329464080221
unmatched,0.15070323630842203
unmatched,0.1834939997106353
unmatched,0.12042253113722066
unmatched,0.21312673213488367
unmatched,0.17772688743663997
unmatched,-0.04947898413557165
unmatched,0.2655579396037092
unmatched,0.1053747740230844
unmatched,0.15418775717294603
unmatched,0.1331662829688443
unmatched,0.1756488712149035
unmatched,0.0068177643180305815
unmatched,0.17203196406704677
unmatched,0.04869731791899158
unmatched,0.13903165732829617
unmatched,0.1762717383939928
unmatched,0.05341954011340964
unmatched,0.1505015095273169
unmatched,0.12771235429896588
unmatched,0.12831331793606854
unmatched,0.16235869227206892
unmatched,-0.09634707892470794
unmatched,-0.02858720653940418
unmatched,0.028510038884642402
unmatched,0.15500217870004243
unmatched,0.05820026723503237
unmatched,0.23594963947820852
unmatched,0.08128620890704895
unmatched,0.22872716442924776
unmatched,0.00619924507087751
unmatched,0.1804675784608895
unmatched,0.21879021822962005
unmatched,0.12282406694223379
unmatched,0.2272285505941955
unmatched,0.049492311576735115
unmatched,0.026007211607240174
unmatched,0.0443088186366969
unmatched,-0.039065532982696785
unmatched,0.13515006223383327
unmatched,0.13728797551073788
unmatched,0.019453848265432425
unmatched,0.21518739500093917
unmatched,0.196267849959027
unmatched,-0.0023530734233328174
unmatched,0.15599962686802973
unmatched,0.1132314161042284
unmatched,0.025003869473645208
unmatched,0.06750311784498635
unmatched,0.06808678348859085
unmatched,0.06130961113745978
unmatched,0.12814188130167398
unmatched,0.06453203569432332
unmatched,0.09497370536874984
unmatched,0.159960760616918
unmatched,0.14647838033943808
unmatched,-0.11905942901722523
unmatched,0.04403231471400362
unmatched,0.06850409672263952
unmatched,0.17065203786505817
unmatched,0.040662500607954476
unmatched,0.051420495546857105
unmatched,0.06572419571583107
unmatched,0.022279488389083817
unmatched,0.09378712043192156
unmatched,0.21381009981851612
unmatched,-0.00932559922620253
unmatched,0.12213539646764135
unmatched,-0.040618261799083975
unmatched,0.2180526543945613
unmatched,0.08581181671991851
unmatched,0.1126244186237725
unmatched,0.07209804486587532
unmatched,0.025899458174028552
unmatched,-0.0679102129804899
unmatched,0.1626276672760667
unmatched,0.12102351879668141
unmatched,0.10447580451140734
unmatched,0.034963730222396516
unmatched,0.11331033737310903
unmatched,0.1761930698811083
unmatched,-0.06204772092690562
unmatched,0.10763769783888656
unmatched,0.13980827354071024
unmatched,-0.011183621159443376
unmatched,0.1191733385639158
unmatched,0.11656410438490508
unmatched,0.21041692717309868
unmatched,0.061392676641072896
unmatched,0.103242658489782
unmatched,0.10479654518561729
unmatched,0.09947092742159587
unmatched,0.17086811362110618
unmatched,0.018922348616252395
unmatched,0.006726265116438096
unmatched,0.19550509457769585
unmatched,-0.011355661245921134
unmatched,0.17308328647482346
unmatched,0.13371106273031988
unmatched,0.0918397917573469
unmatched,0.027937477080844965
unmatched,0.06669880573640849
unmatched,0.18038722119126044
unmatched,0.0017244556321077658
unmatched,0.20028047309627175
unmatched,0.13892505491652582
unmatched,0.12840653611161684
unmatched,0.11789658150370462
unmatched,0.06704601425917105
unmatched,0.025021569820233788
unmatched,0.07315907139111977
unmatched,0.03631534177958376
unmatched,0.10647808793082104
unmatched,0.13022958279421393
unmatched,0.137699382096608
unmatched,0.12501289271208138
unmatched,0.16006925372548703
unmatched,0.0336379476298625
unmatched,0.10509593827486574
unmatched,0.08544541255346969
unmatched,0.19458948960213743
unmatched,0.07951242419603159
unmatched,0.13494299005154017
unmatched,0.04803351761269113
unmatched,0.07404608947680766
unmatched,0.02538566686910505
unmatched,0.07992504311407628
unmatched,0.010520131136774908
unmatched,0.120410022913743
unmatched,0.05750847603082299
unmatched,-0.04572496414661195
unmatched,0.0885291154041748
unmatched,0.03296435859167008
unmatched,0.1056482240916883
unmatched,0.19911944934095657
unmatched,0.1750305315268409
unmatched,0.13035780897852714
unmatched,-0.004593362545982586
unmatched,0.13850854715844538
unmatched,0.08339557729096272
unmatched,0.17607969963320433
unmatched,0.1036739278003801
unmatched,0.14672833512401537
unmatched,0.17625217293194895
unmatched,0.16143118397304124
unmatched,-0.05361662630845319
unmatched,0.1259816605027959
unmatched,0.18881664316826574
unmatched,0.13442978324459115
unmatched,0.14454464760272662
unmatched,0.13192308496628696
unmatched,0.04878488308259975
unmatched,0.2619548455184692
unmatched,0.031734248917223616
unmatched,0.13184417657757894
unmatched,0.007348467553890426
unmatched,-0.09807685018290593
unmatched,0.0921748038967609
unmatched,0.026687480794466655
unmatched,0.2716840445332045
unmatched,0.1787428476485098
unmatched,0.024913186849585357
unmatched,0.06926363282532139
unmatched,0.3760195990546348
unmatched,-0.06022457052703155
unmatched,0.1191523449622865
unmatched,0.2027846413821533
unmatched,0.10428909142608632
unmatched,0.10662483893436156
unmatched,0.039331598090007636
unmatched,0.28025854526581523
unmatched,0.11808647918789672
unmatched,-0.037513348580030276
unmatched,0.11592882773611599
unmatched,0.06863673965230646
unmatched,0.01085778091887439
unmatched,0.0015715316385089093
unmatched,0.07646496772876119
unmatched,-0.022542484447864417
unmatched,0.05543960330604566
unmatched,0.3100283226579875
unmatched,0.19128087698937152
unmatched,0.05364334815060638
unmatched,0.13116633063856314
unmatched,0.16537954961009801
unmatched,0.04234232877039538
unmatched,0.2328535743227416
unmatched,0.07462549061004635
unmatched,0.11597638581641355
unmatched,0.05245765422656893
unmatched,0.15001016931542577
unmatched,0.01698361496039424
unmatched,0.06250517939362628
unmatched,0.0020461036834529215
unmatched,0.15660811062479615
unmatched,0.04931544317067578
unmatched,0.11380721238960344
unmatched,0.23176245698413034
unmatched,0.16686619299355493
unmatched,0.07916629012187464
unmatched,0.15437718994138958
unmatched,0.0123993616629214
unmatched,0.18191252410882525
unmatched,0.06876443505036822
unmatched,-0.08742057389744036
unmatched,-0.016440948656634594
unmatched,0.009138278319435148
unmatched,0.09960815305710104
unmatched,0.07927205554158501
unmatched,0.038580836189494865
unmatched,-0.016061967208943536
unmatched,0.04684748579498113
unmatched,0.10211571813814166
unmatched,0.14140643543183598
unmatched,-0.04669333301957222
unmatched,0.1386882303751441
unmatched,0.19044015479862722
unmatched,0.08069719203550858
unmatched,0.07513333479312231
unmatched,0.052513250442450685
unmatched,0.1943916677625345
unmatched,0.0712876717018295
unmatched,0.16596033170255278
unmatched,0.14711530104365464
unmatched,0.06844410115047625
unmatched,0.05188998510570201
unmatched,-0.05450193168204689
unmatched,0.06797338963834272
unmatched,0.14506000976140776
unmatched,0.15942810885947292
unmatched,0.06518707905848352
unmatched,0.2368725853483104
unmatched,0.09923235485582431
unmatched,0.11922397486586024
unmatched,0.10132435289317739
unmatched,0.18002075560161426
unmatched,0.2622744692874781
unmatched,0.06446022306217249
unmatched,0.18485887439142182
unmatched,0.16458816457243702
unmatched,-0.05274536801851111
unmatched,0.12851860803133092
unmatched,0.11380121934178027
unmatched,0.06170236934042208
unmatched,0.06061526242582585
unmatched,0.22138052631064195
unmatched,-0.03769556148179735
unmatched,0.1263310325216405
unmatched,0.11533234720505539
unmatched,0.08536600931171737
unmatched,0.0196820235172846
unmatched,0.11958476750994458
unmatched,0.08811484127242802
unmatched,0.08624875862979549
unmatched,0.07958723317721839
unmatched,0.008083245258095421
unmatched,0.09604056549710058
unmatched,0.025022354510177498
unmatched,0.07996750061807797
unmatched,0.1218528710227252
unmatched,0.21994714340751162
unmatched,0.03602088140388715
unmatched,0.06728277066187839
unmatched,0.09930517620271248
unmatched,0.17960838484972827
unmatched,0.07960422732885428
unmatched,0.06889863737778358
unmatched,0.06535295557150289
unmatched,0.11639391234894045
unmatched,0.15697376968062812
unmatched,0.16833029820574888
unmatched,0.04161605937088693
unmatched,0.13628964683733594
unmatched,0.004433225227184921
unmatched,0.17767041316988919
unmatched,0.11796611481249271
unmatched,0.04797289154658701
unmatched,-0.05231847275024213
unmatched,-0.019203867318488593
unmatched,0.1933682064857212
unmatched,0.02618373813314149
unmatched,0.02746944556360871
unmatched,0.04231713076619036
unmatched,0.11281369016185523
unmatched,0.011476935451162905
unmatched,0.08355897447504575
unmatched,0.12400602399971461
unmatched,0.14878515590371358
unmatched,0.21726884245084155
unmatched,-0.05620092153936011
unmatched,0.15488279300422952
unmatched,0.09849699966776139
unmatched,0.14475003299306902
unmatched,0.11723913350329158
unmatched,0.18746856483382016
unmatched,0.09409431278013329
unmatched,0.06978283123547521
unmatched,0.16306402539147336
unmatched,0.17200345343822476
unmatched,-0.010161968539758714
unmatched,0.24659571438073127
unmatched,-0.08869857415755408
unmatched,-0.07406896647709928
unmatched,0.032562567504846054
unmatched,0.005892905568267612
unmatched,0.10732229661190551
unmatched,0.13595115574236874
unmatched,0.24595313432232557
unmatched,0.12636429165802476
unmatched,0.06257485568042068
unmatched,0.06496202844471184
unmatched,0.09183406220570171
unmatched,-0.05127221568981663
unmatched,0.0887621419615416
unmatched,0.11319973023042919
unmatched,0.161382270093823
unmatched,0.011790699443054841
unmatched,0.08651518918789927
unmatched,0.19320379686265396
unmatched,0.16906097773280965
unmatched,0.11797703728663386
unmatched,0.09328165569770916
unmatched,0.01937164014342859
unmatched,-0.04881576493654144
unmatched,0.0889809295277332
unmatched,0.13924290082400378
unmatched,0.08845268640031546
unmatched,0.16053577221264798
unmatched,-0.05288324801229321
unmatched,0.10861281725847169
unmatched,0.045793135612951126
unmatched,0.19460715438248666
unmatched,0.2526729198997148
unmatched,0.09043385350787678
unmatched,0.05463946979480684
unmatched,0.02708527350678953
unmatched,0.06954927518504339
unmatched,0.11945825469169793
unmatched,0.016297737654593632
unmatched,0.059723044734919246
unmatched,0.24495222141160905
unmatched,-0.02496442262701406
unmatched,-0.019486411661492092
unmatched,0.06747580353232606
unmatched,0.01944434792032168
unmatched,-0.07651325786781754
unmatched,0.1144342204211129
unmatched,0.041879101301410315
unmatched,0.07680713553527022
unmatched,0.009646350692214756
unmatched,0.09109688749099948
unmatched,0.0777620494267988
unmatched,0.021636038942009994
unmatched,-0.014409910082676615
unmatched,0.033731387743720906
unmatched,0.07759931123854584
unmatched,0.22205508204392535
unmatched,0.1666354724843854
unmatched,0.1395592762584628
unmatched,0.08170902302148365
unmatched,0.1752172781991636
unmatched,0.1707655838719899
unmatched,0.04686138257667608
unmatched,0.1364644831130769
unmatched,-0.03431671059953788
unmatched,0.07680910598264057
unmatched,0.09251026773368055
unmatched,0.12045591632661398
unmatched,0.17300852805496808
unmatched,0.1144932364896574
unmatched,0.08687530753231644
unmatched,0.14816954608210145
unmatched,0.15876890813699926
unmatched,0.18192132102298944
unmatched,0.036403336474465545
unmatched,0.13000172112613176
unmatched,0.1889092533298848
unmatched,-0.032980048111228004
unmatched,0.01397305411950928
unmatched,0.07907098836094877
unmatched,0.07936477597604498
unmatched,0.06718694684496167
unmatched,0.012552575271770982
unmatched,0.025415474225704882
unmatched,0.06760384490051966
unmatched,0.0429551014591551
unmatched,0.07427584412675917
unmatched,0.03091635323526051
unmatched,0.10052103734810552
unmatched,0.03441541884938112
unmatched,0.0304218134539962
unmatched,-0.03943955114988657
unmatched,0.07454202531573474
unmatched,0.07050541046108855
unmatched,0.06153714221400489
unmatched,0.03166504327543718
unmatched,0.04216335128274586
unmatched,0.0628247865352967
unmatched,0.11063430349573908
unmatched,0.0788034953422994
unmatched,0.08335327642043547
unmatched,0.00017036031807838976
unmatched,0.159652028194724
unmatched,0.1100683134271411
unmatched,0.09859102700765461
unmatched,0.051761383240710127
unmatched,0.04868049215585093
unmatched,-0.019032695924434156
unmatched,0.23917613770540125
unmatched,0.061400169315049276
unmatched,-0.023859093673740915
unmatched,0.0038442861467966956
unmatched,0.18592585764602448
unmatched,0.027591481989729362
unmatched,0.12854163691469891
unmatched,0.05179951005799506
unmatched,0.1673413288435033
unmatched,0.06416071768029977
unmatched,0.019794802416531566
unmatched,0.09025228107495588
unmatched,-0.03790762264196574
unmatched,0.21157683098983063
unmatched,0.025973378956345203
unmatched,0.22966119580506084
unmatched,0.11245908422653351
unmatched,0.050626236552590465
unmatched,0.02672605662206268
unmatched,0.09054584281762615
unmatched,0.01633420750544402
unmatched,0.07409081596325919
unmatched,0.03226475620661485
unmatched,0.10084906196518394
unmatched,0.06705143695716387
unmatched,0.13737804060139716
unmatched,0.06912558308092182
unmatched,0.16454834382731404
unmatched,0.1694291424244131
unmatched,0.21381306256428115
unmatched,0.05799162245018175
unmatched,-0.009206165257582753
unmatched,0.041889822362327016
unmatched,-0.044046796686811183
unmatched,0.11410817003660045
unmatched,0.0367271610786723
unmatched,0.02795262655604293
unmatched,0.19110225989852106
unmatched,0.140210938147426
unmatched,0.21123744799015762
unmatched,-0.09352612195522042
unmatched,0.04376166139792036
unmatched,0.12461855853578085
unmatched,0.1796833398570525
unmatched,0.17920593699512039
unmatched,0.04009071944493954
unmatched,0.10628310451202642
unmatched,0.1955729435256684
unmatched,0.09356037955535851
unmatched,0.11040520888732964
unmatched,0.052370919685291215
unmatched,0.08329286436033233
unmatched,0.06677204887779067
unmatched,0.106740664812868
unmatched,-0.05810757800431725
unmatched,0.016167305538281145
unmatched,0.25125130171925714
unmatched,0.22241293142689425
unmatched,0.08738244379773132
unmatched,0.11588419856834165
unmatched,0.2185137393789404
unmatched,0.0661912343444685
unmatched,-0.013445701479169403
unmatched,0.025320357985937812
unmatched,0.009207780868128674
unmatched,0.08276795549059614
unmatched,0.004118767455387328
unmatched,0.09683550098123508
unmatched,0.16749892516597106
unmatched,0.08785173121491527
unmatched,0.005168848082690916
unmatched,0.10089291923562227
unmatched,0.02483052191232433
unmatched,0.16897848500289658
unmatched,0.022475426361565357
unmatched,-0.029884245079488597
unmatched,0.04430018505860443
unmatched,0.19631941003934553
unmatched,0.025185161238510313
unmatched,0.07466093247657002
unmatched,0.1778041223914711
unmatched,0.05234939228817264
unmatched,0.12824132101297533
unmatched,0.09740004636636684
unmatched,0.03134814403781673
unmatched,0.17532984154264766
unmatched,0.27953536319851036
unmatched,0.1242030946623004
unmatched,0.08146215374510081
unmatched,0.049919893384331816
unmatched,-0.0013373585436987359
unmatched,0.18051339003109285
unmatched,0.1513947273377049
unmatched,0.10230808943947194
unmatched,0.08007028069570019
unmatched,0.15418702415106902
unmatched,0.08215229166579627
unmatched,0.08908441280133378
unmatched,0.08015121436719648
unmatched,0.2105033811790927
unmatched,-0.046647385836890466
unmatched,0.10074894322365117
unmatched,-0.025688394617424355
unmatched,0.09841164624938936
unmatched,-0.008682057531152577
unmatched,-0.004346715005500901
unmatched,0.052303620235408965
unmatched,0.11977167716758653
unmatched,0.03408832790403599
unmatched,0.06142546723871015
unmatched,-0.04220928262481638
unmatched,0.1425026972513532
unmatched,0.10371899388663015
unmatched,0.11434346986807405
unmatched,0.17760246610631691
unmatched,0.016253765040224712
unmatched,0.07427215857834643
unmatched,0.17246104901459108
unmatched,0.22993966384985864
unmatched,0.08136825602802776
unmatched,0.13639434980117102
unmatched,0.04183136373795022
unmatched,0.02180896932611169
unmatched,0.024586359646534554
unmatched,0.11496886936681355
unmatched,0.10763076834185872
unmatched,0.04455258231371407
unmatched,0.05735515334035797
unmatched,0.07603903324507902
unmatched,0.21628668595045472
unmatched,-0.043739026182992795
unmatched,0.17296467920155523
unmatched,0.15090757812432057
unmatched,0.10951187840108899
unmatched,0.0318717135283179
unmatched,0.17242572138117782
unmatched,0.22200305502855888
unmatched,0.05475170518793118
unmatched,0.12914639078731427
unmatched,0.09050026510017152
unmatched,-0.01351100768382561
unmatched,0.044679274243677035
unmatched,0.027541776253205592
unmatched,0.04343472738858178
unmatched,0.2423460328208926
unmatched,-0.055054313854571116
unmatched,0.12439477135128288
unmatched,0.05526115877088103
unmatched,0.088203543819552
unmatched,0.03579718559280519
unmatched,0.09645139804144055
unmatched,0.13069931007549798
unmatched,0.040383707223229016
unmatched,0.16382237556446952
unmatched,0.08071293646114155
unmatched,0.13623621068693842
unmatched,0.06330299948805365
unmatched,0.16112684611614586
unmatched,0.15506884752162442
unmatched,-0.01684170516218212
unmatched,0.11125506786023873
unmatched,-0.0017489416962651668
unmatched,0.08152132343276952
unmatched,0.15987215235989205
unmatched,0.301170918947898
unmatched,0.053998813597722316
unmatched,0.10400436710211701
unmatched,0.019005579415388107
unmatched,0.07407016813259537
unmatched,0.05031474995732498
unmatched,0.18213268389856477
unmatched,0.18382374224309175
unmatched,0.060642807825417686
unmatched,0.18101356331432486
unmatched,0.17190847232008213
unmatched,0.12574591112068154
unmatched,0.12652412968123208
unmatched,0.09488072382487883
unmatched,-0.009046228942701256
unmatched,0.12382980997492712
unmatched,-0.04808411591324729
unmatched,0.19791785572105167
unmatched,0.05804402591977648
unmatched,0.1509578719424389
unmatched,0.07398436641670234
unmatched,0.025370938532012267
unmatched,-0.003002176451449388
unmatched,0.2961504008121497
unmatched,0.12968852134460912
unmatched,0.04481327224103054
unmatched,0.04706193205320046
unmatched,0.14867885957328186
unmatched,0.01253376816988395
unmatched,0.03454751521879957
unmatched,0.1822366439292706
unmatched,0.2319421737930507
unmatched,0.03881222714473439
unmatched,0.036300130835514074
unmatched,0.15934625062339416
unmatched,0.14632949300274248
unmatched,0.15597897003543149
unmatched,0.07740195204393825
unmatched,0.05262273491364858
unmatched,-0.08396128732464014
unmatched,0.06761199617194906
unmatched,0.154890603438342
unmatched,0.18840785495164888
unmatched,0.09881814126795217
unmatched,0.012479110701149083
unmatched,0.12149671342350944
unmatched,0.06422603116176694
unmatched,0.07909546248390086
unmatched,0.124198826256512
unmatched,0.005279241819649515
unmatched,0.10261452010716121
unmatched,0.04915765412105691
unmatched,0.12723749648332192
unmatched,0.047197547826239396
unmatched,0.20861399176648335
unmatched,0.12065847535102162
unmatched,0.041229025224660126
unmatched,0.14036842494326093
unmatched,0.1774979517154157
unmatched,0.003405921134267157
unmatched,0.0055740972511936215
unmatched,0.01757693785235478
unmatched,0.10049243729787367
unmatched,0.05189600401478406
unmatched,0.1595537248768963
unmatched,0.16835969303998702
unmatched,0.13368912074255754
unmatched,0.10287499283031268
unmatched,0.0849504662433806
unmatched,-0.033736869340628264
unmatched,-0.004435252793999915
unmatched,0.02916476172059374
unmatched,-0.019090824497568683
unmatched,0.07155298492765386
unmatched,0.12522324068678328
unmatched,0.18733365559430132
unmatched,0.20142111462323267
unmatched,0.14269407255524671
unmatched,0.06619461235732181
unmatched,-0.0831742239340543
unmatched,0.04367101187411329
unmatched,0.09933490528735249
unmatched,0.19146545498260958
unmatched,0.040403174250384644
unmatched,0.08280080203086429
unmatched,0.10414287378166137
unmatched,0.05115408425552953
unmatched,-0.10520197991181611
unmatched,0.15094621712932885
unmatched,0.032004558268239246
unmatched,0.12031310297749821
unmatched,0.17979924245772194
unmatched,0.1252995712254664
unmatched,0.14045424311713153
unmatched,0.2219247820073436
unmatched,0.1930368272849699
unmatched,0.0919435262731463
unmatched,0.12327968562160556
unmatched,-0.016058373326145715
unmatched,0.15381695668215045
unmatched,0.12354579662508898
unmatched,0.06878017773750703
unmatched,0.24564184937240474
unmatched,0.11810625315211262
unmatched,0.10981954248090957
unmatched,0.04719325750108736
unmatched,0.19585162935519504
unmatched,0.0340469278140649
unmatched,0.08099779474074381
unmatched,0.16315526612455916
unmatched,0.17110721342204763
unmatched,0.11006574834685574
unmatched,0.08456066834084083
unmatched,0.20360090588154692
unmatched,0.054174861024764855
unmatched,0.039029766302517505
unmatched,0.010405993736335094
unmatched,0.026432287290692004
unmatched,0.029542960284570756
unmatched,0.13726502593338577
unmatched,0.08449423707403657
unmatched,0.1786138311234858
unmatched,0.07542951843427724
unmatched,0.10872860613145069
unmatched,0.032392867828108
unmatched,0.06861777605834317
unmatched,0.15305433634117457
unmatched,0.18599791985339414
unmatched,0.09182749917195947
unmatched,0.083470610356301
unmatched,-0.026632711601462324
unmatched,-0.037802146878061584
unmatched,0.1296360465465713
unmatched,0.152089107041283
unmatched,0.17654898439833877
unmatched,-0.010760482781629346
unmatched,-0.014166042820549389
unmatched,0.0019937325067893937
unmatched,0.1486434807011394
unmatched,-0.035354577179711195
unmatched,0.12965617706197632
unmatched,0.11359000866724937
unmatched,-0.023448568391951623
unmatched,0.0475654831001729
unmatched,0.11117305098738735
unmatched,0.07849604494764736
unmatched,0.08777670524271942
unmatched,0.17249229775021938
unmatched,0.06577237284558939
unmatched,0.12479934152041362
unmatched,0.19971422381399082
unmatched,0.14220036396310112
unmatched,0.14860114232334723
unmatched,0.04381207339687518
unmatched,0.023591345290323206
unmatched,0.04800898841204403
unmatched,0.13416898259278606
unmatched,0.15647487961589351
unmatched,0.2113578895629084
unmatched,0.11086316341430674
unmatched,-0.023183059787344355
unmatched,0.18589877697970889
unmatched,0.0035438267535178513
unmatched,0.07744779679686786
unmatched,0.08724058703552555
unmatched,0.043804126571584126
unmatched,0.01126405545542812
unmatched,0.18643267373893282
unmatched,0.12406270355597891
unmatched,0.07635135879059488
unmatched,0.028661909239825603
unmatched,0.1384449392501204
unmatched,0.039429261178304725
unmatched,0.17537188717793956
unmatched,-0.020800496999980787
unmatched,0.02704990700607633
unmatched,-0.0013781664664072784
unmatched,0.15043801165688353
unmatched,0.04460019631656263
unmatched,0.017919902910440023
unmatched,0.06945197719679644
unmatched,0.11550617779137018
unmatched,-0.05677394388854192
unmatched,0.25856320362569096
unmatched,0.11097288431088768
unmatched,-0.08378838166940218
unmatched,0.09761254033640493
unmatched,0.11240334553962666
unmatched,0.12629954074747665
unmatched,0.12691053886214632
unmatched,0.004765685215606031
unmatched,-0.05646644612255874
unmatched,0.046288114319861406
unmatched,0.015150584513282422
unmatched,0.11775367779997278
unmatched,-0.056156322345760776
unmatched,0.0796588170793435
unmatched,0.22107718935300052
unmatched,0.032929284274407805
unmatched,0.04925813800118899
unmatched,-0.027940493916010663
unmatched,0.10381846501187945
unmatched,0.09359558825958525
unmatched,0.1065334812191671
unmatched,0.04022184576337866
unmatched,0.006168969261779133
unmatched,0.05930268080522291
unmatched,-0.020127787833579346
unmatched,0.08751963668696319
unmatched,0.16023701389379802
unmatched,0.13421499709701917
unmatched,0.038900172391842805
unmatched,0.10703154108242888
unmatched,0.1155406287439371
unmatched,0.17167812383160128
unmatched,0.1084908011097862
unmatched,0.13814331689353881
unmatched,0.15859158306874838
unmatched,0.17186142000224158
unmatched,0.05154854822794189
unmatched,0.05917292125388182
unmatched,0.13037930750126664
unmatched,0.18856072686330355
unmatched,0.05090255280512748
unmatched,0.11292563677369567
unmatched,-0.020581723406523846
unmatched,0.13441435932073964
unmatched,-0.08093535309824951
unmatched,0.13381713165555842
unmatched,0.07819827359184207
unmatched,0.1412269560424506
unmatched,0.04487618949107193
unmatched,0.04298853890315598
unmatched,0.11373091641413853
unmatched,0.2030729580725664
unmatched,0.21772261227629802
unmatched,0.1343087872571105
unmatched,0.07183649630857655
unmatched,0.04383377814151919
unmatched,0.057384496289672744
unmatched,0.24561822411187154
unmatched,0.12157419262728368
unmatched,0.1023190805406394
unmatched,0.09190071236194682
unmatched,0.10008196324234249
unmatched,0.055424757354500885
unmatched,0.142666911672114
unmatched,0.11232414591247838
unmatched,0.10900293784021485
unmatched,0.0659713836864999
unmatched,0.09298739687417765
unmatched,0.11055505241954738
unmatched,-0.0029667383438916734
unmatched,0.119979857762103
unmatched,0.2434182394398019
unmatched,0.19506871193109235
unmatched,0.06965865432423152
unmatched,0.03815932165481683
unmatched,0.10066316494150812
unmatched,0.16184920858898472
unmatched,0.1209932100702141
unmatched,-0.11032679966820488
unmatched,0.15233981161758325
unmatched,0.10335945920680772
unmatched,0.0767875343298087
unmatched,0.1448964810226197
unmatched,0.025122556067318388
unmatched,-0.05130686420966382
unmatched,0.15987662280594778
unmatched,0.12961865245174017
unmatched,0.04722214824207685
unmatched,0.12762055524858218
unmatched,0.14369160288184232
unmatched,0.11203171636740436
unmatched,0.02922978328836478
unmatched,0.24895777001585997
unmatched,0.04582879189432739
unmatched,0.04444398089946457
unmatched,0.09432126573734967
unmatched,0.0816784601102874
unmatched,0.14731063849837467
unmatched,0.01803353729199746
unmatched,-0.0718987198123588
unmatched,0.14472939328690612
unmatched,0.015946311004041338
unmatched,0.20065436496899058
unmatched,0.1764658167737088
unmatched,0.08611356728181017
unmatched,-0.028595286950530933
unmatched,0.2697760605955477
unmatched,0.09119044405245974
unmatched,0.14847879423579763
unmatched,0.08667007009246767
unmatched,0.16045777899627364
unmatched,0.09811528038443507
unmatched,0.2009998597787242
unmatched,0.17782132972473297
unmatched,0.04949828398298308
unmatched,0.12005776094517201
unmatched,0.13599365856218343
unmatched,0.01448832804472535
unmatched,-0.01841655105048942
unmatched,0.09307222842019516
unmatched,0.027714706313621953
unmatched,0.19989268937852991
unmatched,0.029166710598886036
unmatched,0.04243360478611177
unmatched,0.01630857198154792
unmatched,0.18934271119625423
unmatched,0.011024072905737163
unmatched,-0.032566011926466444
unmatched,0.22357850773018767
unmatched,0.1577238353891381
unmatched,0.018150328341695644
unmatched,0.10656414066496094
unmatched,0.025729233485054508
unmatched,0.15133220807478048
unmatched,0.09720375963425656
unmatched,0.07333917459152171
unmatched,0.10501972743872418
unmatched,0.0915011472703509
unmatched,0.17986297259384662
unmatched,0.1567506085459608
unmatched,-0.05707866702728842
unmatched,0.10909735697925785
unmatched,0.09295221323825816
unmatched,0.03939583397604347
unmatched,0.07313216367764251
unmatched,0.1354771530819309
unmatched,0.09809033481447436
unmatched,0.13310611452261148
unmatched,0.09994309204752527
unmatched,0.09283769833991182
unmatched,0.1841921667324772
unmatched,0.1224707311724243
unmatched,0.07719101446155327
unmatched,0.21565552975014715
unmatched,0.027234589935889102
unmatched,0.022772087334031535
unmatched,0.05093830244179754
unmatched,0.14443626157201261
unmatched,0.15227308415040677
unmatched,0.26415260551282127
unmatched,0.06550125226016375
unmatched,0.23076820584157334
unmatched,-0.09189558476149738
unmatched,0.13193125830899233
unmatched,0.07749619159897939
unmatched,0.1143895231071357
unmatched,0.0794767013056513
unmatched,0.1101257825546861
unmatched,0.16168546888354562
unmatched,0.024253441694304583
unmatched,0.12306099234876654
unmatched,0.21481393062401882
unmatched,0.033831323200670574
unmatched,0.021048435042726393
unmatched,0.13114457878145927
unmatched,-0.036101829919881735
unmatched,0.19799139172170055
unmatched,0.173614728700289
unmatched,-0.03260826736520426
unmatched,0.11994669066963468
unmatched,0.06234470898204435
unmatched,0.115868650328895
unmatched,0.06370236213773042
unmatched,0.0914094372998744
unmatched,0.042421499775180616
unmatched,0.07276901317422262
unmatched,0.11462571320860719
unmatched,0.03256690661663601
unmatched,0.11107299369704782
unmatched,0.1034494547653862
unmatched,0.02486270119879984
unmatched,0.14616720183749868
unmatched,0.12107090647593471
unmatched,0.008117941345702243
unmatched,0.05181164313116331
unmatched,0.2538847374463976
unmatched,0.1968874508373591
unmatched,0.075219418130001
unmatched,0.12666579373477446
unmatched,0.2690539670793367
unmatched,-0.00902862335700617
unmatched,0.13421018199959706
unmatched,0.14567644571062485
unmatched,0.029897103828992813
unmatched,0.17202231222196998
unmatched,0.06495248673026448
unmatched,0.18248150244988384
unmatched,0.10735181025094764
unmatched,0.14281343155571835
unmatched,0.15295108891988815
unmatched,0.1867776697496586
unmatched,0.030515134267410555
unmatched,-0.04871199974113607
unmatched,0.1520006166473174
unmatched,0.13362167383962095
unmatched,-0.033232036913048955
unmatched,0.19909301455046982
unmatched,-0.0021707422746569094
unmatched,0.17010915606915816
unmatched,0.0566999288128513
unmatched,0.06343659158226601
unmatched,-0.012855178262586121
unmatched,0.27317155151147277
unmatched,0.08371690383861467
unmatched,-0.01789466121244613
unmatched,0.045701441916111925
unmatched,0.1012468613018314
unmatched,0.046628974865458396
unmatched,0.1696392512237171
unmatched,0.18074228614723836
unmatched,0.15030083418357265
unmatched,0.1676113482312538
unmatched,0.06305905917478297
unmatched,0.11347982113987119
unmatched,0.023556849622648198
unmatched,0.14317525475597406
unmatched,0.07378467811910942
unmatched,0.13726041245406329
unmatched,0.04998174749120011
unmatched,0.22244711352428428
unmatched,0.03143932133881169
unmatched,0.2174231307698873
unmatched,0.10679072131265265
unmatched,0.06125236194562371
unmatched,0.03846746695859057
unmatched,0.041711090512782885
unmatched,0.06123754494746185
unmatched,0.042271630807866875
unmatched,0.024868359836704327
unmatched,0.043923773687664515
unmatched,0.21902247596284874
unmatched,0.03493252410510179
unmatched,0.020307593208561396
unmatched,0.11743605070357488
unmatched,0.02548826235055796
unmatched,0.09626385504189819
unmatched,0.12864625888312475
unmatched,0.07137943912000883
unmatched,0.11089361181347884
unmatched,0.18164329484032757
unmatched,0.06158454485421421
unmatched,-0.02416519629451311
unmatched,0.022294885154223773
unmatched,0.21476177188620194
unmatched,0.1548668547808187
unmatched,0.22267148545366938
unmatched,0.178157589467424
unmatched,0.07687641055014184
unmatched,0.10618550130340537
unmatched,0.21892096679030168
unmatched,-0.009067505373025062
unmatched,0.10948696181367876
unmatched,0.11076459337025238
unmatched,0.1507923034319659
unmatched,0.1977561218779158
unmatched,0.19298398097504443
unmatched,0.13605244311628073
unmatched,0.1463975004842341
unmatched,-0.01298152722444534
unmatched,0.03070187383211987
unmatched,0.002248308265567804
unmatched,0.09612866100004157
unmatched,0.11931483695711984
unmatched,0.20192498852857826
unmatched,0.09502539163762358
unmatched,0.13101142124513626
unmatched,0.1506773259202039
unmatched,0.05678812331797404
unmatched,0.04650277444506042
unmatched,0.09713849314801587
unmatched,-0.03474296521636727
unmatched,0.09493883222363973
unmatched,0.05074857950676796
unmatched,-0.030513416436194502
unmatched,0.03682865310042268
unmatched,0.10665184860246356
unmatched,0.03556776311247055
unmatched,0.24767800700360543
unmatched,0.1603752867584586
unmatched,0.04328255038519656
unmatched,0.12675307156912508
unmatched,0.019597752486032113
unmatched,0.17359358678571474
unmatched,0.13472212510424264
unmatched,0.07896935724510137
unmatched,0.09014538757152366
unmatched,0.050292531955822395
unmatched,0.05168173959119781
unmatched,0.09890817351122186
unmatched,0.12298887945448621
unmatched,0.08238043929969813
unmatched,0.16953914761554595
unmatched,0.005464328888464328
unmatched,0.27184652789691766
unmatched,0.1329603662220654
unmatched,0.23303139168961898
unmatched,0.22771651882428587
unmatched,0.053583070299995685
unmatched,0.10003082654321686
unmatched,0.15355226691073423
unmatched,0.044145267222155164
unmatched,0.14712721474448368
unmatched,0.09057558676897946
unmatched,0.08657005280686633
unmatched,0.11214046737580317
unmatched,0.022268114364196352
unmatched,0.2087842618333333
unmatched,0.17617155707956017
unmatched,0.045563718704262464
unmatched,0.0440328250460271
unmatched,0.17057834058071034
unmatched,-0.014350371335411645
unmatched,0.07510093315309943
unmatched,0.21075900335464842
unmatched,0.08816015084811932
unmatched,0.021500341672953373
unmatched,-0.03563380309721281
unmatched,0.016576477604034898
unmatched,0.07165058676037685
unmatched,-0.10019057596734021
unmatched,0.07419297084839423
unmatched,-0.030586588250172752
unmatched,0.18451302777742
unmatched,0.17890654832018016
unmatched,0.13669136869753498
unmatched,-0.031617763802149
unmatched,0.03919627992076956
unmatched,0.2010598421558693
unmatched,0.03662633907773432
unmatched,0.1134910191418212
unmatched,0.17951993974405844
unmatched,0.14853287270379179
unmatched,0.02882554214043744
unmatched,0.010191670415630995
unmatched,0.061244288011501904
unmatched,0.026784731324173795
unmatched,0.10262463474976104
unmatched,0.1329896006791126
unmatched,-0.0020279979604134798
unmatched,0.1984512673710965
unmatched,0.13282989336324957
unmatched,0.1844088177431508
unmatched,0.14293504543833216
unmatched,0.22854298527879507
unmatched,0.07042346567922718
unmatched,0.204056491160661
unmatched,0.14817441613047375
unmatched,0.049773873651811816
unmatched,0.07692392378286751
unmatched,0.05805245618747459
unmatched,0.01416811915930117
unmatched,0.016849954097832416
unmatched,0.3186879354038166
unmatched,0.16051612848354857
unmatched,0.1959994692455223
unmatched,0.10740175465172166
unmatched,0.0920218809301406
unmatched,0.1681451364485944
unmatched,0.18477928948776248
unmatched,0.16637115634888308
unmatched,0.14422944324499848
unmatched,0.08743487633224238
unmatched,0.05404284055486263
unmatched,0.11853030638891407
unmatched,0.1010192315712218
unmatched,0.13667335051889032
unmatched,0.09570091368082201
unmatched,0.06032246619691451
unmatched,0.20311193537468275
unmatched,0.062077916811162724
unmatched,0.04406160133450266
unmatched,0.007081102397575259
unmatched,0.06181150026358694
unmatched,0.1108103097797322
unmatched,0.13507919097686805
unmatched,0.05900373861672826
unmatched,0.1463358386625421
unmatched,0.13385518341585792
unmatched,0.12183764717804442
unmatched,-0.0068176748011905385
unmatched,0.10648157539254705
unmatched,0.09405076598318576
unmatched,0.07593920090262461
unmatched,0.07589211214655579
unmatched,0.11093708263958628
unmatched,0.12771410520345955
unmatched,0.16530644764234306
unmatched,0.07223807367506367
unmatched,0.09378922081095385
unmatched,0.0058977461372426996
unmatched,0.04053436243168445
unmatched,0.049558918189743076
unmatched,0.07883862870995055
unmatched,0.09445287525397253
unmatched,0.021664055333169813
unmatched,0.18383500793952323
unmatched,0.05817940775335681
unmatched,-0.02822126883596772
unmatched,0.10394655263891006
unmatched,-0.041190608188902314
unmatched,0.10524845809712063
unmatched,0.07263841987381585
unmatched,0.17412039621646883
unmatched,-0.05598211341717012
unmatched,0.22437791997600928
unmatched,0.1844521735626206
unmatched,0.307338067643105
unmatched,0.10557061560702524
unmatched,-0.037683730897626
unmatched,0.11793227687441953
unmatched,0.09809707040381943
unmatched,0.0408276552618475
unmatched,0.010124070863820644
unmatched,0.10205478225188433
unmatched,0.15958233554947945
unmatched,-0.025628752625583732
unmatched,0.10727334375889166
unmatched,0.16352896600067754
unmatched,0.026070569459185365
unmatched,0.2592867954846534
unmatched,0.14409703545127994
unmatched,0.15692901411213275
unmatched,0.04018763352877735
unmatched,0.11638600174809173
unmatched,0.19089565316269633
unmatched,0.0859358658254554
unmatched,0.1298223289956567
unmatched,-0.03657918983957187
unmatched,0.22978958244781533
unmatched,0.10079162461100771
unmatched,0.1742122113240654
unmatched,0.01056219894699353
unmatched,0.209893369102903
unmatched,0.052800061304524235
unmatched,0.14576365475164896
unmatched,0.19257335840736697
unmatched,-0.0198521619206979
unmatched,0.055308719232522355
unmatched,0.14024366218812878
unmatched,0.13219570368505523
unmatched,0.04353925260150189
unmatched,0.12447936206729698
unmatched,0.18035109395089952
unmatched,0.13186068184248162
unmatched,0.13033489374159113
unmatched,0.1319982128551686
unmatched,0.16577321669944386
unmatched,0.0690753334286493
unmatched,0.16022334115244516
unmatched,0.16467184398591947
unmatched,0.21856774236029045
unmatched,0.17808419262577224
unmatched,0.04251122095507769
unmatched,0.13069189001847079
unmatched,-0.003479032801703635
unmatched,-0.022835471505058248
unmatched,0.05852366161643969
unmatched,0.13209729459245573
unmatched,0.22815475803084329
unmatched,0.1568383397215747
unmatched,0.024369155928195583
unmatched,0.14979867115634116
unmatched,-0.046732789846157585
unmatched,0.19998841131935896
unmatched,0.05504670742538085
unmatched,0.09059770135915254
unmatched,0.10924443276572372
unmatched,0.26369735815188305
unmatched,0.11884655054597895
unmatched,0.11377744411020553
unmatched,-0.017209979598367738
unmatched,0.08086079384486208
unmatched,0.11926803276304551
unmatched,0.08853125479772021
unmatched,0.21691513691700434
unmatched,0.16600610730937818
unmatched,0.15170599484390218
unmatched,0.12367663361803148
unmatched,0.17214655032993378
unmatched,-0.012684333256436276
unmatched,0.06539307611721708
unmatched,0.053429461524465136
unmatched,0.12720829222639943
unmatched,0.08400098039455203
unmatched,-0.019795146848321434
unmatched,0.11970357473799864
unmatched,0.06995810380190763
unmatched,0.09370043545100849
unmatched,0.03343999055632997
unmatched,0.18252199098029895
unmatched,-0.0364732447840628
unmatched,0.1416092375048812
unmatched,0.23799786421361488
unmatched,0.059824444196184275
unmatched,-0.042159965266444756
unmatched,0.09155011601604912
unmatched,0.17775094335311234
unmatched,0.21724557579494816
unmatched,0.14115929818108475
unmatched,0.05191480537242262
unmatched,-0.049604619759805665
unmatched,0.015445921604230708
unmatched,0.019383975150191964
unmatched,0.10741124248814406
unmatched,0.20175328299495812
unmatched,0.2349652588538324
unmatched,0.11092227210446291
unmatched,0.1037540032317397
unmatched,0.23550660835024043
unmatched,0.021245145751543345
unmatched,0.11344456988512981
unmatched,-0.02811400665210959
unmatched,0.05648913171925892
unmatched,0.07687961674613175
unmatched,0.09980489289743659
unmatched,0.09492582402224442
unmatched,-0.07821444670927276
unmatched,0.1787678549811842
unmatched,0.21615343387806238
unmatched,0.08691162820177632
unmatched,0.07944333001001899
unmatched,0.11119777350867092
unmatched,-0.024333714211955817
unmatched,0.016047022753706258
unmatched,0.06654984558081502
unmatched,0.046398646383051655
unmatched,0.04061415513470922
unmatched,0.16880626783395813
unmatched,-0.01432173965692316
unmatched,0.14149129555825712
unmatched,0.03613535608003905
unmatched,0.07905672017673283
unmatched,0.11572913329914868
unmatched,0.27186319751006016
unmatched,0.11447525631759879
unmatched,0.07062976452225422
unmatched,0.07131830919797767
unmatched,0.04999701589599133
unmatched,0.15009636122964243
unmatched,-0.02207710182077349
unmatched,0.16241635710090468
unmatched,0.19316927453196156
unmatched,0.04882713930185044
unmatched,0.11996764232048034
unmatched,0.03110425313640755
unmatched,0.21813896148477557
unmatched,0.1457278835691966
unmatched,0.09606503355518521
unmatched,0.03008445899481589
unmatched,0.165660044901641
unmatched,0.06630767914124183
unmatched,0.12563701112077258
unmatched,0.24382186538649667
unmatched,0.015585127467661422
unmatched,0.06452166173757451
unmatched,-0.06681335095444711
unmatched,0.1317048692943602
unmatched,0.08510916923137761
unmatched,-0.08687494186359034
unmatched,0.09486282358694909
unmatched,0.06068838274877238
unmatched,0.07592790347690381
unmatched,0.08647766315479749
unmatched,0.09000327959391528
unmatched,0.14680401929104545
unmatched,0.09971969520837266
unmatched,0.15866679324790262
unmatched,-0.05156706036539899
unmatched,0.13528751207419185
unmatched,0.026697925112303997
unmatched,0.14323915742959256
unmatched,0.04742292174698813
unmatched,-0.025258194988208978
unmatched,0.12399766851761918
unmatched,0.24584079842100898
unmatched,-0.11006277099947612
unmatched,0.1055535215549405
unmatched,0.12333888659685881
unmatched,0.11288472965569225
unmatched,0.16844816256743966
unmatched,0.05241059296964153
unmatched,0.12324756305513249
unmatched,0.2158868676126984
unmatched,0.19828140913426032
unmatched,0.0488739975114717
unmatched,0.08373034958178845
unmatched,0.06250807649206473
unmatched,0.14622249294295303
unmatched,0.11551775895918388
unmatched,0.09938865413616321
unmatched,0.28276869691506906
unmatched,0.0775610604877403
unmatched,0.07695508121303442
unmatched,0.11969403919949723
unmatched,0.16284158360722772
unmatched,0.19001264623219602
unmatched,-0.0407836997318261
unmatched,0.20781877147253697
unmatched,0.2818395026821154
unmatched,0.1383291748811863
unmatched,-0.02065508212661215
unmatched,0.15659033589971494
unmatched,0.021804384092311783
unmatched,0.1960204194005592
unmatched,0.12960519506648316
unmatched,0.06850391421143001
unmatched,0.15330685609038633
unmatched,0.17722032485441727
unmatched,0.03028382065276356
unmatched,0.129324876872124
unmatched,-0.021082738628229125
unmatched,0.09584767920732569
unmatched,0.24995668763274112
unmatched,0.07034634292209666
unmatched,0.05697847194862635
unmatched,0.21346817120346998
unmatched,0.06572597233303443
unmatched,0.0288736891268265
unmatched,0.09600578524073898
unmatched,0.1588796802206982
unmatched,0.07344719540581356
unmatched,0.13012975510235042
unmatched,0.16035509849963994
unmatched,-0.08989572680328457
unmatched,-0.02507589230221217
unmatched,0.1266960816036086
unmatched,0.013452163789327874
unmatched,0.10045133452564192
unmatched,0.0840512947220219
unmatched,0.14271559164092149
unmatched,0.16312991958316927
unmatched,0.04486938795107585
unmatched,0.13007477154018343
unmatched,0.08297032111710265
unmatched,0.060471905487986914
unmatched,0.04319024312026832
unmatched,0.11624481548349613
unmatched,-0.010643569227324607
unmatched,0.04531742196217305
unmatched,0.14935605274964378
unmatched,0.1242462082638576
unmatched,0.16283209636872412
unmatched,0.11415485429100766
unmatched,0.1568264893034473
unmatched,0.03656198971825487
unmatched,0.03670050681535648
unmatched,0.17542751675397358
unmatched,0.016144602615543784
unmatched,0.0847450359783219
unmatched,0.21566138064682364
unmatched,0.06245005256425333
unmatched,-0.0023086845800563594
unmatched,0.1507527440095754
unmatched,-0.010081063387173244
unmatched,-0.013136226215929296
unmatched,-0.023350359730102542
unmatched,0.14875410485755666
unmatched,0.18474398219781787
unmatched,0.15458845362285234
unmatched,0.18139972558048226
unmatched,0.11282226304832939
unmatched,0.12929193610191914
unmatched,0.025609482628929685
unmatched,0.10305689408455161
unmatched,0.10208061966969936
unmatched,0.2282418738833885
unmatched,0.08138163771051925
unmatched,0.03284828263437402
unmatched,-0.04378472481607766
unmatched,0.11941238572138788
unmatched,-0.017609122673127496
unmatched,-0.07773957864877255
unmatched,0.09407742025534105
unmatched,0.11417142423377691
unmatched,0.045616659906134796
unmatched,-0.017670727420254044
unmatched,0.23335755408179965
unmatched,0.06064665584726966
unmatched,0.15204694048201195
unmatched,0.07450638408915268
unmatched,0.13018483848147108
unmatched,0.037982142889261744
unmatched,0.06178049607647768
unmatched,0.17878336094473168
unmatched,0.07701566053895309
unmatched,0.09543957731712577
unmatched,0.06642077983557983
unmatched,0.1878844683787933
unmatched,0.18806859048196142
unmatched,-0.01864974352708117
unmatched,0.07585571919453206
unmatched,0.25786985720068156
unmatched,0.034861203056652
unmatched,0.15857817836292093
unmatched,-0.03212646623736782
unmatched,0.03631400480787479
unmatched,0.023492828509420426
unmatched,-0.0022250447330526392
unmatched,0.1970904935821604
unmatched,0.19669406710826837
unmatched,-0.09067167617410686
unmatched,0.18469165906439552
unmatched,0.11303013114167736
unmatched,0.03889279716990061
unmatched,0.17363720893828813
unmatched,0.040402559616910964
unmatched,0.11769443693110156
unmatched,-0.031985036573669384
unmatched,0.21018350606580644
unmatched,0.0490494641439896
unmatched,0.11871443641297187
unmatched,-0.02973022147751273
unmatched,0.06962419223457829
unmatched,0.0287388357308421
unmatched,0.03984777196249946
unmatched,0.03264229249212485
unmatched,0.11750600933870435
unmatched,0.016789523677771218
unmatched,-0.020921505830205394
unmatched,0.07671144929663641
unmatched,0.072819511413256
unmatched,0.1411262963126058
unmatched,0.0516756427240471
unmatched,0.0670350535823541
unmatched,0.12836258755596416
unmatched,0.11800500856980925
unmatched,0.11239620783459009
unmatched,0.1440576217697893
unmatched,-0.006690389570427666
unmatched,0.10612100228443011
unmatched,0.10395161229262093
unmatched,0.11859600261353012
unmatched,0.0695930177829667
unmatched,-0.048100278591431074
unmatched,0.052373303853980535
unmatched,0.055322527681959666
unmatched,-0.01649065433055706
unmatched,0.14718809661458693
unmatched,0.15350168400320757
unmatched,0.1604863177392346
unmatched,0.2155015016511116
unmatched,0.17062471610044883
unmatched,0.1346533839646753
unmatched,0.04128283545863974
unmatched,0.06672650452568203
unmatched,0.12238088503798525
unmatched,0.19651301521828754
unmatched,-0.05346097413959585
unmatched,0.2482561837093277
unmatched,0.056920538040345976
unmatched,0.011175301462069773
unmatched,0.028913802860227496
unmatched,0.08254180169321047
unmatched,0.12818288696919247
unmatched,0.032953253560926384
unmatched,0.007935137470964323
unmatched,0.08182419801782939
unmatched,0.09983451306679991
unmatched,-0.032582913468283674
unmatched,0.20156166296889133
unmatched,-0.014891124118240338
unmatched,0.18644332962137927
unmatched,0.05345917234989918
unmatched,0.09868685621717183
unmatched,0.015873466560778846
unmatched,-0.030940918372292632
unmatched,0.02770779111809703
unmatched,0.23862599290681116
unmatched,0.05981977352666569
unmatched,-0.09043734050937395
unmatched,0.10298135497842388
unmatched,0.07199927223477053
unmatched,0.0980073471471598
unmatched,0.18283221027246407
unmatched,0.05419846449398719
unmatched,0.22954165377739605
unmatched,0.16554634455744455
unmatched,0.14875321460342464
unmatched,0.207204433144096
unmatched,0.004029253085073563
unmatched,0.22024320689442642
unmatched,0.1391702209786951
unmatched,0.12687304610469918
unmatched,-0.006915093957197966
unmatched,0.20157386146852835
unmatched,0.047555169768415874
unmatched,0.15464827301748224
unmatched,0.10323151887628261
unmatched,0.25642921505820004
unmatched,0.02038891098680814
unmatched,0.08301197573420888
unmatched,0.06300588183154604
unmatched,0.1938666301958712
unmatched,0.1569731598200609
unmatched,0.1398504596653932
unmatched,0.08423967230677155
unmatched,-0.0015830119409626939
unmatched,0.09537115393557592
unmatched,-0.007808778799008588
unmatched,0.07095344184444091
unmatched,-0.08430484787298247
unmatched,0.07127261481826366
unmatched,-0.029815962237789713
unmatched,0.14937839163593594
unmatched,-0.055129790456614806
unmatched,0.11595065522315487
unmatched,0.05667816551416052
unmatched,0.2380661252872415
unmatched,0.19484234059699823
unmatched,-0.0019620386660845353
unmatched,0.013504837312237058
unmatched,0.060645764209772315
unmatched,0.19519810325974568
unmatched,0.15348945616862913
unmatched,0.04779726621944486
unmatched,0.09933415270009713
unmatched,0.09682699560794586
unmatched,0.08944043379366805
unmatched,-0.04815979093565041
unmatched,0.10794113608125822
unmatched,0.06385779815592592
unmatched,0.0242118291893028
unmatched,-0.020967144751957077
unmatched,0.0974004301807449
unmatched,0.16650017275032503
unmatched,0.035915714549892605
unmatched,0.013303789958296274
unmatched,0.04052407335747054
unmatched,0.0788826702994362
unmatched,-0.013574144117615471
unmatched,0.18404001513733886
unmatched,0.12000252646875238
unmatched,0.0789887092284874
unmatched,0.13693977983431746
unmatched,0.10032234755708824
unmatched,0.1685502000220871
unmatched,0.07895143999360306
unmatched,0.0811099130189767
unmatched,0.20692460499300863
unmatched,0.08972828648147632
unmatched,0.21017675850532166
unmatched,-0.0847601716508198
unmatched,0.232503160820931
unmatched,0.05815197299657964
unmatched,0.07271665232448324
unmatched,0.06129569295750817
unmatched,0.10002798772525945
unmatched,0.02815109181149424
unmatched,0.20656279163427216
unmatched,0.006029971391536425
unmatched,0.11164645468075338
unmatched,0.06618930000474234
unmatched,0.051208249127108064
unmatched,0.03904641942287644
unmatched,0.1495660628592763
unmatched,0.0898592731887433
unmatched,0.029722035412335854
unmatched,0.15749993718835548
unmatched,0.04165015262462775
unmatched,0.02714149703321777
unmatched,0.05515495702449297
unmatched,0.07100280393432837
unmatched,0.09728755622445441
unmatched,0.004752570253302708
unmatched,0.14079003179776542
unmatched,0.09689356057665972
unmatched,0.09855850302565321
unmatched,0.17063361988554063
unmatched,0.07275604402740718
unmatched,0.14878494132014503
unmatched,0.07444702172235579
unmatched,-0.0177072993650001
unmatched,0.049296713208089364
unmatched,0.1057917403051159
unmatched,0.05987425086286962
unmatched,0.06457126897839133
unmatched,-0.12006726093917842
unmatched,0.006233533256819052
unmatched,0.12056808715600204
unmatched,0.10162986043065311
unmatched,0.05321717215500133
unmatched,0.12081443821888944
unmatched,0.24197703947375368
unmatched,0.02426597427036749
unmatched,0.05271338793808023
unmatched,0.0007764730970206499
unmatched,0.06992166608768552
unmatched,0.1328753343795898
unmatched,0.07603781034159242
unmatched,0.13766098098784058
unmatched,0.1615006814804116
unmatched,0.02256620306185857
unmatched,0.06868646261585197
unmatched,0.23808337330320878
unmatched,0.053017427951933864
unmatched,0.16112607140984947
unmatched,0.003999585108260802
unmatched,0.17076060870742782
unmatched,0.21660784174950398
unmatched,0.16367341571369073
unmatched,0.1656928719874891
unmatched,-0.09770038017720567
unmatched,-0.05563984373445559
unmatched,0.1449334314038877
unmatched,0.015410855349397807
unmatched,0.20753012525903
unmatched,0.10933944388475643
unmatched,0.02560545693822476
unmatched,0.016600833113002107
unmatched,0.057096847421799234
unmatched,0.13236095222551725
unmatched,0.09183421585246762
unmatched,0.0022888745067867217
unmatched,0.18674320061819835
unmatched,-0.003001824859877672
unmatched,0.08669708345976904
unmatched,-0.018747410608175683
unmatched,-0.025218206060231018
unmatched,0.05788811297043686
unmatched,0.04350506599361155
unmatched,0.01672670844919244
unmatched,0.08904959683402776
unmatched,0.13189221395011771
unmatched,0.0892410536768466
unmatched,0.06184957674651879
unmatched,0.028284540066833147
unmatched,0.026974203803196792
unmatched,0.10134251487510225
unmatched,0.06102366082862153
unmatched,0.00756563432173857
unmatched,0.040828932442279996
unmatched,0.0955006600873873
unmatched,0.17593523787909446
unmatched,0.12974983167346693
unmatched,0.1514844939594947
unmatched,0.19202155150093136
unmatched,0.049366433664687084
unmatched,0.0934469289570665
unmatched,0.1750236272116215
unmatched,0.14674424143861417
unmatched,-0.002709468073243614
unmatched,0.05244643613575949
unmatched,0.10839915727702149
unmatched,-0.023592632489260267
unmatched,0.17178035329169913
unmatched,0.056793312463073155
unmatched,0.11728780639307085
unmatched,0.1641077553185322
unmatched,0.0738249939066929
unmatched,0.10413593747539099
unmatched,0.11924867667338204
unmatched,0.004147244867850414
unmatched,0.12990286567394166
unmatched,0.11137327753317762
unmatched,0.08264954615383774
unmatched,0.06707954185136757
unmatched,0.13166377430461182
unmatched,0.04725698894124337
unmatched,0.00872565358906173
unmatched,0.0857134414389567
unmatched,0.15212133377907322
unmatched,0.14056651038467352
unmatched,0.10176131481359109
unmatched,0.13041049662498588
unmatched,0.1457644148950325
unmatched,0.06135688840880402
unmatched,0.06735067677127878
unmatched,0.17071351846524122
unmatched,0.015729040037508763
unmatched,0.019168840439161876
unmatched,0.09678058667400317
unmatched,0.10042280439326332
unmatched,-0.008636444230188911
unmatched,0.07515420522595
unmatched,-0.014460168789988787
unmatched,0.029552400013621784
unmatched,0.14520155199063914
unmatched,0.17059526432164318
unmatched,0.2321946855517785
unmatched,0.14808032976264857
unmatched,0.15228972602865853
unmatched,0.08832488427364624
unmatched,0.0826625529296705
unmatched,0.06715193291863321
unmatched,0.004121161690117379
unmatched,0.0668811750129649
unmatched,0.2639091628351781
unmatched,0.04468136885954386
unmatched,0.0391691786214921
unmatched,0.020304898002373273
unmatched,0.10620519271937964
unmatched,0.02724284409455533
unmatched,0.007415366014995637
unmatched,0.17734543900295718
unmatched,0.09776082646280282
unmatched,0.1091796966976835
unmatched,0.18652729951702163
unmatched,0.09312394985792144
unmatched,0.05629559839178839
unmatched,0.15724813452475564
unmatched,-0.004782975528491018
unmatched,0.0017939776594730254
unmatched,0.1189770118538966
unmatched,0.06011215837067888
unmatched,0.09001033773421845
unmatched,-0.014226880295008485
unmatched,0.037885909046069234
unmatched,0.10209844923229265
unmatched,0.13000064332025796
unmatched,0.08645174452534866
unmatched,-0.01970191595741695
unmatched,0.1442137311888602
unmatched,0.03838933081285576
unmatched,-0.12281581106172287
unmatched,0.06202263264065851
unmatched,0.11014921057880679
unmatched,0.1762304558061529
unmatched,0.12946660096666882
unmatched,0.09705969960891937
unmatched,0.27846749300459933
unmatched,-0.021845546237139003
unmatched,-0.018334982039769163
unmatched,0.07597091198727264
unmatched,0.16662533297297835
unmatched,-0.02571500426587662
unmatched,-0.039670228146946804
unmatched,0.08088844131796796
unmatched,0.03240055325945804
unmatched,0.06134749637039358
unmatched,0.12961000295684655
unmatched,0.06406685909973957
unmatched,0.17900091738111037
unmatched,0.14945612714457757
unmatched,0.0481083527403545
unmatched,-0.13868206691907795
unmatched,0.06039973293692959
unmatched,0.04379272323463668
unmatched,0.1521895581790172
unmatched,0.06057192655597301
unmatched,0.12535876189830128
unmatched,-0.0019869944333338685
unmatched,0.11997473570604639
unmatched,0.18084493037866364
unmatched,0.08599091318494302
unmatched,-0.009433169644202181
unmatched,0.07426788602633799
unmatched,0.15530223598339885
unmatched,0.024640961841377332
unmatched,0.006571994104624402
unmatched,0.2393415569764488
unmatched,0.15041157772873268
unmatched,0.02954589981109633
unmatched,0.11058130513475779
unmatched,0.09614429615941009
unmatched,0.18313149149139354
unmatched,0.11532325901786009
unmatched,0.07821057486798387
unmatched,0.047829655067020325
unmatched,-0.009628238518583007
unmatched,-0.056977468492694125
unmatched,0.09493856482343258
unmatched,0.1638965536181734
unmatched,0.13539492487562738
unmatched,0.020583846595202824
unmatched,0.04617795273655901
unmatched,-0.036881448720448504
unmatched,0.10187523407016867
unmatched,0.1481876351154673
unmatched,0.11265297473315544
unmatched,0.08708499016766891
unmatched,0.12097707395744481
unmatched,0.1412612178393453
unmatched,0.0916440003299416
unmatched,-0.04650104940827066
unmatched,-0.038328975818827306
unmatched,-0.04081639748158117
unmatched,0.13973471783986327
unmatched,0.08986214501890509
unmatched,0.060436535935184596
unmatched,0.017656538027087842
unmatched,0.16743036606351505
unmatched,0.1318744299117237
unmatched,0.0828700598120953
unmatched,0.06919190165964796
unmatched,0.2526347875628541
unmatched,0.13493892409761374
unmatched,0.11622245722970205
unmatched,-0.0008657823074055222
unmatched,0.13971294641170925
unmatched,-0.09881309353180838
unmatched,0.14630276533290446
unmatched,0.06936522027387493
unmatched,0.0387961259117325
unmatched,0.0855565145582216
unmatched,0.043487986307155134
unmatched,0.16496636300090045
unmatched,0.06237739998613828
unmatched,-0.04811805442917171
unmatched,0.10445848953702962
unmatched,0.11284145306248798
unmatched,-0.004588275040054812
unmatched,0.13889366981310156
unmatched,0.11958520837122669
unmatched,0.1805987567919006
unmatched,0.11405469281830218
unmatched,0.20654458551935412
unmatched,0.18980946046176986
unmatched,0.14231101557717435
unmatched,0.00893827820638767
unmatched,-0.021777767235613667
unmatched,0.04690470657976268
unmatched,0.18421691577455393
unmatched,0.12155094401689709
unmatched,0.06820266457763134
unmatched,0.14431532096390587
unmatched,0.014097328299831654
unmatched,0.2223765478916165
unmatched,-0.019782796001751944
unmatched,0.023333190415243597
unmatched,0.18268487768226432
unmatched,0.1236038484474889
unmatched,0.09728209316296976
unmatched,0.16789094863587742
unmatched,0.17801529676993547
unmatched,0.02838060793129746
unmatched,0.05153401462873919
unmatched,0.1504477300704668
unmatched,0.08823278890072626
unmatched,-0.0058152171679103385
unmatched,0.07212615820804757
unmatched,0.01336005034507862
unmatched,0.011808100988192497
unmatched,0.050099778888045704
unmatched,0.06827097471190373
unmatched,0.048384881799539585
unmatched,0.11221536339228153
unmatched,0.18060979949355702
unmatched,0.20194250310370782
unmatched,0.1363729871716826
unmatched,0.16779814570355314
unmatched,-0.06036511805885749
unmatched,0.03285282689568781
unmatched,0.009827544279114519
unmatched,0.07362202078246749
unmatched,0.09465292714589829
unmatched,0.08292777897206617
unmatched,0.08874239185342336
unmatched,0.18860204490704757
unmatched,0.03259505304277106
unmatched,0.03657625741853048
unmatched,0.08626993342626858
unmatched,-0.05454465386541348
unmatched,0.062354300003249624
unmatched,0.024359689004917782
unmatched,0.08276591853513449
unmatched,0.1698534346192796
unmatched,0.2072649882173598
unmatched,0.19437883353574836
unmatched,0.1942972997101811
unmatched,0.0732046816413505
unmatched,0.20952577417196336
unmatched,0.18533758209293735
unmatched,0.04940929837297441
unmatched,0.09373395655054853
unmatched,0.15656625071227417
unmatched,0.050691265605398064
unmatched,0.20154106276020808
unmatched,-0.03942834265203581
unmatched,0.08551035852512971
unmatched,0.045825633834269
unmatched,0.06996529087089873
unmatched,0.2251816794354645
unmatched,-0.014734832152019714
unmatched,-0.0047215157623497735
unmatched,0.14092341941410863
unmatched,0.15016019058477786
unmatched,0.12638835362215317
unmatched,-0.03182328372060066
unmatched,0.03815129552718077
unmatched,0.12988277240471813
unmatched,0.06245067039209074
unmatched,0.0876016115483487
unmatched,-0.014253910713591665
unmatched,0.011895386910640352
unmatched,0.07116809599525184
unmatched,0.18717983808196115
unmatched,0.09666924128841367
unmatched,0.18974117090837
unmatched,0.1565376155693977
unmatched,0.002906449525105041
unmatched,0.20527155761205457
unmatched,0.11266503882823446
unmatched,-0.0038567173867766875
unmatched,0.07032799704988792
unmatched,-0.021250668547175982
unmatched,0.027613332228928294
unmatched,0.1304674372254833
unmatched,0.07887345815828051
unmatched,0.20894225806716374
unmatched,0.157500249327035
unmatched,0.06804742477116661
unmatched,0.1591130071549748
unmatched,0.0036654975629376685
unmatched,0.19788884732649403
unmatched,0.1126389974512679
unmatched,-0.06050695589800877
unmatched,0.047220075225179965
unmatched,-0.06235896786407988
unmatched,0.1548359134511359
unmatched,0.13346007172987284
unmatched,0.1271443415195314
unmatched,0.04392655902315592
unmatched,-0.007219268999521746
unmatched,0.07937519665280793
unmatched,0.11614473330901469
unmatched,0.13349655106657096
unmatched,0.05874128306691565
unmatched,0.06098422568401203
unmatched,0.18842164440560935
unmatched,0.17734984049400268
unmatched,0.09660360213948357
unmatched,0.005737441802551737
unmatched,0.07789067963413324
unmatched,0.1223597814588647
unmatched,0.0211385986490825
unmatched,0.3274515144677176
unmatched,0.13730851715197984
unmatched,0.17915309823735961
unmatched,0.17913803440697795
unmatched,0.0575424844539239
unmatched,0.03816105196599398
unmatched,0.19378143469695214
unmatched,0.0035939684982325146
unmatched,0.2439934245685107
unmatched,0.015206115845143793
unmatched,0.0874008418229722
unmatched,0.01445118198323911
unmatched,0.07179134756015643
unmatched,0.024375559558242003
unmatched,-0.03262507757519155
unmatched,0.06656456811681313
unmatched,0.05545080651702932
unmatched,0.08768037385902128
unmatched,0.07268300399640382
unmatched,0.013942715554716071
unmatched,0.1728352873419876
unmatched,0.14184494969360567
unmatched,0.10053825219897798
unmatched,-0.029359577139656375
unmatched,0.1848267854234207
unmatched,0.125146452994196
unmatched,-0.029845141870161213
unmatched,0.14650325176976617
unmatched,-0.0859975792041713
unmatched,0.10410393230492047
unmatched,-0.07426126445654517
matched,0.1627515130450551
matched,0.04604114878087481
matched,0.018734557873501125
matched,0.05630189876765219
matched,0.2515054892745695
matched,0.22142214901510401
matched,0.18742113654051032
matched,0.12684266598160923
matched,0.0860414510120968
matched,0.08452273912156495
matched,0.19380577110518402
matched,0.09499127307346486
matched,0.04601848143922509
matched,0.11603789979523835
matched,0.04635471367369606
matched,0.26816220749684544
matched,0.19156926006241076
matched,-0.06704244081934885
matched,0.2048712117205268
matched,0.16655962644220962
matched,0.15131961707304173
matched,0.055980778094281036
matched,0.2435492523555146
matched,0.12109271698312796
matched,0.1619997128803391
matched,0.10702007570892111
matched,0.19776122222306178
matched,0.16386221278589186
matched,0.014609101693250422
matched,0.15588330852518723
matched,0.144602528164172
matched,0.2725861170088176
matched,0.030865363546381155
matched,0.1224943142751362
matched,0.025712321211342738
matched,0.1057658161376361
matched,0.04667583434706722
matched,0.13612116449689834
matched,0.14936266991061511
matched,-0.13219593650122025
matched,0.1453241052066884
matched,0.07683473241203183
matched,0.3081133971544931
matched,0.09603397078935239
matched,0.202011348782386
matched,0.1658342715094183
matched,-0.03216495780096563
matched,0.05732570703216496
matched,0.25021722869080987
matched,0.06660798343772903
matched,0.1410286439640647
matched,0.1722831302087662
matched,0.0983951522111992
matched,0.11907532357630204
matched,0.2090722257062766
matched,0.005077484529539324
matched,0.2320342427974522
matched,0.12028802635456257
matched,0.2023778041390566
matched,0.07240326711950978
matched,0.17527521930653048
matched,0.09007245993547364
matched,0.1448707583736938
matched,0.1189544310875035
matched,0.08118308411850486
matched,0.1239412462504439
matched,0.11803262586041452
matched,0.19421000536460417
matched,0.1424340191463479
matched,0.14384317221890608
matched,0.25146015459127
matched,0.28122615206763935
matched,0.26955624900830377
matched,0.07291328230662869
matched,0.20373028885749042
matched,0.17831264308759417
matched,0.004722362843693568
matched,0.2580110163280418
matched,0.16493513362397905
matched,0.1650786934544273
matched,0.26648104632449054
matched,0.0970464453830403
matched,0.025481869904570492
matched,0.14060929814354473
matched,0.1397403833803051
matched,0.01834165728490582
matched,0.02504741252295068
matched,0.028466403221784828
matched,0.21758003460547493
matched,0.06753734444536792
matched,0.16621206053691376
matched,0.23951824343213776
matched,-0.056256564084352735
matched,0.1648369084768302
matched,0.19643896062682756
matched,0.2874370036796652
matched,0.2631980596755548
matched,0.21654867056041224
matched,0.2715623087443048
matched,0.21204542535266607
matched,0.2129861200311298
matched,0.2142101564802152
matched,0.12391102312824427
matched,0.15341256828536673
matched,0.09125871748180946
matched,0.03162094160137213
matched,0.16276662460615493
matched,0.18382836288902826
matched,0.11831596763103612
matched,0.13809700111069975
matched,0.23684349711746971
matched,0.2276065553952051
matched,0.12372212861449651
matched,0.302847018111206
matched,-0.0034227685891090984
matched,0.25004722362843695
matched,0.17395295771029626
matched,0.21694534903928253
matched,0.15505972844524704
matched,0.13904525156971342
matched,0.23016040922107459
matched,0.13311018594775934
matched,0.08131153238785334
matched,-0.021779537435114737
matched,0.09877294123869466
matched,0.07915813493112907
matched,0.10634005545942922
matched,0.2562089626668883
matched,0.10683495908544832
matched,0.21268388880913344
matched,0.23640903973584992
matched,-0.06582218226053842
matched,0.2546864728860815
matched,0.19306152672101792
matched,0.07323440297999985
matched,0.2220681682521213
matched,0.12516528269952928
matched,0.008470029996448783
matched,0.15462904895390217
matched,0.06956229363274374
matched,0.17127821139562824
matched,0.04934302488118536
matched,0.16779877445239483
matched,0.02979244270829398
matched,0.14444007888234894
matched,0.026350784667810108
matched,0.265438348608603
matched,0.12504816810100566
matched,0.07575047790311978
matched,0.07437532584303622
matched,0.03978874037582453
matched,0.11307981170994871
matched,0.16941948938035042
matched,0.22750833024805628
matched,0.0650288253027979
matched,0.15117983513286842
matched,0.11218822960505935
matched,0.20942734739212235
matched,0.05103174183409017
matched,0.17002017393406826
matched,0.19121791626683993
matched,0.09335166869413444
matched,0.1839757006097515
matched,0.062044291985583575
matched,0.08487786080741071
matched,0.018708112641576437
matched,0.27096917997113695
matched,0.11508587144594973
matched,0.09645709450014735
matched,0.1175641674663201
matched,0.09772646563253218
matched,0.13986883164965358
matched,0.12116827478862706
matched,0.08940755124708158
matched,0.18463305351759363
matched,0.10689162743957263
matched,0.21276700239518245
matched,-0.006044624439927767
matched,0.1486788717708483
matched,0.03520238158202933
matched,0.23796930841940628
matched,0.2300168493906263
matched,0.16448556468125938
matched,0.08987978753145094
matched,0.018545663359753377
matched,0.0722257062765869
matched,0.11362760579981716
matched,0.14797996206998162
matched,0.1781917505987956
matched,0.11903754467355251
matched,0.19638229227270323
matched,0.015394902870441032
matched,0.2369303885937937
matched,0.017298959569018276
matched,0.09698599913864102
matched,0.1973418764025418
matched,0.036184633053517594
matched,0.17054907857256194
matched,0.15196563631005902
matched,0.03068780270345828
matched,0.21187542029029308
matched,0.08761305336647802
matched,0.17221512818381704
matched,0.21253277319813524
matched,0.1607605648701539
matched,0.11977423327716871
matched,0.1288865046203598
matched,0.1151387619097991
matched,0.2533831007412221
matched,0.24414993690923237
matched,0.20050397056267896
matched,0.16618939319526405
matched,0.0672464468941964
matched,0.055931665520706615
matched,0.2310973260092634
matched,0.09952851929368564
matched,0.22040967442141612
matched,0.06980030072006589
matched,0.06589396217576257
matched,0.17876598992058876
matched,0.18059071092339193
matched,0.08056351011341226
matched,0.33577888763798747
matched,0.09079781486826496
matched,0.3245132188380721
matched,0.19932526879689308
matched,0.20323160734119639
matched,0.23206446591965182
matched,0.05413716764010306
matched,0.1731558228622808
matched,0.264184089037318
matched,0.14644991650862493
matched,0.1842930433928477
matched,0.1281082592237191
matched,0.18089294214538834
matched,0.2546978065569064
matched,0.21399103884426782
matched,0.08978911816485202
matched,0.15542618380191764
matched,0.087280599022282
matched,0.039165388480456975
matched,0.23439920210957393
matched,0.03178339088319519
matched,0.06320410429999472
matched,0.06516482935269628
matched,-0.022769344687152908
matched,0.18815404725385154
matched,0.14195800497170358
matched,0.09453037045992035
matched,0.05709525572539271
matched,0.20668837694278006
matched,0.044798222880414656
matched,0.05824751225925394
matched,0.20262714489720365
matched,0.2579014575100681
matched,0.2359254697806557
matched,0.05066150858714459
matched,0.1570204534979486
matched,0.07439799318468594
matched,0.19511669903059337
matched,0.11778706299254244
matched,0.13828589562444749
matched,0.11768128206484371
matched,0.16873569124058363
matched,0.06572773500366455
matched,0.21640511072996393
matched,0.24608043883973432
matched,0.056857248638070554
matched,0.03350988673884956
matched,0.11581878215929096
matched,0.13966860346508095
matched,0.16124791271562308
matched,0.0010389198256125852
matched,0.1459587907728808
matched,0.1648709094893048
matched,0.18570597435568081
matched,0.01706095248169612
matched,0.25663208637768326
matched,0.22679053109581485
matched,0.10371064382806067
matched,0.19792367150488485
matched,0.03541016554715185
matched,0.14737549962598886
matched,0.20715683533687446
matched,0.21267633302858355
matched,0.22682830999856443
matched,0.11086596800882516
matched,0.24651867411162914
matched,0.16023166023166024
matched,0.16731142660692563
matched,0.19331464536943987
matched,0.061556944140114395
matched,0.123933690469894
matched,-0.07122456535372386
matched,0.17901533067873576
matched,0.17357894657307577
matched,0.1292302926353807
matched,0.0590710923391941
matched,0.18117628391600996
matched,0.26079909935095846
matched,0.23720995247414034
matched,0.14376761441340696
matched,0.08304936191433257
matched,0.2621666956304921
matched,0.06090336912254721
matched,0.1786866542248147
matched,0.09986097363788167
matched,0.24396859817603456
matched,0.09101693250421236
matched,0.20133132853289407
matched,0.20536233745627092
matched,0.19514692215279297
matched,0.1662573952202132
matched,0.17155021949542498
matched,0.11597367566056413
matched,0.09793424959765469
matched,0.09037091326719507
matched,0.17435341407944147
matched,0.22562694089112872
matched,0.18415326145267435
matched,0.056275453535727514
matched,0.20407029898223636
matched,0.2124836606245608
matched,0.21481839681448295
matched,-0.034960596604432216
matched,0.2557896168463683
matched,0.13661229023264249
matched,-0.02593899462784003
matched,0.13131191017688085
matched,0.09452659256964542
matched,0.1419844502036283
matched,0.19551715539973857
matched,0.09923384385223916
matched,0.12201452221021693
matched,0.1610212392991258
matched,0.1302578787901684
matched,0.11001216480668537
matched,0.11899220999025305
matched,0.06417124421038316
matched,0.16097590461582634
matched,0.20421385881268464
matched,0.17682415431926196
matched,0.1025432757330996
matched,0.06451125433512908
matched,0.010324974121451615
matched,0.06582973804108833
matched,0.08854241437411693
matched,0.11006127738025977
matched,0.138410566003521
matched,0.19204905212733003
matched,0.08909020846398537
matched,0.1737073948424242
matched,0.3312605308691414
matched,0.16261550899515673
matched,0.11952867040929664
matched,0.06168539240946286
matched,0.0573559301543646
matched,0.2814301581424869
matched,0.1531632275272197
matched,0.18354502111840662
matched,0.11719393421937455
matched,0.1002009837626276
matched,0.11532387853327189
matched,0.23518122539648958
matched,0.19440645565890186
matched,0.03613174258966823
matched,0.16124791271562308
matched,0.216235105667591
matched,0.10469667318982388
matched,0.2216261550899516
matched,0.19010343863572826
matched,0.2628844947827335
matched,0.24064027684379932
matched,0.17449697390988977
matched,0.07974748581402202
matched,0.24339058096396649
matched,0.12271720980135853
matched,0.28183439240190705
matched,0.16814256246741568
matched,0.17638591904736717
matched,0.0811641946671301
matched,0.10802877241233405
matched,0.1799522474669246
matched,0.08173465609864827
matched,0.12956274697957673
matched,0.12497261029550659
matched,0.1450860981193662
matched,0.08289824630333438
matched,0.22006588640639518
matched,0.2299979599392515
matched,0.12292121587620608
matched,0.02709880694225117
matched,0.11424340191463479
matched,0.08331381423357939
matched,0.03936561666502958
matched,0.07952081239752472
matched,0.27349658856508174
matched,0.17753061980067852
matched,0.2479240492939123
matched,0.16171259321944254
matched,0.16492379995315415
matched,0.2975164149332447
matched,0.2187285132490612
matched,0.23891755887841995
matched,0.1715917762884495
matched,0.23403652464317826
matched,0.13076789397728733
matched,0.1802431450180961
matched,0.1888794021866429
matched,0.210628716499558
matched,0.19278196284067126
matched,0.07419776500011332
matched,0.07715963097567795
matched,0.17554344951605225
matched,0.10511979690061883
matched,0.1699408382382942
matched,0.2417849775971107
matched,0.024730069739854473
matched,0.20524144496747238
matched,0.15503328321332235
matched,0.12805159086959478
matched,0.10952103907094121
matched,0.1733296058149287
matched,0.10267550189272304
matched,0.05042727939009739
matched,0.16427400282586194
matched,0.04465844094024134
matched,0.23096887773991492
matched,0.24005470385118136
matched,0.0022138437011235443
matched,0.26768241543192617
matched,0.147949738947782
matched,0.27294123869466336
matched,0.13474979032708975
matched,0.1509531617163711
matched,0.22346220976357964
matched,0.3225751611270202
matched,0.23036819318619708
matched,0.1826345495621425
matched,0.16862613242260993
matched,0.023925379111289093
matched,0.1137484982886157
matched,0.10233549176797709
matched,0.31370845265170116
matched,0.20283492886232612
matched,0.14820663548647894
matched,0.0708543321067783
matched,0.04806609796825061
matched,0.29936380327769757
matched,0.004484355756371412
matched,0.10135701818676379
matched,0.19995995436308547
matched,0.16159925651119386
matched,0.1809307210481379
matched,0.02723103310187459
matched,0.08757905235400343
matched,0.2783927343614232
matched,0.3105048016985395
matched,0.0965515417570212
matched,0.1585693885106801
matched,0.08850085758109241
matched,0.11644968983520844
matched,0.16901147723065532
matched,0.25782967759484393
matched,0.14076796953509282
matched,0.345692071719469
matched,0.057994393610831974
matched,0.19871702846262534
matched,0.2247353587862394
matched,0.02085773220802575
matched,0.2755290935330074
matched,-0.10627205343448005
matched,0.18352613166703186
matched,0.12275876659438303
matched,0.19128591829178915
matched,0.11802129218958966
matched,0.11969867547166961
matched,0.1641682218981632
matched,0.21516974061005373
matched,0.08248645626336429
matched,0.18097605573143735
matched,0.2774558175732344
matched,0.18926096910441334
matched,0.08923376829443365
matched,0.09989497465035627
matched,0.14035617949512275
matched,0.08905620745151079
matched,0.10061277380259769
matched,0.20024707402398206
matched,0.11830841185048621
matched,0.12318189030517798
matched,0.04875745188856734
matched,0.12561862953252387
matched,0.19079857044631995
matched,0.11742438552614676
matched,0.2615660110767743
matched,0.1563857679317562
matched,0.10453422390800082
matched,0.15750402345314282
matched,0.22014522210216925
matched,0.14861842552644902
matched,0.09719000521348858
matched,0.1501673605391805
matched,0.16017876976781087
matched,0.22226839643669394
matched,0.09562595863965727
matched,0.24894407966815013
matched,0.19853191183915256
matched,0.14612879583525376
matched,0.009890516739831807
matched,-0.10802877241233405
matched,0.0242427218943853
matched,0.24747825824146763
matched,0.17301226303183254
matched,0.08660435666306508
matched,0.09511972134281332
matched,0.17917022418000894
matched,0.055735215226408966
matched,0.1641153314343138
matched,0.15845605180243147
matched,0.22523404030253344
matched,0.14208267535077712
matched,0.15334078837014256
matched,0.2292310482134357
matched,0.11133442640291955
matched,0.22084413180303591
matched,0.05123197001866278
matched,0.23822620495810323
matched,0.1677232166468957
matched,0.03676642815586064
matched,0.26712706556150784
matched,0.3062093404559158
matched,0.21762159139849943
matched,0.049414804796409494
matched,0.2506327966210549
matched,-0.06844781600163205
matched,0.16310285684062592
matched,0.12549395915345035
matched,0.07904479822288042
matched,0.02477540442315393
matched,0.1478855148131078
matched,0.23456165139139698
matched,0.22209839137432094
matched,0.22753477547998097
matched,0.13754542913055634
matched,0.13351819809745447
matched,0.15957052943354313
matched,0.12198807697829224
matched,0.09718244943293868
matched,0.11565633287746789
matched,0.21410437555251643
matched,0.14105508919598939
matched,0.09375212506327968
matched,0.16321241565859962
matched,-0.0170042841275718
matched,0.09270942734739213
matched,0.12520306160227881
matched,0.054987192951967905
matched,0.06321543797081958
matched,0.1634542006361967
matched,0.19376043642188456
matched,0.041911914710349156
matched,0.292971612932474
matched,0.10802499452205909
matched,0.17855442806519128
matched,0.18132362163673318
matched,0.05882930736159699
matched,0.05106574284656477
matched,0.21883807206703484
matched,0.11910932458877664
matched,0.21182630771671868
matched,-0.003913894324853229
matched,0.21023581591096271
matched,0.2837157817588346
matched,0.04437509916961972
matched,0.11368049626366651
matched,0.0626034197462769
matched,0.15392636136276058
matched,0.17961223734217865
matched,-0.029244648618425524
matched,0.12488194092890767
matched,0.15372991106846293
matched,0.10979682506101292
matched,0.07612071115006536
matched,0.19461046173374943
matched,0.14408117930622824
matched,0.0615153873470899
matched,0.07983059940007102
matched,0.12402058194621794
matched,0.16448178679098444
matched,0.2007722007722008
matched,0.14379028175505673
matched,0.2006966429667017
matched,0.07684228819258174
matched,0.11045040007858012
matched,0.1576400275030412
matched,0.16492379995315415
matched,0.08689147632396164
matched,0.1510211637413203
matched,0.10587159706533485
matched,0.22393822393822396
matched,0.16490868839205433
matched,0.18940452893486162
matched,-0.027412371835072422
matched,-0.0008878042146143909
matched,0.25166416066611763
matched,0.18524507174213634
matched,0.08088840867705839
matched,0.2578372333753938
matched,0.15544507325329243
matched,0.21173186045984482
matched,0.19085146091016933
matched,0.11457585625883082
matched,0.1580933743360358
matched,0.18285744508836485
matched,0.052225555160975906
matched,0.08927910297773312
matched,0.05474540797437079
matched,0.09250542127254456
matched,0.2328464892065675
matched,0.11134953796401936
matched,0.09996297667530546
matched,0.05663813100212318
matched,0.22838480079184578
matched,0.04730674202298468
matched,-0.013585293428737657
matched,0.13015587575274465
matched,0.10783610000831136
matched,0.13783632668172788
matched,0.2844902492652004
matched,0.17173533611889777
matched,0.07174213632139267
matched,0.15836538243583254
matched,0.03854959236563933
matched,0.12639309703888962
matched,0.15117983513286842
matched,0.15933630023649592
matched,0.1335899780126786
matched,0.1300500948250459
matched,-0.06581462647998851
matched,0.1880747115580775
matched,0.15905295846587433
matched,0.012315922296352824
matched,0.15654066143302936
matched,0.1207451510778321
matched,0.19920059841781956
matched,0.2954914657458689
matched,0.22541537903573128
matched,0.12767002395182436
matched,0.27384037658010263
matched,0.14734527650378923
matched,0.1439413973660549
matched,0.26533634557117924
matched,0.20104798676227248
matched,0.10510090744924404
matched,0.11119086657247126
matched,0.21907607915435703
matched,0.2062010290973109
matched,0.02002659634753568
matched,0.08479852511163664
matched,0.055338536747538705
matched,0.06213873924245744
matched,0.049547030956032904
matched,0.2743730591088713
matched,0.15366946482406366
matched,0.16877347014333313
matched,0.22222683964366938
matched,0.21809382768286878
matched,0.16116479912957407
matched,0.136317614791196
matched,0.02769193571541908
matched,0.1731482670817309
matched,0.18677133941321808
matched,0.27676824154319263
matched,0.1504922591028266
matched,0.25061768505995513
matched,0.31105259578840794
matched,-0.013249061194266673
matched,0.1734127194009777
matched,0.17191667485209558
matched,0.12026158112263788
matched,0.179328895571557
matched,0.1793817860354064
matched,0.0711225623163001
matched,0.10805143975398379
matched,0.20577034960596605
matched,0.16012965719423644
matched,0.18153518349213066
matched,0.17238891113646493
matched,0.15243787259442837
matched,0.08966822567605347
matched,0.17818041692797074
matched,0.10938503502104285
matched,0.10244882847622572
matched,0.12360123612569797
matched,0.11706170805975111
matched,0.31079569924971095
matched,0.11865975564605702
matched,0.01638093223220425
matched,0.01917657103567084
matched,0.18961986868053404
matched,0.2006966429667017
matched,0.1483010827433528
matched,0.1671300878737278
matched,0.023364384472488935
matched,0.1762914717904933
matched,0.022331109415258146
matched,0.1584749412538062
matched,0.23206446591965182
matched,0.003925227995678093
matched,0.09085826111266425
matched,0.17989180122252532
matched,0.06483615289877522
matched,0.1685430188365609
matched,0.11228645475220818
matched,0.16352598055142087
matched,0.1814558477963566
matched,0.1214062818759492
matched,0.23518122539648958
matched,0.17599301845877188
matched,0.2921518107428088
matched,0.10867479164935134
matched,0.07524424060627584
matched,0.16991817089664446
matched,0.19215483305502873
matched,0.22370021685090177
matched,0.14262291366009566
matched,0.06188184270376051
matched,0.23797308630968125
matched,0.25384022546449164
matched,0.18750802801683428
matched,0.17494654285260938
matched,0.1350709110004609
matched,0.12833871053049137
matched,0.15577752759748845
matched,0.09707666850523995
matched,0.185192181278287
matched,0.07058610189725649
matched,0.1351389130254101
matched,0.1286371638622128
matched,0.2982795487687856
matched,0.15009180273368142
matched,0.07728807924502641
matched,0.031061813840678815
matched,0.024333391260984213
matched,-0.09878805279979448
matched,0.15625731966240772
matched,0.11211267179956025
matched,0.1519996373225336
matched,0.1341264384317222
matched,0.061209378234818555
matched,-0.014692215279299427
matched,0.2094311252823973
matched,0.06891249650545149
matched,0.17950645641447993
matched,0.16021277078028545
matched,0.07036320637103416
matched,0.10683495908544832
matched,-0.00819424400637708
matched,0.07609804380841563
matched,0.15563018987676522
matched,0.2597412900739711
matched,0.0615153873470899
matched,0.045580246167330314
matched,0.19541515236231477
matched,0.1373565346168086
matched,0.213805922220795
matched,0.07468511284558252
matched,0.09973630325880814
matched,0.15053003800557616
matched,0.2157175346999222
matched,0.27840784592252305
matched,0.2144557193480873
matched,0.14548655448851144
matched,0.26118066626872893
matched,0.18127450906315876
matched,0.08527453928628097
matched,0.016883391638773244
matched,0.03336632690840128
matched,0.22287663677096162
matched,0.09116804811521054
matched,0.1842854876122978
matched,0.0702347581016857
matched,0.12403569350731777
matched,0.10659695199812617
matched,0.13842189967434584
matched,0.012433036894876424
matched,0.20721728158127375
matched,0.1365102871952187
matched,0.20162600397434058
matched,0.2377237455515342
matched,0.04049898374751604
matched,0.1344626706661932
matched,0.06742022984684433
matched,0.03621485617571723
matched,0.2067148221747048
matched,0.10191992383773206
matched,0.11230534420358296
matched,0.08114908310603028
matched,0.154141701108433
matched,0.2123249892330127
matched,0.2133827985100001
matched,0.08509320055308314
matched,0.14488209204451866
matched,0.19365843338446076
matched,0.26222336398461643
matched,0.10728452802816794
matched,0.018866784033124542
matched,0.21307678939772876
matched,0.1562006513082834
matched,0.11462874672268017
matched,0.12595863965726978
matched,0.091296496384559
matched,0.11344626706661934
matched,0.1946029059531995
matched,0.22715320856221052
matched,0.08126241981427891
matched,-0.06142094009021602
matched,0.0986709382012709
matched,0.08525187194463124
matched,0.10587915284588476
matched,-0.004178346644100069
matched,0.07911280024782961
matched,0.12495749873440674
matched,0.04907857256193851
matched,0.18825605029127535
matched,0.11235823466743233
matched,0.13357108856130384
matched,0.15100983007049545
matched,0.17667303870826376
matched,0.11555055194976917
matched,0.353308298513778
matched,0.19461801751429933
matched,0.1505187043347513
matched,0.23288426810931706
matched,0.028685520857732207
matched,0.0029278649630900123
matched,0.16007298884011212
matched,0.16527514374872498
matched,-0.04957725407823255
matched,0.2196049837928507
matched,0.10122856991741533
matched,0.14335204648316194
matched,0.19652585210315152
matched,0.05644923648837543
matched,0.2618229076154712
matched,0.22824501885167245
matched,0.07040854105433363
matched,0.18296700390633855
matched,0.08923754618470861
matched,0.10533513664629125
matched,0.09519150125803746
matched,0.021008847819023947
matched,0.2984873327339081
matched,0.19709631353466972
matched,0.03861003861003861
matched,0.132052376670772
matched,0.2994695842053963
matched,0.21404770719839214
matched,0.09552395560223348
matched,0.27895186212211653
matched,0.18884917906444326
matched,0.1645384551451088
matched,0.08188199381937152
matched,0.18658622278974532
matched,0.18569464068485594
matched,0.14824819227950345
matched,0.06202162464393384
matched,0.2974635244693953
matched,0.03745022629562747
matched,0.18995610091500503
matched,0.18603087291932693
matched,0.17686571111228644
matched,0.046894951983014604
matched,0.12162539951189659
matched,-0.17871309945673935
matched,0.12141761554677405
matched,0.1335144202071795
matched,0.007672895148433309
matched,0.11714104375552516
matched,0.11541454789987081
matched,0.22092724538908493
matched,0.061160265661244134
matched,0.07830810961926422
matched,0.19772344332031222
matched,0.10387687100015867
matched,0.14513521069294064
matched,0.19671096872662433
matched,0.09262631376134312
matched,0.26140733968522617
matched,0.1463365798003763
matched,0.09048424997544371
matched,0.1271788982160802
matched,0.09885227693446873
matched,0.17558500630907678
matched,0.08130775449757836
matched,0.13727719892103454
matched,0.046978065569063615
matched,0.22881170239291573
matched,0.03821336013116835
matched,0.06932050865514662
matched,0.054140945530378015
matched,0.22103680420705862
matched,0.20692260613982727
matched,0.16387732434699168
matched,0.05030260901102389
matched,0.14161043906640775
matched,0.0987351623359451
matched,-0.11528232174024737
matched,0.0980173631837037
matched,0.036335748664515784
matched,0.21470883799650925
matched,0.16572849058171957
matched,0.12975541938359944
matched,0.292306704244082
matched,0.02154153034779258
matched,0.053967162577730085
matched,0.22792767606857625
matched,0.1132384831014968
matched,0.09211252068394926
matched,0.10209370679037998
matched,0.15001246703790738
matched,0.04726518522996018
matched,0.207613960060144
matched,0.02931642853364967
matched,0.22652985666684297
matched,0.13926059131538585
matched,0.0164602679279783
matched,0.08484008190466116
matched,0.15550174160741675
matched,0.2199903286008961
matched,0.07687251131478137
matched,0.09419413822544939
matched,0.13317818797270853
matched,-0.020000151115611
matched,0.1585845000717799
matched,0.010574314879598637
matched,0.19490891506547084
matched,0.3015700911982712
matched,0.1098497155248623
matched,0.17108931688188048
matched,0.20617080597511125
matched,0.18932897112936253
matched,0.08327603533082985
matched,0.10050699287489893
matched,-0.034779257871234384
matched,0.11809307210481379
matched,0.16117613280039894
matched,0.20693393981065214
matched,0.01105032905424295
matched,0.10807410709563352
matched,0.1734316088523525
matched,-0.0024669623495455198
matched,0.023211357849322625
matched,0.08320803330588067
matched,0.11745838653862138
matched,0.05252400849269734
matched,0.18271010736764162
matched,0.22593672789367505
matched,0.3395492221323924
matched,0.16444778577850988
matched,0.013634406002312069
matched,0.12886761516898504
matched,0.13213171236654603
matched,0.07342329749374758
matched,0.09477593332779244
matched,0.05286024072716832
matched,0.20953690621009605
matched,-0.027858162887517097
matched,0.07527068583820051
matched,0.053744267051507755
matched,0.20059086203900292
matched,0.14993690923240827
matched,0.17401340395469553
matched,0.13655939976879314
matched,0.14055640767969535
matched,0.15578508337803837
matched,0.1197326764841442
matched,0.06846670545300683
matched,0.1089127987366735
matched,0.1202011348782386
matched,0.26912934740723393
matched,0.09769246462005757
matched,0.12505194599128064
matched,0.10170458409205964
matched,0.12089248879855535
matched,0.1858986467597035
matched,0.2611844441590038
matched,0.06109981941684486
matched,0.16451956569373402
matched,0.2496732124912164
matched,0.08957000052890465
matched,0.23745551534201237
matched,0.28935239404906726
matched,0.26303561039373174
matched,0.19812389968945743
matched,0.09618130851007564
matched,0.08446229287716567
matched,-6.800202494918737e-05
matched,0.020495054741630082
matched,0.14778728966595894
matched,0.15619687341800845
matched,0.1493060015564908
matched,0.10275861547877205
matched,0.17891710553158693
matched,0.022818457260727322
matched,0.14563767009950962
matched,0.16204504756363855
matched,0.02503230096185086
matched,0.1384521227965455
matched,0.20496188108712568
matched,0.24695313149324893
matched,0.21313723564212803
matched,0.12497261029550659
matched,0.15126672660919238
matched,0.14520699060816478
matched,0.043064171244210386
matched,0.1403259563729231
matched,0.059324210987616074
matched,0.20417230201966013
matched,0.17963868257410331
matched,0.1058338181625853
matched,0.06607152301868545
matched,0.23112754913146302
matched,0.1681576740285155
matched,0.04118278188728287
matched,0.09846315423614836
matched,0.0895737784191796
matched,0.28863837278710075
matched,0.13654051031741835
matched,0.335484212196541
matched,0.15078315665399813
matched,0.3086649691346365
matched,0.09298143544718887
matched,0.13284573362851249
matched,0.03171161096797105
matched,0.17491631973040975
matched,0.19607628316043188
matched,0.13301573869088545
matched,0.07530846474095006
matched,0.11996690568119141
matched,0.10035587726390076
matched,0.11733749404982281
matched,0.08788128357599982
matched,0.2370777263145169
matched,0.14236601712139874
matched,0.23475054590514474
matched,0.11187844260251305
matched,-0.038126468654844384
matched,0.08871619732676483
matched,0.14788929270338272
matched,0.13593226998315058
matched,0.18617065485950027
matched,0.264100975451269
matched,-0.007552002659634754
matched,0.18819182615660113
matched,0.06239941367142934
matched,0.17192800852292045
matched,0.2963906036313081
matched,0.054258060128901615
matched,0.06847426123355674
matched,0.12600397434056926
matched,0.12076781841948182
matched,0.13675585006309077
matched,0.1442247391366765
matched,0.13255105818706603
matched,0.2527030804917302
matched,0.13209771135407145
matched,0.027812828204217637
matched,0.27447128425602
matched,0.11485164224890253
matched,0.30046316934770945
matched,0.11957022720232115
matched,0.058621523396474466
matched,0.1818563041655018
matched,0.04013252839084542
matched,0.14097575350021535
matched,-0.00881759590174463
matched,0.034439247746488454
matched,0.1943762325367022
matched,0.15981231441114024
matched,0.26703639619490893
matched,0.2144934982508368
matched,0.02581432424876652
matched,0.06714066596649768
matched,0.09151939191078134
matched,0.08994023377585021
matched,0.14115331434313821
matched,0.1138996138996139
matched,0.08019705475674165
matched,0.1180175142993147
matched,0.176401030608467
matched,0.09222207950192295
matched,0.20711527854385
matched,0.2507045765362791
matched,0.042746828461114175
matched,0.3392281014590212
matched,0.23955602233488732
matched,0.059021979765619695
matched,0.04020430830606955
matched,0.04055565210164036
matched,0.19359043135951157
matched,0.15910962681999863
matched,0.06639264369205661
matched,0.21925741788755487
matched,0.20447831113193152
matched,0.1726118066626873
matched,0.17512032580525733
matched,0.24748959191229247
matched,0.15089649336224678
matched,0.17438741509191608
matched,0.08764705437895262
matched,0.20487876750107673
matched,0.11037484227308103
matched,0.030544242873009993
matched,-0.0007518001647160161
matched,0.17808219178082194
matched,0.29954136412062055
matched,0.21521507529335318
matched,0.16122902326424832
matched,0.18942341838623636
matched,0.04251637715434193
matched,0.08759794180537821
matched,0.059887116638584356
matched,0.09983075051568202
matched,0.30336836696914976
matched,0.06119804456399368
matched,0.21853206295476352
matched,0.03376300538727153
matched,0.14646502806972475
matched,0.2547431412402058
matched,0.26047042289703737
matched,0.3044790667099864
matched,0.09984208418650689
matched,0.17121020937067905
matched,0.27075006233518956
matched,0.08031039146499029
matched,0.06658153820580436
matched,0.0498077053850048
matched,0.2446977309991009
matched,0.25620518477661336
matched,0.15749268978231795
matched,0.05422028122615207
matched,0.2063672562694089
matched,0.14201845121610288
matched,0.025406312099071394
matched,0.044518659000067996
matched,0.23384007434888063
matched,0.008077129407853479
matched,0.1474888363342375
matched,0.21239676914823685
matched,0.023626925779567657
matched,0.17379428631874816
matched,0.024847184338378073
matched,0.005379715751535713
matched,0.10243749480540087
matched,0.11887131750145451
matched,0.13428133193299535
matched,0.17128198928590319
matched,0.15460260372197748
matched,0.1419088923981292
matched,0.1414706571262344
matched,0.17187134016879616
matched,0.17135376920112733
matched,0.10196148063075657
matched,0.2512221475039479
matched,0.079078799235355
matched,0.22941238694663352
matched,0.04862144783866897
matched,-0.09043135951159434
matched,0.11957022720232115
matched,0.3056691021465973
matched,0.07427332280561243
matched,0.0982591481613008
matched,-0.001896500918027337
matched,-0.01048364551299972
matched,0.3267497298808454
matched,0.20676771263855412
matched,0.12199563275884215
matched,0.015606464725838503
matched,0.2089286658758283
matched,0.09482126801109188
matched,0.017351850032867645
matched,0.08915065470838465
matched,0.19803700821313347
matched,0.19023188690507672
matched,0.0735479678728211
matched,0.290293088727531
matched,0.231879349296179
matched,0.09848204368752314
matched,-0.028545738917558877
matched,0.21173941624039475
matched,0.003532327407082789
matched,0.0699665278921639
matched,0.1978481136993857
matched,0.1517767417963113
matched,0.21944631240130263
matched,0.19728898593869237
matched,0.15261543343735126
matched,0.06499104640004835
matched,0.01523245358861797
matched,0.14300825846814105
matched,0.0805937332356119
matched,0.1579838155180621
matched,0.3488541658796062
matched,0.03732177802627901
matched,0.25743299911597367
matched,0.18012225252929753
matched,0.12448148455976243
matched,0.08590166907192347
matched,0.18654088810644584
matched,0.2032391631217463
matched,0.1661856153049891
matched,0.11634768679778465
matched,0.17360916969527537
matched,0.2561145154100144
matched,0.19289907743919488
matched,0.09329500034001012
matched,0.2198014340871484
matched,0.19499958443206974
matched,-0.01638848801275416
matched,0.11811573944646352
matched,0.09345367173155823
matched,0.1429855911264913
matched,0.18428170972202285
matched,0.18108939243968597
matched,0.19489380350437102
matched,-0.006222185282850645
matched,0.20757240326711954
matched,0.2084866527136586
matched,0.1606472281619053
matched,0.1549879485300229
matched,0.1609456814936267
matched,0.26580858185554856
matched,0.24343969353754089
matched,0.2135150246696235
matched,0.2797603306409569
matched,0.21324301656982678
matched,0.222260840656144
matched,0.09587152150752934
matched,0.09895427997189252
matched,0.12607197636551845
matched,0.06002312068848273
matched,0.1273715706201029
matched,0.00014355983044828447
matched,0.18362435681418068
matched,0.19808234289643292
matched,0.14828597118225298
matched,0.20448208902220646
matched,0.10520291048666783
matched,0.08723148644870758
matched,0.11913576982070133
matched,0.2861222978639808
matched,0.23959757912791182
matched,0.06785468722846415
matched,0.0822673386274169
matched,0.14441363365042426
matched,0.11068840716590228
matched,0.05536875986973835
matched,0.18699801282971537
matched,0.16838812533528774
matched,0.06286787206552374
matched,-0.0504688361831219
matched,0.33152876107866325
matched,0.10032943203197607
matched,0.025198528133948878
matched,0.09422436134764903
matched,0.26028908416383956
matched,0.15282321740247376
matched,0.10795699249710992
matched,0.16289507287550342
matched,0.08510831211418296
matched,0.10001208924887985
matched,0.07441310474578576
matched,0.05219910992905122
matched,0.18387747546260266
matched,0.25023989603245966
matched,0.08447362654799054
matched,0.14579256360078277
matched,0.24846428760323083
matched,0.21130873674904985
matched,0.11069596294645219
matched,0.18592886988190313
matched,0.05007215770425164
matched,0.17269114235846134
matched,0.23053819824857008
matched,0.10587159706533485
matched,0.2807048032096956
matched,0.09535017264958556
matched,0.15223386651958082
matched,0.18432326651504735
matched,0.05467362805914665
matched,0.1309870116132347
matched,0.13070366984261308
matched,0.13744342609313256
matched,0.11930199699279935
matched,0.24049293912307612
matched,0.10566381310021233
matched,0.3044752888197115
matched,0.22960883724093117
matched,0.011348782385964382
matched,0.058281513271728536
matched,0.22579694595350172
matched,0.12632131712366546
matched,0.1733484952663035
matched,0.13603049513029944
matched,0.06674020959735247
matched,0.10714474608799461
matched,0.12379768641999564
matched,0.03269008454918436
matched,0.18535840845038498
matched,0.0676317917022418
matched,0.13612872027744827
matched,0.05409938873735352
matched,0.25601251237259065
matched,0.055500986029361765
matched,0.07347996584787192
matched,0.10740164262669157
matched,0.19189415862605685
matched,0.09552017771195855
matched,0.1815238498213058
matched,0.16533181210284928
matched,0.24657156457547846
matched,0.11836130231433557
matched,0.28336443796326377
matched,0.08180265812359747
matched,0.05030260901102389
matched,0.12079048576113156
matched,0.05024971854717451
matched,0.26482633038406034
matched,0.18434215596642212
matched,0.25770500721577044
matched,0.16587960619271774
matched,0.27404816054522513
matched,0.12613620050019267
matched,0.1219918548685672
matched,0.10747720043219064
matched,0.22237417736439263
matched,0.3183892587023702
matched,0.13161791928915217
matched,0.27707047276518904
matched,0.12746601787697678
matched,0.11235067888688242
matched,0.16049233466063212
matched,0.18070782552191555
matched,0.10555425428223864
matched,0.08556165894717754
matched,0.13522958239200902
matched,0.2317584568073805
matched,0.1210549380803784
matched,0.11975912171606888
matched,0.32973426319805965
matched,0.21941986716937795
matched,0.14839553000022665
matched,0.23850199094817492
matched,0.1363516158036706
matched,0.0905031394268185
matched,0.1737753968673734
matched,0.11150443146529253
matched,0.10179147556838358
matched,0.14349560631361025
matched,0.04127345125388178
matched,0.10492712449659612
matched,0.23650726488299875
matched,0.16455734459648352
matched,0.12848604825121457
matched,0.2687628920505633
matched,0.2551133744871514
matched,0.11641191093245888
matched,0.16903414457230503
matched,0.2723518878117704
matched,0.0691882824955232
matched,0.16516558493075129
matched,0.1448707583736938
matched,0.19769322019811258
matched,0.12493105350248208
matched,0.007412220719461425
matched,0.198494132936403
matched,0.13762098693605543
matched,0.07021209076003597
matched,0.1671451994348276
matched,0.1274055716325775
matched,0.13066211304958858
matched,0.04284127571798805
matched,0.16587960619271774
matched,0.20478054235392787
matched,0.27710825166793857
matched,-0.04476422186794007
matched,0.21313345775185308
matched,0.1208547098958058
matched,-0.024106717844486925
matched,0.1138580571065894
matched,0.05341559059758669
matched,0.18956697821668467
matched,0.03409168184119261
matched,0.16923437275687764
matched,0.13375998307505158
matched,0.33984389757383887
matched,0.1850864003505882
matched,0.09719000521348858
matched,0.11922643918730025
matched,0.2119509780957922
matched,0.2582679128667387
matched,0.12265298566668431
matched,0.16444778577850988
matched,0.024216276662460613
matched,0.062762091137825
matched,0.24071205675902352
matched,0.19060589804229724
matched,0.17905688747176027
matched,0.14504076343606676
matched,0.10949837172929149
matched,0.23369273662815737
matched,-0.05082773575924261
matched,0.10370308804751076
matched,0.12445126143756281
matched,0.2617020151266727
matched,0.11643080038383366
matched,0.2638743020347717
matched,0.11588678418424016
matched,0.27957899190775903
matched,0.13940037325555918
matched,0.1652978110903747
matched,0.1975647719287641
matched,0.048220991469523765
matched,0.12972141837112483
matched,0.1138996138996139
matched,0.18646155241067178
matched,0.09792291592682982
matched,0.17746639566600428
matched,0.1060416021277078
matched,0.2806292454041965
matched,0.06403901805075973
matched,0.19107435643639165
matched,0.18177319057945282
matched,0.18794626328872907
matched,0.11779461877309234
matched,0.09864071507907125
matched,0.1027775049301468
matched,0.08582988915669934
matched,0.104435998760852
matched,0.2677504174568754
matched,0.23015663133079964
matched,0.15003891226983204
matched,0.07691784599808082
matched,0.27996433671580445
matched,0.07012142139343705
matched,0.29241626306205565
matched,0.15245676204580313
matched,0.11980067850909339
matched,0.1667371872851325
matched,0.12934362934362933
matched,-0.03668331456981164
matched,0.1752978866481802
matched,0.09303432591103823
matched,0.24181520071931034
matched,0.09751490377713468
matched,0.10500646019237019
matched,0.033286991212627216
matched,0.016974061005372163
matched,0.0737141950449191
matched,0.14407362352567832
matched,0.10905635856712177
matched,0.2063181436958345
matched,0.14564900377033452
matched,0.16937037680677602
matched,0.21820338650084248
matched,0.17292159366523357
matched,0.19677519286129858
matched,0.20544167315204498
matched,0.23144489191455922
matched,0.18456505149264443
matched,0.22728543472183396
matched,0.08965311411495365
matched,0.1662573952202132
matched,0.28082569569849414
matched,0.009924517752306404
matched,0.1684183484574874
matched,0.09694822023589146
matched,0.16056411457585626
matched,0.1696499406871227
matched,-0.020793508073351518
matched,0.10626827554420509
matched,0.21640511072996393
matched,0.16104390664077553
matched,0.13200326409719756
matched,0.1359171584220508
matched,0.10384286998768406
matched,0.22768211320070417
matched,0.27071228343244
matched,0.25136570733439617
matched,0.15794603661531256
matched,0.05129997204361197
matched,0.1452561031817392
matched,0.12341234161195024
matched,0.039282503078980575
matched,0.1965182963226016
matched,0.00884026324339436
matched,0.12473838109845939
matched,0.22003944117447055
matched,0.2539157832699907
matched,0.11078285442277613
matched,0.16861857664206
matched,0.2022871347724577
matched,-0.030185343296889284
matched,0.1714217712260765
matched,0.23993003347210784
matched,0.10522179993804259
matched,0.060767365072648835
matched,0.11314403584462292
matched,0.17662770402496433
matched,0.26787130994567393
matched,0.16620828264663884
matched,0.15506728422579696
matched,0.045942923633725985
matched,0.10263394509969852
matched,0.15122516981616788
matched,0.12784380690447225
matched,0.1133291524680957
matched,0.12567529788664816
matched,0.1657813810455689
matched,0.20127466017876977
matched,0.1923172823368518
matched,0.116819923082154
matched,0.2089777784494027
matched,0.15900762378257488
matched,0.12735268116872814
matched,0.08918465572085923
matched,0.011828574450883648
matched,0.20504121678289974
matched,0.11535787954574647
matched,0.21937831037635344
matched,0.13877702136019163
matched,0.12848227036093962
matched,0.10964193155973978
matched,0.25033812117960846
matched,-0.10484401091054713
matched,-0.07136056940362225
matched,0.18407392575690035
matched,0.00936916788188804
matched,0.10514246424226854
matched,0.29012308366515804
matched,0.1453392167677882
matched,0.15833515931363293
matched,0.11212778336066007
matched,0.22303530816250974
matched,0.22592161633257524
matched,0.25186061096041523
matched,0.008148909323077621
matched,0.13044677330391616
matched,-0.02724614466297441
matched,0.1543419292930056
matched,0.02709125116170126
matched,0.11651769186015763
matched,0.2571081005523276
matched,0.044050200605973595
matched,0.056139449485829135
matched,0.17649169997506592
matched,0.10461733749404982
matched,0.2685022176215914
matched,0.2811619279329651
matched,0.24127496240999174
matched,0.12444748354728787
matched,0.05975111258868598
matched,0.16117991069067392
matched,0.25562716756454523
matched,0.08225600495659204
matched,0.10337441159358968
matched,0.21874740270043597
matched,0.1271788982160802
matched,0.18350724221565712
matched,-0.04826254826254827
matched,0.12548262548262548
matched,0.10320062864094176
matched,0.13904902945998837
matched,0.07990237931529517
matched,0.0014620435364075285
matched,0.04391041866580027
matched,0.26073109732600924
matched,0.2050525504537246
matched,0.148701539112498
matched,0.1257319662407725
matched,0.06310210126257093
matched,0.2363523713817256
matched,0.07930547265185231
matched,0.18639732827599756
matched,0.10652894997317698
matched,0.30048583668935924
matched,0.10323462965341636
matched,0.18735313451556115
matched,0.10284928484537095
matched,0.12110405065395281
matched,0.019883036517087397
matched,0.298993570030752
matched,0.21768581553317368
matched,0.1684032368963876
matched,0.14413784766035256
matched,0.20323160734119639
matched,0.0826186824229877
matched,0.10587915284588476
matched,0.19809745445753274
matched,0.0665777603155294
matched,0.06590151795631248
matched,0.18022047767644636
matched,0.03342677315280055
matched,0.08346115195430263
matched,0.09640420403629796
matched,0.09742423441053577
matched,0.05526675683231456
matched,0.3098814498031719
matched,0.2910751120144467
matched,0.023657148901767296
matched,0.2094311252823973
matched,0.14955534231463785
matched,0.29535923958624544
matched,0.27490951952791487
matched,0.12285321385125691
matched,0.1753621107828544
matched,0.11210133812873538
matched,-0.056547461635524265
matched,0.05390293844305586
matched,0.05336270013373731
matched,0.042637269643140484
matched,0.19022810901480178
matched,0.102928620541145
matched,0.07021209076003597
matched,0.22831679876689664
matched,0.07427332280561243
matched,0.06409946429515902
matched,0.27763715630643226
matched,0.05381982485700686
matched,0.05893508828929572
matched,0.06451125433512908
matched,0.019531692721516596
matched,0.21477684002145844
matched,0.1632879734640987
matched,0.14738305540653876
matched,0.14074530219344308
matched,0.1992232657594693
matched,0.25822257818343924
matched,0.25831324755003815
matched,0.19615939674648092
matched,0.17315204497200584
matched,0.24528708188199383
matched,0.1525852103151516
matched,0.2476671527552154
matched,0.12039758517253624
matched,0.2515659355189688
matched,-0.02659634753568217
matched,0.09979297161293248
matched,0.14554700073291071
matched,0.2589290436648558
matched,0.05715192407951704
matched,0.30472085168758356
matched,0.21225698720806355
matched,0.1975307709162895
matched,0.17284225796945954
matched,0.07793409848204369
matched,0.1352409160628339
matched,0.06415235475900838
matched,-0.06927517397184717
matched,0.12319700186627779
matched,-0.037896017348072145
matched,0.15422103680420707
matched,-0.03743133684425269
matched,0.2794580994189605
matched,0.18898140522406665
matched,0.061549388359564486
matched,0.13134213329908048
matched,0.102426161134576
matched,0.10892413240749836
matched,0.08650235362564129
matched,0.1683427906519883
matched,0.1257168546796727
matched,0.01749540986331593
matched,0.22855102796394383
matched,0.2112747357365753
matched,-0.002822084035391276
matched,0.11214667281203484
matched,-0.10606049157908258
matched,0.0511715237742635
matched,0.12185585081866883
matched,0.14968756847426123
matched,0.23033041428344753
matched,0.17790085304762407
matched,0.03155293957642294
matched,0.23880422217017128
matched,0.21949920286515195
matched,0.04905590522028879
matched,0.1443456316254751
matched,0.124099917641992
matched,0.18835049754814923
matched,0.22142214901510401
matched,0.07648338861646102
matched,0.2478258241467635
matched,0.24173586502353628
matched,0.17972557405042727
matched,0.20851309794558323
matched,0.2841049044571549
matched,0.0515228675698343
matched,0.1474812805536876
matched,0.08452651701183991
matched,0.028209506683087894
matched,0.12624953720844131
matched,0.22157326462610222
matched,0.18542641047533415
matched,0.17494276496233443
matched,0.16148591980294524
matched,0.07300017378295265
matched,0.24408949066483313
matched,0.1903603351744252
matched,0.026739907366130463
matched,0.22457668739469133
matched,0.19736076585391651
matched,0.24145630114318958
matched,0.30737670855087684
matched,0.09431125282397299
matched,0.06786979878956396
matched,0.14393006369523004
matched,0.2633642868476528
matched,0.27016448934257153
matched,0.2269038678040635
matched,0.14821796915730379
matched,0.1732653816802545
matched,-0.054140945530378015
matched,0.1828347777467151
matched,0.09306454903323787
matched,0.11550521726646971
matched,0.12800247829602038
matched,0.13062055625656407
matched,0.07560314018239654
matched,-0.010672540026747463
matched,0.18839205434117373
matched,0.20756862537684453
matched,0.03938828400667932
matched,0.07442066052633567
matched,0.16966127435794753
matched,0.19829012686155545
matched,0.2652305646434805
matched,0.10748475621274058
matched,0.058840641032421856
matched,0.15156517994091379
matched,-0.0012013691074356436
matched,0.08838374298256882
matched,0.1678252196843195
matched,0.18036403750689467
matched,0.2880603555750327
matched,0.09440570008084685
matched,0.14107775653763913
matched,0.11691059244875293
matched,0.14760217304248616
matched,0.19294441212249433
matched,0.16930237478182686
matched,0.05519875480736538
matched,0.12896961820640881
matched,0.1289620624258589
matched,0.26751241036955326
matched,0.23852843618009958
matched,0.23714950622974104
matched,0.03911627590688257
matched,0.09699733280946589
matched,0.10612471571375683
matched,0.04776386674625423
matched,0.11165554707629072
matched,0.31863859946051726
matched,0.041613461378627724
matched,0.07464733394283297
matched,0.10186703337388268
matched,0.09309477215543752
matched,0.03570106309832337
matched,0.19376799220243446
matched,0.17424763315174274
matched,0.12758313247550038
matched,0.006573529078421446
matched,0.2389817830130942
matched,0.18665800270496946
matched,0.07390308955866687
matched,0.16105146242132543
matched,0.1358491563971016
matched,0.21345080053494925
matched,0.22722498847743464
matched,0.08407694806912029
matched,0.1476248403841359
matched,0.08830440728679477
matched,0.21725135815155386
matched,0.2237568852050261
matched,0.060495356972852084
matched,0.026022108213889034
matched,0.23090465360524068
matched,0.008160242993902486
matched,0.04434109815714512
matched,0.2552720458786995
matched,0.2961337070926112
matched,0.18154273927268058
matched,0.31541228116570585
matched,0.16172770478054235
matched,0.15806315121383613
matched,0.1627515130450551
matched,0.05504763919636718
matched,0.05415983498175279
matched,0.16173903845136722
matched,0.21390792525821878
matched,0.15180318702823598
matched,0.09542195256480972
matched,0.18769314464030706
matched,0.12606064269469358
matched,0.2367943845438953
matched,0.16499557986837832
matched,0.26053464703171164
matched,0.01831143416270618
matched,0.22390422292574935
matched,0.20555878775056854
matched,0.23152044972005834
matched,0.055814550922183015
matched,0.1753243318801049
matched,-0.032146068349590856
matched,0.22633718426282026
matched,-0.050106158716726225
matched,0.005005704614315182
matched,0.15101360796077037
matched,0.02159064292136699
matched,0.04078610340841261
matched,0.11130042539044495
matched,0.1940248887411314
matched,0.07465488972338288
matched,0.1607265638576793
matched,0.12618531307376707
matched,0.059781335710885605
matched,0.17861487430959055
matched,0.20974091228494357
matched,0.08827796205487007
matched,0.24643556052558008
matched,0.03397456724266901
matched,0.16327663979327384
matched,0.24570264981223885
matched,0.1432727107873879
matched,0.2076895178656431
matched,0.13037121549841707
matched,0.08467385473256316
matched,0.22270663170858865
matched,0.10140613076033818
matched,0.19311819507514222
matched,0.09567507121323168
matched,0.12296655055950555
matched,0.044458212755668726
matched,0.022618229076154715
matched,0.19487113616272128
matched,0.1425775789767962
matched,0.12836137787214108
matched,0.269707364619302
matched,0.20300493392469912
matched,0.24172830924298633
matched,0.11020483721070806
matched,0.1808967200356633
matched,0.23825642808030284
matched,0.006388412454948659
matched,0.13605316247194918
matched,0.05980778094281029
matched,0.061281158150042696
matched,0.1493664478008901
matched,0.21098006029512878
matched,0.15133095074386663
matched,0.04197991673529834
matched,0.08276602014371094
matched,0.1152634322888726
matched,0.26145267436852565
matched,0.2039267391517881
matched,0.24992255324936344
matched,0.032161179910690674
matched,0.06859893161263024
matched,0.3415401703072936
matched,0.06155316624983944
matched,0.09315144050956184
matched,0.1601107677428617
matched,0.12574329991159738
matched,0.2577730092407196
matched,0.04654738607771876
matched,0.2452568587597942
matched,0.17093442338060733
matched,0.0540842771762537
matched,0.1444098557601493
matched,0.2898435197848114
matched,-0.03574639778162283
matched,0.09698599913864102
matched,-0.03975851725362489
matched,0.13610983082607347
matched,0.046626721773492814
matched,0.1633748649404227
matched,0.12168584575629585
matched,0.13918881140016168
matched,-0.09025757655894644
matched,0.2549169241928538
matched,-0.04373285782287739
matched,0.17969535092822764
matched,0.07588648195301817
matched,0.2398166967638592
matched,0.12336700692865077
matched,0.13935881646253465
matched,0.15910207103944873
matched,0.1182101867033374
matched,0.07677428616763256
matched,0.15423992625558183
matched,0.10963815366946483
matched,0.1387014635546925
matched,0.14110420176956381
matched,0.2134092437419248
matched,0.18115739446463516
matched,-0.03849292401151501
matched,0.06266386599067617
matched,0.05298491110624183
matched,0.12411502920309182
matched,0.221169030366682
matched,0.17405873863799498
matched,0.1760421310323463
matched,-0.014646880595999971
matched,0.20715683533687446
matched,0.061560722030389356
matched,0.24357947547771425
matched,0.022648452198354353
matched,0.3148342639536377
matched,0.21117273269915152
matched,0.004930146808816085
matched,0.04586736582822688
matched,0.19864902643767615
matched,0.16194682241648975
matched,0.065270610280395
matched,0.12454570869443668
matched,0.08141731331555206
matched,0.1036653091447612
matched,0.1986868053404257
matched,0.1531065591730954
matched,0.1719733432062199
matched,0.17821064005017037
matched,0.13478379133956433
matched,0.20491654640382626
matched,0.013849745747984494
matched,0.13925303553483592
matched,0.1069218505617723
matched,0.07592048296549275
matched,0.13963838034288134
matched,0.20164489342571534
matched,0.07225970728906149
matched,0.09045780474351904
matched,-0.012810825922371911
matched,0.12018980120741372
matched,0.27308479852511164
matched,0.24051560646472586
matched,0.15214697504325683
matched,0.031866504469244196
matched,0.1382783398438976
matched,0.1410210881835148
matched,0.1635637594541704
matched,0.10654028364400184
matched,0.08583744493724924
matched,0.08337803836825364
matched,0.09929806798691339
matched,0.07554647182827222
matched,0.18309923006596196
matched,0.176068576264271
matched,0.12731490226597858
matched,0.1922417245313527
matched,0.14442118943097418
matched,0.21144474079894823
matched,0.10104345329394253
matched,0.2904026475455047
matched,0.051020408163265314
matched,0.15762869383221634
matched,0.16711497631262798
matched,0.10057877279012307
matched,0.20533589222434626
matched,0.10902613544492214
matched,0.20314849375514737
matched,0.04094477479996071
matched,0.1735902802439006
matched,0.18554352507385777
matched,0.23094621039826518
matched,0.16832767909088847
matched,0.10834611519543028
matched,-0.05930154364596635
matched,0.0015149340002568964
matched,0.07161368805204422
matched,0.14592478976040624
matched,0.17595146166574738
matched,0.0920596302200999
matched,-0.03162849738192204
matched,0.16192793296511496
matched,0.04810765476127511
matched,0.2113049588587749
matched,0.28808680080695737
matched,0.05564454585981004
matched,0.23048908567499565
matched,-0.026362118338634975
matched,0.21853961873531344
matched,0.03383100741222072
matched,0.04140945530378016
matched,0.06846292756273187
matched,0.2016637828770901
matched,0.2253813780232567
matched,0.09330633401083499
matched,0.13319329953380835
matched,0.07534246575342467
matched,0.07833077696091395
matched,0.24019448579135466
matched,0.0674731203106937
matched,0.2338174070072309
matched,0.18041692797074402
matched,0.1612743579475478
matched,0.1752714414162555
matched,0.0910962681999864
matched,0.1839076985848023
matched,0.1258490808392961
matched,0.16906814558477964
matched,0.00777489818585709
matched,0.12046936508776039
matched,0.23631459247897604
matched,0.06938473278982085
matched,0.17878110148168858
matched,0.18539996524340946
matched,0.09707666850523995
matched,0.23670749306757133
matched,0.018847894581749767
matched,0.15000113336708248
matched,0.16185993094016576
matched,0.20987691633484196
matched,0.2468926852488496
matched,0.06887849549297691
matched,0.19910615116094568
matched,0.15479149823572524
matched,0.19327308857641537
matched,0.12264542988613437
matched,0.1941344475591051
matched,0.11644591194493348
matched,0.019527914831241642
matched,0.17295937256798313
matched,0.14496142774029272
matched,0.11233934521605755
matched,0.09289076608058995
matched,0.1586449463161792
matched,0.24560820255536497
matched,0.2555818328812458
matched,0.1658418272899682
matched,0.1254561802507008
matched,0.14114198067231334
matched,0.22435379186846896
matched,0.26819243061904513
matched,0.16771188297607081
matched,0.22646185464189378
matched,0.22447846224754248
matched,0.14326515500683798
matched,0.051991325963928706
matched,0.05628300931627742
matched,0.05428828325110125
matched,0.06960007253549327
matched,0.17608746571564576
matched,0.04647560616249462
matched,0.23076487166506737
matched,0.16034499693990886
matched,0.03879137734323644
matched,0.13273239692026384
matched,0.14560366908703504
matched,0.10719385866156902
matched,0.06604129989648581
matched,0.1535901291282896
matched,0.11051462421325434
matched,0.2153019667696771
matched,0.16236239034673478
matched,0.012021246854906346
matched,0.009977408216155769
matched,0.21324679446010167
matched,0.02702702702702703
matched,0.23023218913629873
matched,0.06689132520835064
matched,0.06279609215029959
matched,0.22280107896546253
matched,0.060181792080030834
matched,0.09391835223537767
matched,0.17637080748626735
matched,0.030869141436656117
matched,0.11003105425806015
matched,0.17225290708656657
matched,0.21585353874982052
matched,0.08295869254773365
matched,0.0033245434419602714
matched,0.1439073963535803
matched,0.19997884381446024
matched,0.039210723163756435
matched,0.08624923497721931
matched,0.17943467649925574
matched,0.05200643752502852
matched,0.12532773198135233
matched,0.2242291214893955
matched,0.18103650197583662
matched,-0.053113359375590294
matched,0.07242593446115952
matched,0.18906829670039063
matched,0.2188607394086846
matched,0.23566857324195875
matched,0.059962674444083444
matched,0.11049573476187959
matched,0.13930970388896027
matched,0.14040529206869715
matched,-0.008481363667273648
matched,0.1584182728996819
matched,0.12605308691414366
matched,0.11348404596936887
matched,0.15964608723904222
matched,0.14245290859772267
matched,0.18258921487884305
matched,0.23592924767093065
matched,0.07236548821676023
matched,0.1550295053230474
matched,0.09986475152815663
matched,0.24111251312816873
matched,0.0627696469183749
matched,0.1310776809798336
matched,0.22856613952504365
matched,0.21621243832594128
matched,0.05525164527121475
matched,0.10432643994287831
matched,0.10207859522928016
matched,0.06065025047412523
matched,0.2103302631678366
matched,0.20700949761615126
matched,0.07686873342450642
matched,0.1306016668051893
matched,0.01604847788800822
matched,0.0425692676181913
matched,0.10205214999735547
matched,0.17788196359624933
matched,0.11262646487695413
matched,0.025455424672645808
matched,0.14093041881691587
matched,0.2270889844275363
matched,0.1239676914823686
matched,0.11849352847395901
matched,0.2172626918223787
matched,0.09864449296934619
matched,0.16167859220696792
matched,0.16462156873115777
matched,0.10640050170382853
matched,0.2489138565459505
matched,0.15042047918760248
matched,0.12930207255060483
matched,0.05555009860293617
matched,0.21387014635546928
matched,0.233560510468534
matched,0.08511209000445792
matched,0.0586026339450997
matched,0.21577798094432146
matched,0.18717557367263823
matched,0.06451125433512908
matched,0.11753394434412048
matched,0.11343493339579445
matched,0.05467740594942161
matched,0.16340886595289725
matched,0.18096849995088743
matched,0.12960430377260124
matched,0.19759499505096376
matched,0.17627636022939347
matched,0.11542588157069565
matched,0.34602452606366507
matched,0.03494926293360736
matched,-0.0021836205789239056
matched,0.051073298627114676
matched,0.11858041995028298
matched,0.15274010381642478
matched,0.09961163287973465
matched,0.2545769140681078
matched,0.0964268713779477
matched,0.045716250217228686
matched,0.23847176782597526
matched,0.05769216238883558
matched,0.09999319979750508
matched,-0.036452863263039384
matched,0.13592093631232574
matched,0.021530196676967716
matched,0.10125501514934002
matched,0.17029595992413998
matched,0.21878895949346047
matched,0.06496837905839863
matched,0.17185245071742136
matched,0.15573974869473892
matched,0.1372129747863603
matched,0.13568670711527855
matched,0.18642377350792222
matched,0.1177983966633673
matched,0.07777920498077054
matched,0.03777512485927359
matched,0.26844554926746705
matched,0.18355257689895657
matched,0.20866043566630654
matched,0.15528640186174433
matched,0.06987963641583994
matched,0.11373338672751589
matched,0.26981314554700075
matched,0.0811641946671301
matched,0.25150926716484445
matched,0.08749971665822938
matched,-0.02317735683684803
matched,-0.02374404037809126
matched,0.044503547438968186
matched,0.1785884290776659
matched,0.09432258649479784
matched,0.19532070510544092
matched,0.2489856364611746
matched,0.20039818963498027
matched,0.1018179208003083
matched,0.16946860195392485
matched,0.11301558757527447
matched,0.1698841698841699
matched,0.08534631920150511
matched,0.06701599558742416
matched,0.07457933191788377
matched,0.06525172082902024
matched,0.19157303795268568
matched,0.11863708830440728
matched,0.09807780942810297
matched,0.20376806776023998
matched,0.130628112037114
matched,0.1991892647469947
matched,0.13746231554450733
matched,0.1302503230096185
matched,0.13431533294546993
matched,0.1114402073306183
matched,0.15520706616597027
matched,0.1544514881109793
matched,0.021118406636997634
matched,0.10006875760300418
matched,0.0821011114553189
matched,0.10142502021171297
matched,0.25246507340440805
matched,0.18167874332257894
matched,0.20277070472765188
matched,0.12240742279881224
matched,0.07627182676106356
matched,0.17555100529660217
matched,0.22400244807289818
matched,0.12030691580593732
matched,0.13138369009210496
matched,0.09227119207549736
matched,0.22064768150873826
matched,0.22432734663654427
matched,0.2280599022281997
matched,0.2740028258619257
matched,0.18330323614080954
matched,0.1879349296179042
matched,0.0832722574405549
matched,0.23594058134175552
matched,0.08404294705664568
matched,0.09131916372620874
matched,0.12929073887977996
matched,0.2603570861887887
matched,-0.011431895972013389
matched,0.11137598319594405
matched,0.23805619989573024
matched,0.17242669003921451
matched,0.07708029527990388
matched,0.25077257856122825
matched,0.024752737081504203
matched,0.17172022455779795
matched,0.12618153518349215
matched,0.09406191206582595
matched,0.1295816364309515
matched,0.26793931197062315
matched,0.1355091462723557
matched,0.18835049754814923
matched,0.27100318098361154
matched,0.08569766299707592
matched,0.15321234010079413
matched,0.08669124813938904
matched,0.10087722612184452
matched,0.2336322903837581
matched,0.0945945945945946
matched,0.11323092732094689
matched,0.1786262079804154
matched,0.03447324875896304
matched,0.18704712540328977
matched,0.13938526169445933
matched,0.1869791233783406
matched,0.09830448284460026
matched,0.07130767893977288
matched,0.03545927812072626
matched,0.0009482504590136685
matched,0.08099418960475711
matched,0.18678267308404295
matched,0.12671799560253572
matched,0.2016146703035157
matched,0.25478469803323034
matched,0.043464627613355594
matched,0.24874762937385247
matched,0.0863172370021685
matched,0.1891778555183643
matched,0.006709533128319821
matched,0.15406992119320886
matched,0.031469825990373936
matched,0.043763080945077026
matched,-0.041073223069309175
matched,0.1443342979546502
matched,0.23101421242321438
matched,0.22042478598251594
matched,0.09516127813583783
matched,0.14179177779960558
matched,0.06441680707825521
matched,0.22068923830176276
matched,0.10171213987260955
matched,0.1556150783156654
matched,0.019452357025742547
matched,0.020003929005885955
matched,0.2512485927358726
matched,0.16837301377418792
matched,0.17802930131697256
matched,0.08154198369462558
matched,0.1777081806436014
matched,0.20417607990993508
matched,0.061511609456814935
matched,0.2516754943369425
matched,0.07752230844207361
matched,0.1123922356799069
matched,0.090125350399323
matched,0.039633846874551376
matched,-0.08287180107140969
matched,0.05610922636362949
matched,0.12862960808166288
matched,0.17599679634904686
matched,0.07327595977302435
matched,0.061847841691285925
matched,0.04109589041095891
matched,0.07168924585754331
matched,0.24248010940770234
matched,0.0412130050094825
matched,0.12680110918858473
matched,0.10736008583366705
matched,0.13649517563411886
matched,0.24462972897415167
matched,0.02046105372915549
matched,0.25824146763481404
matched,0.2378408601500578
matched,0.21579309250542128
matched,0.1821094228139238
matched,0.2126536656869338
matched,0.054133389749828106
matched,0.12539951189657647
matched,0.013759076381385578
matched,0.09230897097824692
matched,0.11668769692253059
matched,0.2202434472493181
matched,-0.0023120688482723708
matched,0.17384717678259753
matched,0.26269937815926075
matched,0.10297773311471942
matched,0.16515802915020136
matched,0.1351729140378847
matched,0.1732616037899795
matched,0.06061624946165063
matched,0.12259631731255997
matched,0.22282752419738722
matched,0.2797603306409569
matched,0.029894445745717764
matched,0.04153412568285367
matched,0.021994877180787163
matched,0.032856311721282366
matched,0.1405941865824449
matched,0.15401325283908457
matched,0.13319707742408332
matched,0.15325767478409358
matched,0.11036728649253111
matched,-0.031205373671127096
matched,0.08144753643775171
matched,0.12813848234591876
matched,0.2283583555599211
matched,0.16630650779378764
matched,0.16274017937423027
matched,0.06425813568670712
matched,0.11324226099177176
matched,0.20053797157515357
matched,0.23880044427989633
matched,0.03341543948197569
matched,0.18645777452039683
matched,0.06865937785702951
matched,0.15354101655471517
matched,0.10420554745407974
matched,0.14415673711172733
matched,0.04235392787251887
matched,-0.040884328555561435
matched,0.1354222547960317
matched,0.2455137552984911
matched,0.16923059486660266
matched,0.24690401891967453
matched,0.15546774059494217
matched,0.23688883180076917
matched,0.25509070714550164
matched,0.0889806496460117
matched,0.20208690658788506
matched,0.13657073343961798
matched,-0.005239933811362383
matched,0.23378718388503125
matched,0.059781335710885605
matched,0.12847093669011475
matched,0.10393731724455794
matched,0.022697564771928764
matched,0.11390339178988887
matched,0.2302586343682234
matched,0.0918745135966271
matched,0.07121700957317395
matched,0.1934506494193383
matched,0.23627681357622649
matched,0.13328396890040725
matched,0.19855835707107722
matched,0.2037491783088652
matched,-0.04481333444151448
matched,0.17246069105168912
matched,0.04153034779257871
matched,0.04557269038678041
matched,0.058912420947645996
matched,0.19791989361460985
matched,0.16628006256186298
matched,0.11745083075807147
matched,-0.03410301551201747
matched,0.26772019433467575
matched,0.1506358189332749
matched,0.25743299911597367
matched,0.055278090503139435
matched,0.12048825453913517
matched,0.06520638614572079
matched,0.16161814596256865
matched,0.10573181512516151
matched,0.10312507083544266
matched,0.09461726193624433
matched,0.17085130979455834
matched,0.02487362957030276
matched,0.31967374139585486
matched,7.555780549909709e-05
matched,0.09777180031583163
matched,0.0420668082116223
matched,0.059773779930335696
matched,0.12345389840497471
matched,0.05753726888756243
matched,0.058957755630945456
matched,0.20513566403977362
matched,0.1839832563903014
matched,-0.02068394925537783
matched,0.3348457487400736
matched,0.19521114628746725
matched,0.10932458877664357
matched,0.1565519951038542
matched,0.0829964714504832
matched,0.20501854944125
matched,0.05444695464264936
matched,0.19737587741501636
matched,0.12658954733318725
matched,0.20369250995474086
matched,0.14864109286809873
matched,0.14524476951091433
matched,0.12647243273466366
matched,0.20736461930199698
matched,0.16120635592259858
matched,0.19102524386281727
matched,0.14695237591519392
matched,0.1408435273405919
matched,0.3703352499829995
matched,-0.0555236533710115
matched,0.1463856923739507
matched,0.12488194092890767
matched,0.13364286847652798
matched,0.16252483962855782
matched,0.12874672268018647
matched,0.040476316405866304
matched,-0.04762408480608089
matched,0.06745045296904396
matched,0.13435688973849444
matched,0.012361256979652284
matched,0.19299730258634368
matched,0.1998730628867615
matched,0.22947661108130776
matched,0.26127889141587773
matched,0.2103302631678366
matched,0.015319345064941934
matched,0.10459844804267504
matched,-0.011700126181535183
matched,0.10074122207194613
matched,-0.051137522761788914
matched,0.12947585550325277
matched,0.11489319904192703
matched,0.05277712714111932
matched,0.24245744206605263
matched,0.06304543290844661
matched,0.25437290799326023
matched,0.0635818933274902
matched,0.08929421453883295
matched,0.11266424377970366
matched,0.10307218037159328
matched,0.13302329447143538
matched,0.28092769873591794
matched,0.12772669230594869
matched,0.08495341861290981
matched,0.2350716665785159
matched,0.20281603941095136
matched,0.22488269650696266
matched,0.12970252891975007
matched,0.14011061662725066
matched,0.025821880029316426
matched,0.1582671572886837
matched,0.09732223137311201
matched,0.06293209620019796
matched,0.11218445171478439
matched,0.11840663699763504
matched,0.007147768400214583
matched,0.1318559263764743
matched,0.07487022946905529
matched,0.2452304135278695
matched,0.04431465292522044
matched,0.1680178920883422
matched,0.15581908439051298
matched,0.16204504756363855
matched,0.06519505247489592
matched,0.22315997854158323
matched,-0.026320561545610473
matched,0.19953305276201558
matched,0.17844486924721759
matched,0.1302427672290686
matched,0.13644228517026952
matched,0.04841366387354645
matched,0.19249862107004967
matched,0.19977483773961272
matched,0.049146574586887704
matched,0.05455651346062305
matched,0.19744387943996555
matched,0.17446297289741516
matched,0.24962787780791695
matched,0.15947986006694423
matched,0.04514201089543555
matched,0.27700624863051476
matched,0.0670462187096238
matched,0.08147020377940144
matched,0.21335257538780047
matched,0.10005742393217933
matched,0.04777897830735404
matched,0.03659264520321272
matched,0.07525935216737566
matched,0.194810689918322
matched,0.1122524537397336
matched,0.13460623049664147
matched,0.14380161542588157
matched,0.1494797845091387
matched,0.21756492304437514
matched,0.2054076721395704
matched,0.05335136646291245
matched,0.1547461635524258
matched,0.18302745015073785
matched,0.14046573831309644
matched,0.14225645830342504
matched,0.04983037272665452
matched,0.09116804811521054
matched,-0.04347973917445542
matched,-0.07860656295098566
matched,0.02993222464846731
matched,0.011360116056789245
matched,0.08012527484151749
matched,0.232804932413543
matched,0.1898427642067564
matched,0.1418824471662045
matched,0.08433762249809217
matched,0.3454918435348964
matched,0.15051492644447634
matched,0.14650658486274926
matched,0.12309499882885401
matched,0.21574397993184682
matched,0.12312144406077871
matched,0.08009882960959282
matched,0.09952851929368564
matched,0.1442927411616257
matched,0.20046619165992946
matched,0.20347717020906847
matched,0.04156812669532826
matched,0.2569456512705045
matched,0.30779605437139684
matched,0.2292990502383849
matched,0.1439073963535803
matched,0.08224467128576718
matched,0.03893493717368473
matched,0.10235815910962681
matched,0.19999773326583503
matched,-0.06191206582596015
matched,-0.02127707802854574
matched,-0.04687228464136488
matched,0.2599906308321181
matched,0.10025009633620201
matched,0.1668958586766806
matched,0.17213957037831792
matched,0.07279238981783014
matched,0.1584711633635313
matched,0.18517706971718714
matched,0.24557797943316534
matched,0.2462013313285329
matched,0.23178867992958013
matched,0.028005500608240336
matched,0.11204089188433612
matched,0.1649464672948039
matched,0.2448035119267996
matched,0.09451525889882054
matched,0.18019025455424673
matched,0.06740511828574451
matched,0.14828974907252793
matched,0.0858752238399988
matched,0.1710553158694059
matched,0.16820678660208993
matched,0.18623110110389954
matched,0.13989527688157824
matched,0.16184481937906595
matched,0.2123627681357623
matched,0.17356383501197595
matched,0.2108591678063302
matched,0.11580367059819115
matched,-0.045304460177258615
matched,0.008534254131123015
matched,0.16155769971816938
matched,0.1909307966059434
matched,0.23666593627454688
matched,0.14617790840882816
matched,0.09476459965696755
matched,0.1319579294138981
matched,0.2914982357252416
matched,0.14594367921178097
matched,0.18672222683964368
matched,0.2062916984639098
matched,0.2138739242457442
matched,0.050397056267897755
matched,0.27432394653529685
matched,0.08342337305155309
matched,0.13700519082123777
matched,0.13200326409719756
matched,0.11490831060302684
matched,0.03806224452017016
matched,0.21672623140333513
matched,0.13002742748339619
matched,0.09434903172672253
matched,0.1902621100272764
matched,0.20730795094787266
matched,0.18456882938291938
matched,0.09662332167224537
matched,-0.044223983558621525
matched,0.265189007850456
matched,0.042512599264066975
matched,0.23585368986543156
matched,0.10051454865544887
matched,0.2603117515054893
matched,0.014809329877823029
matched,0.13718652955443564
matched,0.07612826693061527
matched,0.059917339760783984
matched,0.17083242034318355
matched,0.07928280531020257
matched,0.27030427128274487
matched,0.0983498175278997
matched,0.06936584333844607
matched,0.1001745385307029
matched,0.07831944329008908
matched,0.07588648195301817
matched,0.06415613264928333
matched,0.2490536384861238
matched,0.15502194954249748
matched,0.004080121496951243
matched,0.05652479429387453
matched,0.3392998813742454
matched,0.25087458159865206
matched,0.19401733296058152
matched,0.04434865393769503
matched,0.11691059244875293
matched,0.1230307746941798
matched,0.19193193752880644
matched,0.2005946399292779
matched,-0.014238868446304847
matched,0.10918480683647025
matched,0.10213526358340448
matched,-0.025043634632675726
matched,0.06562573196624077
matched,0.05755615833893721
matched,0.10175747455590901
matched,0.24465617420607635
matched,0.1335899780126786
matched,0.2573385518590998
matched,0.15278921638999915
matched,0.2063521447083091
matched,0.10808166287618343
matched,0.08319669963505581
matched,0.31195173367384715
matched,0.13505202154908613
matched,0.15325389689381863
matched,0.16791966694119337
matched,0.16333330814739816
matched,0.141338430966611
matched,0.09856893516384711
matched,-0.003226318294811446
matched,0.04839477442217169
matched,0.1130458106974741
matched,0.21679801131855927
matched,0.2565565285721842
matched,0.052350225540049415
matched,0.21216253995118967
matched,0.044269318241920985
matched,0.1098912723178868
matched,0.04692517510521425
matched,0.1472394955760905
matched,0.1717315582286228
matched,0.1386447952005682
matched,0.14496142774029272
matched,-0.10176125244618395
matched,0.08527831717655593
matched,0.14275136192944413
matched,0.042342594201694006
matched,0.09053336254901813
matched,0.15314811596611988
matched,0.12133450196072505
matched,0.18569464068485594
matched,0.1536316859213141
matched,0.20173556279231428
matched,0.17662014824441438
matched,0.1752978866481802
matched,0.08757527446372848
matched,0.11119464446274623
matched,0.06280364793084948
matched,0.10209370679037998
matched,0.03463192015051115
matched,0.1061587167262314
matched,0.16952149241777423
matched,0.1610287950796757
matched,0.35837822726276736
matched,-0.02514563767009951
matched,0.19928748989414355
matched,0.10751120144466526
matched,0.044205094107246753
matched,0.12036358416006167
matched,0.06663820655992868
matched,0.003732555591655396
matched,0.1339337660276995
matched,0.13221104806232006
matched,0.1596158641168426
matched,0.1472054945636159
matched,0.08309091870735706
matched,0.20247980717648034
matched,0.053540260976660196
matched,0.20463320463320464
matched,0.121088939092853
matched,0.10821388903580684
matched,0.16266462156873118
matched,0.0567023551367974
matched,0.17415318589486886
matched,0.2325253685331963
matched,0.043098172256684976
matched,0.1693363757943014
matched,0.06771868317856576
matched,0.2107269416467068
matched,0.1580669291041111
matched,0.2239080008160243
matched,0.1398839432107534
matched,0.19783678002856084
matched,0.052240666722075724
matched,0.18542263258505923
matched,-0.027268812004624138
matched,0.09283031983619068
matched,0.09113404710273594
matched,0.05803595040385647
matched,0.14120620480698762
matched,0.06266386599067617
matched,0.2013615516550937
matched,0.2181769412689178
matched,0.13267195067586457
matched,0.09633242412107385
matched,0.17596279533657225
matched,0.12289477064428139
matched,0.13749253866670696
matched,0.25141859779824555
matched,0.16512025024745183
matched,0.22701720451231217
matched,0.1350029089755117
matched,0.1536807984948885
matched,0.16828234440758902
matched,0.2771195853387634
matched,0.18913252083506485
matched,-0.02231977574443328
matched,0.0684440381113571
matched,-0.0002946754414464786
matched,0.22794656551995104
matched,0.08488541658796062
matched,0.12527484151750298
matched,0.011541454789987079
matched,0.21863406599218732
matched,0.07136056940362225
matched,0.2761222223061754
matched,0.1167519210572048
matched,0.045024896296911955
matched,0.06558795306349122
matched,0.08954355529697995
matched,0.05017793863195038
matched,0.11146287467226802
matched,0.010574314879598637
matched,0.31223885333474377
matched,0.14897354721229478
matched,0.19581183084118503
matched,0.056249008303802826
matched,0.08186688225827168
matched,-0.03563683896364914
matched,0.07377086339904344
matched,0.14890554518734558
matched,0.03957717852042705
matched,0.23343584008946047
matched,0.2542897944072113
matched,0.06451503222540404
matched,0.1589849564409251
matched,0.08543321067782908
matched,0.1525852103151516
matched,0.12283432439988214
matched,0.13245661093019215
matched,0.20251003029868003
matched,0.13029943558319293
matched,0.12031069369621229
matched,0.0940845794074757
matched,0.12653665686933788
matched,0.15874694935360298
matched,0.07019320130866119
matched,0.23105954710651383
matched,0.16725853614307626
matched,0.12001979614504077
matched,0.007004208569766301
matched,0.06558795306349122
matched,0.012682377653023448
matched,0.03289786851430687
matched,0.28621296723057976
matched,-0.026331895216435336
matched,0.15056403901805077
matched,0.0936312325744811
matched,0.17722083279813222
matched,0.23625792412485172
matched,0.036490642165788935
matched,0.1363516158036706
matched,0.14469697542104587
matched,0.1362609464370717
matched,0.11576589169544162
matched,0.0011673680949610499
matched,0.18684311932844225
matched,0.18487483849519074
matched,0.02723103310187459
matched,0.15270232491367522
matched,0.20353006067291785
matched,0.12944185449077816
matched,0.10455689124965055
matched,-0.09242986346704546
matched,0.20655237289288167
matched,0.20358672902704214
matched,0.3207731074658668
matched,0.2526690794792556
matched,0.2621515840693923
matched,0.19174304301505868
matched,0.020177711958533875
matched,0.23781063702785815
matched,0.17553589373550235
matched,0.12218452727258991
matched,0.1349386848408375
matched,0.028016834279065202
matched,0.14044307097144673
matched,0.22428956773379474
matched,0.09451903678909551
matched,0.12562996320334874
matched,0.18687712034091683
matched,0.15917762884494785
matched,0.08378227262767379
matched,0.2944374343591565
matched,0.1995481643231154
matched,0.12198429908801728
matched,0.10671784448692472
matched,0.22688497835268873
matched,0.046392492576445614
matched,0.2484756212740557
matched,0.14859953607507423
matched,0.033744115935896754
matched,0.124099917641992
matched,0.17179578236329704
matched,0.08284913372975995
matched,0.16456867826730842
matched,0.05585610771520752
matched,0.002874974499240644
matched,0.23980158520275938
matched,-0.014707326840399248
matched,0.15232075799590478
matched,0.05491919092701872
matched,0.12802136774739514
matched,-0.0375144504303017
matched,0.30619045100454106
matched,0.15802159442081165
matched,0.15750024556286787
matched,0.1463932481545006
matched,0.06733711626079533
matched,0.13428888771354525
matched,0.12334811747727599
matched,0.11550143937619475
matched,0.032640971975609945
matched,0.15277410482889933
matched,0.08311358604900679
matched,0.3070744773288805
matched,0.1067027329258249
matched,0.13400554594292363
matched,0.2145199434827615
matched,-0.026150556483237504
matched,0.1383010071855473
matched,0.1974703246718902
matched,0.16519203016267597
matched,0.04630560110012165
matched,-0.0685611527098807
matched,0.05589388661795707
matched,0.07801343417781774
matched,0.20408163265306126
matched,0.15622709654020808
matched,0.15261921132762624
matched,0.14865242653892358
matched,0.02952043460849723
matched,0.16613650273141467
matched,0.10685762642709806
matched,0.04922213239238679
matched,0.1288222804856856
matched,0.10372197749888552
matched,0.07892390573408185
matched,0.10072233262057138
matched,0.16918526018330324
matched,0.16096079305472652
matched,0.06022334887305533
matched,0.1529970003551217
matched,0.05273557034809481
matched,0.20644659196518297
matched,0.18311811951733675
matched,0.0465020513944193
matched,0.11569033388994251
matched,0.060136457396731374
matched,0.2489743027903498
matched,0.14985001775608428
matched,0.034692366394910426
matched,0.2694353565195053
matched,0.23471654489267013
matched,-0.042973501877611474
matched,0.214474608799462
matched,0.24486773606147386
matched,0.21439149521341305
matched,0.18172030011560344
matched,0.20205290557541047
matched,0.11281158150042692
matched,0.16335975337932288
matched,0.14861464763617407
matched,0.002395182434321378
matched,0.12032202736703716
matched,0.14664636680292256
matched,0.12596997332809465
matched,0.11507453777512486
matched,0.12400547038511812
matched,0.036452863263039384
matched,0.21650333587711282
matched,-0.0011635902046860953
matched,0.156570884555229
matched,0.053793379625082176
matched,0.0949119373776908
matched,0.2438174825650364
matched,-0.02414071885696152
matched,0.06807758275468648
matched,0.18810493468027714
matched,0.27391593438560174
matched,0.2408178376867222
matched,-0.03666442511843686
matched,0.04200636196722302
matched,0.1889776273337917
matched,0.08941888491790645
matched,0.26096910441333143
matched,0.14270224935586973
matched,0.2019433467574368
matched,0.24451639226590302
matched,0.16735298339995014
matched,0.18516195815608733
matched,-0.04410309106982297
matched,0.038859379368185634
matched,0.32455099774082163
matched,0.2142101564802152
matched,0.0728452802816795
matched,0.1464612501794498
matched,0.042682604326439944
matched,0.1547612751135256
matched,0.04987570740995398
matched,0.23020574390437407
matched,0.19051522867569837
matched,0.16164081330421842
matched,0.214897732510257
matched,0.05882552947132204
matched,0.20297093291222448
matched,0.18892851476021733
matched,0.25348888166892086
matched,0.11177643956508929
matched,0.16692608179888024
matched,0.18667689215634423
matched,0.25667742106098274
matched,0.03886315725846059
matched,0.18070782552191555
matched,0.15654066143302936
matched,0.2185207292839387
matched,-0.06854226325850592
matched,0.19196971643155597
matched,0.058980422972595176
matched,0.15088515969142194
matched,-0.006263742075875147
matched,0.08068440260221081
matched,0.04565580397282941
matched,0.21459172339798563
matched,0.24118807093366781
matched,0.21530574465995211
matched,0.09844426478477358
matched,0.20070797663752654
matched,0.17662770402496433
matched,0.1603109959274343
matched,0.3012527484151751
matched,0.09032180069362064
matched,0.16231327777316037
matched,0.16753810002342293
matched,0.11123997914604569
matched,0.29422587250375903
matched,0.0686782673084043
matched,0.18396814482920157
matched,0.006547083846496763
matched,0.16779877445239483
matched,0.32735419232483814
matched,0.23388163114190513
matched,-0.024518507884457
matched,0.20521122184527274
matched,0.06611307981170995
matched,0.19268373769352243
matched,0.3033759227496996
matched,0.1291887358423562
matched,0.061488942115165215
matched,0.1774248388729798
matched,0.1317577012293255
matched,0.2301264082086
matched,0.1819847524348503
matched,0.1699823950313187
matched,0.2043611965334079
matched,0.20493165796492607
matched,0.2493558697081202
matched,0.20723994892292347
matched,0.19823723639770607
matched,0.2549244799734036
matched,0.0925356443947442
matched,0.18003536105297357
matched,0.12213541469901547
matched,0.2034922817701683
matched,-0.03109959274342836
matched,0.06197628996063439
matched,0.09981941684485716
matched,0.21144096290867329
matched,0.11697481658342716
matched,0.11691814822930284
matched,0.11661591700730645
matched,0.2092460086589245
matched,0.01621092716983128
matched,0.21948031341377724
matched,0.2390384513672185
matched,0.19499580654179482
matched,-0.0037476671527552153
matched,0.17129332295672806
matched,0.1629630749004526
matched,0.030725581606207825
matched,0.01059320433097341
matched,0.18859983830629623
matched,0.13519180348925944
matched,0.07363485934914507
matched,0.2993109128138482
matched,0.1720073442186945
matched,0.11672547582528014
matched,0.21161852375159618
matched,0.0739824252544409
matched,0.21161852375159618
matched,0.1003180983611512
matched,0.06036690870350361
matched,0.2475424823761419
matched,-0.08587900173027374
matched,0.2051469977105985
matched,0.1316405866308019
matched,-0.029905779416542624
matched,0.13758698592358082
matched,0.08355559921117652
matched,0.10760564870153912
matched,0.10653272786345193
matched,0.14626857777542707
matched,0.14577745203968295
matched,0.17708482874823386
matched,0.21239676914823685
matched,0.08793039614957424
matched,0.17662392613468936
matched,0.15186363327263525
matched,0.07009497616151236
matched,-0.06493060015564908
matched,0.17601190791014668
matched,0.2336549577254078
matched,0.018617443274977524
matched,0.17968779514767774
matched,0.08815706956607151
matched,0.10351797142403797
matched,-0.033116986150254255
matched,0.17345427619400225
matched,0.11227134319110836
matched,0.20634836681803415
matched,0.09719000521348858
matched,0.18869050767289514
matched,0.1510211637413203
matched,0.0624938609283032
matched,0.18894362632131714
matched,0.10480623200779758
matched,0.059838004065009935
matched,0.16477646223243092
matched,0.08592055852329825
matched,0.0725770500721577
matched,0.21875873637126084
matched,0.1434238263983861
matched,0.09229763730742205
matched,0.04122433868030737
matched,0.08937355023460698
matched,0.07351774475062146
matched,0.3448231569562294
matched,0.269208683103008
matched,0.1658342715094183
matched,0.26251803942606294
matched,0.1391472546071372
matched,0.13703163605316246
matched,0.013237727523441808
matched,0.24986588489523912
matched,0.22133525753878003
matched,0.09729578614118732
matched,0.1290829549146575
matched,-0.002225177371948409
matched,0.22323175845680737
matched,0.12924162630620556
matched,0.1591474057227482
matched,0.2051281082592237
matched,0.14599656967563035
matched,0.05462073759529728
matched,0.3297418189786096
matched,0.21408926399141662
matched,0.08239200900649042
matched,0.11026150556483238
matched,0.12654799054016275
matched,0.12499905552743128
matched,0.18418726246514897
matched,0.28188728286575643
matched,0.12164806685354632
matched,0.14865242653892358
matched,0.13649517563411886
matched,0.12977053094469926
matched,0.18116495024518509
matched,-0.12808936977234434
matched,0.16559248653182118
matched,0.10900346810327242
matched,0.2535077711202956
matched,0.0408541054333618
matched,0.1313383554088055
matched,0.3265872805990223
matched,0.15048848121255168
matched,0.2943316534314578
matched,0.1315423614836531
matched,0.18386236390150285
matched,0.057949058927532514
matched,0.0586026339450997
matched,0.16549048349439738
matched,0.14303092580979077
matched,0.2446372847547016
matched,0.1177077272967684
matched,0.15192785740730946
matched,0.2166128946950865
matched,0.12340478583140033
matched,0.18754202902930886
matched,0.2187700700420857
matched,0.0027540820104420883
matched,0.19844502036282863
matched,0.06903338899425004
matched,0.2600435212959675
matched,0.024934075814702035
matched,0.0523766707719741
matched,0.13833123030774694
matched,0.04157190458560321
matched,0.11154598825831703
matched,0.14615524106717842
matched,0.15698267459519907
matched,0.13485179336451353
matched,0.10008764705437896
matched,0.26657549358136445
matched,0.1332121889851831
matched,0.07914302337002924
matched,0.1094492591557171
matched,0.1851544023755374
matched,0.16390376957891636
matched,0.06946784637586986
matched,0.20461809307210485
matched,0.03760889768717557
matched,0.14488964782506858
matched,0.058685747531148705
matched,0.1366614028062169
matched,0.18514306870471256
matched,0.14492364883754316
matched,0.2439497087246598
matched,0.20841487279843446
matched,0.2673348495266304
matched,0.2597639574156208
matched,0.05404649827350415
matched,0.13349175286552978
matched,0.16582671572886837
matched,0.029970003551216862
matched,0.08422050789956857
matched,0.2654987948530023
matched,0.2354230103740867
matched,0.11823285404498712
matched,0.06614330293390959
matched,0.1068122917437986
matched,0.12849738192203944
matched,0.012610597737799304
matched,0.1964691837490272
matched,0.05715192407951704
matched,0.2425594451034764
matched,0.18824471662045048
matched,0.14478386689736983
matched,0.1720413452311691
matched,0.1664689570756107
matched,0.06152672101791476
matched,0.191550370611036
matched,0.11311759061269826
matched,0.10082433565799515
matched,0.09182162313277774
matched,0.19536981767901532
matched,0.006637753213095679
matched,0.13252461295514134
matched,0.2106211607190081
matched,0.12350301097854915
matched,0.09086959478348912
matched,0.11029172868703203
matched,0.09146650144693198
matched,0.13476490188818957
matched,0.21285389387150638
matched,-0.01756341188826512
matched,-0.0524522285774732
matched,0.14184844615372993
matched,0.14965356746178665
matched,0.08731460003475659
matched,0.2652305646434805
matched,0.19973705883686316
matched,0.10725052701569336
matched,0.06400501703828515
matched,0.21332613015587573
matched,0.1656982674595199
matched,0.22804856855737482
matched,0.24225343599120505
matched,0.03608263001609381
matched,-0.003158316269862258
matched,0.1753621107828544
matched,0.07464733394283297
matched,0.21723246870017907
matched,0.009055602989066786
matched,0.22423667726994537
matched,0.22665074915564154
matched,0.11017083619823345
matched,0.17385095467287248
matched,0.2878639052807351
matched,0.07420532078066325
matched,0.1060831589207323
matched,-0.06862537684455493
matched,0.08698970147111047
matched,0.16326152823217402
matched,-0.0243182796998844
matched,0.1986112475349266
matched,0.07413731875571405
matched,0.1839908121708513
matched,0.3369349220621236
matched,0.0694300674731203
matched,0.10777187587363712
matched,0.09664976690417003
matched,0.011371449727614112
matched,0.14654058587522384
matched,-0.052070661659702755
matched,0.14672948038897157
matched,0.06003067646903264
matched,0.21846028303953938
matched,0.14660858790017303
matched,0.12457970970691126
matched,0.052070661659702755
matched,0.13005387271532087
matched,0.24028137726767868
matched,0.12767757973237426
matched,0.08650613151591627
matched,0.13616649918019783
matched,0.09977786005183266
matched,0.14275136192944413
matched,0.09822892503910116
matched,0.037975353043846194
matched,0.05660412998964858
matched,0.11500653575017566
matched,0.33102630167209424
matched,0.23179245781985508
matched,0.27085206537261336
matched,0.26360984971552487
matched,0.11556566351086899
matched,0.08422428578984352
matched,0.1601863255483608
matched,0.22955972466735677
matched,0.15993698479021376
matched,0.15306122448979592
matched,0.17638214115709225
matched,0.24441438922847925
matched,0.10746964465164073
matched,0.1772057212370324
matched,0.2021511307225593
matched,0.17019017899644123
matched,-0.027484151750296566
matched,-0.02861751883278302
matched,0.0804350618440638
matched,0.283931121504507
matched,0.21871340168796138
matched,0.16867902288645928
matched,0.18471994499391758
matched,0.17426274471284256
matched,0.1740927396504696
matched,0.1556755245600647
matched,0.21945009029157758
matched,-0.05114507854233882
matched,0.11617768173541168
matched,0.17057930169476157
matched,0.1347762355590144
matched,0.22822990729057266
matched,0.22996018103650198
matched,0.2278483403728022
matched,0.1373036441529592
matched,0.15198074787115884
matched,0.2579845710961171
matched,0.05229733507620004
matched,0.03667575878926173
matched,0.2264920777640934
matched,0.20742884343667123
matched,0.17130843451782787
matched,0.1543419292930056
matched,0.17690349001503602
matched,0.14469697542104587
matched,0.10078277886497064
matched,0.22489780806806248
matched,0.12162162162162163
matched,0.00518326545723806
matched,0.22066279306983808
matched,0.12895828453558394
matched,0.12762846715879983
matched,0.15819537737345957
matched,0.1301747652041194
matched,0.20059841781955284
matched,0.1310776809798336
matched,0.13960437933040673
matched,0.20638236783050873
matched,0.09032935647417055
matched,0.21169408155709526
matched,0.26720262336700695
matched,0.1764539210723164
matched,0.13337086037673124
matched,0.1366840701478666
matched,0.10619271773870602
matched,0.1443682989671248
matched,0.10005364604190436
matched,0.12598508488919447
matched,0.0027578599007170436
matched,0.10213904147367944
matched,0.09072225706276588
matched,0.09290965553196473
matched,0.19978994930071253
matched,0.21198875699854175
matched,0.13434555606766957
matched,0.06158338937203908
matched,0.20619725120703594
matched,0.06311343493339579
matched,0.21720980135852935
matched,0.2436474775026634
matched,0.23820353761645346
matched,0.009395613113812722
matched,0.28284308910532
matched,0.19714542610824412
matched,0.10641183537465337
matched,0.08522164882243159
matched,0.14199578387445314
matched,0.12506705755238046
matched,-0.01596158641168426
matched,0.1765521462194652
matched,0.17306515349568188
matched,0.15390369402111084
matched,0.14325382133601314
matched,0.2206779046309379
matched,0.19790855994378503
matched,0.1804773742151433
matched,0.10764342760428865
matched,0.263182948114455
matched,0.11458718992965569
matched,0.075565361279647
matched,0.03456769601583692
matched,0.2554722740632721
matched,-0.013460623049664147
matched,0.2509312499527764
matched,0.08632857067299338
matched,0.18813893569275172
matched,0.02554231614896977
matched,0.12251320372651096
matched,-0.021322412711845196
matched,0.09481371223054197
matched,0.12068092694315785
matched,0.28349288623261226
matched,0.11829330028938641
matched,0.24615977453550839
matched,0.187115127428239
matched,0.075062901873078
matched,0.12694089112875806
matched,0.16433067117998626
matched,0.16822189816318975
matched,0.21665067359783602
matched,0.19725876281649274
matched,0.09291343342223969
matched,0.1647953516838057
matched,0.2426123355673258
matched,0.07347241006732201
matched,0.09968719068523375
matched,0.09861426984714657
matched,0.12439837097371344
matched,0.26164912466282325
matched,-0.04799054016275152
matched,0.06190073215513529
matched,0.17648414419451602
matched,-0.01963369575894038
matched,0.09640042614602301
matched,0.1651466954793765
matched,0.14699771059849337
matched,0.03602596166196949
matched,0.16693363757943014
matched,0.02328313776454677
matched,0.09164784018012981
matched,0.03296587053925606
matched,0.0642505799061572
matched,0.13601916145947457
matched,0.10818744380388215
matched,0.15955541787244332
matched,0.1247950494525837
matched,0.12613620050019267
matched,0.04905212733001384
matched,0.029527990389047142
matched,0.11124375703632064
matched,0.20966535447944448
matched,0.15883384082992694
matched,0.2617662392613469
matched,0.23399118995987878
matched,0.11804773742151432
matched,0.12243386803073693
matched,0.14058285291162
matched,0.09001579158134931
matched,0.29671928008522924
matched,0.09065047714754174
matched,0.1553052913131191
matched,0.21934053147360388
matched,0.20037174440305558
matched,0.18103650197583662
matched,0.11608323447853781
matched,0.045852254267127066
matched,0.03648686427551398
matched,0.15709978919372267
matched,0.05214621946520186
matched,0.12911695592713204
matched,0.13115701667560767
matched,0.13516535825733478
matched,0.02098240258709926
matched,0.056313232438477065
matched,0.08528965084738079
matched,0.2584832526124111
matched,0.11439073963535802
matched,0.21377192120832045
matched,0.06901827743315024
matched,0.10722408178376867
matched,0.22333753938450612
matched,-0.004261460230149076
matched,0.08539165388480457
matched,0.059883338748309395
matched,0.11264535432832888
matched,0.18871317501454488
matched,0.25203061602278826
matched,0.12606819847524348
matched,0.2442859409591308
matched,0.1907532357630205
matched,0.10280395016207149
matched,0.14689948545134454
matched,0.2209385790599098
matched,0.10666117613280039
matched,0.1517918533574111
matched,0.19501847388344454
matched,0.13621938964404717
matched,0.13227905008726926
matched,0.15639710160258105
matched,0.06836848030585799
matched,0.3335159313632895
matched,0.2243084571851695
matched,0.03547061179155112
matched,0.22342443086083008
matched,0.05617722838857868
matched,0.1757739008228245
matched,0.13908680836273793
matched,0.0752555742771007
matched,0.1230383304747297
matched,0.0695320705105441
matched,0.22439912655176844
matched,0.14289869965016735
matched,0.04195347150337366
matched,0.21305034416580404
matched,0.06433747138248117
matched,0.0832722574405549
matched,0.11167065863739054
matched,0.07849322624273701
matched,0.0017642747584039168
matched,0.18575886481953022
matched,0.15289121942742298
matched,0.19030366682030087
matched,0.14425496225887618
matched,0.10656672887592654
matched,0.01720073442186945
matched,0.13881857815321613
matched,0.1070125199283712
matched,0.19567204890101175
matched,0.09610197281430158
matched,0.13625716854679673
matched,0.02581432424876652
matched,0.14900754822476936
matched,0.03300364944200561
matched,0.10210881835147981
matched,0.027555931665520707
matched,0.1764690326334162
matched,0.13682762997831494
matched,0.14811596611988004
matched,0.042270814286469865
matched,0.31445647492614226
matched,0.1843270444053223
matched,0.07363108145887011
matched,0.09437169906837226
matched,0.020937067903799803
matched,-0.015357123967691483
matched,0.1303598818275922
matched,0.10434155150397811
matched,0.22201905567854688
matched,0.13434177817739462
matched,0.03045357350641108
matched,0.09647976184179707
matched,0.07809654776386674
matched,0.04643782725974507
matched,0.2935307406931673
matched,0.23415741713197682
matched,0.16808967200356634
matched,-0.007075988484990442
matched,0.06033668558130397
matched,0.25527582376897445
matched,0.02301112966475002
matched,0.1069709631353467
matched,0.09280765249454094
matched,0.13918503350988673
matched,0.015005780172120682
matched,0.0426523812042403
matched,0.251131478137349
matched,0.039112498016607614
matched,0.17697526993026014
matched,0.010113412266054144
matched,0.1780330792072475
matched,0.18284611141754
matched,0.21769714920399852
matched,0.07293972753855336
matched,0.14225268041315006
matched,0.18669578160771896
matched,0.09584129838532969
matched,0.15833893720390785
matched,0.12235831022523783
matched,0.13989149899130332
matched,0.11613612494238718
matched,0.014650658486274925
matched,0.14559611330648511
matched,0.1313307996282556
matched,0.1755132263938526
matched,0.22500736688603618
matched,-0.006633975322820724
matched,0.29963581137749434
matched,0.1742362994809179
matched,0.049660367664281564
matched,0.08125864192400396
matched,0.16032988537880905
matched,0.29573702861374096
matched,0.17532810977037983
matched,0.028107503645664115
matched,0.010302306779801887
matched,0.05041216782899757
matched,0.1345344505814173
matched,0.18275166416066613
matched,0.248199835283984
matched,0.22740254932035753
matched,0.12887517094953493
matched,0.11317048107654763
matched,0.15272121436504998
matched,0.10030676469032633
matched,0.12995186967789707
matched,0.017982757708785106
matched,0.182762997831491
matched,0.10817611013305731
matched,-0.00936916788188804
matched,0.20380206877271456
matched,0.34018768558885976
matched,0.09687644032066732
matched,0.166193171085539
matched,0.1821018670333739
matched,0.13290240198263684
matched,0.16183726359851605
matched,0.1056335899780127
matched,0.1919923837732057
matched,0.21209831581651542
matched,0.0747946716635562
matched,0.0929361007638894
matched,0.14526743685256405
matched,0.06317010328752012
matched,0.10896191131024789
matched,0.2329484922439913
matched,0.1721433482685929
matched,0.17974446350180204
matched,0.05048394774422171
matched,0.14065463282684418
matched,0.1351389130254101
matched,0.24813183325903482
matched,0.2238815555840996
matched,0.1778895193767992
matched,0.09212763224504908
matched,0.12080937521250634
matched,0.17383962100204764
matched,0.13338219404755608
matched,0.14329160023876267
matched,0.17971046248932745
matched,0.15087004813032212
matched,0.2053887826881956
matched,0.2369719453868182
matched,0.26840021458416763
matched,0.11223356428835882
matched,0.06510060521802205
matched,0.06439791762688045
matched,0.16333708603767313
matched,0.22683964366938925
matched,0.12388080000604464
matched,0.17064352582943582
matched,-0.055912776069331836
matched,0.0347528126393097
matched,0.18042826164156886
matched,0.13345397396278025
matched,0.16097590461582634
matched,0.33320992225101814
matched,0.017975201928235197
matched,0.1666351842477087
matched,0.18159562973652993
matched,0.35687084904306043
matched,0.11380894453301499
matched,0.17315204497200584
matched,0.2216148214191267
matched,0.1272470204224064
matched,-0.033135875601629027
matched,0.1519505247489592
matched,0.06958873886466842
matched,0.18656733333837053
matched,0.1415802159442081
matched,0.10173102932398433
matched,0.22755744282163068
matched,0.17201112210896946
matched,0.11522943127639801
matched,0.2530959810803255
matched,0.10701629781864616
matched,0.21400615040536763
matched,0.26523812042403044
matched,0.06682332318340146
matched,0.17696015836916032
matched,0.11030684024813185
matched,0.1265102116374132
matched,0.001703828514004639
matched,0.10134946240621388
matched,0.22552871574397995
matched,0.18335234871438397
matched,0.04267504854589003
matched,0.22143726057620383
matched,0.10061655169287265
matched,0.27077650756711424
matched,0.17267225290708657
matched,0.1283273768596665
matched,0.14272491669751944
matched,0.27177764848997726
matched,0.08695192256836093
matched,0.15216208660435665
matched,0.10561470052663789
matched,-0.03715932874445594
matched,0.12111916221505262
matched,0.07239193344868491
matched,0.2292121587620609
matched,0.2381355355915043
matched,0.07474178119970683
matched,0.00181338733197833
matched,0.11787395446886641
matched,0.17078330776960915
matched,0.13467423252159066
matched,0.14115331434313821
matched,0.2692426841154826
matched,0.1995066075300909
matched,0.16870546811838397
matched,0.130964344271585
matched,0.22576294494102717
matched,0.16910214659725425
matched,0.1410626449765393
matched,0.2489138565459505
matched,0.013653295453686844
matched,0.12477238211093396
matched,0.07176858155331736
matched,0.1006278853636975
matched,0.013774187942485399
matched,0.07269794256095626
matched,0.15375257841011267
matched,0.08786994990517495
matched,0.32549547030956033
matched,0.1283273768596665
matched,0.19897770289159722
matched,0.08106974741025622
matched,0.1492720005440162
matched,0.14760217304248616
matched,0.045372462202207794
matched,0.18747780489463464
matched,0.14825197016977842
matched,0.043509962296655054
matched,0.16913236971945386
matched,-0.02888197115202986
matched,0.006207073721750826
matched,0.1847463902258423
matched,0.20373028885749042
matched,0.15117983513286842
matched,0.19056434124927274
matched,0.0008046906285653838
matched,0.0059237319511292125
matched,0.2607613204482089
matched,0.14457230504197235
matched,0.12216941571149006
matched,0.0023385140801970546
matched,0.06579573702861374
matched,-0.054941858268668445
matched,-0.022909126627326238
matched,0.1734996108773017
matched,0.07292461597745355
matched,0.1609267920422519
matched,-0.011685014620435363
matched,0.08153442791407567
matched,0.014835775109747713
matched,0.19790855994378503
matched,0.18833538598704935
matched,0.16607983437729035
matched,0.06081647764622325
matched,0.20559278876304315
matched,0.19041700352854954
matched,0.02105040461204845
matched,0.1304014386206167
matched,0.04748808075618252
matched,0.17866020899289003
matched,0.09714844842046406
matched,0.10081677987744524
matched,0.13799499807327598
matched,0.12238475545716251
matched,0.12511994801622983
matched,0.13661606812291743
matched,0.12365412658954732
matched,0.1698161678592207
matched,-0.019690364113064702
matched,0.11569788967049242
matched,0.23170178845325617
matched,0.04188924736869943
matched,0.05228222351510022
matched,0.25197394766866393
matched,0.21396837150261808
matched,0.15072271040959886
matched,0.16711497631262798
matched,0.2009950962984231
matched,0.11684636831407869
matched,0.05202910486667826
matched,0.13420955201777118
matched,0.17682793220953688
matched,-0.05438650839825008
matched,0.3246945575712699
matched,0.22057590159351415
matched,0.1814709593574564
matched,0.10407709918473129
matched,0.13298551556868582
matched,0.17023173578946574
matched,0.06936206544817113
matched,0.18178452425027766
matched,0.28778456958496096
matched,0.1966202993600254
matched,0.12781358378227262
matched,0.2588799310912814
matched,0.027763715630643226
matched,0.1514896221354147
matched,0.11735260561092264
matched,0.14590212241875647
matched,-0.019501469599316958
matched,0.186446440849572
matched,0.11699370603480194
matched,0.24280878586162347
matched,0.15895095542845053
matched,0.1664614012950608
matched,0.13397910071099894
matched,0.12360879190624788
matched,0.12333678380645113
matched,0.0498492621780293
matched,0.16333708603767313
matched,0.1694988250761245
matched,0.25464113820278206
matched,0.08596211531632277
matched,0.19452357025742545
matched,0.028322843391336543
matched,0.1970623125221951
matched,0.14634413558092618
matched,0.17256647197938785
matched,0.019305019305019305
matched,0.10528224618244189
matched,0.09987608519898149
matched,0.14374116918148228
matched,0.15196185841978405
matched,0.09266787055436762
matched,0.1319163726208736
matched,-0.03740489161232801
matched,0.13124013026165668
matched,0.11100952783927344
matched,0.1324755003815669
matched,0.12686155543298402
matched,0.24205320780663248
matched,0.1670885310807033
matched,0.17866020899289003
matched,0.14973290315756072
matched,0.1182177424838873
matched,-0.025342087964397162
matched,0.19906081647764623
matched,0.09332144557193481
matched,0.0994718509395613
matched,0.19404755608278115
matched,0.053287142328238224
matched,0.12659332522346223
matched,0.2737912640065282
matched,0.17578523449364938
matched,0.14917377539686735
matched,0.09194251562157629
matched,0.10808166287618343
matched,0.11884109437925484
matched,0.2041496346780104
matched,0.2066694874914053
matched,0.1940248887411314
matched,0.26095399285223164
matched,0.24224588021065518
matched,0.08463985372008856
matched,0.09531994952738593
matched,0.0064375250285230706
matched,0.13206371034159683
matched,0.1434993842038852
matched,0.20033018761003102
matched,0.0668951030986256
matched,0.17979735396565144
matched,0.11295136344060022
matched,0.10740542051696651
matched,0.09285676506811537
matched,0.05307558047284074
matched,0.061606056713688816
matched,0.17044329764486318
matched,0.22294086090563586
matched,0.0782514412651399
matched,0.24603510415643487
matched,0.09039735849911976
matched,0.08141353542527711
matched,0.18513173503388766
matched,0.2045425352666057
matched,0.167198089898677
matched,0.12416036388639129
matched,0.12639687492916457
matched,0.18649933131342133
matched,0.08185177069717187
matched,-0.008541809911672926
matched,0.08321936697670554
matched,0.0916062833871053
matched,0.06281875949194932
matched,0.11811951733673848
matched,0.1051651315839183
matched,0.09213141013532403
matched,0.038904714051485094
matched,0.20258936599445404
matched,0.1650711376738774
matched,0.28693076638282117
matched,0.2428654542157478
matched,0.1408284157794921
matched,0.0544016199593499
matched,0.14563011431895972
matched,0.18626510211637415
matched,0.10822144481635675
matched,0.27742559445103476
matched,-0.008224467128576718
matched,0.18700934650054024
matched,0.12369568338257185
matched,0.13097567794240983
matched,0.14637058081285087
matched,0.2435908091485391
matched,0.14455719348087256
matched,0.20268003536105297
matched,0.23995270081375755
matched,0.1509720511677459
matched,0.16553581817769686
matched,0.2626049309023869
matched,0.048712117205267885
matched,0.22086302125441068
matched,0.22860014053751823
matched,0.11020861510098301
matched,0.027888386009716735
matched,0.27322458046528497
matched,0.15869783678002858
matched,0.12169340153684576
matched,0.21522640896417805
matched,0.03842869987684078
matched,0.07981170994869624
matched,0.07052187776258226
matched,0.10341596838661418
matched,0.12246031326266162
matched,0.028836636468730404
matched,0.24786360304951305
matched,0.08079396142018451
matched,0.019788589260213527
matched,0.18961986868053404
matched,-0.023819598183590352
matched,0.019138792132921294
matched,0.21036426418031115
matched,-0.0677073495077409
matched,0.09736756605641148
matched,0.17888310451911232
matched,0.19468979742952344
matched,0.06479837399602566
matched,0.08434895616891704
matched,0.21337146483917518
matched,0.1826345495621425
matched,0.04597314675592562
matched,0.21703224051560646
matched,0.19295952368359415
matched,0.1477986233367838
matched,0.1111719771210965
matched,-0.011666125169060591
matched,0.3000400456369145
matched,0.26138845023385143
matched,0.031802280334569964
matched,0.0776658682725219
matched,0.1487695411374472
matched,0.17868287633453972
matched,0.06929028553294699
matched,0.23127488685218628
matched,0.2550793734746768
matched,0.11865219986550711
matched,0.1852375159615864
matched,-0.0003664553566706209
matched,0.1944177893297267
matched,0.06936206544817113
matched,-0.009799847373232893
matched,0.26940513339730565
matched,0.14897732510256972
matched,0.09262253587106817
matched,0.205022327331525
matched,0.1413308751860611
matched,0.05344959161006127
matched,-0.05751837943618766
matched,0.20680171365102873
matched,0.1795140121950298
matched,0.18816160303440146
matched,0.023521144851868923
matched,0.05047639196367181
matched,0.1997597261785129
matched,0.17607613204482092
matched,0.14297803534594142
matched,0.1618825982818155
matched,0.24672645807675161
matched,0.20035285495168076
matched,0.07722385511035217
matched,0.20356783957566735
matched,0.05423161489697693
matched,0.20324294101202126
matched,0.28694210005364607
matched,0.21108961911310248
matched,0.25639785718063607
matched,0.20039063385443037
matched,0.13893191486146478
matched,-0.0010238082645127656
matched,0.2518757225215151
matched,0.16555848551934657
matched,0.10838389409817982
matched,0.2581356867071153
matched,0.2137908106596952
matched,0.1407037454004186
matched,0.2894279518545664
matched,0.11944177893297267
matched,0.09054847411011795
matched,0.13125901971303147
matched,0.06772623895911567
matched,0.05074462217319361
matched,0.003547438968182608
matched,0.13782121512062806
matched,0.10579603925983572
matched,0.10811188599838306
matched,0.17542633491752865
matched,0.29014575100680773
matched,0.1407944147670175
matched,0.24979032708974
matched,0.17076819620850933
matched,0.1424680201588225
matched,0.24164897354721232
matched,0.17617435719196972
matched,0.14763617405496077
matched,0.17848264814996712
matched,0.08398627870252136
matched,0.10884857460199926
matched,0.16556981919017144
matched,0.057620382473611446
matched,0.15317078330776962
matched,0.12983853296964842
matched,0.3214342382639839
matched,0.1824192098164701
matched,0.1621017159177629
matched,0.12176895934234486
matched,0.16324263878079925
matched,0.05231622452757482
matched,0.09530106007601115
matched,0.04536490642165789
matched,0.12984231085992337
matched,0.04955080884630786
matched,0.13614760972882303
matched,0.15342767984646655
matched,0.021405526297894203
matched,0.07539913410754898
matched,0.13314796485050887
matched,0.061726949202487356
matched,-0.0052210443599876085
matched,0.08985334229952627
matched,0.11873531345155612
matched,0.008402027971499595
matched,0.13757565225275598
matched,0.010627205343448005
matched,0.1948182456988719
matched,0.04854966792344484
matched,0.09411858041995029
matched,0.16661629479633394
matched,0.18000136004049896
matched,0.20807864056396347
matched,0.1906701221769715
matched,-0.0028863081700655087
matched,0.017366961593967466
matched,0.06544439323304294
matched,0.08109619264218092
matched,0.1950978095792186
matched,0.13664629124511707
matched,0.1074318657488912
matched,0.11843308222955973
matched,0.2404778275619763
matched,0.1710855389916055
matched,0.1311796840172574
matched,0.15245298415552816
matched,0.1589396217576257
matched,0.2764546766503714
matched,0.1499671323546079
matched,0.24763315174274078
matched,0.22751966391888115
matched,0.01689472530959811
matched,0.17880754671361324
matched,0.21267255513830857
matched,0.0007933569577405195
matched,0.07861789662181051
matched,-0.026611459096781993
matched,0.1456981163439089
matched,0.1757398998103499
matched,0.10897324498107276
matched,0.1371374169808612
matched,-0.11538432477767116
matched,0.09321566464423608
matched,-0.04797165071137674
matched,0.20580057272816568
matched,0.11452296579498145
matched,0.039350505103929755
matched,0.239918699801283
matched,0.2331222751966392
matched,0.05078617896621811
matched,0.22765944585905448
matched,0.16383576755396717
matched,0.09715978209128893
matched,0.1743269688475168
matched,0.17142932700662644
matched,0.047363410377109
matched,0.21174697202094464
matched,0.13103612418680913
matched,0.09649109551262193
matched,-0.00881759590174463
matched,0.10592070963890925
matched,0.025474314124020583
matched,0.08165532040287422
matched,0.06032912980075406
matched,0.18937808370293693
matched,0.16229438832178558
matched,-0.024167164088886202
matched,0.09886738849556855
matched,0.037896017348072145
matched,0.20130488330096943
matched,0.18134628897838292
matched,0.1567522232884268
matched,0.032829866489357686
matched,0.022954461310625694
matched,0.25424823761418675
matched,0.13371087050147715
matched,0.23173578946573078
matched,0.043351290905106955
matched,0.0915231698010563
matched,0.13644606306054446
matched,0.17399451450332076
matched,0.24827161519920815
matched,0.18762892050563285
matched,0.09621530952255022
matched,0.08865952897264051
matched,0.20833931499293534
matched,0.1188184270376051
matched,0.1842741539414729
matched,0.14367694504680806
matched,0.13150836047117848
matched,0.11331781879727086
matched,0.12608708792661827
matched,0.18011469674874764
matched,0.03128470936690114
matched,0.2862696355847041
matched,0.08482119245328638
matched,0.12012935496301445
matched,0.1973418764025418
matched,0.15549040793659188
matched,0.11748860966082102
matched,0.12079426365140651
matched,0.181338733197833
matched,0.1682596770659393
matched,0.16902658879175514
matched,0.08470029996448783
matched,0.0854143212264543
matched,-0.010037854460555048
matched,0.11538810266794612
matched,0.1824532108289447
matched,0.11869375665853162
matched,0.33964366938926627
matched,0.2922802590121572
matched,0.1272393444604795
matched,0.10210881835147981
matched,0.2568549819039056
matched,0.16626495100076313
matched,0.19577782982871045
matched,0.07738252650190029
matched,0.15250209672910262
matched,0.0973486766050367
matched,0.12644976539301392
matched,0.343595342616869
matched,0.025538538258694815
matched,0.09923384385223916
matched,0.09530483796628612
matched,0.2025780323236292
matched,0.2832813243772148
matched,0.13816500313564892
matched,0.15166340508806261
matched,0.09783602445050588
matched,0.0650363810833478
matched,0.044783111319314846
matched,0.1521167519210572
matched,0.19249862107004967
matched,0.11581122637874106
matched,0.36283613778721413
matched,0.0844774044382655
matched,0.11347649018881896
matched,0.22999040415870162
matched,0.17788574148652425
matched,0.07048409885983271
matched,0.07074855117907956
matched,0.17685059955118662
matched,0.18954808876530987
matched,0.21810138346341873
matched,0.20843376224980922
matched,0.17598924056849694
matched,-0.014423985069777634
matched,0.2017242291214894
matched,0.16515802915020136
matched,0.11227134319110836
matched,0.15143295378129037
matched,0.20369250995474086
matched,0.07888990472160727
matched,0.11318559263764744
matched,0.08546343380002872
matched,0.2978413134968908
matched,0.26559324210987617
matched,0.08596967109687267
matched,0.159581863104368
matched,0.12967608368782538
matched,0.09762068470483343
matched,0.19849035504612805
matched,0.16642362239231126
matched,0.06401635070911
matched,0.11714482164580012
matched,0.15429659460970616
matched,0.10784743367913623
matched,0.13723942001828499
matched,0.22964661614368073
matched,0.23014151976969982
matched,0.1498160167436097
matched,0.07489289681070505
matched,0.1618825982818155
matched,0.08293980309635887
matched,0.0775487536739983
matched,0.06442436285880512
matched,0.041360342730205744
matched,0.021428193639543933
matched,0.16126680216699787
matched,0.021341302163219972
matched,0.03187406024979411
matched,0.2102320380206877
matched,0.025372311086596804
matched,0.11676703261830462
matched,0.06764312537306666
matched,0.1971718713401688
matched,0.0991960649494896
matched,0.12751513045055118
matched,-0.04423531722944639
matched,0.09532372741766088
matched,-0.03095981080325503
matched,-0.012153473014529766
matched,0.07242215657088455
matched,0.12502550075935595
matched,0.11095285948514912
matched,0.1495893433271124
matched,0.10391842779318318
matched,0.27766360153835695
matched,0.13498401952413694
matched,0.10381264686548443
matched,0.23713439466864122
matched,0.191467257024987
matched,0.12198052119774233
matched,0.010918102894619528
matched,0.14901510400531928
matched,0.10361997446146173
matched,0.06909761312892429
matched,0.07757142101564803
matched,0.24017937423025487
matched,0.11519165237364845
matched,0.1114817641236428
matched,0.0688293829194025
matched,0.17716794233428285
matched,0.07760542202812261
matched,0.1427211388072445
matched,0.17292537155550852
matched,0.1581349311290603
matched,0.21662422836591133
matched,0.14491231516671832
matched,0.1180666268728891
matched,0.020634836681803412
matched,0.19606494948960704
matched,0.24314879598636938
matched,-0.0022742899455228224
matched,0.21617088153291678
matched,0.2140665966497669
matched,0.06269786700315076
matched,0.2049203242941012
matched,0.08411094908159487
matched,0.14881865371102163
matched,0.15533551443531873
matched,0.18752691746820904
matched,0.05572010366530915
matched,0.13915103249741215
matched,0.08948310905258068
matched,0.124436149876463
matched,0.21295589690893016
matched,0.36072807501378934
matched,0.13672562694089113
matched,0.18134251108810795
matched,0.18727002092951212
matched,0.1644628973396097
matched,0.06349877974144119
matched,0.22075724032671196
matched,0.23068931385956826
matched,0.02756348744607062
matched,0.20315227164542232
matched,0.03457147390611187
matched,0.19551715539973857
matched,0.32503456769601585
matched,0.24945031696499403
matched,0.08302291668240787
matched,0.15300455613567157
matched,0.23403652464317826
matched,0.08471541152558765
matched,0.0935065621954076
matched,0.1521507529335318
matched,0.10235438121935186
matched,0.17942712071870587
matched,0.09340078126770887
matched,0.07885212581885773
matched,0.23841509947185094
matched,0.24927653401234615
matched,0.0909715978209129
matched,0.33448307127367793
matched,0.019595916856190828
matched,0.024390059615108543
matched,0.1246363780610356
matched,-0.039732072021700204
matched,0.02150752933531799
matched,-0.06541794800111825
matched,0.24024359836492906
matched,0.2219963883368971
matched,0.2800247829602037
matched,0.1523358695570046
matched,0.06847048334328178
matched,0.12851249348313928
matched,0.22824124096139753
matched,0.18722846413648764
matched,0.08606411835374654
matched,-0.04772986573377963
matched,0.2104700451080099
matched,0.07421665445148812
matched,0.1313648006407302
matched,0.04619604228214796
matched,0.1128606940740013
matched,0.21308434517827865
matched,0.1686110208615101
matched,0.04567469342420419
matched,0.026509456059358213
matched,0.050287497449924064
matched,0.09352167375650743
matched,0.220001662271721
matched,0.10270194712464771
matched,0.2417396429138112
matched,0.12094160137212974
matched,0.14699393270821842
matched,0.265438348608603
matched,0.22206439036184636
matched,0.15944208116419467
matched,0.26435409409969096
matched,0.039588512191251916
matched,0.23111999335091313
matched,0.17289514843330892
matched,0.19044722665074917
matched,0.1234387868438749
matched,0.0922674141852224
matched,0.29064443252310185
matched,0.027227255211599636
matched,0.1481650786934544
matched,0.1762272476558191
matched,0.0026860799854929018
matched,0.07014031084481183
matched,0.03860248282948871
matched,0.19938193715101737
matched,0.1069785189158966
matched,0.18512795714361274
matched,0.1236314592478976
matched,0.062429636793628965
matched,0.13267572856613952
matched,-0.020540389424929542
matched,0.04166257395220213
matched,0.08971356035935293
matched,0.0455651346062305
matched,0.11849730636423396
matched,0.17119131991930425
matched,-0.000596906663442867
matched,0.19309930562376748
matched,0.1215233964744728
matched,0.06457170057952837
matched,0.13407732585814777
matched,0.1463932481545006
matched,0.04523645815230943
matched,0.13536180855163243
matched,0.14563767009950962
matched,0.2964661614368072
matched,0.04375174727425217
matched,0.2155059728445247
matched,0.09598485821577799
matched,0.1127700247074024
matched,0.14450808090729814
matched,0.20932534435469854
matched,0.03932028198173012
matched,0.02471495817875466
matched,0.025311864842197527
matched,0.24439172188682956
matched,0.037155550854180985
matched,0.18310678584651188
matched,0.15379413520313717
matched,0.0820331094303697
matched,0.14861464763617407
matched,-0.037850682664772685
matched,0.15055648323750084
matched,0.004469244195271592
matched,0.06766201482444144
matched,0.09438303273919713
matched,0.11465896984487982
matched,0.22670363961949092
matched,0.011802129218958965
matched,0.291464234712767
matched,0.0777074250655464
matched,0.17352227821895141
matched,-0.02285245827320191
matched,0.30096562875427846
matched,0.08534254131123015
matched,0.14191267028840412
matched,0.1567522232884268
matched,0.2467529033086763
matched,0.13638939470642014
matched,0.22240062259631732
matched,0.2303115248320728
matched,0.043944419678274865
matched,0.1614556966807456
matched,0.1428722544182427
matched,0.21307678939772876
matched,0.20058330625845303
matched,0.12276632237493294
matched,-0.0002720080997967495
matched,0.19947260651761628
matched,0.14634791347120113
matched,0.09872382866512025
matched,0.18427793183174787
matched,0.2973464098708717
matched,0.15790447982228806
matched,0.1842099298067987
matched,0.09793047170737973
matched,0.2547884759235053
matched,0.10382775842658425
matched,0.08973622770100265
matched,0.17206401257281884
matched,-0.05025349643744947
matched,-0.11555810773031908
matched,0.08348004140567743
matched,0.1704092966323886
matched,0.31269975594828825
matched,0.2950985651572735
matched,0.1327286190299889
matched,0.28549516807833836
matched,0.1072051923323939
matched,0.16427778071613688
matched,0.1845952746148441
matched,0.15131206129249183
matched,0.14165199585943225
matched,0.32607348752162846
matched,0.2862243009014046
matched,0.22287285888068667
matched,0.03593151440509562
matched,0.21988076978292243
matched,0.24904608270557393
matched,0.12076026263893191
matched,0.12568285366719809
matched,0.1372809768113095
matched,0.07487022946905529
matched,0.07820610658184043
matched,-0.006807758275468648
matched,0.08736749049860597
matched,0.2387022191327475
matched,0.21354146990154818
matched,0.1781161927932965
matched,0.12694466901903304
matched,0.14747750266341264
matched,0.11624568376036086
matched,0.18125939750205894
matched,0.1650975829058021
matched,-0.04955458673658283
matched,0.005039705626789776
matched,0.1633748649404227
matched,0.011454563313663119
matched,0.0037703344944049443
matched,0.08627190231886905
matched,0.1821509796069483
matched,0.11126264648769542
matched,0.24273322805612435
matched,-0.0431208395983347
matched,0.10478356466614784
matched,0.13377131674587645
matched,0.02539497842824653
matched,0.12204474533241656
matched,0.055021193964442494
matched,0.10433021783315327
matched,0.06962651776741796
matched,0.16908325714587946
matched,0.1321014892443464
matched,0.16300085380320214
matched,0.14403584462292876
matched,0.19676008130019876
matched,0.086695026029664
matched,0.14474608799462027
matched,0.2781282820421764
matched,0.17915511261890912
matched,0.11253201762008025
matched,0.05390293844305586
matched,0.13972149392893032
matched,0.19727387437759256
matched,0.051160190103438634
matched,0.10972882303606375
matched,0.18196964087375048
matched,0.1347762355590144
matched,0.027302813017098734
matched,0.224350013978194
matched,0.11643835616438357
matched,0.2106551617314827
matched,0.14631013456845157
matched,0.26660949459383904
matched,0.3180076917845998
matched,0.1573717972935194
matched,0.11967978602029483
matched,0.1223016418711135
matched,0.18192430619045102
matched,0.1397063823678305
matched,0.12943429871022827
matched,0.1762272476558191
matched,0.05057083922054568
matched,0.07195747606706511
matched,0.10622294086090564
matched,0.19694897581394646
matched,0.1447611995557201
matched,0.0659241852979622
matched,0.06703488503879894
matched,0.16695252703080493
matched,0.004246348669049257
matched,0.13147058156842892
matched,0.130877452795261
matched,0.17866398688316498
matched,0.12614753417101754
matched,0.11260379753530438
matched,0.1127700247074024
matched,0.10075633363304595
matched,0.06876515878472825
matched,0.17455742015428904
matched,0.011938133268857341
matched,0.22393822393822396
matched,0.05845151833410151
matched,0.1918488239427574
matched,0.20071175452780152
matched,0.1884033880119986
matched,0.15767402851551582
matched,0.038409810425466005
matched,0.09009890516739832
matched,0.27126007752230846
matched,0.19810501023808266
matched,0.060763587182373874
matched,0.28418424015292904
matched,0.07627560465133851
matched,-0.005870841487279844
matched,0.11268691112135339
matched,0.1813160658561833
matched,0.19248728739922474
matched,0.030310013675962793
matched,0.11488564326137712
matched,0.3408299269356021
matched,0.07295861698992814
matched,0.09268298211546744
matched,0.13280795472576296
matched,0.20251758607922996
matched,0.09504794142758917
matched,0.06895027540820105
matched,0.2809881449803172
matched,0.3103536860875413
matched,0.08988734331200085
matched,0.21696423849065727
matched,0.17267225290708657
matched,0.14566789322170925
matched,0.14187866927592957
matched,0.20178089747561373
matched,0.07844789155943754
matched,0.23619369999017753
matched,0.08253179094666374
matched,0.15295922145237215
matched,0.12789291947804668
matched,0.19619717564923042
matched,0.16303485481567676
matched,0.138327452417472
matched,0.263594738154425
matched,0.20590635365586443
matched,0.08495719650318477
matched,0.205774127496241
matched,0.16035633061073376
matched,0.2632093933463796
matched,0.25390822748944075
matched,0.2746828461114175
matched,0.10959659687644031
matched,0.18886051273526813
matched,0.05157953592395863
matched,0.12864849753303764
matched,0.13273239692026384
matched,0.14441363365042426
matched,0.22842635758487034
matched,0.29501545157122455
matched,0.052119774233277176
matched,0.09771513196170731
matched,0.1310059010646095
matched,0.08414117220379451
matched,0.10033698781252598
matched,0.15572841502391405
matched,0.20404385375031167
matched,0.11466652562542973
matched,0.09732600926338694
matched,0.22079124133918654
matched,0.09465126294871892
matched,0.1099252733303614
matched,0.04972459179895579
matched,0.08964933622467869
matched,0.1802847018111206
matched,0.08703503615440993
matched,0.00776734240530718
matched,0.17972179616015235
matched,0.1765785914513899
matched,0.1382330051605981
matched,0.08259979297161292
matched,-0.0020136155165509373
matched,0.25422179238226206
matched,0.07542935722974861
matched,0.2525897437834816
matched,0.35181980974544574
matched,0.15944585905446962
matched,0.15157651361173866
matched,0.11510476089732448
matched,0.21696046060038235
matched,0.022746677345503178
matched,0.24237810637027857
matched,0.13269084012723933
matched,0.014673325827924653
matched,0.16729631504582582
matched,0.13409621530952257
matched,0.20183001004918816
matched,0.1290716212438326
matched,0.10138346341868847
matched,0.15584930751271261
matched,0.11917354872345087
matched,0.10283039539399617
matched,0.08522164882243159
matched,0.11094530370459921
matched,0.1468012603041957
matched,0.04570491654640382
matched,0.06046513385065244
matched,0.07244482391253429
matched,0.12176518145206991
matched,-0.061549388359564486
matched,0.041084556740134046
matched,0.1098572713054122
matched,0.1600352099373626
matched,0.18668067004661915
matched,0.24315257387664432
matched,0.17981246552675126
matched,0.17408140597964472
matched,0.09618130851007564
matched,0.21029248426508698
matched,0.11717882265827473
matched,0.3321596687545807
matched,0.027918609131916374
matched,0.03592018073427076
matched,0.17607990993509584
matched,0.11922643918730025
matched,0.14637058081285087
matched,0.2786118519973706
matched,0.02974710802499452
matched,0.1939417751550824
matched,0.10178014189755873
matched,0.2726087843504673
matched,0.12621175830569176
matched,0.19075701365329545
matched,0.14362783247323363
matched,0.12361634768679779
matched,0.042610824411215796
matched,0.06986074696446516
matched,0.0951386107941881
matched,0.11133442640291955
matched,-0.023449364936644783
matched,0.08298513777965832
matched,0.16083234478537808
matched,0.039471397592728316
matched,0.18930252589743785
matched,0.21691512591708284
matched,0.1849957309839893
matched,0.03464703171161097
matched,0.14023906489659915
matched,0.1348631270353384
matched,0.137322533604334
matched,-0.03581439980657202
matched,0.08214644613861835
matched,0.17504854589003319
matched,0.08560321574020203
matched,0.18240787614564521
matched,0.1736885053910494
matched,0.037960241482746376
matched,0.07555024971854718
matched,0.2310028787523895
matched,0.10393731724455794
matched,0.1172543804637738
matched,0.20108198777474706
matched,0.20032640971975613
matched,0.23289182388986696
matched,0.2357063521447083
matched,0.20458786994990522
matched,0.12767757973237426
matched,0.16949504718584954
matched,0.10890146506584863
matched,0.05480207632849511
matched,0.16058300402723102
matched,0.11460985727130542
matched,0.10893924396859818
matched,0.13043166174281634
matched,-0.06943384536339527
matched,0.3037612675577451
matched,0.07285661395250437
matched,0.17074930675713454
matched,0.20832042554156058
matched,0.1374963165569819
matched,0.12799492251547048
matched,0.29259382390497846
matched,0.168867917400207
matched,0.08799084239397352
matched,0.22126725551383086
matched,0.09433392016562271
matched,0.1675078769012233
matched,0.2895223991114402
matched,0.1874400259918851
matched,0.23209846693212643
matched,0.04577669646162797
matched,0.11859930940165773
matched,0.23299004903701576
matched,0.20727394993539808
matched,0.2000355121685846
matched,0.1861177643956509
matched,0.033891453656619996
matched,0.16235483456618485
matched,0.1107790765325012
matched,-0.0008764705437895262
matched,0.026656793780081452
matched,0.20731928461869753
matched,0.21229098822053816
matched,0.12598130699891952
matched,0.15065848627492465
matched,0.15882628504937701
matched,0.07933569577405195
matched,0.07584870305026861
matched,0.3152384982130579
matched,0.0709865582664017
matched,0.2684871060604916
matched,0.19908726170957092
matched,0.12085093200553082
matched,0.2261180666268729
matched,0.16091545837142707
matched,0.07933569577405195
matched,0.10141746443116306
matched,0.13059033313436447
matched,0.09131916372620874
matched,0.15245676204580313
matched,0.06754867811619279
matched,0.10421310323462965
matched,0.13742075875148282
matched,0.05110729963958927
matched,-0.03510037854460555
matched,0.07162502172286908
matched,0.1984261309114538
matched,0.2982342140854861
matched,0.3000136004049898
matched,0.16299329802265222
matched,0.09032557858389562
matched,0.16979727840784592
matched,0.18471616710364266
matched,0.3173918956697822
matched,0.024828294887003305
matched,0.0597322231373112
matched,0.03595418174674535
matched,-0.01098988280984367
matched,0.2549358136442285
matched,0.05144353187406025
matched,0.2573914423229492
matched,0.07848189257191214
matched,0.20626525323198514
matched,0.17502210065810847
matched,0.18503350988673886
matched,0.1785015376013419
matched,0.09584129838532969
matched,0.17242669003921451
matched,0.12750001888945137
matched,0.16068878495492978
matched,0.11405450740088705
matched,0.09368790092860543
matched,0.09189340304800188
matched,0.15699400826602392
matched,0.25744433278679857
matched,0.3201535334607742
matched,0.23835087533717672
matched,0.023551367974068562
matched,0.0948703805846663
matched,-0.034223908000816025
matched,0.16796122373421787
matched,0.16366198460131923
matched,0.04916924192853743
matched,0.036977990011258115
matched,0.23387785325163019
matched,0.2521703979629616
matched,0.013400176805264867
matched,0.21042471042471042
matched,0.10389198256125849
matched,0.14541855246356225
matched,0.07159857649094441
matched,0.16611383538976496
matched,0.19386243945930834
matched,0.14972912526728574
matched,0.05606011379005508
matched,0.041855246356224826
matched,0.20759884849904417
matched,0.1042017695638048
matched,0.10893924396859818
matched,0.14699393270821842
matched,0.1889474042115921
matched,0.14097197560994038
matched,0.08756016290262866
matched,0.24983188388276453
matched,0.22729676839265878
matched,0.08594322586494799
matched,0.2844260251305261
matched,0.21801449198709472
matched,0.13780232566925327
matched,0.12602286379194402
matched,0.06108092996547008
matched,0.15830493619143324
matched,0.1248290504650583
matched,0.19809367656725776
matched,0.13628361377872142
matched,0.106275831324755
matched,0.10349530408238825
matched,0.1087692389062252
matched,0.22857747319586852
matched,0.21915919274040604
matched,-0.03206295476354185
matched,0.21773115021647313
matched,0.17174289189944766
matched,0.017861865219986547
matched,0.1040846549652812
matched,0.13776076887622876
matched,0.06991363742831454
matched,0.2869874347369455
matched,0.08273957491178625
matched,0.2449735169891726
matched,0.061621168274788626
matched,0.05780172120680927
matched,0.0036834430180809827
matched,-0.0996494117824842
matched,0.13737920195845832
matched,0.11195400040801215
matched,0.06019312575085569
matched,0.16307263371842626
matched,0.1144511858797573
matched,0.208535765287233
matched,0.17597412900739712
matched,0.01165856938851068
matched,0.10740542051696651
matched,0.24640533740338044
matched,0.1728800368722091
matched,0.10290973108977022
matched,-0.00714399050993963
matched,0.07203303387256421
matched,0.12834626631104126
matched,0.05378582384453226
matched,0.016679385563925682
matched,0.18713779476988873
matched,0.15424748203613173
matched,0.0940921351880256
matched,0.23810531246930466
matched,0.11679725574050427
matched,0.06801335862001223
matched,0.14594367921178097
matched,0.17129332295672806
matched,0.3136933410906014
matched,0.12122872103302632
matched,0.21286522754233125
matched,0.19750432568436482
matched,0.20323538523147133
matched,0.0212468549063461
matched,0.09589796673945403
matched,0.03946384181217841
matched,0.23776152445428375
matched,0.09007623782574858
matched,0.1315423614836531
matched,0.22746677345503177
matched,0.20771218520729284
matched,0.17243046792948946
matched,0.17546789171055313
matched,0.15607975881948485
matched,0.16687319133503087
matched,0.11870886821963143
matched,0.15957808521409303
matched,0.22556649464672948
matched,0.2418945364150844
matched,0.21318257032542748
matched,0.06045757807010254
matched,0.23121066271751203
matched,0.1661591700730644
matched,0.07815699400826602
matched,0.1751543268177319
matched,0.17555856107715206
matched,0.22971084027835498
matched,0.12901873077998324
matched,0.018715668422126346
matched,0.12376368540752102
matched,0.14471586487242064
matched,0.24940120439141966
matched,0.17980868763647628
matched,0.24985455122441425
matched,0.08189332749019639
matched,0.18991454412198053
matched,0.10330640956864048
matched,0.20655615078315667
matched,0.13190503895004874
matched,0.2617095709072226
matched,0.12080937521250634
matched,0.27845318060582247
matched,0.1470959357456422
matched,-0.06177983966633673
matched,0.2344369810123235
matched,0.16352598055142087
matched,0.03872715320856221
matched,0.17533944344120472
matched,0.22696809193873774
matched,0.10736008583366705
matched,0.25926149800905185
matched,0.17394917982002128
matched,0.2647394389077364
matched,0.18149740458938113
matched,0.023022463335574884
matched,0.19725876281649274
matched,0.11326115044314654
matched,0.2665679378008145
matched,0.10975149037771348
matched,0.17884154772608785
matched,0.10982327029293763
matched,0.10111523320916667
matched,0.18560397131825704
matched,0.08701614670303516
matched,-0.027329258249023415
matched,0.10818366591360722
matched,0.17932511768128206
matched,0.16590227353436748
matched,0.08775283530665136
matched,0.14246046437827262
matched,0.2037491783088652
matched,0.19663541092112521
matched,-0.03748800519837702
matched,0.09444725687387136
matched,0.056033668558130405
matched,0.13583404483600178
matched,0.11893554163612872
matched,0.14618546418937808
matched,0.10697474102562166
matched,-0.0013713741698086121
matched,0.019123680571821473
matched,0.04932791332008553
matched,0.040463132006240236
matched,0.18540374313368443
matched,0.16173148267081733
matched,0.013917747772933682
matched,0.06407301906323433
matched,0.07435265850138649
matched,0.14839553000022665
matched,0.12235075444468789
matched,-0.00014355983044828447
matched,0.17223779552546675
matched,0.16085501212702777
matched,0.13427755404272038
matched,0.028489070563434554
matched,0.2142366017121399
matched,0.07909391079645484
matched,0.06105070684327045
matched,0.1265177674179631
matched,0.20848287482338362
matched,0.2668815026936358
matched,0.11562988764554323
matched,0.07280750137892995
matched,0.1380592222079502
matched,0.13456467370361697
matched,0.15704312083959834
matched,0.1336655358181777
matched,0.06898049853040068
matched,0.22820346205864797
matched,0.13278150949383827
matched,0.1375643185819311
matched,0.08352537608897688
matched,0.16215460638161225
matched,0.05249000748022275
matched,0.17145955012882605
matched,0.20593279888778912
matched,0.20966535447944448
matched,0.1902847773689261
matched,-0.05307558047284074
matched,0.014703548950124294
matched,0.042799718924963544
matched,-0.07195369817679015
matched,0.05078617896621811
matched,0.07779809443214532
matched,0.19157303795268568
matched,0.1603941095134833
matched,0.18182608104330217
matched,0.18492395106876516
matched,0.1527778827191743
matched,-0.021968431948862478
matched,0.06289809518772337
matched,0.11714104375552516
matched,0.2739990479716507
matched,0.1938322163371087
matched,0.21741758532365188
matched,-0.090627809805892
matched,0.17824086317237
matched,0.1077907653250119
matched,0.07604137545429132
matched,0.18831271864539967
matched,0.06433747138248117
matched,0.10171969565315946
matched,0.14588323296738168
matched,0.16077945432152868
matched,0.14592478976040624
matched,0.13955904464710728
matched,0.06355544809556551
matched,0.012470815797625974
matched,0.10940014658214267
matched,-0.04461310625694187
matched,0.061927177387059974
matched,0.14540344090246246
matched,0.3214757950570084
matched,0.2675690787236776
matched,0.0979418053782046
matched,0.045754029119978244
matched,0.13090012013691074
matched,0.27574065538840487
matched,0.09688777399149219
matched,0.07066165970275559
matched,0.0874317146332802
matched,0.22963906036313084
matched,-0.07790387535984404
matched,0.11397139381483803
matched,-0.009652509652509652
matched,0.14587567718683178
matched,0.08957000052890465
matched,0.1367974068561153
matched,0.18713779476988873
matched,0.27034205018549445
matched,0.10094522814679371
matched,0.08765461015950253
matched,0.10463244905514964
matched,0.19522247995829212
matched,0.009168939697315432
matched,0.2234130971900052
matched,-0.10182925447113314
matched,0.22695298037763792
matched,0.19699431049724592
matched,0.274811294380766
matched,0.22968817293670524
matched,0.10851612025780323
matched,0.2254644916093057
matched,0.02673612947585551
matched,0.23368895873788242
matched,0.19595161278135836
matched,0.1945386818185253
matched,0.28578606562950987
matched,0.18936675003211206
matched,0.06654753719332976
matched,0.14532788309696332
matched,0.1417162199941065
matched,0.01116744365276655
matched,0.10148168856583731
matched,0.20929134334222396
matched,0.10689162743957263
matched,0.2088455522897793
matched,0.1709042002584077
matched,0.01012474593687901
matched,0.17376784108682347
matched,0.17359405813417556
matched,0.03746155996645234
matched,0.18259677065939298
matched,0.10544469546426494
matched,0.1098912723178868
matched,0.02133374638267006
matched,0.241509191607039
matched,0.17319360176503035
matched,0.18956320032640975
matched,0.03198739695804275
matched,0.20549456361589435
matched,0.19236639491042623
matched,0.08799084239397352
matched,0.18533574110873524
matched,0.07498356617730395
matched,0.21280100340765706
matched,-0.008904487378068593
matched,0.17422874370036798
matched,0.1372960883724093
matched,0.07463977816228307
matched,0.19790100416323508
matched,0.18268744002599188
matched,0.17911733371615957
matched,0.10182169869058323
matched,0.12039380728226129
matched,0.05648323750085003
matched,0.22014522210216925
matched,0.1299669812389969
matched,0.16970660904124701
matched,0.13962704667205644
matched,0.18164474231010436
matched,0.1929293005613945
matched,0.0666533181210285
matched,0.20388518235876357
matched,0.127700247074024
matched,-0.11173110488178982
matched,0.15935896757814566
matched,0.0935821200009067
matched,0.02483207277727826
matched,0.20907978148682646
matched,0.26099932753553107
matched,0.06751845499399316
matched,0.13226393852616944
matched,0.1469372643540941
matched,-0.004306794913448534
matched,0.012822159593196778
matched,-0.0006309076759174607
matched,0.05463584915639711
matched,0.09250542127254456
matched,0.1257357441310475
matched,0.0887275309975897
matched,0.1813727342103076
matched,0.23796930841940628
matched,0.10303440146884375
matched,0.039101164345782743
matched,0.08516875835858223
matched,0.15277410482889933
matched,0.16975194372454647
matched,-0.0013638183892587025
matched,0.1971718713401688
matched,0.2149921797671309
matched,0.18796893063037876
matched,0.2620231358000438
matched,0.017975201928235197
matched,0.10503290542429486
matched,0.08738637994998075
matched,0.16678252196843193
matched,0.11061284936040318
matched,0.06474548353217628
matched,0.17382073155067287
matched,0.16357887101527024
matched,0.1315990298377774
matched,0.06506660420554745
matched,0.1622679430898609
matched,0.1540510317418341
matched,0.07191214138376566
matched,-0.11963822922727031
matched,0.18453860626071977
matched,0.04099388737353512
matched,0.20444808800973185
matched,0.07625671519996373
matched,0.1278400290141973
matched,0.08904109589041097
matched,0.16198082342896433
matched,0.1978783368215854
matched,0.1535712396769148
matched,0.0844094024133163
matched,0.15107405420516964
matched,0.18322012255476053
matched,0.1441491813311774
matched,0.144436300992074
matched,0.0521764425874015
matched,-0.017975201928235197
matched,0.2753401990192597
matched,0.1541265895473332
matched,0.17805574654889722
matched,0.22112747357365756
matched,0.006309076759174607
matched,0.22637496316556982
matched,0.18563797233073162
matched,0.0876319428178528
matched,0.17334471737602852
matched,0.05616589471775382
matched,0.0805106196495629
matched,0.14459875027389704
matched,0.17987668966142545
matched,0.07336285124934831
matched,0.13478756922983928
matched,0.13583026694572684
matched,0.15317078330776962
matched,0.08260734875216283
matched,0.19057945281037256
matched,0.17230579755041595
matched,0.07110745075520028
matched,0.10654028364400184
matched,0.3160394109513483
matched,0.09065047714754174
matched,0.23188690507672893
matched,0.1916183726359852
matched,0.04557646827705537
matched,0.08131153238785334
matched,0.10172347354343442
matched,0.013963082456233141
matched,0.14219978994930074
matched,0.1760496868128962
matched,0.1914408117930623
matched,0.14301581424869095
matched,0.14283447551549314
matched,0.12354078988129868
matched,0.23022841124602378
matched,0.2588837089815563
matched,0.23110865968008826
matched,0.09567129332295674
matched,0.02617322382488723
matched,-0.014087752835306652
matched,0.026864577745203965
matched,0.07689140076615615
matched,0.011764350316209416
matched,0.16755698947479772
matched,0.23537011991023732
matched,0.04093344112913584
matched,0.2535153269008455
matched,0.15034114349182842
matched,0.04138301007185547
matched,0.16392265903029113
matched,0.056381234463426244
matched,0.14193911552032884
matched,0.18406259208607545
matched,0.2410634005545943
matched,0.04079365918896252
matched,0.2136661402806217
matched,0.12356723511322337
matched,0.01692117054152279
matched,0.16357131523472032
matched,0.12019357909768869
matched,0.15108538787599454
matched,0.15906051424642423
matched,0.0450626751996615
matched,0.03598062697867003
matched,0.14699393270821842
matched,0.0511715237742635
matched,0.014903777134696901
matched,0.24754626026641682
matched,0.076736507264883
matched,0.10576203824736115
matched,0.10093389447596884
matched,0.2870894377743693
matched,0.2000392900588595
matched,0.19620473142978037
matched,0.061522943127639805
matched,0.1291887358423562
matched,0.089456663820656
matched,0.19626139978390467
matched,0.11049573476187959
matched,0.07883323636748295
matched,0.04967170133510643
matched,0.14692215279299428
matched,0.1470770462942674
matched,0.11050706843270443
matched,0.21965031847615016
matched,0.15788559037091326
matched,-0.03565950630529887
matched,0.171047760088856
matched,0.16873191335030865
matched,0.09173095376617882
matched,0.2107382753175317
matched,0.1519505247489592
matched,0.12053736711270958
matched,0.09890894528859302
matched,0.09995919878503048
matched,0.016630272990351268
matched,0.056131893705279226
matched,-0.09116427022493558
matched,0.21673756507416
matched,0.25859658932065976
matched,0.04684961729971515
matched,0.3383705203666065
matched,0.19359420924978657
matched,0.010049188131379911
matched,0.13641583993834483
matched,0.004915035247716265
matched,0.003709888250005667
matched,0.13715252854196103
matched,0.04218770070042086
matched,-0.03417479542724161
matched,0.1223016418711135
matched,0.07563532368525584
matched,0.046282933758471916
matched,0.2331789435507635
matched,0.23176601258793042
matched,0.033052762015580016
matched,0.2216563782121512
matched,0.204686095097054
matched,0.09414124776160002
matched,0.05193465760980438
matched,-0.06991363742831454
matched,0.0472387399980355
matched,0.13029565769291798
matched,-0.05591655395960679
matched,0.03973584991197516
matched,0.12382790954219526
matched,0.27743692812185966
matched,0.09389190700345298
matched,0.1361589433996479
matched,-0.02913886769072679
matched,0.10091122713431912
matched,0.25390822748944075
matched,0.16175415001246704
matched,0.2710711830085607
matched,0.2602286379194403
matched,0.024110495734761882
matched,0.2596392870365473
matched,0.19132747508481363
matched,-0.0180167587212597
matched,0.1250897248940302
matched,0.1941911159132294
matched,0.2646449916508625
matched,0.17411162910184438
matched,0.1163439089075097
matched,0.17220001662271722
matched,0.1970472009610953
matched,0.09243741924759537
matched,0.13655562187851816
matched,0.257992126876667
matched,0.016354487000279562
matched,0.22019811256601868
matched,0.03776379118844873
matched,0.09845559845559845
matched,0.052618455749571205
matched,0.14236223923112376
matched,0.1843005991733976
matched,0.09270942734739213
matched,0.18652955443562097
matched,0.19848279926557813
matched,0.1407037454004186
matched,0.18809360100945227
matched,0.06139071696801638
matched,0.12959674799205131
matched,0.18525262752268623
matched,0.023030019116124793
matched,0.013925303553483596
matched,0.06575418023558924
matched,0.008889375816968774
matched,0.14127798472221173
matched,0.03479436943233421
matched,0.2801607870101021
matched,0.04842121965409636
matched,0.017374517374517374
matched,0.1925099547408745
matched,0.1905756749200976
matched,0.28279019864147065
matched,0.04366107790765325
matched,0.21323546078927685
matched,0.2501794497880604
matched,0.13419066256639645
matched,0.027453928628096924
matched,0.06449614277402928
matched,0.22313353330965857
matched,0.042304815298944455
matched,0.14503320765551686
matched,0.18122539648958433
matched,-0.014624213254350243
matched,0.22310331018745894
matched,0.21072316375643188
matched,0.19190171440660678
matched,0.22540782325518138
matched,0.3239918699801283
matched,0.03623374562709201
matched,0.11610967971046249
matched,0.13661229023264249
matched,0.09986852941843158
matched,0.17476520411941157
matched,0.24546842061519164
matched,0.1537412447392878
matched,0.1489697693220198
matched,0.03140937974597466
matched,0.1598576490944397
matched,0.029244648618425524
matched,-0.0032905424294856784
matched,0.20876621659400524
matched,0.24452394804645294
matched,0.026713462134205775
matched,0.21651089165766269
matched,-0.023543812193518653
matched,0.1684447936894121
matched,0.08459074114651416
matched,0.2402927109385035
matched,0.029448654693273086
matched,0.17172400244807293
matched,0.092467642369795
matched,0.16015610242616116
matched,0.18118383969655985
matched,0.15906429213669918
matched,0.18599309401657738
matched,0.18914385450588977
matched,0.1354411442474065
matched,0.09036335748664516
matched,-0.01098988280984367
matched,0.21727024760292862
matched,0.14024662067714905
matched,0.14797240628943173
matched,0.1468012603041957
matched,0.06094492591557171
matched,0.1273904600714777
matched,0.10641939115520328
matched,0.08398627870252136
matched,0.039282503078980575
matched,0.28549516807833836
matched,0.18690356557284152
matched,0.18709246008658925
matched,0.1448972036056185
matched,0.29438076600503216
matched,0.0966270995625203
matched,0.13412266054144725
matched,0.018923452387248865
matched,0.12080559732223138
matched,0.15633287746790683
matched,0.07318151251615047
matched,0.1308698970147111
matched,0.2221928386311948
matched,0.1256412968741736
matched,0.15009180273368142
matched,0.10307973615214319
matched,0.1339337660276995
matched,0.13528247285585837
matched,0.21977498885522367
matched,0.14325004344573816
matched,0.1355318136140054
matched,0.10029543101950146
matched,0.17770440275332644
matched,0.06983807962281545
matched,0.03791868468972187
matched,0.16202238022198884
matched,0.17960090367135376
matched,0.023407808143620274
matched,0.06944517903422012
matched,0.1576249159419414
matched,0.1708097530015338
matched,0.10705785461167067
matched,0.2093895684893728
matched,0.10179525345865854
matched,0.1731293776303561
matched,0.2190534118127073
matched,0.09849715524862296
matched,0.16346931219729655
matched,0.24878918616687698
matched,0.20390407181013837
matched,0.23474299012459482
matched,0.2026687016902281
matched,0.16827856651731404
matched,0.2129785642505799
matched,0.187364468186386
matched,0.12585285872957105
matched,0.1679083332703685
matched,0.17474253677776183
matched,0.07427332280561243
matched,0.19357909768868675
matched,0.20022818457260727
matched,0.19801056298120878
matched,0.1116819923082154
matched,0.0710130034983264
matched,0.4043098172256685
matched,0.11290602875730077
matched,0.23918956697821667
matched,0.23949179820021307
matched,0.05738615327656424
matched,0.10229393497495261
matched,0.1260077522308442
matched,0.266613272484114
matched,0.19972194727576334
matched,0.07791898692094387
matched,0.14206756378967728
matched,0.044545104231992684
matched,0.04890478960929058
matched,0.1381272242328994
matched,0.1460003475659053
matched,0.07714829730485308
matched,0.12151584069392288
matched,0.07687628920505633
matched,0.1270391162759069
matched,0.12944185449077816
matched,0.19150125803746157
matched,0.1671792004473022
matched,0.17736439262858048
matched,0.24926897823179622
matched,0.016917392651247837
matched,0.030525353421635225
matched,0.0025009633620201137
matched,0.02286001405375182
matched,0.23465609864827086
matched,0.2644107624538153
matched,0.17705082773575925
matched,0.1424869096101973
matched,0.17385851045342238
matched,0.017008062017846753
matched,0.12700511526343228
matched,0.22859258475696834
matched,-0.030804917301981885
matched,0.07287550340387915
matched,0.044673552501341154
matched,0.24903474903474906
matched,0.15065848627492465
matched,0.12747357365752668
matched,0.14867131599029837
matched,0.17192800852292045
matched,0.16194682241648975
matched,0.1464348049475251
matched,0.18938186159321185
matched,0.264860331396535
matched,0.06966429667016752
matched,0.21044737776636016
matched,0.18665422481469449
matched,0.0798154878389712
matched,0.24710802499452206
matched,0.12514261535787954
matched,0.10942659181406736
matched,0.11909421302767681
matched,0.10664606457170059
matched,0.11328759567507121
matched,0.11477986233367839
matched,0.0581681765634799
matched,0.15659732978715366
matched,-0.004495689427196276
matched,0.18541507680450928
matched,-0.09103582195558711
matched,0.17638214115709225
matched,0.11241112513128168
matched,0.04095988636106052
matched,0.12992164655569743
matched,0.14022773122577428
matched,0.1600767667303871
matched,0.24261611345760076
matched,0.248868521862651
matched,0.21344324475439935
matched,0.30771671867562284
matched,0.1830538953826625
matched,0.18242298770674503
matched,0.16861857664206
matched,0.18476150178694212
matched,0.13204859878049702
matched,0.11615501439376195
matched,0.13629872533982124
matched,0.20203401612403568
matched,0.25214017484076195
matched,0.1799598032474745
matched,0.04370263470067775
matched,0.08720881910705786
matched,0.038523147133714644
matched,0.11050706843270443
matched,0.12922651474510574
matched,0.0926112022002433
matched,0.15102494163159524
matched,0.14045818253254652
matched,0.09167806330232944
matched,-0.014223756885205026
matched,0.12345767629524967
matched,0.058561077152075196
matched,0.22189060740919841
matched,0.01282593748347173
matched,0.0931212173873622
matched,-0.14740572274818853
matched,0.1214478386689737
matched,0.17001639604379332
matched,0.10297395522444447
matched,0.12791558681969642
matched,0.14471586487242064
matched,0.2531564273247248
matched,0.14496142774029272
matched,0.2289363727719892
matched,0.15321611799106907
matched,0.26628459603019294
matched,0.012750379677972632
matched,0.05683080340614588
matched,0.11382783398438977
matched,0.10283795117454608
matched,0.1296345268948009
matched,0.07879167957445844
matched,0.2002092951212325
matched,0.24836606245608203
matched,0.06683843474450128
matched,0.11403939583978723
matched,0.16923059486660266
matched,0.04248993192241725
matched,0.1455658901842855
matched,0.10167436096985999
matched,-0.017480298302216108
matched,0.2029860444733243
matched,0.1533974567242669
matched,-0.009165161807040476
matched,-0.028364400184361045
matched,0.23486766050366834
matched,0.0365850894226628
matched,0.1374812049958821
matched,0.12091893403048001
matched,0.0306198006785091
matched,0.01720829020241936
matched,0.21240432492878675
matched,0.18481439225079146
matched,0.11558833085251873
matched,0.13472712298544
matched,0.18669955949799394
matched,0.11281158150042692
matched,0.1434464937400358
matched,0.06936584333844607
matched,0.2267943089860898
matched,0.17119887569985417
matched,0.10541069445179034
matched,0.20775374200031735
matched,-0.03266363931725967
matched,0.04873478454691762
matched,0.25468269499580654
matched,0.13294018088538637
matched,0.09412991409077515
matched,0.16402843995798985
matched,-0.011703904071810137
matched,0.08410717119131993
matched,0.07111500653575019
matched,0.10100945228146793
matched,0.09194629351185124
matched,0.09005357048409884
matched,-0.013264172755366494
matched,0.13866746254221793
matched,0.1545686027095029
matched,0.14759083937166131
matched,0.22207194614239625
matched,0.2678070858109997
matched,0.16515802915020136
matched,0.13054877634133996
matched,0.12829715373746683
matched,0.16670696416293285
matched,0.09955874241588528
matched,0.08835729775064413
matched,0.22143726057620383
matched,0.26167934778502294
matched,0.06313988016532047
matched,0.1678214417940445
matched,0.2539800074046649
matched,0.051594647485058445
matched,0.18409281520827508
matched,0.18208675547227407
matched,0.15484061080929967
matched,0.14014839553000025
matched,0.1018179208003083
matched,0.09995164300448058
matched,0.2617020151266727
matched,0.3416119502225178
matched,0.043872639763050725
matched,0.024730069739854473
matched,-0.006048402330202721
matched,-0.005674391192982191
matched,0.2263674073850199
matched,0.14073019063234327
matched,0.21623132777731605
matched,0.2663790432870668
matched,0.31018745891544325
matched,0.2053661153465459
matched,0.06701599558742416
matched,0.09038980271856985
matched,0.20578168327679092
matched,0.15392636136276058
matched,0.1661591700730644
matched,0.12805536875986975
matched,0.255982289250391
matched,0.06038579815487839
matched,0.1692645958790773
matched,0.19664296670167514
matched,0.18810493468027714
matched,0.1331290753991341
matched,0.049003014756439416
matched,0.04552357781320599
matched,0.11247912715623087
matched,0.2329484922439913
matched,0.27994544726442966
matched,0.01931635297584417
matched,0.18407770364717527
matched,-0.1764539210723164
matched,0.24050049490362604
matched,0.20203779401431068
matched,0.23375696076283162
matched,0.15020513944193006
matched,0.25282775087080367
matched,0.16453089936455886
matched,0.08991756643420049
matched,-0.002247844713598138
matched,0.28236329704040075
matched,0.24878918616687698
matched,0.22339042984835547
matched,0.14746616899258777
matched,0.17699793727190988
matched,0.058001949391381875
matched,0.1150632041043
matched,0.15167096086861254
matched,0.04974725914060552
matched,-0.002916531292265148
matched,0.20785574503774112
matched,0.10275483758849709
matched,0.04308683858586011
matched,0.2314713371464839
matched,0.23550234606986073
matched,0.20111976667749662
matched,0.18420615191652373
matched,0.13528247285585837
matched,0.11107375197394766
matched,0.020434608497230805
matched,0.14255868952542142
matched,0.19228705921465217
matched,0.09134183106785847
matched,0.11135331585429432
matched,0.12727334547295407
matched,0.22137681433180456
matched,0.03553483592622536
matched,0.19088168403236896
matched,0.2447392877921254
matched,0.18188652728770147
matched,0.13201459776802243
matched,0.14638947026422564
matched,0.08135686707115279
matched,0.1462005757504779
matched,0.23370029240870727
matched,0.1897332053887827
matched,0.06655887086415463
matched,0.08771883429417676
matched,0.0031280931476626193
matched,0.008738260205970579
matched,0.08213889035806844
matched,0.09473437653476793
matched,0.1327135074688891
matched,0.25484136638735466
matched,0.11575078013434177
matched,0.08120952935042955
matched,0.08062395635781154
matched,0.18142562467415696
matched,0.13144413633650423
matched,0.08913554314728483
matched,0.107700095958413
matched,0.09005734837437382
matched,0.19206416368842985
matched,0.20963513135724487
matched,0.09494593839016541
matched,0.12997831490982176
matched,0.1810213904147368
matched,0.14652169642384907
matched,0.20533589222434626
matched,0.14723571768581553
matched,0.0603177961299292
matched,0.1529781109037469
matched,0.204021186408662
matched,0.12856538394698863
matched,0.10881835147979962
matched,0.22635229582392008
matched,0.21935564303470373
matched,0.16273262359368035
matched,0.06585240538273807
matched,0.15372991106846293
matched,0.12422836591134048
matched,0.12515394902870441
matched,0.18758736371260834
matched,0.19648051741985206
matched,0.27595977302435226
matched,0.2140930418816916
matched,0.19016766277040253
matched,0.15365435326296384
matched,0.1462836893365269
matched,0.22960505935065623
matched,0.06930917498432175
matched,0.0928718766292152
matched,0.10924903097114447
matched,0.09918850916893969
matched,0.1667182978337577
matched,0.1036313081322866
matched,0.04823610303062358
matched,0.01347195672048901
matched,0.07205570121421394
matched,0.18124806383123407
matched,0.1243341468390392
matched,0.11070729661727705
matched,0.12957408065040157
matched,0.20088931537072435
matched,0.09561462496883243
matched,0.12550529282427522
matched,0.2008477585776999
matched,0.172218906074092
matched,0.14646502806972475
matched,0.08361982334585073
matched,0.10640050170382853
matched,0.05510808544076646
matched,0.16572849058171957
matched,0.047253851559135314
matched,0.17634058436406772
matched,0.11898087631942818
matched,0.087363712608331
matched,0.07049543253065758
matched,0.09498749518318989
matched,0.07695562490083038
matched,0.11466652562542973
matched,0.1324755003815669
matched,0.1772812790425315
matched,0.17533188766065477
matched,0.04875367399829239
matched,0.1002009837626276
matched,0.055240311600389884
matched,0.22068546041148782
matched,0.054148501310927924
matched,0.08364626857777542
matched,0.0888030888030888
matched,0.1177983966633673
matched,0.12115316322752721
matched,0.13224882696506962
matched,0.02684568829382919
matched,0.22523781819280844
matched,0.03661531254486245
matched,0.24778804524401393
matched,-0.05656635108689903
matched,0.2397222495069853
matched,0.036906210096033974
matched,0.026883467196578744
matched,0.11490453271275188
matched,0.20811641946671303
matched,0.11141376209869361
matched,0.16378665498039277
matched,0.2183620578923906
matched,0.18561152709880693
matched,0.06942251169257041
matched,0.12309499882885401
matched,0.03787712789669737
matched,0.1530310013675963
matched,0.13980460751497933
matched,0.1425171327323969
matched,0.10977415771936319
matched,0.16342397751399707
matched,0.07839877898586314
matched,-0.046003369878125255
matched,0.12499527763715632
matched,-0.004465466304996637
matched,0.22411200689087188
matched,0.09408080151720073
matched,0.10900346810327242
matched,-0.0081337977619778
matched,0.13434177817739462
matched,0.23541167670326185
matched,0.23316760987993865
matched,0.07379353074069317
matched,0.023249136752072172
matched,0.13534291910025764
matched,0.08343470672237795
matched,0.13828589562444749
matched,0.11030306235785688
matched,0.15686555999667545
matched,0.11742816341642173
matched,0.023290693545096677
matched,0.1474283900898382
matched,0.15318589486886947
matched,0.16759476837754725
matched,0.12434548050986408
matched,0.3195981835903558
matched,0.1996161663480646
matched,0.1274622399867018
matched,0.1308094507703118
matched,0.1474397237606631
matched,0.026154334373512455
matched,0.08277735381453581
matched,-0.048013207504401245
matched,0.06252408405050283
matched,0.11437940596453318
matched,0.1338657640027503
matched,0.023483365949119376
matched,0.19247973161867488
matched,0.14941178248418954
matched,0.18570219646540587
matched,0.07847433679136223
matched,0.1312892428352311
matched,0.099078950350966
matched,0.2063030321347347
matched,0.09153450347188116
matched,0.17544144647862847
matched,0.15981231441114024
matched,0.1534465692978413
matched,0.12802892352794504
matched,0.031507604893123486
matched,0.2097824690779681
matched,0.13404710273594814
matched,0.29093910796454825
matched,0.25146015459127
matched,0.1116819923082154
matched,0.15528640186174433
matched,0.03127715358635123
matched,0.10664228668142561
matched,0.14148576868733423
matched,0.21587620609147026
matched,0.22577427861185204
matched,0.1475832835911114
matched,0.1319843746458228
matched,0.13027299035126824
matched,0.19093457449621834
matched,-0.0030752026838132512
matched,0.13266439489531465
matched,0.14994824290323314
matched,0.062486305147753295
matched,0.14154621493173353
matched,0.17989180122252532
matched,0.22547960317040552
matched,0.21183764138754352
matched,0.05968688845401174
matched,0.1612743579475478
matched,0.09001579158134931
matched,0.07510068077582754
matched,0.1355393693945553
matched,0.07204436754338907
matched,0.23434631164572456
matched,0.23796175263885636
matched,0.06506660420554745
matched,0.08263379398408753
matched,0.09549751037030882
matched,0.018821449349825083
matched,0.19007699340380357
matched,0.1671792004473022
matched,0.078829458477208
matched,0.23647326387052411
matched,0.09981186106430726
matched,0.08904109589041097
matched,0.29439587756613195
matched,0.044435545414019
matched,0.04156057091477835
matched,0.26258226356073716
matched,0.15045448020007707
matched,0.17490120816930993
matched,0.060729586169899284
matched,0.048780119230217085
matched,0.07627182676106356
matched,0.10034076570280094
matched,0.11355204799431806
matched,0.12025402534208797
matched,0.03962629109400146
matched,0.12683511020105934
matched,0.10490823504522134
matched,0.19664296670167514
matched,0.17099864751528157
matched,0.14286092074741785
matched,0.15206386145720785
matched,0.17519210572048147
matched,0.04202147352832284
matched,0.007827788649706457
matched,0.08535387498205502
matched,0.142509576951847
matched,0.11636279835888447
matched,0.2429636793628966
matched,0.06890116283462663
matched,0.2955027994166937
matched,0.2292310482134357
matched,0.13545625580850632
matched,0.18753447324875896
matched,0.059093759680843835
matched,0.16620450475636386
matched,0.28772790123083664
matched,0.15519951038542038
matched,0.0942016940059993
matched,0.2721818827493974
matched,0.06961140620631814
matched,0.261260001964503
matched,0.16011454563313662
matched,0.15401325283908457
matched,0.08565610620405141
matched,0.18054537624009248
matched,0.07800587839726783
matched,0.1892647469946883
matched,0.060676695706049916
matched,0.21253277319813524
matched,0.1408964178044413
matched,0.18416459512349925
matched,0.19895503554994748
matched,0.18088916425511337
matched,-0.031605830040272315
matched,0.04507400887048636
matched,0.19736076585391651
matched,0.16868280077673423
matched,0.24741403410679338
matched,0.19589494442723404
matched,0.06556906361211645
matched,0.18485217115354102
matched,0.24705513453067268
matched,0.31004767697526997
matched,0.01993970487121172
matched,0.09827048183212567
matched,0.12816114968756848
matched,0.16550937294577214
matched,-0.04626026641682218
matched,0.11823285404498712
matched,0.20774618621976743
matched,0.25921616332575237
matched,0.11548632781509494
matched,0.11145154100144315
matched,0.05321914030328903
matched,0.06069180726714974
matched,0.03076336050895738
matched,0.17019017899644123
matched,-0.008541809911672926
matched,0.09830826073487522
matched,0.13691074356436392
matched,0.21652222532848756
matched,0.18697534548806563
matched,0.19358665346923665
matched,0.20918934030480016
matched,0.21330346281422605
matched,0.38443811437940595
matched,0.21153541016554717
matched,0.04776008885597927
matched,0.1827289968190164
matched,-0.014423985069777634
matched,0.1962916229061043
matched,0.13100212317433452
matched,0.17879999093306334
matched,0.07541802355892376
matched,0.10026143000702688
matched,0.1041753243318801
matched,0.18721713046566274
matched,0.23711172732699154
matched,0.18408148153745024
matched,0.11501031364045063
matched,0.10227882341385276
matched,0.2016146703035157
matched,0.09178762212030314
matched,0.003849670190178996
matched,0.0024782960203703847
matched,0.19172793145395886
matched,0.13117212823670749
matched,0.291048666782522
matched,0.22927638289673516
matched,0.2442103831536317
matched,0.09434903172672253
matched,0.10566381310021233
matched,0.22833946610854633
matched,0.17070774996411003
matched,0.2446977309991009
matched,0.1593627454684206
matched,0.1091734731656454
matched,0.12499527763715632
matched,0.24275211750749914
matched,0.12499149974688137
matched,0.09367278936750562
matched,0.1286107186302881
matched,0.12229030820028863
matched,0.14043173730062183
matched,0.07226348517933646
matched,0.17419474268789337
matched,0.0598417819552849
matched,0.2887441537147995
matched,0.03698176790153307
matched,0.21456527816606094
matched,0.06559173095376618
matched,0.1207111500653575
matched,0.22312219963883367
matched,0.10981193662211275
matched,0.04579558591300274
matched,0.12572063256994764
matched,0.10324596332424121
matched,0.08951333217478032
matched,-0.058901087276821126
matched,0.12361256979652284
matched,0.24951076320939333
matched,0.16810856145494113
matched,0.067866020899289
matched,0.06660798343772903
matched,0.26536279080310393
matched,0.028277508708037087
matched,0.1408510831211418
matched,0.24862295899477896
matched,0.12179162668399458
matched,0.22509803625263508
matched,0.17777240477827563
matched,0.19006188184270378
matched,0.12411125131281688
matched,0.10041254561802508
matched,0.15239631580140386
matched,0.22199261044662222
matched,0.08066551315083605
matched,0.18820315982742597
matched,0.08276602014371094
matched,0.2512825937483472
matched,0.2516754943369425
matched,0.1757323440298
matched,-0.018980120741373188
matched,0.19978994930071253
matched,0.08274335280206123
matched,0.18249854551224412
matched,0.08159487415847495
matched,0.15012202585588105
matched,0.24011137220530568
matched,0.20601591247383808
matched,0.22852080484174417
matched,0.20629925424445972
matched,0.14080952632811733
matched,0.15465171629555194
matched,0.10191614594745711
matched,0.10515002002281845
matched,0.17548678116192795
matched,0.19596294645218326
matched,0.04312461748860966
matched,0.15580397282941316
matched,0.07328729344384922
matched,0.09945296148818653
matched,0.16755698947479772
matched,0.05142086453241052
matched,0.1334199729503056
matched,0.14694104224436905
matched,0.14279669661274358
matched,0.15408881064458366
matched,0.0325351910479112
matched,0.3372711542965946
matched,0.0929361007638894
matched,0.18878117703949407
matched,0.19802945243258355
matched,0.0894982206136805
matched,0.15969897770289157
matched,0.052826239714693725
matched,0.18476150178694212
matched,0.15385835933781142
matched,0.17329560480245412
matched,0.23556279231426006
matched,0.19011855019682808
matched,0.1148289749072528
matched,0.12702400471480707
matched,0.2830017604968681
matched,0.20330338725642053
matched,-0.021579309250542127
matched,0.07524046271600088
matched,0.2572818835049755
matched,0.19662407725030034
matched,0.15711490075482248
matched,0.21444816356753735
matched,0.30294146536807987
matched,0.21016403599573857
matched,0.17425518893229264
matched,0.17507876901223282
matched,0.13665762491594194
matched,0.12793825416134613
matched,0.18204519867924956
matched,0.10365397547393633
matched,0.1416255506275076
matched,0.14246046437827262
matched,0.18263832745241748
matched,-0.054193835994227384
matched,0.1068198475243485
matched,0.155395960679718
matched,0.16512402813772675
matched,0.15428148304860634
matched,0.12926807153813025
matched,0.20789352394049068
matched,0.08901465065848628
matched,0.12311766617050375
matched,0.048885900157915815
matched,0.14260024631844595
matched,0.19526025886104162
matched,0.08091863179925803
matched,0.2372892881699144
matched,0.17309537661788152
matched,0.08237311955511564
matched,0.12587930396149574
matched,0.20193201308661193
matched,0.1051651315839183
matched,0.1214062818759492
matched,0.013419066256639642
matched,0.12348789941744934
matched,0.1525096525096525
matched,0.07809654776386674
matched,-0.01635070911000461
matched,0.20285381831370092
matched,0.22397978073124844
matched,0.18225298264437206
matched,-0.00020400607484756213
matched,0.05520631058791529
matched,0.13249438983294168
matched,0.001783164209778691
matched,-0.04275060635138913
matched,0.15897362277010027
matched,0.15797248184723722
matched,0.10558825529471323
matched,0.2270700949761615
matched,-0.0204270527166809
matched,0.23605769594027914
matched,0.12532395409107738
matched,0.20708883331192526
matched,0.07376330761849353
matched,0.19265351457132282
matched,0.12673310716363553
matched,0.25227617889066034
matched,-0.08729571058338181
matched,0.182762997831491
matched,0.06820603102403494
matched,0.24681712744335055
matched,0.1600994340720368
matched,0.12777958276979806
matched,0.14168221898163189
matched,0.2349205509675177
matched,0.2152830773183024
matched,0.058300402723103315
matched,0.16705075217795376
matched,0.04235392787251887
matched,0.08575055346092528
matched,0.059369545670915534
matched,0.32696506962651783
matched,-0.009452281467937047
matched,0.194810689918322
matched,0.16749276534012347
matched,0.17211312514639324
matched,0.09981186106430726
matched,0.018659000068002026
matched,0.13004631693477095
matched,0.11707304173057598
matched,0.20131999486206925
matched,0.16000876470543787
matched,0.1617239268902674
matched,0.19125947305986446
matched,0.06515727357214637
matched,0.18256276964691837
matched,0.046823172067790464
matched,0.16712630998345288
matched,0.14246046437827262
matched,0.2726956758267913
matched,0.20442164277780717
matched,0.22586117008817597
matched,0.1267859976274849
matched,0.022104435998760854
matched,0.11722037945129922
matched,0.06921094983717292
matched,0.11553921827894431
matched,0.17416074167541878
matched,0.048379662861071863
matched,0.12350301097854915
matched,0.14951000763133837
matched,0.14959312121738735
matched,0.1441265139895277
matched,0.1382103378189484
matched,0.07568247587817059
matched,0.15077182298317326
matched,0.14388850690220553
matched,0.188951182101867
matched,0.03347966361664992
matched,0.046381158905620744
matched,0.0825846814105131
matched,0.15440615342767985
matched,0.05536498197946338
matched,0.13769654474155452
matched,0.1933448684916395
matched,0.24853228962818003
matched,0.16775343976909535
matched,0.07775275974884585
matched,0.12063181436958346
matched,0.1589396217576257
matched,0.14970645792563603
matched,0.12708445095920634
matched,0.1609796825061013
matched,0.2524839628557828
matched,0.19524136940966685
matched,0.13106256941873382
matched,0.1351729140378847
matched,0.0685271516974061
matched,0.14533166098723826
matched,0.03909360856523283
matched,0.20064375250285232
matched,-0.07338551859099804
matched,0.19329953380834006
matched,0.17585323651859858
matched,0.14188622505647944
matched,0.17612902250867027
matched,0.07955481340999931
matched,0.13921147874181142
matched,0.10139479708951334
matched,0.006516860724297124
matched,0.15322367377161897
matched,0.2746904018919675
matched,0.14536566199971288
matched,0.20070797663752654
matched,0.24772759899961466
matched,0.059819114613635156
matched,0.18763269839590777
matched,0.1546706057469267
matched,0.15717156910894678
matched,-0.025149415560374463
matched,0.1519505247489592
matched,0.16748898744984853
matched,0.13118346190753236
matched,0.1744705286779651
matched,0.12232808710303818
matched,0.023755374048916127
matched,0.11376738773999048
matched,0.16192037718456503
matched,0.09774535508390694
matched,0.1695554934302488
matched,0.20668082116223016
matched,-0.12909806647575728
matched,0.09973252536853319
matched,0.13764743216798012
matched,0.07965303855714814
matched,0.1147118603087292
matched,0.0626449765393014
matched,0.1778328510226749
matched,0.18544152203643396
matched,-0.02627144897203606
matched,0.08691036577533644
matched,0.15781003256541418
matched,0.31736922832813247
matched,0.1227360992527333
matched,0.1436089430218589
matched,0.10161013683518576
matched,0.20873977136208055
matched,0.1746103106181384
matched,0.01230458862552796
matched,0.09285676506811537
matched,0.10459467015240008
matched,0.11223356428835882
matched,0.07102433716915127
matched,0.12767002395182436
matched,0.08671013759076382
matched,0.1650371366614028
matched,0.01838321407793032
matched,0.17615168985032
matched,0.19139169921948787
matched,0.11383916765521462
matched,0.22863414154999281
matched,0.1409795313904903
matched,0.17743617254380464
matched,0.2128312265298567
matched,0.14093419670719085
matched,0.05169665052248223
matched,0.10995549645256102
matched,0.24192098164700904
matched,0.05312847093669011
matched,0.1145191879047065
matched,0.08974000559127761
matched,0.25672275574428216
matched,0.08380493996932353
matched,0.19049256133404863
matched,0.11266802166997861
matched,0.1772888348230814
matched,0.21587998398174527
matched,-0.03932783776228003
matched,0.11921510551647539
matched,0.1684032368963876
matched,0.1741758532365186
matched,0.13001231592229637
matched,0.22684342155966422
matched,0.08278868748536068
matched,0.12596241754754475
matched,0.2243764592101187
matched,0.07689895654670606
matched,0.1177832851022675
matched,0.04908612834248842
matched,0.24544575327354196
matched,0.2092573423297494
matched,0.15101738585104535
matched,0.11975534382579392
matched,0.1730387082637572
matched,0.07989482353474527
matched,0.23313360886746404
matched,0.08655146619921572
matched,0.08531231818903051
matched,0.16840701478666253
matched,0.16096079305472652
matched,0.09157606026490567
matched,0.24509818736824607
matched,0.1808287180107141
matched,0.31841192604402
matched,0.18003913894324852
matched,0.18201497555704993
matched,0.15941941382254496
matched,0.11265291010887879
matched,0.2694731354222548
matched,0.09744690175218551
matched,0.15516173148267084
matched,-0.02672857369530559
matched,0.2753213095678849
matched,0.15924185297962204
matched,0.029373096887773995
matched,0.22639763050721953
matched,0.020627280901253504
matched,0.22379466410777565
matched,0.036770206046135595
matched,0.09881449803171917
matched,0.13813478001344928
matched,-0.03110714852397827
matched,0.04808876530990034
matched,0.16292529599770303
matched,-0.01068387369757233
matched,0.1347611239979146
matched,0.1001745385307029
matched,0.1825212128538939
matched,0.24309212763224505
matched,0.03938450611640436
matched,0.2255060484023302
matched,0.2686533332325896
matched,0.12699000370233246
matched,0.12428881215573974
matched,0.08830062939651981
matched,0.11836130231433557
matched,0.1763103612418681
matched,0.21783693114417185
matched,0.3161791928915217
matched,0.07215392636136275
matched,0.10413754542913058
matched,0.09674043627076896
matched,0.22530959810803255
matched,0.18929497011688792
matched,0.08742793674300524
matched,0.16306885582815134
matched,0.1818676378363267
matched,0.19593272332998365
matched,0.08798328661342361
matched,0.14357871989965923
matched,0.07947547771422526
matched,0.05926376474321679
matched,0.1521847539460064
matched,0.22451624115029203
matched,0.2885628149816017
matched,0.060321574020204154
matched,0.23249892330127167
matched,0.1257395220213224
matched,0.10509335166869414
matched,0.24831317199223268
matched,0.07289061496497896
matched,0.16189770984291532
matched,0.1728460358597345
matched,0.12387324422549473
matched,0.17094953494170714
matched,0.14151599180953386
matched,0.1842514865998232
matched,0.17087775502648303
matched,-0.0035398831876326986
matched,0.04452243689034296
matched,-0.013906414102108819
matched,0.2314600034756591
matched,0.060820255536498204
matched,0.2237304399731014
matched,0.1949882507612449
matched,0.20439897543615745
matched,0.19524136940966685
matched,0.09104715562641198
matched,0.1981767901533068
matched,0.258743927041383
matched,0.15243787259442837
matched,0.05253912005379716
matched,0.13020498832631905
matched,-0.013940415114583413
matched,0.2608104330217833
matched,0.11856530838918317
matched,0.16971794271207188
matched,0.220500343788015
matched,0.1204013630628112
matched,0.17944601017008063
matched,0.19676008130019876
matched,0.18317856576173602
matched,0.08425450891204316
matched,0.13074900452591257
matched,0.21509418280455464
matched,0.11698237236397707
matched,0.25829435809866336
matched,0.21538130246545117
matched,0.07347996584787192
matched,0.16847501681161173
matched,0.07270549834150616
matched,0.1990041481235219
matched,0.1898427642067564
matched,0.3469614428518538
matched,0.21289167277425594
matched,-0.016260039743405695
matched,0.003834558629079177
matched,0.28375733855185914
matched,0.16124413482534813
matched,0.039361838774754625
matched,0.011858797573083288
matched,0.16596649766904167
matched,0.15837293821638246
matched,-0.0643601387241309
matched,0.19158059373323563
matched,0.1285200492636892
matched,0.15887161973267647
matched,0.11630613000476013
matched,0.15555085418099115
matched,0.14870531700277298
matched,0.09328366666918526
matched,0.07235793243621032
matched,0.029996448783141543
matched,0.06221051915768159
matched,0.12607197636551845
matched,0.16421355658146264
matched,0.17978224240455162
matched,0.06994386055051417
matched,0.1497177915964609
matched,0.23922734588096622
matched,0.016634050880626226
matched,0.2577578976796198
matched,0.09149672456913162
matched,0.11397894959538794
matched,0.2140665966497669
matched,0.24116162570174313
matched,0.17421363213926816
matched,0.11450407634360668
matched,0.1747765377902364
matched,0.09064669925726677
matched,0.03140182396542474
matched,0.10438688618727757
matched,0.03511549010570537
matched,0.0668119895125766
matched,0.1763368064737928
matched,0.012153473014529766
matched,0.04037809125871748
matched,0.14203356277720272
matched,0.03800179827577088
matched,0.11490831060302684
matched,0.1162079048576113
matched,0.0342427974521908
matched,0.06669865280432795
matched,0.10627205343448005
matched,0.11746594231917129
matched,0.13168592131410137
matched,0.051243303689487645
matched,0.06979274493951598
matched,0.28490959508572034
matched,0.18175430112807806
matched,0.14590212241875647
matched,0.050279941669374155
matched,0.1816674096517541
matched,0.09098293149173775
matched,0.01843232665150473
matched,0.03806980030072007
matched,0.08556165894717754
matched,0.029951114099842087
matched,0.03912383168743247
matched,0.16374887607764319
matched,0.13651784297576863
matched,0.1520336383350082
matched,0.12878072369266105
matched,0.09613219593650121
matched,0.11644213405465853
matched,0.15771936319881527
matched,0.05862907917702439
matched,0.14202222910637782
matched,0.12154984170639749
matched,0.14332937914151223
matched,0.05915798381551806
matched,0.11972889859386925
matched,0.23154311706170805
matched,0.08093752125063279
matched,0.12636665180696494
matched,0.13771165630265436
matched,0.0630038761154221
matched,-0.059883338748309395
matched,0.08501386485730908
matched,0.14862220341672394
matched,0.15292899833017248
matched,0.18050004155679303
matched,-0.11986868053404257
matched,0.24864184844615372
matched,0.0743602142819364
matched,0.23233269612917365
matched,0.16965371857739767
matched,0.11654413709208229
matched,0.08707659294743443
matched,0.10430755049150353
matched,0.1098497155248623
matched,0.20956335144202073
matched,0.13503690998798631
matched,0.12267187511805906
matched,0.058802862129672305
matched,0.20336005561054488
matched,0.04859500260674429
matched,0.19392288570370764
matched,0.06289053940717346
matched,0.0703934294932338
matched,0.19195460487045615
matched,0.05347603684198597
matched,0.2162691066800656
matched,0.16730009293610076
matched,0.10709941140469514
matched,0.15027691935715418
matched,0.10129657194236451
matched,0.0898495644092513
matched,0.14265691467257027
matched,0.12154606381612253
matched,0.27755404272038325
matched,0.14952889708271314
matched,0.1774248388729798
matched,0.1264610990638388
matched,0.04741252295068342
matched,0.24571020559278878
matched,0.26059131538583596
matched,0.07355552365337102
matched,0.1448707583736938
matched,0.20869821456905605
matched,0.14378272597450678
matched,0.17745883988545436
matched,0.11797595750629017
matched,0.1521507529335318
matched,0.23162623064775706
matched,0.2047276518900785
matched,0.15269854702340024
matched,0.15583041806133782
matched,0.09518394547748756
matched,0.10112656687999154
matched,0.10170836198233457
matched,0.1918488239427574
matched,0.2354985681795858
matched,0.22167526766352597
matched,0.15707334396179798
matched,0.10235438121935186
matched,0.0762416036388639
matched,0.06994008266023923
matched,0.16830878963951373
matched,0.1621583842718872
matched,0.1467974824139208
matched,0.19554737852193824
matched,0.21602732170246847
matched,0.10464756061624945
matched,0.2117809730334192
matched,0.06432613771165631
matched,0.12123627681357622
matched,0.10619271773870602
matched,0.07107344974272567
matched,0.1170201512667266
matched,0.07591292718494283
matched,0.06079003241429856
matched,0.09164028439957989
matched,0.30661735260561096
matched,0.1874891385654595
matched,0.12107004964147822
matched,0.19862258120575146
matched,0.14501809609441704
matched,-0.015787803459036336
matched,0.2186265102116374
matched,0.049369470113110034
matched,0.06489282125289954
matched,0.0640427959410347
matched,0.10266794611217313
matched,0.09490438159714089
matched,0.08621901185501969
matched,0.038984049747259136
matched,0.11911688036932655
matched,0.10376731218218499
matched,0.06917694882469833
matched,0.07878790168418348
matched,0.17859220696794081
matched,0.18018269877369683
matched,0.16164081330421842
matched,0.005383493641810668
matched,0.19727765226786756
matched,0.09799469584205396
matched,0.2439157077121852
matched,0.26540812548640336
matched,0.03244829957158724
matched,0.09057491934204263
matched,0.27365525995662987
matched,0.19185637972330732
matched,0.24042115920785198
matched,0.12522572894392855
matched,0.1358000438235272
matched,0.04298483554843634
matched,0.11569411178021745
matched,0.11133064851264461
matched,0.17958957000052891
matched,0.19320508655146623
matched,0.12673688505391048
matched,0.11373716461779085
matched,0.08544076645837899
matched,0.2922613695607825
matched,0.027038360697851895
matched,0.1929784131349689
matched,0.2228615252098618
matched,0.002916531292265148
matched,0.21679045553800935
matched,0.14871665067359782
matched,0.07797187738479325
matched,0.007952459028779968
matched,0.21987321400237253
matched,0.09858782461522188
matched,0.156650220251003
matched,0.16890191841268165
matched,0.17325027011915467
matched,0.09178006633975322
matched,0.20757240326711954
matched,0.2859145138988583
matched,0.20039818963498027
matched,0.10796454827765982
matched,0.18884540117416831
matched,0.12789291947804668
matched,0.2143423826398386
matched,0.2113314040906996
matched,0.16523358695570045
matched,0.16287618342412863
matched,0.19194704908990626
matched,0.028149060438688617
matched,0.028900860603404636
matched,0.20088553748044943
matched,0.050385722597072885
matched,0.09505927509841404
matched,0.23520767062841427
matched,0.06608663457978527
matched,0.1333217478031568
matched,0.19701319994862068
matched,0.3522353776756908
matched,0.25279752774860403
matched,0.20215490861283425
matched,0.1551050631285465
matched,0.12977053094469926
matched,0.19676763708074865
matched,-0.021609532372741765
matched,0.11722415734157418
matched,0.21451616559248654
matched,0.24457683851030232
matched,0.15188252272401004
matched,0.2226046286711649
matched,0.15849005281490602
matched,0.0871559286432085
matched,0.14366183348570824
matched,0.04738229982848378
matched,0.21756870093465006
matched,0.2052792238702219
matched,0.08092240968953297
matched,0.11992912677844185
matched,0.0046354713673696065
matched,0.14110797965983876
matched,0.20869443667878113
matched,0.05661168577019849
matched,0.32110556181006283
matched,0.13925681342511087
matched,0.008111130420328072
matched,0.12126649993577587
matched,0.26070465209408455
matched,0.14544499769548694
matched,0.11587167262314034
matched,0.16366198460131923
matched,0.24053449591610063
matched,0.04308683858586011
matched,0.04939591534503472
matched,0.07699718169385489
matched,0.35955315113827835
matched,0.19288774376836998
matched,0.054624515485572234
matched,0.19771210964948735
matched,0.030986256035179717
matched,-0.0038232249582543123
matched,0.17091553392923256
matched,0.022882681395401554
matched,0.2883588089067541
matched,0.10496490339934567
matched,0.05848929723685105
matched,0.16062078292998058
matched,0.09527461484408646
matched,0.2063030321347347
matched,0.06576929179668906
matched,0.2120605369137659
matched,0.06578440335778887
matched,0.1928272975239707
matched,0.10326863066589093
matched,0.07755253156427325
matched,0.13081700655086173
matched,0.013528625074613332
matched,0.08563721675267663
matched,0.03546683390127617
matched,0.12663110412621176
matched,0.12327633756205185
matched,0.09536906210096034
matched,0.14658214266824837
matched,0.08941888491790645
matched,0.034178573317516565
matched,0.08783594889270037
matched,0.1627288457034054
matched,0.009644953871959744
matched,0.2864585300984518
matched,0.05412205607900325
matched,0.23982425254440914
matched,0.1249121640511073
matched,0.055240311600389884
matched,0.17175422557027253
matched,0.11683503464325382
matched,0.1577155853085403
matched,0.19303885937936816
matched,0.16936659891650105
matched,0.16156903338899423
matched,0.05732948492243991
matched,0.07587137039191834
matched,0.138327452417472
matched,0.09064669925726677
matched,0.10745831098081586
matched,-0.014129309628331156
matched,0.15930985500457126
matched,0.0652214977068206
matched,0.1819998639959501
matched,0.14539966301218749
matched,-0.0006611307981170995
matched,0.23341317274781073
matched,0.19340909262631376
matched,0.24205698569690742
matched,0.09905250511904133
matched,0.05499097084224285
matched,0.19753454880656446
matched,0.06891249650545149
matched,0.089539777406705
matched,-0.009335166869413445
matched,0.2361332537457782
matched,0.18411548254992482
matched,0.16342397751399707
matched,0.17305004193458204
matched,0.01154901057053699
matched,0.16158036705981912
matched,0.07427332280561243
matched,0.1898427642067564
matched,0.2236888831800769
matched,0.0801932768664667
matched,0.1878744833735049
matched,0.1873229113933615
matched,0.07727674557420154
matched,0.17961223734217865
matched,0.13020498832631905
matched,0.1005183265457238
matched,0.15296677723292204
matched,0.08073351517578524
matched,0.09466259661954379
matched,0.1437562807425821
matched,0.058221067027329265
matched,0.1625512848604825
matched,0.1740511828574451
matched,0.12842937989709027
matched,0.126275982440366
matched,0.06329855155686859
matched,0.1746103106181384
matched,0.16827101073676418
matched,0.0622180749382315
matched,0.1186446440849572
matched,0.14564522588005957
matched,0.023906489659914317
matched,0.16641984450203628
matched,0.14762106249386095
matched,0.18950275408201042
matched,0.18775359088470633
matched,0.1789057718607621
matched,0.11497631262797603
matched,0.23344339587001037
matched,0.205105440917574
matched,0.13979705173442944
matched,0.15739068674489418
matched,0.1847350565550174
matched,0.18012225252929753
matched,0.13178036857097522
matched,0.09254697806556907
matched,0.03195717383584311
matched,0.12943429871022827
matched,0.06523283137764548
matched,0.10646472583850275
matched,0.15170118399081214
matched,0.18168252121285391
matched,0.11153465458749215
matched,0.23832065221497706
matched,0.09126627326235937
matched,0.15013335952670592
matched,0.08208222200394412
matched,0.15155384627008892
matched,0.1139071696801638
matched,0.06484370867932512
matched,0.1847275007744675
matched,0.09489304792631603
matched,0.10706541039222058
matched,0.10865968008825153
matched,0.08427717625369288
matched,0.07744297274629956
matched,0.06360456066913993
matched,0.025576317161444363
matched,0.06741267406629442
matched,0.22875125614851644
matched,0.11073374184920173
matched,0.08706903716688452
matched,0.05781683276790909
matched,0.1007865567552456
matched,0.0432379541968583
matched,0.10253194206227476
matched,0.1447196427626956
matched,0.07485511790795547
matched,0.16948749140529965
matched,0.10371442171833561
matched,0.08322314486698047
matched,0.10293995421196987
matched,0.09254697806556907
matched,0.23768974453905964
matched,0.22518870561923401
matched,0.01983770183378794
matched,0.1967714149710236
matched,0.1608134553340033
matched,0.13477245766873946
matched,0.43782725974506803
matched,0.1125924638644795
matched,0.2229030820028863
matched,0.14203356277720272
matched,0.13991038844267806
matched,0.289208834218619
matched,0.20781041035444167
matched,-0.00012844826934846505
matched,0.2883436973456543
matched,0.06266386599067617
matched,0.13088878646608587
matched,0.16280818139917946
matched,0.18490883950766535
matched,0.08646457472289175
matched,0.20879266182592993
matched,0.17109309477215545
matched,0.32880490219042074
matched,0.19689986324037204
matched,0.05868952542142366
matched,0.0023385140801970546
matched,0.12448904034031234
matched,0.13166703186272657
matched,0.14882620949157152
matched,0.12983097718909853
matched,0.06162494616506358
matched,0.15990298377773915
matched,0.17561522943127642
matched,0.09132671950675865
matched,0.09025757655894644
matched,0.1755132263938526
matched,0.11305336647802401
matched,0.0999403093336557
matched,0.0675146771037182
matched,0.1381083347815246
matched,0.18461416406621886
matched,0.17094953494170714
matched,0.27194009777180034
matched,0.1454563313663118
matched,0.06531972285396943
matched,0.13532780753915782
matched,0.10330263167836555
matched,0.15453082380675337
matched,0.20322027367037152
matched,0.07746564008794929
matched,-0.1519580805295091
matched,0.11424340191463479
matched,0.017582301339639894
matched,0.22837346712102097
matched,0.06908627945809942
matched,0.1452636589622891
matched,0.12876561213156124
matched,0.06917317093442338
matched,0.18890584741856759
matched,0.12053736711270958
matched,0.2308895420441409
matched,0.09970230224633357
matched,-0.011613234705211223
matched,0.17650681153616574
matched,0.09422436134764903
matched,0.09654020808619636
matched,0.1927026271448972
matched,0.13489335015753803
matched,0.16856568617821066
matched,0.056694799356247494
matched,0.27664734905439403
matched,-0.04720096109528595
matched,0.20238158202933157
matched,0.08213511246779348
matched,0.049698146567031115
matched,0.151213836145343
matched,0.10470800686064874
matched,0.22932171758003458
matched,0.1031212929451677
matched,-0.003373656015534685
matched,0.04216125546849618
matched,0.18628021367747397
matched,0.199249710991394
matched,0.07206325699476385
matched,0.15037514450430303
matched,0.286779650771823
matched,0.1955322669608384
matched,0.1277909164406229
matched,-0.023755374048916127
matched,0.15658221822605384
matched,0.1790871105939599
matched,0.19833546154485493
matched,0.13800255385382587
matched,0.0758071462572441
matched,0.24520396829594482
matched,0.07789254168901918
matched,0.11414895465776091
matched,-0.048840565474616356
matched,0.11900354366107789
matched,0.1675834347067224
matched,0.02633567310671029
matched,0.20814664258891263
matched,0.23984691988605883
matched,0.1744100824335658
matched,0.19750432568436482
matched,0.07854989459686133
matched,0.08950577639423041
matched,0.1565859961163288
matched,0.03272408556165895
matched,0.2520759507060877
matched,0.07561825174349637
matched,0.196148063075656
matched,0.29364029951114096
matched,0.19990328600896115
matched,0.1278173616725476
matched,0.025364755306046895
matched,0.1391699219487869
matched,0.2239911144020733
matched,0.1753885560147791
matched,0.20296337713167462
matched,0.10348019252128841
matched,0.10929058776416897
matched,-0.03434102259933963
matched,0.08288313474223453
matched,0.1071296345268948
matched,0.12699000370233246
matched,0.17700927094273475
matched,0.004223681327399528
matched,0.19945371706624157
matched,0.12375990751724607
matched,0.16193171085538993
matched,0.1330044050200606
matched,0.20489765695245143
matched,0.16234350089536
matched,0.217323138066778
matched,-0.03876493211131176
matched,-0.07133034628142261
matched,0.13382798510000077
matched,0.09777935609638154
matched,0.22731943573430852
matched,0.1566124413482535
matched,-0.004741252295068342
matched,0.1680934498938413
matched,0.18511662347278784
matched,0.18183363682385212
matched,0.034420358295113675
matched,0.2045803141693553
matched,0.16594760821766694
matched,0.08301913879213293
matched,0.18671089316881878
matched,0.14829730485307785
matched,0.10833855941488037
matched,0.012776824909897318
matched,0.1803602596166197
matched,0.12332545013562626
matched,0.14601168123673017
matched,0.15023158467385472
matched,0.04644160515002002
matched,0.06946784637586986
matched,0.10204459421680556
matched,0.16466312552418225
matched,0.055338536747538705
matched,0.34436603223295986
matched,0.15103627530242014
matched,0.14698259903739352
matched,0.10507068432704442
matched,0.16523358695570045
matched,0.24994144270073818
matched,0.13554314728483025
matched,0.15992942900966384
matched,0.0872125969973328
matched,0.15317456119804457
matched,0.16935148735540123
matched,0.025496981465670313
matched,0.17237002168509016
matched,0.14498031719166748
matched,0.13088500857581092
matched,0.1415651043831083
matched,0.1963596249310535
matched,0.14539210723163756
matched,0.09236186144209628
matched,0.19011099441627816
matched,0.14215823315627618
matched,0.0725279374985833
matched,0.1442511843686012
matched,0.2317244557949059
matched,0.025115414547899874
matched,0.17558500630907678
matched,0.10121723624659044
matched,0.13536558644190738
matched,0.07038209582240894
matched,-0.09480615644999206
matched,0.09061647613506713
matched,0.259748845854521
matched,0.07186302881019124
matched,0.10368042070586103
matched,0.07660805899553454
matched,0.16269862258120577
matched,0.13795721917052642
matched,0.07151924079517036
matched,0.2580147942183167
matched,0.22332620571368125
matched,0.19554737852193824
matched,0.3288389032028953
matched,0.12049958820996003
matched,0.11857664206000801
matched,-0.012988386765294789
matched,0.017933645135210695
matched,0.25280886141942893
matched,0.2897377388571126
matched,0.11664991801978104
matched,0.18629154734829884
matched,0.11375227617889067
matched,0.31604696673189825
matched,0.07661183688580948
matched,0.039766073034174794
matched,0.06711044284429803
matched,0.04301883656091093
matched,-0.06473414986135143
matched,0.20518099872307308
matched,0.15082471344702264
matched,0.08083174032293405
matched,0.08131531027812827
matched,0.048749896108017436
matched,0.08253179094666374
matched,0.16111946444627465
matched,0.21003180983611514
matched,-0.012512372590650477
matched,0.04249748770296716
matched,0.22603495304082388
matched,0.21645044541326344
matched,0.1614745861321204
matched,0.22695298037763792
matched,0.1594723042863943
matched,0.06399746125773524
matched,0.05156442436285882
matched,0.25838124957498737
matched,0.2194538681818525
matched,0.20317871687734704
matched,0.009210496490339934
matched,0.11036728649253111
matched,0.1959100559883339
matched,0.1619997128803391
matched,0.15747380033094321
matched,0.25153571239676914
matched,0.09132294161648369
matched,0.10164413784766035
matched,0.10163658206711045
matched,0.25466758343470675
matched,0.1354146990154818
matched,0.04041964805174198
matched,0.15905295846587433
matched,0.053173805619989564
matched,0.05419005810395243
matched,0.1940777792049808
matched,0.07665717156910894
matched,0.18179585792110253
matched,0.15851649804683074
matched,0.021141073978647364
matched,0.1065100605218022
matched,0.12199941064911711
matched,0.20658259601508136
matched,0.15580775071968808
matched,0.06441680707825521
matched,0.13480645868121405
matched,0.1958496097439346
matched,0.1321619354887457
matched,0.06960385042576823
matched,0.13259261498009053
matched,0.14626857777542707
matched,0.02262200696642967
matched,0.040631209907139455
matched,0.20636347837913396
matched,0.22609539928522318
matched,0.05138686351993593
matched,0.01660004986815163
matched,0.1669789722627296
matched,0.18092316526758798
matched,0.10602271267633304
matched,0.08014038640261734
matched,0.04152656990230376
matched,0.09296632388608905
matched,-0.05081262419814279
matched,0.04450732532924314
matched,0.18506751089921344
matched,0.18328812457970972
matched,0.08491941760043523
matched,0.16013721297478636
matched,0.03437124572153927
matched,0.2045538689374306
matched,0.19790100416323508
matched,0.28505693280644356
matched,0.10198792586268125
matched,0.2470702460917725
matched,0.15044692441952717
matched,0.0030525353421635222
matched,0.24619755343825794
matched,0.09112271343191108
matched,0.1219918548685672
matched,0.2618682422987707
matched,-0.03199117484831771
matched,0.2789443063415666
matched,0.21998655071062118
matched,0.12559596219087413
matched,0.17881888038443813
matched,0.22666586071674136
matched,0.1870131243908152
matched,-0.005723503766556604
matched,0.16508247134470228
matched,0.15015980475863058
matched,0.19218883406750334
matched,0.024303168138784578
matched,0.20967668815026938
matched,0.10249794104980016
matched,0.18764025417645772
matched,0.06866693363757943
matched,0.16751921057204816
matched,0.20948779363652162
matched,0.12615886784184238
matched,0.06904094477479995
matched,0.18539996524340946
matched,-0.08354426554035164
matched,0.19977105984933774
matched,0.23441809156094873
matched,0.19276307338929646
matched,0.22607273194357344
matched,0.2536059962674444
matched,0.27080295279903893
matched,0.1540094749488096
matched,0.1651391396988266
matched,0.33019894370187913
matched,0.06033290769102902
matched,0.14621568731157775
matched,0.07429976803753711
matched,0.17473120310693696
matched,0.2532999871551731
matched,0.180919387377313
matched,0.04114878087480827
matched,0.1659173850954673
matched,0.18249098973169425
matched,0.12657443577208743
matched,0.13552047994318053
matched,0.09547484302865908
matched,0.14964601168123676
matched,0.1890191841268162
matched,0.1483350837558274
matched,0.1041677685513302
matched,0.2560427354947903
matched,-0.029240870728150573
matched,0.23057219926104466
matched,0.18858850463547136
matched,0.04989837475160372
matched,0.321672245351306
matched,-0.15364679748241394
matched,0.08263379398408753
matched,0.0601591247383811
matched,0.15139139698826587
matched,0.03428057635494035
matched,0.17983891075867592
matched,0.11651391396988266
matched,0.05581077303190806
matched,0.13067344672041345
matched,0.07508556921472773
matched,0.14041284784924707
matched,0.08717859598485822
matched,0.27661712593219445
matched,0.11572433490241708
matched,0.06610174614088508
matched,0.14264180311147043
matched,0.18773092354305662
matched,0.05369515447793335
matched,0.15255120930267702
matched,0.07870101020785951
matched,0.11950600306764692
matched,0.03239163121746292
matched,0.29955269779144533
matched,0.18903807357819102
matched,0.07581470203779402
matched,0.11503298098210037
matched,0.17830886519731923
matched,0.1253655108841019
matched,0.16141036199744616
matched,0.160001208924888
matched,0.09983075051568202
matched,0.15303855714814618
matched,0.08856130382549168
matched,0.2174629200069513
matched,0.08466252106173827
matched,0.11776061776061778
matched,0.22905726526078776
matched,0.1748294282540858
matched,0.04629804531957175
matched,0.09072225706276588
matched,0.3262397146937264
matched,0.06068047359632488
matched,0.18861494986739605
matched,0.11004238792888499
matched,0.030514019750810358
matched,0.11766994839401884
matched,0.12519550582172892
matched,0.2408102819061723
matched,0.02682679884245442
matched,0.17083619823345852
matched,0.2010706541039222
matched,0.06329477366659363
matched,0.06157205570121422
matched,0.1399746125773523
matched,0.17893599498296173
matched,0.126442209612464
matched,0.10796077038738489
matched,0.12586419240039592
matched,0.21627288457034055
matched,0.05278846081194418
matched,0.1721433482685929
matched,0.12867872065523728
matched,0.21227209876916334
matched,0.20276692683737693
matched,0.09947940672011121
matched,0.2511541454789987
matched,0.15448548912345392
matched,-0.058039728294131426
matched,0.14876576324717225
matched,0.2621553619596672
matched,0.09839137432092424
matched,0.042206590151795634
matched,0.12418303122804102
matched,0.1219087412825182
matched,0.241342964434941
matched,0.06361589433996478
matched,0.2539157832699907
matched,-0.01271637866549804
matched,0.17127443350535326
matched,0.162260387309311
matched,-0.011220334116615917
matched,0.0787198996592343
matched,0.025746322223817328
matched,0.2416149725347377
matched,0.09883338748309395
matched,0.07878412379390855
matched,0.12807425821124452
matched,0.17416074167541878
matched,0.13590960264150087
matched,-0.014729994182048976
matched,0.21988832556347235
matched,0.16362420569856967
matched,0.12061670280848365
matched,-0.013411510476089732
matched,0.12118338634972688
matched,0.09419036033517443
matched,0.025478092014295538
matched,0.3304293950086513
matched,0.18159940762680488
matched,0.15328412001601827
matched,0.2019395688671618
matched,0.14042040362979696
matched,0.21974098784274912
matched,0.2615508995156745
matched,0.1303863270595169
matched,0.1708475319042834
matched,0.11106997408367271
matched,0.23458431873304675
matched,-0.012028802635456257
matched,0.0660828566895103
matched,0.31490604386886184
matched,0.09803625263507847
matched,0.08541809911672926
matched,0.07715585308540299
matched,0.13403954695539824
matched,0.21603487748301836
matched,0.23923112377124117
matched,0.08710681606963408
matched,0.09732600926338694
matched,0.033347437457026494
matched,-0.053952051016630274
matched,0.07103944873025109
matched,0.05495696982976827
matched,0.0820671104428443
matched,0.3211508964933622
matched,0.01067631791702242
matched,0.1463856923739507
matched,0.11267179956025357
matched,0.02756348744607062
matched,0.03616574360214282
matched,0.1596574209098671
matched,0.07030653801690984
matched,0.16129324739892253
matched,-0.02551209302677013
matched,0.38617972179616017
matched,-0.0009595841298385329
matched,0.15503706110359733
matched,0.16546026037219774
matched,0.04345329394253073
matched,0.14726216291774022
matched,0.06723889111364649
matched,0.0915231698010563
matched,0.20241936093208107
matched,0.07307195369817679
matched,0.13207126612214676
matched,0.07415620820708883
matched,0.24643178263530513
matched,0.28457336285124935
matched,0.17625747077801873
matched,0.2983437729034598
matched,0.2286114742083431
matched,0.22968061715615534
matched,0.34288509924517757
matched,0.2592086075452025
matched,0.06944517903422012
matched,0.14432296428382535
matched,0.14911332915246808
matched,0.29363652162086606
matched,0.2044707553513816
matched,0.12998587069037168
matched,0.20340161240356933
matched,0.21542285925847568
matched,0.1758267912866739
matched,0.07720496565897741
matched,0.1419995617647281
matched,0.06283764894332408
matched,0.03217251358151554
matched,0.09642309348767275
matched,-0.02102018148984881
matched,0.11798729117711504
matched,0.08633990434381823
matched,0.08378605051794877
matched,0.10674806760912436
matched,0.22308819862635912
matched,0.08174598976947314
matched,0.24582732019131234
matched,0.21575531360267175
matched,0.25383644757421664
matched,0.12418303122804102
matched,0.14399050993962934
matched,0.06590907373686239
matched,0.13134213329908048
matched,0.16454978881593363
matched,0.08001193813326885
matched,0.07651361173866067
matched,0.07737874861162533
matched,0.15768914007661564
matched,0.1677232166468957
matched,0.04468488617216602
matched,0.2064768150873826
matched,0.04953569728520805
matched,0.15237364845975415
matched,0.07644560971371149
matched,0.23696438960626828
matched,0.12318944608572788
matched,0.1878933728248797
matched,0.06395968235498567
matched,0.06271675645452553
matched,0.23619747788045242
matched,0.10965326523056465
matched,0.23474299012459482
matched,-0.041288562814981604
matched,0.06608663457978527
matched,0.09837626275982442
matched,0.22818835049754815
matched,0.23673393829949602
matched,0.06180628489826142
matched,0.180919387377313
matched,0.28167949890063393
matched,0.1581764879220848
matched,0.09672154681939418
matched,0.12239231123771242
matched,0.23315627620911378
matched,0.05696302956576929
matched,0.12029936002538742
matched,0.1848446153729911
matched,-0.014129309628331156
matched,0.16289885076577837
matched,0.06006467748150723
matched,0.13788543925530225
matched,0.2685173291826912
matched,0.1001254259571285
matched,0.04003052535342164
matched,0.0765438348608603
matched,0.19333353482081467
matched,0.13992550000377788
matched,0.1863331041413233
matched,0.23714572833946615
matched,0.17816908325714587
matched,0.07349507740897174
matched,0.14442874521152407
matched,0.2873425564227913
matched,0.2741766088145736
matched,0.25979418053782044
matched,0.185192181278287
matched,0.26523812042403044
matched,0.1617088153291676
matched,0.06102426161134576
matched,0.008787372779544991
matched,0.060586026339450996
matched,0.1202086906587885
matched,0.07535002153397458
matched,0.21369636340282133
matched,0.24373059108871245
matched,0.14193911552032884
matched,0.17998624847939915
matched,0.15985387120416475
matched,0.15547151848521712
matched,0.17702816039410949
matched,0.05520253269764033
matched,0.08569388510680097
matched,0.02267111954000408
matched,0.0036607756764312537
matched,0.08960022365110429
matched,0.09502149619566451
matched,0.023808264512765492
matched,0.12527484151750298
matched,0.1160076766730387
matched,0.05001926724040227
matched,0.20986180477374214
matched,0.2257251660382776
matched,0.1320939334637965
matched,0.14992557556158337
matched,0.12344256473414987
matched,0.30687424914430783
matched,0.18830138497457483
matched,0.16573604636226943
matched,0.1300576506055958
matched,0.24784471359813823
matched,0.16737565074159985
matched,0.10614738305540655
matched,0.22315997854158323
matched,0.0968613287595675
matched,0.07026875911416029
matched,0.14258891264762105
matched,0.14459119449334715
matched,0.14190511450785423
matched,0.0660828566895103
matched,0.11812329522701343
matched,0.0412130050094825
matched,0.1743609698599914
matched,-0.010090744924404416
matched,0.10182547658085819
matched,0.19628406712555443
matched,0.1646442360728075
matched,0.020321271788982163
matched,-0.035089044873780686
matched,0.18489372794656553
matched,0.15796492606668733
matched,0.0032112067337116265
matched,0.14536566199971288
matched,0.13640450626751996
matched,0.06872360199170376
matched,0.08808528965084737
matched,0.06456414479897846
matched,0.1954982659483638
matched,0.07476444854135657
matched,0.062448526245003744
matched,0.07314751150367588
matched,0.03424657534246576
matched,0.16632161935488746
matched,0.20201890456293586
matched,0.2393217931378401
matched,0.0072308819862635905
matched,0.1129286960989505
matched,0.2636665180696492
matched,0.053068024692290834
matched,0.14098708717104022
matched,0.09876916334841972
matched,-0.029618659755646058
matched,0.23962780225011146
matched,0.16192037718456503
matched,0.00026445231924683983
matched,0.12931718411170465
matched,0.19272529448654693
matched,0.17217734928106748
matched,0.21472394955760907
matched,0.033793228509471175
matched,0.11885620594035469
matched,0.09448881366689585
matched,0.12586419240039592
matched,0.017298959569018276
matched,0.1611459096781993
matched,0.1301747652041194
matched,0.3122275196639189
matched,0.15968386614179178
matched,0.1833070140310845
matched,0.2176820376428987
matched,0.04300750289008606
matched,0.22444068334479295
matched,0.12577352303379702
matched,0.27371192831075414
matched,0.21587998398174527
matched,0.09440947797112181
matched,0.14487453626396873
matched,0.10577714980846097
matched,0.22643540940996915
matched,0.13669162592841655
matched,0.07282639083030472
matched,0.2500963362020113
matched,0.08015549796371715
matched,0.05472274063272107
matched,0.17586834807969837
matched,0.14958556543683746
matched,0.1844441590038459
matched,0.03931272620118021
matched,0.09863693718879628
matched,0.16477268434215597
matched,0.16073411963822923
matched,0.05865930229922402
matched,0.14185600193427983
matched,0.009282276405564076
matched,-0.01325283908454163
matched,0.14431163061300048
matched,0.09309099426516257
matched,0.14431540850327546
matched,-0.009864071507907125
matched,0.2985666684296821
matched,0.17176178135082246
matched,0.15615909451525892
matched,0.15393769503358548
matched,0.22074212876561214
matched,0.1956153805468874
matched,0.3364929088999539
matched,0.32072021700201736
matched,0.15396414026551014
matched,0.10680473596324869
matched,0.03391034310799477
matched,0.07326084821192454
matched,0.24848695494488057
matched,0.060015564907932806
matched,0.048111432651550066
matched,0.10342352416716409
matched,0.1415651043831083
matched,0.13758698592358082
matched,0.02147352832284339
matched,0.01309794558326848
matched,0.010090744924404416
matched,0.18963498024163386
matched,0.16585693885106803
matched,0.22970328449780505
matched,-0.06366122902326425
matched,0.14788929270338272
matched,0.08346870773485256
matched,0.13348797497525483
matched,0.14163310640805749
matched,0.24453905960755276
matched,0.2869496558341959
matched,0.203851181346289
matched,0.16119502225177373
matched,0.17344672041345233
matched,0.03914272113880725
matched,0.1434729389719605
matched,0.1323697194538682
matched,0.24273700594639933
matched,0.1165932496656567
matched,0.214561500275786
matched,0.3015134228441469
matched,0.04181368956320032
matched,0.18426282027064805
matched,0.03336254901812632
matched,0.006452636589622892
matched,0.18183741471412707
matched,0.15488972338287404
matched,0.26138845023385143
matched,0.09074870229469056
matched,0.26172468246832237
matched,-0.024189831430535932
matched,0.18939319526403675
matched,0.1361249423871733
matched,0.08712192763073388
matched,0.14199578387445314
matched,0.2039267391517881
matched,0.23365117983513287
matched,0.23655259956629818
matched,0.2198241014287981
matched,0.07315884517450076
matched,0.0061050706843270445
matched,0.2122078746344891
matched,0.1263515402458651
matched,0.14112309122093858
matched,0.2969572871725514
matched,0.1539830297168849
matched,0.2508670258181021
matched,0.27251055920331846
matched,0.11171977121096495
matched,0.14047329409364634
matched,0.10586781917505987
matched,0.2730016849390626
matched,0.23604636226945422
matched,0.10727697224761804
matched,0.13587182373875134
matched,0.22833568821827138
matched,0.09985341785733176
matched,0.04539512954385753
matched,0.110794188093601
matched,0.12046558719748543
matched,0.2653967918155785
matched,0.19152014748883636
matched,0.1817165222253285
matched,-0.0003362322344709821
matched,0.100586328570673
matched,0.29523456920717195
matched,0.1609041247006022
matched,0.06938851068009581
matched,0.20706616597027558
matched,0.06578062546751391
matched,0.09510083189143854
matched,0.1719733432062199
matched,0.061862953252385736
matched,-0.043763080945077026
matched,0.10604538001798276
matched,0.2091477835117757
matched,0.17226424075739144
matched,0.1913576982070133
matched,0.16345042274592178
matched,0.23016418711134953
matched,0.1111719771210965
matched,-0.011601901034386358
matched,0.29410498001496044
matched,0.09562218074938232
matched,0.11535410165547152
matched,0.19565315944963696
matched,0.13661606812291743
matched,0.2587552607122079
matched,0.03389523154689495
matched,-0.058987978753145084
matched,0.02808483630401439
matched,0.3351782030842696
matched,0.2754119789344838
matched,0.19641251539490287
matched,0.1639151032497412
matched,0.05222177727070095
matched,0.2781396157130013
matched,0.185188403388012
matched,0.10867479164935134
matched,0.10923014151976969
matched,0.09504794142758917
matched,0.2658425828680232
matched,0.1257357441310475
matched,0.1540434759612842
matched,0.12074892896810704
matched,0.1825023234025191
matched,0.11119086657247126
matched,0.05208199533052762
matched,0.20759507060876922
matched,0.2065674844539815
matched,0.16056411457585626
matched,-0.03439769095346395
matched,0.20198112566018636
matched,0.11681614519187905
matched,0.13505957732963603
matched,0.16298952013237727
matched,0.005421272544560216
matched,0.1684032368963876
matched,0.22712676333028584
matched,0.1319843746458228
matched,0.17842975768611777
matched,0.20336383350081977
matched,0.12301566313307996
matched,0.32109422813923794
matched,0.08168554352507386
matched,0.05258067684682166
matched,0.18264210534269243
matched,0.057593937241686745
matched,0.11798729117711504
matched,0.08018572108591679
matched,0.042199034371245725
matched,0.10641561326492835
matched,0.14035617949512275
matched,-0.012489705249000749
matched,0.08575055346092528
matched,0.2116071900807713
matched,0.12372212861449651
matched,0.228955262223364
matched,0.1433973811664614
matched,0.23841887736212589
matched,0.2790878661720149
matched,0.08783217100242541
matched,0.039973856999297314
matched,0.08330248056275454
matched,0.15615531662498397
matched,0.14081330421839228
matched,0.05890864305737104
matched,0.09835359541817466
matched,0.1646291245117077
matched,0.05705369893236821
matched,0.328786012739046
matched,0.0993471805604878
matched,0.0514473097643352
matched,0.09513483290391314
matched,0.17193556430347037
matched,0.2581356867071153
matched,0.15685800421612556
matched,0.1569108946799749
matched,0.04318128584273398
matched,0.1600503214984624
matched,0.1771641644440079
matched,0.15957052943354313
matched,0.11449274267278181
matched,0.10813833123030775
matched,0.13697496769903816
matched,0.13325752366848256
matched,0.19506758645701897
matched,0.12606442058496853
matched,-0.022629562746979578
matched,0.07606404279594103
matched,0.16026943913440977
matched,0.14101731029323986
matched,0.09305699325268796
matched,0.07953214606834959
matched,0.07596959553906717
matched,0.06658531609607932
matched,0.058515742468775736
matched,0.09547484302865908
matched,0.15724334902417095
matched,0.172218906074092
matched,0.1215233964744728
matched,0.1345268948008674
matched,0.12015580019493914
matched,0.2160991016176926
matched,0.13817255891619884
matched,0.0778660964570945
matched,0.09009134938684842
matched,0.054382730507975124
matched,0.0725354932791332
matched,0.16200349077061407
matched,0.2519286129853645
matched,0.12982342140854863
matched,0.1110133057295484
matched,0.1597140892639914
matched,0.18916652184753946
matched,0.14834641742665225
matched,0.22423667726994537
matched,0.1494306719355643
matched,0.10133812873538901
matched,0.2775238195981836
matched,0.023415363924170186
matched,0.08946044171093094
matched,0.24999055527431263
matched,0.09086581689321414
matched,0.040045636914521454
matched,0.16810478356466615
matched,0.015942696960309484
matched,0.10439821985810244
matched,0.08875775411978935
matched,0.1587280599022282
matched,0.09452659256964542
matched,0.11040506539528067
matched,0.21561930955277336
matched,0.3441318030359126
matched,-0.048749896108017436
matched,0.27572932171758
matched,0.005523275581983997
matched,0.12632131712366546
matched,0.008250912360501402
matched,0.17880754671361324
matched,0.034431691965938545
matched,0.2131976818865273
matched,0.07631716144436303
matched,0.13107390308955869
matched,0.024567620458031417
matched,0.08579211025394978
matched,0.22683208788883935
matched,0.10626827554420509
matched,0.1275491314630258
matched,0.2495296526607681
matched,0.10048810342352416
matched,-0.05088440411336693
matched,0.1874400259918851
matched,0.1324339435885424
matched,0.12258498364173512
matched,0.1769790478205351
matched,0.07938858623790132
matched,0.0902424649978466
matched,0.05963777588043733
matched,0.05406538772487892
matched,-0.022168660133435082
matched,0.12716000876470546
matched,0.17235491012399035
matched,0.2257213881480026
matched,0.16403599573853977
matched,0.14727349658856506
matched,-0.04807743163907548
matched,0.20025840769480688
matched,0.09576574057983059
matched,0.1295211901865522
matched,0.016464045818253253
matched,0.0621009603397079
matched,0.07455666457623404
matched,0.31862726578969247
matched,0.18851672472024725
matched,0.1261173110488179
matched,0.17801041186559777
matched,0.157322684719945
matched,0.06131138127224233
matched,0.0258407694806912
matched,0.1659589418884918
matched,0.18328056879915977
matched,0.291966694119336
matched,0.2883361415651044
matched,0.07188947404211593
matched,-0.021175074991121957
matched,0.06187806481348555
matched,0.052871574397993185
matched,0.2430732381808703
matched,0.15409636642513355
matched,0.18942341838623636
matched,0.1721849050616174
matched,0.08780194788022576
matched,0.20680171365102873
matched,0.04213858812684644
matched,0.4086657247126914
matched,0.08087707500623352
matched,0.28648497533037653
matched,0.050740844282918654
matched,0.10071477684002147
matched,0.18933274901963748
matched,0.13998972413845212
matched,0.15163318196586298
matched,0.10614360516513158
matched,0.17992958012527482
matched,0.11590945152588988
matched,-0.04439021073071954
matched,0.1232876712328767
matched,0.31321732691595705
matched,0.03358922243462361
matched,0.038092467642369794
matched,0.0948628248041164
matched,0.20507521779537438
matched,0.2851211569411178
matched,0.09276987359179141
matched,0.19038678040634988
matched,0.1209038224693802
matched,0.027423705505897282
matched,0.03139426818487484
matched,0.1647537948907812
matched,0.13875057612826694
matched,0.15420592524310725
matched,0.15166340508806261
matched,0.1790871105939599
matched,0.12252453739733583
matched,0.08976267293292733
matched,0.06998919523381363
matched,0.10855012127027783
matched,-0.003800557616604583
matched,0.09885605482474367
matched,0.2230466418333346
matched,0.18657111122864548
matched,0.30010049188131377
matched,0.22016033366326906
matched,0.10944548126544214
matched,0.04815676733484952
matched,0.10464378272597451
matched,0.1547877203454503
matched,0.07150412923407053
matched,0.16554715184852173
matched,0.273390807637383
matched,0.16746254221792384
matched,0.17568323145622558
matched,0.1275075746700013
matched,0.048372107080521955
matched,0.015478016456490037
matched,0.07246371336390907
matched,0.1698652804327951
matched,0.23323938979516282
matched,0.042036585089422665
matched,0.10303440146884375
matched,0.16082478900482816
matched,0.19464446274622402
matched,0.150125803746156
matched,0.07551247081579762
matched,0.09626442209612465
matched,0.30544242873009997
matched,0.04758630590333134
matched,-0.04500222895526222
matched,0.055160975904615835
matched,0.04858744682619438
matched,0.05643034703700065
matched,0.04836077340969709
matched,0.3137424536641758
matched,0.09210496490339935
matched,0.17998247058912423
matched,-0.048538334252619976
matched,0.2334887305533098
matched,0.12738668218120272
matched,0.12227141874891385
matched,0.04917679770908733
matched,0.10894302185887314
matched,0.10944170337516718
matched,0.10209748468065494
matched,0.12906784335355764
matched,0.10967215468193942
matched,0.1894876425209106
matched,0.1012059025757656
matched,0.17875465624976392
matched,0.2593748347173005
matched,0.3262510483645513
matched,0.07920724750470347
matched,0.06038579815487839
matched,0.16870546811838397
matched,-0.09224474684357267
matched,0.03959229008152687
matched,0.11335181980974546
matched,0.21495440086438128
matched,0.23739506909761313
matched,0.11249801660760565
matched,0.1807947169982395
matched,0.1530725581606208
matched,0.02786194077779205
matched,0.21114628746722683
matched,0.0011635902046860953
matched,0.18791226227625446
matched,0.15122516981616788
matched,0.17189022962017092
matched,0.137991220183001
matched,0.25944283674224966
matched,0.09075625807524047
matched,0.05233511397894959
matched,0.15229809065425506
matched,0.092886988190315
matched,0.06432235982138135
matched,0.1146703035157047
matched,0.19504114122509428
matched,0.2196238732442255
matched,0.25410467778373846
matched,0.2680073139955723
matched,0.1766768165985387
matched,0.3099985644016955
matched,0.020948401574624666
matched,-0.017484076192491066
matched,0.15907562580752405
matched,0.09929051220636348
matched,0.023173578946573077
matched,0.2631149460895058
matched,0.11911310247905162
matched,0.18182608104330217
matched,0.27807916946860195
matched,0.13100212317433452
matched,0.13075656030646246
matched,0.1874060249794105
matched,0.21523774263500292
matched,0.20222291063778344
matched,0.1517805196865862
matched,0.09559951340773258
matched,0.21589131765257008
matched,0.16056033668558128
matched,-0.05310958148531534
matched,0.2173155822862281
matched,0.1419920059841782
matched,0.25784101126566883
matched,0.05687991597972029
matched,0.09718622732321362
matched,0.3089029762219586
matched,0.20264603434857836
matched,0.03195717383584311
matched,0.10068833160809676
matched,0.16628006256186298
matched,0.00903671353769201
matched,0.22188682951892344
matched,0.10984215974431238
matched,0.23201913123635237
matched,-0.056947918004669466
matched,0.13901880633778874
matched,-0.002621855850818669
matched,0.138996138996139
matched,0.08264134976463744
matched,0.2065637065637066
matched,0.10103589751339262
matched,0.2150979606948296
matched,0.12835759998186613
matched,0.07860656295098566
matched,0.09272831679876689
matched,-0.0017982757708785106
matched,0.2258082796243266
matched,0.03636219389644047
matched,0.0983422617473498
matched,-0.014688437389024474
matched,0.18840716590227355
matched,0.18842983324392323
matched,0.17694126891778555
matched,0.05123952579921269
matched,0.12605308691414366
matched,0.2872367754950925
matched,0.10660828566895102
matched,0.19096101972814303
matched,-0.009032935647417058
matched,0.07122078746344891
matched,0.10604538001798276
matched,0.09722778411623813
matched,0.21062493860928305
matched,0.011703904071810137
matched,0.19527537042214144
matched,0.1424340191463479
matched,0.12278143393603276
matched,0.2177500396678479
matched,0.2670628414268336
matched,0.06173072709276231
matched,0.07989482353474527
matched,0.16291774021715313
matched,0.14004639249257644
matched,0.06037068659377857
matched,0.21636355393693943
matched,0.06655131508360472
matched,0.14969890214508608
matched,0.0985613793832972
matched,0.20581946217954045
matched,0.050162827070850555
matched,0.05694036222411956
matched,0.19183749027193256
matched,0.15150473369651452
matched,0.26775419534715034
matched,0.21183764138754352
matched,0.16322752721969944
matched,0.18500328676453923
matched,0.16416066611761326
matched,0.19319375288064136
matched,0.11093397003377435
matched,0.2863980838540525
matched,0.1563593226998315
matched,0.20880777338702974
matched,0.12097560238460435
matched,0.12696355847040777
matched,0.15952519475024368
matched,0.10185192181278287
matched,0.10819499958443206
matched,0.1528949973176979
matched,0.1962916229061043
matched,0.1049044571549464
matched,0.2798207768853561
matched,0.13910569781411267
matched,0.1716560004231237
matched,0.1498840187685589
matched,0.16964616279684772
matched,0.2728467914377895
matched,-0.04497200583306259
matched,0.1913539203167383
matched,0.16414555455651347
matched,0.0932723329983604
matched,0.15311033706337035
matched,0.09267164844464258
matched,0.19417978224240454
matched,0.25820368873206445
matched,0.11688792510710319
matched,0.16798011318559264
matched,0.2836137787214108
matched,0.1778895193767992
matched,0.12341611950222518
matched,0.02631300576506056
matched,0.07905990978398024
matched,0.04994748732517813
matched,0.15737935307406933
matched,0.12576218936297215
matched,0.08036328192883965
matched,0.12530128674942764
matched,0.24376459210118703
matched,0.23325072346598766
matched,0.22060612471571375
matched,0.23396096683767914
matched,0.11683125675297887
matched,0.02516074923119933
matched,0.007423554390286289
matched,0.18855828151327172
matched,0.17802930131697256
matched,0.2678070858109997
matched,0.0744697730999101
matched,0.04201769563804789
matched,0.1780935254516468
matched,0.16016365820671105
matched,0.20195468042826162
matched,0.21037559785113602
matched,-0.006309076759174607
matched,0.09210496490339935
matched,0.030019116124791273
matched,0.37048636559399767
matched,0.1108697458991001
matched,0.11241112513128168
matched,0.05723503766556604
matched,0.20119910237327068
matched,0.3744833735048999
matched,0.10294750999251978
matched,0.12061670280848365
matched,0.20383606978518917
matched,0.2415318589486887
matched,0.10233926965825205
matched,0.04809632109045025
matched,0.33894098179812465
matched,0.15309144761199558
matched,0.27946187730923544
matched,0.17473875888748688
matched,0.18263832745241748
matched,0.18480305857996662
matched,0.08361982334585073
matched,0.08287180107140969
matched,0.20736461930199698
matched,0.044745332416565295
matched,0.07368019403244452
matched,0.07661939266635939
matched,0.12053736711270958
matched,0.23006973985447565
matched,0.001397819401733296
matched,0.17289514843330892
matched,0.17945356595063053
matched,0.08433006671754227
matched,0.2092460086589245
matched,-0.05530831362533906
matched,0.06494193382647394
matched,0.22204927880074654
matched,0.07968703956962274
matched,0.17249091417388876
matched,0.13824433883142298
matched,0.09186317992580223
matched,0.04679672683586578
matched,0.25054968303500597
matched,0.14342760428866105
matched,0.1715993320689994
matched,0.1333973056086559
matched,0.17130087873727795
matched,0.12985364453074824
matched,0.1107790765325012
matched,0.1892118565308389
matched,0.07067677126385542
matched,0.15844849602188152
matched,0.13913214304603738
matched,-0.0075406689888098885
matched,0.15434570718328058
matched,0.1966618561530499
matched,0.2752381959818359
matched,0.058867086264346544
matched,0.003963006898427642
matched,0.22108591678063305
matched,-0.006853092958768106
matched,-0.05940732457366508
matched,0.197156759779069
matched,0.045164678237085275
matched,0.14773062131183462
matched,0.08820996002992089
matched,0.10654783942455176
matched,0.11434162706178362
matched,0.07244104602225933
matched,-0.011190110994416278
matched,0.03399345669404378
matched,0.2234055414094553
matched,0.1392643692056608
matched,-0.01741985205781683
matched,-0.06528194395121989
matched,0.17867532055398985
matched,0.11613990283266214
matched,0.24954098633159302
matched,-0.0867441386032384
matched,0.08782839311215045
matched,0.1623094998828854
matched,0.014703548950124294
matched,0.28823413852768065
matched,0.20669215483305503
matched,0.17898510755653615
matched,0.15951008318914386
matched,0.2302435228071236
matched,0.14007283772450113
matched,0.1460607938103046
matched,0.29162290610431507
matched,0.10862945696605189
matched,0.11542588157069565
matched,0.03655108841018821
matched,0.2824841895291993
matched,0.24874385148357753
matched,0.037030880475107476
matched,0.14518810115679
matched,0.002806972474291457
matched,0.1474132785287384
matched,0.21255166264951
matched,0.28470936690114773
matched,0.12311766617050375
matched,0.23143733613400935
matched,0.35683684803058585
matched,0.05001926724040227
matched,0.10269816923437276
matched,0.01520600835669329
matched,0.16651051386863522
matched,0.19463312907539915
matched,0.19980128297153735
matched,0.200167738328208
matched,0.12150450702309802
matched,0.10799477139985945
matched,0.04758252801305639
matched,0.024231388223560434
matched,0.21878895949346047
matched,0.27062161406584107
matched,0.01013230171742892
matched,0.26858910909791534
matched,0.29334562406969455
matched,0.26559324210987617
matched,0.15890184285487613
matched,0.3209808914309893
matched,0.054118278188728296
matched,0.16020521499973553
matched,0.14181066725098038
matched,0.08972111613990284
matched,0.036517087397713616
matched,0.1385427921631444
matched,-0.008118686200877981
matched,0.2994091379609971
matched,0.15375635630038761
matched,0.17037529561991402
matched,0.144602528164172
matched,0.235483456618486
matched,0.14645747228917483
matched,0.1393814838041844
matched,0.24427082939803094
matched,0.2112634020657504
matched,0.11606434502716304
matched,0.1624681712744335
matched,0.2149619566449312
matched,0.11063929459232785
matched,0.18028092392084563
matched,0.1009867849398182
matched,0.07666094945938391
matched,0.14505209710689163
matched,0.06743534140794415
matched,-0.035791732464922295
matched,0.25203061602278826
matched,0.16854679672683587
matched,0.22926882711618526
matched,0.03938828400667932
matched,0.14719416089279103
matched,0.03503993230020628
matched,-0.08138331230307747
matched,0.3187179351562913
matched,0.31707455288668596
matched,0.06293965198074787
matched,0.09146272355665702
matched,0.10666117613280039
matched,-0.024654511934355375
matched,0.10503668331456982
matched,0.02377048561001594
matched,0.06524794293874529
matched,0.0796492606668732
matched,0.08352915397925183
matched,0.09798336217122909
matched,0.11828196661856152
matched,0.29503434102259934
matched,0.1337750946361514
matched,0.17400207028387069
matched,0.05808884086770584
matched,0.14601545912700514
matched,0.07225970728906149
matched,0.1738660662339723
matched,0.1347195672048901
matched,0.14806307565603066
matched,0.1465443637654988
matched,0.1825212128538939
matched,0.20312582641349763
matched,0.1892647469946883
matched,0.1724342458197644
matched,0.14336715804426173
matched,0.19301619203771847
matched,0.18038670484854438
matched,0.16735298339995014
matched,0.22755744282163068
matched,0.1347120114243402
matched,0.10388820467098353
matched,0.1602996622566094
matched,0.18147473724773136
matched,0.20909489304792633
matched,0.2056381234463426
matched,-0.0035247716265328793
matched,0.06641531103370633
matched,0.09026135444922137
matched,0.19738721108584126
matched,0.2389893387936441
matched,0.046694723798442
matched,0.05301891211871643
matched,0.03413323863421711
matched,0.22550227051205526
matched,0.11696726080287723
matched,0.2264920777640934
matched,0.20229469055300758
matched,0.2259593952353248
matched,0.0872881548028319
matched,0.20417985780021006
matched,0.17182222759522173
matched,0.04853077847207006
matched,0.0672313353330966
matched,0.1571073449742726
matched,0.10171969565315946
matched,0.08457562958541433
matched,0.21481084103393303
matched,-0.1646442360728075
matched,0.14065841071711915
matched,0.062678977551776
matched,0.07076366274017938
matched,0.14312537306666465
matched,0.15212808559188207
matched,0.09956252030616022
matched,0.23662437948152237
matched,0.26317161444363013
matched,0.1357169302374782
matched,0.10906391434767168
matched,0.14690704123189446
matched,0.17500321120673373
matched,0.10842922878147929
matched,0.14668414570567212
matched,0.05406538772487892
matched,0.1757663450422746
matched,0.15691467257024985
matched,0.19433845363395266
matched,0.10533891453656619
matched,0.09488171425549116
matched,0.1428533649668679
matched,0.10773787486116253
matched,0.2923935957204059
matched,0.05178731988908114
matched,0.18820315982742597
matched,0.25777678713099456
matched,0.20149377781471714
matched,0.06851204013630628
matched,0.04222170171289545
matched,0.2009270942734739
matched,0.12197296541719242
matched,0.11334048613892059
matched,0.0035852178709321566
matched,0.08807395598002253
matched,0.08643812949096706
matched,0.24824894785755844
matched,0.16746254221792384
matched,0.09372567983135498
matched,0.07503267875087835
matched,-0.0019456134916017499
matched,0.08127375348510378
matched,0.02671724002448073
matched,0.17252113729608837
matched,0.20695660715230188
matched,0.15216208660435665
matched,0.19260817988802337
matched,0.19394933093563232
matched,0.157322684719945
matched,0.09016312930207256
matched,0.2556989474797694
matched,0.16827101073676418
matched,0.16800278052724235
matched,0.226862311011039
matched,0.02581432424876652
matched,0.16170125954861767
matched,0.24101806587129485
matched,0.22079879711973646
matched,0.24748203613174258
matched,0.20135777376481875
matched,-0.03152649434449826
matched,0.29764486320259315
matched,0.10337063370331472
matched,0.30660979682506107
matched,0.3073011507453777
matched,0.2122229861955889
matched,0.24465617420607635
matched,0.13833878608829683
matched,0.1663669540381869
matched,0.22060234682543878
matched,0.23847176782597526
matched,0.20020551723095756
matched,-0.012697489214123265
matched,0.13608338559414881
matched,0.23382874067805576
matched,0.18758358582233337
matched,0.110627960921503
matched,0.11862575463358242
matched,0.2846526985470234
matched,0.09159494971628043
matched,0.1750107669872836
matched,0.16445911944933472
matched,0.20688482723707774
matched,0.25578583895609336
matched,0.08878797724198899
matched,0.18009580729737285
matched,0.1203258052573121
matched,0.12212408102819063
matched,0.19971061360493847
matched,0.15397547393633498
matched,0.059501771830538945
matched,0.19273285026709683
matched,0.18936675003211206
matched,0.11515387347089892
matched,0.20931778857414865
matched,0.2664168221898163
matched,0.16668429682128313
matched,0.04845522066657096
matched,0.1698237236397706
matched,0.04228214795729473
matched,0.1618183741471413
matched,0.21155429961692193
matched,0.11999712880339104
matched,0.05523653371011493
matched,0.19014121753847785
matched,0.15236609267920423
matched,0.17397184716167105
matched,0.1279684772835458
matched,0.0835404876500767
matched,0.17802174553642267
matched,0.014253980007404665
matched,0.23415741713197682
matched,0.24351902923331495
matched,-0.018028092392084562
matched,0.18042826164156886
matched,0.1457094500147338
matched,0.18441393588164626
matched,0.16530536687092462
matched,0.12723556657020454
matched,0.16452334358400894
matched,0.2412031824947676
matched,0.23697572327709315
matched,0.32074666223394205
matched,0.04380463773810154
matched,0.030854029875556296
matched,0.24727425216662008
matched,-0.06127360236949278
matched,0.05866308018949897
matched,0.17799530030449795
matched,0.11860686518220764
matched,0.22570249869662784
matched,0.3272937460804389
matched,0.10049943709434903
matched,0.12957785854067655
matched,0.24275211750749914
matched,0.1100008311358605
matched,0.05479829843822016
matched,0.11429629237848417
matched,-0.0129203847403456
matched,0.13136857853100514
matched,0.15894339964790064
matched,0.17356383501197595
matched,0.042629713862590575
matched,0.004182124534375024
matched,0.15054137167640103
matched,0.21258566366198461
matched,0.0031016479157379355
matched,0.1205524786738094
matched,0.1375416512402814
matched,0.022081768657111124
matched,0.15692978413134967
matched,0.18022803345699628
matched,0.17388117779507212
matched,0.13400554594292363
matched,0.05213866368465195
matched,0.04315861850108425
matched,0.130544998451065
matched,0.27674935209181784
matched,0.10100189650091802
matched,0.12058270179600902
matched,0.1128606940740013
matched,0.3200288630817007
matched,0.2244595727961677
matched,0.21480706314365808
matched,0.03403879137734324
matched,0.21667334093948576
matched,0.26143378491715086
matched,0.11122108969467091
matched,0.19449712502550076
matched,0.09567129332295674
matched,0.22212861449652055
matched,0.08529342873765575
matched,0.0727621666956305
matched,0.0772805234644765
matched,0.1144511858797573
matched,0.07193858661569033
matched,0.15213186348215701
matched,0.060756031401823965
matched,0.16856190828793569
matched,0.09171206431480404
matched,0.2218490506161739
matched,0.1680254478688921
matched,0.07711807418265344
matched,0.10622294086090564
matched,0.2798472221172808
matched,0.14275891770999402
matched,-0.03201762008024239
matched,0.026501900278808305
matched,0.09362367679393119
matched,0.072218150496037
matched,0.14349182842333527
matched,0.11285691618372637
matched,0.05917687326689283
matched,0.23485632683284347
matched,-0.0576657171569109
matched,0.20509410724674912
matched,0.2076215158406939
matched,0.030650023800708734
matched,0.1837490271932542
matched,0.24911786262079805
matched,0.12005757504779033
matched,0.14238112868249855
matched,0.31049724591798955
matched,0.12550151493400025
matched,0.16425511337448714
matched,0.119664674459195
matched,0.18556241452523253
matched,0.15238876002085397
matched,0.1181761856908628
matched,0.13067344672041345
matched,0.14802907464355605
matched,0.1869866791588905
matched,0.05170042841275718
matched,0.10658184043702636
matched,0.020831286976101066
matched,0.14815374502262957
matched,0.1339337660276995
matched,0.07870101020785951
matched,0.22782945092142748
matched,0.16051500200228186
matched,0.040517873198890816
matched,0.12663110412621176
matched,0.07107344974272567
matched,0.1108621901185502
matched,0.07941880936010094
matched,0.2386682181202729
matched,0.21429327006626417
matched,0.10298906678554429
matched,-0.1321657133790206
matched,0.08519898148078187
matched,0.13671051537979131
matched,0.1714557722385511
matched,0.06621130495885877
matched,0.0538500479792065
matched,0.15201097099335845
matched,0.13855790372424423
matched,0.020555500986029363
matched,0.1419504491911537
matched,0.07412598508488921
matched,0.07324195876054976
matched,0.19894747976939758
matched,0.056199895730228405
matched,0.2947434434714278
matched,0.08633612645354329
matched,0.16810100567439118
matched,0.07111878442602512
matched,0.15267587968175053
matched,0.22682453210828943
matched,0.10562603419746276
matched,0.2090722257062766
matched,0.11035595282170624
matched,0.19516958949444274
matched,0.19708497986384482
matched,0.15531284709366902
matched,0.1427211388072445
matched,0.17243802371003938
matched,0.09870493921374547
matched,0.016037144217183354
matched,0.020819953305276202
matched,0.1065025047412523
matched,0.09530106007601115
matched,-0.02973577435416966
matched,0.28059146650144695
matched,0.04010230526864578
matched,0.2438137046747614
matched,0.14726971869829014
matched,0.02916909081292643
matched,0.21475795057008365
matched,0.06469637095860188
matched,0.1931786413195415
matched,0.028541961027283923
matched,0.14791951582558235
matched,0.13525224973365874
matched,0.26031552939576424
matched,-0.01734051636204278
matched,0.18342790651988305
matched,0.29163423977514
matched,0.05492674670756863
matched,0.22003188539392066
matched,0.059785113601160574
matched,0.11819885303251253
matched,0.16233594511481006
matched,0.19396444249673214
matched,0.1560004231237108
matched,0.04340040347868136
matched,0.24322813168214344
matched,0.06799446916863747
matched,0.02565943074749337
matched,0.1618901540623654
matched,0.08854619226439187
matched,0.14161043906640775
matched,0.08399761237334623
matched,0.2613280039894521
matched,0.15643110261505566
matched,0.22819212838782313
matched,0.14561878064813485
matched,0.3410830455840241
matched,0.245438197492992
matched,0.20722483736182365
matched,0.09768490883950766
matched,0.18039803851936925
matched,0.2201036653091448
matched,0.14962334433958702
matched,0.29726329628482273
matched,0.09544839779673439
matched,0.16356753734444537
matched,0.12730734648542869
matched,0.1485882024042494
matched,0.20426674927653402
matched,0.1827441083801162
matched,0.06123582346674324
matched,0.1386787962130428
matched,0.047363410377109
matched,0.21816560759809292
matched,0.17175422557027253
matched,0.2778411623812798
matched,0.09278498515289123
matched,0.10252438628172485
matched,0.10160258105463585
matched,0.17218112717134246
matched,0.12601908590166908
matched,0.17450830758071464
matched,-0.03788090578697232
matched,0.1385201248214947
matched,0.19198105010238084
matched,0.09206340811037483
matched,-0.059875782967759486
matched,0.24919719831657208
matched,0.16540359201807342
matched,0.09581863104367996
matched,0.10830455840240576
matched,0.07958125864192399
matched,0.14759461726193626
matched,0.19382088266628383
matched,-0.024548731006656648
matched,0.25454669094590815
matched,0.2864887532206514
matched,0.0888446455961133
matched,0.036169521492417776
matched,-0.0020891733220500344
matched,0.21333368593642565
matched,0.11404317373006219
matched,0.012077915209030671
matched,-0.034099237621742516
matched,0.11888642906255431
matched,0.2634511783239768
matched,0.07885590370913267
matched,0.03717821819583072
matched,0.22902704213858813
matched,0.010090744924404416
matched,0.1495137855216133
matched,0.32609993275355315
matched,0.2108629456966052
matched,0.06740889617601946
matched,0.12746979576725173
matched,0.11237712411880708
matched,0.10313640450626753
matched,0.2711051840210353
matched,0.15271365858450006
matched,0.05698191901714406
matched,0.12820648437086793
matched,-0.022818457260727322
matched,0.18700556861026527
matched,0.0853047624084806
matched,0.24178875548738565
matched,0.10033698781252598
matched,0.13145169211705415
matched,0.23287293443849214
matched,0.1573869088546192
matched,0.16459890138950806
matched,0.21135407143234936
matched,0.26583502708747325
matched,0.10625694187338022
matched,0.08913176525700987
matched,0.1522263107390309
matched,0.15651421620110464
matched,0.1375492070208313
matched,0.15298944457457178
matched,0.15896606698955035
matched,0.12813848234591876
matched,0.1346628988507658
matched,0.13746231554450733
matched,0.14824063649895353
matched,0.0077257856122826775
matched,0.275060635138913
matched,0.2858351782030843
matched,0.14774573287293444
matched,-0.06060491579082577
matched,0.029720662793069837
matched,0.1087692389062252
matched,0.14485186892231905
matched,0.14178799990933064
matched,0.10883346304089944
matched,0.1782861978556695
matched,0.35353119404000033
matched,0.1970812019735699
matched,0.2666246061549388
matched,0.3271652978110904
matched,0.22752721969943104
matched,0.15739446463516915
matched,0.056951695894944435
matched,0.09432258649479784
matched,0.034386357282639085
matched,0.18494284052013993
matched,-0.017374517374517374
matched,0.18677133941321808
matched,0.10700874203809624
matched,0.2564696370958602
matched,0.15925696454072186
matched,0.1469297085735442
matched,0.1228381022901571
matched,0.11311759061269826
matched,0.1607038965160296
matched,0.08261490453271275
matched,0.2769193571541908
matched,0.27626200424634867
matched,0.053944495236080366
matched,0.18002024949187376
matched,0.21903830025160748
matched,0.07639271924986211
matched,-0.057427710069588744
matched,0.14937022569116504
matched,0.08735237893750614
matched,0.1698841698841699
matched,0.207950192294615
matched,0.21129740307822503
matched,0.15708467763262285
matched,0.09922628807168925
matched,0.001114477631111682
matched,0.29639815941185804
matched,0.23954468866406245
matched,0.15660866345797853
matched,0.022138437011235444
matched,0.11121731180439597
matched,0.1830387838215627
matched,0.25588028621296727
matched,-0.0021873984691988604
matched,0.12932473989225457
matched,0.1511533899009437
matched,0.06202918042448375
matched,0.02156419768944231
matched,0.19605361581878217
matched,0.11584144950094069
matched,0.06117915511261891
matched,0.024121829405586746
matched,0.30666646517918533
matched,0.14727727447884004
matched,0.3050457502512297
matched,0.16654829277138475
matched,0.20893244376610326
matched,0.12233186499331314
matched,0.3727833228811702
matched,0.07147012822159593
matched,0.0976244625951084
matched,0.14275136192944413
matched,0.15754180235589238
matched,0.11570544545104233
matched,0.03620730039516732
matched,-0.03568595153722356
matched,-0.0376731218218498
matched,0.07054076721395704
matched,0.13152724992255324
matched,0.11545232680262034
matched,0.17013351064231688
matched,0.03573884200107292
matched,0.2433339126098422
matched,0.13935881646253465
matched,0.1573151289393951
matched,0.14726971869829014
matched,0.1087692389062252
matched,0.15184474382126045
matched,0.3372220417230202
matched,0.16200349077061407
matched,0.07143234931884639
matched,0.12281543494850736
matched,-0.019365465549418582
matched,-0.003993230020627281
matched,0.24581598652048753
matched,0.05340047903648686
matched,0.19759499505096376
matched,0.11396006014401318
matched,0.03575017567189778
matched,0.3231947351321129
matched,0.1783315325389689
matched,0.1532878979062932
matched,0.22029633771316745
matched,0.17827108629456967
matched,0.0221006581084859
matched,0.09782846866995597
matched,0.0642770251380819
matched,0.1713235460789277
matched,0.15663888658017816
matched,0.09862560351797141
matched,0.16773832820799553
matched,0.18988054310950594
matched,0.2172626918223787
matched,-0.059207096389092474
matched,0.10180658712948341
matched,0.136400728377245
matched,0.1244437056570129
matched,0.1873153556128116
matched,0.07815321611799107
matched,0.1877649245555312
matched,0.1803187028235952
matched,0.05344203582951136
matched,0.1331555206310588
matched,0.05899175664342004
matched,0.13184459270564944
matched,0.09259231274886852
matched,0.12391480101851922
matched,-0.042036585089422665
matched,0.12126272204550091
matched,0.2029482655705748
matched,0.03647930849496407
matched,0.22764433429795466
matched,0.0479414275891771
matched,0.32360274728180793
matched,0.14024662067714905
matched,0.27831339866564914
matched,0.06658153820580436
matched,0.1559059758668369
matched,0.11426229136600956
matched,0.1472206061247157
matched,0.22484113971393815
matched,0.017272514337093592
matched,0.12345012051469978
matched,0.24828294887003302
matched,0.07030276012663489
matched,-0.06233896742703005
matched,0.12943807660050322
matched,0.13592849209287566
matched,0.2990955730681758
matched,0.058183288124579714
matched,-0.005602611277758049
matched,0.24118429304339287
matched,0.1863104367996736
matched,0.1444438567726239
matched,0.26075754255793393
matched,0.1544892670137289
matched,0.09926028908416384
matched,0.10815722068168253
matched,0.1046211153843248
matched,0.17156155316624982
matched,0.25120325805257315
matched,-0.001065365057537269
matched,0.2663488201648671
matched,0.08063529002863641
matched,0.17249091417388876
matched,0.18349590854483222
matched,0.2022002432961337
matched,0.2686608890131395
matched,0.20192067941578706
matched,0.0803595040385647
matched,0.17901533067873576
matched,0.09232408253934672
matched,0.16602694391344097
matched,0.23258203688732063
matched,0.13460623049664147
matched,0.11984223530211788
matched,0.20873977136208055
matched,-0.009935851423131267
matched,0.09146272355665702
matched,0.06576551390641411
matched,0.12352190042992393
matched,0.24044004865922675
matched,0.0729548390996532
matched,0.20229846844328253
matched,0.10974393459716357
matched,0.10344241361853887
matched,0.08845930078806792
matched,0.11453052157553135
matched,-0.02272023211357849
matched,0.26781086370127466
matched,0.27845318060582247
matched,0.14694104224436905
matched,0.12135339141209983
matched,0.2226839643669389
matched,0.08542565489727917
matched,0.15978964706949053
matched,0.23617103264852776
matched,0.10964193155973978
matched,0.0032565414170110845
matched,0.08097152226310739
matched,0.07711051840210353
matched,0.1354902568209809
matched,0.08895420441408701
matched,0.08991756643420049
matched,0.14012950607862545
matched,0.1398008296247044
matched,0.19527537042214144
matched,0.1816485202003793
matched,0.10203703843625565
matched,0.056547461635524265
matched,0.12005379715751537
matched,0.1777799605588255
matched,0.1503940339556778
matched,0.23614458741660307
matched,0.20394562860316287
matched,0.20809753001533826
matched,0.1716484446425738
matched,0.20268003536105297
matched,0.25003588995761206
matched,0.13672562694089113
matched,0.15667666548292772
matched,0.06711044284429803
matched,0.24618999765770802
matched,0.17287248109165917
matched,0.18946875306953587
matched,0.21033781894838646
matched,0.2292272703231607
matched,0.21805604878011922
matched,-0.08865952897264051
matched,-0.056653242563222996
matched,0.197239873365118
matched,0.06414857686873342
matched,0.12422458802106551
matched,0.10282283961344627
matched,0.04020808619634452
matched,0.17688082267338628
matched,0.18200364188622506
matched,0.22643163151969414
matched,0.15004646805038196
matched,0.09924517752306403
matched,0.14407740141595327
matched,0.07360085833667047
matched,0.21017159177628847
matched,0.06460947948227792
matched,0.08322314486698047
matched,0.1660760564870154
matched,0.08929043664855799
matched,0.34681788302140554
matched,0.23625792412485172
matched,0.2612184451714784
matched,0.3599913864101731
matched,0.10275861547877205
matched,0.08547476747085357
matched,0.0365435326296383
matched,0.12858049550808845
matched,0.08944155225955616
matched,0.07725030034227687
matched,0.08877664357116412
matched,0.195649381559362
matched,0.3507620004684584
matched,0.11017083619823345
matched,0.13052988688996517
matched,0.12116827478862706
matched,0.23659793424959763
matched,0.045444242117431935
matched,0.24993766481046326
matched,0.16073411963822923
matched,0.2339571889474042
matched,0.16297440857127746
matched,0.15342390195619157
matched,0.0696491851090677
matched,0.2319095724183787
matched,-0.04134145327883097
matched,0.258747704931658
matched,0.0711792306704244
matched,0.07233904298483555
matched,0.06091470279337207
matched,0.1969603094847713
matched,0.1335484212196541
matched,0.22232506479081823
matched,0.25228373467121024
matched,0.15753424657534246
matched,0.23711172732699154
matched,0.21206431480404084
matched,0.18812760202192688
matched,0.10330263167836555
matched,0.08412983853296965
matched,0.07805876886111719
matched,0.2472553627152453
matched,0.10505179487566964
matched,0.030604689117409278
matched,-0.11742816341642173
matched,0.23717972935194068
matched,0.08709548239880921
matched,0.19718320501099368
matched,-0.07437910373331118
matched,0.10900346810327242
matched,0.053914272113880723
matched,0.09152694769133125
matched,-0.05343448004896146
matched,0.051213080567288
matched,0.10029543101950146
matched,0.13228282797754423
matched,0.16939304414842576
matched,0.13690696567408897
matched,0.027646601032119623
matched,0.0378657942258725
matched,0.1513989527688158
matched,0.07780942810297019
matched,0.1822189816318975
matched,0.2204285638727909
matched,0.045051341528836636
matched,0.2795487687855594
matched,0.11313270217379806
matched,0.10815722068168253
matched,0.07074855117907956
matched,0.1830463396021126
matched,0.08767727750115227
matched,0.10834611519543028
matched,0.114394517525633
matched,0.31090148017740976
matched,0.061953622618984655
matched,0.06303032134734679
matched,0.16357509312499527
matched,-0.020064375250285232
matched,0.16349575742922123
matched,0.1448632025931439
matched,0.09560706918828249
matched,0.08722015277788271
matched,0.1578478114681637
matched,0.17813886013494626
matched,0.01281838170292182
matched,-0.040434759612841806
matched,0.23082909579974162
matched,0.1390376957891635
matched,0.13355975489047897
matched,0.09018579664372228
matched,0.0834649298445776
matched,0.2660503668331457
matched,0.25918594020355273
matched,0.18833538598704935
matched,0.10173858510453423
matched,0.1358907131901261
matched,0.10853500970917801
matched,0.07160991016176926
matched,0.09111893554163612
matched,-0.060521802204776765
matched,0.14782129067843355
matched,-0.04406531216707341
matched,0.19568716046211157
matched,0.18228698365684667
matched,0.060990260598871165
matched,0.1999070638992361
matched,0.050385722597072885
matched,0.1361853886315726
matched,0.16229061043151063
matched,0.1656831558984201
matched,0.20377184565051493
matched,0.27387059970230226
matched,0.07156835336874477
matched,0.11980067850909339
matched,0.13793077393860173
matched,0.07610182169869059
matched,-0.05202910486667826
matched,0.15667288759265274
matched,0.15224897808068064
matched,0.22301264082086
matched,0.24746314668036784
matched,0.18159562973652993
matched,0.15134984019524136
matched,0.20203779401431068
matched,0.18536974212120985
matched,0.10458711437185017
matched,0.038137802325669254
matched,-0.040196752525519644
matched,0.2559671776892912
matched,-0.04003430324369659
matched,0.16432311539943634
matched,0.14502187398469196
matched,0.07504023453142827
matched,0.04880656446214176
matched,0.0013902636211833863
matched,0.2652154530823807
matched,0.03866670696416294
matched,-0.0019191682596770658
matched,0.04200258407694807
matched,0.2105833818162585
matched,0.16668429682128313
matched,0.054295839031651166
matched,0.22382866512025026
matched,0.1706019690364113
matched,0.0692978413134969
matched,0.1403108448118233
matched,0.11013305729548391
matched,0.07434510272083657
matched,0.0914816130080318
matched,0.14010683873697574
matched,0.21981276775797326
matched,0.08290202419360931
matched,0.06273186801562536
matched,-0.004042342594201694
matched,0.11077152075195129
matched,0.09783980234078082
matched,0.10689918322012254
matched,0.17638591904736717
matched,0.15723957113389597
matched,0.26377229899734794
matched,0.1380101096343758
matched,0.13512757935458525
matched,0.2911771150518704
matched,0.2553362700133737
matched,0.08921487884305888
matched,0.30334947751777497
matched,0.11936622112747357
matched,0.07794921004314352
matched,0.10874657156457547
matched,0.04776008885597927
matched,0.16156147760844436
matched,0.09799469584205396
matched,0.1352484718433838
matched,0.15027691935715418
matched,0.23437653476792417
matched,0.1417313315552063
matched,0.17150488481212553
matched,0.0890637632320607
matched,0.12539195611602655
matched,0.20940090216019766
matched,0.27172853591640284
matched,0.30455840240576054
matched,0.030971144474079896
matched,0.07858767349961088
matched,0.2480751649049105
matched,0.15215830871408173
matched,0.17860731852904063
matched,0.1494797845091387
matched,0.17970290670877756
matched,0.06454525534760369
matched,0.06562573196624077
matched,0.12815359390701858
matched,0.03345321838472524
matched,0.09648731762234698
matched,0.04945636158943399
matched,0.14741705641901337
matched,0.08051439753983786
matched,0.11674058738637996
matched,0.18782159290965553
matched,0.1803791490679945
matched,0.24705513453067268
matched,0.10202570476543081
matched,0.1323621636733183
matched,0.12983853296964842
matched,0.17331827214410386
matched,0.03517215845982969
matched,0.06889738494435167
matched,0.2924767093064549
matched,0.2557556158338937
matched,0.056509682732774714
matched,0.14245668648799764
matched,0.1672698698139011
matched,0.185022176215914
matched,0.10629094288585483
matched,0.23910267550189274
matched,0.23830554065387724
matched,0.08319669963505581
matched,0.06975874392704139
matched,0.22534737701078214
matched,0.132721063249439
matched,0.2429787909239964
matched,-0.053287142328238224
matched,0.18778381400690597
matched,0.20509410724674912
matched,0.23282004397464282
matched,0.1546366047344521
matched,0.15280810584137394
matched,0.13991416633295303
matched,0.10496868128962063
matched,0.2542860165169363
matched,0.3094205471896274
matched,0.09254697806556907
matched,0.20703594284807594
matched,-0.12179162668399458
matched,0.2408102819061723
matched,0.23730062184073925
matched,0.10352930509486281
matched,0.019637473649215333
matched,0.06133027072361711
matched,0.09946051726873643
matched,0.09814203356277722
matched,0.055742771006958874
matched,0.24714958178754656
matched,0.15632909957763186
matched,0.09181028946195287
matched,0.12691822378710832
matched,-0.03301120522255552
matched,0.04421642777807161
matched,0.24809783224656023
matched,0.15290633098852277
matched,0.25311109264142534
matched,0.27893297267074174
matched,0.02779393875284286
matched,0.10584137394313521
matched,0.21645422330353836
matched,0.09026891022977128
matched,0.13880724448239123
matched,0.1263779854777898
matched,0.1813311774172831
matched,0.10173858510453423
matched,0.028160394109513483
matched,0.16147080824184543
matched,0.23839998791075112
matched,0.07329484922439912
matched,-0.02284112460237705
matched,0.13948348684160816
matched,0.179162668399459
matched,0.16123280115452326
matched,0.09707289061496499
matched,0.21563819900414813
matched,0.003834558629079177
matched,-0.02388760020853954
matched,0.22941994272718347
matched,0.05034416580404838
matched,0.06847048334328178
matched,0.1396081572206817
matched,0.21679045553800935
matched,0.08726926535145713
matched,0.19834301732540482
matched,0.0868121406281876
matched,-0.029868000513793076
matched,0.16722453513060168
matched,0.3083060695585157
matched,0.1468050381944707
matched,0.2869080990411715
matched,0.12242631225018702
matched,0.022712676333028585
matched,0.006633975322820724
matched,0.17310671028870636
matched,0.16846368314078686
matched,0.1196231176661705
matched,0.09562218074938232
matched,0.10827811317048107
matched,-0.06060491579082577
matched,-0.1030532909202185
matched,0.21499973554768076
matched,0.08853863648384197
matched,0.20753840225464493
matched,0.14750017000506238
matched,0.16021277078028545
matched,0.24544575327354196
matched,0.11886753961117953
matched,0.058957755630945456
matched,0.08334403735577904
matched,0.057348374373814695
matched,0.10290973108977022
matched,0.15589086430573712
matched,0.12191251917279317
matched,0.11630235211448518
matched,0.13194281785279827
matched,0.03252763526736129
matched,0.10073366629139623
matched,0.12038625150171138
matched,0.09216163325752368
matched,0.21707001941835602
matched,0.13971771603865538
matched,0.18041315008046907
matched,0.09955496452561031
matched,0.0048205879908423946
matched,0.21741758532365188
matched,0.13695985613793832
matched,-0.1060416021277078
matched,0.1303409923762174
matched,0.07237304399731014
matched,0.14127798472221173
matched,0.047401189279858556
matched,0.2591821623132778
matched,0.13525224973365874
matched,0.1186862008779817
matched,0.04874234032746753
matched,0.17037907351018897
matched,-0.005976622414978579
matched,0.06174961654413709
matched,0.06094492591557171
matched,0.160001208924888
matched,0.13564515032225405
matched,0.13097567794240983
matched,-0.004620359806269787
matched,0.15101738585104535
matched,0.1040922107458311
matched,0.02835306651353618
matched,0.15896228909927543
matched,0.10543336179344007
matched,0.042036585089422665
matched,0.0892564356360834
matched,0.0720670348850388
matched,0.215400191916826
matched,0.11084330066717545
matched,0.19561160265661245
matched,0.08320803330588067
matched,0.012844826934846506
matched,0.1931710855389916
matched,0.14094175248774077
matched,0.14408873508677814
matched,0.28361000083113586
matched,0.21359436036539756
matched,0.011114553188917181
matched,0.20973713439466868
matched,0.19197349432183092
matched,0.10882968515062448
matched,0.05071817694126892
matched,0.2079313028432402
matched,0.2484378423713062
matched,0.09374456928272976
matched,0.03284120016018255
matched,0.044699997733265835
matched,0.14763995194523571
matched,0.11134576007374442
matched,-0.03062357856878405
matched,0.23297493747591594
matched,-0.016868280077673426
matched,0.07576558946421962
matched,0.21812027291479347
matched,0.18332212559218433
matched,0.040000302231222
matched,0.16969149748014717
matched,0.13831234085637217
matched,0.2422987706745045
matched,0.0958488541658796
matched,0.13139124587265488
matched,0.11699748392507689
matched,0.18299722702853818
matched,0.25332265449682284
matched,0.02676257470778019
matched,0.26061776061776065
matched,0.12188607394086845
matched,0.14968379058398626
matched,0.08743549252355515
matched,0.039290058859530484
matched,0.1729480388971583
matched,0.23808264512765492
matched,0.042036585089422665
matched,0.33577510974771246
matched,0.28548761229778846
matched,0.0538576037597564
matched,0.1705604122433868
matched,0.132721063249439
matched,0.1480744093268555
matched,0.06802091440056215
matched,0.28226884978352684
matched,0.13139502376292983
matched,0.20128599384959464
matched,0.1603185517079842
matched,0.13273617481053882
matched,0.15258143242487665
matched,0.18966142547355855
matched,0.10796454827765982
matched,0.1579384808347626
matched,0.04238415099471851
matched,0.0942016940059993
matched,0.21275189083408264
matched,0.28355333247701153
matched,0.22529448654693277
matched,0.05246356224829806
matched,0.24222699075928036
matched,0.26868355635478924
matched,0.1508624923497722
matched,0.05513453067269115
matched,0.0708203310943037
matched,0.03530060672917816
matched,0.1043679967359028
matched,0.3196132951514556
matched,0.1662951741229628
matched,0.17871687734701433
matched,-0.0162260387309311
matched,0.0657164013328397
matched,0.22964283825340576
matched,0.06837981397668286
matched,0.15273254803587485
matched,0.18903429568791608
matched,0.073974869473891
matched,0.09998942190723012
matched,0.017903422013011056
matched,-0.03257674784093571
matched,0.11150443146529253
matched,0.18305011749238753
matched,0.19073434631164574
matched,0.16780255234266978
matched,0.03153405012504817
matched,0.09814203356277722
matched,0.03961873531345155
matched,0.10921502995866987
matched,0.21767825975262375
matched,0.2060348019252129
matched,0.14166710742053207
matched,0.030740693167307646
matched,0.22296730613756055
matched,0.08820618213964594
matched,0.17803685709752248
matched,0.19880769782922428
matched,0.09771135407143235
matched,0.17220001662271722
matched,0.10037476671527552
matched,0.07406176095021495
matched,0.0761093774792405
matched,0.26469788211471185
matched,0.09394857535757732
matched,0.11335181980974546
matched,0.23380607333640605
matched,0.06390679189113631
matched,0.2090231131327022
matched,0.12512750379677973
matched,0.1349046838283629
matched,0.09946051726873643
matched,0.18881517805196865
matched,0.13582648905545186
matched,0.1462270209824026
matched,0.18572108591678063
matched,0.24230632645505443
matched,0.019021677534397693
matched,0.09690288555259201
matched,0.0677904630937899
matched,0.1526683239012006
matched,0.11413762098693607
matched,0.1082441121580065
matched,0.17095331283198212
matched,0.2159744312386191
matched,0.15858827796205488
matched,0.142094009021602
matched,0.18866784033124542
matched,0.23208713326130156
matched,0.23756129626971112
matched,0.2050487725634497
matched,0.18285744508836485
matched,0.12103604862900362
matched,0.11082441121580064
matched,0.12475727054983414
matched,0.06870849043060394
matched,-0.0059690666344286705
matched,0.016448934257153436
matched,0.21940097771800318
matched,-0.024155830418061342
matched,0.20225313375998308
matched,0.13624961276624684
matched,0.2388344452923709
matched,0.05022327331524984
matched,0.16454601092565868
matched,0.12038625150171138
matched,0.1270957846300312
matched,0.1685581303976607
matched,0.1902583321370014
matched,0.20299360025387425
matched,0.11284936040317646
matched,0.02119018655222178
matched,0.1484597541349009
matched,0.1917317093442338
matched,0.19567582679128664
matched,0.1214138376564991
matched,0.23736106808513852
matched,0.09979674950320744
matched,0.12618909096404204
matched,0.274811294380766
matched,0.143348268592887
matched,-0.05349114840308578
matched,0.2302170775751989
matched,0.14447030200454855
matched,0.1411382027820384
matched,0.07440932685551081
matched,0.06713688807622271
matched,0.20047374744047933
matched,0.1861328759567507
matched,0.19230217077575198
matched,0.08396361136087162
matched,0.132384831014968
matched,0.02715925318665045
matched,0.2309877671912897
matched,-0.02119018655222178
matched,0.1439073963535803
matched,0.167530544242873
matched,0.1220334116615917
matched,0.16173148267081733
matched,0.2477578221218143
matched,0.23802219888325565
matched,0.1733144942538289
matched,0.0663019743254577
matched,-0.0077371192831075415
matched,0.20612547129181183
matched,0.17161444363009923
matched,0.191463479134712
matched,0.1120597813357109
matched,0.1572735721463706
matched,0.20169778388956472
matched,0.11714104375552516
matched,0.1638659906761668
matched,0.15470082886912634
matched,0.15930229922402134
matched,0.23699083483819297
matched,0.1500162449281823
matched,-0.09617375272952573
matched,0.0747871158830063
matched,0.1583956055580322
matched,0.26509833848385705
matched,0.12982719929882355
matched,0.16197704553868938
matched,0.3134175551005297
matched,0.20253647553060466
matched,0.06920339405662301
matched,-0.028107503645664115
matched,0.04097499792216035
matched,0.15395658448496022
matched,0.08346870773485256
matched,0.20904200258407696
matched,0.18857339307437154
matched,0.08641168425904239
matched,0.01570091198271237
matched,0.1420260069966528
matched,0.07781320599324512
matched,0.19655607522535115
matched,0.32674595199057044
matched,0.2941200915760603
matched,0.31028946195286705
matched,0.18476150178694212
matched,0.05955466229438832
matched,0.23835087533717672
matched,0.005137930773938602
matched,0.10092256080514399
matched,0.17503343432893337
matched,0.1352446939531088
matched,0.06916561515387347
matched,0.0036569977861562993
matched,0.002958088085289651
matched,0.09887116638584348
matched,0.23776152445428375
matched,0.16098346039637626
matched,0.14863731497782376
matched,0.03313209771135407
matched,0.0942016940059993
matched,0.1545799363803278
matched,0.23398741206960388
matched,0.05679302450339633
matched,0.18604976237070173
matched,0.2277463373353784
matched,0.12691822378710832
matched,0.0749873440675789
matched,0.15608731460003475
matched,0.07621515840693924
matched,0.2167186756227852
matched,0.15521084405624522
matched,0.24962032202736703
matched,0.11061284936040318
matched,-0.09633620201134878
matched,0.012610597737799304
matched,0.11717126687772482
matched,0.05845151833410151
matched,0.12617020151266725
matched,0.2631678365533552
matched,0.20831286976101066
matched,0.15496528118837316
matched,0.1629630749004526
matched,0.062384302110329505
matched,0.17385473256314746
matched,0.13099456739378462
matched,0.02410293995421197
matched,0.1455507786231857
matched,0.11380894453301499
matched,0.07805499097084224
matched,0.11554677405949422
matched,0.11598878722166395
matched,0.21533596778215175
matched,0.0668875473180757
matched,0.1360342730205744
matched,0.16675985462678225
matched,0.10022742899455228
matched,0.14663881102237267
matched,0.09130405216510891
matched,0.03822469380199321
matched,0.05592788763043166
matched,0.20924978654919946
matched,0.18324656778668522
matched,0.1446440849571965
matched,0.26619770455386893
matched,0.21212098315816516
matched,0.1602769949149597
matched,0.20962001979614506
matched,0.13404710273594814
matched,0.10806655131508361
matched,0.0603177961299292
matched,0.05468496172997152
matched,0.07097900248585179
matched,0.16301596536430196
matched,0.040000302231222
matched,0.2065448171123318
matched,0.18609509705400118
matched,0.18127450906315876
matched,0.07967192800852294
matched,0.09252053283364436
matched,0.17154644160515
matched,0.05017038285140047
matched,0.21499595765740578
matched,0.11782861978556697
matched,0.015836916032610747
matched,0.11692570400985275
matched,0.19217372250640352
matched,0.2142101564802152
matched,0.16043944419678274
matched,0.16910970237780412
matched,0.10988749442761184
matched,0.13472334509516504
matched,0.11167821441794044
matched,0.3289824630333437
matched,0.21177341725286933
matched,0.06780935254516468
matched,0.2148221747047579
matched,0.08912798736673491
matched,0.15377902364203735
matched,0.1905038950048735
matched,0.06728422579694596
matched,-0.03565195052474896
matched,0.03488126090865817
matched,0.14656325321687358
matched,-0.017351850032867645
matched,0.06839492553778267
matched,0.0018020536611534656
matched,0.058810417910222214
matched,0.15611375983195944
matched,0.15702800927849853
matched,0.029947336209567132
matched,0.13514269091568507
matched,0.11713348797497525
matched,0.18081738433988923
matched,0.11413006520638616
matched,0.31642853364966866
matched,0.10319307286039184
matched,0.25307709162895076
matched,0.005001926724040227
matched,0.1941571149007548
matched,0.2685966648784653
matched,0.05360070722105947
matched,0.18332212559218433
matched,0.05293957642294238
matched,0.048538334252619976
matched,0.11573566857324195
matched,0.15602309046536053
matched,0.1551541757021209
matched,0.03247096691323697
matched,0.10748853410301551
matched,0.19101013230171746
matched,0.11964578500782022
matched,0.12622309197651663
matched,0.003895004873478455
matched,0.1885696151840966
matched,0.1444174115406992
matched,0.2565905295846587
matched,0.03844758932821555
matched,0.13445511488564327
matched,0.04637738101534579
matched,0.13739809140983308
matched,0.0667099864751528
matched,0.15215453082380676
matched,0.16251728384800793
matched,0.10728452802816794
matched,0.1937075459580352
matched,0.09331766768165986
matched,0.15171251766163704
matched,0.13232060688029376
matched,0.15292899833017248
matched,0.10253194206227476
matched,0.12233564288358809
matched,0.009539172944261006
matched,0.12894317297448413
matched,0.05080884630786783
matched,0.058821751581047084
matched,0.18909096404204034
matched,-0.03131115459882583
matched,0.23057975504159456
matched,0.10440199774837738
matched,0.0672464468941964
matched,0.145354328328888
matched,0.1430724826028153
matched,0.10690673900067245
matched,0.011420562301188524
matched,0.12843315778736522
matched,0.007053321143340712
matched,0.22951061209378235
matched,0.06170805975111259
matched,0.19214727727447883
matched,0.2827033071651467
matched,0.05527431261286447
matched,0.1939682203870071
matched,0.2323062508972489
matched,0.0709450014733772
matched,0.170545300682287
matched,0.372715320856221
matched,-0.012550151493400026
matched,0.2703684954174191
matched,0.09813825567250224
matched,0.09686888454011741
matched,0.12677844184693499
matched,0.10182169869058323
matched,0.07193103083514042
matched,0.15035625505292824
matched,0.11349915753046869
matched,0.053861381650031355
matched,0.1825514359760935
matched,0.1347951250103892
matched,0.21716068878495493
matched,0.19442534511027662
matched,0.3067873576679839
matched,0.16384332333451707
matched,0.048749896108017436
matched,0.10856145494110268
matched,0.10992905122063636
matched,0.2028047057401265
matched,0.1987623631459248
matched,0.20739484242419662
matched,0.2060536913765877
matched,0.17469720209446238
matched,0.23733462285321386
matched,0.1315385835933781
matched,0.140669744387944
matched,0.3695834498182835
matched,0.18679400675486782
matched,0.25326598614269846
matched,0.14770795397018488
matched,0.1451729895956902
matched,0.09279254093344114
matched,0.18730779983226167
matched,0.04701962236208811
matched,0.2886459285676507
matched,0.07696318068138029
matched,0.11479875178505315
matched,0.09002712525217418
matched,0.2620684704833433
matched,0.12114938533725225
matched,0.010834989308570523
matched,0.23316760987993865
matched,0.008409583752049506
matched,0.055051417086642136
matched,0.10043143506939986
matched,0.20487876750107673
matched,0.06092981435447188
matched,0.15381680254478688
matched,0.22614451185879758
matched,0.09034446803527038
matched,0.11311003483214835
matched,-0.012644598750273897
matched,0.14098330928076525
matched,0.1795140121950298
matched,0.197326764841442
matched,-0.054295839031651166
matched,0.18676378363266818
matched,0.10708429984359534
matched,0.183681025168305
matched,-0.011239223567990692
matched,0.2752004170790864
matched,0.08186688225827168
matched,0.20679793576075375
matched,0.14487453626396873
matched,0.07041609683488353
matched,0.1808967200356633
matched,0.042146143907396356
matched,0.15385835933781142
matched,0.2447921782559747
matched,0.1950562527861941
matched,0.28096547763866747
matched,0.016501824721002804
matched,0.2086377683246568
matched,0.2393482383697648
matched,0.2150072913282307
matched,0.07531224263122502
matched,0.06475303931272619
matched,0.18569841857513092
matched,0.0921918563797233
matched,0.09729200825091237
matched,0.1299820928000967
matched,0.1736809496104995
matched,0.2021171297100847
matched,0.05608278113170481
matched,0.07575425579339475
matched,-0.00035134379557080146
matched,0.09579974159230518
matched,0.23593302556120563
matched,0.1354222547960317
matched,0.042584379179291115
matched,0.13117212823670749
matched,0.0839409440192219
matched,0.2169982395031319
matched,0.10854256548972792
matched,0.2146370580812851
matched,0.1434049369470113
matched,0.14416429289227722
matched,0.24118429304339287
matched,0.10308351404241815
matched,0.017570967668815028
matched,0.21323168289900185
matched,0.23381362911695594
matched,0.07881056902583322
matched,0.07655516853168517
matched,0.10974393459716357
matched,0.34322510936992345
matched,0.2230466418333346
matched,0.11676703261830462
matched,0.20270270270270271
matched,0.13671807116034124
matched,0.019335242427218943
matched,0.14151221391925894
matched,0.2658388049777482
matched,0.005678169083257146
matched,0.15662377501907834
matched,-0.11909799091795177
matched,0.21563819900414813
matched,0.209790024858518
matched,0.18678267308404295
matched,0.1073903089558667
matched,0.1590454026853244
matched,0.14202222910637782
matched,0.21947275763322732
matched,0.0761093774792405
matched,0.06418257788120801
matched,0.12093026770130488
matched,0.18464060929814358
matched,-0.0412130050094825
matched,0.2740708278868748
matched,0.21676778819635964
matched,0.099581409757535
matched,0.22512070359428482
matched,0.29568791604016653
matched,0.073389296481273
matched,0.0905598077809428
matched,0.20655615078315667
matched,0.13413777210254707
matched,0.13349930864607967
matched,0.15413792321815803
matched,0.14953267497298808
matched,0.21314101353240297
matched,0.045976924646200575
matched,0.1176661705037439
matched,0.053098247814490476
matched,0.03580306613574716
matched,0.0465776091999184
matched,0.09113404710273594
matched,0.18484083748271612
matched,0.14129687417358652
matched,0.0716741342964435
matched,0.04676650371366614
matched,0.12210896946709081
matched,0.11135709374456927
matched,-0.013245283303991719
matched,0.23764063196548518
matched,0.06147760844434034
matched,0.16203749178308866
matched,0.17308782083733162
matched,0.000827357970215113
matched,0.24826405941865826
matched,0.08257712562996321
matched,0.17439874876274095
matched,-0.09414124776160002
matched,0.12375990751724607
matched,0.11077529864222622
matched,0.10290217530922031
matched,0.11207867078708565
matched,0.13874302034771702
matched,0.1728460358597345
matched,0.20838087178595985
matched,0.2132656839114765
matched,0.09752623744795956
matched,0.13014454208191978
matched,0.14647258385027467
matched,0.25433135120023576
matched,0.10959659687644031
matched,0.1696310512357479
matched,0.07311728838147624
matched,0.16987661410361996
matched,0.11639679937135906
matched,0.10157613582271116
matched,0.10047299186242434
matched,0.07925636007827788
matched,0.1704092966323886
matched,0.2041911914710349
matched,0.09253186650446925
matched,0.19583827607310977
matched,0.13532780753915782
matched,0.014677103718199608
matched,0.22952572365488216
matched,0.12093782348185479
matched,0.08989112120227581
matched,0.3572826390830305
matched,0.1939833319481069
matched,0.1804698184345934
matched,0.1830047828090881
matched,0.032115845227391214
matched,0.2174478084458515
matched,-0.014835775109747713
matched,0.1655055950554972
matched,-0.016403599573853976
matched,0.054382730507975124
matched,0.12783625112392236
matched,0.17896999599543634
matched,0.015062448526245003
matched,0.10592448752918422
matched,0.022988462323100287
matched,0.051791097779356095
matched,0.18425904238037308
matched,0.013226393852616945
matched,0.05751837943618766
matched,0.24121829405586748
matched,0.027095029051976215
matched,0.17866020899289003
matched,-0.009916961971756493
matched,0.10005742393217933
matched,0.11586033895231547
matched,0.10663095301060074
matched,0.19485602460162146
matched,0.06742778562739424
matched,0.07544824668112339
matched,0.21420637858994024
matched,0.03985674240077371
matched,0.2492727561220712
matched,0.21936319881525362
matched,0.14614768528662853
matched,0.1652902553098248
matched,0.10196525852103153
matched,0.18796515274010384
matched,0.1940777792049808
matched,0.1740171818449705
matched,0.060314018239654245
matched,0.28615252098618044
matched,0.19609517261180667
matched,0.12927184942840522
matched,0.15897362277010027
matched,-0.004858366893591943
matched,0.15073404408042373
matched,0.09463992927789405
matched,0.22965417192423065
matched,0.17693749102751058
matched,0.235645905900309
matched,0.1191962160651006
matched,0.10372953327943543
matched,0.11466652562542973
matched,0.27155097507347997
matched,0.10656295098565158
matched,0.21653733688958737
matched,0.049184353489637254
matched,0.06539528065946854
matched,0.07859900717043575
matched,0.13221104806232006
matched,0.19609895050208162
matched,0.07935458522542671
matched,0.11507075988484991
matched,0.08610567514677103
matched,0.07169302374781827
matched,0.08609434147594616
matched,0.09891650106914295
matched,0.19705097885137027
matched,0.03419368487861639
matched,0.1301596536430196
matched,0.054341173714950626
matched,0.18090049792593826
matched,0.0918329568036026
matched,0.1524265389236035
matched,0.13746609343478228
matched,0.15490105705369894
matched,0.22777656045757805
matched,0.26129778086725247
matched,0.17392273458809662
matched,0.03232740708278869
matched,0.059335544658440945
matched,0.13776832465677868
matched,0.2273874377592577
matched,0.21026603903316235
matched,0.1429213669918171
matched,0.1329817376784109
matched,0.2643692056607908
matched,0.31983996856795294
matched,0.10371442171833561
