gse,titel,zusammenfassung,n_proben,typ,taxon,datum,achse,urteil,code,begruendung
GSE215307,Cancer-Associated Fibroblasts are the Main Source of Epithelial-to-Mesenchymal Signaling in the Tumor Microenvironment,"Epithelial-to-mesenchymal transition (EMT) is associated with tumor initiation, metastasis, and drug resistance. However, the mechanisms underlying these associations are largely unknown. We studied several tumor types to identify the source of EMT gene expression signals and to illuminate mechanisms of resistance to immuno-oncology treatment. Across tumor types, EMT-related gene expression was strongly associated with expression of stroma-related genes. Based on RNA sequencing of multiple patient-derived xenograft models, EMT-related gene expression was enriched in the stroma versus parenchyma. EMT-related markers were predominantly expressed by cancer-associated fibroblasts (CAFs), cells of mesenchymal origin which produce a variety of matrix proteins and growth factors. Scores derived from a 3-gene CAF transcriptional signature (COL1A1, COL1A2, COL3A1) were sufficient to reproduce association between EMT-related markers and disease prognosis. Our results suggest that CAFs are the primary source of EMT signaling and have potential roles as biomarkers and targets for immuno-oncology therapies.",375.0,Expression profiling by high throughput sequencing,Homo sapiens,,OI,HAND,-,Handsichtung
GSE211729,"Adipose-enriched peri-tumoral stroma, in contrast to myofibroblast-enriched stroma, prognosticates poorer survival in breast cancers.","Breast cancers display a high degree of diversity between and within tumors due to variations in both tumor cells and non-malignant cells of the tumor microenvironment (TME). While most studies on the TME have focused on stroma located within the tumor mass, few studies have examined the peri-tumoral microenvironment, which extends beyond the tumor margins and includes the surrounding, benign-appearing tissues. Here, we examined the heterogeneity in tumors and peri-tumoral stroma from 10 ER+PR+HER2- invasive breast carcinomas, through multi-region transcriptomic profiling.     Tumor samples were obtained from the center, superior, inferior, medial, and lateral (C, S, Inf, M, L) regions of each tumor. Peritumoral samples were obtained from four radial directions corresponding to the regions the tumor samples were collected from (S, Inf, M, L) and from three zones of increasing distances from the tumor margins (Zone 1: 1-3 cm, Zone 2: 3-5 cm, Zone 3: 5-7 cm). To represent the normal breast transcriptomic state, 5 non-directional samples were each obtained from 3 non-tumor bearing breasts (NTB) - 1 patient had undergone cosmetic reduction mammoplasty and 2 patients were germline BRCA2-mutation carriers who had undergone risk-reducing mammoplasties. Total RNA was isolated and microarray was performed using the human Clariom™ S Assay (ThermoFisher Scientific). In total, 144 transcriptomic profiles (47 Tumor, 82 peri-tumoral stroma, 15 NTB) were analyzed.     Heterogeneity was observed both within and between the tumor samples, highlighting that unlike the histological classification, an individual tumor is often comprised of several molecular sub-types.  Similarly, the peri-tumoral stroma was also heterogeneous, albeit independent of the tumor heterogeneity.  Four distinct stromal clusters were noted, which differed in their molecular pathways and cell type composition. Among these, the adipose-enriched stroma that had inflammatory cancer-associated fibroblasts and innate immune cells was significantly associated with poorer overall survival, in contrast to the myofibroblast-enriched stroma.  These data together suggest that the peri-tumoral heterogeneity may be an important determinant of the evolution and treatment of breast cancers.",126.0,Expression profiling by array,Homo sapiens,,MPS,HAND,-,Handsichtung
GSE18732,mRNA expression data from skeletal muscle of type 2 diabetes,"We used microarray technology to profile mRNA expression in the skeletal muscle of normal (NGT), glucose intolerant (IGT) and type 2 diabetic (DM) subjects. Groups were classified using WHO criteria and, importantly, the DM group were free of anti hypoglycaemic medication for one week prior to biopsy.",118.0,Expression profiling by array,Homo sapiens,,MPS,HAND,-,Handsichtung
GSE233504,Adipocyte associated glucocorticoid signaling regulates normal fibroblast function which is lost in inflammatory arthritis,This SuperSeries is composed of the SubSeries listed below.,102.0,Expression profiling by high throughput sequencing,Homo sapiens,,MPS,HAND,-,Handsichtung
GSE58250,Multi-Omic Integrated networks connect DNA methylation and miRNA with skeletal muscle plasticity to chronic exercise in type 2 diabetic obesity,This SuperSeries is composed of the SubSeries listed below.,102.0,Non-coding RNA profiling by array; Expression profiling by array; Methylation profiling by array,Homo sapiens; synthetic construct,,MPS,HAND,-,Handsichtung
GSE190042,Integration between MCL1 gene co-expression module and the Revised International Staging System enables precise prognostication and prediction of response to proteasome inhibitor-based therapy in individual multiple myeloma,"We recently identified a gene module of 87 genes co-expressed with MCL1 (MCL1-M), a critical regulator of plasma cell survival. MCL1-M captures both MM cell-intrinsically acting signals and the signals regulating the interaction between MM cells with bone marrow microenvironment. MM can be clustered into MCL1-M high and MCL1-M low subtypes. While the MCL1-M high MMs are enriched in a preplasmablast signature, the MCL1-M low MMs are enriched in B cell-specific genes. In multiple independent datasets, MCL1-M high MMs exhibited poorer prognosis compared to MCL1-M low MMs. Re-analysis of the phase III HOVON-65/GMMG-HD4 showed that only MCL1-M MMs, but not MCL1-M low MMs, benefited from bortezomib-based treatment. To translate the MCL1-M clustering scheme into a platform for individual diagnosis, we refined the classifier genes and developed a support vector machine-based algorithm. Individual MMs with transcriptome assessed at the RNA-seq or U133 plus 2.0 array platform can be robustly assigned as the MCL1-M high or low subtype with high confidence. Analyses of the MM samples in the HOVON-65/GMMG-HD4 trial and APEX trial reinforce that only MCL1-M high MMs benefit from bortezomib-based treatment with a hazard ratio of 0.58 (P = 0.010) and 0.47 (P = 0.009), respectively. Thus, MCL1-M based subtyping assigns MMs into prognostic and predictive molecular subtypes driven by subtype-specific pathogenic pathways.",93.0,Expression profiling by array,Homo sapiens,,FGFR3,HAND,-,Handsichtung
GSE176307,Fibroblast Growth Factor Receptor 3 Alterations and Response to Immune Checkpoint Inhibition in Metastatic Urothelial Cancer: A Real World Experience,"Purpose: We evaluated clinical outcomes of patients with FGFR3-altered metastatic UC treated with ICB and investigate the underlying immunogenomic mechanisms of response and resistance Methods: 103 patients with metastatic UC treated with ICB at a single academic medical center from 2014-2018 were identified. Clinical annotation for demographics and cancer outcomes, as well as somatic DNA and RNA sequencing were performed. Objective response rate to ICB, progression-free survival, and overall survival was compared between patients with FGFR3 alterations and those without. RNA expression, including molecular subtyping and T cell receptor clonality, was also compared between FGFR3-altered and non-altered patients Results: Our findings from this dataset confirm that FGFR3-altered (n=17) and wild type (n=86) bladder cancers are equally responsive to ICB (12 vs 19%, p=0.73).  Moreover, we demonstrate that despite being less inflamed, FGFR3-altered tumors have equivalent T cell receptor (TCR) diversity and that the balance of a CD8 T cell gene expression signature to immune suppressive features is an important determinant of ICB response Conclusions: Our work in a real world dataset validates prior observations from clinical trials but also extends this prior work to demonstrate that FGFR3-altered and wild type tumors have equivalent TCR diversity and that the balance of effector T cell to immune suppression signals are an important determinant of ICB response.",90.0,Expression profiling by high throughput sequencing,Homo sapiens,,FGFR3,HAND,-,Handsichtung
GSE244375,Chondrodysplasia-inducing COL2A1 p.Gly1170Ser causes an ER storage defect without associated unfolded protein response in chondronoids,"Collagenopathies are a group of clinically diverse disorders caused by defects in collagen folding and secretion. For example, mutations in the gene encoding collagen type-II (COL2A1), the primary collagen in cartilage, can lead to chondrodysplasias of various severities. One example is the Gly1170Ser substitution in procollagen-II, which causes precocious osteoarthritis and Legg-Calvé-Perthes disease. Here, we develop and characterize a novel induced pluripotent stem cell-based cartilage model of this disease, including both hetero- and homozygous genotypes. Biochemical characterization reveals that Gly1170Ser procollagen-II is notably slow to fold and secrete. Instead, procollagen-II accumulates intracellularly, consistent with an endoplasmic reticulum (ER) storage disorder. Intriguingly, though perhaps due to the pathologic substitution occurring within a triple-helical domain that lacks hydrophobic character, this intra-ER protein accumulation is not recognized by cellular stress responses, such as the unfolded protein response. Interactome studies showed that Gly1170Ser procollagen-II interacts to a greater extent with certain ER chaperones and modifying enzymes, consistent with its slow folding. These findings provide mechanistic elucidation into the etiology of this disease. Moreover, the expandable cartilage model developed here provides a valuable platform to rapidly screen and develop therapeutic strategies that can restore procollagen folding and secretion in this collagenopathy and others.",78.0,Expression profiling by high throughput sequencing,Homo sapiens,,FREITEXT_DYSPLASIE,HAND,-,Handsichtung
GSE120558,Gain of function DNMT3A mutations cause microcephalic dwarfism and hypermethylation of Polycomb-regulated regions,This SuperSeries is composed of the SubSeries listed below.,66.0,Methylation profiling by genome tiling array; Genome binding/occupancy profiling by high throughput sequencing; Expression profiling by high throughput sequencing; Methylation profiling by high throughput sequencing,Homo sapiens; Mus musculus,,FREITEXT_KLEINWUCHS,HAND,-,Handsichtung
GSE125168,PLZF targets developmental enhancers for activation during osteogenic differentiation of human mesenchymal stem cells,This SuperSeries is composed of the SubSeries listed below.,62.0,Other; Genome binding/occupancy profiling by high throughput sequencing; Expression profiling by high throughput sequencing,Homo sapiens,,PSACH_MED,HAND,-,Handsichtung
GSE34074,Genome-wide microarray analysis of normal human fibroblasts in response to genistein,Establishment of a transcriptomic profile of human cells treated with genistein with particular emphasis on signature of genes coding for enzymes involved in glycosaminoglycan synthesis stands for the present study. The hypothesis tested was that genistein influences expression of some genes among which are those coding for enzymes required for synthesis of different GAGs being pathologically accumulated in mucopolysaccharidoses. Results provide important information concerning the extent of action of genistein at the molecular level in terms of modulation of gene expression by this substance.,60.0,Expression profiling by array,Homo sapiens,,MPS,HAND,-,Handsichtung
GSE43515,Effect of MWCNT on Lung Fibroblast gene expression,"Multi-walled carbon nanotubes (MWCNT) cause lung fibrosis in rodents and exacerbate airway fibrosis in the mouse ovalbumin model of allergic asthma.  Interleukin 13 (IL-13) is a key cytokine secreted by T helper type 2 (Th2) cells. IL-13 is up-regulated in human asthma and animal models that activate pro-fibrotic and pro-proliferative cell signaling cascades in human lung fibroblasts (HLF).  This study tested the hypothesis that IL-13 alters the gene expression profile of HLF exposed to MWCNT. Carbon black nanoparticles (CBNP) were also compared to MWCNT as they are relatively inert nanoparticles that do not cause fibrosis.  Confluent, quiescent cultures of HLF were treated with 10 ng/ml IL-13 or serum-free defined medium (vehicle) for 24 hours prior to treatment with 10 µg/cm2  MWCNT or CBNP. At 4, 24, or 48 hours following nanoparticle exposure, total RNA was isolated and gene expression was measured using the Affymetrix Human Genome U133A2.0 Array. The data were analyzed using the JMP Genomics statistical platform. IL-13 and MWCNT each caused changes in the expression of distinct gene subsets over the time-course investigated. The combination of IL-13 and MWCNT resulted in a gene expression profile that was distinct from patterns induced or suppressed by either IL-13 or MWCNT alone. CBNP caused changes in gene expression that were distinct from IL-13 or MWCNT. Interestingly, the combination of IL-13 and MWCNT increased the expression of IL-17A and increased collagen (Col1A1), while MWCNT alone increased interferon-inducible protein-27 (IFI27), suggesting that  Th2 microenvironment containing IL-13 shifts MWCNT-induced gene expression from a Th1 to a Th17 gene expression profile.  These data provide insight into the mechanisms by which MWCNT alter the biology of fibroblasts during normal and allergic inflammatory conditions.",54.0,Expression profiling by array,Homo sapiens,,OI,HAND,-,Handsichtung
GSE75234,The histone H3.3K36M mutation reprograms the epigenome of chondroblastomas,"Over 90% of chondroblastomas contain a heterozygous mutation replacing lysine 36 with methionine (K36M) in the histone H3 variant H3.3. The role of the H3.3K36M mutation in tumorigenesis of this typically benign bone tumor with high recurrence rates is unknown. Here, we show that H3K36 di- and tri-methylation (me2 and me3) levels are reduced globally in chondroblastomas, as well as in chondrocytes stably expressing the H3.3K36M mutation because the H3.3M36 mutation protein inhibits the activity of lysine methyl transferases, MMSET and SetD2. Remarkably, at gene bodies, H3K36me2 increases and H3K36me3 decreases, which correlates with elevated and reduced expression of the underlying genes, respectively. Genes with altered H3K36me2/me3 and gene expression are associated with cancer pathways and chondrocyte differentiation.  Chondrocytes harboring the H3.3K36M mutation exhibit cancer-associated cellular phenotypes and delayed chondrocyte differentiation associated with reduced Bmp2 and Runx2 expression.  Exogenous Bmp2 partially rescued the delays in chondrocyte differentiation.  Thus, H3.3K36M mutant proteins dominantly reprogram H3K36me2/me3 and chondrocyte gene expression, inhibiting terminal chondrocyte differentiation and contributing to tumorigenesis.",49.0,Genome binding/occupancy profiling by high throughput sequencing; Expression profiling by high throughput sequencing,Homo sapiens,,CCD_CMPD,HAND,-,Handsichtung
GSE43692,"Genome-wide microarray analysis of normal human fibroblasts in response to kaemferol, daidzein, kaemferol/genistein, and daidzein/genistein","Establishment of a transcriptomic profile of human cells treated with kaemferol, daidzein, kaemferol/genistein, or daidzein/genistein with particular emphasis on signature of genes coding for enzymes involved in glycosaminoglycan synthesis stands for the present study. The hypothesis tested was that kaemferol, daidzein, kaemferol/genistein, and daidzein/genistein influence expression of some genes, among which are those coding for enzymes required for the synthesis of different GAGs being pathologically accumulated in mucopolysaccharidoses. Results provide important information concerning the extent of action of kaemferol, daidzein, kaemferol/genistein, and daidzein/genistein at the molecular level in terms of modulation of gene expression.",48.0,Expression profiling by array,Homo sapiens,,MPS,HAND,-,Handsichtung
GSE333317,Adrenal-derived factors drive progression of sclerotic prostate cancer  in bone,"Bone metastasis is a leading cause of death in prostate cancer (PC) patients. Although androgen‐deprivation therapy (ADT) combined with novel androgen‐targeted agents constitutes the cornerstone of systemic treatment, its efficacy is limited. We investigated the adrenal contribution in promoting progression of castration-resistant PC (CRPC) within bone using a preclinical intratibial xenograft model (VCaP, 22Rv1, and LNCaP cells). Mice underwent orchiectomy (ORX) to mimic ADT, with or without adrenalectomy (ORX+ADX) to eliminate adrenal contribution. A significant increase in bone mineral density (BMD) was observed in tumor-grafted tibiae in ORX-treated mice compared to controls (p<0.001), indicating a strong tumor-induced sclerotic response. In contrast, ORX+ADX reduced tumor take rate by approximately 50% and decreased tumor-induced BMD by over 80% (p<0.001). Transcriptomic analysis revealed that ADX downregulated tumor-induced transcripts in bone by over 90%, including osteogenic (Lox, Sparcl1, Bmp2, Postn, Col1a1) and pro-angiogenic (Bmper, Pecam-1, Esam) signatures. Additionally, BMP, PI3K/Akt and ERK1/2 signaling pathways were associated with the tumor-induced bone response. Both high serum progesterone and intratumoral levels of dihydrotestosterone (DHT) were associated with the sclerotic bone phenotype. ADX markedly reduced intratumoral DHT and downregulated glycolytic genes (HK2, PFK2, LDHA) and secretory proteins expressed by the tumor, including Stanniocalcin 2, potentially mediating paracrine effects in the sclerotic bone response. Altogether, these findings highlight the critical role of adrenal- dependent androgen synthesis, particularly via progesterone, in driving the sclerotic CRPC in bone. Our findings suggest that a comprehensive blockade of adrenal contribution is essential to prevent the sclerotic bone response associated with CRPC.",48.0,Expression profiling by high throughput sequencing,Homo sapiens; Mus musculus,,OI,HAND,-,Handsichtung
GSE44147,Transcriptomic effects of caloric restriction reflected in primate difference,"Caloric restriction (CR) can delay morbidity and mortality in a broad range of species, including mice and macaques. Mutations and chemical agents, such as resveratrol or rapamycin that partly mimic the CR effect, can similarly increase survival or extend lifespan. In humans, however, the effects of CR or other life-extending agents have not been investigated systematically. Humans already display lower mortality and greater maximal lifespan compared to closely related species, including chimpanzees and macaques. It is thus possible that humans, during their evolution, have acquired genetic mutations mimicking the CR effect. To address this question, we compared transcriptome differences between humans and other primates, with transcriptome changes observed in mice subjected to CR [see references below]. We show that the human transcriptome state examined in multiple tissues and across different ages resembles the transcriptome state of mice fed ad libitum, relative to CR mice or mice treated with resveratrol. Furthermore, transcriptome changes induced by CR were enriched among genes showing age-related changes among primates, concentrated in specific expression patterns, and could be linked with specific functional pathways, including insulin signalling, cancer, and immune response. These findings indicate that the evolution of human longevity was likely independent of CR-induced lifespan extension mechanisms. Consequently, application of CR or CR-mimicking agents may offer a promising direction in the extension of healthy human lifespan.  References for the transcriptome changes observed in mice subjected to CR: 1)  Barger JL, Kayo T, Vann JM, Arias EB, Wang J, Hacker TA, Wang Y, Raederstorff D, Morrow JD, Leeuwenburgh C, et al: A low dose of dietary resveratrol partially mimics caloric restriction and retards aging parameters in mice. PLoS One 2008, 3:e2264. 2)  Tsuchiya T, Dhahbi JM, Cui X, Mote PL, Bartke A, Spindler SR: Additive regulation of hepatic gene expression by dwarfism and caloric restriction. Physiol Genomics 2004, 17:307-315. 3)  Baur JA, Pearson KJ, Price NL, Jamieson HA, Lerin C, Kalra A, Prabhu VV, Allard JS, Lopez-Lluch G, Lewis K, et al: Resveratrol improves health and survival of mice on a high-calorie diet. Nature 2006, 444:337-342.",48.0,Expression profiling by array,Macaca mulatta; Homo sapiens; Mus musculus; Pan troglodytes,,FREITEXT_KLEINWUCHS,HAND,-,Handsichtung
GSE98460,Transcriptional Analysis of Articular Cartilage in Knee Osteoarthritis: Relationship with Obesity,"Objective: To examine the changes in tibial plateau cartilage in relation to body mass index (BMI) in patients with end-stage osteoarthritis (OA).    Design: Knees were obtained from 23 OA patients (3 non-obese, 20 obese) at the time of total knee replacement. RNA prepared from cartilage was probed for differentially expressed (DE) gene transcripts using RNA microarrays and validated via real-time PCR. Differences with regard to age, sex, and between medial and lateral compartments were also queried.    Results: Microarrays revealed that numerous transcripts were significantly DE between non-obese and obese patients (≥1.5-fold) using pooled and separate data from medial and lateral compartments. Correlation analyses showed that 706 transcripts (459 positively, 247 negatively) were significantly correlated with BMI. Among these, HS3ST6, HSD17B12, and FAM26F were positively correlated while STAC3, PRSS21, and EDA were negatively correlated. Differentially correlated transcripts represented important biological processes e.g. cellular metabolic processes, anatomical structure morphogenesis and cellular response to growth factors. Although age and sex had some effect on transcript expression, most intriguing results were observed for comparison between medial and lateral compartments. Transcripts (MMP13, CLEC3A, MATN3, EPYC, SCARNA5, COL2A1) elevated in the medial compartment represented skeletal system development, cartilage development, collagen and proteoglycan metabolism, and extracellular matrix organization. Likewise, transcripts (SELE, CTSS, VSIG4, F13A1, and STEAP4) repressed in medial compartment represented host immune response, cell migration, wound healing, cell proliferation and response to cytokines. PCR data confirmed expression of DE transcripts.    Conclusions: This study supports molecular interaction between obesity and OA and implies that BMI is an important determinant of transcript-level changes in cartilage.",46.0,Expression profiling by array,Homo sapiens,,PSACH_MED,HAND,-,Handsichtung
GSE195688,Lineage-Specific Differences and Inference of Regulatory Networks Governing Human Chondrocyte Development,"In-vitro differentiation of chondrocyte populations recapitulate in-vivo behaviours, and reveal gene regulatory networks involved in chondrocyte development",46.0,Expression profiling by high throughput sequencing; Genome binding/occupancy profiling by high throughput sequencing,Homo sapiens; Mus musculus,,FREITEXT_WACHSTUMSFUGE,HAND,-,Handsichtung
GSE219215,Human iPSC can be differentiated in vitro to articular cartilage or to osteogenic organoids via the endochondral ossification transdifferentiation pathway,"The ability to generate chondrocytes and osteoblasts from induced pluripotent stem cells (iPSCs) will provide insights into skeletal development and genetic skeletal disorders and generate cells for regenerative medicine applications. Here we describe a method that directs iPSC-derived sclerotome to chondroprogenitors in 3D pellet culture then to articular chondrocytes or, alternatively, along the growth plate cartilage pathway to become hypertrophic chondrocytes that can transdifferentiate to osteoblasts. Osteogenic organoids deposit and mineralize a collagen I extracellular matrix (ECM), mirroring in vivo endochondral bone formation. We have identified gene expression signatures at key developmental stages including chondrocyte maturation, hypertrophy and transdifferentiation to osteoblasts, and show that this system can be used to model genetic cartilage and bone disorders.",42.0,Expression profiling by high throughput sequencing,Homo sapiens,,FREITEXT_WACHSTUMSFUGE,HAND,-,Handsichtung
GSE246236,Reprograming human fibroblasts into Sertoli cells:  a tool for personalized medicine,"Differences of Sex Development (DSD) are a set of conditions where development of chromosomal, gonadal, or anatomical sex is atypical. With overlapping phenotypes and multiple genes involved, poor diagnostic yields are achieved for many of these conditions. The current DSD diagnostic regimen can be augmented by investigating transcriptome/proteome in vivo, but it is hampered by the unavailability of affected gonadal tissue at the relevant developmental stage. We try to mitigate this limitation by reprogramming readily available skin tissue-derived dermal fibroblasts into Sertoli cells (SC), which could then be deployed for different diagnostic strategies. SCs form the target cell type of choice because they act like an organizing center of embryonic gonadal development and many DSD arise when these developmental processes go awry. Methods: We employed a computational predictive algorithm for cell conversions called Mogrify to predict the transcription factors (TFs) required for direct reprogramming of human dermal fibroblasts into SCs. We established trans-differentiation culture conditions where stable transgenic expression of these TFs was achieved in 46, XY adult dermal fibroblasts using lentiviral vectors. The resulting Sertoli like cells (SLCs) were validated for SC phenotype using several approaches.  Results: SLCs exhibited Sertoli-like morphological and cellular properties as revealed by morphometry and xCelligence cell behavior assays. They also showed Sertoli-specific expression of molecular markers such as SOX9, PTGDS, BMP4, or DMRT1 as revealed by IF imaging, RNAseq and qPCR. The SLC transcriptome shared about two thirds of its differentially expressed genes with a human adult SC transcriptome and expressed markers typical of embryonic SCs. Notably, SLCs lacked expression of most markers of other gonadal cell types such as Leydig, germ, peritubular myoid or granulosa cells.  Conclusions: The trans-differentiation method was applied to a variety of commercially available 46, XY fibroblasts derived from patients with DSD and to a 46, XX cell line. The DSD SLCs displayed altered levels of trans-differentiation in comparison to normal 46, XY-derived SLCs, thus showcasing the robustness of this new trans-differentiation model.",41.0,Expression profiling by high throughput sequencing,Homo sapiens,,CCD_CMPD,HAND,-,Handsichtung
GSE690,HMF3A_RNAi,"HMF3A cells, created from adult human mammary fibroblasts by immortalisation with a thermolabile SV40 large T antigen and the catalytic sub-unit of human telomerase, undergo co-ordinated induction of cellular senescence upon inactivation of T antigen. The pSUPER-retro vector system (Brummelkamp, 2002) was used to selectively target genes for mRNA degradation in an attempt to determine if they had a role, in the changes to the transcriptome upon LT inactivation. The genes chosen for targeting were BTG2, NR4A3, DUSP1, PHLDA1 and STACb. Keywords = LT antigen Keywords = senescence Keywords = fibroblast Keywords = BTG2 Keywords = DUSP1 Keywords = MKP-1 Keywords = NR4A3 Keywords = STAC Keywords = PHLDA1 Keywords = RNAi Keywords: other",40.0,Expression profiling by array,Homo sapiens,,MPS,HAND,-,Handsichtung
GSE286565,Recurrent FGFR-alterations are frequent oncogenic drivers and therapeutic targets in pediatric low-grade gliomas [RNA-Seq 2],"Alterations in Fibroblast growth factor receptor proteins frequently occur as oncogenes in many cancers. FGFR alterations have been reported in a subset of pediatric gliomas, representing a therapeutic target for precision medicine approaches. We performed a genomic analysis of 13,659 gliomas and found that 4.5% harbor FGFR alterations including structural variants and single nucleotide variants. FGFR family members are differentially enriched by age, tumor grade, and histological subtype. FGFR1 alterations are most frequent in pediatric gliomas, particularly pediatric low-grade gliomas, while FGFR3 drivers were associated with adult gliomas. In vitro and in vivo functional studies confirm FGFR1 alterations to be sufficient to activate MAPK and mTOR signaling, drive gliomagenesis and activate neuronal transcriptional programs. FGFR1-driven models showed sensitivity to MAPK pathway inhibitors, including panFGFR inhibitors that are FDA approved for use in other cancers. While early FGFR inhibition was sufficient to prolong survival of mice bearing FGFR-driven xenografts, this was insufficient to induce cures. Similarly, review of patients treated with currently available MAPK pathway or FGFR inhibitors revealed modest responses. This study provides key insights into the biology of FGFR1-altered gliomas and potential strategies to therapeutically target them.",40.0,Expression profiling by high throughput sequencing,Homo sapiens,,FGFR3,HAND,-,Handsichtung
GSE237512,PI3Kα inhibition blocks osteochondroprogenitor specification and the hyper-inflammatory response to prevent heterotopic ossification,"Heterotopic ossification (HO) occurs following mechanical trauma, burns, or congenitally in patients suffering from fibrodysplasia ossificans progressiva (FOP). Recently, we demonstrated that inhibitors of phosphatidyl-inositol 3-kinase alpha (PI3Kα), including the already marketed BYL719/Alpelisib/Piqray, may become a useful therapy for patients undergoing HO. In this study, we have confirmed these results and optimized the timing of administration of BYL719. We found that BYL719 effectively prevents HO when administered even up to three to seven days after injury. We demonstrate in cell cultures and in a mouse model of HO, that the major actions of BYL719 are on-target effects through inhibition of PI3Kα, without directly affecting ACVR1/ALK2 kinase activity. In vivo, we found that lack of PI3Kα in progenitors at injury sites is sufficient to prevent HO. Moreover, time course assays in HO lesions demonstrate that BYL719 not only blocks osteochondroprogenitor specification, but also reduces the inflammatory response. BYL719 inhibits the migration, the proliferation, and the expression of pro-inflammatory cytokines in monocytes and mast cells, suggesting that BYL719 hampers the hyper-inflammatory status of HO lesions. As part of this study, we have conducted bulk RNA sequencing using human mesenchymal stem cells (hMSCs) expressing ACVR1/ALK2-R206H to assess molecular effectors driving the therapeutic potential of BYL719 in FOP. Altogether, these results highlight the potential of PI3Kα inhibition as a safe and effective therapeutic strategy for HO.",39.0,Expression profiling by high throughput sequencing,Homo sapiens,,FOP,HAND,-,Handsichtung
GSE41177,Region-specific gene expression profiles in left atria of patients with valvular atrial fibrillation,"Of 54,675 expressed sequence tags, microarray analysis revealed that 391 genes were differently expressed (>1.5-fold difference) between LA-PV junction and LAA, including genes related to arrhythmia, cell death, fibrosis, hypertrophy, and inflammation. Microarray and q-PCR produced parallel results in analyzing the expression of particular genes. The expression of paired like homeodomain-2 (PITX2) and its target protein (short stature homeobox-2 [SHOX2]) was greater in LA-PV junction than in LAA, which may contribute to arrhythmogenesis. Five genes related to thrombogenesis were up-regulated in LAA, which may implicate for the preferential thrombus formation in LAA. Genes related to fibrosis were highly expressed in LAA, which was reflected by intense ultrastructural changes in this region",38.0,Expression profiling by array,Homo sapiens,,FREITEXT_KLEINWUCHS,HAND,-,Handsichtung
GSE140782,Highly connected enhancer communities control lineage-determining genes in human mesenchymal stem cells,"Adipocyte differentiation is driven by waves of transcriptional regulators that reprogram the en-hancer landscape and change the wiring of the promoter interactome. Here, we establish enhancer-capture Hi-C to interrogate the extent and role of enhancer-to-enhancer interactions during adi-pocyte differentiation of human mesenchymal stem cells. We find that enhancers form an elaborate network that is highly dynamic during differentiation and tightly coupled to changes of enhancer activity. These interactions are important for enhancer function, since transcription factors at baited enhancers stabilize transcription factor binding at target enhancers, a phenomenon we term cross-interaction stabilization of transcription factors (CIST). Moreover, highly interconnected enhancers (HICE) act as integration hubs orchestrating differentiation by formation of insulated 3D enhancer communities, inside which, HICE, and other enhancers, converge on phenotypically important gene promoters. Collectively, these results indicate that dynamic enhancer interactions play a key role in regulation of enhancer function, and that HICE are important for both signal integration and compartmentalization of the genome.",36.0,Expression profiling by high throughput sequencing; Genome binding/occupancy profiling by high throughput sequencing; Other,Homo sapiens,,CCD_CMPD,HAND,-,Handsichtung
GSE238013,Cell-type-specific regulation of APOE and CLU levels in human neurons by the Alzheimer’s disease risk gene SORL1,"SORL1 is strongly implicated in the pathogenesis of Alzheimer’s disease (AD) through human genetic studies that point to an association of reduced SORL1 levels with higher risk for AD. To interrogate the role(s) of SORL1 in human brain cells, SORL1 null iPSCs were generated, followed by differentiation to neuron, astrocyte, microglial, and endothelial cell fates. Loss of SORL1 led to alterations in both overlapping and distinct pathways across cell types, with the greatest effects in neurons and astrocytes. Intriguingly, SORL1 loss led to a dramatic neuron-specific reduction in APOE and CLU levels, an increase in the accumulation of lipid droplets and altered lipid profiles. Pathway analysis implicated intracellular transport pathways and TGF-β/SMAD signaling in the function of SORL1 in neurons. Enhancement of retromer-mediated trafficking and autophagy rescued tau phenotypes observed in SORL1 null neurons but did not rescue APOE levels. However, stimulation and inhibition of SMAD signaling in neurons modulated APOE RNA levels in a SORL1-dependent manner. Further, analyses of iPSCs derived from a human aging cohort revealed a neuron-specific linear correlation between SORL1 and APOE RNA and protein levels, a finding validated in human post-mortem brain. These studies provide a mechanistic link between two of the strongest genetic risk factors for AD.",36.0,Expression profiling by high throughput sequencing,Homo sapiens,,CCD_CMPD,HAND,-,Handsichtung
GSE63239,Genome-wide microarray analysis of human fibroblasts in response to indomethacin and nimesulide.,Establishment of a transcriptomic profile of human cells treated with genistein with particular emphasis on signature of genes coding for enzymes involved in glycosaminoglycan synthesis stands for the present study. The hypothesis tested was that indomethacin and nimesulide influence expression of some genes among which are those coding for enzymes required for synthesis of different GAGs being pathologically accumulated in mucopolysaccharidoses. Results provide important information concerning the extent of action of indomethacin and nimesulide at the molecular level in terms of modulation of gene expression by these substances.,36.0,Expression profiling by array,Homo sapiens,,MPS,HAND,-,Handsichtung
GSE218101,Isogenic pairs of MPS VI gene corrected iPSC and Chondrogenic cells,"To investigate the effect of MPS VI on gene expression in chondrogenic cells, we gene corrected four patient derived hiPSC using a ARSB knock-in into the AAVS1 locus. We differentiated cells into chondrogenic cells using a 14 day protocol, we proformed gene expression profiling analysis using data obtained from RNA-seq at iPS stage in monoplo and differentiated cells in triplo.",34.0,Expression profiling by high throughput sequencing,Homo sapiens,,MPS,HAND,-,Handsichtung
GSE159676,Portal fibroblasts with mesenchymal stem cell features form a reservoir of proliferative myofibroblasts in liver fibrosis,"Based on the identification  of a transcriptomic signature, including Slit2,  characterizing portal mesenchymal stem cells  (PMSC)  and derived myofibroblast (MF), we examined  the gene expression profile of in liver tissue derived  from multiple human liver disorders, including  primary sclerosing cholangitis (PSC) (n=12), non-alcoholic steatohepatitis (NASH)  (n=7) and other liver diseases (i.e., primary biliary cholangitis, autoimmune hepatitis, alcoholic liver disease and haemochromatosis) (n=8) and  compared them to healthy controls (tumor free tissue from livers with metastasis from colorectal cancer) (n=5). We found that  SLIT2 was overexpressed in the liver of patients with NASH, PSC and other chronic liver diseases. We also examined the microarray data of the human liver tissue samples for the transcriptomic signatures and found that in the different types of liver diseases the gene signature of PMSCs/PMSC-MFs was increased compared to normal liver, and correlated with the expression of ACTA2, COL1A1 and vWF.",33.0,Expression profiling by array,Homo sapiens,,OI,HAND,-,Handsichtung
GSE213912,Cancer-Associated Fibroblasts are the Main Source of Epithelial-to-Mesenchymal Signaling in the Tumor Microenvironment,"Epithelial-to-mesenchymal transition (EMT) is associated with tumor initiation, metastasis, and drug resistance. However, the mechanisms underlying these associations are largely unknown. We studied several tumor types to identify the source of EMT gene expression signals and a potential mechanism of resistance to immuno-oncology treatment. Across tumor types, EMT-related gene expression was strongly associated with expression of stroma-related genes. Based on RNA sequencing of multiple patient-derived xenograft models, EMT-related gene expression was enriched in the stroma versus parenchyma. EMT-related markers were predominantly expressed by cancer-associated fibroblasts (CAFs), cells of mesenchymal origin which produce a variety of matrix proteins and growth factors. Scores derived from a 3-gene CAF transcriptional signature (COL1A1, COL1A2, COL3A1) were sufficient to reproduce association between EMT-related markers and disease prognosis. Our results suggest that CAFs are the primary source of EMT signaling and have potential roles as biomarkers and targets for immuno-oncology therapies.",32.0,Expression profiling by high throughput sequencing,Homo sapiens,,OI,HAND,-,Handsichtung
GSE32531,"Patient-derived tumor grafts authentically reflect tumor pathology, growth, metastasis, and disease outcomes (expression)","Development and pre-clinical testing of new cancer therapies is limited by the scarcity of in vivo models that authentically reproduce tumor growth and metastatic progression. We report new models for breast tumor growth and metastasis, in the form of transplantable tumors derived directly from individuals undergoing treatment for breast cancer. These tumor grafts represent the diversity of human breast cancer and maintain essential features of the original tumors, including metastasis to specific sites.  Co-engraftment of primary human mesenchymal stem cells maintains phenotypic stability of the grafts and increases tumor growth by promoting angiogenesis. We also report that tumor engraftment is a prognostic indicator of disease outcome for newly diagnosed women; orthotopic breast tumor grafting marks a step toward individualized models for tumor growth, metastasis, and prognosis. This bank of tumor grafts also serves as a publicly available resource for new models in which to study the biology of breast cancer.",31.0,Expression profiling by array,Homo sapiens,,MPS,HAND,-,Handsichtung
GSE274709,PIEZO2 mechanoreceptor-expressing fibroblasts in keloids cause short-term recurrence after surgical resection,"Keloids are characterized by persistent scar tissue growth that causes abnormal sensory perceptions due to mechanical stress. But the molecular dysfunction and disease-specific cells that fashion keloid pathophysiology are still not evident. Here, we found a distinct subpopulation of fibroblasts with enhanced expression of PIEZO2 in the dermal layer of keloid patients experiencing dysesthesia, including pain and pressure-tactile itch. The PIEZO2-expressing fibroblasts exhibited a keloid-typical phenotype marked by increased extracellular matrix production signaling and higher levels of collagens such as COL1A1, COL1A2, and COL3A1 compared with other fibroblasts. Notably, patients with higher PIEZO2 expression tend to experience keloid recurrence more quickly after keloidectomy (4/5 vs. 0/5, p = 0.047) than those with lower PIEZO2 expression. Thus, the PIEZO2-positive fibroblasts are indicative cells that most accurately reflect the keloid characteristics, suggesting the driving role for the persistent growth of Keloids.",30.0,Expression profiling by high throughput sequencing,Homo sapiens,,OI,HAND,-,Handsichtung
GSE324491,MicroRNA Network Regulation of Developmental Bone Toxicity in a Human Embryonic Stem Cell Osteogenic Model [RNA-Seq],"Developmental exposure to environmental toxicants is a cause of skeletal abnormalities. Yet the molecular mechanisms linking early exposure to impaired bone formation remain undefined. Skeletal tissues arise from both neural crest- and mesoderm-derived lineages that rely on shared osteogenic differentiation programs, suggesting that disruption of common regulatory processes may contribute to diverse skeletal outcomes. MicroRNAs (miRNAs) are key post-transcriptional regulators of gene networks and have appeared as indicators of toxicant-induced perturbation. In this study, we examined whether developmentally relevant toxicants are associated with miRNA regulatory networks during osteogenic differentiation. Using a human embryonic stem cell (hESC)-based osteogenic differentiation model, we assessed the effects of nine toxicants spanning distinct primary mechanisms. Toxicant exposure impaired osteogenic differentiation at their IC50, as reflected by altered expression of osteogenic markers and transcriptional remodeling. Global miRNA profiling revealed dysregulation of miRNAs enriched for bone-related biological processes, including regulators of osteogenic commitment and differentiation timing. Integrated miRNA–mRNA network analysis identified a subset of miRNAs linked to core osteogenic and lineage-associated pathways, including RUNX2-dependent transcription and BMP and Wnt signaling. Modulation of representative miRNAs produced osteogenic outcomes consistent with those observed following toxicant exposure and, in some cases, was associated with partial restoration of differentiation in exposed cultures. Collectively, these findings indicate that chemically diverse developmental toxicants are associated with miRNA-mediated regulatory patterns during osteogenic differentiation. Identification of conserved miRNA signatures provides mechanistic insight into developmental bone toxicity and supports the use of miRNA network analysis as a human-relevant endpoint for skeletal hazard identification.",30.0,Expression profiling by high throughput sequencing,Homo sapiens,,CCD_CMPD,HAND,-,Handsichtung
GSE62589,Integrative Analysis of Transcriptomic and Epigenomic Data to Reveal Regulation Patterns for Osteoporosis Risk,This SuperSeries is composed of the SubSeries listed below.,30.0,Expression profiling by array; Methylation profiling by high throughput sequencing; Non-coding RNA profiling by array,synthetic construct; Homo sapiens,,MPS,HAND,-,Handsichtung
GSE206214,WRN promotes bone development and growth by unwinding SHOX-G-quadruplexes via its helicase activity in Werner Syndrome,This SuperSeries is composed of the SubSeries listed below.,29.0,Expression profiling by high throughput sequencing; Genome binding/occupancy profiling by high throughput sequencing,Homo sapiens,,SHOX,HAND,-,Handsichtung
GSE148728,Gene expression profiling of chondrodysplasia mutants and isogenic controls during hypertrophic induction from iPSCs,"In order to better understand chondrodysplasia disease mechanisms, we induced hypertrophic chondrocytes from chondrodysplasia-specific iPSCs and analyzed their gene expression profile. This dataset includes the expression data obtained from iPSC-derived cartilage pellets on day 56 of hypertrophic induction. Three COL10A1 mutants and two MATN3 mutants were compared to their isogenic controls to determine the effects of each mutation on the unfolded protein response.",27.0,Expression profiling by array,Homo sapiens,,PSACH_MED|FREITEXT_DYSPLASIE,HAND,-,Handsichtung
GSE279954,mRNA/sRNA Co-Sequencing Reveals Multiple New Targeted Therapy Candidates in Rhabdomyosarcoma,"There have been few studies investigating the transcriptional-driver landscape of rhabdomyosarcoma (RMS). In this study, we performed genome-wide mRNA and sRNA co-sequencing from the same RMS and wildtype tissues to identify differentially expressed and differentially regulated genes involved in the molecular pathology of RMS. One key finding is the upregulation of RUNX2 transcription factor, which is normally under the negative control of HDAC4 transcriptional silencer, but this is lost in these tissues. Similar to bone sarcomas, we propose that HDAC4 itself was under the negative regulated of miR-140, i.e., upregulation of miR-140 silences HDAC4, allowing for the expression of RUNX2. The data showed that most miRNAs known to target HDAC4 (e.g. miR-1, miR-206) including miR-140 were downregulated, with the exception of miR-155. There might be the possibility that  miR-140/HDAC4/RUNX2 signalling pathway is specific to bone sarcoma but here, the miR-155/HDAC4/RUNX2 signalling pathway is specific to muscle sarcomas. Further studies are required to test this hypothesis.",26.0,Expression profiling by high throughput sequencing,Homo sapiens,,CCD_CMPD,HAND,-,Handsichtung
GSE69111,Distinct regulatory programs for Sox9 in transcriptional regulation of the developing mammalian chondrocyte,This SuperSeries is composed of the SubSeries listed below.,25.0,Expression profiling by array; Genome binding/occupancy profiling by high throughput sequencing; Expression profiling by high throughput sequencing,Mus musculus; Homo sapiens,,CCD_CMPD,HAND,-,Handsichtung
GSE188531,Sex-biased and random monoallelic expression of SHOX: implications for sex difference in height,This SuperSeries is composed of the SubSeries listed below.,25.0,Expression profiling by array; Methylation profiling by high throughput sequencing; Expression profiling by high throughput sequencing; Other,Homo sapiens,,SHOX,HAND,-,Handsichtung
GSE206213,WRN promotes bone development and growth by unwinding SHOX-G-quadruplexes via its helicase activity in Werner Syndrome [RNA-seq],"Werner Syndrome (WS) is an autosomal recessive disorder characterized by premature aging due to mutations of the WRN gene. A classical sign in WS patients is short stature, but the underlying mechanisms are not well understood. Here we report that WRN is indispensable for chondrogenesis, which is the engine driving the elongation of bones and determines height.",24.0,Expression profiling by high throughput sequencing,Homo sapiens,,SHOX|FREITEXT_KLEINWUCHS,HAND,-,Handsichtung
GSE248009,Eicosatetraynoic Acid Regulates Pro-Fibrotic Pathways in an Induced Pluripotent Stem Cell Derived Macrophage:Human Intestinal Organoid Model of Crohn’s Disease,"Background: We previously reported Crohn’s Disease (CD) ileal macrophage and fibroblast gene expression modules linked to future strictures, and identified small molecules which may reverse this gene signature. Here we developed a model system to test a lead candidate, eicosatetraynoic acid (ETYA), a Peroxisome Proliferator-Activated Receptor (PPAR) agonist.  Methods: CD patient induced pluripotent stem cells (iPSC) were differentiated into macrophages and human intestinal organoids (HIOs).  Macrophages and macrophage:HIO co-cultures were exposed to lipopolysaccharide (LPS) with and without ETYA pre-treatment. Cytospin and flow cytometry characterized macrophage morphology and activation markers, and RNA sequencing defined the global pattern of macrophage gene expression. TaqMan Low Density Array, Luminex multiplex assay, immunohistologic staining, and sirius red polarized light microscopy were performed to measure macrophage cytokine production and HIO pro-fibrotic gene expression and collagen content. Results: iPSC-derived macrophages exhibited morphology similar to primary macrophages and expressed inflammatory macrophage cell surface markers including CD64 and CD68. LPS-stimulated macrophages expressed a global pattern of gene expression enriched in CD ileal inflammatory macrophages and matrisome secreted products, and produced cytokines and chemokines including CCL2, IL1B, and OSM implicated in refractory disease. ETYA suppressed CD64 abundance and pro-fibrotic gene expression pathways in LPS stimulated macrophages. Co-culture of LPS-primed macrophages with HIO led to up-regulation fibroblast activation genes including ACTA2 and COL1A1, and an increase in HIO collagen content.  ETYA pre-treatment prevented pro-fibrotic effects of LPS-primed macrophages. Conclusions: ETYA inhibits pro-fibrotic effects of LPS-primed macrophages upon co-cultured HIO. This model system may be used to screen personalized effects of candidate small molecules upon inflammatory and fibrotic pathways implicated in refractory CD patients.",24.0,Expression profiling by high throughput sequencing,Homo sapiens,,OI,HAND,-,Handsichtung
GSE35659,A transcriptional map of the impact of endurance exercise training on skeletal muscle phenotype (resting muscle after endurance training),"The molecular pathways which are activated and contribute to physiological remodeling of skeletal muscle in response to endurance exercise have not been fully characterized. We previously reported that ~800 gene transcripts are regulated following 6 weeks of supervised endurance training in young sedentary males, referred to as the training responsive transcriptome (TRT). Here we utilized this database together with data on biological variation in muscle adaptation to aerobic endurance training in both humans and a novel out-bred rodent model to study the potential regulatory molecules that coordinate this complex network of genes. We identified three DNA sequences representing RUNX1, SOX9, and PAX3 transcription factor binding sites as over-represented in the TRT. In turn, miRNA profiling indicated that several miRNAs targeting RUNX1, SOX9 and PAX3 were down-regulated by endurance training. The TRT was then examined by contrasting subjects who demonstrated the least vs. the greatest improvement in aerobic capacity (low vs. high responders), and at least 100 of the 800 TRT genes were differentially regulated, thus suggesting regulation of these genes may be important for improving aerobic capacity. In high responders, pro-angiogenic and tissue developmental networks emerged as key candidates for coordinating tissue aerobic adaptation. Beyond RNA level validation there were several DNA variants that associated with VO(2)max trainability in the HERITAGE Family Study but these did not pass conservative Bonferroni adjustment. In addition, in a rat model selected across 10 generations for high aerobic training responsiveness, we found that both the TRT and a homologous subset of the human high responder genes were regulated to a greater degree in high responder rodent skeletal muscle. This analysis provides a comprehensive map of the transcriptomic features important for aerobic exercise-induced improvements in maximal oxygen consumption.",24.0,Expression profiling by array,Homo sapiens,,CCD_CMPD,HAND,-,Handsichtung
GSE291355,Implication of bone marrow adipose tissue in bone homeostasis during osteoarthritis,"Objective: To explore the role of bone marrow adipocytes (BMAds) in osteoarthritis (OA). Methods: Male and female C57BL/6 mice (n=4/group) underwent meniscectomy (MNX) or SHAM surgery. OA was determined using OARSI score and the number of perilipin+ adipocytes was quantified. Mesenchymal Stromal Cells (MSCs) from MNX and SHAM mice were differentiated into osteoblasts and adipocytes. Human adipocytes and MSCs (n=8) were enzymatically isolated from epiphyseal and metaphyseal marrow, and from subcutaneous adipose tissue (SCAT) of hip OA patients. Human OA MSCs were differentiated into osteoblasts and adipocytes (OA-Diff-hAdipo). Gene expression patterns of epiphyseal and metaphyseal BMAds, SCAT adipocytes and OA-Diff-hAdipo were evaluated by RNAseq (n=4). The effect conditioned media from OA epiphyseal bone (n=5) on the alkaline phosphatase (ALP) activity and mineralization kinetics was assessed in vitro. Results: Increase in BMAd density was positively correlated with cartilage degradation in MNX mice. OA modified the differentiation capacity of MSCs, accelerating adipocyte differentiation and failing to produce osteoblasts in both human and mice. Human epiphyseal, metaphyseal and SCAT adipocytes from the same OA patients each displayed a specific transcriptome, suggesting different functions. Enrichment analysis defined metaphyseal OA-BMAds as cells implicated in hematopoietic stem cell differentiation. On the other hand, epiphyseal OA-BMAds were considered as osteogenic cells showing an up-regulation of genes related to bone mineralization and remodeling. Specifically, OA epiphysis-secreted molecules decreased ALP activity and altered in vitro the mineralization process. Conclusion: All these results support the emergence of BMAds as new cell partners in OA, opening new venues for therapeutic approaches.",24.0,Expression profiling by high throughput sequencing,Homo sapiens,,FREITEXT_WACHSTUMSFUGE,HAND,-,Handsichtung
GSE66723,Highly efficient in vivo delivery of functional RNAs using new versatile MS2-chimeric retrovirus-like particles,"RNA delivery is a method of choice to achieve transient gene expression for research and in cell- or gene-based therapies. To improve retroviral transfer, we designed a dimerization-independent MS2-driven packaging system using MS2-retrovirus chimeras. We delivered RUNX2- or DLX5-mRNA into primary human bone-marrow mesenchymal-stem-cells. We used microarrays to detail the global programme of gene expression confirming the effects of pro-osteogenic genes transduced by MS2 chimeric lentiviral particles.",24.0,Expression profiling by array,Homo sapiens,,CCD_CMPD,HAND,-,Handsichtung
GSE228522,Transcriptomic differences underlying the Activin-A induced large osteoclast formation in both healthy control and Fibrodysplasia Ossificans Progressiva osteoclasts,Activin-A has been identified as the driver for heterotopic ossification in FOP. It's effect on osteoclast formation is not extensively studied in control or FOP samples.,24.0,Expression profiling by high throughput sequencing,Homo sapiens,,FOP,HAND,-,Handsichtung
GSE27864,Homeostatic tissue responses in skin biopsies from NOMID patients with constitutive overproduction of IL-1b.,"The autoinflammatory disorder, Neonatal-onset Multisystem Inflammatory Disease (NOMID) is the most severe phenotype of disorders caused by mutations in the CIAS1 gene that result in increased production and secretion of active IL-1≤. NOMID patients present with systemic and organ-specific inflammation of the skin, central nervous system and bony growth plates, and respond dramatically to treatment with IL-1 blocking agents. We compared the cellular infiltrates and transcriptome of skin biopsies from patients with NOMID (n=14) before treatment [lesional (LS) and non-lesional (pre-NL) skin] and after treatment (post-NL) with the IL-1 blocker anakinra (recombinant IL-1 receptor antagonist, Kineret®), to normal skin (n=5). Abundant neutrophils distinguish LS skin from pre-NL and post-NL skin. CD11c+ dermal dendritic cells and CD163+ macrophages expressed activated caspase-1 and are the likely sources of cutaneous IL-1 production. Treatment with anakinra led to the disappearance of neutrophils, but CD3+ T cells and HLA-DR+ cells remained elevated. Among the upregulated genes IL-6, IL-8, TNF, IL-17A, CCL20, and the neutrophil defensins DEFA1 and DEFA3 were differentially regulated in LS tissues (compared to normal skin). Important significantly downregulated pathways included IL-1R/TLR signaling, type I and II cytokine receptor signaling, mitochondrial dysfunction, and antigen presentation. Differential expression and regulation of microRNAs and pathways involved in post-transcriptional modification are indicative of epigenetic modification in the various tissue states. Overall, the dysregulated genes and pathways suggest extensive “adaptive” mechanisms to control inflammation, and maintain tissue homeostasis in the skin of patients with NOMID.",23.0,Expression profiling by array,Homo sapiens,,FREITEXT_WACHSTUMSFUGE,HAND,-,Handsichtung
GSE241507,Type I IFN signaling pathway promotes osteoblast differentiation through targeting Sox9.,This SuperSeries is composed of the SubSeries listed below.,22.0,Expression profiling by high throughput sequencing,Homo sapiens; Mus musculus,,CCD_CMPD,HAND,-,Handsichtung
GSE77758,Microarray and miRNA expression data from five Ehlers-Danlos Syndrome Hypermobility type/Joint Hypermobility Syndrome (EDS-HT/JHS) patients' skin fibroblasts,This SuperSeries is composed of the SubSeries listed below.,22.0,Expression profiling by array; Non-coding RNA profiling by array,synthetic construct; Homo sapiens,,MPS,HAND,-,Handsichtung
GSE134386,Molecular Fingerprints of Borderline Changes of Kidney Allografts is Influenced by Donor Category,"The fate of transplanted kidneys is substantially influenced by the graft quality as transplantation of kidneys from elderly and expanded criteria deceased donors (ECD) is associated with higher occurrence of delayed graft function, rejection and inferior long term outcome. Little is known about early molecular fingerprints of these events in different donor categories. Borderline changes represent the most frequent histological finding early after kidney transplantation. Therefore,  transcriptomic profiles of early case biopsies diagnosed as borderline changes were studied in ECD, standard criteria deceased donors (SCD) and living donor (LD) kidney transplantation using  RNA microarray (Agilent SurePrintG3). The increased transcripts typical for ECD as compared to LD (n=437) showed enrichment of extracellular matrix (ECM) -receptor interaction (p=0.004) and complement and coagulation pathways (p=0.004) and GO terms related to platelet activation, blood coagulation, regulation of cell cycle, acute inflammatory response, wound healing or defense response (p<0.001).   Gene annotation analysis of transcripts with increased expression in ECD grafts compared to SCD (n=244) showed the highest enrichment of inflammatory response (p=0.013), response to wounding (p=0.001) and defense response (p=0.005) and ECM-receptor interaction pathway (p=0.043). Comparative gene expression overlaps of ECD, SCD and LD using Venn’s diagrams found 62 up- and 16 down-regulated genes in ECD compared to both LD and SCD. Shared increased transcripts in ECD vs. both SCD and LD included, thrombospondin 2 (THBS2), angiopoietin-like 4 (ANGPTL4), collagens (COL6A3, COL1A1), chemokines CCL13 or interleukin IL11 and most significant down-regulated transcripts included proline rich 35 (PRR35) and fibroblast growth factor 9 (FGF9).  Transcriptomic profile of higher inflammation and extracellular matrix remodeling in early borderline changes in the ECD kidney allografts suggest mechanisms how ischemia/reperfusion injury aggravates alloimmune response in the presence of chronic vascular changes.",21.0,Expression profiling by array,Homo sapiens,,OI,HAND,-,Handsichtung
GSE159778,A comprehensive library of human transcription factors for cell fate engineering (Bulk RNA-Seq),"Human pluripotent stem cell (hPSC)-derived cells offer an unprecedented opportunity to model diverse human tissue functions. However, the field lacks a generalized approach to rapidly and efficiently generate individual cell types of interest and to incorporate them into complex but defined tissues. To systematically explore the transcription factor (TF)-mediated hPSC programming landscape, we constructed the Human TFome: a comprehensive human TF library containing 1,564 TF (1,732 splice-isoforms). We discovered 241 previously unreported factors that individually converted hPSCs into diverse lineages with up to 99% efficiency in four days without alteration of external factors. Among these, we programmed neurons, fibroblasts, oligodendrocytes and endothelial cells that have molecular, transcriptomic and functional similarity to primary cells. Splice-isoform-specificity doubled endothelial conversion efficiency into in vivo-functional cells. Our cell-autonomous approach enabled parallel and orthogonal hPSCs programming into multiple cell types simultaneously without altering any microenvironmental cues. We generated in vivo-engraftable induced oligodendrocytes that expedited myelination within synthetically accelerated cerebral organoids.",21.0,Expression profiling by high throughput sequencing,Homo sapiens,,CCD_CMPD,HAND,-,Handsichtung
GSE309060,Impact of hyaluronic acid coating of collagen membranes: RNAseq of gingival fibroblasts,"Collagen membranes are commonly used biomaterials in clinical dentistry that can be coated with hyaluronic acid (HA). To investigate fibroblast responses, gingival fibroblasts were seeded on porcine-derived membranes originating from dermis (Mucoderm®) and pericardium (Collafleece®) —with or without lyophilized HA, followed by bulk RNA sequencing. Mucoderm® and Collafleece® elicited a significant transcriptional response compared to fibroblasts grown on tissue culture surfaces. Compared to Mucoderm®, Collafleece® increased the expression of extracellular matrix genes CCN1, CCN2, COL1A1, POSTN, SPARC, TAGLN, FBN2, CCDC80 and CREB3L1. Decreased genes included the proteases MMP3 and MMP10 but also detoxifying genes MT1E, MT2A, HMOX1, NQO1. RNA sequencing further revealed that HA coating increased IL24 in Mucoderm®, but no increasing changes was observed in Collafleece®. These data suggest that Collafleece® has a comparably stronger positive impact on extracellular matrix formation by in gingival fibroblast than Mucoderm®. The results further imply that HA coating does consistently impact fibroblast behavior.",21.0,Expression profiling by high throughput sequencing,Homo sapiens,,OI,HAND,-,Handsichtung
GSE210826,HU308 Mitigates Osteoarthritis by Stimulating Sox9-Related Networks of Carbohydrate Metabolism,"Osteoarthritis (OA) is characterized by progressive, irreversible erosion of articular cartilage accompanied with severe pain and immobility. This study aimed to assess the effect and mechanism of action of HU308- a selective cannabinoid receptor type 2 (CB2) agonist, in potentially preventing OA-related joint damage. To test this assumption, Cn2r null mice and WT mice were aged to reach 20 months, and analyzed for joint structural  features.  OA was induced in Wild type (WT) mice via ageing or post-traumatic procedure, followed by HU308 systemic (intraperitoneal) or local (intra-articular) administration, respectively.  Additional analysis of time and dose courses for HU308 were carried out in human primary chondrocytes, analyzed by RNA-sequencing, RT-PCR, ChIP and immunoblotting. Our results show that Cnr2r null mice exhibited enhanced age-related OA severity and synovitis compared to age-matched WT mice.  Systemic administration of HU308 to 16-month mice improved pain sensitivity and maintained joint integrity, which was consistent with the intra-articular administration of HU308 in post-traumatic OA mice. When assessing human chondrocytes treated with HU308, we uncovered a dose- and time related increase in ACAN and COL2A1 expression, which was preceded by increased SOX9 expression due to pCREB transcriptional activation of the SOX9 gene. Finally, transcriptomic analysis of patient-derived human chondrocytes, identified HU308 populations exhibiting enhanced SOX9 expression, accompanied by enriched gene networks related to carbohydrate metabolism. Collectively, the results show that HU308 reduced trauma and age-induced OA, via CB2-pCREB dependent activation of SOX9, contributing to augmented genes networks related to metabolism.",21.0,Expression profiling by high throughput sequencing,Homo sapiens,,CCD_CMPD,HAND,-,Handsichtung
GSE290015,Amniotic Fluid Reduces Liver Fibrosis By Attenuating Hepatic Stellate Cell Activation,"Background & Aims: Persistent activation of hepatic stellate cells (HSCs) drives liver fibrosis, marked by myofibroblast activation (MFA) and epithelial-mesenchymal transition (EMT). Strategies to prevent or reverse this will be critical to treat liver fibrosis successfully. We previously showed that full-term, cell-free human amniotic fluid (cfAF) inhibits MFA and EMT in fibroblasts in vitro. We hypothesize that cfAF treatment can attenuate HSC activation and limit liver fibrosis.  Methods: HSC activation was assessed using murine models of acute (DMN) and chronic (CCl4) liver damage, three-dimensional hepatic spheroids, and HSC cultures. EMT and MFA were induced in vitro using ethanol (spheroids) or TGFβ (HSCs) and evaluated via scratch assays, multi-omics approaches, and RNA/protein analyses.  Results: cfAF treatment prevented weight loss in mice with chronic liver damage without adverse events. Histological analysis revealed a modest reduction in fibrosis with preserved liver architecture in both chronic and acute murine liver damage models. Gene expression profiling and immunostaining indicated cfAF administration to CCl4-treated mice led to reduced EMT- and MFA-related biomarkers along with changes in transcripts associated with liver metabolism, immune regulatory pathways, and cell signaling. In hepatic spheroids exposed to ethanol cfAF treatment lowered COL1A1 protein levels and smooth muscle actin (SMA) RNA abundance in a dose-dependent manner. Treating primary or LX2 hepatic stellate cells with cfAF strongly represses EMT, and multi-omics analyses revealed that it also attenuates TGFβ-induced MFA and the inflammatory phenotype. Thus cfAF treatment prevents liver fibrosis by safeguarding hepatic stellate cell activation.  Conclusions: cfAF treatment limits liver fibrosis by repressing HSC activation in liver fibrosis models. These findings suggest cfAF may be a safe and effective therapy for reducing liver fibrosis and preventing the development of cirrhosis and/or hepatocellular carcinoma.",21.0,Expression profiling by high throughput sequencing,Homo sapiens,,OI,HAND,-,Handsichtung
GSE64264,Functional Retinal Pigment Epithelium-like Cells from Human Fibroblasts,"The retinal pigment epithelium (RPE) provides vital support to photoreceptor cells and its dysfunction is associated with the onset and progression of age-related macular degeneration (AMD). Surgical provision of RPE cells may ameliorate AMD and thus it would be valuable to develop sources of patient-matched RPE cells for this application of regenerative medicine. We describe here the generation of functional RPE-like cells from fibroblasts that represent an important step toward that goal.  We identified candidate master transcriptional regulators of RPEs using a novel computational method and then used these regulators to guide exploration of the transcriptional regulatory circuitry of RPE cells and to reprogram human fibroblasts into RPE-like cells.  The RPE-like cells share key features with RPEs derived from healthy individuals, including morphology, gene expression and function, and thus represent a step toward the goal of generating patient-matched RPE cells for treatment of macular degeneration.",20.0,Expression profiling by array,Homo sapiens,,CCD_CMPD,HAND,-,Handsichtung
GSE157587,Reiterative infusions of MSCs improve pediatric Osteogenesis Imperfecta eliciting a pro-osteogenic paracrine response: TERCELOI clinical trial,"Osteogenesis Imperfecta (OI) is a genetic, rare disease characterized by bone fragility, with a wide range in the severity of clinical manifestations. The majority of the cases are due to mutations in COL1A1 or COL1A2 genes which code for the type I collagen molecule. Mesenchymal stem cells (MSCs), as the progenitors of the osteoblasts, the main type I collagen secreting cell type in the bone, have been proposed and tested as an innovative therapy for OI with promising but transient outcomes. In this study, we performed a phase I clinical trial based on reiterative infusions of histocompatible MSCs in two pediatric patients affected by severe and moderate OI. The aim of this study was to assess the safety and effectiveness of this cell therapy in non-immunosuppressed OI patients. The host response to MSCs was also evaluated by collecting the sera from OI patients before, along and after the cell therapy. The results of this clinical trial are twofold: the sequential administration of MSCs is safe and improve the bone parameters and quality of life of OI patients. Moreover, MSCs therapy elicits a pro-osteogenic paracrine response in patients, especially noticeable in that affected by severe OI. These results indicate the feasibility and potential of reiterative MSCs infusion for OI and highlight the paracrine response shown by OI patients as a consequence of MSCs treatment. Study design and patients: The Mesenchymal Stem Cell Therapy for the Treatment of Osteogenesis Imperfecta (TERCELOI) study (www.clinical trials.gov: # NCT02172885, EudraCT number: 2012-002553-38) is an independent multi-center Phase I clinical trial to evaluate the feasibility, safety and potential efficacy of infused sibling HLA-matched MSCs in non-immunosuppressed children with OI. PBMCs isolation and serum collection: Venous blood samples were collected before the cell therapy (basal serum), along the cell therapy (1 week, 1 month and 4 months after each MSCs infusion) and during the follow-up period (1 and 2 years after the fifth and last MSCs infusion). MLR assay: PBMCs isolated from patients were resuspended in PBS+FBS (5%) and stained with carboxyfluoroscein succinate-ester (CFSE) (Molecular Probes, USA). Bone mineral density: Bone mineral density (BMD) at the lumbar spine (LS) from L1 to L4, was measured by dual energy x-ray absorptiometry (DXA) on a whole-body scanner within a pediatric platform (Hologic QDR densitometer). Raw measurements were converted to Z-scores for analysis using reference standards for age and pubertal status. OI-MSCs isolation and characterization and culture: OI-MSCs were derived from discarded and donated bone fragments of OI pediatric patients undergoing corrective surgery. All patients suffered Type III-IV OI, with mutations in either COL1A1 or COL1A2 genes. The donation was approved by the Basque Clinical Research Ethics Committee. Briefly, bone chips were mechanically flushed with PBS and then cut into small pieces to extrude cells without the use of enzymes. The cut bone pieces were let undisturbed during 14 days until OI-MSCs migrated to cell culture plate. OI-MSCs were assessed for the expression of CD105, CD90 and CD73 and the absence of CD14, CD34, CD45, CD19 and HLA-DR. MSCs were also tested for their potential to differentiate to osteoblasts and adipocytes using specific cell culture media. OI-MSCs were cultured under standard growth medium (DMEM low glucose with glutamax (Gibco), penicillin/streptomycin (Gibco) and fetal bovine serum at 10% (Sigma-Aldrich, USA). Osteogenesis induction medium (OIM) was composed of standard medium plus ascorbic acid 0.2 mM, beta-glycerophosphate 10 mM, and dexamethasone 10 nM (all from Sigma-Aldrich). When specified, FBS was replaced by P01 and P02 serum samples at 2.5%. RNAseq and Q-PCR validation: OI-MSCs from 10 OI pediatric patients were seeded in 96-well plates (1 000 cells/well) and the following day cultured in the presence of OIM. Next, total RNA was isolated with the AllPrep kit (QIAGEN, USA). cDNA library (TrueSeq stranded Total cDNA library, Illumina, USA) and sequencing at HiSeq 4000 (PE100nt, 50 million reads/sample).",20.0,Expression profiling by high throughput sequencing,Homo sapiens,,OI,HAND,-,Handsichtung
GSE246390,Molecular Response to Biomechanical Loading in Human Growth Plate Cartilage,"Understanding the effects of biomechanical loading on human growth plate cartilage, which are unknown so far, could uncover diagnostic and therapeutic avenues. To address this, we used rare human growth plate biopsies obtained from children undergoing epiphysiodesis. These biopsies were exposed to a precisely controlled mechanical loading application using a microloading device. Subsequently, the biopsies were cultured for 24 hours post-mechanical loading, followed by RNA-sequencing analyses to decipher the molecular responses.",19.0,Expression profiling by high throughput sequencing,Homo sapiens,,FREITEXT_WACHSTUMSFUGE,HAND,-,Handsichtung
GSE266974,Eicosatetraynoic Acid Regulates Pro-Fibrotic Pathways in an Induced Pluripotent Stem Cell Derived Macrophage:Human Intestinal Organoid Model of Crohn’s Disease II,"Background: We previously reported Crohn’s Disease (CD) ileal macrophage and fibroblast gene expression modules linked to future strictures, and identified small molecules which may reverse this gene signature. Here we developed a model system to test a lead candidate, eicosatetraynoic acid (ETYA), a Peroxisome Proliferator-Activated Receptor (PPAR) agonist. Methods: CD patient induced pluripotent stem cells (iPSC) were differentiated into macrophages and human intestinal organoids (HIOs).  Macrophages and macrophage:HIO co-cultures were exposed to lipopolysaccharide (LPS) with and without ETYA pre-treatment. Cytospin and flow cytometry characterized macrophage morphology and activation markers, and RNA sequencing defined the global pattern of macrophage gene expression. TaqMan Low Density Array, Luminex multiplex assay, immunohistologic staining, and sirius red polarized light microscopy were performed to measure macrophage cytokine production and HIO pro-fibrotic gene expression and collagen content. Results: iPSC-derived macrophages exhibited morphology similar to primary macrophages and expressed inflammatory macrophage cell surface markers including CD64 and CD68. LPS-stimulated macrophages expressed a global pattern of gene expression enriched in CD ileal inflammatory macrophages and matrisome secreted products, and produced cytokines and chemokines including CCL2, IL1B, and OSM implicated in refractory disease. ETYA suppressed CD64 abundance and pro-fibrotic gene expression pathways in LPS stimulated macrophages. Co-culture of LPS-primed macrophages with HIO led to up-regulation fibroblast activation genes including ACTA2 and COL1A1, and an increase in HIO collagen content.  ETYA pre-treatment prevented pro-fibrotic effects of LPS-primed macrophages. Conclusions: ETYA inhibits pro-fibrotic effects of LPS-primed macrophages upon co-cultured HIO. This model system may be used to screen personalized effects of candidate small molecules upon inflammatory and fibrotic pathways implicated in refractory CD patients.",18.0,Expression profiling by high throughput sequencing,Homo sapiens,,OI,HAND,-,Handsichtung
GSE251698,MUTATIONS IN FIBRONECTIN IMPAIR CHONDROGENESIS IN CORNER FRACTURE TYPE SPONDYLOMETAPHYSEAL DYSPLASIA,"The study aims to investigate  molecular consequences of mutations in  matrix glycoprotein fibronectin (FN) in  pathological condition corner fracture type  spondylometaphyseal dysplasia (SMDCF).  SMDCF is a rare group of skeletal dysplasia  wherein the patients are characterized by  severe skeletal anomalies such as short  stature, scoliosis , coxa vara, genu varum and more.  To investigate the molecular mechanism underlying the pathogenesis of SMDCF, we analyzed  the cellular transcriptome of SMDCF patient using next generation RNA sequencing on  iPSC derived mesenchymal stem cells and  chondrocytes.",18.0,Expression profiling by high throughput sequencing,Homo sapiens,,FREITEXT_DYSPLASIE|FREITEXT_KLEINWUCHS,HAND,-,Handsichtung
GSE256243,Cyclic compressive loading induces a mature meniscal cell phenotype in mesenchymal stem cells with an atelocollagen-based scaffold,"we investigated how cyclic compressive loading (CCL) could impact MSCs using three-dimensional cultures in atelocollagen-based meniscal substitute (ACMS). We extracted MSCs from the meniscus, synovium, and articular cartilage, cultured them in three-dimensional cultures, and submitted to CCL for seven days. We then compared the transcriptomes of MSCs treated with and without CCL. Our RNA-seq analysis revealed that CCL induced significant transcriptome changes, significantly affecting chondrocyte-related genes, including SOX9, TGFB1, and PRG4 upregulation. CCL-induced transcriptional differentiation from meniscus progenitors toward mature meniscal cells.",18.0,Expression profiling by high throughput sequencing,Homo sapiens,,CCD_CMPD,HAND,-,Handsichtung
GSE162892,RNA sequencing on iPSC-derived iSOX9-astrocytes,"We generated a stable healthy and diseased (with ALS-linked FUS-R521H mutation) iPSC line containing the coding sequence of SOX9 under a Tet-on promotor in the safe harbor AAVS1 locus via recombinase-mediated cassette exchange. This allows the induction of SOX9 expression after doxycycline addition and generates in this way PSC-derived astrocytes. RNASeq is performed on these healthy and diseased iSOX9-astrocytes at an early and late timepoint. In addition, we included commercially available PSC-derived astrocytes (called ""iCell"") and fetal human primary astrocytes (called ""fHA"").",18.0,Expression profiling by high throughput sequencing,Homo sapiens,,CCD_CMPD,HAND,-,Handsichtung
GSE324067,mTOR signalling mediates the spinal osteoblast pathotype at the curve apex in adolescent idiopathic scoliosis,"Adolescent idiopathic scoliosis (AIS) is associated with dysregulated bone remodelling, yet the molecular underpinnings remain unclear. To investigate site-specific osteoblast phenotypes at the spinal curve apex, we performed bulk RNA sequencing on primary matched osteoblasts isolated from the convex, concave, and non-curved regions of AIS patients. Principal component analysis revealed distinct transcriptional clustering by spinal site, independent of patient-specific factors. Differential expression analysis identified region_x0002_specific molecular profiles in convex and concave osteoblasts compared to non-curve controls, with the mTOR pathway being highlighted as one of the most dysregulated. Rapamycin, an mTOR inhibitor, reduced Alkaline phosphatase (ALP) activity, Osteoprotegerin (OPG) secretion, and mineralization, while modulating osteogenic gene expression, including sustained upregulation of RUNX2 and COL1A1. In AIS patient-derived osteoblasts, rapamycin elicited region-specific responses, with pronounced inhibition of mTOR signalling and osteogenic activity in convex cells compared to control. Convex osteoblasts also showed elevated mTOR expression but reduced downstream translation-related signalling, suggesting dysregulated or uncoupled mTOR activity. Notably, mTOR expression level correlated with curve severity, reinforcing the link between mTOR dysregulation and AIS pathology. These findings identify mTOR signalling as a key regulatory pathway in AIS osteoblast dysfunction and highlight rapamycin as a potential, though complex, therapeutic candidate.",18.0,Expression profiling by high throughput sequencing,Homo sapiens,,OI|CCD_CMPD,HAND,-,Handsichtung
GSE689,GSEp53_v_Con,"HMF3A cells, created from adult human mammary fibroblasts by immortalisation with a thermolabile SV40 large T antigen and the catalytic sub-unit of human telomerase, undergo co-ordinated induction of cellular senescence upon inactivation of T antigen. Given the importance of p53, we sought to determine what gene changes were affected if its activation was inhibited. To do this we used the Genetic Suppressor Element (GSE)56 which inhibits the transcriptional activity of p53 (Ossovskaya, 1996). The presence of the GSEp53 delayed the arrest of the HMF3A cells when LT was inactivated. However the cells did arrest. We thus examined the array profiles for 3A-GSEp53 cells after 2 and 7 days of LT inactivation (against 3A-GSEp53 cells at 33°C) and compared these to the profiles for 3A-puro cells. Keywords = p53 Keywords = LT antigen Keywords = fibroblast Keywords = senescence Keywords = Rb Keywords: other",18.0,Expression profiling by array,Homo sapiens,,MPS,HAND,-,Handsichtung
GSE62721,Molecular Mechanisms Regulating the Defects in Fragile X Syndrome Neurons Derived from Human Pluripotent Stem Cells,"Fragile X syndrome (FXS) is caused by the absence of the fragile X mental retardation protein (FMRP). We have previously generated FXS-induced pluripotent stem cells (iPSCs) from patients' fibroblasts. In this study, we aimed at unraveling the molecular phenotype of the disease. Our data revealed aberrant regulation of neural differentiation and axon guidance genes in FXS-derived neurons, which are regulated by the RE-1 silencing transcription factor (REST). Moreover, we found REST to be elevated in FXS-derived neurons. As FMRP is involved in the microRNA (miRNA) pathway we employed microRNA-array analyses and uncovered several miRNAs dysregulated in FXS-derived neurons. We found hsa-mir-382 to be down-regulated in FXS-derived neurons, and introduction of mimic-mir-382 into these neurons was sufficient to repress REST and up-regulate its axon guidance target genes. Our data link, FMRP and REST, through the miRNA pathway, and show a new aspect in the development of FXS.",18.0,Non-coding RNA profiling by array; Expression profiling by array,synthetic construct; Homo sapiens,,MPS,HAND,-,Handsichtung
GSE182833,"Transcriptomic analysis of Nintedanib, Alpelisib and Nintedanib;Alpelisib treated  bladder tumors","Nintedanib is a potent anti-fibrotic angio-kinase inhibitor, which has shown clinical efficacy in combination with chemotherapy in locally advanced muscle invasive BC patients. Nintedanib inhibits Fibroblast Growth Factor receptors (FGFRs), validated targets in patients with BC harboring FGFR3/2 genetic alterations. Here, we aimed at studying its mechanisms of action to understand therapy their combination (n=4). Reads were mapped separately against the human and mouse genomes to differentiate tumor vs. stromal expression changes",17.0,Expression profiling by high throughput sequencing,Homo sapiens; Mus musculus,,FGFR3,HAND,-,Handsichtung
GSE44167,Geometric control of the coronary artery endothelial cell transcriptome following serum starvation,"Analysis of the effects of cell shape on human coronary artery endothelial cell transcription.  The hypothesis is that defined alterations in endothelial cell shape uniquely affect the endothelial transcriptome. Human coronary artery endothelial cells were plated onto spatially defined micropatterns (Cytoo) forcing them to conform to Disc, Crossbow, H, Y, or L shapes.  As a control, human coronary artery endothelial cells were plated on non-restrictive areas of the Cytoo growth plate.  Cells were serum starved for 48 hours prior to mRNA collection.",17.0,Expression profiling by array,Homo sapiens,,FREITEXT_WACHSTUMSFUGE,HAND,-,Handsichtung
GSE24261,Runx2 Transcriptome of Prostate Cancer Cells: Insights into Invasiveness and Bone Metastasis,"Background: Prostate cancer (PCa) cells preferentially metastasize to bone at least in part by acquiring osteomimetic properties. Runx2, an osteoblast master transcription factor, is aberrantly expressed in PCa cells, and promotes their metastatic phenotype. The transcriptional programs regulated by Runx2 have been extensively studied during osteoblastogenesis, where it activates or represses target genes in a context-dependent manner. However, little is known about the gene regulatory networks influenced by Runx2 in PCa cells. We therefore investigated genome-wide mRNA expression changes in PCa cells in response to Runx2.  Results: We engineered a C4-2B PCa sub-line called C4-2B/Rx2dox, in which  doxycycline (Dox) treatment stimulates Runx2 expression from very low levels to levels observed in other PCa cells. Transcriptome profiling using whole genome expression array followed by in silico analysis indicated that Runx2 upregulated a multitude of genes with prominent cancer-associated functions. They included secreted factors (CSF2, SDF-1), proteolytic enzymes (MMP9, CST7), cytoskeleton modulators (SDC2, Twinfilin, SH3PXD2A), intracellular signaling molecules (DUSP1, SPHK1, RASD1) and transcription factors (Sox9, SNAI2, SMAD3) functioning in epithelium to mesenchyme transition (EMT), tissue invasion, as well as homing and attachment to bone. Consistent with the gene expression data, induction of Runx2 in C4-2B cells enhanced their invasiveness. It also promoted cellular quiescence by blocking the G1/S phase transition during cell cycle progression. Furthermore, the cell cycle block was reversed as Runx2 levels declined after Dox withdrawal.  Conclusions: The effects of Runx2 in C4-2B/Rx2dox cells, as well as similar observations made by employing LNCaP, 22RV1 and PC3 cells, highlight multiple mechanisms by which Runx2 promotes the metastatic phenotype of PCa cells, including tissue invasion, homing to bone and induction of high bone turnover. Runx2 is therefore an attractive target for the development of novel diagnostic, prognostic and therapeutic approaches to PCa management. Targeting Runx2 may prove more effective than focusing on its individual downstream genes and pathways.",16.0,Expression profiling by array,Homo sapiens,,CCD_CMPD,HAND,-,Handsichtung
GSE163812,XBP1s-Mediated Endoplasmic Reticulum Proteostasis Network Enhancement Can Selectively Improve Folding and Secretion of an Osteogenesis Imperfecta-Causing Collagen-I Variant,"Osteogenesis imperfecta (OI) is most commonly caused by autosomal dominant mutations in genes encoding collagen type-I. Here, we test the hypothesis that modulation of the endoplasmic reticulum (ER) proteostasis network via the unfolded protein response (UPR) can improve the folding and secretion of the lethal osteogenesis imperfecta (OI)-causing G425S a1(I) variant. We show that specific induction of the UPR’s XBP1s transcriptional response enhances G425S a1(I) secretion up to ~300% of basal levels. Notably, the effect is selective – WT a1(I) secretion is unaltered by XBP1s. XBP1s pathway activation appears to post-translationally enhance the folding/assembly and secretion of G425S a1(I). Consistent with this notion, we find that the stable, triple-helical collagen-I secreted by XBP1s-activated G425S a1(I) patient fibroblasts includes a higher proportion of the mutant a1(I) polypeptide than the collagen-I secreted under basal ER proteostasis conditions. ",16.0,Expression profiling by high throughput sequencing,Homo sapiens,,OI,HAND,-,Handsichtung
GSE201100,GIP acts on multiple signaling pathways to uncouple bone resorption and formation,"Clinical investigations show that short-term treatment with gastric inhibitory polypeptide (GIP) acutely decreases serum markers of bone resorption and may increase bone formation. We report that the GIP receptor (GIPR) is expressed in human osteoclasts. Furthermore, GIP inhibits osteoclastogenesis, delays and inhibits bone resorption, and increases osteoclast apoptosis by acting upon multiple signaling pathways to impair nuclear translocation of nuclear factor of activated T cells 1 (NFATc1) and nuclear factor-κB (NFκB). Human osteoblasts also express GIPR. Although GIP improves osteoblast survival via cAMP and Akt-mediated pathways, expression of osteoblast-specific genes including RUNX2 and BGLAP and bone formation is not changed by GIP. Treatment of co-cultures of osteoclasts and osteoblasts with GIP decreased bone resorption but did not change formation. Antagonizing the GIPR with GIP(3-30)NH2 abolished the effects of GIP on osteoblasts and osteoclasts. Clinical studies are needed to determine if longer-term GIPR activation uncouples bone resorption and formation and improves bone mass",16.0,Expression profiling by high throughput sequencing,Homo sapiens,,CCD_CMPD,HAND,-,Handsichtung
GSE286316,Unveiling a Novel in-vitro Model of Skin Inflamm-Aging: Validation of Terminalia chebula Extract and Supermolecular Bakuchiol for Reversal of Inflamm-Aging,"Introduction: Sensitive skin is characterized by skin barrier disruption which is usually prone to react to external stimuli including UV, air pollution as well as cosmetic allergens. Sensitive skin tends to react with oxidative stress factors that could further lead to skin inflammation resulting in inflamm-aging. But almost no inflamm-aging models for sensitive skin, so it is worth constructing a method to screen anti-inflammaging ingredients and products. Methods: An in-vitro macrophages-fibroblasts model was established to evaluate the anti-inflammaging effect of ingredients. M1 phenotype and aging-associated gene expression were recorded by qPCR test to validate the inflamm-aging model. RNA sequencing was used to further elaborate the inflamm-aging mechanism of two validated ingredients. Results and conclusion: A novel in-vitro model of sensitive skin inflamm-aging was constructed by applying M1 phenotype of THP-1 culture medium supernatant to introduce the cellular senescence of the fibroblast cells, which could be used to screen out anti-inflammaging ingredients. In this model, supramolecular bakuchiol could promote collagen COL1A1 and COL3A3 production and inhibit inflammatory factors by increasing anti-inflammatory gene transcription (PTX3, ADAM33, and PDLIM1), while Terminalia chebula extract can inhibit cell senescence by reducing transcription of MAP4K2, and inflammatory factors CCL3 accumulation.",16.0,Expression profiling by high throughput sequencing,Homo sapiens,,OI,HAND,-,Handsichtung
GSE687,Prim_Fibs,"To determine changes in gene expression in primary fibroblasts undergoing replicative senescence, a direct comparison between early passage proliferating cells and senescent cells was performed. Frozen stocks of the primary fibroblasts (HMF3) from which the lines HMF3A and HMF3Dwt were derived (O'Hare, PNAS:98, 2001) were serially passaged twice through to senescence to yield 2 independent sets of RNA. A third set of RNA was from a different female donor (F1068). The three different sets of RNA were put on 4 arrays each. Data is also provided for F1068 fibroblasts at late passage. Keywords = fibroblast Keywords = senescence Keywords = breast Keywords: ordered",16.0,Expression profiling by array,Homo sapiens,,MPS,HAND,-,Handsichtung
GSE302248,BCAT1 as a critical regulator of human chondrosarcoma progression and differentiation through enzymatic and non-enzymatic mechanisms,"Human chondrosarcoma is a malignant bone tumor with a poor prognosis due to its resistance to conventional therapies. In this study, we investigated the role of Branched-Chain Amino Acid Transaminase 1 (BCAT1) in chondrosarcoma pathogenesis. BCAT1 depletion impairs proliferation and tumorigenicity both in vitro and in vivo in a xenograft model, underscoring its oncogenic role. Transcriptome analyses revealed that BCAT1 suppresses the chondrocyte differentiation pathway by inhibiting the expression of SOX9, a master regulator of normal chondrogenesis, through epigenetic regulation. This process depends on BCAT1’s enzymatic activity to generate α-ketoglutarate, which subsequently alters histone methylation status. Additionally, the CXXC motif of BCAT1 scavenges reactive oxygen species (ROS) independently of its enzymatic activity, maintaining G2/M checkpoint signaling and preventing ROS-induced cellular senescence. Finally, knockdown experiments in patient-derived primary cells confirm the clinical significance of BCAT1 function in human chondrosarcoma. These findings establish BCAT1 as a critical moonlighting enzyme in chondrosarcoma proliferation and differentiation, presenting a potential therapeutic target for this challenging cancer.",16.0,Expression profiling by high throughput sequencing,Homo sapiens,,CCD_CMPD,HAND,-,Handsichtung
GSE314190,RAB3GAP2 is a Regulator of Skeletal Muscle Endothelial Cell Proliferation and Associated with Capillary Density,"Skeletal muscle fiber composition and capillary density influence physical performance and whole-body metabolic properties. ~45% of the variance in fiber type is heritable, which motivated us to perform a genome-wide association study of skeletal muscle histology from 656 Swedish men. Four independent variants were associated (p < 5x10− 8) with proportion of type IIx fibers or capillary-to-fiber ratio (C:F). The strongest signal localized to the rs115660502 variant, where the G-allele corresponded with increased C:F and reduced skeletal muscle expression of the proximal gene, RAB3 GTPase Activating Non-Catalytic Protein Subunit 2 (RAB3GAP2). The G-allele was less frequent in elite short-track sprinters and more frequent in endurance athletes than in matched non-athlete (population) controls; RAB3GAP2 expression was reduced by high-intensity intermittent training. RAB3GAP2 protein was not uniformly expressed in muscle tissue but localized to the endothelium and capillaries. Experimental reduction of RAB3GAP2 in human endothelial cells led to increased tube formation in vitro, to regulation of secreted factors promoting angiogenesis and T-cell activation, to reduced intracellular levels of von Willebrand factor (VWF) and, post-implantation, to increased endothelial cell density in vivo in mice. The amount of RAB3GAP2 in skeletal muscle was positively associated with exercise-induced release of VWF in vivo in humans. By regulating the release of protein factors (VWF, CD70, TNC, TNXB, MCP1, IGFBP3, COL1A1, TFPI2 and tPA), RAB3GAP2 influences fitness adaptation after exercise by improving muscle healing and promotion of capillary formation.",16.0,Expression profiling by high throughput sequencing,Homo sapiens,,OI,HAND,-,Handsichtung
GSE218575,"Transcriptomic analysis of Nintedanib, Alpelisib and Nintedanib;Alpelisib treated bladder tumors","Nintedanib is a potent anti-fibrotic angio-kinase inhibitor, which has shown clinical efficacy in combination with chemotherapy in locally advanced muscle invasive BC patients. Nintedanib inhibits Fibroblast Growth Factor receptors (FGFRs), validated targets in patients with BC harboring FGFR3/2 genetic alterations. Here, we aimed at studying its mechanisms of action to understand therapy their combination (n=4). Reads were mapped separately against the human and mouse genomes to differentiate tumor vs. stromal expression changes",16.0,Expression profiling by high throughput sequencing,Homo sapiens; Mus musculus,,FGFR3,HAND,-,Handsichtung
GSE189146,AAV-delivered suppressor tRNA overcomes a nonsense mutation in mice (mRNA-seq),"In this study, we utilized a mouse model of mucopolysaccharidosis type I (MPS-I) carrying a homozygous nonsense mutation in the Idua gene (Idua-W401X, TGG→TAG) to develop rAAV-delivered sup-tRNA therapeutics that can overcome a pathogenic UAG premature termination codon (PTC).",16.0,Expression profiling by high throughput sequencing,Homo sapiens; Mus musculus,,MPS,HAND,-,Handsichtung
GSE121384,Verification and rectification of cell type-specific splicing of a Seckel syndrome-associated ATR mutation using iPS cell model,"Seckel syndrome (SS) is a rare spectrum of congenital severe microcephaly and dwarfism. One SS-causative gene is Ataxia Telangiectasia and Rad3-Related Protein (ATR), and ATR (c.2101 A>G) mutation causes skipping of exon 9, resulting in a hypomorphic ATR defect in patients. Because ATR governs DNA repair response, the mutation has been considered the cause of an impaired response to DNA replication stress in neuronal progenitor cells (NPCs), which is associated with the pathogenesis of microcephaly. However, the precise mechanism through which the mutation causes SS remains unclear. To address this issue, we established induced pluripotent stem cells (iPSCs) from fibroblasts carrying the ATR mutation and an isogenic ATR-corrected counterpart iPSC clone by genome editing. Interestingly, SS-patient-derived iPSCs (SS-iPSCs) exhibited cell type-specific splicing; exon 9 was dominantly skipped in fibroblasts and iPSC-derived NPCs, but it was included in undifferentiated iPSCs and definitive endodermal cells. SS-iPSC-derived NPCs (SS-NPCs) showed distinct expression profiles from ATR non-mutated NPCs. In SS-NPCs, abnormal mitotic spindles were observed more frequently than in gene-corrected counterparts, and the alignment of NPCs in the surface of the neurospheres was perturbed. Finally, we tested several splicing-modifying compounds and found that a CLK1 inhibitor, TG003, could pharmacologically rescue the exon 9 skipping in SS-NPCs. Furthermore, treatment with TG003 restored the function of ATR in SS-NPCs and decreased the frequency of abnormal mitotic events. In conclusion, our iPSC model of SS revealed a novel function of the ATR mutation in NPCs and NPC-specific missplicing, proving its usefulness for dissecting the pathophysiology of ATR-SS.",15.0,Expression profiling by high throughput sequencing,Homo sapiens,,FREITEXT_KLEINWUCHS,HAND,-,Handsichtung
GSE188698,Spatial and temporal development of Müller glial cells in hiPSC-derived retinal organoids facilitating the cell enrichment and transcriptome analysis,"Müller glial cells (MGs) play important roles in human retina during physiological and pathological conditions. However, there are still many obstacles to obtain large numbers of human MGs in vitro so far, which hinder the further study of MGs. Human induced pluripotent stem cells (hiPSCs) have capacity to differentiate into almost all body cells, even develop complex, organized tissues, including retinal organoids (ROs) with all cell subtypes, providing many opportunities in study of retinal development and disorders. This study explored the development of MGs within hiPSC-derived ROs and the approach to isolate and expand these MGs. In ROs, MG precursors expressing SOX9 and Ki67 appeared since differentiation day 60 (D60), while SOX9+ CRALBP+ GS+ and Ki67- mature MGs developed from D150. MGs isolated from ROs aged older than 120 days could be expanded and exhibited a spindle-like morphology under adherent culture conditions. These expanded cells expressed MG specific markers SOX9, vimentin, nestin, CRALBP and GS, and responded to L-glutamate stimuli revealed by whole-cell patch-clamp recordings. They could be passaged several times, yielding large numbers of cells in a short period. In addition, they did not transdifferentiate into other types of retinal cells after subretinal transplantation in NOD/SCID mice. This study firstly clarified the timecourse of human MG development in ROs, and established a simple approach to expand and enrich these cells from ROs, paving the way for downstream investigation and application of human MGs.",15.0,Expression profiling by high throughput sequencing,Homo sapiens,,CCD_CMPD,HAND,-,Handsichtung
GSE242523,Gene expression profiling of human induced pluripotent stem cell (hiPSC)-derived chondrospheroids,"Differentiated chondrocytes from human induced pluripotent stem cells (hiPSCs) have the potential to permanently restore damaged cartilage in arthritic joints, yet chondrocyte hypertrophy is a major barrier for translational therapy.  We developed a serum-free hiPSC differentiation strategy that inhibited, then activated BMP signaling in a purified SOX9+ subpopulation that naturally detaches from monolayer cultures (termed “chondrospheroids”).  Transcriptional profiles of chondrospheroids at days 14, 28, and 42 were measured using bulk RNA sequencing, with hiPSC and sclerotome cells included as controls.",15.0,Expression profiling by high throughput sequencing,Homo sapiens,,CCD_CMPD,HAND,-,Handsichtung
GSE208574,Modeling 16p13.11 deletions in patient stem cell derived neurons,"16p13.11 copy number variants (CNVs) have been associated with autism, schizophrenia, psychosis, intellectual disability, and epilepsy. The majority of 16p13.11 deletions or duplications occur within three well-defined intervals, and despite growing knowledge of the functions of individual genes within these intervals, the molecular mechanisms that underlie commonly observed clinical phenotypes remain largely unknown. Patient-derived, induced pluripotent stem cells (iPSCs) provide a platform for investigating the morphological, electrophysiological, and gene-expression changes that result from 16p13.11 CNVs in human-derived neurons. Patient derived iPSCs with varying sizes of 16p13.11 deletions and familial controls were differentiated into cortical neurons for phenotypic analysis. High-content imaging and morphological analysis of patient-derived neurons demonstrated an increase in neurite branching in patients compared with controls. Whole-transcriptome sequencing revealed expression level changes in neuron development and synaptic-related gene families, suggesting a defect in synapse formation. Subsequent quantification of synapse number demonstrated increased numbers of synapses on neurons derived from early-onset patients compared to controls. The identification of common phenotypes among neurons derived from patients with overlapping 16p13.11 deletions will further assist in ascertaining common pathways and targets that could be utilized for screening drug candidates. These studies can help to improve future treatment options and clinical outcomes for 16p13.11 deletion patients.",15.0,Expression profiling by high throughput sequencing,Homo sapiens,,MPS,HAND,-,Handsichtung
GSE6565,Fetal cartilage selective genes identified in a genome-scale analysis,"Cartilage plays a fundamental role in the development of the human skeleton. Early in embryogenesis, mesenchymal cells condense and differentiate to chondrocytes to shape the early skeleton. Subsequently, the cartilage anlagen differentiate to form the growth plates, which are responsible for linear bone growth, and the articular chondrocytes, which facilitate joint function. However, despite the multiplicity of roles of cartilage during human fetal life, surprisingly little is known about its transcriptome. To address this, a whole genome microarray expression profile was generated using RNA isolated from 18-22 week human distal femur fetal cartilage and compared with a database of control normal human tissues aggregated at UCLA, termed CELSIUS. From the wealth of data, 161 cartilage-selective genes were identified, defined as genes significantly expressed in cartilage with low expression and little variation across a panel of 34 non-cartilage tissues. Among these 161 genes were cartilage-specific genes such as collagen genes and 25 genes which have been associated with skeletal phenotypes in humans and/or mice. Many of the other cartilage-selective genes do not have established roles in cartilage or are novel, unannotated genes. Quantitative RT-PCR confirmed the unique pattern of gene expression observed by microarray analysis. Defining the gene expression pattern for cartilage has identified new genes that may contribute to human skeletogenesis as well as provided further candidate genes for skeletal dysplasias. The data suggest that fetal cartilage is a complex and transcriptionally active tissue and demonstrate that the set of genes selectively expressed in the tissue has been greatly underestimated. Keywords: Normal Tissue expression profile, tissue-selective Genes, tissue-specific genes",14.0,Expression profiling by array,Homo sapiens,,FREITEXT_WACHSTUMSFUGE,HAND,-,Handsichtung
GSE69668,Cartilage Oligomeric Matrix Protein (COMP) contributes to the development and metastasis of breast cancer,"Cartilage Oligomeric Matrix Protein (COMP) is a soluble pentameric protein expressed in cartilage and involved in collagen organization. Publicly available mRNA expression array data indicated that COMP is overexpressed in breast cancer tissue. Tissue microarrays derived from two cohorts of patients with breast cancer (n = 122 and n = 498) were immunostained, which revealed varying amounts of COMP, both in the tumor cells and surrounding stroma. High levels of COMP in tumor cells correlated, independently of other variables, with poor survival and faster recurrence (metastases). Breast cancer cells, MDA-MB-231, stably expressing COMP were injected into the mammary fat pad of SCID (CB-17/Icr-Prkdcscid/Rj) mice. Tumors expressing COMP grew to significantly larger volumes and had increased metastasis as compared to control, mock transfected, tumors. In vitro experiments confirmed that COMP expressing cells were more invasive, which was in part related to an upregulation of metalloprotease-9. Further, microarray analyses of gene expression in tumors formed in vivo showed that expression of COMP was protective against endoplasmatic reticulum stress. This observation was confirmed in vitro since COMP expressing cells showed better survival than mock when treated with brefeldin, which leads to accumulation of proteins in endoplasmatic reticulum. The mRNA pathway analyses also implicated a metabolic switch leading to a more severe Warbug effect, which was confirmed in vitro by measurement of cell respiration and lactate production. In conclusion, COMP is a novel biomarker in breast cancer, which contributes to the severity of the disease by several novel molecular mechanisms.",14.0,Expression profiling by array,Homo sapiens,,PSACH_MED,HAND,-,Handsichtung
GSE133757,Induction of Sertoli-like cells from human fibroblasts by NR5A1 and GATA4,"Sertoli cells are essential nurse cells in the testis that regulate the process of spermatogenesis and establish the immune-privileged environment of the blood-testis-barrier (BTB). The induction of human Sertoli cells from fibroblasts could provide cellular sources for fertility and transplantation treatments. Here, we report the in vitro reprogramming of human fibroblasts to Sertoli cells and characterize these human induced Sertoli-like cells (hiSCs). Initially, five transcriptional factors (NR5A1, GATA4, WT1, SOX9 and DMRT1) and a gene reporter carrying the AMH promoter were utilized to obtain the hiSCs. We further reduce the number of reprogramming factors to two, i.e., NR5A1 and GATA4, and show that these hiSCs have transcriptome profiles that are similar to those of primary human Sertoli cells. Consistent with the known cellular properties of Sertoli cells, hiSCs attract endothelial cells and exhibit high number of lipid droplets in the cytoplasm. More importantly, hiSCs can sustain the viability of spermatogonia cells harvested from mouse seminiferous tubules. In addition, hiSCs suppress the production of IL-2 and proliferation of human T lymphocytes. When hiSCs were cotransplanted with human embryonic kidney cells, these xenotransplanted human cells survived longer in mice with normal immune systems. hiSCs also allow us to determine a gene associated with Sertoli-only syndrome (SCO), CX43, is indeed important in regulating the maturation of Sertoli cells.",14.0,Expression profiling by high throughput sequencing,Homo sapiens,,CCD_CMPD,HAND,-,Handsichtung
GSE141100,Primary alcohol-activated human and mouse Hepatic Stellate Cells (HSCs) share similarities in gene expression profiles,"Alcoholic liver disease (ALD) is a leading cause of cirrhosis in the United States, which is characterized by extensive deposition of extracellular matrix proteins (ECM) and formation of a fibrous scar. Hepatic Stellate Cells (HSCs) are the major source of Collagen Type I producing myofibroblasts in ALD fibrosis. However, the mechanism of alcohol-induced activation of human and mouse HSCs is not fully understood. We compared the gene expression profiles of primary cultured human HSCs (hHSCs) isolated from patients with ALD (n=3) or without underlying liver disease (n=4) using RNA-Seq analysis. Furthermore, the gene expression profile of ALD hHSCs was compared to that of alcohol-activated mHSCs (isolated from intragastric (IG) alcohol-fed mice), or carbon-tetrachloride (CCl4)-activated mouse HSCs (mHSCs). Comparative transcriptome analysis revealed that ALD hHSCs, and alcohol- and CCl4-activated mHSCs share the expression of common HSC activation (Col1a1, Acta1, PAI-1, TIMP1, LOXL2), indicating that a common mechanism underlies activation of human and mouse HSCs. Furthermore, alcohol-activated mHSCs most closely recapitulate the gene expression profile of ALD hHSCs. We identified the genes that are similarly and uniquely upregulated in primary cultured alcohol-activated hHSCs and freshly isolated mHSCs, which include CSF1R, PLEK, LAPTM5, CD74, CD53, MMP9, CD14, CTSS, TYROBP, ITGB2, and other genes (compared to CCl4-activated mHSCs). We identified genes in alcohol-activated mHSCs from IG alcohol-fed mice that are largely consistent with the gene expression profile of primary cultured hHSCs from ALD patients. These genes are unique to alcohol-induced HSC activation in two species, and therefore, may become new targets or readout for anti-fibrotic therapy in experimental models of ALD.",14.0,Expression profiling by high throughput sequencing,Homo sapiens,,OI,HAND,-,Handsichtung
GSE32398,Expression data from hyaline cartilages,Comparison of human prepuberal articular and growth plate cartilage,13.0,Expression profiling by array,Homo sapiens,,FREITEXT_WACHSTUMSFUGE,HAND,-,Handsichtung
GSE22855,Comparison of enchondromas with controls (growth plate and cartilage),"Ollier disease is a rare, non-hereditary disorder which is characterized by the presence of multiple enchondromas (EC), benign cartilaginous neoplasms arising within the medulla of the bone, with an asymmetric distribution. The risk of malignant transformation towards central chondrosarcoma (CS) is increased up to 35%. The etiology of Ollier disease is unknown. We therefore undertook genome-wide expression profiling using Illumina Beadarray v3.0 for 7 enchondromas of 6 patients and compared them with controls in order to find differentially expressed genes in these benign tumors.",13.0,Expression profiling by array,Homo sapiens,,FREITEXT_WACHSTUMSFUGE,HAND,-,Handsichtung
GSE144557,Cockayne syndrome proteins CSA and CSB maintain mitochondrial homeostasis through NAD+ signaling [HumanHT-12 V4.0],"Cockayne syndrome (CS) is a rare premature aging disease, which in the majority of cases is caused by mutations of the genes encoding the CSA or CSB proteins. CS patients display cachectic dwarfism and severe neurological manifestations and die by 12 years of age on average. The CS proteins are involved in transcription and DNA repair, including a specialized form of DNA repair called transcription-coupled nucleotide excision repair (TC-NER). However, there is also evidence for mitochondrial dysfunction in CS, likely contributing to the severe premature aging phenotype of this disease. Our cross-species transciptomic analysis in CS postmortem brain tissue, CS mouse and C. elegans models showed that mitochondrial dysfunction is indeed a common feature in CS. Interestingly, the restoration of mitochondrial dysfunction through NAD+ supplementation significantly improved lifespan and healthspan in the C. elegans models of CS, highlighting mitochondrial dysfunction as a major driver of the aging features of CS. We proceeded to perform molecular studies on cerebellar samples obtained from CS patients. We found that these patients exhibited molecular signatures of dysfunctional mitochondrial dynamics that can be corrected with NAD+ supplementation in primary cells with depleted CSA or CSB. Our study provides support for the interconnection between two major aging theories, DNA damage and mitochondrial dysfunction. Together these two agents contribute to an accelerated aging program that can be averted by NAD+ supplementation.",12.0,Expression profiling by array,Homo sapiens,,FREITEXT_KLEINWUCHS,HAND,-,Handsichtung
GSE122736,Convergence of Cockayne Syndrome Group A and B Proteins at rRNA Transcription through Nucleolin Regulation,"Cockayne Syndrome (CS) is a rare neurodegenerative disease characterized by short stature, cachexia, sun-sensitivity, accelerated aging, and short lifespan. Mutations in two human genes, ERCC8/CSA and ERCC6/CSB, are causative for CS and the protein products of these genes, CSA and CSB, while structurally unrelated, play roles in DNA repair and other aspects of DNA metabolism in human cells. Many clinical and molecular features of CS remain poorly understood, and it has been suggested that CSA and CSB regulate transcription of rDNA genes and ribosome biogenesis. The goal of this study was to investigate the dysregulation of rRNA synthesis in CS. Here, we report that Nucleolin (Ncl), a nucleolar protein that regulates rRNA synthesis and ribosome biogenesis, interacts specifically with CSA and CSB. In addition, CSA induces ubiquitination of Ncl, enhances binding of CSB to Ncl, and CSA and CSB both stimulate binding of Ncl to rDNA and subsequent rRNA synthesis. These findings suggest that CSA and CSB are positive regulators of rRNA synthesis via Ncl regulation. A majority of CS patients carry mutations in CSA and CSB and present with similar clinical features, thus our findings may provide novel insights into disease mechanism and the neuropathological features of CS.",12.0,Expression profiling by high throughput sequencing,Homo sapiens,,FREITEXT_KLEINWUCHS,HAND,-,Handsichtung
GSE214886,Downregulation of CBX7 induced by EZH2 upregulates FGFR3 expression to reduce sensitivity to cisplatin in bladder cancer,"Cisplatin-based cytotoxic chemotherapy is considered to be the first-line therapy for advanced bladder cancer (BC), but resistance to cisplatin limits its antitumor effect. Fibroblast growth factor receptor 3 (FGFR3) has been reported to contribute to the progression and cisplatin resistance of BC. Meanwhile, chromobox protein homolog 7 (CBX7) was reported to inhibit BC progression. And our previous RNA-seq data on CBX7 (GSE185630) suggested that CBX7 might repress FGFR3，but the underlying mechanism and other cancer-related functions of CBX7 are still unknown.",12.0,Expression profiling by high throughput sequencing,Homo sapiens,,FGFR3,HAND,-,Handsichtung
GSE16464,Chondrogenic differentiation potential of OA chondrocytes and their use in autologous chondrocyte transplantation,"Autologous chondrocyte transplantation (ACT) is a routine technique to regenerate focal cartilage lesions. However, patients with osteoarthritis (OA) are lacking an appropriate long-lasting treatment alternative, partly since it is not known if chondrocytes from OA patients have the same chondrogenic differentiation potential as chondrocytes from donors not affected by OA. Articular chondrocytes from patients with OA undergoing total knee replacement (Mankin Score >3, Ahlbäck Score >2) and from patients undergoing ACT, here referred to as normal donors (ND), were isolated applying protocols used for ACT. Their chondrogenic differentiation potential was evaluated both in high-density pellet and scaffold (Hyaff-11) cultures by histological proteoglycan assessment (Bern Score) and immunohistochemistry for collagen types I and II. Chondrocytes cultured in monolayer and scaffolds were subjected to gene expression profiling using genome-wide oligonucleotide microarrays. Expression data were verified by using quantitative RT-PCR.   Chondrocytes from ND and OA donors demonstrated accumulation of comparable amounts of cartilage matrix components, including sulphated proteoglycans and collagen types I and II. The mRNA expression of cartilage markers (COL2A1, COMP, aggrecan, CRTL1, SOX9) and genes involved in matrix synthesis (biglycan, COL9A2, COL11A1, TIMP4, CILP2) was highly induced in 3D cultures of chondrocytes from both donor groups. Genes associated with hypertrophic or OA cartilage (COL10A1, RUNX2, periostin, ALP, PTHR1, MMP13, COL1A1, COL3A1) were not significantly regulated between the two groups of donors. The expression of 661 genes, including COMP, FN1, and SOX9, were differentially regulated between OA and ND chondrocytes cultured in monolayer. During scaffold culture, the differences diminished between the OA and ND chondrocytes, and only 184 genes were differentially regulated.   Only few genes were differentially expressed between OA and ND chondrocytes in Hyaff-11 culture. The risk of differentiation into hypertrophic cartilage does not seem to be increased for OA chondrocytes. Our findings suggest that the chondrogenic capacity is not significantly affected by OA and OA chondrocytes fulfill the requirements for matrix-associated ACT.  Keywords: time course, cell type comparison, tissue engineered cartilage; osteoarthritis; Hyaff-11 scaffold; human chondrocytes; gene expression profiling; regenerative medicine; differentiation potential",12.0,Expression profiling by array,Homo sapiens,,OI|PSACH_MED|CCD_CMPD,HAND,-,Handsichtung
GSE111906,Patient iPSC-derived neural stem cells display progressive enlargement of lysosomes and disruptions of glycosaminoglycan pathway and autophagy in concordance with clinical severity of Mucopolysaccharidosis I,"Mucopolysaccharidosis type I (MPS I) is caused by genetic defects in alpha-L-iduronidase (IDUA), a lysosomal enzyme involved in the breakdown and recycling of glycosaminoglycans (GAGs). Although an enzyme replacement therapy is available, the efficacy for the treatment of neuropathic symptoms is limited. To facilitate drug discovery and model disease pathophysiology, we have generated neural stem cells (NSCs) from MPS I patient-derived iPSCs. NSCs exhibited characteristic disease phenotypes with deficiency of alpha-L-iduronidase (IDUA), accumulation of glycosaminoglycans (GAGs) and enlargement of lysosomes, correlating with the severity of clinical symptoms. Transcriptome profiling of NSCs revealed differential expression of 429 genes that changed more extensively in the more severe Hurler syndrome subgroup compared to the Hurler-Scheie (median severe) and Scheie (less severe) subgroups. Clustering and pathway analyses demonstrated high concordance of the severity of neurological defects with marked dysregulation of GAG biosynthesis and degradation, lysosomal function and extracellular matrix. Gene Ontology (GO) analysis identified a dramatic upregulation of autophagy pathway, especially in the Hurler syndrome. Thus, GAG accumulation in the patient cells disrupts lysosomal homeostasis affecting multiple related cellular pathways which compensates for IDUA deficiency. These dysregulated process likely lead to enhanced autophagy and more severe disease states. Our studies provide useful tools for clinical biomarker development and potential targets for drug development.",12.0,Expression profiling by high throughput sequencing,Homo sapiens,,MPS,HAND,-,Handsichtung
GSE185333,Gene Expression of Fibroblasts Derived from Knee Tissue of Patients Undergoing Primary Total Knee Arthroplasty for Osteoarthritis,"Arthrofibrosis is characterized by excessive extracellular matrix (ECM) deposition that results in restricted joint motion after total knee arthroplasty (TKA). Current surgical and pharmacologic treatment options are limited.  Therefore, an in vitro model for joint myofibroblastogenesis is valuable to investigate the arthrofibrotic process and identify diagnostic biomarkers and treatment options. In this study,  we obtained intraoperative posterior capsule (PC), quadriceps tendon (QT), and suprapatellar pouch (SP) tissue from knees of four patients undergoing primary TKA for osteoarthritis and characterized primary outgrowth cells from these tissues in the absence and presence of transforming growth factor beta 1 (TGFβ1), a pro-myofibroblastic cytokine. Light microscopy of knee outgrowth cells revealed spindle-shaped cells while immunofluorescence (IF) established staining for the fibroblast-specific antigen TE-7 and Vimentin, which are characteristics of fibroblasts. These fibroblasts differentiate readily into myofibroblasts as highlighted by enhanced alpha smooth muscle actin (ACTA2) mRNA and protein expression and increased collagen mRNA (i.e., collagen type 1 (COL1A1) and collagen type 3 (COL3A1)) expression and collagenous matrix deposition in the presence of TGFβ1. Of note, these studies also revealed that knee-derived fibroblasts are more sensitive to TGFβ1-mediated myofibroblastogenesis than adipose-derived mesenchymal stem cells. Importantly, while outgrowth fibroblasts isolated from four patients and three anatomical regions exhibit similar gene expression profiles, these knee fibroblasts form a unique gene expression cluster within the fibroblast niche as revealed by RNA-sequencing analysis. In conclusion, our study provides a fibroblast/myofibroblast model of outgrowth knee cells derived from patients undergoing primary TKA that can be employed to assess myofibroblast-related processes and test novel pharmacological strategies in vitro for arthrofibrosis.",12.0,Expression profiling by high throughput sequencing,Homo sapiens,,OI,HAND,-,Handsichtung
GSE160207,RNA Sequencing Analysis of a Whole Blood Transcriptome in Estonian Families with Osteogenesis Imperfecta,"Purpose: The main objective of this pilot study was to compare blood transcriptional landscape of OI patients with COL1A1 pathogenic variants and their healthy relatives, in order to find out different gene expression and dysregulated molecular pathways in OI. Methods: We performed RNA sequencing analysis of the whole blood in seven individuals affected with different OI severity and their five unaffected relatives from the three families. The data was analyzed using edgeR package of R Bioconductor. Functional profiling and pathway analysis of the identified differently expressed genes was performed with g:GOSt and MinePath web-based tools. Results: We identified 114 differently expressed genes. The expression of 79 genes was up-regulated, while 35 genes were down-regulated. The functional analysis identified a presence of dysregulated interferon signaling pathways (IFI27, IFITM3, RSAD12, GBP7). Additionally, the expressions of the genes related to extracellular matrix organization, Wnt signaling, vitamin D metabolism and MAPK-ERK 1/2 pathways were also altered. Conclusions: The current pilot study successfully captured the differential expression of inflammation and bone metabolism pathways in OI patients.",12.0,Expression profiling by high throughput sequencing,Homo sapiens,,OI,HAND,-,Handsichtung
GSE284526,"Replication stress, microcephalic primordial dwarfism, and compromised immunity in ATRIP deficient patients.","Ataxia telangiectasia and Rad3-related (ATR) kinase and its interacting protein ATRIP orchestrate the replication stress response. Homozygous splice variants in the ATRIP gene, resulting in ATRIP deficiency, were identified in two patients of independent ancestry with microcephaly, primordial dwarfism, and recurrent infections. The c.829+5G>T patient exhibited lymphopenia, poor vaccine responses, autoimmune features with hemolytic anemia, and neutropenia. Immunophenotyping revealed reduced CD16+/CD56dim NK cells and absent naïve T cells, MAIT cells, and iNKT cells. Lymphocytic defects were characterized by TCR oligoclonality, abnormal class switch recombination, and impaired T cell proliferation. ATRIP deficiency resulted in low-grade ATR activation but impaired CHK1 phosphorylation under genotoxic stress. ATRIP-deficient cells inadequately regulated DNA replication, leading to chromosomal instability, compromised cell cycle control, and impaired cell viability. CRISPR-SelectTIME confirmed reduced cell fitness for both variants. This study establishes ATRIP deficiency as a monogenic cause of microcephalic primordial dwarfism, highlights ATRIP's critical role in protecting immune cells from replication stress, and offers new insights into its canonical functions.",12.0,Expression profiling by high throughput sequencing; Other,Homo sapiens,,FREITEXT_KLEINWUCHS,HAND,-,Handsichtung
GSE78853,Tricyclic Antidepressants Induce Inactivation of Hepatic Stellate Cell (HSC) Myofibroblasts,"Hepatic stellate cells (HSCs) are the primary cell type responsible for liver fibrosis, the final common pathway leading to cirrhosis and liver failure for nearly every cause of chronic liver disease. Activation of HSCs in response to injury represents the key step in hepatic fibrogenesis, and is characterized by a phenotypic change from a non-fibrogenic, quiescent HSC to a fibrogenic HSC myofibroblast that secretes extracellular matrix proteins responsible for the fibrotic scar. We developed a small molecule screen to identify compounds that revert fibrotic human HSC myofibroblasts to an inactive phenotype through the quantification of lipid droplets with fluorescent microscopy. Conditions were optimized in a 384-well format using culture in Matrigel as a positive control. We screened 1600 compounds and identified 30 small molecules that induce reversion to an inactive phenotype. Among the hits, we identified five tricyclic antidepressants (TCAs) and showed that this class of drugs also repressed ACTA2 and COL1A1 while promoting PPAR-gamma expression. RNA sequencing analysis implicated extracellular matrix proteins and the sphingolipid pathway as a target of the TCAs.",12.0,Expression profiling by high throughput sequencing,Homo sapiens,,OI,HAND,-,Handsichtung
GSE43349,Geometric control of the coronary artery endothelial cell transcriptome following standard growth condition,"Analysis of the effects of cell shape on human coronary artery endothelial cell transcription.  The hypothesis is that defined alterations in endothelial cell shape uniquely affect the endothelial transcriptome. Human coronary artery endothelial cells were plated onto spatially defined micropatterns (Cytoo) forcing them to conform to Disc, Crossbow, H, Y, or L shapes.  As a control, human coronary artery endothelial cells were plated on non-restrictive areas of the Cytoo growth plate.",12.0,Expression profiling by array,Homo sapiens,,FREITEXT_WACHSTUMSFUGE,HAND,-,Handsichtung
GSE338020,Sturgeon Cartilage–Derived Peptides Promote Cartilage Repair-Associated Responses in Osteoarthritis via Integrin αvβ3–PI3K/Akt Signaling,"Osteoarthritis (OA) features progressive cartilage loss with no effective regenerative therapies. This study investigated sturgeon cartilage peptides (SCPs) for OA repair and identified key bioactive peptides and mechanisms. SCPs, prepared by trypsin hydrolysis, were evaluated in in vitro and in vivo OA models. SCPs markedly improved cartilage damage, reduced matrix degradation, and increased chondrocyte proliferation to 126%.",12.0,Expression profiling by high throughput sequencing,Homo sapiens,,CCD_CMPD,HAND,-,Handsichtung
GSE239343,The Therapeutic Potential of Adipose-Derived Mesenchymal Stem Cell Secretome in Osteoarthritis: A Comprehensive Study,"Osteoarthritis (OA) is a degenerative joint disease characterized by cartilage degradation and inflammation. This study investigates the therapeutic potential of secretome derived from adipose tissue mesenchymal stem cells (ASCs) in mitigating inflammation and promoting cartilage repair in an in vitro model of OA. Our in vitro model comprised chondrocytes inflamed with TNF. To assess the therapeutic potential of secretome, inflamed chondrocytes were treated with it and concentrations of pro-inflammatory cytokines, metalloproteinases (MMPs) and extracellular matrix markers were measured. In addition, secretome-treated chondrocytes were subject to a microarray analysis to determine which genes were upregulated and which were downregulated. Treating TNF-inflamed chondrocytes with secretome in vitro inhibits the NF-κB pathway, thereby mediating anti-inflammatory and anti-catabolic effects. Additional protective effects of secretome on cartilage are revealed in the inhibition of hypertrophy markers such as RUNX2 and COL10A1, increased production of COL2A1 and ACAN and upregulation of SOX9. These findings suggest that ASC-derived secretome can effectively reduce inflammation, promote cartilage repair, and maintain chondrocyte phenotype. This study highlights the potential of ASC-derived secretome as a novel, non-cell-based therapeutic approach for OA, offering a promising alternative to current treatments by targeting inflammation and cartilage repair mechanisms.",12.0,Expression profiling by array,Homo sapiens,,CCD_CMPD,HAND,-,Handsichtung
GSE74163,Functional tissue specific MSC in lung-transplanted patients with and without bronchiolitis obliterans syndrome (BOS) - a potential source for cell-therapy?,"Background: Mesenchymal stromal cells (MSC) have been proposed as a future cell based therapy for lung diseases like bronchiolitis obliterans syndrome (BOS). Theoretically, it might be beneficial to use lung resident MSC already adapted to the pulmonary environment. We therefore aimed to compare lung MSC with the well-characterized bone marrow MSC. Furthermore, MSC isolated from lung-transplanted patients with BOS were compared to MSC isolated from good outcome recipients. Methods: MSC were isolated from bone marrow (BM) and adult/fetal lung tissues and compared by a comprehensive panel of assays. Results:The gene expression profiles of adult lung derived and fetal lung derived MSC were very similar compared to BM derived MSC, with only 235 and 338 genes, respectively, being significantly differently expressed. Out of the 235 genes that were significantly different between adult lung derived and BM derived MSC, 90 genes were higher expressed in the lung derived MSC. In case of fetal lung derived MSC, 166 genes were higher expressed compared to the BM derived MSC. Interestingly, only, 89 genes were found to be expressed differently when comparing BM derived MSC to both, fetal and adult lung derived MSC, indicating that these genes are lung specific. Next, we went on to evaluate if MSC isolated from biopsies of lung-transplanted patients with BOS differed compared to patients without BOS, i.e. good outcome recipients. Here we found that four genes (Sox9, FAR2, LOC728855 and NDUFS5) were significantly higher expressed in MSC isolated from BOS patients Conclusions: This data demonstrates that lung resident MSC possess lung specific properties that should be taken into considerations when using MSC for cell-based therapy in severe lung disorders like BOS. These results also show that MSC isolated from lung-transplanted patients with BOS do not have an altered phenotype.",12.0,Expression profiling by array,Homo sapiens,,CCD_CMPD,HAND,-,Handsichtung
GSE35491,miR-206 integrates multiple components of differentiation pathways to control the transition from growth to differentiation in rhabdomyosarcoma cells (Illumina),"Background: Similar to replicating myoblasts, many rhabdomyosarcoma cells express the myogenic determination gene MyoD. In contrast to myoblasts, rhabdomyosarcoma cells do not make the transition from a regulative growth phase to terminal differentiation. Previously we demonstrated that the forced expression of MyoD with its E-protein dimerization partner was sufficient to induce differentiation and suppress multiple growth-promoting genes, suggesting that the dimer was targeting a switch that regulated the transition from growth to differentiation. Our data also suggested that a balance existed between various inhibitory transcription factors and MyoD activity that kept rhabdomyosarcomas trapped in a proliferative state.   Methods: Potential myogenic co-factors identified by analysis of high-throughput sequencing of chromatin immunoprecipitation experiments in normal myogenic cells were tested for their ability to drive differentiation in rhabdomyosarcoma cell culture models, and their relation to MyoD activity determined through molecular biological experiments.   Results: Modulation of the transcription factors RUNX1 and ZNF238, factors with poorly delineated roles in myogenic development, can induce differentiation in rhabdomyosarcoma cells and their activity is integrated, at least in part, through the activation of miR-206, which acts as a genetic switch to transition the cell from a proliferative growth phase to differentiation. The inhibitory transcription factor MSC also plays a role in controlling miR-206, appearing to function by occluding a binding site for MyoD in the miR-206 promoter.   Conclusions: These findings suggest that nested feed-forward circuits that proceed from MyoD, to RUNX1, to ZNF238, and finally to miR-206 function in both rhabdomyosarcomas as well as normal myogenesis to control the decision point of proliferation versus differentiation.",12.0,Expression profiling by array,Homo sapiens,,CCD_CMPD,HAND,-,Handsichtung
GSE156466,RNA-Seq of peripheral blood in FOP patients,This SuperSeries is composed of the SubSeries listed below.,11.0,Expression profiling by high throughput sequencing,Homo sapiens,,FOP,HAND,-,Handsichtung
GSE292600,Dysregulation of cell migration by matrix metalloproteinases in geleophysic dysplasia,"Geleophysic dysplasia (GD) is characterized by short stature, brachydactyly, joint limitations, a distinctive facial appearance, as well as cardiac and respiratory dysfunction that can be life-threatening. GD is caused by pathogenic variants in the ADAMTSL2, FBN1, or LTBP3 genes. While dermal fibroblasts derived from affected individuals have shown poor organization of the extracellular matrix (ECM), it remains elusive how the disorganized ECM contributes to GD pathogenesis. To understand the molecular mechanisms in GD, we isolated and characterized primary human dermal fibroblasts from affected individuals with ADAMTSL2 and FBN1 variants. We found that the secretion of ECM proteins including ADAMTSL2, FBN1, and Fibronectin were impaired in GD fibroblasts. Increased cell migration was observed in GD fibroblasts carrying ADAMTSL2 or FBN1 variants, which was associated with up-regulation of MMP-1 and MMP-14, two proteases related to cell mobility. The enhanced cell migration and up-regulation of MMP-1 and MMP-14 were corroborated in mouse primary dermal fibroblasts carrying pathogenic variants in Adamtsl2 and in lung and heart tissues from Adamtsl2-knockout mice. A pan MMP inhibitor, GM6001, inhibited the migration of GD fibroblasts. Overall, our results suggest that MMP-1/-14 up-regulation play a role in the development of GD and may be utilized as a treatment target.",11.0,Expression profiling by high throughput sequencing,Homo sapiens,,FREITEXT_KLEINWUCHS,HAND,-,Handsichtung
GSE221128,Oxidative phosphorylation is a pivotal therapeutic target of fibrodysplasia ossificans progressiva,"Heterotopic ossification (HO) is a non-physiological process of bone formation in which progenitor cells in soft tissues differentiate into chondrogenic cells. In the case of fibrodysplasia ossificans progressiva (FOP), a rare genetic disease characterized by progressive and systemic HO, the Activin A/mutated-ACVR1/mTORC1 cascade induces HO in progenitors, one of which is the fibro/adipogenic progenitors (FAPs) in muscle tissues. The relevant biological processes aberrantly regulated by activated mTORC1 remain unclear, however. RNA sequencing analyses revealed the enrichment of genes involved in oxidative phosphorylation (OXPHOS) during Activin A-induced chondrogenesis of mesenchymal stem cells derived from induced pluripotent stem cells (iPSCs) of FOP patients. Functional analyses showed a metabolic transition from glycolysis to OXPHOS during chondrogenesis, in conjunction with an upregulation of mitochondrial biogenesis. mTORC1 inhibition by rapamycin suppressed OXPHOS, and IACS-010759, an inhibitor of OXPHOS, inhibited cartilage matrix formation in vitro, indicating that OXPHOS is principally involved in mTORC1-induced chondrogenesis. Furthermore, IACS-010759 inhibited the muscle injury-induced enrichment of FAP genes and HO in transgenic mice carrying the mutated human ACVR1. These data indicated that OXPHOS is a critical downstream mediator of mTORC1 signaling in chondrogenesis and therefore is a potential FOP therapeutic target.",11.0,Expression profiling by high throughput sequencing,Homo sapiens,,FOP,HAND,-,Handsichtung
GSE35095,Gene expression profiling of PC3 cells stably expressing ERbeta1 and ERbeta2,"The estrogen receptor (ER)β1 is successively lost during cancer progression, whereas its splice variant, ERβ2, is expressed in advanced prostate cancer. The latter form of cancer often metastasizes to bone, and we wanted to investigate whether the loss of ERβ1 and/or the expression of ERβ2 affect such signaling pathways in prostate cancer. Using PC3 and 22Rv1 prostate cancer cell lines that stably express ERβ1 or ERβ2, we found that the ERβ variants differentially regulate genes known to affect tumor behavior. We found that ERβ1 repressed the expression of the bone metastasis regulator Runx2 in PC3 cells. By contrast, RUNX2 expression was up-regulated at the mRNA level by ERβ2 in PC3 cells, whereas Slug was up-regulated by ERβ2 in both PC3 and 22Rv1 cells. In addition, the expression of Twist1, a factor whose expression strongly correlates with high Gleason grade prostate carcinoma, was increased by ERβ2. In agreement with the increased Twist1 expression, we found increased expression of Dickkopf homolog 1; Dickkopf homolog 1 is a factor that has been shown to increase the RANK ligand/osteoprotegerin ratio and enhance osteoclastogenesis, indicating that the expression of ERβ2 can cause osteolytic cancer. Furthermore, we found that only ERβ1 inhibited proliferation, whereas ERβ2 increased proliferation. The expression of the proliferation markers Cyclin E, c-Myc, and p45(Skp2) was differentially affected by ERβ1 and ERβ2 expression. In addition, nuclear β-catenin protein and its mRNA levels were reduced by ERβ1 expression. In conclusion, we found that ERβ1 inhibited proliferation and factors known to be involved in bone metastasis, whereas ERβ2 increased proliferation and up-regulated factors involved in bone metastasis. Thus, in prostate cancer cells, ERβ2 has oncogenic abilities that are in strong contrast to the tumor-suppressing effects of ERβ1.",10.0,Expression profiling by array,Homo sapiens,,CCD_CMPD,HAND,-,Handsichtung
GSE9160,Gene Expression Across the Human Growth Plate,"Chondrocytes advance through the long bone growth plate in synchrony, allowing their segregation into one of four zones each corresponding to a different phase of maturation. Beginning from the epiphysis the recognized zones are: reserve, proliferative, prehypertrophic, and hypertrophic. A fifth zone, the perichondrium is located in apposition to the growth plate at its circumferential surface. The progression of chondrocytes through these zones, and hence growth, is regulated by a complex interplay of signaling pathways, defects in which lead to osteochondrodysplasias. At present, there are over 370 recognized skeletal disorders, slightly more than half of which have been explained at the molecular level. Through a combination of laser microdissection, linear mRNA amplification, and GeneChip analysis, our laboratory has acquired the zone specific expression profile of chondrocytes from the distal femoral growth plates of two normal patients. On average, transcripts interrogated by 12,193 or 18,454 GeneChip probe sets (out of a possible 54,000 probe sets) were present in patients 1 and 2, respectively. The homologous inter-array correlations for the log(2) intensities were ≥ 0.91±0.01. Keywords: Chondrocyte differentiation program.",10.0,Expression profiling by array,Homo sapiens,,FREITEXT_WACHSTUMSFUGE,HAND,-,Handsichtung
GSE40942,Fetal mesenchymal stromal cells differentiating towards chondrocytes acquire a gene expression profile resembling human growth plate cartilage.,"We used human fetal bone marrow-derived mesenchymal stromal cells (hfMSCs) differentiating towards chondrocytes as an alternative model for the human growth plate (GP). Our aims were to study gene expression patterns associated with chondrogenic differentiation to assess whether chondrocytes derived from hfMSCs are a suitable model for studying the development and maturation of the GP. hfMSCs efficiently formed hyaline cartilage in a pellet culture in the presence of TGFB3 and BMP6. Microarray and principal component analysis were applied to study gene expression profiles during chondrogenic differentiation. A set of 232 genes was found to correlate with in vitro cartilage formation. Several identified genes are known to be involved in cartilage formation and validate the robustness of the differentiating hfMSC model. KEGG pathway analysis using the 232 genes revealed 9 significant signaling pathways correlated with cartilage formation. To determine the progression of growth plate cartilage formation, we compared the gene expression profile of differentiating hfMSCs with previously established expression profiles of epiphyseal GP cartilage. As differentiation towards chondrocytes proceeds, hfMSCs gradually obtain a gene expression profile resembling epiphyseal GP cartilage. We visualized the differences in gene expression profiles as protein interaction clusters and identified many protein clusters that are activated during the early chondrogenic differentiation of hfMSCs showing the potential of this system to study GP development. To determine the progression of growth plate cartilage formation, we compared the gene expression profile of differentiating hfMSCs with previously established expression profiles of epiphyseal GP cartilage. As differentiation towards chondrocytes proceeds, hfMSCs gradually obtain a gene expression profile resembling epiphyseal GP cartilage. We visualized the differences in gene expression profiles as protein interaction clusters and identified many protein clusters that are activated during the early chondrogenic differentiation of hfMSCs showing the potential of this system to study GP development.",10.0,Expression profiling by array,Homo sapiens,,FREITEXT_WACHSTUMSFUGE,HAND,-,Handsichtung
GSE146904,Lumbar intervertebral disc mRNA sequencing identifies the regulatory pathway in patients with disc herniation and spondylolisthesis,"Here, we show results from next generation RNA sequencing (RNA-seq) on mRNA isolated from 10 human nucleus pulposus (NP) samples of lumbar degenerated discs (DH and DS; n=5 for each tissue) and other musculoskeletal tissues (Bone, cartilage, growth plate, and muscle; n=7 for each tissue). Pathway and network analyses based on gene ontology (GO) terms were used to identify the biological functions of differentially expressed mRNAs. A total of 701 genes were found to be significantly upregulated in lumbar NP tissue compared to other musculoskeletal tissues. These differentially expressed mRNAs were primarily involved in DNA damage, immunity and G1/S transition of mitotic cell cycle. Interestingly, DH-specific signaling genes showed major network in chemotactic (e.g., CXCL10, CXCL11, IL1RL2 and IL6) and matrix-degrading pathway (e.g., MMP16, ADAMTSL1, 5, 8, 12, and 15), while DS-specific signaling genes were found to be those involved in cell adhesion (e.g., CDH1, EPHA1and EFNA2) and inflammatory cytokines (e.g., CD19, CXCL5, CCL24, 25 and XCL2). Our findings provide new leads for therapeutic drug discovery that would permit optimization of medical or pharmacological intervention for cases of lumbar DDD.",10.0,Expression profiling by high throughput sequencing,Homo sapiens,,FREITEXT_WACHSTUMSFUGE,HAND,-,Handsichtung
GSE58435,Amniotic fluid RNA gene expression profiling provides insights into the phenotype of Turner syndrome,"Background: Turner syndrome, a common sex chromosome aneuploidy, has characteristics and malformations associated with the phenotype.  Fetal amniotic fluid is a complex biological material that could contribute to the understanding Turner syndrome pathogenesis.  Global gene expression analysis of Turner syndrome fetal amniotic fluid supernatant was utilized to identify organ systems and specific genes that may play a role in the pathophysiologic changes that are seen in individuals with Turner syndrome. Methods: Global gene expression analysis was performed utilizing cell-free RNA from five midtrimester fetuses with Turner syndrome matched with five euploid female fetuses.  Total RNA was extracted, amplified, hybridized onto GeneChip® Human Genome U133 Plus 2.0 arrays.  Network and pathway analysis of differentially expressed genes were completed.  Chromosomal distribution of gene expression differences, differential expression by pathway and organ system (a “Turner syndrome core transcriptome”), and candidate genes that could play a pathological role were identified. Results: There were 470 differentially expressed genes identified in the Turner syndrome transcriptome.   The differentially expressed genes were distributed randomly across different chromosomes.  Among genes on the X chromosome, XIST was down-regulated, and SHOX not differentially expressed.  The most highly represented organ systems were hematologic/immune and neurologic.  Increased representation of differentially expressed genes in the hematologic/immune system distinguishes the Turner syndrome transcriptome from the euploid, trisomy 18 and trisomy 21 transcriptomes previously studied in our laboratory.  Manual curation of the differentially expressed gene list identified genes including NFATC3, IGFBP5, and LDLR that warrant further study.",10.0,Expression profiling by array,Homo sapiens,,SHOX,HAND,-,Handsichtung
GSE62914,Efficient generation of stable chondrocytes from human iPSC through early induction of a pre-chondrogenic population,"Regeneration of human cartilage is inherently inefficient; an abundant autologous source like human induced pluripotent stem cells (hiPSC) is therefore attractive for engineering cartilage. Here, we report a defined growth factor based protocol for differentiating hiPSC into articular-like chondrocytes within two weeks with a high efficiency. The hiPSC-derived chondrocytes (hiChondrocytes) are stable and comparable to adult articular chondrocytes in global gene expression, extracellular matrix production and in their ability to generate cartilage tissue in vitro and in immune-deficient mice. Molecular characterization identified an early Sox9lowCD44lowCD140low pre-chondrogenic mesodermal population during hiPSC differentiation that eventually generates a homogenous population of Sox9highCD44highCD140high hiChondrocytes. Additionally, global gene expression analyses revealed two distinct Sox9-regulated gene networks in the Sox9low and Sox9high populations providing novel molecular insights into chondrogenic fate commitment and differentiation. Our findings present a favorable method for generation of hiPSC-derived articular chondrocytes in terms of safety and efficiency.",10.0,Expression profiling by array,Homo sapiens,,CCD_CMPD,HAND,-,Handsichtung
GSE147791,Glutamine addicted myeloma cells inhibits osteoblastic differentiation of bone marrow mesenchymal stromal cells limiting asparagine availability.,"Osteolytic lesions with suppression of osteoblastic (OB) differentiation are hallmarks of multiple myeloma (MM). Most recently, Gln availability has been found to be essential to sustain bone mass formation in murine models. On the other hand, MM cells are Gln-addicted and consume huge amounts of the amino acid, leading to a partial Gln depletion in the bone marrow (BM) plasma. We hypothesize that MM-dependent Gln depletion contributes to the defective OB differentiation characteristic of MM. Conversely, GLS (both KGA and GAC isoforms) and SLC38A2, the gene for the concentrative Gln transporter SNAT2, were induced. Consistent with this conclusion, the activity of SNAT2 was absent in undifferentiated hMSCs but well detectable after 14 days of OB differentiation, when total Gln uptake was also increased. Under the same conditions, OB differentiation markers (RUNX2, COL1A1, ALPL expression and ALPL activity or staining) were significantly induced but their expression was blunted by incubation in low-Gln (0.4 mM) medium or in the presence of the SNAT2 inhibitor MeAIB. The incubation in Gln-free D-MEM suppressed the induction of GLS and SLC38A2 along with OB differentiation, which was restored by the supplementation of Non-Essential Amino Acids (NEAA). Among NEAA, only asparagine (Asn) was able to rescue OB differentiation in the absence of Gln. The determination of intracellular amino acids with MS indicated that OB differentiation was associated with the increase of cell Asn, without significant changes of Gln, glutamate (Glu) or aspartate (Asp). Asparagine Synthetase (ASNS), the Gln-dependent enzyme that accounts for Asn synthesis, was also found induced during OB differentiation of hMSCs.   Gene Expression Profiles of primary BM hMSCs and OBs from bone biopsies of both healthy donors and MM patients indicated that GLS, ASNS, and SLC38A2 are more expressed in OBs, while the expression of GLUL, the gene for GS, is higher in undifferentiated hMSCs from healthy donors.   Overall, these results indicate that (1) OB differentiation of hMSCs is Gln-dependent; (2) the partial Gln depletion, imposed by Gln-addicted MM cells in the BM microenvironment, contributes to the impairment of osteoblastic differentiation of hMSCs; (3) hindrance of differentiation may depend on the limited availability of intracellular Asn derived from Gln-dependent ASNS. These results support the evidence that Gln addiction of MM cells affects bone microenvironment leading to the inhibition of OB differentiation and, consequently, to the development of MM bone disease.",9.0,Expression profiling by array,Homo sapiens,,OI|CCD_CMPD,HAND,-,Handsichtung
GSE190193,Next Generation Sequencing of SARS-CoV-2 infected lung epithelial cells derived from iPSC,"We present evidence on how a lung epithelial cell culture system based on human induced pluripotent stem cells (hiPSC) could emerge as a relevant and sensitive platform for modelling SARS-CoV-2 infection. In order to develop a human model system, we differentiated hiPSC into lung epithelial lineage (airway and alveolar cells) through a three-step protocol. De novo generated cells were authenticated by spatiotemporal expression of stage specific markers including SOX2, FOXJ1 and CC10 in proximal cells and SOX9, FOXP2, SFTPC, MUC5AC, and CC10 in distal cells. Further we showed upregulation of ACE2 and TMPRSS2, the two proteins responsible for SARS-CoV-2 binding and invasion into the host lung in our iPSC-derived proximal and distal lung epithelial cells. In order to find out whether our in-house created lung cell culture system was permissive to SARS-CoV-2 infection, two viral doses representing two multiplicities of infections (MOIs) was tested. Plaque assay, RT-PCR, and ICC results demonstrated that the virus was able to enter and replicate inside these cells in a reproducible manner. Further, transcriptomics (RNA seq) data uncovered a robust epithelial cell-specific response to virus infection including perturbation of metabolic processes, disruption in alveolar and airway maturation program, in addition to the well-known upregulation of antiviral defense and immune responses.",9.0,Expression profiling by high throughput sequencing,Homo sapiens,,CCD_CMPD,HAND,-,Handsichtung
GSE17368,Epiphyseal cartilage,"Chondrocytes from extra fingers exhibited a high proliferative capacity: the cells reached to population doublings (PD) 30-35 within 4 weeks before replicative senescence. The propagated cells formed hyaline cartilage at 2 weeks after subcutaneous implantation of NOD/Scid/IL-2 receptor gamma knock out (NOG) mice, and the generated cartilage showed enchondral ossification at 8 to 12 weeks. The cartilage formation with osteogenesis depends on the number of cell division in vitro.  Keywords: NCCH BioResource",9.0,Expression profiling by array,Homo sapiens,,FREITEXT_WACHSTUMSFUGE,HAND,-,Handsichtung
GSE121238,Transciptomic profiling of human fetal lung samples,"Fibroblast Growth Factor (FGF) signaling plays an important role in lung organogenesis. Over recent decades, FGF signaling in lung development has been extensively studied in animal models. However, little is known about the expression, localization and functional roles of FGF ligands during human fetal lung development. Therefore, we aimed to determine the expression and function of several FGF ligands and receptors in human lung development. Using in situ hybridization (ISH) and RNA-sequencing, we assessed their expression and distribution in native human fetal lung. Human fetal lung explants were treated with recombinant FGF7, FGF9 or FGF10 in air-liquid interface culture. Explants were analyzed grossly, to observe differences in branching pattern, as well as at the cellular and molecular level. ISH demonstrated that FGF7 is expressed in both the epithelium and mesenchyme; FGF9 is mainly localized in the distal epithelium, whereas FGF10 demonstrated diffuse expression throughout the parenchyma with some expression in the smooth muscle cells (SMCs). FGFR2 expression was high in both proximal and distal epithelial cells as well as the SMCs. FGFR3 was expressed mostly in the epithelial cells, with lower expression in the mesenchyme, while FGFR4 was highly expressed throughout the mesenchyme and in the distal epithelium. Using recombinant FGFs, we demonstrated that FGF7 and FGF9 had similar effects on human fetal lung as on mouse; however, FGF10 caused the human explants to expand and form cysts as opposed to inducing epithelial branching as seen in the mouse. In conjunction with decreased branching, treatment with recombinant FGF7, FGF9 and FGF10 also resulted in decreased double-positive SOX2/SOX9 progenitor cells, which are exclusively present in the distal epithelial tips in early human fetal lung. Although FGF ligand localization may be somewhat comparable between developing mouse and human lungs, their functional roles may differ substantially.",9.0,Expression profiling by high throughput sequencing,Homo sapiens,,FGFR3|CCD_CMPD,HAND,-,Handsichtung
GSE222109,Recapitulation of endochondral ossification by human pluripotent stem cell-derived SOX9+ sclerotomal progenitors,"Regeneration of human cartilage and bone remains a challenge due to the limitations from current stem cell sources. Here, we developed a four-day differentiation strategy that achieved near uniform derivation (>98.5%) of SOX9+ sclerotomal progenitors from multiple human pluripotent stem cells (hPSCs). Importantly, SOX9+ sclerotomal progenitors exhibited typical bipotential of mesenchymal progenitors during skeletal development. Upon lineage-specific induction, they were able to differentiate either into chondroprogenitors that could repair articular cartilage defects and  early chondrocytes that could undergo endochondral ossification for human bone formation. Furthermore, we identified ITGA9 as the specific surface marker that facilitated reporter-independent isolation of SOX9+ sclerotomal progenitors and established an in vitro culture system that could expand these cells for at least 15,000-fold. Collectively, these findings highlight the SOX9+ sclerotomal progenitors as a promising stem cell source for next-generation human cartilage/bone bioengineering.",9.0,Expression profiling by high throughput sequencing,Homo sapiens,,CCD_CMPD,HAND,-,Handsichtung
GSE69206,Comparing effects of perfusion and hydrostatic pressure on human chondrocytes using gene profiles,"Hydrostatic pressure and perfusion have been shown to alter the chondrogenic potential of articular chondrocytes. In order to compare the effects of hydrostatic pressure plus perfusion (HPP) and perfusion (P) we investigated the complete gene expression profiles of human chondrocytes under HPP and P. A simplified bioreactor was constructed applying loading (0.1 MPa for 2 h) and perfusion (2ml) through the same piping by pressurizing the medium directly. High-density monolayer cultures of human chondrocytes were exposed to HPP or P for 4 days. Controls were maintained in static culture. Gene expression was evaluated by sequencing (RNAseq) and quantitative real-time PCR analysis. RNAseq identified similarities between the two treatments. Specifically, HPP and P increased COL2A1 expression and decreased COL1A1 and MMP-13 expression. Despite of the similarities, RNAseq revealed a list of cartilage genes including ACAN, ITGA10 and TNC, which were differentially expressed by HPP and P. Of these candidates adhesion related molecules were found to be upregulated in HPP. Both HPP and P treatment had beneficial effects on chondrocyte differentiation and decreased catabolic enzyme expression. The study provides new insight into how hydrostatic pressure and perfusion enhance cartilage differentiation and inhibit catabolic effects",9.0,Expression profiling by high throughput sequencing,Homo sapiens,,OI,HAND,-,Handsichtung
GSE64752,Long-term expandable SOX9+ chondrogenic ectomesenchymal cells from human pluripotent stem cells,"Purpose: We have succeeded in the generation and long-term expansion of SOX9-expressing CD271+PDGFRa+CD73+ chondrogenic ectomesenchymal cells from the PAX3/SOX10/FOXD3-expressing MIXL1-CD271hiPDGFRaloCD73- neural crest-like progeny of human pluripotent stem cells in a chemically defined medium supplemented with Nodal/Activin/TGFb inhibitor (SB) and FGF2 (hereafter called FSB). When “primed” with TGFb, such cells efficiently formed translucent cartilage particles, which were completely mineralized in 12 weeks in immunocompromized mice. Under the FSB condition, ectomesenchymal cells were expandable without loss of chondrogenic potential for at least 16 passages, maintained normal karyotype for at least 10 passages, which any conditions deviated from it (e.g. FGF2 alone or SB alone) failed to support. In order to address the molecular basis of such effects of FSB, a series of RNA-seq experiments were carried out. Methods: We generated and compared the transcriptome profiles of human ectomesenchymal cells expanded under FSB  with those cultured under FSB first then under FGF2 alone (F).  As a control, we also generated transcriptome of ectomesenchymal cells expanded from the begining under F conditions. RNA-sequencing libraries were prepared using a SureSelect Strand Specific RNA Library Preparation kit (Agilent technologies, Santa Clara, CA). Sequencing was performed on an Illumina HiSeq 1500 using a TruSeq Rapid SBS kit (Illumina, San Diego, CA) in a 50-base single-end mode. Sequenced reads were mapped against the human reference genome (GRCh37), using TopHat v2.0.12 (http://ccb.jhu.edu/software/tophat/index.shtml). Expression levels were calculated as fragments per kilobase of exon per million mapped fragments (FPKMs) using Cufflinks v2.1.1 (http://cole-trapnell-lab.github.io/cufflinks). Results: Ectomesenchymal cells maintained under FSB conditions preferentially expressed genes representing embryonic progenitors (SOX4/12, LIN28A/B, MYCN), cranial mesenchymes (ALX1/3/4) and chondroprogenitors (SOX9, COL2a1) of the neural crest origin (SOX8/9, NGFR, NES). In contrast, those cultured under FSB then F, still expressed SOX4/11/12, but lost LIN28, MYCN, ALX1/3/4, NGFR, COL2a1 expression. Interestingl it enhances expresion ofTGFβ-inducible genes such as THBS1/2 and DCN  and osteogenesis-related genes such as  COL1a1/2 and RUNX1/2. Conclusions: The CD271+CD73+ ectomesenchymal cells accumulated under FSB conditions possess an mRNA profile of proliferating primitive neural crest/ectomesenchymal cells, although they lacked SOX10 expression, which is critical for neural and melanocytic lineage commitment. Transition from FSB to F conditions supressed the proliferation-related genes expression and enhanced the ossification/mineralization, vasculogenesis/angiogenesis, and cardiac myogenesis-related gene expression. Thus, suppression of TGFβ signaling by SB does not seem to freeze the developmental stage of the hPSC-derived neural crest during expansion. Such suppression may instead simply support the high proliferative potential of the cells as well as the expression of SOX9 (and COL2a1), and thereby maintain chondrogenic activity. SOX9 expression initiated at the specification and pre-migratory stages is transient in trunk neural crest but persists in cranial neural crest. The chondrogenic CD271+CD73+ ectomesenchymal cells that maintain SOX9 transcription and translation may therefore represent proliferating cranial neural crest, with a slight commitment to non-neural lineages.",9.0,Expression profiling by high throughput sequencing,Homo sapiens,,OI|CCD_CMPD,HAND,-,Handsichtung
GSE61113,Surface Topography Enhances Differentiation of Mesenchymal Stem Cells Towards Osteogenic and Adipogenic Lineages,"Surface topography impacts on cell growth and differentiation, but it is not trivial to generate homogeneous surface structures and to define the specific morphological parameters of relevance. In this study, we have compared gene expression profiles of mesenchymal stem cells (MSCs) on nanostructured groove/ridge surfaces. Patterns were generated in polyimide using multi beam laser interference. These structures affected cell size and orientation of human MSCs. Furthermore, the nano-patterns with a periodicity of 650 nm increased differentiation towards osteogenic and adipogenic lineages. However, in absence of differentiation media the surface structures did neither induce differentiation, nor lineage-specific gene expression changes – as assessed by genome wide gene expression profiles with Affymetrix microarray technology. Our results demonstrate that grooves and ridges at a periodicity of 650 nm enhance the propensity of MSCs to differentiate towards adipogenic and/or osteogenic lineages – but they do not directly govern lineage-specific gene expression changes.",9.0,Expression profiling by array,Homo sapiens,,MPS,HAND,-,Handsichtung
GSE283407,Paracrine regulation of pancreatic cancer cell response to chemotherapy by GLI2-Collagen I signaling,"Despite the well described role of non-cellular components of the tumor microenvironment (TME) in regulating tumor growth, the molecular events dictating expression and biological functions of key components of the TME remain elusive. Here, using pancreatic cancer (PC) models, we describe a novel mechanism through which the zinc finger transcription factor GLI2 in cancer associated fibroblasts (CAFs) induces expression of COL1A1, which is a major component of Collagen I and the most abundant collagen variant in the tumor milieu. Bulk and single nuclei RNA-seq showed that GLI2 expression in CAF strongly correlates with COL1A1 levels, fibrosis, and CAF activation. ChIP-qPCR and expression studies of the PC matrisome identified COL1A1 as the direct target of GLI2 in CAFs. We also provide evidence that GLI2 is an effector that mediates COL1A1 induction by transforming growth factor β1 (TGFβ1). RNA-seq analysis of PC cells treated with Collagen I revealed enrichment of chemotherapeutic gene expression profiles, which includes irinotecan resistance signature. Viability studies confirmed that Collagen I promotes irinotecan resistance in PC cells. Altogether, our results uncover a novel role for the TGFβ1-GLI2 axis within CAFs to modulate Collagen I expression and promote chemoresistance in PC cells. Our findings increase our understanding of the complex molecular network operating in the TME.",9.0,Expression profiling by high throughput sequencing,Homo sapiens,,OI,HAND,-,Handsichtung
GSE224139,"Single, off-the-shelf treatment of Neuropathic Mucopolysaccharidoses with iPSC-derived microglia",This SuperSeries is composed of the SubSeries listed below.,9.0,Expression profiling by high throughput sequencing,Homo sapiens,,MPS,HAND,-,Handsichtung
GSE227119,Identification of key genes and signaling pathways in microtia by the analysis of transcriptomics,"Microtia is a complex congenital defect which is one of the most common birth defects in the world. Depending on the degree of deformity, microtia can be divided into many types. However, it is not clear whether the different degrees of microtia share the same underlying mechanism. The present study detected transcriptomic profiles of auricular cartilage tissues in 6 patients with mild and severe malformation and 3 control auricular cartilage tissues by RNA-seq technology. Relative mRNA abundances were compared and evaluated for their function and putative involvemen.t in microtia. A total of 1058, 1648 and 1150 differentially expressed genes respectively in the group of MIC-Ⅱ-vs-NOR, MIC-Ⅲ-vs-NOR and MIC-Ⅲ-vs-MIC-Ⅱwere identified. Bioinformatics analysis demonstrated that some of these genes showed potential associations with microtia. In the MIC-Ⅱ microtia, the changed biological processes mainly enriched in mitosis. And in the MIC-Ⅲ microtia, the changed biological processes not only enriched in mitosis but also in migration. The key genes, IL-6 and COMP, and key signaling pathway, PI3K-AKT signaling pathway, were found to be dysregulated, which could contribute to microtia. The present study was a report on the transcriptomic analysis of microtia using the auricular samples from different degrees of microtia. Additional studies are required to clarify the roles of potential key genes in microtia.",9.0,Expression profiling by high throughput sequencing,Homo sapiens,,PSACH_MED,HAND,-,Handsichtung
GSE145048,"GDF5+ chondroprogenitors derived from human pluripotent stem cells, which  resemble embryonic teno/ligamento-genic cells, preferentially form permanent chondrocytes","Background: Human pluripotent stem cells (hPSCs) give rise to chondrogenic activity in culture. Such activity was found in mesodermal and neural crest like progeny of hPSCs, and readily expanded as SOX9+ msenchymal cells in a medium containing FGF2.  However, once expanded, the type of chondrocytes they perfer to form is growth plate-ike transient chondrocytes that are destined to form bone. However, we have recently developed a method to generate GDF5+ mesenchymal cells from such SOX9+ cells which ehibit activity to preferentially form articular-like permanent chondrocytes.  The aim of the present prospective follow-up study was to reveal the cell-type and developmental origin of the GDF5+ cells as well as the SOX9+ cells. Methods: Paraxial mesoderm was generated from human PSCs, purified by FACS, and expanded to generate SOX9+ chondroprogenitors.  Then, the SOX9+ cells were further differentiated into joint progenitor-like GDF5+ chondroprogenitors.  These two chondroprogenitors were subjcted to bulk RNA-seq. Results: Based on the transcriptomic data, we examined differentially expressed genes, cell-type deconvolution analysis, and cell-type correlation analysis. The results suggested that GDF5+ cells might contain a teno/ligamento-genic potential (e.g., SCX+ cells), while SOX9+ cells were related to (neural crest-derived) ectomesenchymal chondroprogenitors. The followup biological analyses indicated as follows. The fast-growing SOX9+ cells formed cartilage that expressed chondrocyte hypertrophy markers and was readily mineralized after ectopic transplantation. In contrast, the slowly-growing GDF5+ cells were derived from SOX9+ cells. They formed cartilage that tended to express low to no chondrocyte hypertrophy markers, while expressing PRG4, a marker of embryonic articular chondrocytes, and to remain largely unmineralized in vivo. Conclusions: Our results imply that GDF5+ cells specified to generate permanent-like cartilage are likely to emerge in association with the commitment of SOX9+ cells to the tendon/ligament lineage.",8.0,Expression profiling by high throughput sequencing,Homo sapiens,,CCD_CMPD|FREITEXT_WACHSTUMSFUGE,HAND,-,Handsichtung
GSE188354,gp130/STAT3 signaling is required for homeostatic proliferation and anabolism in postnatal growth plate and articular chondrocytes,This SuperSeries is composed of the SubSeries listed below.,8.0,Expression profiling by high throughput sequencing,Homo sapiens; Mus musculus,,FREITEXT_WACHSTUMSFUGE,HAND,-,Handsichtung
GSE193510,A miR-125 / Sirtuin-7 pathway drives pro-calcific potential of myeloid cells in diabetic vascular disease,"Aims/hypothesis. Ectopic calcification is a typical feature of diabetic vascular disease and resembles an accelerated aging phenotype. We previously found an excess of myeloid calcifying cells (MCCs) in diabetic patients. We herein examined molecular and cellular pathways linking atherosclerotic calcification with calcification by myeloid cells in the diabetic milieu. Methods. We first examined the associations among coronary calcification, MCC levels, and mononuclear cell gene expression in a cross-sectional study of 87 type 2 diabetic patients undergoing elective coronary angiography. Then, we undertook in vitro studies on mesenchymal stem cells (MSCs) and on the THP-1 myeloid cells line to verify the causal relationships of the observed associations. Results. Coronary calcification was associated with 2.8-times higher MCC levels (p=0.037) and 50% elevated expression of the osteogenic gene RUNX2 in mononuclear cells, whereas expression of Sirtuin-7 (SIRT7) was inversely correlated with calcification. In standard differentiation assays of MSCs, SIRT7 knockdown activated the osteogenic program and worsened calcification, especially in the presence of high (20 mM) glucose. In the monocytic cell line THP-1, SIRT7 downregulation drove a pro-calcific phenotype, whereas SIRT7 overexpression prevented high-glucose induced calcification. Through the JAK/STAT pathway, high glucose induced miR-125b-5p, which in turn targeted SIRT7 in myeloid cells and was directly associated with coronary calcification. Conclusions/interpretation. We describe a new pathway elicited by high glucose trough the JAK/STAT cascade, involving regulation of SIRT7 by mir-125b-5p driving calcification by myeloid cells. This pathway is associated with coronary calcification in diabetic patients and may be a target to tackle diabetic vascular disease.",8.0,Expression profiling by high throughput sequencing,Homo sapiens,,CCD_CMPD,HAND,-,Handsichtung
GSE113343,"RNA-seq reported in ""Phosphorylated Lamin A/C in the nuclear interior binds active enhancers associated with abnormal transcription in progeria""","LMNA encodes nuclear Lamin A/C that tethers lamina-associated domains (LADs) to the nuclear periphery. Mutations in LMNA cause degenerative disorders including the premature aging disorder Hutchinson-Gilford progeria, but the mechanisms are unknown. We report that Ser22-phosphorylated (pS22) Lamin A/C was localized to the nuclear interior in human fibroblasts throughout the cell cycle. pS22-Lamin A/C interacted with a subset of putative active enhancers, not LADs, at locations co-bound by the transcriptional activator c-Jun. In progeria-patient fibroblasts, a subset of pS22-Lamin A/C-binding sites were lost whereas new pS22-Lamin A/C-binding sites emerged in normally quiescent loci. New pS22-Lamin A/C binding was accompanied by increased histone acetylation, increased c-Jun binding, and upregulation of nearby genes implicated in progeria pathophysiology. These results suggest that Lamin A/C regulates gene expression by enhancer binding. Disruption of the gene regulatory rather than LAD tethering function of Lamin A/C presents a novel mechanism for disorders caused by LMNA mutations. ",8.0,Expression profiling by high throughput sequencing,Homo sapiens,,MPS,HAND,-,Handsichtung
GSE186141,Phenotypic spectrum and molecular basis in a Chinese cohort of osteogenesis imperfecta with mutations in type I collagen,"Osteogenesis imperfecta (OI) is a rare inherited connective tissue dysplasia characterized with skeletal fragility, recurrent fractures and bone deformity, predominantly caused by mutations in the genes COL1A1 or COL1A2 that encode the chains of type I collagen. In the present study, clinical manifestations and genetic variants were analysed from 188 Chinese OI patients, majority of which are of southern China origin. By targeted sequencing, 64 and 58 OI patients were found carrying mutations in COL1A1 and COL1A2 respectively, including 12 novel COL1A1 and 8 novel COL1A2 variants. We identified a COL1A1 hotspot (c.G2461A; p.G821S) in 8 patients and validated two novel splicing mutations. A diverse mutational and phenotypic spectrum was observed, coupling with heterogeneity observed in the transcriptomic data (n=6) derived from osteoblasts of our cohort. Missense mutations were significantly associated (χ2 p=0.0096) with a cluster of patients with more severe clinical phenotypes. Additionally, the severity of OI was more correlated with the quality of bones, rather than the bone mineral density. Bone density is most responsive to bisphosphonate (BP) treatment during the juvenile stage (10-15 y/o). In contrast, height is not responsive to bisphosphonate treatment. Our findings expand the mutational spectrum of type I collagen genes and the genotype-phenotype correlation in Chinese OI patients. The observation of effective BP treatment in an age-specific manner may help to improve OI patient management.",8.0,Expression profiling by high throughput sequencing,Homo sapiens,,OI,HAND,-,Handsichtung
GSE273436,Voluntary exercise sensitizes cancer immunotherapy via collagen degradation-orchestrated inflammatory tumor immune microenvironment,"Physical activity reduces cancer-associated mortality through multiple mechanisms, including tumor immune microenvironment (TIME) reprogramming. However, whether and how physiological interventions promote anti-tumor immunity and immunotherapy remains elusive. Here we report that clinically relevant voluntary exercise promotes muscle-derived exosomal miR-29a-3p for extracellular matrix (ECM) degradation in patients and mouse models with multiple types of cancer, thereby permitting immune cell infiltration and immunotherapy. Mechanistically, an unbiased screening identified exercise-responsive exosomal miR-29a-3p that targets tumor cell and cancer associated fibroblasts to downregulate COL1A1 and reduce ECM. State-of-the-art techniques including cytometry by time-of-flight (CyTOF) demonstrated miR-29a-3p-induced TIME remodeling and immune cell infiltration. Combining immunotherapy with voluntary exercise or miR-29a-3p further increased the anti-tumor efficacy in preclinical models. Clinically, miR-29a-3p was correlated with degraded ECM and T-cell infiltration in various cancer types in patients, and correlated with immunotherapy responders. Our work reveals the novel predictive value of miR-29a-3p for immunotherapy, provides mechanistic insights into exercise-promoted anti-cancer immunity, and highlights the therapeutic potential of voluntary exercise in immunotherapy.",8.0,Expression profiling by high throughput sequencing,Homo sapiens,,OI,HAND,-,Handsichtung
GSE77764,Fibroblast growth factor receptor 3 overexpression mediates ALK inhibitor resistance in ALK-rearranged non-small cell lung cancer,"The rearrangement of anaplastic lymphoma kinase (ALK) occurs in 3%-5% of patients with non-small cell lung cancer (NSCLC) and confers sensitivity to ALK-tyrosine kinase inhibitors (TKIs). For the treatment of patients with ALK-rearranged NSCLC, various additional ALK-TKIs have been developed. Ceritinib is a second-generation ALK-TKI and has shown great efficacy in the treatment of patients with both newly diagnosed and crizotinib, a first-generation ALK-TKI, refractory ALK-rearranged NSCLC. However, tumors can also develop ceritinib resistance. This may result from secondary ALK mutations, but other mechanisms responsible for this have not been fully elucidated. In this study, we explored the mechanisms of ceritinib resistance by establishing ceritinib-resistant, echinoderm microtubule-associated protein-like 4 (EML4)-ALK-positive H3122 cells and ceritinib-resistant patient-derived cells. We identified a mechanism of ceritinib resistance induced by bypass signals that is mediated by the overexpression and activation of fibroblast growth factor receptor 3 (FGFR3). FGFR3 knockdown by small hairpin RNA or treatment with FGFR inhibitors was found to resensitize the resistant cells to ceritinib in vitro and in vivo. FGFR ligands from either human serum or fetal bovine serum were able to activate FGFR3 and induce ceritinib resistance. A detailed analysis of ceritinib-resistant patient-derived specimens confirmed that tyrosine-protein kinase Met (cMET) amplification induces ceritinib resistance. Amplified cMET counter-activated EGFR and/or Her3, and induced ceritinib resistance. These results reveal multiple ceritinib resistance mechanisms and suggest that ceritinib resistance might be able to overcome by identifying precise resistance mechanisms.",8.0,Expression profiling by array,Homo sapiens,,FGFR3,HAND,-,Handsichtung
GSE463,Profiling of human bone marrow stromal cell lines HS-5 and HS-27a,"The microarrays were constructed using a set of more than 17,000 sequence-verified clones from Research Genetics (Huntsville, AL). Of the 17,761 features (spots) on the microarray, 186 are control nonexpressed or nonhuman sequences or housekeeping genes. UniGene cluster IDs could be assigned by GenBank to 16,592 of the features as of June 1, 2001 (UniGene Build 133), indicating that they are representatives of nonredundant unique genes. Many have been functionally characterized, and chromosomal location and tissue expression patterns are known for others. Total RNA was isolated from semiconfluent cultures and reverse-transcribed into cDNA in a nucleotide mix containing amino-allyl deoxyuracil triphosphate (dUTP). The cDNA from stromal cells and Universal RNA (Stratagene, La Jolla, CA) was covalently coupled separately with Cy5 and Cy3 monoreactive fluors, respectively. The Universal RNA consists of a mixture of RNA from 10 different human cell lines with a broad expression coverage of over 80% of the sequences on the array, allowing comparison of expression patterns of multiple different samples of different origin. The Cy5- and Cy3-labeled cDNAs were combined for hybridization to the microarray. Fluorescent array images were collected for both Cy3 and Cy5, and image-intensity data were extracted and analyzed to obtain expression ratios to Universal RNA for each stromal cell line. From these the expression in the 2 lines could be compared. Keywords: other",8.0,Expression profiling by array,Homo sapiens,,MPS,HAND,-,Handsichtung
GSE329742,Mechano-Hypoxia Programs a Coordinated Chondrogenic–Osteochondral Transcriptome in Co-Cultures of Human Nasal Chondrocytes and Bone Marrow–Derived Mesenchymal Stromal Cells,"Nasal chondrocyte–bone marrow mesenchymal stromal/stem cell (NC-BMSC) co-culture can enhance cartilage matrix formation, but whether this response remains separated from hypertrophic or osteochondral maturation under combined hypoxic and mechanical stimulation is unclear. Here, human NCs and BMSCs were seeded onto type I collagen scaffolds as monocultures or 1:3 NC:BMSC co-cultures, cultured for 6 weeks under hypoxia in chondrogenic medium, and then subjected to 7 days of intermittent dynamic compression. Construct phenotype was assessed using histology, collagen immunofluorescence, glycosaminoglycan and DNA quantification, unconfined compression testing, RT-qPCR, and endpoint bulk RNA sequencing. Co-culture constructs retained strong Safranin O-positive matrix and collagen II staining, whereas BMSC monocultures showed loss of proteoglycan-rich matrix by the endpoint. Measured glycosaminoglycan content in co-culture significantly exceeded the weighted expected value from the corresponding monocultures, indicating chondro-induction beyond additive cell-source contributions. Co-culture also produced significantly higher equilibrium and peak compressive moduli than donor-matched NC monocultures. RT-qPCR showed increased ACAN and SOX9 expression in co-culture, but also increased COL10A1, indicating that hypertrophic features were not fully suppressed. Endpoint RNA sequencing separated co-culture from NC monoculture and identified overlapping proliferation-, extracellular matrix-, and differentiation-associated programs. Co-culture upregulated proteoglycan- and cartilage-associated genes together with mineralization-, angiogenesis-, and remodeling-associated genes including SPP1, IBSP, DMP1, ALPL, and VEGFA. Mechanotransduction-associated genes and immediate-early transcriptional regulators were also enriched under the applied loading regimen. These findings show that NC-BMSC co-culture under hypoxic dynamic compression enhances cartilage-like matrix formation and mechanical function, but the improved tissue phenotype remains coupled to an osteochondral remodeling transcriptome. Future optimization should focus on uncoupling matrix induction from hypertrophic and mineralization-associated maturation.",7.0,Expression profiling by high throughput sequencing,Homo sapiens,,CCD_CMPD,HAND,-,Handsichtung
