primary_stat_null,sensitivity_stat_null
0.2679829515197558,0.2040676397918167
-0.2354038166025091,-0.24338726520575213
-0.2511280260956118,-0.13541914585229065
-0.3663700016843474,-0.23785645748672224
-0.7893594624116551,-0.7357922837027708
0.09328899952457759,0.19250524894752002
0.26593953628232203,0.3241964651503172
-0.14200749017768136,-0.01664718634337684
-0.6857011117005553,-0.6436515275151266
0.19438484699191888,0.2823682244740457
0.29457280337975733,0.22770306366737358
0.6721892011676622,0.4283513329157287
0.08256434854555356,0.18297222585505427
0.45385870475098633,0.5130116535932168
0.2791072211604795,0.07894512846489958
0.18285555450218177,0.27211996448316816
0.24809584102359397,0.1863902082396728
0.3847083014767376,0.307823506420245
-0.005609276547228981,0.10459567021702526
0.3544194804039115,0.2809001099110662
0.058874277147335785,0.16191438461219393
0.5849919668166415,0.4858534311668261
0.01578575782288033,-0.02010764349429486
-0.019067515087883874,0.09263279151422094
-0.008591696947422643,-0.17678724318656902
-0.114224274866534,-0.013726922537554821
-0.13039101914711132,-0.15004255635650965
0.18515306683928945,0.25238627008984377
0.01695425598996181,0.12465214358341707
-0.06630435470415144,0.05064448963309421
0.6088426340593437,0.628999218729892
0.25762098492906804,0.3168021972807581
0.8962863564738968,0.8845047497650502
-0.02365485228365774,-0.055165963588995365
-0.12256849347428103,-0.02114400574444107
-0.43075234975324966,-0.27330928374388197
-0.37845275387677535,-0.5055526271237715
-0.9205291626680007,-0.9873983238270827
-0.4571169362680179,-0.3185203993388738
0.6239910637213174,0.3855085440745332
0.08285789402794472,0.039512033132429014
-0.288952243869793,-0.42599661822867596
0.3273563781221846,0.2568440189939756
-0.05454836414427353,0.06109425901965235
0.18964478615361202,0.25637890948035275
-0.7866628091090825,-0.6114500640864867
0.19150927286226596,0.27981215858102076
0.2837942102210565,0.08311134096319019
0.04475070503461431,0.12758417070791034
-0.20257012499196764,-0.34921251255949787
-0.12261172162890371,-0.021182430770772347
0.05669714870342263,0.15997915932871556
0.710219730751042,0.7191121935669572
0.03662607928994776,-0.00158291330134606
0.1526110571232901,0.24523596681304222
0.20215181185612885,0.2892721932422322
-0.07028369837996071,-0.2316245777932696
-0.12294890460136654,0.00029377861334746306
-0.037177914504188066,0.07653465869972835
0.4024015135465996,0.1885400550303396
0.5995997746205536,0.36382739820718757
-0.27583615483748847,-0.2793271214146227
0.2398062338231431,0.3009668629643804
0.5180094875101728,0.5482586440195178
0.6779453711897726,0.6904238739569398
-0.33427204351413503,-0.20932493911320008
-0.5263373648914105,-0.3800496692263339
-0.7293593031337935,-0.6824588087891161
0.05132973927719925,0.1334322011457636
0.5195231594029909,0.2926481846804653
0.22744953558122039,0.31175905877564686
-0.38066321924070046,-0.2287856121771716
-0.1733335542211347,-0.06626850418608878
-0.3339666496196468,-0.33099867233209673
0.05425682908227545,-0.12092188671572626
0.14035755798157773,-0.04438790547190198
0.2462940568594117,0.30673381677439693
0.10302715663723294,0.1793854610213491
0.010328020885089502,-0.15996971622433598
-0.6606145953014462,-0.6213524018270294
-0.540108307386322,-0.39229050699958856
0.0017168472185475903,-0.0326133418092573
0.0769605827762192,-0.10074077232110959
-0.33231139480145777,-0.3295273347159287
0.262982881374172,0.34334425503604843
-0.6612050612889492,-0.4781561384422815
0.1986109591111979,0.2861247685800714
0.3107310986247531,0.3640111872324782
-0.22496711233077946,-0.11216500028355078
-0.15173915121130796,-0.3040294247544671
0.023821572463975066,-0.14797544815421548
-0.8906596193282613,-0.6821157455883369
-0.058610262074000274,0.05748368308211744
-0.16051008437399963,-0.31182580978797075
0.08957164479176577,0.16742500604760052
-0.13998601137404507,-0.29358218934356667
-0.39419861324865363,-0.5195489465654409
0.2775527980332896,0.21257417002606893
0.3438273710471639,0.3934300960523988
-0.0032685952159360113,-0.17205559720302535
-0.3969467199167133,-0.5219917080481608
0.31460004944791875,0.3674502546308477
0.27275936893319647,0.07330259315175909
0.6614228619817427,0.4187812536393557
-0.6983568649893381,-0.5111799639537384
-0.04319029051993346,0.07119032446351017
-1.1109155301958076,-0.8996747050524648
-0.5510180920976445,-0.4019880934096531
-0.055734726589497574,0.060039714623897615
0.06195136186698102,0.1646495710296564
-0.2918657094780887,-0.1716304199700479
0.19124952570919546,0.1358601501824297
-0.5814653695824614,-0.6860082855288258
0.34053736101709453,0.4122815702742017
0.49953194501613735,0.553610089384462
0.7391368615621059,0.6228711153850168
-0.35908200195868867,-0.35332342996680066
1.0026002013951596,1.0007818728324818
-0.5408595314591043,-0.3711823341490861
0.28467393867525614,0.21890407281892807
-0.09670655475540813,-0.25511156123811163
0.06083187924831884,0.16365447536862335
0.4571806008576006,0.3722433280921231
0.07976284581156134,-0.0982498718452499
-0.7421977752448848,-0.5501496619586689
0.4568926410164903,0.371987363788914
0.29792313865888487,0.3744022615113487
-0.5918509574329169,-0.6952399191736751
-0.13831667314756024,-0.035142387676244814
-0.05387839359115715,-0.21704208464766633
0.02212139861716416,0.12924515925204139
-0.7893685079178498,-0.7358003241527218
-0.20810173524801087,-0.21911874844619816
-0.1269256784465142,-0.28197300451909485
0.26930524216529106,0.34896413129482096
0.4427730222184032,0.3594365915239477
-0.14251720365956175,-0.03887619257580169
0.5504896940191136,0.4551847442356904
-0.3950168021009927,-0.2633202800792959
-0.17392186747165245,-0.32374739476366216
0.7728842873424356,0.7965899492300603
-0.5293020302375777,-0.3609089997299513
0.4415219718409248,0.2233137957364065
-0.3324821280764728,-0.3296790976270531
0.022058346990589145,0.10741318577988797
-0.4045466794169355,-0.2500153545560472
-0.192963842068724,-0.34067359440550354
0.20910030504718075,0.29544863163427837
0.0073024931651576586,-0.027648323190048348
0.40888337053314067,0.19430170568504282
-0.3572269008484463,-0.3516744512021408
-0.3196274206761285,-0.3182526910489694
0.23053741433406144,0.2927279123074189
0.0013953310844947234,0.11082198811189078
-0.3930812478960081,-0.2615997874526429
0.3750112343829086,0.42114908568417203
-0.47873982937615794,-0.45968594322677336
0.09010160799612625,0.1678960844514765
0.251403415352052,0.33305139634971953
0.21227157633132837,0.019535666394542985
0.13696134769554325,0.23132511398837835
-0.33467056214412355,-0.18790325031354768
-0.08079913843306541,-0.1059608846106911
0.7101674901563978,0.719065757482829
0.6589443978418293,0.4165781744038772
-0.2809638255683379,-0.16193985649471382
-0.13142987499816733,-0.029020789321228868
-0.6642227230467864,-0.4808385044492479
0.13542626815061726,-0.04877127421053354
0.44373829024460937,0.48223980200568367
-0.03633965085582972,0.05550385436084898
0.5295381673561523,0.4365611649797247
-0.48973093205637647,-0.604466563283417
0.34974907659560917,0.3986938343176835
0.37599134571626025,0.44379622334012686
0.39116798856568485,0.3135654504993092
-0.1565127491271763,-0.3082726229019056
0.20067776988774227,0.009230060666910875
0.7371231240792007,0.48607037550376286
-0.5697259459375057,-0.6755732422888651
0.20882814411568118,0.016474837758412172
-0.41633376231873076,-0.4042138836201714
-0.5865180247840052,-0.4117676615489981
0.6057371293250172,0.648014697659022
-0.9154480164269463,-0.7041498763427234
-0.07942016639327248,-0.23974588269399108
0.010738582260718832,-0.15960477277933216
-0.03672143971345021,-0.06678070797103314
0.8876673380307074,0.6198874545717687
0.3225895465981133,0.374552029875465
0.18703546974244986,0.1321143226564336
0.09558535857534671,0.17277052941078358
0.48597831758529314,0.39784129851673883
0.04119765173333778,0.12442590110677562
-0.11893433423727692,-0.27486958744421724
0.04997648995601983,0.010284118401829141
-0.18900650946286643,-0.05842409237465243
-0.45716081081429394,-0.4405045933940054
-0.27453340199063553,-0.1344479968437805
-0.1776966316619592,-0.07014679524459948
0.2372337473536197,0.17673501386636234
-0.39515619727166695,-0.263444186897673
0.29143513047182223,0.08990327007498197
0.15751791809254678,0.24959762100793703
0.29034674291555507,0.36766768751727774
0.10037108964770616,0.1770245125862142
0.30156865752901696,0.23392160068893764
0.0350512174873489,-0.13799354146677206
-0.4157440786453851,-0.40368972035497525
0.11878359791828857,0.07144599214606802
-0.3213359232060984,-0.17605023792419197
0.10637978643629001,0.18236557639828874
0.6192774333365899,0.6600505234470865
-0.22959451893604996,-0.09450232301748225
-0.05920733074701659,0.05695295537276963
-0.7273966039823088,-0.6807141873211296
0.5059728166512206,0.2806034355677806
-0.3630451989283633,-0.49185702272518284
0.20650338171878363,0.2931402553423698
0.11453797188759507,0.1896172967994488
-0.5900730125874039,-0.6936595237554412
-0.6076742621679799,-0.4523491334721734
0.40734951308149114,0.44989422230513415
-0.08867293553727795,0.008985379088450577
-0.4192317260510534,-0.40678985138223595
-0.016622980089398755,-0.04891541052743185
-0.7071665533172127,-0.5190107980229602
-0.3537759444795489,-0.20488581238948134
0.34350740967211624,0.41492161352310997
0.021518237025702214,-0.1500228574326802
-0.11880994805304404,-0.01780307648111931
0.27825142701566946,0.21319517356596215
0.5082196773171851,0.5613325180965045
0.2867459574989748,0.22074586732890022
0.2570911677061383,0.19438605417971222
0.3920986112874093,0.31439267069639754
-0.34303737751933383,-0.339061541576263
-0.09975765542274517,-0.25782365072018903
-0.029328901753232967,-0.19522031412506707
0.1508810306982371,0.09997704350602225
0.11580253916874,-0.06621458886109109
0.16927854328690098,0.26005151006958527
0.018677219094947628,0.1261836663434045
-0.4973206335315323,-0.476202213587106
-0.0911210191578967,0.0285852323408762
0.3777229411402184,0.16660354622466744
0.4118596818885947,0.3319580667863401
-0.36336678086576535,-0.21341100028834037
0.3234192102035146,0.25334431417738
-0.24642365247261777,-0.13123748040962926
-0.09127951046338448,-0.2502875218674239
0.37553157835244877,0.443387541238961
-0.2622726660496968,-0.12354956489627944
-0.28889888946685566,-0.29093844108517136
-0.2815451815839557,-0.14068068981562074
-0.8490488344158977,-0.9238602542696578
0.05267772347265237,-0.12232553614650235
-0.11801460889109541,-0.13904130279560664
0.03895793726451,-0.1345209016648511
-0.005878170156303458,-0.03936446836468045
-0.04089717133351567,-0.20550322041865168
-0.03643004521837662,-0.06652169064207879
-0.12650869554145164,-0.28160235304792813
-0.5659869801140915,-0.3935178440646304
-0.580066976240758,-0.4060333961772228
0.3268118546342969,0.12134924710829281
-0.5277738426603218,-0.35955061077239053
0.6420336858589515,0.658502375885099
-0.18181414333334375,-0.3307627510851655
-0.5659041883799671,-0.39344425141207534
0.8971676580437103,0.7633429344797763
0.3704484624778473,0.1601373429692265
-0.09059455017306078,-0.11466791726846476
-0.19398086863669112,-0.0628457449736077
-0.21676250020559037,-0.08309608414596265
0.6893055445089014,0.7005218057961655
0.8268617806886522,0.7008488212752801
-0.5025060659388463,-0.3370903647977457
-0.12620540782383646,-0.2813327639656035
-0.3299360524908046,-0.18369479728837532
-0.1883094066649048,-0.3365363184909976
-0.20753476819667654,-0.0748936556935948
-0.04927110233021107,-0.21294671463793655
-0.20925442211101689,-0.3551541099986528
-0.013300340629290523,0.09775916881074835
-0.09756026681464838,-0.25587041640188074
-0.09152149948671726,-0.2505026232214976
0.05454890064780341,0.014348483461192298
0.4174500993762565,0.20191657576781244
0.13241175581571507,0.08355991027711379
0.3145612182209886,0.2454705435262458
-0.5675827317822124,-0.41671221757371346
0.22245081646256676,0.28553982531053473
-0.274229956373208,-0.13417826740606723
-0.2662251223139424,-0.27078398139369286
0.4004458880157678,0.44375766669115785
-0.32383852097283483,-0.20005069685426663
0.3006357542258303,0.37681347534863346
-0.18459084857505928,-0.054499060474379434
0.44455257561928796,0.4829636112276203
0.62990756507511,0.6694995294368822
-0.7105877768802705,-0.8007837586824337
-0.19454219837941147,-0.08512063232677924
0.21229135643628516,0.15456399971762053
0.24074834887641677,0.3235802261491549
0.28954560818495023,0.34517964017487557
0.3063734405927263,0.10318176796023004
-0.43548648698526443,-0.2992933333097596
-0.7325006888949037,-0.5633059572294391
-0.23228249930882697,-0.09689163890439516
-0.11701614300351637,-0.01620858310376135
0.4219148456694356,0.46284118460552925
-0.5076408758676272,-0.620386513337862
-0.4539239295867392,-0.3156821711777373
-0.17648311951306186,-0.32602406324491495
-0.15574021345702443,-0.050629979062435236
0.0962558976434656,0.1951424917198649
0.4869199464708438,0.39867830197056153
0.2095859639646313,0.15215920640948374
0.0042065493767928785,-0.16541102423171075
-0.2164560550903015,-0.36155556153579466
-0.5074333025662418,-0.36324605827062834
-0.19501992470408386,-0.20749047240715193
0.3840218020664289,0.4509344067624989
0.487627342441476,0.26429634738134095
-0.10472668482458528,-0.005284620278044845
0.36341584307014235,0.41084207118393534
-0.23060898891645376,-0.11718000169303905
0.7465403827502956,0.7731731451481582
0.8388354727186728,0.7114921030797429
0.1603441514900249,0.10838870643205584
-0.542858569595357,-0.5166803789771726
0.7583115482567531,0.761860475794256
0.19605143135530573,0.14012851075674992
-0.5171054299490444,-0.3718435048331197
-0.2121588554021242,-0.10077988301363502
0.4176932811475699,0.48086461039017997
-0.2726008733935168,-0.15450612122820617
-0.1194807439252562,0.0033765881032233017
0.14743422338244327,-0.038097536226688156
-0.4809917561786885,-0.3179665338998276
-0.43105646009427007,-0.5523114770948777
-0.3011221154404401,-0.30180353083946865
0.1479830998355663,0.09740110496142597
0.337296230941147,0.26567944372194213
-0.10060043763510587,0.020159082583356927
0.330568047324245,0.40341995810278
-0.06914691282660551,-0.09560335073828227
0.30386661343336485,0.35790942261791087
0.3505355736284046,0.3993929427912794
0.3034349442511973,0.37930164426007085
0.27059284847924703,0.07137679719269292
0.47676830205734355,0.5115998125058918
0.3810488078760884,0.3045706232196678
0.13097077881989996,0.22600016387669544
-0.31923376738731124,-0.45291352802202556
0.3064184745343801,0.2382325491381493
0.3061618088136387,0.10299365082326324
-0.19304087734019199,-0.08378612473636189
0.19776230859039706,0.2635944849797173
0.034764676630337554,0.11870770101521987
-0.01084914358606387,0.09993801062694982
-0.07671462149904051,0.04139091914874839
-0.03920892083552736,-0.20400255330932876
0.6354465648971627,0.39569121178639566
0.07269590259321229,0.15242434631555296
-0.7038225997729128,-0.5378143224543361
0.4811530792846278,0.39355219780503625
-0.20276202245411318,-0.09242714261540301
0.31074526860646146,0.10706783730577242
0.5871867648323607,0.609749557194796
-0.013795398720906515,0.09731911717375634
0.4918928598091856,0.2680879183748605
-0.054501946023128224,0.06113551957178151
0.11858037198948901,0.2149864689163302
-0.08199108607792538,0.01492480083009726
0.0826003470642328,0.039283102498018446
-0.0064368729473990305,-0.03986109306787652
0.3612359166094055,0.40890435877439146
0.21109129858417253,0.15349728162685372
-0.017131694158558752,0.09435352122917656
-0.10955373847817407,-0.009575334636790445
0.010072997246454968,0.11853546914474432
0.40509992471477163,0.46967051578324814
-0.9989113859273393,-0.7783395381208505
-0.19106944293103173,-0.08203373859488614
-0.10787251582667673,-0.13002610896056782
-0.5265127409366972,-0.6371615045103688
-0.5210841283260982,-0.49732532007116453
-0.4495622383629637,-0.43375030677060067
-0.048679686132304036,-0.21242101135090802
-0.5710866524922045,-0.6767827592263751
0.6860127539098794,0.44063893535325493
0.5849479777217973,0.6295354517894931
0.4376104067098995,0.476792794419275
0.7783972549887254,0.7797144373337869
0.6193399914101224,0.6383302030416953
-0.3327542685730567,-0.1861998782503771
-0.06830958897578901,0.04886205916941636
-0.626595582466551,-0.7261240303146832
-0.4617624495135433,-0.300873816864143
0.3320631656134785,0.4047489521376541
-0.13406485476572175,-0.009587065977190513
-0.0788706800825777,-0.23925745041781793
-0.2301687683881925,-0.09501276697494229
-0.015782924440668485,-0.04816869439522717
-0.2368475556755947,-0.24467058882627266
0.17902925445473755,0.24694288130357542
-0.37119222632042737,-0.22036695180359547
-0.31988377865509565,-0.45349131581561175
0.37124764838080615,0.16084773043852327
0.39491671267952644,0.4388428441700544
-0.6416498527571318,-0.6044948528987502
-0.20741667772004435,-0.09656461396289735
0.6928548154297247,0.4467207678153397
0.19520853955578688,0.2831003956419283
-0.34553401454516486,-0.3412807744881128
-0.470569866004397,-0.4524237535629858
-0.3433144722643023,-0.21736265355779327
0.3931944228009369,0.4373119198335304
-0.2561099877667883,-0.26179275068511143
0.5647839198062521,0.6116118447534529
-0.4255227966547996,-0.4123819141411215
-0.0977082591209909,-0.2560019651186296
-0.34087462520190187,-0.19341797303157288
0.6296924617159054,0.5255872044106162
-0.030368042234883763,-0.061133243545640745
-0.38264856669185277,-0.23055036546708477
0.27730397072067314,0.0773422391850717
0.012387587555674089,0.12059288275293915
-0.2863528405562177,-0.28867528649793756
0.5060581682924415,0.28067930369331023
0.04445144904168504,0.12731816538086208
-0.0663695893495162,-0.22814536976620772
0.2564761664630664,0.19383938640809273
0.0606441311660362,-0.11524428486349453
-0.23727483803128827,-0.10132927332436077
0.13719972835633104,-0.04719486513878795
0.31673009068363056,0.36934362461814707
0.3157822342874831,0.36850108559934924
0.10556388982051826,0.18164033496204718
-0.6757262998800643,-0.4910639060788283
0.6446599248978911,0.5388916161279369
-0.1274155485146472,-0.14739769357209714
0.05432691979831805,-0.12085958385702172
-0.5120187424338336,-0.4892671992780407
0.5820290626069136,0.6269408605762631
-0.3550866126335942,-0.22782677833049725
-0.33962912112038185,-0.21408678587430843
-0.5448831750689705,-0.6534907792946116
0.10896433109165549,0.18466294942528025
-0.47322180833202,-0.33283584117354237
-0.6004888294440307,-0.44596208216199634
0.5169823669744235,0.29038970252173857
0.24649990445213155,0.30691679241237
-0.22190672511026494,-0.1094446560875379
0.1409557117097569,0.213099732196926
-0.41549977232054053,-0.4034725591773356
0.054698263112751166,0.014481250096701438
-0.6803378368742196,-0.5169389776554976
0.6491904690029974,0.6648639609020286
-0.018656581643165297,-0.050723056353002095
0.28813219410477797,0.08696732663760931
0.028503853621680134,0.13491845258938895
-0.42829544163856237,-0.27112536541971555
0.11471431256033554,0.18977404406410703
0.21901030865845766,0.2824815961513265
0.42895234022070183,0.46909673531776597
0.05725041754706084,0.16047095385639398
-0.02632543490183753,0.08618130723515101
0.2578651704933995,0.3170192511157194
-0.2839518686285319,-0.4215518402364438
0.5936203297487074,0.35851233609887984
0.3425847770108649,0.3923255680201331
0.3706266857462267,0.41725170911823245
0.6095984094803852,0.6296710191041511
-0.22949911722101834,-0.11619344907487426
0.040128622616761894,0.12347565300315261
-0.0851002731708283,0.03393700655160368
0.3324594006834036,0.38332523350683423
-0.11758374341968117,-0.27366906227302107
-0.547569115767617,-0.5208675311302924
-0.11524698909299089,0.007139925731903585
0.038448454733226244,-0.13497377502599217
-0.6232600623588396,-0.4662031780862708
-0.4933409374822159,-0.4726647059877137
0.03551956601070791,0.14115464137963585
-0.29320134995978936,-0.4297736014197839
0.4322864656464479,0.35011520790443185
0.2295494268544785,0.034893755748454255
-0.6005798642022493,-0.44604300194707946
0.2712886382482017,0.07199527698731928
-0.3183927960372963,-0.45216599793312334
-0.2381024122276573,-0.12384082241410886
0.05143208573617281,0.01157798131752066
-0.52596886198309,-0.6366780565516067
0.2925925054229547,0.22594279881688234
0.0681165760527237,0.17012976141698322
0.20223801127587965,0.2675728873668129
0.23068656898697582,0.29286049422112054
0.27562140878681596,0.21085737958475903
0.2041429234381495,0.14732094816372213
-0.10476694135487238,-0.12726559831896395
-0.2368750452578894,-0.2446950240105346
-0.2203328398269574,-0.22999084140526171
-0.3199641788942885,-0.4535627826948942
-0.3088492689585559,-0.3086721117444604
0.4595776837868234,0.3743740684736545
-0.036282432697838485,-0.20140123052027198
0.13472132013182117,-0.04939789467168561
0.3903285978304837,0.4347645198597942
0.2809088305679117,0.21555731005684411
-0.45049018585895384,-0.4345751489892586
-0.5612333843305567,-0.6680242986382438
-0.24810592310567595,-0.1327328320834587
0.5018929691410111,0.41198765545515464
-0.2757931793686116,-0.41429967200540363
0.7307125313175464,0.7591039438746034
0.8929681031010022,0.9033311187932307
0.5749169812631879,0.3418871374450847
0.13000933448837612,0.08142442465281248
0.056090002566286316,-0.11929239917438325
0.32149319342505567,0.11662154825563392
0.07431825305665132,0.031921241157946
-0.6370389290032997,-0.6003962540064549
0.7012325255019103,0.7328994942607047
0.25324785881144646,0.05595902859909242
0.485730775921988,0.2626105104751293
-0.09020823495834385,0.02939659607381207
0.629333772799896,0.5252683698186078
0.24647830109802943,0.30689758943094597
0.7360362094773295,0.7420601746569906
-0.09742797623731989,0.0012031206884132789
0.7028278804887396,0.5905964655420245
-0.44882816180734775,-0.5681085452842802
0.10882545396233306,0.20631543066996938
0.001530681298686512,0.08916637183153009
0.45214003701325495,0.23275207588958885
0.13539084669396817,0.08620799105778319
-0.27243652545492303,-0.4113159796376804
0.045095283484593435,0.1278904626634473
0.09608679037176746,-0.08373969890284447
0.12262916985054045,0.1968094727665114
0.004803021984881632,0.11385104669001248
0.442782383954453,0.48139010752554484
0.5259513214194481,0.4333728574804321
-0.07184418954565785,0.045720191996199616
-0.6393919173369289,-0.4587666771515969
0.5998824433759518,0.3640786593230971
-0.6940267713133186,-0.786062864845143
-0.3971762520716079,-0.3871849856227289
-0.1188648280896355,-0.27480780420186934
-0.7212052338473822,-0.6752107472011948
-0.16563107797025434,-0.18136705308819237
-0.6944802168874672,-0.6514551765701593
0.58310046110892,0.3491613417524022
0.47502118689628225,0.3881016267931734
0.24497007867317977,0.04860100180952201
-0.3183540029302902,-0.19517556970533814
0.2781089833921664,0.2130685570117372
-0.2710417305402374,-0.2750654109281773
0.33850192788116196,0.4104722963755949
-0.6562229171159055,-0.4737275658440205
-0.15780983123558828,-0.030693711728182985
0.47453679870746923,0.5096162539726703
-0.147144900829218,-0.042989701171051733
-0.1890328823795513,-0.20216865700756742
0.11256165807215515,0.18786057340794665
-0.2527609269112897,-0.258815807702446
-0.08481066445716759,0.034194436519302096
0.31072127254198617,0.24205725847824366
-0.42804348094646355,-0.27090140036007215
-0.06892509135494881,0.04831494594349654
0.4506115693075881,0.3664041889365565
0.10984443318265458,-0.07151068307094481
-0.6111890888631544,-0.455473423867884
-0.48266079582540655,-0.34122605227877484
-0.20050696839714605,-0.34737859558632317
-0.660102675922084,-0.47717624033840145
0.039785029378750524,-0.13378570867441508
-0.10494508679069636,-0.12742394981747418
0.13455524998773183,0.2291863604703238
-0.1624054874123352,-0.31351061248871354
-0.29479799944063495,-0.2961820943951973
0.007832988707351635,-0.02717677159698706
0.25502703112207525,0.3362723881452957
0.804305379829527,0.6807986871782798
0.41655995980116656,0.4798572136378214
-0.09258510329653141,0.027283824217645317
0.1884356033419694,0.25530408031444823
-0.09741108774187704,0.001218132684362457
0.09142947047864901,-0.08787953880783866
-0.18094882728806627,-0.07303763580113906
0.004845931935775698,0.09211326128672044
-0.41660536510999396,-0.5394660593310768
0.0813898515872443,-0.09680364448908728
-0.8122847021373333,-0.8911810255776006
-0.36149471396733784,-0.3554680628633777
-0.2303311238709544,-0.09515708295961953
-0.3725829017526361,-0.2216031077433366
0.32874463733504355,0.3800232216416253
0.04914236049473247,-0.12546808101576448
0.8569116472197782,0.5925490627398317
0.4174191366507771,0.20188905334516408
-0.43988764927707596,-0.2814295499872832
-0.02561677105007911,0.08681123065893627
-0.24831582029901644,-0.1111434797845636
0.1564669421973504,0.24866342021220694
-0.7375093987711868,-0.5677581437861352
-0.5730619900023677,-0.39980674174309794
-0.2308594445431683,-0.09562670133492077
-0.20423646332289405,-0.07196182913912146
0.7300614024090077,0.7367492350407043
-0.017840509806679394,-0.185008410172575
0.3593478554241356,0.1502701366992606
-0.6811448583877056,-0.49588040253006505
-0.02969440808746391,0.0614107368216186
-0.2838160759145069,-0.28642038459419467
-0.3065274594467944,-0.16288715902703282
-0.2808700828638768,-0.2838017241047457
-0.16913619791932458,-0.3194934662727041
-0.4592531358366631,-0.2986433158180273
-0.3544248949803283,-0.22723858486092757
-0.0671822998366976,-0.09385702808058635
-0.32729973517211175,-0.32507252615651006
0.4105720079648336,0.45275866220143857
-0.19950306244608107,-0.2114754837333717
-0.06697457202372165,-0.09367238113571887
-0.10306964527277473,0.017964231349873475
0.39328972920793615,0.18044069117374992
-0.5973856591107365,-0.44320370853240143
-0.5043536267264829,-0.6174645141012891
0.0697372982980468,-0.10716146963504063
0.46164605458118635,0.5199337423311722
-0.6746357136474636,-0.768826369142161
-0.011117404192068803,-0.0440215652853608
-0.07809675522260406,0.040162355838914116
0.37870718463448244,0.4462103023785466
-0.3178754953889323,-0.172974302086711
0.1408848941091106,0.23481271080043825
0.015145432754508886,0.10126837312559439
0.24971308413339416,0.1878277576706063
0.5191884769211058,0.5493066346070139
-0.14896558035606142,-0.044608082972690304
0.17036448354493716,0.26101679029895075
0.0014008587274550177,0.11082690157229996
-0.36640016573057116,-0.21610734239038998
0.512005921032845,0.56469806806598
-0.2655728912947072,-0.4052149714952663
-0.04894356063226735,-0.07764481545442616
-0.20706128622097886,-0.0962487104081725
0.40241705239775555,0.4672857403903449
-0.32694645747386675,-0.32475850153584784
0.17797082027502553,0.24600205092160918
0.5685676861303786,0.33624331954925424
-0.11802579224100543,-0.017106049092640536
-0.5453891824960244,-0.6539405636742149
-0.13928500695373963,-0.03600312883729317
-0.21758010044394874,-0.08382283991339226
-0.38784573224838187,-0.37889119022430573
0.34609485683103414,0.13848969350539256
0.04807170760705772,-0.12641977247147534
0.8408228236370046,0.5782478862218107
0.7545184758465427,0.501532910408067
0.19372011671440983,0.003045480068393225
-0.3581703769930255,-0.4875238476715493
-0.26385986658086785,-0.14673633739474046
-0.1351730184181981,-0.032348027916811795
-0.08110251823485587,-0.24124130655317633
0.1881600278948799,0.13311392990303805
0.20984974283431987,0.017382925508313204
-0.4868350885619486,-0.46688172916969845
-0.11877268329974766,0.004005975325897538
0.09879689579583642,0.19740115674419453
-0.036115074050851466,-0.06624171627094537
0.09321570637962193,0.1924400994853372
0.2597426938409118,0.06173221529195051
0.2815165715583077,0.2160975242705295
-0.005320237706843256,-0.03886852840960472
-0.45781432186410415,-0.29736437006464156
0.37470839872764306,0.1639239529690449
-0.05957683604765357,0.034848578634783314
0.14038433690597193,0.09064664902400876
0.19393390124209214,0.28196738380753295
-0.4979486080089083,-0.3330392910822452
-0.27012631479195665,-0.15230651358237496
0.009327012493552778,-0.1608595014612575
0.02361948747919801,0.13057679379607146
-0.22406378223883266,-0.36831798566782237
-0.28821819228052603,-0.1683881824611033
0.48528693498399433,0.2622159851969127
0.19844820446562234,0.28598009778400424
-0.5424614168233999,-0.3943821598325467
0.22247624966066146,0.16361723813928833
0.11983430852067184,0.21610107916627053
-0.5443399513563719,-0.5179971627647413
-0.051235073570983974,0.06403940619590973
-0.11701271151318332,-0.273161478356134
-0.31601665914611543,-0.45005387625207366
-0.17080802695518527,-0.1859687855192421
0.7449550167494097,0.7717639309251485
-0.11257137943985895,-0.012257682158288109
0.028869291107202377,-0.00847783613045309
-0.030589854420711972,-0.19634116094060394
0.5521980101997592,0.3216924964998148
-0.10921543547840723,-0.1312198153176616
-0.5227533646404159,-0.35508796364358536
-0.5688334151328263,-0.4178239361075924
-0.30085630620791726,-0.43657800697367527
0.1534844604863753,-0.032719547689859754
-0.5086189428796651,-0.6212559062374514
0.22889592155276814,0.1693236131544943
-0.5537467462278647,-0.4044135637476265
-0.29703805506696823,-0.17622806049349635
0.37869106645594136,0.44619597510873227
0.6672710075606755,0.6809355507310758
0.13707807934140878,0.20965294786950542
-0.2224784191946941,-0.23189802306547205
0.4150203769773466,0.19975682252433702
-0.1519650092401603,-0.02549831439891367
0.6374259023347894,0.39745062284206384
0.12135130522296175,-0.06128235236844954
0.14562902481200074,0.21725378828780936
-0.6005338160902761,-0.4460020702919923
0.316553059993785,0.3909621915868155
-0.0018267022536737343,0.10795795847796327
-0.3942500241015584,-0.2626386996353544
-0.4157585058856507,-0.2599814225282384
0.3659680624614942,0.41311071064291466
0.6048681607079148,0.36851040806261987
-0.2299957331224325,-0.11663488543168682
0.13469722829787986,0.20753663583081305
-0.09679472883842799,0.02354193484707063
-1.118463233338195,-0.9063837745123645
-0.9565966985860507,-0.7625024102882363
-0.3501651648862957,-0.22345215811067629
-0.3674963152158076,-0.21708169748837786
-0.1382968486123604,-0.29208071133318037
-0.11590342304801612,-0.015219498698872243
-0.30142289928865584,-0.15834977221979862
0.08620310781416307,0.04248555649795646
0.25235085759804937,0.3338935672350505
0.4565722851986508,0.5154237251022518
0.11597408048148233,0.19089383777179306
-0.19205900745823976,-0.2048585459664016
0.11358877122206906,0.21054949045640128
0.13768687850167882,0.2319700302604989
-0.25650759927452665,-0.11842506109612821
0.6508693964437411,0.5444111463909146
-0.2722459528653598,-0.2761358307727306
0.12684292638632913,0.20055503413165685
0.06648333523186328,0.1686779917984406
-0.22202724260172624,-0.23149697720505624
-0.29084384226380233,-0.29266728801579056
0.4051109790122611,0.32595921978515463
-0.3299513878013577,-0.2054843562573981
0.18188701617814398,0.24948311394660339
-0.23896392229785357,-0.10283068156130769
-0.5120206523451105,-0.3673237025185118
-0.06346640195572223,-0.09055400774194161
0.23683749984017055,0.3201039158947137
-0.43040996413236554,-0.5517368140176294
0.36098050393369496,0.4086773252848709
-0.08526569628762215,-0.10993115825918598
-0.3571459321084648,-0.4866132299963842
0.09737645867395245,0.19613854596918656
-0.34195847017737185,-0.19438139078754618
0.2644789767639833,0.20095299556446333
-0.2317065165289105,-0.24010077625144227
-0.4438634671506216,-0.2849636103193237
0.5198126222236071,0.571637358013324
0.552441285129635,0.3219087408819266
-0.15978045967554347,-0.05422130903445213
-0.7611092047944535,-0.5669598215582855
-0.6378875053712281,-0.4574294220709739
-0.08194771406780152,-0.2419925917380169
0.3772377276483693,0.42312819080902586
0.09588471306501276,0.17303662229048675
0.07965295756266252,0.18038432275915106
-0.2665996896765408,-0.12739580812014079
0.014437819423805481,-0.02130581096013922
-0.4255208062615397,-0.4123801449026682
-0.6643391894521161,-0.6246631521831806
0.751910586019696,0.777946659165403
-0.10493648125795133,-0.1274163004550341
-0.4893506286358061,-0.3471725703324633
0.09249895365071661,-0.0869288870993341
-0.3085462704582116,-0.18645758528571266
-0.14170562729713032,-0.1600999858231932
0.6003323846670141,0.6432104801852413
0.35094017574969105,0.39975258912131184
0.2156069176473785,0.02250041423103201
0.5737064751527382,0.597767077479576
-0.14844787191742073,-0.02237197011203408
0.09534841103084254,-0.08439603609477772
-0.0022558522256567112,-0.03614463020410559
0.4085900748111963,0.47277287142451446
0.025787799105252224,-0.011216940132186536
0.6759637869481154,0.43170652027613143
0.00029132706387451773,-0.033880470835633385
0.3880368472672336,0.4327274082480164
1.0532714070312101,0.7670910714611046
-0.303800536241391,-0.1604632272888965
0.14731760462009302,-0.03820119734877733
0.1203724161168776,0.21657939702956447
-0.0016597842647634586,-0.1706255430242053
-0.38856811982680245,-0.3795333125162351
0.42014339131509704,0.3393213640543421
0.5019588118920518,0.2770354313374083
-0.5002104691288514,-0.613781707347839
-0.49102061196555546,-0.4706021944173489
-0.13835303766630602,-0.03517471169290773
-0.0018095844656230917,0.08619724670769931
0.06452144820073087,0.023212970174905607
-0.4674240163684491,-0.3276822483170349
-0.11454240062072432,-0.27096564645172605
-0.18370235674847668,-0.33244116300972815
0.07732234011340927,-0.10041921024360728
-0.10942648162849661,0.012313710144787394
-0.6991721407082978,-0.5119046534817026
0.149413916566725,-0.03633780895177111
0.021878816783749283,0.10725360337380811
0.23228785144113828,0.17233866194415662
0.030649491527767914,0.13682568628368919
0.0612964280699447,0.020346285614206778
-0.10122598557146983,0.019603039973255607
0.2854633371563326,0.36332688239796895
-0.3000717043339264,-0.17892463761968136
0.6645272051676692,0.5565514208121841
0.38033645776632574,0.303937423122101
0.6390174892535159,0.655821312235823
0.4965007758641328,0.5291397892230381
-0.5805966481162423,-0.4065042156220977
-0.6127487872053585,-0.43508389481242327
0.2938524956906084,0.22706279016590786
0.41238133569555635,0.3324217590591949
0.28330299160535105,0.08267470219367423
0.2244674290961335,0.1653871754152635
0.33845002424957626,0.2667050377738793
0.048417921323578195,0.15261984610218723
0.16646034631605752,0.23577051851363764
0.017038880452489746,-0.1540045077199802
0.2535048852306784,0.3131434419933006
-0.5312554302015664,-0.5063664772938031
-0.535738187695471,-0.3884059561632765
-0.19089633227613861,-0.0818798624572034
-0.20091589905657076,-0.0690102164579452
-0.5201325040032503,-0.3527583097438826
0.03281050077961428,0.13874658339644153
-0.16214505415594582,-0.31327911626081184
0.13417010712945712,0.2288440112629685
0.08435611857502456,-0.09416696272217148
-0.05659592846088374,0.03749827426746761
-0.06379322861037906,-0.09084452032385879
0.4866713338594545,0.39845731298265985
0.3255837104635432,0.1202575634009562
-0.1855776691923088,-0.19909735639668524
0.43056114939804147,0.34858159346140394
0.2899065433022905,0.22355527693184746
-0.5926454092845437,-0.6959460985973434
0.11744985218077575,0.19220563483783165
-0.027230167321971255,0.06360117305761209
0.31838816489234756,0.24887227390078712
-0.10125298753655418,-0.12414208381379223
0.042089644491039864,0.0032735890996247064
-0.7075578773499254,-0.5193586416075937
0.2859898112100898,0.08506298628677543
-0.27852867392803643,-0.281720471717332
-0.5913734979464229,-0.41608363769336937
0.381920858489072,0.3053457793200977
0.3354166575402572,0.2640087118100401
-0.029848167025187167,0.08304998979217354
-0.229845429502506,-0.3734572276799764
0.7289687182870426,0.6138327658071827
0.05347584962411303,0.013394660329023096
0.08255541578866965,-0.0957675874211536
-0.11159972803351328,0.010381935562550342
0.061687297544143024,0.020693725146827522
-0.09702026273632683,0.023341460271160533
-0.43243731684584846,-0.4185281543109427
0.2617716899175415,0.32049171282606786
0.5318797052685895,0.560587726471444
0.042855341752421616,0.003954208887519566
-0.14256878790520988,-0.017146117656735523
0.37409452719279473,0.2983890403900735
-0.2881973879879539,-0.16836968975659478
0.08161149022907002,0.1821252406848466
0.6304599404515115,0.6699905297714612
0.07836492761085267,0.17923940724643117
-0.40249526231410265,-0.526923745734729
0.11147545078316351,0.06494986135929016
0.2123435858978372,0.1546104259056668
0.7014348983179749,0.454347508160451
-0.14904981222345556,-0.04468295574370735
0.07806434385026403,0.1789722216814635
0.9193422590473603,0.7830536909274651
-0.6529470709005003,-0.4708157025414381
-0.45337593304841417,-0.43714025760211217
-0.14949944872993548,-0.16702782709679784
-0.44852027146158996,-0.5678348649769399
0.0006016856679708082,0.08834059793756056
0.14022715403437475,0.23422805295622862
0.779777645405139,0.7809414510372656
-0.09808914012897693,0.0006154194513847936
-0.5985841620817239,-0.4442690445066126
-0.03755180686635631,-0.06751881210694968
0.07551076969118095,-0.10202949506336581
-0.3849805771077602,-0.25439919119642257
-0.01204504692754426,0.0988749854345228
0.07015266306242735,0.17193961653671977
-0.1629384174860021,-0.3139843281097508
0.6552545791840074,0.6702542810629264
-0.6269124277368315,-0.5913949195473721
0.01990547300914397,-0.1514564254473987
-0.3116375015169095,-0.44616129169277957
-0.28434717625039824,-0.2868924737816536
-0.06816287168044322,0.048992474543057045
0.5851924223530606,0.6297527359061715
0.16846107470705582,0.11560374929163889
0.17541155127191707,0.24372714514106836
0.923842281660514,0.9307748330683521
-0.13047493022173443,-0.006396021938090678
0.3556501353773323,0.42571514748330197
0.2022034814693548,0.26754219420545744
0.09122556362772988,0.04694996166557138
-0.5940731631214848,-0.4184833400712022
-0.0619543410155614,-0.08920995357290977
-0.10693898926833298,-0.2642070585829337
-0.07191874562932177,0.02387799233996714
0.04242766569112344,-0.1314366986189725
0.7427666402456391,0.4910868343183748
-0.8661674497744162,-0.8040660502474474
-0.016260691480238926,-0.18360412721573904
-0.3776934797876389,-0.22614584377445024
-0.059058032765304136,0.05708566468984736
0.48240850105488275,0.5383892503077913
0.7443559197160238,0.7494554726469409
0.3663978244709386,0.435268648899841
0.5971820159627705,0.3616782794002693
-0.15373048494361272,-0.048843553717180375
0.02447053486241868,-0.012387841681371907
0.7351996644150763,0.6193713845876572
-0.16695791261858298,-0.31755721267204484
0.23181580451080008,0.2938642591311866
-0.24474278238401895,-0.38669931913021016
0.12494137661355417,0.07691957320852633
-0.24242686612033046,-0.12768478142981834
-0.2661101653129373,-0.2706817973927994
-0.0965964548969776,0.023718178350582084
0.5338148751604661,0.5623078774864454
-0.21433035312450338,-0.2246552976697471
0.17763934429680656,0.26748333318950135
0.2797000602760651,0.21448284757520267
-0.18822719631370521,-0.20145249161570422
0.43075308901426984,0.21374145544604653
0.5944634627984919,0.6162177331646905
0.08093347438322332,0.18152255993298289
-0.09929866786216665,-0.25741566177745256
-0.11693888986052375,-0.27309585910932554
0.3597610747491242,0.15063744276591706
0.16695370017769126,0.1142638608210926
0.019439847802677213,0.10508563094618845
-0.5852867817684619,-0.6894050963608263
-0.54176278479513,-0.5157063480436374
-0.6694397479964843,-0.6291969820003966
-0.32477155023558557,-0.32282525065737566
-0.39860672513334644,-0.2665113227747214
-0.23062724273661234,-0.11719622731095782
-0.19457408790040545,-0.06337305098579825
0.09465722255090059,0.1719455196112759
0.02784772302960057,0.1343352253964293
0.6869954560345485,0.6984683938189629
-0.3632248882831888,-0.35700599558857854
0.012856105902697819,0.09923341592398456
0.5266976714287422,0.5777574017512219
-0.4810126005430379,-0.3179850622236938
0.8212955368361791,0.5608902979544104
0.3228940336376507,0.2528774905632788
-0.4953611025702414,-0.33073928624787463
-0.008010909483904378,0.08068495780256041
0.15258131979636622,0.10148841159324815
-0.23793525273113317,-0.3806481816609784
-0.7711932338582035,-0.7196445249885917
0.11096281729893545,0.18643938160952914
0.45052751906088595,0.23131872659859423
0.2387453955739876,0.30002389563179777
0.0027457779928160495,0.11202238536373198
-0.12259207713446751,0.0006109585839243851
-0.10154360586202527,-0.0024552167557692567
-0.3437840481839397,-0.4747359998412508
0.023122691932044998,-0.013585924286148514
0.08072451775016348,0.03761569866329016
0.3385941649591103,0.38877835730746235
-0.09687611395475876,0.02346959252144326
0.38647840848659665,0.30939693487345293
-0.24246767914656012,-0.12772105967535585
0.23648266268817286,0.17606738305263184
0.19642588858003698,0.2841824836634839
-0.2328045950708597,-0.11913165160806656
-0.35937685144500486,-0.48859626940664214
-0.629928845656082,-0.5940761799200392
-0.28124785500124005,-0.41914827256774007
0.05548268565201786,0.13712370903449128
-0.2543400050735056,-0.11649831069522062
0.24591822564457205,0.32817567216529286
-0.4563794784834029,-0.4398100757665466
-0.04662676643541356,-0.07558544283500056
-0.4751164767810116,-0.33451999090597934
0.38908173995446116,0.31171100728933254
0.5508369224998565,0.57743858623257
-0.03388262038902634,-0.19926806402355007
0.21265691471913517,0.1548889404134872
0.365262856077001,0.1555279150573631
-0.0858465638057409,0.011497709516483458
0.239795532048576,0.3227332778577408
-0.3198208326935224,-0.4534353638497688
0.38726904077241275,0.43204491358595337
-0.5984960615333392,-0.4441907329080484
-0.28537138225623704,-0.16585768466173528
0.4094138364607405,0.4735051040018871
0.3857309448921163,0.17372177178191006
-0.5417012126174388,-0.3937064227605813
0.04180716518040593,0.14674361841936742
0.43988016669887764,0.35686516439548055
0.4995832637885891,0.5536557060710857
-0.07223773181552018,0.023594449063346352
-0.24223241987666055,-0.38446788579033603
0.0017439125495111174,-0.16760003474485008
0.12143904046192516,0.07380638551818944
0.7294277796526247,0.6142408203543668
-0.6024897907097698,-0.44774071439820884
-0.6841552750707225,-0.7772882015183912
0.21069338351437022,0.15314357934258502
0.4905198255769181,0.5455993165496005
-0.8259882441463505,-0.6246300787599717
0.3037998246003973,0.10089410930038205
-0.22165446530409974,-0.2311656196071661
0.7138831837649938,0.6004234017875838
-0.6798132365258948,-0.6384178606932062
0.13876784800363867,0.08920976999971256
-0.17338580666981376,-0.32327089627313893
0.030026829062855198,0.11449628095523555
-0.34687065562340574,-0.3424688998909936
-0.39125852907954056,-0.2599795929491162
0.16727831617848143,-0.020458342630209823
-0.6136267588454775,-0.4358643140480845
0.27030074522663144,0.07111714985703463
0.022189874732967026,-0.14942584613733376
0.2057899545468616,0.27073017027435237
0.8691491139688736,0.8821586840091165
-0.3189142659260443,-0.45262952672312157
0.1279769753708726,0.20156307767347326
-0.38518759425457905,-0.376528400896481
0.8935907766697258,0.8821086788280094
0.023107323265810054,-0.013599585322801774
-0.5500903383342368,-0.5231086178561769
-0.5095149174444306,-0.3433204550249317
0.44472661692253374,0.5048942421901477
-0.15907986824018933,-0.31055450655791716
0.5745940991562075,0.34160013112776894
0.03793544190736198,0.14330208662110613
0.5799384311201348,0.3463506484290376
-0.12109779692177444,-0.14178191437843243
0.742129465424053,0.4905204566991871
0.1690237102063173,-0.018906881272133507
0.44534256791513915,0.2267098811357082
0.00446725470552755,0.1135525868861422
-0.039852312896662245,-0.06956370635611053
-0.8118523492038792,-0.6338407663929728
-0.08515229693644977,0.03389076320438458
0.2580298671936241,0.3389415757644502
0.7209366319363726,0.4716823824879156
-0.16062840958965321,-0.054975042291438576
-0.28473427773165466,-0.16529136952877316
0.06500954108716145,-0.11136392048916094
0.17830312652046942,0.124352239792451
-0.26944349165749837,-0.1516995596850787
0.6416751244839478,0.6581836546628734
-0.6647099298036067,-0.4812715771219772
0.04856865239348185,0.15275382927543493
-0.08318994829417248,0.013859145526766505
-0.22830102240641206,-0.11512847590633535
0.2430641554567355,0.1819175988469097
-0.11638544652534435,-0.015647964012052866
-0.2009448287324466,-0.2127570537656966
-0.7917198724420444,-0.5941693039116996
-0.8121511615624282,-0.8910623228443517
-0.3981997555281314,-0.2661495720145303
0.07664645052407373,-0.10102000098968333
0.08383715800900107,0.040382490004479105
-0.10467980380149403,-0.127188142715961
-0.1788547018582788,-0.32813213644066336
0.0785965467161025,-0.0992865821523244
0.13642639357929515,0.08712847717807387
-0.4063286116020906,-0.39532041631649123
-0.48707011600666167,-0.3451454479954461
-0.06404029208422843,-0.09106413230061376
-0.3903261692322049,-0.38109602309881513
0.3891122541294457,0.17672737999286958
1.0058583278954227,0.8599568632368538
0.03439128129678817,-0.13858015141393717
0.5747309049554585,0.6204536093305254
-0.39684133639778923,-0.521898033809117
-0.20051969414799475,-0.21237915635729496
-0.2618741995681431,-0.26691649450853794
-0.29258577356021537,-0.17227047693193828
-0.014713976514805938,0.07472667599731458
0.13581935413287427,0.20853408101747473
0.45036059490876845,0.5099022226223565
0.16250667900398783,0.110310953111134
0.3590931122480988,0.4069996437865633
-0.5112348265512171,-0.3666251907017176
0.07664465080764973,0.1777102723102508
-0.32277026793406,-0.17732521101571339
-0.11095801096103936,-0.0108235768437818
0.37948033208049403,0.16816567150491252
0.3971162835703077,0.46257394587705786
0.17653214399019285,0.26649915513917805
-0.1960932497488746,-0.06472341707332638
-0.13768653084041668,-0.15652745563944778
-0.6280937491692701,-0.44872386100256684
0.21146123576451273,0.2757713091344867
0.07696609838861851,0.034274881453027956
0.7515720387234864,0.7776457282354391
0.48469437296208207,0.2616892633996575
-0.316828100647764,-0.17204328453900583
0.15107026038497978,0.2220904421304574
0.2317129711373333,0.29377285168810496
-0.09310078466202279,-0.11689568125865318
0.5660895622318051,0.4690512937580827
-0.24631127532059388,-0.3880935350738323
0.2564533477315524,0.3375402251314977
-0.17270847741211584,-0.043936952773985266
0.052253091424543256,0.012307764151627716
-0.024322692951992048,-0.05575959973862586
-0.3359995173893198,-0.21086047144669778
0.21685038967977077,0.15861647371182996
-0.07798262548671761,0.018487876911170882
-0.5263430169220417,-0.3582787656716971
0.34351828516480365,0.3931553530458564
0.14962734998396077,0.2208078551073294
-0.09077362029079078,0.0071181037519947
0.08026680842643627,0.037208845931088176
0.40279552445297206,0.4458462324131172
-0.40094221791017276,-0.3905325108125643
-0.024886657222943448,0.08746022072750131
0.3299815467784107,0.40289862428426054
-0.6943858031148491,-0.5294260587582794
-0.6448617308806274,-0.742360606682751
-0.46121688635635266,-0.30038887183552915
0.16794969002573001,0.11514918513046041
-0.6467126164803776,-0.7440058383269734
0.7998911220996158,0.5418641515219096
0.19045902278264393,0.27887860295469014
-0.040432645954730125,-0.20509030897084235
0.20265915451959787,0.14600204245834292
-0.7449806654217688,-0.6963444641562051
0.13202015210003654,0.22693294012570575
0.28948020065576735,0.22317630569049354
-0.23490434707025754,-0.09922217024788899
-0.4529862039890335,-0.29307270973124544
0.1096077883402998,-0.07172103404192683
0.23133381774445025,0.17149063199154504
-0.14543239258737015,-0.04146747162274251
-0.6390290852705572,-0.7371760328071333
-0.7290689808658158,-0.8172114955584739
-0.02007492513331452,-0.18699455712958402
-0.2397302653195629,-0.10351187535838267
0.19830890418209793,0.0071244022618937525
0.26643626530688447,0.20269280760259767
-0.502885995473827,-0.4811492019802569
-0.2524950727531815,-0.11485837085493247
-0.11785402794868124,0.004822557860178822
0.8177196980165099,0.8146677200251509
0.48937552870437473,0.26585029072613975
-0.05629482713676551,-0.21919002557709588
0.8198847478433147,0.6946470143016468
-0.6110654427308386,-0.577308710653156
0.5299394956662054,0.30190715024776704
-0.09829660057058798,-0.2565249352960493
0.2238130152589523,0.2867506686850997
-0.13457790967573907,-0.03181904236795931
-0.49499733400038737,-0.33041593640800443
-0.0698230075873198,0.04751679818138901
-0.13813399165102538,-0.034980004123769434
0.14255851336882822,0.09257925032432548
-0.5562834335659317,-0.528613591395461
0.19279341996351337,0.25917769508915395
-0.01454681331293433,-0.18208067995591276
0.7257539880126782,0.47596447677796505
0.12819504753579147,0.2017569195978456
-0.2271779941754024,-0.23607542304832396
-0.26535702447369536,-0.4050230898765892
0.9806506533044479,0.8375500413782095
0.07386364960314626,-0.10349360180828554
0.3704126174399008,0.16010548071327405
0.5252194668440043,0.4327223200800376
0.21616819418483352,0.2799552721747719
-0.09471241279505893,-0.11832823959912979
0.3427907956619634,0.414284623291863
-0.7938954483271151,-0.7398242711831798
-0.12027552054862983,0.00267011999355783
-0.4785634477745238,-0.5945399105884366
-0.09814565052791016,0.022341115567530902
-0.5181577722645144,-0.37277892022464854
0.10022879809693168,0.176898031207748
-0.2848216110937135,-0.4223249446499387
-0.693645394480085,-0.7857238632156021
0.5549202666226548,0.45912303099439356
-0.35903516304512273,-0.35328179537696425
0.7339094799645449,0.6182245539649625
0.31676917298636176,0.3693783644427969
-0.37309215845231697,-0.22205578036527507
0.5305276795012656,0.5593859257893781
0.08961335648482388,0.18923801068996113
0.5634743201635409,0.5886718286002895
-0.33949016386681496,-0.21396326831558235
-0.40082945827879735,-0.2684870855706778
0.7610118511963928,0.6423155506154941
0.1974339791919162,0.263302636625512
-0.5403783495293071,-0.5144757389184613
0.1321616776314552,0.08333761855777166
0.08713841686756622,0.16526213678164536
-0.015341565525282874,-0.04777637535932882
0.3894593502741591,0.45576778294714804
0.435907558831765,0.3533339574024915
-0.49189270201005375,-0.3276562635277079
-0.10142410665671317,0.019426932341928216
-0.31204945147976954,-0.16779559638967745
-0.7547259623515227,-0.7050069503159864
-0.003979687343834665,0.10604419395337578
-0.2591569959747942,-0.12078008038525494
0.2622880670328481,0.0639947692403384
-0.17242296836965004,-0.3224150400063267
0.11092985403291747,0.2081860085104888
0.2157483735029918,0.022626152769354924
0.3469016841589178,0.3961628188184023
-0.008577757489095783,-0.041764101549384765
0.24790977205534587,0.05121406259366967
-0.19309876563994197,-0.34079352646880845
0.10973521127717972,0.20712410383872187
-0.1417060638448733,-0.016379251825325254
-0.0600580771112367,-0.08752438565795446
-0.06865241680602277,0.04855732332031969
-0.33875790735990124,-0.1915364460609056
-0.19959046730149457,-0.3465639279457441
-0.5839372478297408,-0.4312495651715165
0.08218719138212005,-0.09609489800475328
-0.06730285221094531,-0.09396418574658434
0.46189139880405483,0.49837589850296854
-0.5363983542744899,-0.3672168433183178
-0.1348831446406845,-0.010314434754935172
0.21537622991304223,0.022295358467177555
0.10175339540403722,0.20002915639592864
-0.4912051650103637,-0.47076624156828967
-0.18099569839070526,-0.051303371421620295
0.3670581333244606,0.414079662521107
0.07168912808271591,0.1515294356395562
0.16871334524030257,0.2377731842240777
0.42083129479797576,0.48365395585720733
-0.0019573829923338615,-0.17089007522649008
-0.19659649860110046,-0.20889187142672222
0.5854621444472609,0.629992488878794
-0.43642618841224234,-0.5570845689330755
0.17326413702483942,0.2635942600588639
-0.15517973828540313,-0.02835585132801841
-0.26676892811606956,-0.27126736432891696
-0.08469769377692005,0.01251892731987981
-0.11774193572488784,0.00492219539243963
-0.3675577314510064,-0.21713628969744353
-0.18520039825353518,-0.333772755458669
0.13123837711386444,0.22623802902688606
0.07607933953724466,-0.10152409964464248
0.10926665213278547,0.184931679239618
0.2835243794158524,0.36160336440643104
0.16209105316712807,0.10994150792281425
0.44047228653190806,0.5011126151762584
-0.6173159426309935,-0.7178754615719654
0.23701714246767341,0.04153172518240527
0.48381733069402455,0.5396415433203617
-0.13266493514716135,-0.15206381502322086
0.10599193391743056,0.20379674618561155
-0.16976533751630488,-0.1850419504624595
-0.7036826158690634,-0.6596350867760228
0.20512230145939475,0.14819150640482906
-0.17256403566469308,-0.18752968214991567
0.1684377429544215,-0.019427741051596465
0.3352184497482239,0.2638325271060105
0.6841147694670493,0.6959077835367413
-0.12827031065254738,-0.004436360098813245
0.11812288807309626,0.07085869450589705
-0.577107780429901,-0.682134872948772
-0.09453653961601682,-0.11817190788442569
0.6761435282628635,0.7105981633815519
0.327696170977015,0.25714605708715815
-0.054091102767610616,0.039724785994821515
0.3062774197850646,0.38182828917906403
-0.1992566129037931,-0.3462671684811205
-0.16695651865146846,-0.038824100542298706
-0.05560805696119142,0.060152309849058665
-0.5865664078272833,-0.5555317907388848
0.06551728265464118,0.16781927839646543
0.2752297354960623,0.07549847454097315
0.21272762940634837,0.019941046905671903
-0.2944748818397069,-0.15217375670962177
-0.10728024481745752,0.014221476199044384
0.0259020830287367,0.11082984003601913
-0.1531579320852321,-0.04833461784306427
-0.25737834815686417,-0.11919906010265044
-0.9121960486608707,-0.8449803603687401
-0.6534144670769655,-0.7499630388572736
-0.011213805489477431,0.07783793913093989
0.07131527557424666,-0.10575882316730739
-0.2546654030296487,-0.3955194263707699
-0.743042600310592,-0.6946217396129369
-0.34920516495188525,-0.47955477030164695
0.37328661801563967,0.41961609335771066
-0.06157698920748175,-0.0888745297435056
-0.1348509858592931,-0.15400697121178236
-0.6291395205716974,-0.4714293631643669
0.2489235520086512,0.05211520032994109
-0.4102854458099671,-0.2768924078206065
-0.08733422916333691,-0.2467806051562706
-0.11885584686179254,-0.2747998208882312
-0.30837234417705134,-0.44325892961290564
-0.770563557453102,-0.5971396181700599
0.47145235124494783,0.24991857742887147
0.056201198414855456,0.15953831462776702
0.1762354398506861,0.26623541812628315
0.08244117793196168,0.16108681328333022
0.3976656221500795,0.31934112479654875
-1.0670364714845255,-0.8388951697272384
0.38679653037713585,0.3096797098872656
-0.40159955437350264,-0.5261275608986401
0.15655557998570352,0.22696628177554518
-0.03910980034391956,-0.06890369519811698
-0.4183395425842238,-0.5410075504192812
0.1324547910558988,0.2055433582823855
-0.19207996745772607,-0.06115605503674991
0.15608389071043988,0.10460180796131363
0.4566101791367895,0.23672553555495282
-0.3944839430577313,-0.26284662759639693
0.19720359744102572,0.14115265838850105
-0.7919959665969939,-0.5944147209383214
0.0777417813281025,-0.10004637360832445
0.7845728187321043,0.6632586328694597
0.17797578419423937,0.12406126883580204
0.3629254496948261,0.410406165961432
0.25016313957366965,0.18822780695085117
-0.05564412517868222,0.03834432162942454
0.023294217242063098,-0.01343345734391018
-0.3410163084861457,-0.3372650357689847
0.27498106256482363,0.07527743193542769
0.16005239077091113,0.2518504856109276
0.0027378773978279577,0.11201536261263145
-0.14192712353516668,-0.016575749327808205
-0.551527160324193,-0.4024405984999185
-0.37676167705625513,-0.5040494477277533
-0.21016263209487848,-0.3559614077620853
-0.24116929815470725,-0.10479101565628873
0.12590901754769956,0.19972489294176388
-0.12564391995986526,-0.0238777181760715
-0.31027597842521526,-0.18799510347860485
0.32374889215795016,0.3973584868438513
0.18299187554791663,0.250465211164179
0.08263407320553998,0.16125827574873317
-0.32774754710466525,-0.20352538674922707
-0.14598787844137803,-0.020185309244440546
0.15112092001040198,0.2221354729086105
-0.28086176680553343,-0.4188050830604453
0.23091168065368367,0.03610464801441438
0.4910258363586057,0.267317230863234
0.1064550770146066,-0.07452344410920968
0.41889756240374676,0.4819350826178926
0.2274256521806282,0.31173782908623165
-0.4873832273060878,-0.3454237691504915
-0.487681471616932,-0.4676340696630169
0.0288292173236532,0.11343173718705603
-0.0854116054534162,-0.11006085529544737
0.18084238851546053,0.12660936156577643
0.19463215058072345,0.1388669278460101
0.18941951256965095,0.25617866629460956
0.7729678872390332,0.6529431382089521
0.4049752134832053,0.46955966135518906
0.22053650460417373,0.16189302031129926
0.0322777895900645,-0.14045881070880264
-0.025476527848692004,0.08693589128239149
0.2566893384020142,0.05901812156848601
-0.20683888487801208,-0.0742750927436708
0.35102933954918714,0.2778866513735334
0.10173590894529527,0.2000136128770468
-0.22827817706481585,-0.3720641144020297
0.028316590763112874,-0.00896912532519929
0.06622202170884223,0.16844571311131082
0.13487909235335183,0.0857530983105687
0.013029269991624938,0.12116326714045098
0.39532721891168965,0.31726254414020233
0.1324023022605828,-0.05145924389056414
0.06882938990640877,0.14898744614950543
-0.1873960908746398,-0.3357244822329843
-0.513070402671566,-0.346480886337941
-0.25421239334378554,-0.11638487804658057
0.6513412994728713,0.6667758102085833
-0.22086829997897575,-0.23046680598483363
0.3081596340697035,0.2397802465028812
0.5113716687732457,0.2854024152318028
-0.29722658518020295,-0.17639564281637166
0.3172449660677289,0.3698012916262344
0.28352845150029143,0.08287511098917684
0.33238300366411977,0.40503325262711304
-0.12517694078241723,-0.0016866979920309474
0.31427845990978337,0.3889403248454807
-0.7610202612651268,-0.7106018826836346
-0.17352755590723964,-0.044665022547428636
-0.03400979308718191,0.07935076662595601
0.45265939912266984,0.36822448210551806
0.5307501979594876,0.5595837199744643
0.2669521340145935,0.20315135756500574
-0.09497198646238908,-0.1185589717478677
0.1960009282001809,0.26202881352174734
0.11935205999738757,0.21567241381224
0.01001152366176472,-0.16025104708951357
-0.2844606196682328,-0.4220040633828447
0.5276079928515962,0.5785665763493143
0.6482149856411336,0.4070409191143698
-0.031625931512612226,0.059693827110375644
0.2792121941784438,0.07903843781420113
0.45549003614976863,0.3707406039073836
-0.05092700994358163,0.04253731294951395
0.4011800845345962,0.3224650913605636
-0.5486142383338772,-0.5217965289669683
-0.2350063938113871,-0.378044751510093
-0.10524547283150301,-0.0057457651730828336
-0.407624016938497,-0.27452669326818857
0.04742688742714746,-0.12699294596472893
0.05715006887313703,-0.11835011801273813
0.4211202985857352,0.3401897260726872
0.22624064196580682,0.3106844866730571
0.48318992895511437,0.5173079253039103
0.2988781966664117,0.37525120196248374
-0.5356045794729456,-0.6452431387648115
0.091728326875651,0.19111798437069638
-0.31381677667988467,-0.31308767416341937
-0.1792409558871535,-0.32847547335521865
0.054235284453150734,-0.12094103749717044
-0.6255389084303312,-0.4464528914568434
0.3730752888361074,0.1624722997321244
0.03654660591275608,0.12029163815514747
0.6752715451999428,0.7098230673256224
0.2613753589748264,0.06318347318876352
0.5348922415081939,0.5850414640440679
0.018118078849530726,-0.15304522025594378
0.20082196458562593,0.26631417919769845
-0.15134725197328328,-0.16867031886866252
-0.2547363039125037,-0.11685057632988556
-0.5381343109791012,-0.36875991594463897
0.505074364662389,0.5367607570437101
-0.23998728077945478,-0.10374033354495318
0.5147341653765728,0.5671231741492936
-0.20628508063946896,-0.21750394434971645
0.4732031560106623,0.3864855993392891
-0.5678118941212836,-0.6738718628966677
-0.20890260045078093,-0.2198306286264382
0.47670874114277867,0.5333227970525877
0.3721185382756519,0.4185778002554993
0.4872324482474051,0.39895608132750493
0.2636542196553025,0.06520912712696446
0.049124481052042104,0.15324789919415513
-0.010093251571058136,0.07883398705842372
0.5491464130450184,0.45399071670316116
0.6143704396226521,0.6556887512569196
0.03354604068996017,-0.004320725390223916
-0.08028724985716712,-0.2405166235507862
0.4486220144825562,0.5083568177990565
0.18659767768067442,0.2536703686155194
0.18634773003017943,0.1315029984677488
-0.44471435553691496,-0.564451828599451
0.148075946744844,0.24120475758775684
0.02404444933700489,-0.14777733537818893
0.08770327524509436,0.16576423311722593
-0.3747204288117984,-0.36722425383623153
-0.16103054988966428,-0.05533250033589285
-0.5193268087855253,-0.4957632582573221
-0.03956401430059661,0.052637753521056166
-0.23803807608014052,-0.10200770714556276
-0.40899002235383086,-0.3976861147624826
-0.32485955594903404,-0.4579142289657791
-0.05162426065159012,0.041917534542395295
0.06224381451925743,0.02118840690248476
0.1761914301178623,0.26619629836377307
0.11758137075911312,0.21409846782266267
-1.174459606819824,-1.0781035231766987
-0.24082783065381214,-0.10448748898882641
0.15172315198011888,-0.034285155250976515
0.1214348070150788,0.19574781691276766
-0.5054745119800453,-0.3397289835010337
0.06500679705862256,0.16736551342222664
-0.1606216892488333,-0.0549690686551542
0.012441491365131813,0.12064079725023487
-0.777640459510839,-0.5816542701950725
0.2119400588075892,0.2761969296172213
0.31678240618003783,0.11243418181561811
-0.6988219931242833,-0.6553145332251069
0.5137885855217212,0.5445067311408942
0.24597397319298542,0.30644929795979575
-0.03617063571092754,0.05565409004520647
0.09795724216821061,0.19665479796408267
-0.3737102561236225,-0.24438112809941132
-0.0789595831533994,-0.10432572436209907
-0.007999011928446237,-0.04124966105102961
-0.7503347468852479,-0.7011036476792977
-0.19973054196061918,-0.06795656570598824
-0.6331740838932692,-0.45323971409056607
0.4185149268334079,0.45981903452906026
0.3937258597984069,0.4595602358575905
0.367919815457519,0.4148456021949368
0.5283498890146553,0.43550491756506066
-0.3245357778421302,-0.4576264262040868
0.07460472172683028,0.032175879975882817
-0.0560099811964645,0.05979504386214926
0.17050884738385158,-0.017586759336547495
-1.1700395378864856,-1.0741745730137313
0.34636591990318377,0.27374138946597487
-0.5605918878817334,-0.410498134106621
-0.1439610595920124,-0.04015962007131342
-0.13270149835531483,-0.287107066660251
0.19403396988385033,0.1383352116710118
-0.5454407375046406,-0.6539863903485404
0.8857164796055592,0.7531641092014196
-0.6955448654109346,-0.6524015308132414
-0.1471438916293775,-0.1649339985629685
-0.7309125637984553,-0.5401183628951757
-0.1852521790683071,-0.07686283738357533
0.051878233373521265,0.011974556995163699
-0.4621886970510799,-0.32302863114604
-0.8465184144399928,-0.7866002410612932
0.2191220418944762,0.3043568421652077
0.46548645167995206,0.37962630660088004
-0.023021837545032925,-0.1896140348288892
0.03921430636209295,0.12266292744344692
-0.8142665810134223,-0.6359867502236779
-0.18238571836372455,-0.19626006677127703
0.2513028982556331,0.3111861202377048
0.49029470705126704,0.26666733814559956
-0.24184747819274358,-0.2491149643970717
-0.4673619315434033,-0.5845830072718852
-0.8600606183184524,-0.798637755619924
0.5691905418973029,0.5937529145858558
0.5599619869593032,0.6073256822228317
-0.030637902828297786,0.06057207482976626
-0.2613765922789033,-0.1445289824596609
0.808555895327694,0.5495661721690903
-0.5507970310400212,-0.3800156671099011
0.09610545469259774,0.17323283707056225
0.45501201096743016,0.23530494162663343
-0.13139846677772996,-0.00721694332119781
0.09510103831926589,0.19411595009835406
-0.3085237159137884,-0.30838273126022264
0.04876782726169341,0.15293087360273405
0.6533032457087272,0.5465745679597912
-0.18428647016825386,-0.19794962393085858
-0.1247019615620946,-0.02304042182249758
-0.4933069625971731,-0.32891338404959175
0.23901533508664896,0.32203976944713897
0.30671981232086226,0.2385004049483557
0.5714258605812477,0.47379467006869835
-0.075357464215032,-0.10112384086132807
0.16715281216959882,0.25816197129865
-0.5465112594647917,-0.39798201995822835
0.11520032588754411,0.19020605591051462
0.18061560700726237,-0.00860297300462677
-0.12050515044645188,0.002466004528827121
0.7820407212565618,0.7829530740163081
0.16370792745185292,0.2550998515495425
-0.2226225126554471,-0.23202610614169691
0.3413644187173411,0.4130167326744209
0.2478876574797159,0.3081503506591117
-0.5594081516060749,-0.38766999650194894
-0.17591920360521282,-0.19051205365259993
0.5073182781217296,0.4168101523269045
-0.06875261502169455,0.04846825823972253
-0.5149422170871519,-0.3481447213740173
1.1179549640006006,1.0815435120110093
0.46304943866822584,0.24244932180511855
0.22355712738435413,0.3082991403784324
0.1886087663209884,0.2554580029624651
0.5123342968612613,0.5432140301093744
0.2523710212755075,0.31213556292203765
0.08380189637097593,0.16229634078467622
-0.13799344890273194,-0.1568002716948391
0.5111273289265088,0.28518522425692566
0.3536823406950134,0.28024487461426784
-0.6453170170015534,-0.6077545544493471
0.14005271799308344,0.23407299869730305
0.6841926272949257,0.7177529180767183
-0.2992956289853171,-0.15645886528349745
-0.012386865402834069,-0.04514997525048544
0.7305580374890656,0.6152454939867587
0.3796550090804914,0.4252768854153567
0.3838162519466478,0.4289757679630512
0.44155798544043434,0.22334580782485947
-0.4024326231434498,-0.39185731546436614
0.17052467613684208,-0.01757268933388925
0.6762147130180642,0.7106614387195082
-0.06839876672608863,-0.22994908298982766
-0.04000501386558292,0.05224575390773505
-0.19676413454410777,-0.20904088115383987
-0.4910824326026337,-0.34871195163631014
-0.3711045605096704,-0.2202890266384782
-0.4289924875874774,-0.5504768348666177
0.30621881019629693,0.23805506972651985
0.5367681408753443,0.307977057100335
0.31268460668771203,0.10879169337799516
-0.5900728308569443,-0.5586486112096946
-0.01792490578494338,0.09364844422794578
0.05034743172353229,0.15433496645770195
0.4295402904361507,0.49139528531336285
0.08924969422049359,0.1889147553438898
-0.007877143669546234,-0.17615208471734553
0.4974961413902663,0.5518004861614655
-0.6819218094325726,-0.496571025681058
-0.10066116497726979,-0.12361601931665055
0.2744606650135584,0.33177080180030516
-0.020382878507267388,-0.18726829346198653
0.10731497229657028,0.1831968527185379
0.05899944370640515,0.018304521735504953
0.5152238489452166,0.5457825208506679
0.004703632051957313,0.11376270008296865
-0.09065794477391453,-0.24973501903233952
-0.12725790549134633,-0.1472575664402741
0.5427606226918306,0.5702596530698804
0.6100009007995365,0.6300287891656189
0.009147230839307907,0.09593663808986021
-0.17977486587968683,-0.0502181869673817
-0.13358824846918652,-0.0309393435176904
0.10214142129397435,0.2003740682980949
-0.5012661327751301,-0.4797093240258597
0.39118386248786174,0.3135795606523553
0.03537465987194113,-0.0026952861173519496
0.30156583889626076,0.3776402172779051
0.5799191266579479,0.6032894343730958
-0.572793234237557,-0.5432889697702391
0.3073246122172065,0.10402725384865695
0.7874212828802055,0.6657906010011053
0.10780114973591104,0.18362901044239632
-0.2771391051174993,-0.13676417740099275
0.3036388066951538,0.2357617332810593
0.08674199100433447,0.1649097582365505
0.12226053867450981,0.19648180061003964
-0.03405803738065425,-0.19942399023833043
-0.08388300596545148,0.013243094263407399
0.26417311462382526,0.20068111810654507
0.4009426369220449,0.3222540268160736
-0.13102048916831,-0.28561283627180223
-0.24345294960348876,-0.38555280110307216
0.013824543794347416,0.10009424960545085
0.27917264841129724,0.35773515906904857
-0.2124987137345307,-0.35803792477510954
0.4917639302576187,0.5249292597950252
0.38371536804218714,0.17193014791530636
0.22091433012219752,0.2841740596746509
0.14138581751739024,-0.04347389699562422
-0.2028938780566678,-0.09254434759545156
0.05919346782650092,0.018476987620034507
0.11292923786069303,0.18818731099775818
0.27997604861727643,0.07971741953760797
-0.10972570078531421,0.012047737560949543
0.273079538938619,0.2085979397196951
0.5146905723267825,0.5670844247717022
-0.8148965817630168,-0.6147708233081195
-0.265007138662974,-0.12598020721919245
-0.19656682579536117,-0.34387624660695887
0.2425567503320853,0.3251876941097491
-0.4319884427711694,-0.27440803309314393
0.7584508175657857,0.5050283252696162
-0.7072628032322548,-0.5190963535029977
0.16500420024626963,0.23447616645160396
0.15077747292804475,0.09988499215474016
-0.10143015952546777,-0.0023543755677181513
-0.35000617479426444,-0.2233108335844263
0.21296681349140956,0.2988855280291485
-0.3629376314428536,-0.2130295341346411
-0.8703341419203976,-0.8077697765994307
-0.053728155469252054,0.06182333339744919
0.4926450312697773,0.40376726623628023
-0.6139956725523825,-0.5799133593834175
-0.18441594540839018,-0.07611951857476032
-0.028985503803801237,-0.19491507150334997
-0.6013782406560191,-0.44675266990598594
-0.14208725155468233,-0.016718085345155453
-0.2970276289938439,-0.17621879287294132
0.15409741300440608,0.10283605000039467
0.34402734200769175,0.27166265355887087
-0.1076392344307387,-0.007873553261292306
0.25601620634876454,0.058419781965597384
0.7496203895014835,0.7759109289269919
0.0386382166111237,0.1221508476648076
0.5955660074472408,0.49525257839402553
-0.3562864144152809,-0.20711734122124312
-0.009353358611650708,0.1012675972708726
-0.1601494203983897,-0.05454927412142653
0.6675316636720748,0.42421129958631765
0.6982790339396525,0.45154229537971996
0.34823641325093546,0.4191251722598381
-0.597160506681339,-0.4212276454577393
0.22203521338913051,0.30694632793823373
-0.24116399417520915,-0.3835181740557126
-0.6626926667422883,-0.7582103274486717
0.24757941654333238,0.05092041324965769
0.3858427193724052,0.43077707234150225
0.4748447574285284,0.3879448005996145
-0.5982809993469546,-0.42222363893828646
-0.18477911759494214,-0.05466641071427528
-0.4077191479287577,-0.5315671996144223
-0.21213097666853215,-0.10075510191710874
-0.16103152634245746,-0.1772785627523729
0.11959076268671504,-0.0628472790673355
-0.02976067274208269,0.08312776248826642
-0.7953934022018931,-0.6192105912800963
0.475858522712808,0.5107911197551936
0.37416220996900557,0.1634384518502561
0.44575050459487464,0.36208324252525564
0.14800146105516887,0.21936262050395883
0.11081408647078869,0.20808310401081875
-0.22691952948835334,-0.11390048220139426
-0.10820850644382643,0.013396354753383126
-0.9163792124640354,-0.7049776061534694
0.0295034468111762,-0.1429248931789256
-0.29705070518480386,-0.29818449950112536
0.034639360779834816,0.11859630914810634
0.08295275495635884,0.1615415484161277
-0.365725613842652,-0.35922886275254584
0.6413293533822059,0.40092035710643414
0.10309273099556471,0.2012196769217308
0.3530915541239326,0.144708979987969
-0.22066146424181884,-0.3652937030038101
-0.5271279869777491,-0.3807524444141905
0.6502475412640667,0.6875795082715102
0.4813507052838788,0.5156730598183676
0.48831890123526683,0.3999218173167154
0.31119935787378894,0.36442741767606557
-0.09881413617035109,-0.2569849669402833
0.0924611645850763,0.048048273627657095
-0.3520961457613431,-0.34711378001360466
-0.7056786565271327,-0.5176882230984448
-0.03119206106469985,-0.19687645573525991
-0.18892042109765292,-0.3370794424312181
0.37474212174534827,0.2989646799923433
-0.022881994310058003,0.06746621573486829
0.8529617085329837,0.8459939515953498
-0.4990319286386275,-0.3557781703349712
-0.30208770564142334,-0.43767258424790295
-0.3116693804573516,-0.18923368306272606
0.23102122571758693,0.171212772412111
-0.5336198913368622,-0.6434789715327375
-0.5005066166946021,-0.4790341986209459
0.014862447416338298,-0.15593911486322595
-0.04108425179807004,-0.07065876315736186
0.15875925717786488,0.10697991148791362
-0.2115673084428715,-0.3572100089603013
-0.7153997488345011,-0.5263291940383278
-0.4833505436480669,-0.32006323387260843
-0.1563620984406236,-0.3081387111805254
0.3225037522397752,0.2525305737651673
0.35193980980369655,0.2786959582664307
0.060851690759626646,-0.11505978744696962
-0.33625925739079887,-0.4680472969140146
-0.14231456371247173,-0.016920140596523827
-0.7228693684329043,-0.5329688559035751
-0.10943309200144002,-0.13141328778257966
-0.3595380244162567,-0.4887395342699771
-0.559269690975946,-0.6662787934341454
0.2910596929312602,0.22458029882426503
0.14705083746229097,0.24029354933659855
-0.3961543752155073,-0.3862766506395283
0.06533332122818321,0.14587982954663825
0.3242911421590552,0.39784048684483353
0.31613517059023055,0.3905907343392115
-0.2977845609866349,-0.15511569372911335
-0.04926906904421524,0.06578696577525972
-0.48513824391093047,-0.6003841738207981
-0.25647625465465185,-0.39712907225966165
0.7396158624976763,0.48828614298685225
-0.2934971912684931,-0.15130469842409838
0.01747983254922003,0.12511932274720217
0.38391504476382,0.4508395113824022
-0.13002338131523225,-0.02777057271417549
0.04429408945812205,0.12717829019547278
-0.6474321346456404,-0.4876894645634272
-0.27768858863614176,-0.4159844802432082
-0.20820028806792615,-0.21920635095278954
-0.5166587306176653,-0.49339163321922425
0.010593489582430393,-0.15973374404892185
0.28493933600944354,0.219139981560428
0.03462538674574466,0.14035981536633518
0.13426163958716636,0.0852042514072927
-0.0826232521710521,0.03613880299584915
0.28968552856110275,0.08834806837656463
0.321036433841982,0.11621553973734626
-0.5243075546821436,-0.35646946590289885
0.06409395591049491,0.1665540990683354
-0.18388626130065122,-0.07564868825677012
-0.42666320806114516,-0.4133956131689842
0.22354598432616465,0.2865133078559551
0.28647615149906835,0.08549528876586747
-0.3806535074239099,-0.5075088524990021
0.2888042386249442,0.08756469954442375
0.12196150519966187,0.07427079861839982
0.08045109078855053,0.18109377451549596
0.35597552858780485,0.28228326385230473
-0.18605030218360974,-0.3345282256187353
-0.28023942984432276,-0.4182518946504801
0.14200807171982127,0.09208996885854148
0.1184108439765597,0.19305984976741733
-0.29295506322446174,-0.29454392886971004
0.06391865815389502,0.14462235125838208
0.29167880189092865,0.36885173993983206
-0.4857569326836694,-0.32220224634869954
0.40463945639908205,0.1905293375658796
0.5979096009130614,0.49733577258586603
-0.28926910368627407,-0.4262782713988814
0.09644688847864208,-0.08341961169673369
-0.30496737129893553,-0.1615004140067139
0.5960698621527184,0.495700449243339
0.21144665660505818,0.2975342774635028
-0.0638755053197963,-0.22592840618423451
-0.12803195233023346,-0.004224486034534248
0.04702619352756174,0.007661632687644144
-0.09883307353276277,0.021730072896550774
0.8171897248042879,0.814196632725398
-0.06667519750340775,0.050314851589310816
-0.3890538846181558,-0.37996510344188256
-0.27482805100676144,-0.15648583466220142
0.03647185867350097,-0.1367307493013036
0.4441335238012841,0.5043670483045924
-0.35838262898141793,-0.23075657063967384
0.33480818190890005,0.12845709357460677
-0.7768963998934363,-0.7247140059087984
-0.01537683697566361,0.09591339428063897
0.29726103280394145,0.3738137229736212
0.25148125710916774,0.33312058902271124
-0.5999295397581652,-0.44546493577456037
0.3158359686976234,0.368548849519474
0.09506854161516554,0.17231113655728925
0.04147259273805385,0.12467029311096771
0.4526639847579559,0.4901737526842139
0.3330605883120128,0.4056355500919068
0.4031025410361814,0.324173941584195
-0.6498996184987889,-0.4898827835440035
0.2525615219120877,0.33408082440308445
-0.12167885936105943,-0.02035321986602188
-0.042530938572303556,-0.20695545796424095
-0.10518635313699687,-0.005693214333521792
0.010972956029026704,0.11933543250703035
0.30164011592275725,0.0989743682535909
-0.39048741674132426,-0.2375182321777261
0.1761503219071771,0.2661597577320529
-0.6092428513823638,-0.4537434349960703
0.37828714624001625,0.30211581287649264
-0.32895928869994195,-0.18282656280760848
0.7745696965095908,0.7980880907119762
0.5540853879969886,0.6021020387007742
0.2287791818179669,0.16921984450133762
-0.2657845322142946,-0.12667122370925524
0.2545684933691417,0.057132925983710434
-0.16746501770219255,-0.31800797274636444
-0.19458351008525387,-0.34211329930908563
0.5357672162502093,0.3070873463224371
-0.09430951079172398,-0.2529808554926147
-0.2078486165510359,-0.3539045050564475
-0.07488338873414932,-0.1007024404338768
-0.41082550775166937,-0.399317657338339
0.04965975809157486,0.13194777342520864
-0.1815076278889901,-0.051758419864540196
0.4435735478443443,0.3601481698581175
0.6902823868139665,0.5794449156088928
-0.48940128826505996,-0.3254416735321578
0.5208808289317555,0.5725868750872336
0.4827030127694389,0.5168751109166433
0.4892230406996906,0.26571474583308713
0.6591887650669835,0.4167953897151253
0.0312562951519193,-0.14136680576493169
0.41548780803766616,0.45712826226617864
0.4103359600953617,0.4743247694548838
0.6602837125449597,0.6747246218282172
0.08100685593567719,-0.09714408506825804
0.01644950887830604,-0.15452839356369907
-0.6025978315164346,-0.5697819451292414
-0.006128220880855378,0.10413438636491293
0.31780648707409204,0.37030042140966835
0.47604073977264516,0.2539971450090468
-0.06488790453034654,-0.09181756558605209
0.3088006500354592,0.38407116051274814
0.4317911852607974,0.21466420766518218
-0.6904098263397505,-0.782847802646416
-0.09208904690827857,0.005948835647561139
0.1867208366699545,0.2755557708545217
0.15819747714733673,0.22842574591921924
0.8175171880429807,0.8144877111597916
-0.0420841066895889,-0.0715475230609342
0.10356748902349197,-0.07709018899020045
0.5816920230276345,0.6048653422572615
0.8893107552917326,0.8783042153809044
0.16845676511753696,0.2375451130038416
-0.31660568033471825,-0.3155666996343825
0.2713256497867516,0.32898412159869905
0.18978984994997414,0.1345626606186774
-0.12476731682231235,-0.14504370984557727
0.4473789407493275,0.22851999032165335
-0.006197143570541984,0.08229719416999363
0.3481751359762014,0.14033883052331905
0.20476803729080392,0.2915977269619434
-0.023932014873274315,0.06653286412312048
-0.06486206634477071,-0.22680534931754506
0.0027213559254068986,-0.1667311961884983
0.3384194632706308,0.13166712145170076
-0.2233479109015382,-0.3676816555902272
0.7021395217018037,0.7119297855231898
-0.15166927354832946,-0.303967311276264
0.03593193193093053,0.1415211888642782
0.26118687876735663,0.19802668623412847
0.0010153755112058405,0.08870832224265834
0.3047541923826951,0.3586983816839821
-0.4831497935724025,-0.5986166624087734
-0.007493842343630701,-0.04080062142008247
-0.11432546798001958,-0.2707728174377663
0.846869822226161,0.7186337470863992
-0.43801903873204556,-0.3015444904180095
-0.1608740698415045,-0.05519340695975083
0.23390453626226948,0.2957209095769372
0.556156600532135,0.32521124346192665
-0.288514977656202,-0.1686519916839263
-0.01911364688869774,0.09259178546905306
0.3726905182154845,0.29714103241024215
0.26004847065349207,0.31895996236913504
0.25903008798714183,0.31805473333237927
0.47307966327145046,0.38637582801554515
0.0645216114063964,-0.11179763576095213
0.044318244492904536,0.005254566879059976
-0.24510662236832853,-0.38702273244959645
0.23155181548656134,0.29362960222075213
-0.7442290942377127,-0.5519552788411823
0.0463736396090223,0.1290267792184952
0.39624502525227856,0.4617994940388097
-0.20907507916345486,-0.3549946940452643
0.3269280455872088,0.12145252795532557
0.26148178843507824,0.19828882816099216
0.42017164672338714,0.46129167443126395
-0.08374989363511887,-0.24359452913118787
-0.3366022137322165,-0.2113962015292726
-0.24394250931082462,-0.25097721427981035
0.00882686963943169,0.0956518725788591
-0.0017810930720097984,-0.03572262206753053
0.3370164003562527,0.40915182746456463
0.061686990308464786,-0.11431729895911352
-0.13084190314388794,-0.2854540931389826
-0.3907673579676305,-0.2595429964051962
-0.14287192215732783,-0.03919149790714934
-0.27677489370139985,-0.4151723069678821
-0.4611404596603887,-0.30032093699467227
0.15464936767559434,-0.0316840746327761
0.3997983260104232,0.18622611055373836
-0.07126876090783232,-0.09748943792159499
0.05094549185408808,-0.12386529758522616
0.4177623635714676,0.33720489494889383
0.06628715508341235,-0.11022826360360455
-0.20533047191808088,-0.07293428122373197
-0.21205591114559422,-0.07891244942596606
-0.24113401467098886,-0.24848077459995638
0.8918342999441127,0.9023232937648845
-0.15495354757303761,-0.04993072049889137
0.09120849852889854,0.1906559147291386
0.32682024630430107,0.25636745737807914
0.2530521599280054,0.055785074036033694
0.5812583300812542,0.6044798374160346
0.2071988887559923,0.015026610772022053
-0.48731804347074537,-0.6023217734295225
0.006525019979631896,-0.028339410466071246
0.11086727086689233,0.20813037902957754
0.26930211898974504,0.07022948209091334
0.15794664065464703,0.24997870772980393
-0.0492118854387589,-0.07788332639352974
-0.8078147520898934,-0.6084758635986764
0.06626359128825082,-0.11024920919930373
0.296964974708786,0.22982943818206575
-0.24500142356419727,-0.1299732769354777
0.015877907870756693,0.1236953896996792
-0.38117014257722326,-0.2510121382803897
0.11546738978794799,0.06849825158576525
-0.1337614233041527,-0.03109327670432702
0.49090184371590273,0.2672070151808314
-0.21702568117504326,-0.1051059503673408
-0.3688517016218786,-0.36200760744519167
0.1462191740195094,0.09583317090270874
-0.6156666571971868,-0.5813986790676879
0.19504771423403267,0.004225566752502358
-0.13327486110461959,-0.008884849389544154
-0.13054511070418964,-0.1501795266294682
0.26033819215200144,0.062261547124030175
-0.5203161248759052,-0.6316534013452201
0.13593329125017947,-0.048320587010922705
0.21124513282906374,0.15363402317786817
-0.06608700369363227,0.029061762949468946
-0.16395456341590597,-0.036155695888465386
0.6067802901820634,0.6271660241723096
-0.03505630432732435,-0.20031133863537057
-0.011523536146433512,0.0993385505732879
-0.6288751867331548,-0.4711943997523288
0.016152172400816227,0.12393918039306547
-0.14297745000204212,-0.03928530043578427
-0.22094633919473294,-0.1085909797181761
-0.6736251589346425,-0.76792809828632
0.0869317716917134,0.1650784521808873
0.4585876245229438,0.4954392102530922
0.4779846405555841,0.5344569298639702
-0.47341615243739815,-0.33300859148943407
-0.17133579079003594,-0.3214486599355586
0.6724142830482882,0.6855073511645093
-0.046347093040327,-0.07533684426159026
0.2224115297510893,0.1635597093307798
0.3529714797448046,0.14460224720652184
0.08203150997467559,0.18249859156982934
-0.02501547881920882,0.08734571264193208
0.35568928463096156,0.2820288247795551
-0.17870965984254972,-0.07104726473845768
0.28094306794617735,0.21558774328196917
0.0995068054813312,-0.08069968547212114
0.13735861197065827,0.2099023102066161
-0.6295139344574959,-0.4717621755072989
0.33149042504135734,0.2605187273665736
0.2559820765647993,0.33712131742771706
0.224473112826241,0.030381476612243094
-0.011809707072734474,-0.17964769663129065
0.619803459101461,0.381786228856883
0.09883730816472425,0.053715956809566395
0.8489003591857048,0.5854279178206555
0.0008348404433809187,-0.03339734783162767
-0.06117457796046733,-0.22352758186483093
-0.2452935662573736,-0.1084570317475477
-0.6403843230216812,-0.48142474311990796
-0.23829327703120337,-0.380966425483263
-0.4954718009028909,-0.6095695578136519
0.13502082375206817,0.22960020381640048
-0.7317034413580003,-0.5408213651703269
-0.18661769494447314,-0.3350325747395029
0.3308267544151029,0.12491804691345368
0.15622083722972405,0.24844466024098352
-0.39134332259507515,-0.2600549649629247
0.533219608184936,0.5617787512859741
0.17114083899015212,-0.017024989019835877
-0.3425506868723198,-0.3386289276678061
-0.24613510802544109,-0.10920506887471884
-0.7192411174855261,-0.8084756169982166
0.08130991675295157,0.1600812477908768
0.04222263706855714,0.14711292676439072
-0.3658615491815293,-0.4943604451724416
0.22016325391859964,0.30528236396442854
-0.33566386015252075,-0.3325073039168736
-0.005593603895128724,0.08283367388147207
0.7328808612947582,0.7392554207169271
0.32267089648010294,0.39640026846354254
-0.13899586372184006,-0.15769130708960188
-0.4844042539392927,-0.5997317382904535
-0.2606180570203388,-0.40081067436249446
0.38846999448508024,0.4548883555790779
-0.1435730492271794,-0.039814721969239616
0.13701925273722323,-0.047355287911328224
0.0680657016732901,-0.10864733330149101
-0.00960060665492992,-0.042673300807903984
0.2877412841846638,0.22163060216062375
-0.7804032638131557,-0.8628419692894429
0.2881461596335508,0.36571161348882947
-0.7327086729449013,-0.6854360263989897
0.34536178484572155,0.41656994701075906
-0.7541306346254333,-0.5607566480747119
-0.07575209800127028,0.020470568009346286
0.2929238231139777,0.3481824978895667
0.23789391602365234,0.1773218304619469
-0.028158752438912804,0.06277576406477513
0.3631622953059527,0.15366074992754242
-0.217945925888169,-0.3628798911338991
-0.02768203354108332,0.08497544177804366
-0.21367238783853984,-0.08034931759747327
-0.017833864286816437,0.09372937000405868
-0.6985967254952051,-0.7901250463401535
0.25246343293613843,0.19027251216193453
-0.1449189464218582,-0.019235147449311835
0.2498826351223342,0.3099236641192169
0.41135483836674513,0.45345451144758214
-0.18184592037772024,-0.07383505188083145
-0.5129721129970582,-0.6251253907862451
0.20023071428849717,0.26578862337802844
-0.17751770609662798,-0.3269436957636404
-0.2026778979665695,-0.09235236529314189
0.1712634505670506,0.24003994451452038
0.385205972039863,0.4519870022944404
0.1612675990473641,0.2529306707455524
0.12332172287678314,0.2192010030383694
-0.08910777026260472,-0.11334633512583715
-0.1188723968042111,-0.01785858648215672
0.19698231428041385,0.26290115670417663
-0.4240021573469148,-0.5460409857638955
0.3038479057762254,0.10093684812334036
-0.3244081476901032,-0.4575129771800628
-0.15501583314178471,-0.17193127990733048
-0.5559160562476737,-0.3845659117389256
0.07445908814286828,0.17576754994155616
0.29044273100833307,0.3677530102664137
0.24266392848832083,0.04655109053409184
-0.08547084847637806,0.03360760628000387
-0.44513154152049567,-0.2860907875369895
0.0238081586013692,-0.012976620580082556
0.2477178547293974,0.05104346941504875
-0.27388837363196544,-0.2775957603430467
0.764910209417833,0.7895018799637472
0.19897670431953315,0.007718002384058348
-0.6004333658023853,-0.4459127811472005
0.2705079053882482,0.3500331652707828
0.6835848795813487,0.6954367703050076
-0.12320505557166817,-0.021709838719896297
-0.6622081558502568,-0.7577796511001993
-0.12013884111543552,-0.018984314758800618
-0.08353190828039031,-0.10839001336386879
-0.20790314232032192,-0.35395297240692397
-0.1531995561426895,-0.048371617005248536
0.36438608966526603,0.15474856713582094
-0.03318065099352722,-0.06363334021999048
-0.15432667601305472,-0.3063294468004642
0.16773698171984203,0.23690530553922384
-0.14230103624041152,-0.29563998922478135
0.13908959947108018,0.2114409657625467
-0.31600690459669134,-0.17131333249360792
-0.3787027878278655,-0.5057748795247404
-0.17619694787872636,-0.32576968845883897
-0.07428203086602844,-0.23517865111421862
-0.2742200429448536,-0.1341694554697521
-0.7989089823969959,-0.7442807459119627
0.730728941833513,0.6153974089596007
0.04657450106518074,0.150981250316945
0.12601495369030136,-0.05713688706414767
0.2895822504393073,0.3452122110676375
0.27003758057675675,0.32783917118981476
0.5490572709223968,0.3189007282532705
-0.23005382239329786,-0.3736424658051247
-0.3787300521477306,-0.5057991144757316
-0.019898175683961794,-0.18683744650793715
0.2749483059098269,0.2102590659163243
0.5071929225861465,0.4166987251841639
0.10542304043898287,0.059569941053351845
0.09457420850967752,0.17187172935241105
0.03442399210845867,0.14018079791096982
0.8234579573819737,0.5628124495506721
-0.2355023479101075,-0.24347484859028404
0.6094670607303619,0.5076090702012444
-0.04124112749927977,-0.07079820822510384
-0.5939524929816185,-0.41837607772465424
-0.020046635117550254,-0.05195865944134429
-0.03333590304756168,-0.06377134204579891
0.43242456125284023,0.215227208546998
-0.2769882993815069,-0.13663012785788842
0.0547640964800335,-0.12047098236216354
0.18669800096271238,0.25375954486621977
-0.14838604873920627,-0.044092943757707954
0.5638533015776965,0.4670635065099861
-0.270487460313969,-0.2745727262826054
0.49355553779132133,0.5482977274068479
0.09565762519509391,0.05088957194767274
-0.573773981203517,-0.4222155503926508
0.3256249948175544,0.37725020607052373
0.10070038586362773,0.05537202587525836
0.14195511824330764,-0.04296785190591986
0.18949507998528378,-0.0007101081352744022
-0.4939174955142535,-0.4731772020161917
0.44617699291428303,0.4844075377120604
0.062333534411443084,-0.11374259308979945
0.3625535650593934,0.15311965637504527
-0.5732550033329962,-0.5436994311884074
-0.8705551605992057,-0.9429769886548205
0.7279559817837346,0.61293255558202
0.014602123442261306,0.1007854315147077
-0.0016715007765611758,-0.1706359577013588
-0.40088513153578664,-0.24676064532835934
-0.4248741744531062,-0.28986016661450786
0.3134749720344187,0.3664501858188476
-0.11865894144341912,-0.017668848383674926
0.1406051975683132,0.09084296961275652
0.1550682928076908,-0.031311696737579324
-0.18387764484673935,-0.19758622364506795
0.18892385269676862,0.13379288528249472
-0.4079901223556304,-0.3967973147640822
0.11269683730550517,0.2097566603083445
-0.5012694996152662,-0.3577671223142056
0.20898997867158586,0.15162944170455447
-0.31384943472817456,-0.31311670353967697
0.5121533723975893,0.5648291359457526
-0.0045000322392082515,0.08380573757562362
-0.4164610911350977,-0.40432706479027536
-0.4879164406517983,-0.602853682034903
0.3639081019044357,0.4330555621740605
-0.01396462745123389,-0.181563181412179
0.088467488566117,0.04449833938858216
0.26265889094364403,0.1993351415019395
0.45277109975382224,0.2333130205478709
0.2126651809183248,0.2768414826045419
0.5541454367958288,0.5803794878289898
-0.3183661413785164,-0.19518635943709475
0.4143654764173418,0.33418543970078196
-0.607985800039591,-0.45262605602471656
0.1991094950637594,0.007836038601148355
0.09776186413234675,0.05276000655856418
-0.349363338863293,-0.2227394238680073
0.7362579843423693,0.6203121134119175
-0.7402928561940338,-0.8271882736280012
0.11570664805695952,0.2124320476429706
0.002714735538738716,0.11199479207121879
-0.2717200954185723,-0.15372320747269996
0.6560460667400855,0.6927337531390826
0.061860982698856454,-0.11416263905654318
-0.0628222074968976,-0.0899813904452086
-0.2622147472367928,-0.2672192035473377
-0.21218328203140724,-0.10080159557299773
0.2612168241501067,0.3199984988105703
-0.2354636349102017,-0.09971931499450602
0.019378159282431473,-0.016914397752471624
-0.23747948923427986,-0.24523230754510392
-0.1555734766382853,-0.3074377140228914
-0.03041659607965369,0.08254471952153662
0.694632157907462,0.7052565732615528
0.4066771377977625,0.32735136092782263
-0.5318027133651093,-0.3631318291766461
0.3511857022253893,0.4217467624593526
0.6015101508848882,0.5005362614497122
0.6798472674188932,0.7138903759646894
-0.055278546754029906,0.0386692802291155
0.04565444412421818,-0.12856845112288828
-0.8362995390020438,-0.655571601769119
0.2391138642485125,0.3221273509243511
-0.4830473594426831,-0.34156966438302067
0.5705451833472243,0.5949570403191191
-0.14774223192038133,-0.16546585659941634
-0.2667037489058862,-0.14926423279475676
-0.08723127043524553,-0.24668908628685607
0.13356611133677276,0.22830712611391568
-0.4973909681553462,-0.6112754842602789
-0.33882800210055075,-0.19159875249703856
0.9145651249426284,0.9007525439594785
-0.5215895638540562,-0.4977745960960162
0.11027704871438565,0.18582980953437372
0.313374588983363,0.3881368840219959
-0.12672722217541046,-0.28179659894478043
0.17650608323621542,-0.012255883023335171
-1.0949941583872085,-1.1424783200219342
0.21535378590705528,0.02227540823963358
0.15933066279319497,0.22943302204887095
-0.22602225674972115,-0.1131029064337212
0.14676089602282655,-0.038696049435236385
0.1767616399238098,0.12298202948430911
0.1319218200773309,0.0831244118429945
-0.42698797006775613,-0.41368429050819394
-0.34718594535040026,-0.3427491574260999
0.17521365782656267,0.1216060453978672
-0.37081532822649477,-0.49876380432352196
-0.6490560888518683,-0.4673570518315431
0.12087024358907852,0.21702191033818752
0.28702152581079277,0.2209908169394051
0.27934537433057993,0.07915682017165551
0.18845094765474463,0.2770936472854463
0.13508301793836225,0.22965548753755083
-0.31285006633538287,-0.3122283760794178
0.0038755744493187694,-0.16570522416724334
0.05916001965075443,0.14039245036670156
0.3094215792245628,0.36284716998786454
-0.1856218024385826,-0.0554154639086224
-0.48875566426671285,-0.4685889075739333
0.12217977023930998,0.21818593402728215
-0.3242957159951739,-0.17868116484781468
0.4768680594559751,0.5334644133309845
-0.0768011763794465,0.0413139814772764
-0.1744799874862592,-0.18923275043575222
-0.20010243653836238,-0.21200826070428835
0.025297904729804713,-0.14666315280681136
0.144185478092748,-0.04098530981752844
-0.7349531787705776,-0.6874311426884798
-0.47429952409226506,-0.45573900519664634
0.02086460998065559,-0.015593108242939073
-0.057277105607725504,-0.2200631619957271
-0.47066935288536205,-0.4525121863460659
-0.20476587854568798,-0.09420834803013617
-0.8445703458789215,-0.9198793755701237
0.2457281964835757,0.3062308297736538
0.1901152968757408,0.13485194677491444
-0.16288947133670742,-0.17893006941392842
-0.016402798174439154,0.09500142877061624
-0.49451840256822627,-0.6087220926272834
-0.024308969205307007,-0.19075815186024397
0.08569431061246946,0.04203329231867323
0.4093534079760776,0.4734513897932978
0.269585348001784,0.3274371866787278
0.5576941022249455,0.32657791163331384
-0.5655101109566787,-0.41486988795101676
-0.026620315087169256,-0.19281268153301045
-0.1760322383229169,-0.06866733449878407
-0.11286346293942803,0.009258615646181677
0.1834762113012201,0.2726716594156467
-0.17828521349966378,-0.32762592456633893
0.3508341912047133,0.2777131861784456
-0.026603505681278533,-0.057786988831324965
-0.20996876772291398,-0.07705721082802805
0.6490358508369697,0.5427813280737844
-0.4974544648430685,-0.4763211747529161
0.05832974320395223,0.1396544268584329
-0.006104418312832344,0.1041555442031556
0.7364163741664177,0.4854421533590668
0.2127908784989887,0.019997268321352166
-0.17854553626275402,-0.04912544953010811
0.296254345320922,0.37291888965538167
-0.45040495158872396,-0.2907782631531925
0.1980539136775658,0.14190849504320333
-0.25463379364892513,-0.1385353836774581
-0.039758426501475874,-0.06948025178261148
-0.010449127081129404,0.0785176532716937
-0.4149527166864119,-0.40298628750255466
0.8051062983992896,0.6815106147958467
0.7440600192246413,0.4922365045219322
-0.13417391332235099,-0.03145993449828101
-0.6578292930128081,-0.49693138311202073
-0.3408581483113016,-0.2151792544884594
0.285594985415224,0.363443903072539
0.7688696244262175,0.6493002379308938
0.2974230278075022,0.23023659649203568
-0.017190428990683237,-0.04941980955079586
-0.05480785619481871,0.03908767183730321
0.09987589048351217,0.1765843355513751
0.34507818065175266,0.27259673235359166
0.03628142875841536,-0.0018892693293748814
0.4931102316510716,0.5261259721447612
-0.3095532880501527,-0.1873527120341048
-0.3383092459154481,-0.33485875792836456
-0.4241144547532318,-0.2891848602146195
0.10047014616909333,0.19888849040931175
-0.23958869832527166,-0.10338603803012375
-0.09865107845662435,0.02189184629756272
-0.3085319525591916,-0.18644485826436155
0.09970541816763223,0.19820873218579077
0.2532148966868666,0.3346616019806657
-0.10005461892421802,0.020644254770812775
-0.08265136475262064,0.03611381403445494
-0.3825280315295915,-0.37416434514093644
0.4214591992660621,0.20548022011430633
-0.3117354168114204,-0.167516454462256
0.8707752278115677,0.8618281909540912
0.2528267895622994,0.05558474482207286
-0.2921031256564217,-0.4287974020390126
-0.06270966631168545,-0.0898813538361311
-0.2798911418089718,-0.2829315542781634
0.1833556659134015,0.2725645079598079
-0.5121832202810346,-0.6244241528164464
0.26593139071133937,0.3241892246427771
-0.28258057998576325,-0.4203329169984273
-0.0989767073099207,0.021602398427966
0.1317412160164822,0.08296387490001789
-0.2335696905912353,-0.09803580893320257
-0.026210374890356325,0.08628358280091211
-0.14405231247299508,-0.040240733743298
0.07274883992124684,-0.10448454374775168
0.49479616035663837,0.5494005030204631
0.06106927361866124,0.1638654925867055
-0.5880803339598473,-0.41315638081641315
0.26871183706471125,0.20471553805399922
0.5389320218444658,0.30990050685066517
0.46543858024647866,0.37958375421557033
-0.13282736958130348,-0.008487079146596473
-0.9154132689737768,-0.7258949172995486
-0.3901451127282934,-0.38093508398422704
-0.48385702472831427,-0.46423456131757895
-0.3249556762140231,-0.20104372373532298
-0.5380175627918614,-0.6473880128260703
0.33177387971996186,0.38271588153933034
0.2342119469268628,0.0390382180350181
-0.35299938846771406,-0.20419554037896145
-0.5254660110083974,-0.6362310779074355
0.403101330435374,0.1891621144870279
-0.38192421654282954,-0.2516824262498175
-0.7824615822640485,-0.8646715856902365
-0.1399000990550758,-0.03654987737181421
0.5684704711785153,0.6148887793065758
-0.4909932594558296,-0.32685675903506417
0.24654747369766866,0.3287350037680454
-0.5245534547087214,-0.6354199167521679
0.027102932140370295,-0.1450586839974198
0.0847682433891489,0.1631553159119411
-0.03258714851046856,-0.06310578245727168
0.23275100172870322,0.31647147312896495
-0.7293381249044264,-0.8174507347039055
0.5518208070414892,0.32135720480357477
0.5075462234039126,0.28200201934795116
-0.25023347134837676,-0.13462398607697057
-0.06295906767390252,0.05361807810442655
0.045552779518055614,-0.1286588196616994
0.4064461011236696,0.4708671170356017
-0.5713578934156451,-0.39829198922156683
0.4081701206840309,0.32867845682672786
-0.33881468687487515,-0.47031878978874897
0.9828228072024839,0.7044700938355701
0.06717802980858234,0.14751957050699302
-0.3731940050332742,-0.5008781837073258
-0.03242180786748791,-0.19796956400440485
0.4047090140497934,0.32560191759629453
-0.09280983922947536,0.027084058943917362
0.13923791976490496,0.08962761156528257
0.27366164782024965,0.07410461882913971
0.28468396056898404,0.08390223016134807
0.4585160435608874,0.49537558273126414
0.3546125305178083,0.28107171001230774
-0.016069871745275764,-0.18343450967354952
-0.5734968514705437,-0.4001932852703656
-0.389749401467104,-0.2586381461825059
0.8759511527123838,0.8664290130881499
-0.21940968557643728,-0.1072250653908022
-0.2636779900110876,-0.2685198637911552
-0.05244763000289169,0.04118565067457169
-0.672446465287498,-0.4881484975521027
0.02912330241254224,0.13546907373682193
0.21591562530121727,0.2797307665004463
0.9047578805666541,0.6350790479370548
0.14366632180288197,0.2155091633908149
-0.46329699476297986,-0.3022378570858644
0.27123960684503634,0.328907638983841
-0.5149088549566206,-0.6268469391947451
0.06778318633773711,0.026112292963355592
-0.5386919746022845,-0.6479874899908906
-0.3817790921380277,-0.5085093722448845
0.07705321849739286,-0.10065842945784412
0.1286714035188281,0.22395627472018717
-0.7724737955977992,-0.7207828020904545
-0.17160044532862387,-0.04295203536643682
-0.43867556381689143,-0.2803521406893414
0.6628589233094521,0.6987896256451862
0.2709290084747492,0.35040747912545034
-0.4472506498115364,-0.4316955613915542
0.079771642134914,0.18048982015670792
0.3224940953503751,0.37446718432192
0.5104681730364131,0.5415552533761759
-0.3329608959540079,-0.4651154200813114
0.35279721894326516,0.1444473487162646
0.0886084442002702,0.1665688277440489
-0.24316619126503952,-0.12834195933622639
0.39498444605990357,0.18194710615327647
-0.08505523934207843,0.033977036621603576
0.1143139133948278,0.1894181336947668
-0.38780286648089635,-0.5138638383274345
0.13062379151363687,0.08197060867526648
-0.15157798350385945,-0.3038861645700684
0.247899057124978,0.18621528921868086
0.5546230172774496,0.5808040038126528
0.2791744667235362,0.3359608477647298
0.8714916578479184,0.6055090721870674
-0.0015943565951577754,0.08638856037033513
-0.10163099033820899,-0.002532891845710372
-0.46894107183794637,-0.3072548144858346
-0.09485367852199089,0.0034913853242612486
-0.27415876701410125,-0.4128468610236167
0.17350728298658644,0.263810389802639
-0.1215377218728467,0.0015481632609206345
-0.22736618327764027,-0.3712534532578735
-0.0749988165717406,-0.23581579396374044
0.174968161900391,0.1213878267968257
0.17170836535390388,0.2404354243250566
0.2138091241506545,0.15591312657483772
-0.0680192857497916,0.02734417889954955
-0.714940264943677,-0.5476966914950152
-0.5962248709738301,-0.564117091313593
-0.2833898145664251,-0.2860414856181219
-0.03802642687784804,-0.067940696561609
0.39428664284490067,0.3163375876363898
0.07597379458945733,0.15533802808999303
0.2976297520715295,0.09540960038583288
0.347042997121673,0.4180643579227159
-0.31302126632837446,-0.44739130485852624
-0.0501492584247549,0.06500457521478004
-0.6673139326844265,-0.7623181193972389
0.2520994150984696,0.3336700627909796
-0.2755421253907954,-0.1571205674480094
-0.18953116006312173,-0.33762232151163496
0.40657799883640366,0.44920843186505643
0.9677306515353671,0.969786717401555
0.12161228882337535,0.2176815061020069
0.003550906935481324,0.11273805553499
0.4949313931778555,0.27078883692478933
-0.1508951811989171,-0.04632328372189535
-0.6193696780907745,-0.5846902531953213
0.1253984787150077,0.07732588618759613
0.7911980966344607,0.6691477687826654
0.3286509610365202,0.4017158814025801
-0.7763074389853258,-0.6022452906431477
0.630020475790665,0.6695998945173754
0.3253936002922928,0.12008857658206695
-0.4711317532574105,-0.3092020868586916
-0.2053982931257297,-0.07299456674164201
-0.07530989323194312,-0.10108155554302684
-0.4865976432523836,-0.4666706666723073
0.180649949468988,0.2483834990940203
0.27892497523105786,0.21379388309075184
-0.1521101696061252,-0.1693484678756331
-0.06455927253231014,0.03041974620397752
0.4668301653052396,0.3808207187122467
-0.42209480807068267,-0.2656136911371557
0.46547927781851084,0.24460917882759403
-0.2816562826952444,-0.1625553739408529
-0.10905406985346316,0.012644742833706011
0.4863679742723777,0.5419087820566757
-0.059682045028617604,-0.0871901349178486
-0.347429379821761,-0.34296554362286497
0.03678855144279846,-0.0014384936099232143
0.029290899167392137,0.11384212104815733
0.18514997461214078,0.1304383269850477
0.32474790169192425,0.25452537327818864
-0.6961436582415574,-0.5309885966486867
0.30530636176289333,0.10223325344482302
-0.30220243292758664,-0.43777456405782594
-0.7379322649389637,-0.5463580972422943
-0.5746381224173207,-0.6799396213820339
0.2417382263006641,0.3244601171929302
0.2385510283642914,0.29985112477873443
-0.6275283449378868,-0.7269531525114261
-0.18118176392940036,-0.1951898850518777
0.7913689963182664,0.6692996796127151
-0.5654156493256108,-0.3930099944748697
0.2774278486257453,0.35618422592633586
0.07537403256032958,0.17658083386818843
0.3011046258932388,0.35545432258224324
0.2489950776689095,0.05217877869461512
-0.5408805724637049,-0.6499329103121533
-0.5628594136418188,-0.6694696580260323
0.10595158074722888,0.20376087670098786
-0.038026736658161524,-0.06794097192188762
-0.2697191473814248,-0.13016865941337097
-0.09637009658097798,0.0021434581607171982
-0.026439722120318976,0.0643037910146363
0.5227408250974519,0.430519082971991
0.1290769108423327,0.08059560363410724
0.016478525269745192,0.10245334425024888
-0.760265844615743,-0.5879860956479628
0.18492011930362517,0.2521792056136978
0.5058224436681354,0.280469770693927
-0.08681926971702064,0.010633082039790409
0.37222490266295455,0.2967271519191045
-0.24330673442502204,-0.25041208104798585
-0.37907437883885453,-0.227373309597753
0.3014602940098821,0.35577047201925954
-0.0707281246020918,-0.23201962332405268
-0.36606142253407986,-0.35952735936714836
0.06145031304581586,0.1424282667178673
-0.10575937966008017,-0.26315851670893126
0.3865375379866459,0.4531706164693586
0.5795684411101891,0.6029777138861989
-0.4131332834841908,-0.5363797645525852
0.30290149749881357,0.3788274693690631
-0.2189085994157476,-0.3637356009361912
0.26720316413982453,0.34709561749440615
0.46750754550898205,0.5033680289073484
0.2647728375348152,0.20121420513853605
0.1953788345827956,0.2832517689992693
0.7319745619375614,0.6165046268298661
0.45577087634695934,0.49293543409666146
-0.22220742237422197,-0.08793601496252403
-0.350588203447276,-0.34577338684554493
0.442204901144591,0.48087678947233403
-0.4395084881624365,-0.4248136399256876
0.7810029318787536,0.6600854001109258
0.753687023189034,0.7577497868451724
-0.41043364529897775,-0.2770241406997271
0.044818960792962936,0.14942077007497362
0.4522538882217405,0.2328532769637982
0.5297353011828004,0.5804575170881626
-0.8632930352912996,-0.8015110151513438
0.38114263749114397,0.3046540273219394
0.4965070078382261,0.5509212563374297
-0.1392659732741159,-0.035986210010960994
-0.29622574663389234,-0.43246195401898646
-0.023326689462585842,0.06707093115484349
0.00983045748040614,0.0965439506597253
-0.2318200234926169,-0.11825647687185076
-0.21444501874797564,-0.22475722266838907
0.5661470172444483,0.4691023648804323
0.4983323447582564,0.27381190499625685
-0.5159143619108597,-0.49272997214650816
0.2731739311805351,0.3524029659750378
-0.08001875378048698,0.016677985094486973
0.26151586712231273,0.06330836931986245
-0.45715192072998473,-0.575507442104402
1.018206164951789,0.99287791285651
-0.5946443506937642,-0.6977229354055393
0.5470561594765447,0.5740779079896262
-0.08207870517196189,-0.10709827726748794
-0.37202398891678923,-0.3648274183740012
0.14334266397807927,-0.04173447791945622
-0.27849092661216157,-0.4166976695552258
-0.31425702041581227,-0.19153380747024665
-0.7143522966496519,-0.669119247469879
0.516151072896766,0.5683826475005764
0.12368202421527591,0.19774534331294286
0.2850134863369139,0.21920589296262388
0.016472351279555292,0.12422378384083352
-0.023361997583593225,-0.05490564830004913
0.7887233864439772,0.7888932208495663
0.31284991860048006,0.3658945827664577
-0.7667860670058166,-0.5937818488835838
0.49985209713407747,0.27516279599698656
0.11329960632780256,0.18851652741296654
-0.24299922521044506,-0.25013873952391746
-0.6464425922875711,-0.46503394377438984
0.3313650817784488,0.12539656012531672
0.25278262553700537,0.055545487910700346
0.2504572234765937,0.1884892148645615
0.6233571627574921,0.384945076551133
0.2061424584912398,0.014087561647797613
-0.6144196182633042,-0.4583450055569061
0.16900441298547386,0.11608671665023272
0.14943237775313734,0.09868935199926693
-0.22814383294923601,-0.3719446974104031
0.3210730295662381,0.39497994231788497
0.3397026515967858,0.2678184843047322
-0.030709314024963248,-0.061436596247933614
0.04357626256684369,-0.13041572361833226
0.3053328393985055,0.237267540128483
0.010138817718040705,0.0968180486487338
0.31905060133469354,0.11445035528642318
-0.3591200791759166,-0.2314120819236727
-0.2011345878366485,-0.3479364795325475
-0.2279846166866193,-0.09307129879576613
-0.6365394011193963,-0.5999522292207631
0.4436819168138906,0.48218969228948944
-0.1538812954528161,-0.027201679921274383
-0.006114666876590208,-0.03957468767160201
-0.678986834340475,-0.5157380865143915
0.8474872428416123,0.7191825654112445
-0.49809402081694104,-0.6119004199594742
0.042199382888625236,0.147092256382229
-0.14953168388063856,-0.3020672315716499
0.16478352429702933,0.2560559376341438
0.2401455501112481,0.17932328298425426
0.5054197143689176,0.5588436621424889
-0.2035710789549124,-0.35010224941544876
-0.29990964937840625,-0.4357365342363322
-0.2348765845076387,-0.09919749241445003
0.39369702096675374,0.45953460134056556
-0.15361231232895267,-0.04873851139303806
-0.1579047067229561,-0.30950991854259874
-0.6910360549706334,-0.6483936993107515
0.5507363210689772,0.45540396828001334
0.05556268291788441,0.1589707452971261
0.3502966696092742,0.1422246381971615
0.5456574198929011,0.594610511497141
0.5985284224736909,0.4978858361953145
-0.7951966581816021,-0.7409809021649459
0.11702295932024884,-0.0651297709486388
0.08478032274984075,0.16316605312144494
-0.5286833519652562,-0.38213499106975235
-0.24828630964378387,-0.2548383701313297
0.005966412698466428,-0.16384670127911202
0.4075547153084078,0.45007662428461565
-0.13862532896100482,-0.29237269386530873
-0.0780270520518131,-0.10349680782735571
0.2962367435808998,0.09417137061638425
0.2215183035584182,0.027754979485289526
-0.4278129423876823,-0.5494283502445776
0.046889980394959785,0.1512616763878597
-0.09166598285460906,0.006324892584156238
0.32442724446696636,0.39796146667408777
-0.3245013723756251,-0.4575958435671934
0.4243119844174691,0.46497197460378126
-0.007817446697921698,-0.17609902074256814
0.09322710417830321,0.17067430328007827
0.008515286234867692,0.11715083713444452
-0.013939217645888402,0.07541535054746346
-0.4478893089960817,-0.5672740094520438
0.3951493999242875,0.3171044828180671
0.16233765947419818,0.25388183556940497
-0.084159955554134,-0.10894827760719648
0.047376406728543013,0.15169405535104483
0.6341016474730946,0.5295064806392289
0.02469584515176873,0.1315335561716899
-0.2206726048525042,-0.10834766030286166
0.12795761033732544,-0.05541008115568182
0.37757413816540497,0.16647127691372218
0.06592534205019983,-0.11054987518868237
0.5794757685210453,0.624671265833269
-0.4372189456272516,-0.5577892420130837
-0.01582431299504225,-0.04820548422133718
0.08614012527841505,0.16437476648017768
0.6689275568880307,0.4254520935560563
-0.03524302503559898,0.0782545604495853
0.0465329635824345,0.12916840052819492
-0.03761692988049589,-0.20258745023818966
-0.7059504380403008,-0.5397057342475698
0.10348186282446825,0.05784444984044993
-0.02012702612525244,0.06991507634358436
-0.20008038782184115,-0.0900434673867167
-0.07653164160996542,0.019777640357172777
-0.10648069725071771,0.014932185147257495
-0.08548606865448957,0.011818149650929137
0.3496764332449046,0.4204051900322552
0.1482939698763054,0.09767743388652739
0.11008400464158818,-0.07129773066300385
-0.012555812008464041,-0.1803109010186058
0.36591191808351387,0.434836732111019
-0.29082425373776194,-0.14892875395233734
-0.2553101868754304,-0.26108181655946
-0.11623969194379566,-0.13746359884245132
0.18994086101396118,-0.0003138583320055775
-0.09400199082587538,-0.11769675340429996
0.19061859039700568,0.2572445132522582
0.33938869649325565,0.38948460756003606
0.37511014613558097,0.421237007242103
0.03283532020526014,-0.13996322793973986
-0.6882360284073442,-0.502183664769744
0.14743662259383922,-0.03809540359433625
0.15512327540296755,0.24746904972831107
-0.02020984868624226,-0.052103738169070546
0.38090579694962057,0.44816462443644706
0.08727620600708838,0.1871605435986407
-0.1528166356756173,-0.02625531567487544
0.43092672395599274,0.470851743082469
-0.10177983183715181,-0.002665195400326207
0.6453573695634047,0.5395115669417268
0.023696892594726376,0.10886967076134327
0.07266577691760849,0.1523975679372385
-0.2687533651604487,-0.12931018632805885
0.54895661286409,0.5757671998896665
-0.1519850062503149,-0.16923721155935734
-0.16142185178157692,-0.31263626970581726
0.9162002232502144,0.9239818922591971
-0.08237158991644677,0.036362502777720566
-0.7606615478915366,-0.5883378318931126
0.23661288230751654,0.31990425586568794
0.12046584477975109,0.21666244472989646
-0.31943931178364865,-0.31808548314454294
0.19707664461317959,0.14103981143041558
0.03212868713782435,-0.005580595214344669
0.6875391238287338,0.5770064596220194
-0.34864398702188715,-0.34404519446742154
-0.20286601061597725,-0.21446477099550162
0.13160584398007216,0.20478873865942843
-0.2773977889619379,-0.15877004617791388
-0.04673945546878272,0.04625958359377962
0.5698732591404144,0.47241457989906877
-0.36298704816781957,-0.2130734601123886
-0.05502424009923316,0.06067125817079935
0.013671851789936296,-0.02198667107913402
0.527726736222968,0.43495100397244957
-0.14215453503979106,-0.038553820469338876
0.5972245717431534,0.36171610676060956
-0.1722236222132264,-0.043505970374972426
-0.3728301002589907,-0.22182283974898515
0.035916170011518624,0.11973125068738083
-0.0423712166629302,0.050142462532315246
-0.32521652937242923,-0.17949966562759714
-0.22511056226853415,-0.23423770579777445
0.6007368496489482,0.6217940770317628
-0.14210525626106643,-0.1604552115689142
-0.27905932177388054,-0.13847103665110944
-0.0018130536855139878,-0.17076178250931695
0.7145947277622913,0.46604513433317674
-0.5535562903080988,-0.3824683420148591
0.3975767883353585,0.4629832834459919
-0.27187635503460267,-0.27580729936761306
0.017589490795400724,0.12521679674380723
0.4791933066982028,0.391810177728214
-0.1111029238116526,-0.1328975827249908
0.10566004399849666,-0.07523014012352965
-0.8133388940156997,-0.6351621395590354
-0.4035957107996095,-0.39289117115873035
0.2305118634447021,0.3144811279876306
0.6034296527861398,0.3672317343543753
0.7186871890638444,0.7484147507602016
-0.28143637356106227,-0.1623598991549133
-0.12368429068615186,-0.0003598979064617431
-0.5931499203357964,-0.6963945528651235
0.1538182895279122,0.10258794024351126
0.2161745183572234,0.15801569920289896
-0.608240433349639,-0.5747975912032008
-0.08329350589841669,0.013767094322993877
0.057048449183894845,0.016570304382162487
0.21957376912366144,0.026026504432172415
-0.2918804133788307,-0.14986756252217626
0.7299886020013175,0.7366845235672022
-0.32826325651082466,-0.32592898956869937
-0.5148803078258937,-0.34808969091956554
0.19358347408881105,0.002924019956749834
-0.12648251910883943,-0.2815790851078284
0.16027797620854428,0.25205100599993485
0.6965833403235627,0.5850457631729784
0.20643323362657884,0.014346028434765623
0.14761237531319554,0.09707157205265199
0.7036889894795878,0.7133070902145534
0.9841169907514494,0.7056204792124283
-0.5606530381526043,-0.38877656232108604
0.5023953150857522,0.4124341851838135
-0.09566896902352023,-0.2541892628097669
-0.46832913919444236,-0.3067108743582755
0.41925126489612363,0.4822494848333387
-0.007582951891027631,-0.040879829906657526
0.45105873913489813,0.5105227952678049
0.4640946059390303,0.5003343048451689
0.039120628711359434,0.1443555860024372
0.5864060511827013,0.4871103950477682
-0.20761985155818308,-0.09674521293013176
-0.25754456875658477,-0.26306793378715276
0.09993516727708662,0.1766370260345524
-0.3913655680631543,-0.5170306841783304
0.1468946438742722,0.09643358855138678
-0.31335765589193354,-0.1689584447560455
0.30031239150047084,0.0977941687671141
0.2622439055267412,0.32091146003424537
-0.11842930439632268,0.004311201017830878
0.03329801215268663,0.11740399925730793
0.019340877961415537,0.1267735853358204
0.31373967267472486,0.24474028081845578
0.07291330395652704,0.1743935195536973
-0.10351481881073674,-0.12615260050195448
-0.31893082787208604,-0.17391237540506987
-0.015058905732591055,0.07442007224817224
0.03636209001273891,-0.001817570436642842
-0.01263467982257152,-0.1803810057422569
-0.33448472657325296,-0.20951399072130503
0.11385753687105085,-0.06794347979237034
0.04747456580282533,-0.12695056518634862
-0.6610964002693419,-0.4998354784511618
0.2679174875635244,0.34773057164880616
-0.058995240184314075,0.035365552735529555
0.7783587868902277,0.8014561710503201
-0.48040224345530824,-0.3174425225901563
-0.8190050580970321,-0.7621439243119946
0.39067441068555353,0.4350719090643007
0.029159542215570773,0.1355012868950695
0.13510545065425406,0.22967542772945468
-0.35291518767861635,-0.4828525682809634
0.2518283517202551,0.18970799552559378
-0.8510285779005771,-0.7906092752484791
0.3818165432927379,0.17024230369357365
-0.03958659555479388,0.07439360887696761
0.1715081554651878,-0.016698485486470824
-0.03163463180619669,-0.062259100942363324
-0.09660148148308734,0.023713710274040067
-0.4181594465768379,-0.5408474650793825
0.5225643654940485,0.5740833520314941
-0.2909332382865444,-0.29274675114711685
0.14499584758152514,-0.04026498138305985
0.20640397805731497,0.014320023484308879
0.4125838034407463,0.4763228524285588
-0.5993416727260696,-0.7018983327675886
-0.397442217574363,-0.5224321504105158
-0.2864307390467179,-0.16679933514216275
0.040027485336180724,0.0014405587397499334
-0.24623116407825282,-0.3880223250806403
-0.134469386526685,-0.009946649764713409
-0.17298051833052855,-0.32291063997155206
0.011112370147226658,0.11945935616765249
0.3977234108183327,0.3193924925016628
-0.08397239462375711,-0.24379230778775518
0.17088226182935512,-0.017254835384988718
0.2202342659282265,0.16162436371045727
-0.22752950593691892,-0.23638787794744973
0.5196943836830769,0.42781113504810203
0.2087294732200435,0.2951190033434897
0.11081264012391484,0.1863058907872886
-0.019750872701757127,-0.1867065105237552
-0.5362497502635096,-0.5108058729044193
0.4805861682674536,0.25803752589332096
0.01954938395089781,-0.15177294905472866
-0.00583587630564953,-0.17433762483832624
-0.20534663856807173,-0.09472457916114391
-0.44859991617771544,-0.28917378723229603
0.7651577220819583,0.7679459636388829
0.7762359338677884,0.5208373175380631
0.18692058083235089,0.2757333212210963
0.3042242476971385,0.23628212528282352
0.09976693173461199,0.17648748333013048
0.20451025813619633,0.14764746789531935
-0.057083565830795,-0.08488037563089518
-0.669047796081524,-0.506903385839768
-0.4740089084710058,-0.3117595581596653
0.032587022952498323,-0.005173185601301089
-0.2356040993674763,-0.12162009987172578
-0.054049597808060595,0.03976167929219934
-0.015392621921442029,-0.1828325098301418
0.3808199947027493,0.4480883557725616
-0.274336652500872,-0.13427310840843518
0.1459610957001597,0.09560376795217566
-0.5269923920797068,-0.5025771100743722
-0.5922545802258249,-0.5605879439820328
-0.16224464317506118,-0.05641169436735679
-0.03511979289882683,0.0783641001267161
0.27869802520636233,0.33553734419390857
0.7920561980034071,0.8136316475953684
0.1799883919270294,0.2695713755274772
-0.16471226347300857,-0.03682920705033436
-0.06387322202842366,-0.09091562558434282
-0.5135314837428828,-0.368666663760976
-0.8204576365581027,-0.6197139831259736
0.5563396422107273,0.32537394717623097
-0.12495844895134423,-0.0014924830310771606
-0.15374514912642745,-0.04885658854634903
0.46910147387035145,0.24782890865145246
0.42831505575225043,0.4685302602346981
-0.6325730638437567,-0.47448140162841945
-0.3891314774719409,-0.38003407486746926
0.15594326636110278,0.24819793057998688
0.3413210432073734,0.4129781766655608
-0.07727369041610652,-0.23783790404762137
-0.07590241398453892,0.042112881383860885
0.5999076595522966,0.4991118247096307
-0.27838775055036163,-0.41660595750029256
0.933978538690308,0.939784839317058
-0.8757906106858695,-0.6688988490173219
0.16066878392653855,0.10867726859784577
-0.02155257480014916,-0.05329727249254332
0.5425486796567882,0.44812606480251216
-0.6709117646492696,-0.7655161922548774
0.33156858906091885,0.26058820649507264
0.03253202330546762,-0.14023282518399985
-0.5871041609670866,-0.4340645990713794
-0.2901448967612117,-0.29204600312459894
-0.183126896031277,-0.05319776932435073
0.25089861064854835,0.18888155901741
-0.902031602562557,-0.835945297170239
0.5437897822821246,0.31421851612858415
0.17492211075098535,0.12134689244179847
-0.4489980564354598,-0.3113036172654889
-0.1883771579226324,-0.05786466878333332
-0.6263709878331902,-0.7259243906405847
0.17908346946923348,0.2687670000094363
-0.4068642360492895,-0.530807277943784
0.03979997645163208,-0.13377242238740925
-0.60391694544858,-0.4272333688063978
-0.13527196083958606,-0.032435976735823276
0.4008885209268391,0.44415111816766567
-0.39076599378817645,-0.2377658562193725
-0.5230369558481831,-0.35534004471715624
-0.06298181887081397,-0.22513401822958348
0.6341536370000325,0.6514978880105043
0.39341346036971053,0.4592825474765271
0.4237778365596705,0.34255198204951864
0.47699501606752015,0.5118013360704933
-0.5848671924246456,-0.4103002550073451
-0.4017855303258031,-0.2693369273902385
0.07642864745380812,0.1775182693290583
0.024001173918618085,-0.012805051409194659
0.3698274841729332,0.41654130771974934
-0.23202339032311406,-0.11843724738784821
0.47664839732237263,0.3895480360608094
-0.045638498558783776,-0.07470698250021852
0.30064955231472495,0.35504981273467545
0.20164188936167254,0.28881892880271554
0.6817100157428814,0.4368142792048123
0.5940754068828942,0.49392760011460624
0.40507106054208103,0.46964485874085643
0.05528551419800004,0.13694844551980875
0.2555691796695384,0.05802242491739641
-0.196454008679993,-0.08682001926062949
0.029015714763876266,0.11359751268947653
0.1571718025941567,-0.029441910260720676
-0.4697275696335117,-0.5866857966853148
-0.5368709450907838,-0.36763692404391235
0.4576410537922697,0.4945978140480485
-0.08435253372558935,0.012825736254395988
0.04334228147519631,0.14810816623695888
0.14422501303722807,0.09406058336290313
-0.09424768392794741,0.0040300471856332554
-0.21179055241039582,-0.3574084480425451
0.4832678846772307,0.5391531468609894
-0.13963302389355703,-0.036312477228241956
-0.04255202169651254,-0.20697419851909335
0.034821156774658524,0.11875790558794964
-0.05983302323750517,0.03462085668824861
0.48547600960005277,0.3973948025298583
-0.01215677949951529,-0.044945454447535435
0.21883845851333178,0.1603836460083286
0.4231888233828782,0.48574953682156496
0.7621625826308215,0.7870595450419589
-0.20829026737640494,-0.09734113810188455
-0.39693889141671934,-0.24325287633363285
-0.19868463683864862,-0.3457587453121032
-0.019604573413089625,-0.05156571570404596
-0.4442405285986237,-0.3070747036327457
0.046482654022333814,0.15089960850108108
-0.0188266040541539,-0.050874187384992005
1.0393200161917202,0.7546898351593357
0.19226815550434967,0.2587107933476751
0.6149070876568582,0.6343898441499048
0.8040214387429786,0.8024914895597898
0.6476833313978385,0.4065683375647743
-0.38297503017129303,-0.2526164828084518
-0.40448044684023804,-0.2717324087364028
0.2877786388689417,0.34360900078286805
-0.021304535720528768,-0.05307679331065852
-0.14825225618767357,-0.3009299625112365
-0.20901604094058193,-0.3549422156249328
-0.2394003539272085,-0.1249945483692655
0.1952445645298863,0.2831324178411278
0.5224747905837706,0.29527185684115825
-0.11993880873717543,0.0029694193815173403
-0.18079506888087934,-0.05112503407955283
-0.47033479920787047,-0.587225556306967
-0.10864619317223387,-0.008768627698176927
-0.35654737706970574,-0.3510704300654825
0.06667076854507623,0.025123477147657027
-0.05031615667999095,0.06485622121012573
0.14185827890077118,-0.04305393132150783
-0.5272295721524012,-0.3808427423472145
0.6095126473158873,0.6295947860690418
-0.09616018573848129,-0.11961514888217188
-0.4817711198492768,-0.3186593016070172
-0.49913033835950715,-0.4778108401008615
0.6222618839879789,0.3839714954226768
0.19388070954713416,0.0031882292530370413
-0.3505060148775767,-0.20197920829883936
-0.4470293957587024,-0.28777776908206215
-0.23897932409665723,-0.24656549408943937
0.02691262065523148,-0.14522784976198755
-0.4749197611892284,-0.5913010780681742
-0.16007884215047005,-0.03271061031918901
0.5015876638458826,0.2767055219630356
-0.3197557678819574,-0.17464565541384444
-0.23130806111457736,-0.11780139920248225
0.20468686241773676,0.2915255715192171
-0.1967516629422668,-0.20902979528553675
-0.20253153807976712,-0.09222226761598426
0.12092125358776937,0.1952913249773815
0.6106026904682315,0.63056371331557
-0.08801160656663282,-0.11237196739608435
0.3564159146192365,0.2826747181024662
0.1139304218615706,0.0671320578734298
-0.044717826384238935,-0.07388860723395643
0.3697881314093859,0.4165063274854851
-0.3936355604079089,-0.3840377041438854
0.12132307326452668,0.07370330356494634
-0.703722486034228,-0.7946812779303961
-0.04192574021507864,-0.0714067528613695
0.26394662661062185,0.06546904442058166
-0.19525294908747415,-0.3427083561999481
-0.2905336597829704,-0.4274023212626114
0.011634849788891684,0.1199237825157992
0.4152781224790153,0.45694187510293344
0.31618367273105746,0.36885791977141535
-0.18964265805829164,-0.0589895577928082
0.08560707915199,0.1856768752829977
-0.6269807987087979,-0.4477345717043692
0.391873657312355,0.4579138336477666
-0.057897411146973,0.036341400768721596
-0.1943761609494036,-0.20691823795854725
-0.31229698574625336,-0.31173674888908043
0.1503636110029896,-0.035493636119535904
0.09487342885412964,-0.08481824247407808
0.11010135816896888,0.20744956774253448
-0.319244543145368,-0.17419123342576498
-0.5891870860160037,-0.4359160880037501
-0.8532940472117583,-0.7926230257473068
-0.005589479894962446,-0.17411860580660438
-0.1804098226582639,-0.32951446604065016
0.05838727966556709,0.13970557037986833
-0.1092440536486877,-0.13124525369124423
-0.35236491621314453,-0.20363156504156632
0.5791974948569854,0.6244239114652158
0.6169292184778097,0.657963221350393
-0.1488126239472363,-0.022696194138536727
-0.28139002729522916,-0.41927464794017477
-0.513629348319633,-0.3469777269140006
-0.19160411842972266,-0.33946495117083564
-0.5034612456037375,-0.6166712864366266
0.4441134221870937,0.5043491802030898
-0.2886389311899427,-0.16876217260280693
0.11988687788377786,0.07242668544872514
-0.5022674638121732,-0.3586542016003452
0.2576323284221308,0.3168122803857028
-0.2247900698483888,-0.09023170160622788
0.08617834661219564,0.16440874099909378
0.017441429527083496,0.12508518672752522
0.5662916500177334,0.6129520493858808
0.15289104292295347,-0.0332470299684569
-0.01699314550176209,-0.04924444644953257
-0.09689729310028353,-0.2552811064335565
-0.010023361129504499,0.10067203947722485
0.359805377634527,0.4076327685744995
0.26628190266439267,0.3462767184051334
-0.5700648623648183,-0.5408637503278046
0.25941376100005814,0.31839577601052704
-0.5052018879776284,-0.6182185241023075
0.06904721987303514,0.17095700036837114
-0.5247412402394975,-0.35685496417610235
-0.07058467737397858,0.025063830789161096
-0.08668130260815093,0.010755719469896792
0.4009502347861452,0.46598190251335786
0.001955808410708089,0.111320190179636
-0.09025025304026935,-0.11436187537265015
-0.7201953874266218,-0.5523679114798552
-0.2125879733611754,-0.35811726666546034
0.014322549700101113,0.12231284910354094
0.11690308068014937,0.21349554330802828
0.3334016228089206,0.38416276428507157
-0.14842783150297642,-0.04413008399217033
-0.04814115239676462,-0.21194231469709524
-0.23539113853092195,-0.09965487376847958
-0.1343294596170489,-0.009822270289481337
-0.1143925879615939,-0.2708324796436101
0.3256080065727118,0.39901103299030594
0.10815285595278568,0.061996443732287645
0.5401491118459194,0.5897142376776016
-0.05869185863861254,0.05741115280246209
-0.22678575218319366,-0.09200564145938778
-0.19333209153293662,-0.20599017625502103
-0.14673022955006043,-0.02084517689660267
-0.405427266902921,-0.5295299720359009
0.0706594459872163,0.028668968207337102
-0.34317642782807833,-0.19546401981039638
0.10037785267275823,0.055085329705596583
0.4629409611137887,0.3773636483198459
0.17240420034806508,0.11910874986142492
-0.19443261095956588,-0.06324729370505196
-0.014949756705298134,-0.047428100852675764
-0.5330865925234303,-0.6430049281430202
0.2967767023288872,0.09465133394792861
-0.42277725973223756,-0.2662203148363157
0.3636146653276923,0.15406285661353325
0.1444327472367462,0.2379663580250033
-0.613989198214404,-0.7149183554238858
0.32713472600121085,0.2566469948864434
0.21011950372436627,0.15263346397369265
0.11235005479872856,0.18767248160934522
-0.721536057640914,-0.5535596183370036
-0.10562297804638468,-0.12802651982253044
0.1889401546536788,0.2775284979511656
-0.1756776162825972,-0.19029730936583047
-0.021171890857342474,-0.18796963777316442
0.3715842057583551,0.16114689255190015
-0.4341695215113716,-0.2763467697511015
0.46655277262254213,0.5025193418971795
-0.32273721852566406,-0.3210169558041121
0.3338358500970261,0.4063246716785853
-0.7000808849584077,-0.6564335481887732
-0.453958098670457,-0.5726684891625995
0.14159219340712487,0.09172029924725582
-0.5177521184445861,-0.4943635335098206
0.34207732704038074,0.1349185559137007
-0.06238326542423642,-0.08959121971395419
-0.5366417572242774,-0.3892091290777711
-0.38641479417211605,-0.23389812322731882
-0.5138761244087227,-0.6259289564855022
0.5873229329863362,0.4879254010954436
-0.5964947809950552,-0.42063588929215356
0.04509047799994806,-0.12906975434446172
0.33643275000279976,0.4086330271503842
0.6429827965369084,0.537400835362619
-0.060701043035664676,-0.223106661931673
0.6165397652868315,0.513895918695884
0.11761341527983196,0.21412695184107944
0.6440491608991935,0.40333796378820086
-0.6267009207569212,-0.7262176643505679
-0.02512389437768492,-0.05647177878368619
-0.11465220377822707,-0.014107303792393111
-0.4829770106867837,-0.31973120457369003
0.675065399676968,0.5659187048204498
-0.16157657244112683,-0.055817853714970674
-0.2981851900374639,-0.2991929304812675
0.11938894416555518,0.19392927215763556
0.3492399913061529,0.39824131406038915
0.3197524191150577,0.37203013877941554
-0.8747468193562927,-0.8116921565424488
-0.4027563482222858,-0.5271558220975585
-0.27058667375885054,-0.274660916011389
-0.016928766505558912,0.09453390136517642
-0.343935185731028,-0.21791439886154948
0.10883997571534842,-0.07240353415299472
0.01046019389557723,0.11887964394396411
-0.31483517245687115,-0.44900366586163426
-0.2636790855349286,-0.1465756431316833
-0.1548854734686585,-0.049870210183887716
0.4224166852807697,0.485063191841913
-0.7773917654287311,-0.7251543308290604
0.1094116362219954,-0.07189539148041962
-0.18408661856910027,-0.3327827290725046
0.5257675012405765,0.5551546562243211
0.2569664984231593,0.33799635907959263
-0.4413099461925065,-0.3044697414939748
-0.17754131329799544,-0.04823280689476715
-0.12684407906118303,-0.14688972072457343
0.08782060129440972,0.04392332848039792
0.7849671025808533,0.7855543018601227
-0.33872919047497485,-0.33523204198127726
-0.4278194702220337,-0.292478207297999
0.34158831592904887,0.4132157524181612
0.18992638939135237,-0.0003267219965467638
-0.3367565813644293,-0.33347861166079235
-0.29523031208974315,-0.1528452502652096
-0.3553678123421112,-0.35002192808539845
-0.012799837794765463,-0.045517061821091144
-0.40687550438619563,-0.5308172942432561
0.8664934609813213,0.8797981035757366
-0.11013545617087989,-0.26704836249630876
0.47343265557997105,0.5304107209967586
0.16348908723681202,0.2549053269139506
-0.1959621576998973,-0.208328012847875
0.08485258303446039,0.18500621206741583
-0.38789748532763824,-0.37893719296142253
-0.3292182988987371,-0.2048327216772909
0.12367001350584672,0.0757894726683419
-0.7656038094615636,-0.5927309532886922
0.22768724068382723,0.16824923015988016
-0.4626311777154925,-0.3016460197103201
0.5697572626126582,0.5942566663328382
-0.40270189577934323,-0.3920966689184936
0.39131091215294966,0.1786817426804286
0.5216615102180537,0.5515048864265232
0.07641878136462332,0.1557335718901406
0.7684741423893001,0.7708938928009643
0.07464739713758581,0.17593493571463842
-0.018398061211759457,-0.18550401142153505
-0.3305079126013283,-0.3279242394269247
0.3812194476992192,0.4484434251027571
0.23218390973617659,0.3159673913578302
0.16263717597158595,0.2541480724559719
0.12507004030617624,0.2207550629756077
0.09036718466746138,0.16813215260377437
0.9189349219478121,0.6476808624980841
-0.27125873823444535,-0.15331311219792046
-0.2976758989151183,-0.4337509782689651
-0.24149967246130405,-0.3838165547544636
0.4731080951118519,0.38640110076256867
-0.3576321530719948,-0.3520346754008506
-0.19697058376542403,-0.06550326953248146
-0.15999702605357174,-0.17635900694003007
0.23148584989117038,0.31534689371782465
0.10573943165342725,0.18179637214685515
-0.5288447608800017,-0.639234411126639
-0.17135057101866483,-0.321461797916562
0.6219078917676734,0.5186675866788545
-0.3991081086330954,-0.5239129424627226
-0.11026313757562503,0.011570015969562123
-0.20321074131771338,-0.3497819492934941
0.1616057093455528,0.25323121323283126
0.13670112845596555,-0.04763806505022397
0.6254998096213527,0.5218604025487916
0.48179437871587133,0.39412224174391935
-0.6312970828371179,-0.47334719628918503
0.8687873579051626,0.6031052500157289
-0.08149541540576005,-0.10657979747530856
-0.8695345109914724,-0.9420697445590578
-0.24806097230052057,-0.2546380702706512
0.022784843189730453,0.1298348877609892
0.2942910321513872,0.37117372239357294
0.3661206157485649,0.15629036809875324
-0.2852858927261279,-0.422737639434307
0.3725934405116797,0.16204399011041085
-0.4838803022282347,-0.32053413038831313
-0.022858660428479817,0.08926288454480232
-0.4188764330341126,-0.5414847863747378
0.21971529227292058,0.1611630537946298
-0.6155811773079475,-0.5813226969439196
0.76153833735482,0.6427835383118737
0.1023302384812797,0.20054190579792192
-0.237920601540872,-0.3806351583807462
0.4442666987223436,0.5044854260122009
-0.3817483397132684,-0.25152609129020764
-0.5974537574791553,-0.565209434873882
0.253020313879581,0.33448863948530083
0.1715096939324205,-0.016697117960041793
-0.07012564511649347,-0.09647333499596046
-0.33690341364602694,-0.33360912924443464
0.09694800510039073,-0.08297417469962376
0.21534113640145092,0.02226416423465194
-0.12389134660083956,-0.14426506964871255
0.34299960916376676,0.414470235293466
1.0989313748532554,1.0646336549911468
-0.35993637267341466,-0.23213767614367095
-0.0004955634562189837,0.10914119296458974
0.5482623876847695,0.31819416537537953
-0.243929346291578,-0.3859762648258182
1.1709273834568243,1.1504060346650726
0.053691736692526165,0.15730768198569653
-0.23682480232626482,-0.10092924158656214
-0.1825150803821227,-0.3313858062396357
0.4888986264468287,0.5223823230743231
-0.010960588539717209,0.07806302086406013
-0.13339438682860452,-0.2877229675253974
-0.26292286282692073,-0.40285939063501175
-0.43528345615053277,-0.27733693387480035
0.2841225030644308,0.2184139078315278
-0.258216582931127,-0.2636652797200792
0.36604807693270947,0.4349577621991928
0.22247398748087271,0.16361522731280947
-0.5928130687901112,-0.4173632562210922
0.25601503719168883,0.33715061576273
-0.6548225748437486,-0.4942587447395233
-0.27100995843553877,-0.41004792006489443
-0.19128120947589916,-0.06044604794179266
-0.009358124119204198,0.10126336126415841
0.4433786086224054,0.4819200850081691
-0.41638977996102916,-0.26054255503968604
-0.23104580746938796,-0.09579235726933824
-0.5859079669605856,-0.43300131551004506
0.035405669554956165,-0.002667721954671921
-0.5533577092165063,-0.40406775307086346
0.2303036023455305,0.03556413396272266
-0.06927770008726003,-0.23073035708864667
0.2684051020225861,0.326388079141663
-0.3863888507723748,-0.23387506242754874
-0.5934816404501314,-0.6966894151889766
-0.1086073033191279,-0.008734058939860543
-0.09303171964007356,-0.11683429012803168
0.19267717554524905,0.2808502942992279
-0.1491401017825731,-0.044763213129589564
0.15155816790734145,0.1005789432474483
0.026145344299161433,0.13282199985826126
-0.2643983193994682,-0.1254390345405207
-0.07350061937166477,0.022471882346773428
-0.1618962489502947,-0.17804720507045046
-0.11901372788189993,-0.13992940856521063
-0.26126663237076064,-0.40138718578509164
-0.2751763279588231,-0.15679541417514514
0.17186910633210778,0.2623542327764357
-0.24902052034065222,-0.11176987982157316
0.017395860173927358,-0.15368719241203574
-0.48193534937679616,-0.5975371564571232
0.2679577971718019,0.06903452936385279
0.5403962997670014,0.4462128382338128
-0.3607129587541773,-0.21105204730026214
-0.29401924949631597,-0.15176875018216315
0.09330063373378872,0.1707396628849543
0.14812971992955004,-0.037479317073704395
0.029703196876423088,-0.14274733756537278
0.38578071609844306,0.43072195832020255
0.699926161956506,0.7099623546384808
0.050827373261417244,0.01104045911773794
-0.09931911315860839,-0.12242308436672927
0.41189616125797146,0.45393568735089446
0.38388280814574327,0.1720789835629118
0.11320192134604695,-0.06852624914792936
0.45751673157567796,0.237531359945076
-0.1638853369557998,-0.057870088839124395
-0.19513447638009807,-0.3426030471267249
0.17674010841436308,0.12296289036480089
0.34451593052192164,0.39404214891885014
-0.12165651850564332,-0.020333361327874198
0.7177818121849417,0.6038888492719819
-0.4958271499708096,-0.6098854236518019
-0.11330432940008225,-0.012909193234042167
0.14455432939844814,-0.040657441990239414
0.4798139313472207,0.2573510930753362
0.28328774330975715,0.08266114815314642
0.03843644801121038,-0.13498444766778417
-0.18328432273104284,-0.07511363175045159
0.37302042786597656,0.1624235344253414
-0.2840916121907613,-0.14294418368833683
-0.7040452051162179,-0.5380121938706073
0.03472232863283985,-0.003275136107664192
-0.48948645403124147,-0.6042492494832968
-0.4646789679766094,-0.5821981507680684
0.24322457356312427,0.18206019271925536
0.32284147408741815,0.11782001995551167
0.5117594330225059,0.420757845572039
-0.5723839855956118,-0.42097999874117953
-0.40964751208248906,-0.3982705500768454
0.16359756969902522,-0.02373011727861534
-0.06684582155018445,-0.09355793627035247
0.29437479796581845,0.3494722533134251
0.4952035545166173,0.5279867035808019
0.23464867155584618,0.03942641770522548
-0.1213688466008849,-0.277033598434091
-0.17880881929530482,-0.049359478892375463
-0.26779683745825766,-0.15023586706353143
-0.8031746631453844,-0.6261272676743107
-0.11633850080275629,-0.27256217994686555
0.00896153428405766,-0.026173619973248345
-0.2947053879030765,-0.2960997730284787
-0.06746938491531529,-0.22912296582469574
-0.06850997061726508,0.04868394215477098
-0.40508696763607305,-0.39421673279114233
0.24314789074342794,0.3039372246713003
-0.048196400021845665,0.06674044935069937
-0.37039042387665044,-0.21965423852023824
-0.12418237922129124,-0.022578570852894594
-0.748502220814411,-0.834485486623892
0.24823888895903423,0.18651736196006416
0.36718194900001605,0.15723377543337655
-0.05979364027273787,-0.08728933069039996
-1.012996404614485,-0.8126354823135115
-0.05413182937925779,0.03968858456224626
-0.3972150111881523,-0.24349831613046213
0.03045900920143827,-0.14207550438758154
0.3681518304625755,0.41505183775498694
-0.2700291503085544,-0.15222014515268406
1.10613117205262,0.8140775292579132
0.5363374048109223,0.586326053646493
0.21116566400418452,0.15356338422241994
-0.04587779678314685,-0.0749196920329857
0.4291193066191784,0.2122892044281875
0.4723950398676957,0.3857672738788744
-0.22777653933982223,-0.3716182142020353
0.3138528848557912,0.3885620359085988
-0.7982045164952793,-0.7436545539993258
-0.44863910555230385,-0.43292974427223635
0.08047395552219,0.03739297668286924
0.33604684349365266,0.38651407156038897
-0.2748534935094354,-0.1347325226382693
-0.12206412268023673,-0.2776516216157371
-0.006105174379488744,0.1041548721439055
0.5387207998392072,0.5884446270049687
-0.04572093385122792,-0.07478025831572443
-0.6577095801403098,-0.6187701661282418
0.13000361260820698,-0.05359141247045379
1.0157485615925208,1.0124693041190251
0.3936198827296672,0.4376901064368462
-0.2331174499807663,-0.2413549393197586
0.1125643615038075,0.1878629764583043
0.0030242815523909075,-0.1664619289645125
-0.36157549354571694,-0.355539866933048
-0.4465046090812213,-0.28731129203541234
0.2005370100146917,0.009104940779754865
0.06053475433617839,-0.11534150871225696
0.5723861871889144,0.3396375427123973
0.6547609837508935,0.41285958410082313
-0.5276149182254476,-0.5031304666483641
-0.6939108180337479,-0.5072279222154358
0.295066053471575,0.3500867026518753
0.40821946935083986,0.472443444348642
0.57104130979544,0.33844209614042
-0.3970286007772433,-0.26510854556929636
-0.1810964238430849,-0.05139290515706886
-0.3273490066817437,-0.1813952010136545
-0.044600500770979955,0.04816087665849322
0.25914816997261736,0.19621450063880466
-0.5301281452601453,-0.3616433241944559
0.5878053475683742,0.48835421405725526
-0.059287246593114906,0.05688191906512668
-0.23143326173790382,-0.1179126886454391
-0.2628578831434578,-0.12406975786851143
0.24023602865400923,0.17940370835559746
0.018897582650836527,-0.017341576980556033
0.3845208275341925,0.42960205737420204
-0.23392895377030395,-0.09835515398126358
-0.4935130858525678,-0.6078284777689203
-0.4307957881786791,-0.5520797687254635
0.12200189035060688,0.07430669653035094
-0.2872340583836177,-0.16751339677496258
-0.19149478248018112,-0.33936776366013216
0.020436949792851516,-0.01597325063209827
0.340004956005168,0.39003239379284693
0.324978849465983,0.3984517822287692
-0.6363839845690793,-0.47786888671759503
0.03233176136068899,-0.005400084794020494
0.1777856410747367,0.2676133747698836
-0.3554340292913766,-0.2281355931374149
0.26307937869652165,0.34343003043369247
-0.35849605089197684,-0.4878133355817282
0.4024052708237286,0.4672752678800987
-0.5206890349636751,-0.3532530039309269
-0.19231346098771712,-0.2050847268814926
-0.3727677701252305,-0.365488557225949
-0.293108929520068,-0.15095957686994274
-0.8188927109544047,-0.762044060185215
0.056019878624583797,-0.11935473156700772
-0.15751032830773098,-0.17414860894372716
-0.5018404862067853,-0.33649873836924704
0.30769308234911763,0.2393655338623605
-0.4301680196585783,-0.2945658067971498
0.2583366510510629,0.33921427252661807
-0.06604630087038069,-0.2278580022291984
-0.1512473247954252,-0.024860372670260242
0.0657580540404375,0.16803329740606213
-0.14501940253663573,-0.29805631482142503
-0.8520209267928313,-0.6695461686942634
0.3327775990849673,0.3836080765304463
-0.13490972806166948,-0.03211399204434189
0.07426681692755394,-0.10313523085325649
-0.2247702088870294,-0.23393516945865914
-0.053497353677816106,-0.21670338250247434
-0.3589296365247759,-0.48819874503310523
0.11356359345381814,0.18875118263609153
0.15789887010446782,0.24993624501853354
0.6807863523866676,0.5710039961179605
-0.20711162625570181,-0.09629345710570399
-0.1450899497062589,-0.16310827240908532
0.13337889984050366,0.08441959385470361
0.8322788214996628,0.7056639686628452
-1.1311419611365015,-1.174609700243528
0.13826625601896675,0.23248503249808816
0.2946702507615455,0.22778968356229642
-0.37018848965016393,-0.24125066901189252
0.1468781421833731,-0.03859183062586166
0.34909415959084866,0.2761664914105659
0.4834706755553222,0.3956122833789868
0.14693926465943025,0.09647325147152727
-0.4797669056587415,-0.4605988999224032
-0.08192893968513351,-0.24197590339786756
0.39094757255374346,0.4353147196138029
-0.0051120408959982044,-0.17369421558530285
0.34106912553012125,0.13402237679347007
0.5654532337237383,0.3334749174100186
-0.1350198321950363,-0.03221186238511245
0.0011242806821162854,0.11058105442088771
-0.08225510211081052,-0.24226582555402498
-0.5678610317521335,-0.6739155407907566
-0.014515251766832937,0.07490332021773503
0.24436154317397207,0.30501602683178386
0.4953121474301277,0.2711272851490313
-0.046563843415682066,-0.07552951126190591
-0.44810233833794266,-0.5674633688670313
0.06046098160963281,0.16332478857868024
-0.26408113792542093,-0.1469330230343432
-0.42683553847906425,-0.2698276737223838
-0.810450041321392,-0.6325942704974286
0.08614342417929158,0.18615362641837688
-0.2631371022186878,-0.1243179526020492
-0.1520597708466734,-0.16930366897834265
0.243066519909178,0.04690894957485378
-0.3040542161156843,-0.3044098425507967
0.051136996096105974,0.15503680145554524
-0.012699403308999407,-0.18043853773019278
0.49172965429465026,0.2679428468063847
-0.36903067095060677,-0.21844556925264388
0.32218722675014366,0.11723846676682327
-0.3644045374531096,-0.23610937817006647
0.15738879437816813,-0.029249028674932755
0.509645702787092,0.28386822324411065
-0.423753108963035,-0.28886366395666685
-0.30086246452750376,-0.43658348103552996
-0.09753001495611702,0.0011124196050380569
-0.4543510645139216,-0.5730177921345682
-0.010972741796667386,0.07805221796899328
0.29401432734472466,0.09219588951756193
-0.5428415491212587,-0.6516760006744233
0.8824594531349405,0.8722141690193115
0.612312882754441,0.6320838842366452
-0.9254384105496117,-0.7130302266739816
-0.2742396228886474,-0.4129187329121021
-0.4755598367554447,-0.591870034127033
0.6205362325805082,0.6611694561083472
0.4373060811655467,0.21956633735829265
0.3581092976571274,0.42790106950978646
0.053959426001287586,-0.12118624500993774
0.11945965067373171,0.07204692792868411
0.2373519078314803,0.29878523986068006
-0.5173747021522763,-0.6290388033686612
0.11954824286821703,0.1940708710044461
-0.3934244008744021,-0.38385000678076814
0.0252721265339117,-0.14668606675871623
0.23826179813881074,0.0426380857789718
-0.43960786278303815,-0.42490197292177795
-0.33771286889337226,-0.3343286450198527
-0.7830039231974157,-0.6081977210538941
0.044792560623387954,0.12762137567570914
0.7777697627815197,0.8009325940648018
0.4478000210567264,0.5076261569760967
-0.10313339280665595,-0.26082430617255414
-0.6523468005666948,-0.49205805649325324
-0.01981510133601886,0.09196827040476761
0.13845106378288247,0.23264930606601325
-0.8963415693633594,-0.6871663678417573
0.29113360360312873,0.08963524619169884
0.8442236988469068,0.8382268318743926
0.2992094521301764,0.3537697236817433
0.027951089673119565,0.13442710685733508
0.0554914267888785,0.13713147893392297
-0.25462088534525296,-0.11674798204788492
-0.33519915486924556,-0.46710498356152275
0.27600068197438427,0.21119451130704195
0.03497591365005687,0.11889546725497037
0.6813883855904574,0.436528385735991
-0.36085615748700717,-0.35490045710308377
0.6173555960014946,0.6583422235936685
-0.5749038809242762,-0.4014439781181279
-0.09447265314307096,0.0038300745499679025
0.3964684561529159,0.46199809928382074
0.1631488779566938,0.25460291866495666
-0.18131964848213453,-0.051591327058446323
0.4568108798047893,0.49385988161473254
-0.11022671251838909,0.011602393798216272
-0.399845967103408,-0.26761287119255395
0.33085089641124527,0.1249395064655803
0.2264671137101953,0.31088579489029133
-0.0005867868337343651,0.08728417793604483
-0.6867555791030564,-0.5226436374144635
-0.3043357425184287,-0.1609389662018189
-0.06695540325229399,0.028289852230658497
-0.2913753625661457,-0.29313975050676244
0.06917140663269064,0.02734626655886986
-0.4125289636607674,-0.2788866459102068
-0.38664145242785153,-0.23409959723241702
0.3653743702583681,0.41258298424013595
0.04643393353841241,0.007135179363955875
-0.5742436029028569,-0.5445781863616168
-0.1695526158598389,-0.31986361555316123
-0.06225607907938921,0.05424295685510505
-0.061459888893820175,-0.08877044057580645
0.5596380237430258,0.3283058418716074
-0.7084961832272321,-0.5201926912763106
-0.0018761100786507875,0.0861381128294525
0.4126991453694909,0.33270425654713676
-0.03569332377283943,-0.06586682713493465
0.6765497477475425,0.567238125327627
-0.6815512778865775,-0.7749735373547068
0.17752052707911375,0.12365659584457929
-0.39294054057382527,-0.26147471427736924
-0.2729182731571664,-0.2767334488098919
0.5951726338404546,0.35989216195821083
0.4058703600162726,0.1916234741144935
-0.4304308796844492,-0.4167446546119211
0.14864482141143326,0.2199344963761939
-0.12334237142678775,-5.596967591584937e-05
-0.11712276163532234,-0.13824854967936392
-0.49535414674828404,-0.4744542253353299
0.12230796664301746,0.2182998863861332
-0.10346146653084029,0.017615945787148566
-0.5377879526593485,-0.39022796946450106
-0.23452252852631636,-0.3776146490344745
-0.3026684558179744,-0.1594569335791929
0.24636138491132994,0.04983771846565552
0.02892985883502134,-0.008423998150169544
0.19106575907089396,0.2794179240998012
-0.06984621581087913,-0.23123570439853033
0.1110245119995279,0.18649422134338908
0.08367756244489677,0.16218582173927254
0.35391183511109325,0.402394064109225
-0.46541540199065745,-0.3041208857326889
0.30423298292840417,0.3800110119731437
0.762917647700961,0.5089988409453277
-0.5004947327148379,-0.3353025130430716
0.3207233176559162,0.39466908728648764
-0.07917424288877722,-0.10451653301576831
0.3122101204789582,0.3871018009069694
-0.38050923586459323,-0.2286487380650763
-0.08263823181374408,0.014349560176036193
0.3056576148172243,0.10254547838200606
0.3198945646831334,0.25021129593704117
-0.1915170994111558,-0.08243165546610753
-0.0016680636346419128,-0.17063290246409724
-0.001993330265720017,0.08603391710761316
-0.012840408141006066,0.07639207010735892
-0.010249637945036506,-0.17826096851778134
0.86777423581247,0.8591606425104489
-0.014296578292037461,0.09687362422163995
-0.2270398713311689,-0.3709633981943434
-0.13321608217148875,-0.008832601448983414
0.12942426951630312,0.22462548894016493
0.5367397715796164,0.3079518399485768
-0.750113715318822,-0.8359179261833682
0.3684318158652078,0.15834476820243587
0.8056076637640088,0.8256773949381255
0.22652409877129528,0.31093644827793576
-0.09902477064588752,-0.12216144657764406
0.07844840172013157,0.1793136064546791
-0.2913822224926427,-0.17120065376076254
-0.3133962646920941,-0.3127138857298277
0.1161060819600841,0.19101117241943907
-0.09701856842038081,0.0233429663297792
0.05852483661881359,0.13982784322719857
0.7597712776604549,0.6412128185835493
-0.2638075410325479,-0.12491389821436932
0.24706949847046455,0.18547790374800222
0.16489957192460492,0.2561590910808776
0.10732918915466638,0.061264295467292715
0.44506874869709334,0.22646648627522298
-0.22127528061698443,-0.08710744451164618
0.2920336850529761,0.36916719163942985
0.11138776373087175,0.20859303935311482
-0.16928057038253644,-0.3196217973511146
0.06692870878271007,0.025352757358887097
0.19945785651467457,0.26510163869018616
0.5171991445824968,0.547538339194917
-0.3359503959227672,-0.18904088033900868
0.18371273930858767,0.27288190653330674
0.269647735839874,0.3492685701166724
-0.20560709801513033,-0.09495609866964043
0.15019401764602497,0.09936636523738923
0.45939615584694027,0.5179338323451758
-0.088679337255445,-0.11296550578613962
0.2042155512324197,0.14738550620307342
-0.2927189287955194,-0.15061290955923293
-0.8269889536698679,-0.7692407203767376
-0.20123393127704453,-0.3480247848128996
-0.21852524135406973,-0.08466296516683317
-0.16512129103811937,-0.18091390914851688
0.6150465488636991,0.6562897372489613
0.6878226904811063,0.7209796409088789
0.4618464783337516,0.3763907747375907
0.7184194200404079,0.46944486080261366
-0.3438512626771205,-0.2178398005914095
0.16757176567159526,0.11481325237122952
-0.26006628160893097,-0.2653094563225716
-0.02350642589862098,-0.1900447800320787
-0.33563033232796313,-0.46748825241371605
0.0859203942280598,-0.09277649547502907
0.3424749648907658,0.41400388482857625
0.19787508344876892,0.1417495348398283
-0.1374947128727662,-0.03441175632087237
0.38236858366444704,0.42768895171220617
0.051267436283263385,0.01143162624826783
-0.22670999829688845,-0.2356594267118671
0.17060222831764132,-0.017503754062067705
-0.8450646358144235,-0.6633627989356787
-0.25804696582639775,-0.11979338692001368
0.2154289102744189,0.02234218545506793
0.2729640379608869,0.07348452117637283
0.2466587215793622,0.185112768733689
0.37819834665711377,0.4239820743723543
0.35792163774168484,0.42773426069605974
0.7521390522103343,0.49941786717588177
0.09035285082605332,0.18989533899327618
-0.5636284340320343,-0.41319728624022184
0.18200717420396478,0.2713658486625309
-0.6784485896094056,-0.7722155922194426
-0.22289770838897707,-0.08854960253119525
-0.45014981977871954,-0.312327406903942
0.28996915243231314,0.3455561239503092
0.40217279336724343,0.46706862125211185
-0.16702480402804767,-0.18260592069511974
-0.05032936124995799,-0.0788766382257067
-0.20424490836990872,-0.35070120889544554
0.6035114941503683,0.6242604276996917
-0.3635656852285591,-0.23536373174824377
0.36254373675926743,0.15311092010826657
0.023547982342974914,-0.14821863937288227
0.34700794017232073,0.27431207414965214
-0.2964090549271931,-0.43262489472414273
-0.06710602616463043,0.028155965197470576
0.40279143320087674,0.3238974012861464
-0.2389813131409846,-0.2465672621288415
-0.2701730545045651,-0.1305721324117179
-0.0040231918931466215,-0.03771559879742993
0.04212060692994544,-0.1317096397400196
-0.42705140665465413,-0.4137406785854366
-0.39108281551383917,-0.23804747553107264
0.6188685512080169,0.6379111450842682
-0.22818652542176282,-0.09325077322700483
-0.3700604935867689,-0.4980928401993212
0.7104982880756273,0.597414605619258
-0.44962391525210355,-0.29008400863175215
-0.2029329875365024,-0.34953505704352883
-0.23067462806895966,-0.37419429307237967
-0.13694521690849285,-0.033923315463740465
0.312223476285553,0.2433925506947475
-0.12953706045439414,-0.1492834819629833
-0.16977177709705832,-0.041326552493934104
0.4864528362062222,0.5419842148867597
0.49523955575757633,0.5497946322657411
-0.44464797637323683,-0.2856609518505373
-0.2550098755892586,-0.2608148731939739
-0.19122749349766227,-0.3391301734534487
0.15109973950235772,0.2221166457903489
-0.5628425138202225,-0.5344438849548308
-0.043300981490668244,-0.20763994055834287
-0.5137986441514565,-0.36890413967970814
0.4948113569108751,0.5276380834868087
0.41191180095602586,0.1969936438387185
0.30564264449836037,0.35948811689790694
-0.13291358672534093,-0.03033964418982767
-0.5870910107881279,-0.43405291002341617
0.5720289336116886,0.3393199839770855
-0.28102466644462054,-0.1619939372736318
0.1279982860461365,0.22335794807779463
0.08697080584999482,0.18688907679233532
0.3090860017444872,0.36254887889446397
0.1372787264189718,-0.04712464463866284
0.3451822667889846,0.3946344478229062
-0.32504166111293015,-0.1793442271747091
0.2159215433570274,0.15779083253605808
-0.5864508450200707,-0.6904398192511452
-0.23167643506982344,-0.3750847881842586
-0.7183365619454518,-0.5507156221632596
0.6725235665741716,0.4286485466104035
-0.3248095627298012,-0.20091384508268126
0.20684931537895557,0.29344775192918926
0.46646815840144185,0.3804989347977598
0.008926978971893505,0.09574085865215852
0.21277972458668434,0.27694329919863925
-0.3880491170765835,-0.5140827277458231
0.4206207634028686,0.4616908892574696
-0.09804910955729484,0.0006510021817688462
0.5734583735701486,0.4756013482810547
0.1520553116432331,0.24474197083076932
0.45297079317457156,0.36850127681831957
-0.06911204899285747,0.02637283379460209
0.32776517432353613,0.40092851543548313
0.1425890499476436,-0.042404357057621224
-0.3238766255499869,-0.20008456758951298
-0.7518236652538388,-0.8374378816811612
0.03516582508446325,-0.0028809170395545152
-0.28321898015062247,-0.14216851076376893
0.31357964592511123,0.38831915685910545
0.276288642882721,0.3333956710173385
0.07607694253252106,-0.1015262303155079
-0.20061955511530788,-0.06874679962126708
0.28906370800598963,0.36652721204210853
0.25938475688782786,0.19642480011899183
0.4480624052485835,0.4860834597869941
0.07948908254777487,-0.09849321696861563
0.14678837313570237,0.24006024771296422
0.41360278947997575,0.45545269021489837
0.35061220219197864,0.39946105707001195
0.5475274852537864,0.5744968642360634
0.06205822341445624,0.16474455907185653
0.3418958787231589,0.269768019528175
-0.3327413663919447,-0.18618840964494418
-0.09645441016287437,0.0020685127545870697
0.08514017872636204,0.18526185268243953
-0.09676098130505076,0.001796005072652497
0.42835734624606536,0.4903437793666202
0.6998717213198145,0.7099139629614215
-0.5248296592365875,-0.5006546808804885
-0.5705771105150106,-0.41937388755842286
-0.34231511065126696,-0.33841952658242586
0.0028871819250143593,-0.03157304429239795
-0.10994455484664761,0.011853200617542074
0.06394612774513952,0.14464676867282167
-0.2747775473038433,-0.41339688794783175
-0.07696917823030075,0.01938871891687473
-0.1002633201653487,-0.0013171850253901021
1.3233794289957148,1.2641430364511108
0.5760115252878394,0.47787081647455765
0.1492075133423421,-0.03652127848455589
0.16679777830491135,0.1141252636008438
-0.2652029883705868,-0.2698754178884879
0.3547320714606831,0.4248990906685026
-0.09438132138370703,-0.2530446871299329
0.4794433902939148,0.535753596298042
0.2932448788159079,0.3484678807357268
-0.6197811744968549,-0.5850560277785041
0.003667060509153247,-0.030879818884274508
-0.3735202095104764,-0.3661573922350564
0.24190088844650803,0.18088358372670754
-0.4052045649781591,-0.25060014172157924
-0.415346664402372,-0.5383472142576351
-0.47601294696669016,-0.5922727987592511
-0.24813354089972847,-0.3897133266997297
0.002268033288149618,0.08982179582216397
-0.37460232647892056,-0.3671192739847846
-0.15183015721377532,-0.047154373512880446
-0.15337338841792972,-0.048526134583239906
-0.3762827343720021,-0.24666777543130428
-0.07252577723096196,0.023338408694064783
0.09937665573244955,-0.08081537413779374
0.11744763814090256,0.1922036668023888
0.02706942372937691,0.13364340379623052
0.5154060907070748,0.42399931906943356
-0.7281676413469228,-0.6813995538674532
-0.029190250124651783,0.06185887723300714
-0.8310056935047209,-0.6290900337451898
0.46471442702168453,0.5008852569186394
-0.03723555440735656,-0.20224844981762136
-0.25057897714844934,-0.2568762968021435
-0.14066681112494023,-0.037231399211693716
0.31852971837697824,0.3927192212607651
-0.0991425003906837,0.021455026800621106
-0.11952939372493632,-0.1403877782034652
0.4558758615068331,0.49302875423877146
0.02135595252221381,-0.15016711032466998
0.20780484759915197,0.150575991862391
0.2526343720132995,0.33414558004860617
0.16454077106316473,0.11211903494151348
0.010514565910912266,-0.15980389842360462
-0.01684775010744774,-0.049115206099030924
0.19894694441407293,0.007691549134760395
0.08430080584487559,0.040794621414145346
-0.1796343000498926,-0.32882511261098674
0.31706433164147485,0.11268478222578432
0.34882116886170483,0.4196449550249664
0.24580336216546977,0.18435244925467353
-0.11905742563417063,-0.2749790020192339
0.021581875001608103,0.12876558270488048
-0.26491759643281404,-0.1476765417075815
-0.3800103708850282,-0.2499812301095497
-0.4355276810628282,-0.2775540226857296
-0.04663497973821895,-0.07559274354860533
-0.3522440092051314,-0.34724521418586085
-0.5507414491468591,-0.4017421885645105
-0.7053302411073747,-0.5173785205031043
-0.8459794087263931,-0.6641759304129851
-0.5044900697092005,-0.3606298512865918
0.9846621332418553,0.9630609957810135
0.6553761038637016,0.4134063575344303
-0.3017672638600278,-0.30237699610132435
0.2184811674249767,0.025055302922230405
-0.3080574441126517,-0.18602307297854834
0.06431559797792258,0.16675111423938221
-0.4334337791486878,-0.2974687041216916
0.7758753700292231,0.7774727618142294
0.32411506294084846,0.11895209893633868
-0.22396755272287822,-0.08950057527244068
0.23122476292137886,0.29333888882947884
-0.016631801157074244,-0.048923251476476706
-0.21097281984733005,-0.0779497016052868
-0.4112470193610444,-0.255971212284144
-0.10882009656481542,-0.008923208491582754
-0.3784418325719914,-0.24858697383129474
0.4696997322510367,0.5053166393447301
0.19577421619245403,0.2618272917371012
-0.522826716367384,-0.3551531651786681
0.28797666446844006,0.34378502353797763
0.40695348125573727,0.44954219401557516
-0.6617786393440411,-0.6223871076426694
-0.20878052091212007,-0.21972211348096188
-0.5130837852401542,-0.6252246550023304
-0.725890818688268,-0.6793757115042044
0.03946523128719304,0.0009407773628719892
0.17436934221619727,0.26457666467340407
0.33745356463420473,0.13080854488598864
0.31014194124764904,0.3634874917861634
-0.08037712621943893,0.038135359397283096
-0.03909204819399442,-0.06888791550929464
-0.1222681777968794,-0.2778330039416417
0.06925144836726968,-0.10759333624017582
0.0359935141986199,0.11980000107591529
-0.08768838468199897,0.00986053540425409
0.26630006682223367,0.2025717422829081
-0.6841963096857431,-0.5203687312657407
-0.5832660101881553,-0.6876088549561091
0.8761034722781715,0.8665644082577391
-0.062334787066682606,-0.22455887884813336
0.8470675025321278,0.5837987119063647
0.1686967010482989,-0.019197556079260967
0.06125061136085963,0.02030555965057563
0.4619688439774061,0.2414887931910565
-0.29321887013963865,-0.29477842390542286
0.010645472035674702,-0.024676786416255442
0.24369670933296722,0.3044250634175574
0.4204387367831839,0.48330501539961446
-0.5086802800591386,-0.621310428174761
-0.20683256598832592,-0.07426947595283867
-0.07007284916968387,-0.23143715627302347
0.6187976718392322,0.5159029467424623
-0.054642274978613466,0.03923485514059676
0.11047710485722839,0.06406244275845895
-0.026785966051124266,-0.19295992683430374
-0.4946481375353613,-0.35188146713206797
-0.3770522899047606,-0.5043077702597584
-0.07922405240015476,-0.10456080813699271
-0.06982542980579168,-0.09620647694200331
-0.26260660222291476,-0.12384639705025093
-0.12505066660984113,-0.1452955763233806
-0.2998733996002646,-0.300693561203757
-0.6584643204992287,-0.47571992440697447
0.028515631293668575,-0.008792200409149754
-0.3608444723636296,-0.23294487586830645
-0.4306081611970036,-0.2949570437201945
-0.2553012378808177,-0.261073861897582
-0.3628622089347576,-0.2129624919052224
0.09209533000914644,0.16966828179638332
-0.5550094686730511,-0.3837600561170388
0.5921290952247051,0.6141427397657689
-0.8413607795438474,-0.6382945546688578
-0.3931986908517949,-0.518660126657122
0.5722074874482342,0.3394786984984593
-0.38810710241502394,-0.2571783248028792
0.020955880298915985,0.10643321538728963
0.3058982107134852,0.3814912144487712
0.3979148367002208,0.3195626488411189
0.151295757223114,0.22229088376435455
-0.77602414587661,-0.7239386690049527
-0.14721394140053815,-0.0212751429859162
-0.37519551496816733,-0.22392543060158662
-0.5005568979522622,-0.6140896440797597
-0.09184028530003002,0.027945884658979934
-0.056042500689654856,0.05976613764598006
-0.3231017720250915,-0.17761988131885256
-0.5563191983177673,-0.3849242602456754
0.5728175060514035,0.47503168826439235
-0.14809885548751214,-0.16578285532575487
-0.2355714121555247,-0.0998151169903487
-0.06793058305103769,-0.22953291972311568
-0.015581381394310506,0.0957315770196195
0.14732104767109672,-0.038198136858996236
-0.20117656748223836,-0.09101784930706984
0.675394909393713,0.688156796804887
-0.5633127417205996,-0.6698726163182819
-0.45794194698971136,-0.44119893666104304
-0.13697161611406503,-0.2909027268902512
-0.19278155730504676,-0.08355561803845506
-0.24222812861367846,-0.10573219828648533
-0.10314716985791103,-0.26083655244033654
-0.33396309987522754,-0.33099551700372415
-0.025265223395474296,-0.19160815558483718
0.06986860334624748,0.17168711901122657
-0.8938613318638116,-0.7067376398684682
0.7767159175888513,0.5212639697345633
-0.4894859939031964,-0.3472928950145881
-0.1362430496499623,-0.011523239207626594
0.1328727980633836,0.2059149200668164
-0.3536072704551897,-0.2265118075052488
0.08125172478463996,-0.09692642386918002
-0.31105171471341697,-0.44564059231189723
-0.10890963654681482,0.0127731279951712
0.6021251797277543,0.6230281482129237
-0.39306238319586184,-0.2615830188302907
0.3867880154491477,0.17466139005482686
-0.34115357089025633,-0.47239779780242114
0.5231807680383445,0.4309101433638955
-0.22069182941116797,-0.23030994325789333
0.4297655897867764,0.46981962382094333
-0.8003189953674111,-0.6235888963161123
-0.2765780111548053,-0.27998654925223765
-0.5640310130900439,-0.5355003287502276
0.7121972051062494,0.7426458761312282
0.8562803350145879,0.8489438418012202
0.884549928646698,0.8740723694742069
-0.9982970112182666,-1.0565253003162083
0.06151955561260092,0.1642657432479852
0.5364608624488771,0.4427146717288134
0.26133084195905265,0.19815465351563605
-0.3179634100618095,-0.31677357050290805
0.12054288084258608,0.2167309212301942
-0.17403903217640465,-0.06689559570188426
-0.2941635674792451,-0.2956181548739619
-0.01675593667232387,0.09468752788360761
-0.3994137578431531,-0.2454527576015739
-0.5083591392566287,-0.48601421867608074
-0.15352019324898628,-0.3056125732324034
0.07311266785357057,0.030849609866318666
-0.23231503566260672,-0.11869648768961939
-0.08915343537124065,-0.24839767734107385
0.45597268085873915,0.37116962142646853
-0.033829974531402324,-0.06421051669810167
0.18637585083417219,-0.0034827562695958153
-0.1282505968021061,-0.2831507097240654
-0.24036070937908968,-0.12584819765982655
-0.3646287914863795,-0.3582539095469703
0.32953737499900004,0.3807278773429198
0.41483975325407674,0.334607019111213
-0.9081561920716665,-0.697668254693586
0.11737935693895377,0.07019777794221484
-0.26649045449336917,-0.1272987101795438
-0.3453511820476821,-0.34111825671257257
0.3550178066800104,0.28143195548982075
0.34147649988651696,0.2693952383400488
0.6620710498757397,0.676313366122244
0.005518058118878684,0.092710706782812
-0.05556230477438776,-0.0835281435807554
-0.21964114648863883,-0.22937600288231197
-0.4307002218623859,-0.29503887542275653
-0.24254178811050936,-0.10601100672811284
0.24656253441481596,0.30697246349031176
0.472293277215044,0.5293979402279345
-0.051536793648837786,0.04199528298928628
0.4695670504551237,0.24824275450458336
0.6103011518849056,0.37333973355327843
0.4304365162230253,0.21346005740938473
0.4564948118527922,0.2366229868580665
0.920655520014826,0.7842210340096568
0.26778408716501256,0.06888012046892895
-0.5574889190532986,-0.6646958850584587
-0.04099706745926068,-0.20559201697486945
0.2185684618380871,0.30386477100397286
0.19329875710016406,0.2814028112369302
0.3279078744415899,0.37927943240299977
-0.484671780040476,-0.46495878826172266
-0.5345159927229794,-0.387319560632173
0.4657982265900116,0.5236245618945724
-0.05676061376493213,-0.21960405813546632
0.21788041050500118,0.3032531698190076
-0.2515936647265602,-0.11405711927571358
-0.18661134845077937,-0.0562950603639084
-0.1440247620739496,-0.0184403169178375
0.22137485926078804,0.027627473442951595
-0.3333659824554346,-0.20851955150546642
0.467099698370414,0.3810603036590684
-0.3357019712587317,-0.3325411804557278
0.016218677405520382,0.12399829595280247
0.35463175719390544,0.4030339948495025
0.40402081572169124,0.44693538020753437
0.27942740665725857,0.21424048880293023
-0.30939225842303963,-0.44416552005378407
-0.16666780737252176,-0.06034339587621061
-0.021913536846407372,0.06832706681366887
-0.03516180947409329,-0.06539436998049365
0.3473632470272472,0.396573096923584
0.04232540755285488,0.003483156265682519
-0.5238790391724253,-0.4998096852678999
-0.4293142628382151,-0.29380691184571583
-0.06268458002389055,0.03208613954479492
-0.19357722820136083,-0.20620807551584255
0.27993618043195534,0.35841385419852245
-0.3002119242169672,-0.17904927751571764
-0.28514713665954167,-0.2876035497008923
0.25460885815562684,0.33590067884178604
-0.16891440665013513,-0.062340373011866936
-0.7689595733120519,-0.5957138544891262
-0.21261500740869702,-0.2231305459223636
0.26439242355626336,0.20087605937982334
-0.17465313430656673,-0.18938665872047006
0.49440292826851007,0.5490509633865712
-0.7698105758936742,-0.596470301228346
0.7480359275167451,0.774502518273891
-0.10335285241639236,-0.2610193813812087
-0.6906050169574315,-0.5042894323698213
-0.41072012366971317,-0.2555028605585162
-0.5581849594097564,-0.38658271454966586
-0.3810592927681439,-0.3728587995752053
-0.33486944371647487,-0.33180115597372173
0.1375621352706557,0.08813802534817211
0.012831034568302147,-0.15774481517259142
-0.6973748605611781,-0.5103070711287074
0.7101372202315573,0.5970936564245292
-0.08549715766996543,-0.24514765271771813
1.0819396725297714,0.9275847251340529
0.33022419024190314,0.12438243431505389
-0.5906072087610156,-0.5591236137910912
-0.2654188618431983,-0.2700673054196981
-0.6119120305979429,-0.7130719842092537
0.15446663983221903,0.225109446083559
-0.31286287844862115,-0.44725051563207874
-0.18828317899957392,-0.2015022540031431
-0.11450500304131797,-0.27093240415892045
0.4436692012436533,0.5039543171422539
-0.1780336922890409,-0.19239159914933596
0.2384796039805783,0.2997876364376561
-0.6083554290611942,-0.4529546151550306
-0.4894566801709369,-0.32549091078182624
0.1720715974095754,0.11881310280498963
0.18531399830897272,0.2525293202851178
-0.19847636343246874,-0.3455736133954989
0.35947418579805435,0.15038243036496607
-0.1856649215304503,-0.19917491403058876
-0.09893364083258963,0.021640679741149176
0.1509406608276867,0.2437511701058392
0.2502493890803753,0.3102496676374756
0.024955192579494544,0.10998815963669278
0.5828297546154354,0.34892071375819367
-0.3741186996799695,-0.5017001345043884
0.18005681512610208,0.24785626856701054
-0.30175024401452344,-0.30236186734976495
-0.25361737310686994,-0.39458784421718884
0.4818479250248733,0.3941698384630321
0.19070360260506702,0.25732007965942383
-0.11037403037601246,-0.13224967744886623
0.7266132146500168,0.4767282337889328
0.12043687915692575,-0.0620951755382593
0.08677992735659562,-0.09201246602744166
-0.25812341264809247,-0.11986133965040888
-0.5571500464868075,-0.5293839139917951
-0.09900158114305563,0.021580288354068236
0.4653298607290922,0.37948711464456014
-0.27961802872179337,-0.16074359263111873
0.9026141070114604,0.6331734714435493
-0.34795833340872717,-0.19971460254875087
-0.5058777471037261,-0.4838085367623895
-0.0794920769755067,0.03892206983633398
-0.1633832139070477,-0.17936895169867534
-0.3039508026932666,-0.16059679746834146
-0.5603624900152615,-0.532239419350421
0.03751502145712901,0.12115245197236785
0.44593979271994655,0.22724074762887023
-0.061513456508645474,0.03312713822501276
0.13175751772341263,-0.05203238570138209
-0.17676099559430294,-0.3262710642060182
-0.11229406663155789,-0.012011181884242697
0.2959279739595134,0.22890765973826785
0.0990561575900474,0.05391048963207587
0.4506646093482024,0.5101724576796309
0.33911752937757955,0.1322876246578774
0.33522004169371233,0.4075550642089731
0.14239345450921198,-0.04257821966956044
-0.06619777324561701,-0.0929818933329592
0.23709816867632588,0.17661449948654562
-0.42614789988506774,-0.5479483124644757
-0.46370554856036933,-0.3026010160168773
0.1096539633702392,0.1852759558951325
0.1264392143622111,-0.056759766466894575
-0.14490293469005064,-0.2979527878466828
-0.33012167512136104,-0.18385979518220325
0.8397979692542421,0.834292850014246
0.08295003741584339,0.03959393836611675
-0.13489511022807654,-0.2890569438804836
-0.00652394784122412,0.08200670148494285
-0.16584059191776443,-0.18155328770820134
-0.7250539263903117,-0.8136425582469149
0.2716775270288947,0.07234095590349082
0.5440548966837812,0.5931860464223676
-0.3303951642481546,-0.20587882421010648
-0.05275859903000355,-0.2160467117044187
-0.16255681019280754,-0.03491324857904455
-0.016847715285198184,0.07283001931252144
0.37394821008452506,0.16324822973071784
-0.12258081436105678,-0.27811090310979936
-0.33170412361411844,-0.18526641606465427
-0.2373415196611814,-0.38012041893213233
-0.1798034333831063,-0.19396470234406077
0.710474199828642,0.5973931938441601
-0.20071669575952508,-0.21255426890087747
-0.768762934450591,-0.5737631368081854
0.03559558869140539,0.11944628951394683
-0.0859627149384374,0.03317039164706223
-0.18689386479646067,-0.3352780590523806
0.18611165782970418,0.2532383509702124
-0.3160838949697684,-0.17138176838078756
-0.007379039047870045,0.1030225479942332
-0.5365662557690793,-0.38914201667315074
0.6787741597452341,0.5692153804366862
-0.6923317427843971,-0.7845561728194352
0.4097605482997349,0.4520373647213509
0.054289480920445755,-0.12089286285957487
-0.5223870408688642,-0.3765382700951817
0.10000443197067477,0.05475340019263351
-0.6576369215900277,-0.4967603862917714
0.13778065587373134,0.23205338792454558
-0.12994824082139098,-0.28465972663009637
-0.7296138732082088,-0.8176958443072678
0.02570388999948424,0.1324295960363259
-0.1315878386319145,-0.2861171469061174
0.05965996245567845,-0.1161191014949236
0.046212538354941324,-0.12807236736224548
0.16646124891941802,0.11382612636929418
-0.0677382441397314,0.027593993664047516
0.14489848874178549,-0.04035152257393955
0.37416633966731405,0.44217399574106353
0.030707447355654255,-0.14185467047272288
0.716643638096121,0.4678663879632475
-0.057713796112759785,0.03650461413246672
0.7221941963346125,0.47280021750857326
0.46387954918892693,0.5001431432895216
-0.47687258115683034,-0.3143050449915093
-0.2675821234287252,-0.1282690825665269
0.13407838953077428,-0.049969388539282844
0.31890066101505615,0.3930489480501676
-0.22746016395570257,-0.11438104617237138
0.4738519666664479,0.2520515689146492
-0.2013892178929814,-0.09120687189439695
0.3347817844555356,0.40716550221948267
-0.10101458319659692,-0.1239301688449413
-0.4668104703083367,-0.4490820684998212
-0.35435829028908467,-0.4841353261569352
-0.007887283344714724,-0.041150346754379355
-0.046455587613568994,-0.07543328388224986
0.8612403368435031,0.7314075378573698
-0.33512344581445774,-0.21008174115793146
0.4608726013945138,0.37552510634715713
-0.08058832010200329,-0.10577349053863586
0.3486468410678554,0.3977140694041247
0.3866893055828339,0.43152959341743885
-0.21684124405404426,-0.08316607867792161
0.28607208994227246,0.2201468739451648
0.30554259178837573,0.1024432356896962
0.1936475349618369,0.002980962954995034
0.023208387235796796,-0.1485205016903739
0.34588089092316987,0.41703137463515755
0.018244280639667376,0.1040229045790686
0.277465372120188,0.21249645810331197
-0.060855973681057884,-0.08823362705335105
0.17564705037537257,0.24393647767747323
-0.5361887149926325,-0.5107516193303064
-0.28618314183258964,-0.14480332114773975
-0.20031812797922047,-0.21219998642949556
-0.2794900374501915,-0.13885389503005258
0.24451691420052307,0.32693006199280483
0.16798418902466278,-0.019830900100270873
-0.5438859106865506,-0.37387244901792716
0.3252853097877045,0.2550030693633266
0.5022448128816588,0.5560215274871477
0.46697666262788884,0.5028961330130433
-0.19365427863495457,-0.08433137033170644
0.40799290524663856,0.45046612645193196
-0.1643626289400067,-0.3152502938466437
0.2669240695173784,0.06811566033769854
0.19410474729043475,0.13839812492130907
0.09025483587750838,-0.08892365845329699
-0.3775019367468575,-0.2477515108756202
-0.15695274784529858,-0.17365298186600944
0.0011094728345493743,0.08879196430785259
-0.008638004357597567,0.10190346771891987
-0.3184691939409725,-0.19527796171483353
-0.2824706416170638,-0.14150332095616128
0.0026256760437206594,0.09013970049378266
0.361189387454818,0.40886299952586913
0.48348483958477473,0.2606141226198287
0.18252975985767395,0.12810924720329947
-1.1112670219363077,-1.021932336613573
0.40458152625650096,0.4474337895718096
0.25941394627825115,0.19645074624381254
-0.5274217857852657,-0.5029587933682025
0.18692048519643134,0.1320121141710838
0.376999068413576,0.444691976848852
-0.008827608168699146,0.10173493099794068
0.7252818696127097,0.47554481597799303
0.38456761728386274,0.42964364826279783
0.3317249699970083,0.1257164607640363
-0.22096618680032457,-0.08683269445239301
0.07040359503478563,0.028441545138509827
-0.1188890199143807,-0.1398185570385269
-0.476610158834094,-0.45779290274493867
0.22156199630323845,0.3065256905285519
-0.3872819352365199,-0.5134007883324332
0.4852240133437725,0.519116000316051
0.14314910958208432,0.21504941919455042
-0.2762339892812539,-0.41469150303886354
0.19004366779006876,0.2785093985168455
-0.28848045909195974,-0.42557725398171314
-0.501937754064784,-0.3365851986874681
-0.4734513570057506,-0.3330398844390807
-0.11197501941594215,-0.13367277881769263
-0.10930606172037272,0.012420750063119731
0.18766552920784504,0.2763954975548688
0.0475556205299599,0.008132234467553647
0.024473753100737405,-0.14739573203264894
-0.17606953758098756,-0.046924561812982324
-0.37087064736859543,-0.49881297689427817
0.2229862491030942,0.029059819969445993
0.017919399334831665,0.10373412119699243
-0.020138170416802305,0.09168109788851567
-0.04061025028655357,0.05170776597798331
0.5959316111456727,0.4955775594592985
-0.5505356627980433,-0.4015592673655631
-0.2838116892438255,-0.14269536329106047
0.010401146672182171,0.09705122994130402
-0.6127303291165129,-0.5787886096626444
-0.16224588148166474,-0.03463686750247318
-0.006727892210508679,0.1036013451829989
-0.19904077692010333,-0.3460753142733963
-0.3947053692633612,-0.519999396356292
0.2535854984218159,0.19126990370475896
0.106355861212868,0.20412023711488925
-0.010169960662788156,0.10054172878097267
0.01958267018624607,-0.15174336128997465
0.16663999257846912,0.23593020408022575
0.0437495957978949,0.12669429583082642
-0.10620740192556014,-0.006600813256689171
0.20631219239926069,0.014238436232705067
0.2425574476756005,0.32518831397065145
-0.034519596422675713,0.057121680523652615
0.2602112661992753,0.1971594750625006
0.7212432121109245,0.7289108436646304
0.5981029886876075,0.49750767282990715
0.30475611716321627,0.358700092600001
0.0010232439009784655,-0.16824062909910134
-0.2177566722012269,-0.362711665634395
0.14655001473048415,0.09612725153468629
0.3801930011342121,0.447531028156084
-0.11021151779135568,-0.2671159728256206
-0.12420700024069195,-0.022600456203473
-0.32137390026514484,-0.31980511735031725
0.44232302355838327,0.35903659271504107
0.43034736378202415,0.21338081079516152
0.5579760825319694,0.5837845062611149
-0.11212743903857608,-0.26881901393426094
-0.27155317521631556,-0.41053077942558497
-0.08814158865794502,0.009457687425635353
0.23492391307489469,0.17468182784082897
0.20008677237295383,0.14371548055021488
-0.3263101262054725,-0.3241928737417197
-0.2922494512142395,-0.15019559615365075
0.06549438549786205,-0.11093294767964929
-0.1648793221376998,-0.05875363122303553
-0.04660556897780882,0.046378593807978645
-0.017998450719046988,-0.05013805108711914
-0.1256563329915261,-0.023888751981992237
-0.6329443614694933,-0.7317673894284096
0.34570124724576423,0.395095763784488
0.021732043599952955,-0.014822056136896997
-0.24336494307831036,-0.10674270003282481
0.24605948489804258,0.30652530836429104
0.14407644493870525,0.21587371728932447
-0.45473900111205806,-0.31640667920024285
-0.6821117934477184,-0.7754717734090542
-0.11834662859776587,0.004384690616548016
-0.45016202391791793,-0.5692942004936759
0.039795260468139616,0.1449552586751307
-0.14061406751485536,-0.15912971046117103
0.4743296757291656,0.25247619919262054
-0.054435965089905135,-0.21753770375766457
-0.11217579261690216,0.00986987815509356
-0.24220798396650636,-0.24943541397374977
0.16003566800290103,-0.02689625211961455
0.18880573131134695,0.2556330829538949
0.18335071503202632,0.27256010717636336
0.47230710150039057,0.3856891064412698
0.4611871791910408,0.24079398004762068
-0.7384304885998452,-0.5685768903004982
-0.332520366232458,-0.46472383810660045
-0.09305503388532937,0.0050901805568492825
-0.5689323740313756,-0.5398570940314114
0.6878835763309962,0.4423018886164699
0.8104045994215083,0.8299413377447918
-0.3517469800485256,-0.20308228845079396
1.0269138090934176,1.022393968564267
0.5616822378559819,0.33012292108312397
-0.0421163318262981,0.050369026831543755
0.004749192683608655,0.09202727084034976
-0.2372295004794681,-0.12306490086016282
-0.20049916990617359,-0.09041571812834556
0.871850698446835,0.8627841648521064
-0.5483239166605243,-0.3995932707988795
0.15178276733419227,0.2444997092227331
-0.07192097546342888,0.045651937847069814
0.2170961447394668,0.15883492265378202
-0.6853311446797745,-0.4996015459007929
0.0753151174035363,0.03280734279962151
-0.6042828146123402,-0.5712797078811576
0.7199302755985697,0.4707878435209798
0.0017131760713823205,0.11110451698912421
0.20284998494610815,0.28989279154443603
0.10768718591188614,-0.07342823620051675
-0.07437527510843125,-0.10025078387768294
0.1764684580374717,-0.012289327644440708
-0.051697565047798204,0.06362830266096374
0.5342779301529528,0.4407742874657695
0.09890390995487122,0.1757203528592498
0.4133662441471967,0.19828648223087036
-0.3287385719329309,-0.18263037012582084
0.6037918812369859,0.6462855882474385
-0.8321464665609453,-0.9088359272874781
-0.4487253314200636,-0.3110611950295812
0.0952263340471537,-0.08450454896916779
0.26190358075399506,0.06365300365913562
0.1916092443411087,0.0011691490699033105
0.3860773407345986,0.4309856246634519
-0.4317759774663442,-0.2742191750444105
0.06378555608454459,-0.11245190715815366
-0.6364811709199315,-0.45617934700315466
0.49286629145915906,0.40396394196017504
0.24761982180598563,0.050956329038682774
-0.325602573661061,-0.20161874368824548
0.31272929743702715,0.10883141848849748
0.4203410869292288,0.2044863424815656
-0.03713175750065234,0.0547997595654511
0.6129471177113065,0.3756917031767457
0.45430853587454634,0.23467963043295892
0.5960504828741785,0.36067247221040977
0.16813102426036114,0.2590314931571054
-0.6878932573577005,-0.7806108524401492
0.5495271242194805,0.576274321094458
-0.08367389845457021,-0.2435269778595891
0.24775275658025653,0.05107449328247916
0.6361958571115047,0.3963572493102554
0.07204955166531224,-0.10510613330858241
-0.015732256475903594,-0.1831344072118854
-0.00998639181668054,-0.17802697195924272
0.1173396563509097,0.21388361057092634
0.012867524964031984,0.12101949378259061
-0.3004475857798505,-0.15748282687863827
0.05564906267191372,0.015326405260401485
0.21125665834517648,0.2755894625395211
0.5831517172557682,0.34920690277182276
-0.45348837967901523,-0.5722509611702068
0.32015938845662756,0.25044669484681376
0.7866462269419593,0.7870468568477725
-0.30266495285239714,-0.18122974741387765
0.3468585724507124,0.41790042488186196
-0.4451529994192624,-0.30788578880664674
-0.39020106868836957,-0.25903962815696424
0.37434175647344115,0.1635980487430877
0.10929164297744315,0.06300869886531651
-0.3110321623580775,-0.16689133939261788
0.8782726132092681,0.7465473390713832
-0.10676174591178733,-0.007093563466668895
0.16805531918365973,0.25896419975559304
-0.11342064879192704,-0.0130125882490153
0.2858038783018381,0.3636295856384183
0.610891712399274,0.37386467623271685
0.6598159985530456,0.5523636815991854
-0.059609442795262806,0.034819594859130686
0.02385207722718647,0.10900761265686335
0.46088904843155465,0.4974849203940795
0.5291786140056158,0.43624156200147
0.4568996153562432,0.2369828121944673
0.08883095917238404,-0.09018932663562973
0.04181092447864351,0.14674696001780083
-0.4273588416533548,-0.29206875968139556
-0.38751422033427557,-0.2566513185088806
-0.14665444375417164,-0.020777811744701526
-0.06275022062250912,0.03202779234602287
0.3248972105969547,0.25465809230488234
-0.31795728297888926,-0.45177887521453935
-0.12399918692211687,-0.14436092771207018
0.2992978190224036,0.35384827203038977
0.16793949269846944,0.23708531529800383
-0.6582919596444842,-0.4973426423401771
-0.09930801963381738,0.02130789858450228
-0.01862464518243842,0.09302645365239466
0.06649486968058427,0.024967122601441943
0.09241491835559984,-0.08700358513943789
-0.36192989428213646,-0.21213376776955914
0.15539879566533665,0.2477139566281947
0.2846187650027025,0.34080022401287763
0.8948343396186127,0.9049899956977736
0.2667993441385717,0.3249607388003169
-0.3613470940308231,-0.2333916506835896
-0.6424901477644547,-0.46152065975384204
0.17895795300976652,0.26865542982324353
-0.23996180544576923,-0.382449561851766
0.186323842495835,0.13148176510388707
-0.15817795711286975,-0.052796862312075483
-0.16595712680569555,-0.037935752234945
-0.3630856944287191,-0.35688226771793885
-0.04503044534972663,0.04777870369960728
-0.29493348741113035,-0.4313132791543091
0.22884475150460026,0.034267377659673554
0.2629727939374046,0.3433352884255884
-0.30368380011107815,-0.4390913348875961
-0.2142732232221743,-0.10265932107590173
-0.09378216819346724,-0.25251210651638645
0.6621373812741627,0.554427132906845
-0.2753161349173131,-0.4138756324931383
0.18476628151830973,-0.004913484550362446
-0.29250689759856496,-0.15042443738416222
-0.14815757099872676,-0.30084579789883936
0.0017767546711086393,0.08938510371812752
-0.14528867965002148,-0.041339726789543674
-0.5180338485199003,-0.35089283820312694
-0.07845193391350977,-0.23888523160086864
-0.5841559234255422,-0.4314439434788955
0.42817338185165454,0.2114483824126107
-0.07301113048888591,0.04468291115777467
-0.6055986021181383,-0.4505041023167586
0.284361449275327,0.08361555345587515
0.1349301666496192,0.08579849768502859
0.7140397640415634,0.46555183324808525
0.4025592180991718,0.44563618232085034
-0.3404308579374057,-0.2147994408227741
0.11299591509319581,0.2100225072307362
0.2646312597377,0.34480948024807323
0.732253805295108,0.738698037606127
-0.3850721555844819,-0.3764257887452835
0.5016502599213879,0.5337171083850424
0.5317309002202515,0.438510260858924
-0.5179017519707592,-0.3725513466301995
-0.23565984985304225,-0.09989372827703094
-0.38707868707256615,-0.3782093722902473
-0.0342912708655926,-0.06462055788404861
0.17382468303445575,0.2423165955966583
0.40778855900760713,0.19332853988456852
0.261131667396645,0.34169873150046876
0.1790119978130501,-0.010028403399482097
-0.24973381457725566,-0.134179846724863
0.13030575943905154,0.22540903553816355
-0.3505613595354879,-0.20202840355031598
0.09500201532894986,-0.08470394338534898
0.24516284952685488,0.3057282991454575
-0.6187821535697097,-0.584168009176597
-0.008952027114664002,0.10162433637930524
0.38012975252874115,0.44747480717344323
0.10043513184598722,0.05513624452624458
0.17630766862211983,0.2662996214786687
0.648991431126863,0.542741843887023
-0.49771194290567855,-0.6115607951494632
0.09800565211028837,0.05297670698340115
0.13850004761991744,0.2326928472544888
-0.08133703206593418,-0.2414497632919126
0.018379350294379204,0.10414296649436808
-0.11227329328409952,-0.268948662152504
0.33286217562462717,0.261738061218369
-0.8096998455573198,-0.6101515022363888
0.37729652282238935,0.4449563807677972
0.07360863595154443,0.17501159243815723
0.28065168577635774,0.21532873690879617
0.4072982267114015,0.32790343996216836
-0.15128076686464237,-0.16861122099431505
-0.5137480700426937,-0.34708325733449896
0.3784380075027435,0.42419510623513623
0.14525164714169497,0.09497314701131811
-0.045220302648979416,-0.20934600381017504
-0.4731342172431837,-0.5897139278939122
-0.2600767781444002,-0.1215976645360158
-0.03277128636050571,-0.06326946054619359
-0.09583246020565339,-0.11932383729743597
-0.6639819767135927,-0.759356380756498
0.23530133999734307,0.1750173184385609
-0.014344914998158882,0.07505473067877862
0.20832034495607893,0.29475533377552116
-0.36373924883884445,-0.35746320497138356
0.5306866197646745,0.30257126055751726
-0.12810494460326086,-0.004289368055003055
-0.01781099360908811,-0.0499714225449335
0.25256914308853956,0.19036647674184665
0.08264829954732672,0.18304684896774145
-0.051240101743128263,0.06403493670955925
0.3980068041242536,0.18463364665492096
-0.22711111119083113,-0.2360159715064829
-0.16111612784307036,-0.17735376408625103
-0.07745133019690761,0.018960139391001964
0.5081446637300702,0.5612658393524023
0.3318631171045885,0.3827952036589985
-0.06916918785434589,0.0480979712773658
0.15084655459252538,-0.03506435292883742
0.45638279303448487,0.3715341655826869
0.12327719691971126,0.07544030236955483
0.02259514037188088,-0.14906561001385477
0.44362776221176753,0.3601963604069382
-0.4259755925850799,-0.2908392049540401
0.021756672342048887,0.10714503053674108
-0.3340149197953927,-0.331041579154982
0.48934009733024697,0.5227747416373616
-0.26950345447266416,-0.1299769323833615
-0.3991661284082637,-0.2452326425483389
-0.5296608355354577,-0.5049490598128177
0.29481250076428545,0.09290537700161597
-0.16552583729509898,-0.03755238378108144
0.11544284748002995,0.21219755824125544
0.322835458130507,0.3965465454861239
0.13545345642366002,0.08626364415084264
-0.11746221104070914,-0.27356103349171257
-0.13612905228512873,-0.011421908216663383
-0.27436166558774056,-0.156071269845294
-0.04766058572389859,-0.21151514432121432
-0.02217725376677889,-0.05385254268510306
0.31996896771272143,0.37222262642178333
-0.4762302705586243,-0.5924659752854149
0.24967463609135204,0.33151470367354174
0.30328856837732643,0.3791715323721856
-0.044747108184916645,-0.2089253865087859
-0.432277298861124,-0.29644072164385704
0.25402399253778135,0.3136048707107255
0.36100055630348105,0.286749955155128
-0.44749499559907896,-0.3099675631887059
-0.44252989688801836,-0.5625100875782096
-0.07131232807753979,-0.23253891530222873
0.34750200885086524,0.3966964407668001
0.4384301308682017,0.2205654926495415
0.4687069098907556,0.3824889361215942
0.42406751812834587,0.20779872576966968
-0.019922954369374468,0.09187240104178487
-0.4147372724906822,-0.2590736595104887
0.5537103986712821,0.5799927872738374
-0.06307225011859466,-0.09020365055338377
0.03739525490772688,0.12104599281734377
-0.026515855285906692,0.0642361170896694
-0.6457579997478208,-0.4862013446542542
-0.532917376045422,-0.3641226404480353
-0.35531891252190345,-0.3499784615785471
0.08473897118579876,0.041184101717188164
0.6337963200318397,0.6729562005095308
0.1121898225683652,0.18753005296013336
-0.13281106973571646,-0.008472590394963595
0.1662072502190603,0.113600349746754
-0.12630833589688661,-0.2814242555860925
-0.35582644686477,-0.35042960321665073
0.2061309396511915,0.0140773226788658
0.9620086402792591,0.8209793631335973
0.5336656424234857,0.44023003170624314
0.0317507695895477,0.13780460011638235
0.128066619439143,0.2016427612897136
0.06805843125556943,0.1700780771528461
0.05228770062338705,0.134283722342375
-0.614514300947508,-0.43665324036100056
0.2456422571538417,0.30615443925833463
-0.5425145498010175,-0.5163745836044265
-0.1400936340282521,-0.01494598087721746
0.07577826470902643,-0.10179172171416982
0.07478765394316264,0.1542836808488422
0.2475772004724169,0.1859291944164043
-0.2547063070334517,-0.13859984001925946
0.17683649228663897,0.2449937593763767
-0.0010464498500138975,-0.03506960587020084
-0.006279679282111539,-0.03972136536539875
-0.3740585900409288,-0.2229148306662634
-0.5385260533363743,-0.5128292534136324
-0.5910624239331808,-0.5595282494996824
-0.2517075284192266,-0.39289020449483913
0.4176511388332551,0.20209527750736672
0.20780050960894908,0.015561384863539227
0.166963107997632,0.2362174177861483
-0.03799023652496031,0.05403666709939955
-0.06613713219512643,0.050793131863338684
0.2761421839239251,0.07630953981018457
-0.3072278040008503,-0.18528561510139152
-0.18047443031773672,-0.07261594960529057
-0.03813872220694828,0.05390467982652135
0.023790958531368728,0.13072921250911212
0.4278919623350639,0.21119823173119678
0.5824527957347772,0.6055415846636106
-0.7553645865654839,-0.7055746162839518
-0.08565429437561409,0.03344454325846074
0.048242235197111905,0.008742558616133156
-0.10229363251885132,-0.2600778525833945
0.29823174316875345,0.0959447035833653
0.24574875705060345,0.18430391137479232
-0.642661827754884,-0.6053943862300855
0.66983336069266,0.4262572524935044
-0.20678900811632583,-0.35296263089226076
0.6102901281511789,0.37332993467885456
0.24086089172131459,0.04494839118564186
-0.5706371000530973,-0.5413724060507195
0.4894656891315919,0.5228863787941126
-0.10475524008310402,-0.12725519718850317
0.252339490986375,0.055151590532362196
-0.11070778862264516,-0.010601156987431403
0.2429733300903239,0.3037820596463189
-0.11084581343921279,-0.13266904017171097
0.24767180699860114,0.18601328910634585
-0.4617346864868143,-0.44457026065846783
1.0452173199028336,1.0168878283685496
-0.19745144632879558,-0.08770663050400954
0.02362556675903585,0.10880627001850726
0.35921404635500137,0.42888306835234113
0.19659402225258843,0.2625560082349985
0.2034671746648912,0.011709531579932196
0.4764604422665344,0.5331020869403704
0.3082142335984128,0.38354990145759577
-0.11514569478543957,-0.014545962465470888
-0.385355201085827,-0.23295626270617298
9.505335308460788e-05,0.08789025810210616
0.34458043568364366,0.3940994868403809
-0.041058484292266634,-0.20564660971531926
0.08698577888761336,0.04318126411880116
0.29360726692515005,0.3705659310813621
0.07691680387369443,0.1561762585648704
-0.3298384236303594,-0.3273291381193969
0.13789518280915397,0.08843406760461502
-0.13836773418503076,-0.035187775265107496
-0.15546408515680704,-0.17232972614290587
0.3690033195205479,0.43758464449949364
0.03309793677119041,-0.004719039984685949
-0.05418982208065009,-0.08230815896409968
-0.12037276187513299,-0.019192244322976153
0.12903063847806262,-0.054456278363915436
0.14951114574919744,0.22070456245420647
-0.6044840351503047,-0.7064693215891309
-0.4224675582719819,-0.5446768976972884
0.8160032429175496,0.5561860366934063
0.7631464901082858,0.5092022564185051
0.5741887956258243,0.6199717343708504
-0.4431538890615908,-0.3061088018220498
0.2882209554699432,0.3440021710948694
0.40520072009785724,0.19102823863145757
0.43850329204228655,0.4993623978521502
-0.17995542089210395,-0.3291105533596191
0.20126551065007403,0.2884843699479613
0.20287101569535831,0.2681355579619051
-0.7076909381679156,-0.663198039930558
-0.14060753317560326,-0.1591239021596136
-0.28628888864051205,-0.423629191358204
-0.5953596680554838,-0.441402827594399
0.17039554924100042,0.26104440425100695
0.18973453294703496,0.27823461198970434
-0.7064988443165765,-0.5184172789112836
0.02322438526724732,0.13022559182989307
-0.09716697445970135,-0.12051007218992302
0.03287915310681527,0.11703168010542228
-0.14119214512949643,-0.15964355722974088
0.3010697074672273,0.35542328398134404
-0.4561307373138079,-0.31764377804624266
0.02528065896603606,0.11027746309139635
0.5078111822414125,0.5391934837806198
0.29407588604755674,0.22726135937208417
-0.24107929732183245,-0.2484321369562618
0.3716661182348454,0.4181756491081157
-0.049218720164077225,0.0658317203353824
-0.12027686228500115,-0.14105219470130068
-0.4892089010414055,-0.4689917847069933
-0.6921021136942609,-0.5056201850247809
-0.17774800290392784,-0.19213765302923547
0.5182456460310048,0.2915126172386998
-0.20209763309864823,-0.07006064671756958
0.3851250346748095,0.17318318492208176
0.3784778015919632,0.4242304787588871
-0.1869259012017817,-0.05657466280924381
-0.13467511244681019,-0.15385063928957535
-0.9876326545054399,-0.7683139990791622
0.5310219139113126,0.5598252452649755
-0.8791868027393716,-0.6936936139800771
0.14623506010369539,-0.03916345914113076
-0.044040280774203376,0.07043477757082581
-0.5118373025399188,-0.4891059193723386
-0.10296631106435011,-0.2606757890682823
-0.6599628553293895,-0.4770519553671174
0.07563418067362751,-0.10191979641230217
0.5250746991310596,0.554538832126973
-0.5717166811104011,-0.42038683919877007
-0.2959080227306855,-0.17522358730568946
-0.0760009430741097,-0.10169582206939715
0.10540032829941764,0.05954975248484942
0.02214069593726875,-0.014458809614838537
0.20334406721210985,0.01160010273301544
0.07318641417742944,0.15286035661263486
-0.4032971110924571,-0.24890462715651085
-0.27778767164513163,-0.28106180302141665
0.6102512219520944,0.3732953513907794
0.4705979194493628,0.527890955547329
-0.3321945244474771,-0.3294234499568348
0.07950656303443807,0.15847826670775367
0.3442665819952294,0.4155964333658771
-0.5346465747828199,-0.6443915790402555
0.09878691356491007,0.17561635606817325
0.36122049774195786,0.1519347076484359
0.0706974545073012,0.15064794801696532
0.2797835499705831,0.3365022550954381
0.5375685012681242,0.5656444340265858
-0.379743894818498,-0.22796843491299168
0.17999484845322372,-0.009154758385994456
0.4144556935794673,0.4562108271922242
-0.6917467444748732,-0.5270802288560784
0.09729459575878369,0.17428985135161648
0.02836444899065039,0.13479453736180697
0.37803664724043623,0.42383834155752986
-0.10230272695286438,0.018645936523127144
0.7285145610324936,0.757150192510112
-0.37693172163669436,-0.22546872541805504
0.3644541377735476,0.1548090543431823
0.2147331284972616,0.30045558581212806
0.7853283379560374,0.5289194545053955
0.7849551182383764,0.5285877036452524
0.054508158685377645,0.15803339042378672
-0.49509206934429933,-0.6092320186504594
0.304022103219616,0.35804763576124515
-0.20665977080380601,-0.07411588023326539
-0.47175825552928113,-0.3315349053488856
0.2806898518773015,0.08035191132429692
0.27843082205844094,0.2133546358262034
0.631711597045047,0.6711031134101595
-0.01664363137703049,0.09478735481275728
0.38497557188387843,0.1730503291079208
-0.2098777588565544,-0.07697631405793065
0.8886002929388748,0.6207167478234731
-0.828052412548307,-0.905196768165133
-0.16204630727629077,-0.313191341256674
0.6483828680546914,0.6641460933924234
-0.002177083753606923,0.08587058067393591
0.6468324731251633,0.6845438921480407
0.4922935045725661,0.26844404705342106
0.16448990928464352,0.25579494651202306
0.3001503045564266,0.09765009148351922
-0.499470061422246,-0.4781128161566293
-0.6345323580595836,-0.7331789419529344
-0.3219552103449558,-0.45533258842882063
0.04727761427010207,0.12983031225056615
0.13294888403448388,0.22775847962299225
0.44405173102889817,0.48251841603616263
0.46979736817424694,0.3834582323735866
0.4390434396991503,0.4998425291026957
-0.4575432040446582,-0.44084449848766244
0.21451910223165555,0.2784894126608359
0.4426732308965506,0.5030690101670516
-0.11937640770836225,-0.14025179063317716
-0.09337870035928184,0.026578404606311636
0.27267650902863044,0.07322893990325596
0.5957888229711487,0.3604398856299389
-0.13520521613094413,-0.032376648105919385
-0.35499369813598414,-0.20596826008409044
0.14429097806295996,0.21606441339977314
-0.7879418764102277,-0.5908110852167514
0.1412788865811897,0.21338699874931066
-0.20277841011408743,-0.07066578184240445
0.013930693467896722,0.12196453245269256
0.026085793968012604,-0.010952055809732865
-0.5964690755674958,-0.6993449130710786
-0.42016058179062354,-0.4076155009285205
-0.2656582753668245,-0.40529086844825957
-0.3258997476506928,-0.20188289834569592
0.10994063819856625,0.207306705546621
-0.1733826871583471,-0.06631217790805533
-0.5085884889705509,-0.48621808508845593
0.46206848417939583,0.2415773622594918
-0.04504304375386203,-0.0741776893402881
-0.1600301845518857,-0.05444328670231186
-0.0688344164551139,-0.23033632719340563
0.10083135390787984,0.17743363637303533
0.05153216544568911,0.01166694105931293
0.7449920838397016,0.7500209518679879
-0.17643069971469064,-0.06902152240258297
-0.014629561853093026,-0.18215423421383156
-0.40794509218037855,-0.27481209348319446
0.23753687950847313,0.2989496591291181
-0.5523090260757897,-0.40313559027911544
0.5177317785439524,0.2910558461390978
0.025250231779567006,0.13202634428528837
0.049088286519629314,0.009494604236148662
0.27633462574304807,0.2114913502125209
0.6540930480545496,0.6692218089478527
-0.017842782471195945,-0.18501043031881192
0.27464778698092607,0.3319371324379652
-0.196800713886157,-0.0653522740842441
0.01872807130542689,-0.017492253732031275
-0.36340115009099117,-0.4921734237586299
0.29608592808768475,0.22904806340775347
0.4246662201859046,0.20833090537638857
-0.5500797145011653,-0.379378052408696
0.35322515009781463,0.40178367743075505
0.4598663260905577,0.3746306394103073
-0.1446892314459888,-0.040806883941514646
0.19925763659402962,0.28669959300925507
0.351019582804447,0.39982317316998384
-0.22209503356818208,-0.2315572358419059
0.6685935165273974,0.5601659197986092
0.19091641801069315,0.2575092489088693
-0.052608929455908775,-0.21591367208300113
-0.0713060481415512,-0.23253333313690547
0.06229165345949791,0.16495205244522698
-0.3855742207915708,-0.2549268744709209
-0.029636634014633317,-0.060483102905418126
-0.3731141409279123,-0.3657964423838884
0.4065790874042031,0.47098532706274276
-0.001505746541002946,0.08646732486291724
0.6648256372378368,0.5568166937634442
0.4947760385062523,0.5493826169312308
-0.5747797285119086,-0.5450547424585517
0.07198189924158208,0.15178967666965948
0.068344795619251,0.17033262325389636
0.039345280036779236,0.14455527606947702
-0.3481301781867696,-0.3435884755028726
-0.5657592368312783,-0.41509133317288305
-0.12208753620619425,-0.2776724336388104
-0.3020080554927913,-0.3025910331082252
-0.2560492309631395,-0.3967494956449839
0.6190026988080741,0.6380303873954302
0.2414371269339244,0.3024165457295193
-0.7647281366112885,-0.5919525774217811
-0.7657578964271918,-0.5710919918984972
0.34420224765008356,0.39376331969943856
-0.18448756864210783,-0.07618318367139823
0.056541636592769895,0.13806499875960418
-0.2533939791860933,-0.13743332637716307
0.39513463054923553,0.1820806034771272
-0.1968263387241573,-0.3441069247658888
-0.3358992161558514,-0.18899538721286127
-0.522582708967639,-0.37671219729409267
-0.19941736631310242,-0.0894541149345045
-0.49197948010799675,-0.4714545216550745
0.11622401501619739,-0.06583994366335116
0.1989405125191594,0.2646417773608393
0.018270909450034623,-0.017898619825713318
0.3984190553761201,0.4637319652600023
0.39881429874501567,0.18535141965115395
0.25162352514630365,0.33324704950016537
0.3960406891329458,0.18288598888486962
-0.5487985704754383,-0.37823925771916084
0.36263468361557716,0.2882025127658801
0.061652000742052064,0.16438347225194178
0.310270918357446,0.36360213810598296
0.13757239274446442,-0.046863607904891594
0.2686599006203741,0.3483904943660058
0.5908747310098508,0.6130277493525651
-0.24457762969392108,-0.1078206436911455
0.2695426398012696,0.20545402937538443
0.026501667526297956,0.13313873161571588
-0.029589658557024584,-0.19545209795065963
-0.10763624063474406,-0.007870892109297102
-0.18280334652808006,-0.33164204281382004
0.134932335511867,0.2077456200210238
-0.7743048358556444,-0.578689271390455
0.1188237214651287,0.19342685197947868
0.07448609227179837,0.17579155361171628
-0.17461508150745347,-0.18935283401014716
0.5331919282609379,0.5617541469090869
-0.22095368373701743,-0.23054270265864846
0.5204871132210394,0.29350503251873056
0.20923862346291996,0.2737956537552931
-0.4372509157032367,-0.2790857868105372
-0.2313936495141861,-0.23982267223835393
-0.27550376476052174,-0.1570864691099884
0.7948207154599127,0.6723678744052896
-0.12680118535869592,-0.02490639853058764
-0.00031720265133829834,0.08752380832039691
0.365613704153052,0.412795725479855
0.5516497446368557,0.599937022380656
0.14079585163939692,0.212957634356606
0.02380522071032986,-0.012979232038784193
0.34018822362761103,0.39019529834612965
0.35754686387812457,0.2836800063325889
-0.4026738431076707,-0.3920717332103403
0.33260409629679666,0.4052297794117147
-0.23552410481518038,-0.24349418806145995
-0.30705189428700874,-0.1851292509113102
-0.230345533211084,-0.3739017643098236
0.18466294161382946,0.25195060322276824
-0.10389897508206514,0.017227049297170925
0.3261541179759233,0.12076459230084963
0.29849702904299424,0.35313645871535926
-0.4807869167330901,-0.46150557643293527
-0.04400623206851825,0.07046504308699035
0.11149110456352981,0.06496377583072688
-0.23421712321717852,-0.2423324266410139
0.13900356923241425,0.21136449443928806
0.5814200630288887,0.6263995276180189
-0.18722738410714299,-0.07861857519587392
-0.5450821288271558,-0.6536676270796651
0.10053647190746695,0.055226324580893216
-0.10542298634109934,0.015872372622473825
0.6937149639020155,0.7044412897011559
0.01570802838765034,-0.15518748733317078
0.020102175073269023,0.12745029387969017
0.18137381780881331,0.24902693761830946
-0.2864491554872482,-0.28876089976996466
-0.8274854165938424,-0.9046927717611644
-0.0028211954480589774,0.08529803694553409
0.11412223678883646,-0.06770819097656092
0.07626663901546485,0.1773742618283087
-0.2609968761372506,-0.26613665145885573
0.3996752721071559,0.4648486023542563
0.06854937351417809,-0.1082174027762573
-0.4991926239828246,-0.33414508305905977
-0.30814713970641316,-0.4430587478612272
-0.1925124746507264,-0.08331643345683697
-0.06898547612942976,0.026485343006537827
0.35987869436555303,0.4076979390020781
-0.37664726449846614,-0.5039477476763854
-0.15882726130961702,-0.031598094016208535
-0.2798993026370872,-0.13921768630729314
-0.48435879168450174,-0.34273538193130393
-0.26182408029846177,-0.40188269505415936
-0.41630290823073474,-0.2822412633057332
0.03622340897549031,-0.13695159347731306
-0.05248762010132091,0.06292603150227688
0.1924027863651381,0.001874519757929442
-0.0035047194864376296,-0.1722654854434712
-0.012373351580029425,0.0768072314948937
0.2668515513933757,0.3250071452490315
-0.7142901599706218,-0.8040747658738572
0.03198191500712633,-0.0057110593305206665
-0.013053005598908235,0.07620309458922361
-0.4894995170506255,-0.3473049155900806
0.32157389892856153,0.3954251595288391
0.5311737879388834,0.5599602444005939
-0.6683467395595427,-0.6282254189453376
-0.20417156855562185,-0.09368007248341066
-0.8114060383196129,-0.8903999910729602
-0.6355625798082744,-0.7340946946184372
-0.25216020717260723,-0.39329258560895536
0.01448935696628545,0.1006851946471736
0.07789823423122094,0.17882456868675853
0.08378904265473164,0.040339720800684056
-0.06547830109572295,-0.22735311354061372
-0.303885999161281,-0.16053919432879876
-0.41171333375086056,-0.2563857139639805
-0.11258300681494035,-0.2692239630688069
-0.02057436076814429,-0.05242774890853899
-0.3922604014823751,-0.5178260916620823
-0.011447040594359026,-0.04431457542072984
0.7787349281737701,0.658069396817607
-0.35691948044509414,-0.2294559941629416
0.1844759252776854,-0.005171578986472969
0.5124904513816029,0.5651287617093202
-0.06807351582293208,-0.22965997107591068
0.7762358078718805,0.655847956549261
-0.11736219434369366,-0.13846137875347175
-0.06732910054957028,0.04973360443716634
0.5464366420656361,0.595303153428461
0.20106064978840937,0.14458114936395317
-0.23282152216757226,-0.1191466979162555
0.046021325459115914,0.006768416626803386
0.5582521653659542,0.3270739677586548
0.2713145653251275,0.2070290742854804
0.11639101411723951,0.06931925098957992
-0.35306882606041606,-0.20425726268358546
-0.0023584523764856313,0.08570936412026592
-0.4384251426945879,-0.4238506661764888
-0.2794461249552207,-0.1605907892830541
0.39570610382195587,0.31759933072710556
-0.00023421336573137275,0.08759757657426971
0.22357969516031484,0.3083192006237308
0.3865558663900515,0.45318690838349696
-0.12650325938342463,-0.024641575441457605
0.2717714441990171,0.20743518884004894
-0.547828192128392,-0.6561085722363196
-0.44239811420655456,-0.42738219640934805
-0.15840551373333256,-0.03122320728173346
0.42342773619188684,0.48596190376290593
0.42566711310463,0.46617653343681315
-0.7342488604234668,-0.6868050819354923
0.7557862155447579,0.7813916631876803
-0.18973338539911241,-0.05907020431798222
-0.5963003827393479,-0.4422390184245006
0.6065044106469195,0.5049756034604066
0.34113046562322547,0.39103284678667577
0.28093341820722184,0.3375243601946726
0.10729716960815341,-0.07377491735939029
0.4664257105139057,0.5024063978006138
0.008355420280755275,0.1170087340641224
0.5569570694598598,0.5828787168636842
0.47569333635713884,0.38869909298060157
0.06313407766663509,0.14392494638081768
-0.11210310782769012,-0.011841440725249156
0.014232482574231986,-0.0214883326042045
0.37579296530809236,0.299898763159227
0.14495595864759514,-0.04030043821321986
-0.15242508270086816,-0.3046391416340761
0.20827702337383386,0.01598495265454789
-0.6867098514202055,-0.5226029905852628
0.454415249689586,0.369785238164999
0.1292043335215955,0.2026540626963381
0.12004742153946982,0.07256939092045135
0.36426159688359006,0.15463790688544232
0.3982467453024081,0.463578800750036
0.09148875673988749,0.047183911098600345
-0.18826542895969528,-0.336497227197478
-0.5107934511439448,-0.34445692942449996
0.01777435010120932,-0.15335075692111838
-0.09012786014934487,-0.24926383269938876
-0.7130094476444548,-0.667925603909704
0.16233744954604867,-0.024850224081261165
-0.17425841993727179,-0.04531467946301267
-0.17433320532764454,-0.3241130284134329
0.429736470167263,0.4915696672965737
0.6623274513143017,0.6983172060939414
-0.08914428847596409,-0.11337879575993434
0.19900910525672372,0.2647027486831187
0.09453908927865579,0.049895317799727744
0.2806621947481249,0.08032732720947328
-0.7474915752669331,-0.8335871350261339
0.6316664093738148,0.5273418245509801
-0.016361945464088458,0.09503774229092797
-0.31038343604686625,-0.18809062136451682
-0.0003189776491088203,0.0875222305446009
-0.16146042404437627,-0.05571461069563682
0.113060022462868,0.1883035639774692
-0.08400570877811003,0.03490995267846432
-0.23941240341774106,-0.3819612044935187
0.13503249531225714,-0.04912129451129809
0.09600023082909409,0.1731393047474479
0.06205596541197053,0.16474255195853596
-0.5556069649525123,-0.4060670915028688
-0.25980100264194256,-0.14312845833791799
0.13926912737175653,0.21160054611870344
-0.6103594520064028,-0.45473596888410506
0.19562035224652138,0.2834664513670256
-0.1508536806708755,-0.3032423398296382
0.8931877481137488,0.8817504312226965
0.15291419530502398,0.10178430093427725
-0.5290528583928515,-0.38246344122761483
-0.5001662020864891,-0.35678641339973716
0.7849400792754733,0.7855302811442293
0.11223806544367054,0.1875729355159603
0.6059254800311783,0.648182120508943
0.5039668349878418,0.4138310917634486
0.17680290884152777,0.2667398350070313
0.49182875771737705,0.2680309387376975
0.4023496440581422,0.4672258218662441
-0.48025583832397717,-0.5960442577435063
-0.2462330602463627,-0.13106806509740257
0.25254212153888933,0.3340635796269082
0.3698879249528251,0.2946498383989893
0.15370825191941517,0.24621125107626451
-0.37535782481671465,-0.22406970602251755
-0.5916941365623571,-0.6951005228442886
0.41417808091874053,0.33401886592424757
-0.42184192954686794,-0.5441207832749647
0.1415735027073034,0.21364887975030067
-0.3744460490003246,-0.5019911116780373
-0.20487084091315114,-0.09430164791232559
-0.3155386694569001,-0.1708971234804602
0.28683369283644333,0.22082385429553886
0.20275981498561615,0.2680367128865787
-0.15015130926742287,-0.045662064227233845
-0.09948741706627076,-0.25758343884776735
-0.5092539360823978,-0.6218203446398802
-0.03334917099239887,0.07993798626576315
-0.005005373941719127,0.10513247253303401
-0.23765162449257488,-0.1016641946232822
-0.49304621098199003,-0.3504575324179602
0.09749184216616152,0.05251998703306618
-0.2361750655290498,-0.24407281980712162
-0.1482703819748604,-0.3009460743220692
0.32905250164393096,0.4020728063869452
-0.46306623210776265,-0.3020327347256713
-0.3928528695953355,-0.5183527299847138
0.6783530935376332,0.7125622214035694
0.7859528571418983,0.6644853336781656
-0.5673340906309221,-0.41649120321701094
-0.2363015854523605,-0.37919603296873605
0.380716869706153,0.16926481606105379
-0.4413752389364668,-0.5614837249546083
-0.5959276246557117,-0.5638528723641545
-0.07487505943735667,-0.23570578762206593
-0.2654248292851318,-0.12635148777222163
0.031704875821061546,-0.14096806739236084
0.5087315701120988,0.283055660866339
-0.005329997111765801,-0.17388795444376293
0.1916306471314647,0.0011881737724419522
0.15425096150940992,0.10297253756039806
0.5050142251142258,0.5584832272494296
0.3943110635214976,0.43830448936291766
0.5001670765056645,0.41045352866817997
-0.2921409479154964,-0.4288310218248568
-0.3543395781905197,-0.48411869318043305
-0.6199227713850415,-0.7201926426866747
0.033050334603435594,-0.13977210403025056
0.39624747802959653,0.18306980123744804
-0.40536659495900884,-0.2507441683712235
-0.9073744760762582,-0.9757052690788675
-0.046909710583265096,-0.2108476997517623
-0.1487547058021848,-0.04442063892479998
0.5183643667560367,0.5485740922380636
-0.41796398774596705,-0.5406737238963861
-0.46984097469939934,-0.30805472814045953
0.8314469860347553,0.5699138083531446
0.09196023834083378,0.04760300585499709
-0.08646647265897994,0.010946679424715444
-0.07246138797757845,-0.09854955087248045
0.21227193487465912,0.29826785814759244
0.7742436776505437,0.7760223685887365
-0.2846432441858727,-0.42216639628741337
-0.20256314148099244,-0.07047443194632004
-0.4420811300733992,-0.30515523827699054
-0.48816527896026496,-0.34611892617642676
-0.19702957756708517,-0.08733163604915584
-0.1224565916497803,-0.14298973191443765
-0.10100733251718941,-0.001978529338137383
-0.14413087741068814,-0.04031056924346959
-0.561590569137703,-0.668341796244596
0.07992856894448985,0.03690818861380244
0.4026421876548719,0.46748586061889275
-0.49745713104336714,-0.3326024226684308
0.0073421320655196465,-0.027613088611948826
-0.15488954712819597,-0.04987383121458771
-0.3209656967342809,-0.19749707530888538
-0.46458764327928775,-0.5821169732593379
0.4560001646373514,0.23618330044434124
0.2856307424016299,0.3416997594785908
-0.4995088262130508,-0.35620207929001424
-0.23865640413018605,-0.24627845411924276
-0.00577151996827005,-0.17428041920510004
0.30398628870875155,0.23607060618203513
0.26401641463969244,0.322487023690202
-0.19256454743784726,-0.06158679279685764
-0.5404948072820809,-0.3926340624624854
-0.08515439614214698,-0.10983222479654141
-0.6357559004582234,-0.7342665351961697
0.014682651663987828,0.1226329397381069
-0.08995779634691697,0.00784328059099362
0.0057711655905277395,-0.16402025426394648
0.613280259708468,0.3759878293964449
0.1427487034896162,0.21469350266791207
-0.02967531506846824,-0.19552823707194286
0.3597118171484359,0.40754960369797405
0.41557176219700537,0.3352576937271496
0.2532226704049252,0.19094738991196725
0.17873700833248804,0.246683106972687
0.9357586046581887,0.7976459981370903
0.3713736299181012,0.41791565949323206
0.20871501612037263,0.01637427954036008
0.2626770387940447,0.343072394964824
0.16173039854820775,0.25334204807963573
1.0117778467786476,0.8652186577997205
0.13218406202348218,0.08335751579512898
0.2578621838095315,0.33879252386747905
-0.6517702119420563,-0.613490727729794
-0.06388646909880741,0.052793721282288895
-0.3701260500305084,-0.49815111259375633
0.21089210309411166,0.2752654134274635
-0.0693271328159677,0.047957575755924194
-0.3487003339362138,-0.22215008615504794
0.07945469952814038,0.15843216581326688
0.20057107732412421,0.2660911682985858
0.061960214666104685,0.02093631814412679
0.5853941967433988,0.3512002178719389
0.14351394142639362,0.2153737141672697
-0.3882137679190095,-0.23549721100233523
0.028970473355351772,-0.14339864736188063
0.4097643113503996,0.3300955151968334
-0.4031899240996329,-0.5275412228774226
-0.1257869206700083,-0.14595002437686252
0.013057839039879782,-0.022532460190295398
0.42775540018822866,0.3460875941637924
-0.06759106918124683,-0.0942203786090746
0.4840155602093239,0.5398177473339612
0.12661506331303823,0.20035248917762058
-0.03788551255137512,-0.06781543938252195
-0.1373572042193823,-0.012513598824888783
0.4304857164808733,0.3485145419794767
0.16353628508113532,0.11122615851304289
-0.5091017486422125,-0.621685066915271
-0.11808028821623531,-0.1390996844179532
0.2346637219529239,0.03943979583596121
0.2085277452399923,0.016207816535577582
-0.6471764882082781,-0.4656862957039072
-0.13801455496890475,-0.1568190326425483
0.2087966451030407,0.27340278410206714
0.5588877612811826,0.3276389419055245
0.24252700392134557,0.3033853252738938
-0.46233743013780926,-0.30138491075237944
0.30051732503585593,0.23298708291723896
0.19513302575464914,0.13931215022283291
-0.4217614224700738,-0.40903847042136526
-0.628154394759986,-0.4705536957761789
-0.8792792058726738,-0.9507316955645702
-0.248176364654194,-0.25474064125169427
0.10201866418657718,0.20026495086929744
-0.11014792507796056,-0.13204869496170898
0.005066397543777856,-0.16464671474994633
0.2247603862879728,0.030636830800449138
1.0439422979530313,0.7587985300582789
0.25901818974318014,0.3180441571155244
0.5166657684298442,0.5470642270592259
0.4013706928687115,0.18762376998332808
-0.7303628398672032,-0.6833508414410359
-0.12402407548796321,-0.2793938018892717
-0.5001591407370733,-0.6137360821107029
-0.3703955308007606,-0.3633799000486424
-0.49606203015564254,-0.47508345503075966
-0.29338851765981017,-0.4299399727086912
0.4047432984763316,0.3256323926421062
-0.3183935896561524,-0.3171559523645462
0.45139141481591105,0.23208663393639423
-0.527505908790746,-0.6380443203806342
-0.21257843552232308,-0.2230980375789201
0.2258436952674193,0.28855571758151477
-0.4336430635605152,-0.29765473470998255
0.3420925348249155,0.4136639469922648
-0.3589683075437717,-0.4882331192722126
0.29997380595793516,0.23250395484797604
0.12903464089700478,0.08055803034937131
0.3521069868371218,0.2788445600739198
-0.19403429866469782,-0.2066143603721421
0.33758134882978635,0.13092213083761678
-0.30642186755506334,-0.44152517261558294
0.15440973591058055,0.24683479240174483
0.02915841572683503,0.11372435798988434
0.6059337538170105,0.6481894749852382
-0.219767244321929,-0.3644988408527969
0.26283029963635596,0.3214326992427918
0.18044608354552855,0.2482022849398341
-0.06574616521629725,0.02936473048487784
-0.006605323775302013,-0.04001082713712364
-0.07607435891348782,0.020184113865152842
0.3704091214555804,0.4388342462195225
0.09748483741348604,0.052513760586243526
-0.2436436015886176,-0.1287663240682958
-0.04261054220615887,-0.20702621674989008
0.034447426696436384,-0.13853024439202766
-0.3252476625642577,-0.2013032671577536
0.18962773062776214,0.13441855455448895
-0.05283983962448106,-0.21611892556617643
-0.43896012710204557,-0.28060508583170063
-0.1442850269627513,-0.018671663485661256
0.17471294536964851,-0.013849783349172418
0.1590891624921052,0.10727316065612724
-0.10275372298729199,-0.26048682188867506
-0.42952164164057877,-0.27221532097706347
-0.00046663839405364227,-0.03455421790934728
0.06344920680843447,0.14420506117352824
-0.3958832720865932,-0.2640904756220519
0.2910189710270323,0.36826522361636865
-0.4276456203094124,-0.41426886850077727
-0.6973445484866777,-0.5320560546443492
-0.20675509047669374,-0.21792173087169406
-0.579051794484988,-0.40513101239431604
-0.014435571208816778,0.074974147380416
-0.3421059936903105,-0.33823364483935336
-0.1605544238278466,-0.31186522263583477
-0.31434487960433155,-0.19161190452670826
-0.1532363440319458,-0.17034951180969587
0.3819104276524553,0.17032575645776696
0.09884686985335567,0.19744557812865604
0.23017970801708432,0.2924099511367726
0.3026414089884697,0.37859627958209074
0.1722921306392724,0.11900913234249805
0.28755126544895604,0.2214616966177724
0.4422343913060319,0.48090300294917043
-0.2316565911061912,-0.09633527605760779
-0.0654530991743488,-0.22733071183272557
0.04207332374101547,0.0032590817662697053
-0.18021175019285884,-0.19432765061939636
-0.053111539218551336,-0.08134968530890083
0.06523330468273049,-0.11116501951532182
-0.6766422159835246,-0.5136539813082132
0.2862997163799432,0.34229440301486935
-0.3664988046289401,-0.49492689445902893
-0.16113752964786845,-0.05542759345429656
0.5226931748494039,0.5741978492362545
0.21457587600447686,0.30031580581854156
-0.4331570828848022,-0.5541786973531286
0.1498633481003217,0.09907243675231969
0.1715522387614013,0.24029664513172097
-0.6495978384130414,-0.4896145345788947
0.14296553956118568,0.09294105138419878
0.001236789884512729,0.11068106260079569
-0.155096706520574,-0.30701391836270353
-0.28152260503468995,-0.4193924948196954
-0.22855795888743732,-0.23730205834791063
-0.262722088492409,-0.12394905151202365
-0.5848893930065084,-0.4320959164397543
0.6385038940778716,0.6553647831908056
-0.21828283613288063,-0.08444749385910952
-0.0986417137518108,-0.12182095156068695
0.39842705020784747,0.32001794973678704
0.5991173972633147,0.4984093693416467
-0.026975216460153585,-0.19312814942010761
-0.3850781620571181,-0.3764311278320712
-0.040077031559395904,-0.2047742072861008
-0.5311236614271035,-0.38430415503583887
-0.7905287491207971,-0.6148864552080108
0.9691550797800821,0.6923210027934352
-0.28900715821266487,-0.29103467997033505
0.2546328095025588,0.05719009588008116
0.26629484082427274,0.20256709695138722
-0.2837235502310626,-0.16439294508380248
0.3843250324476942,0.4512039448791793
0.8661387967729816,0.6007509734537902
0.4476861368285795,0.4857489989692127
-0.04738511853451555,0.06746158845054835
0.5449061370349997,0.5939427045123398
0.6718778504025449,0.7068064497279354
-0.2986418124073153,-0.29959881703224656
0.4479828467384655,0.48601274111133363
0.006753025460183026,-0.028136738927803575
0.8739331761970065,0.7426900617271506
-0.08897052343470413,-0.24823508895304144
0.1503202554911124,0.24319969869555091
0.008446182215320674,-0.1616424617085749
-0.7011612214040416,-0.5354486527931172
0.16709825589711547,0.11439235479391414
0.09747223697361898,0.1744477546536923
-0.08304777428044524,-0.24297042303814465
0.2849362722771213,0.36285838028311435
-0.235019864839531,-0.12110078029132991
0.16756818597071355,-0.02020068059267016
-0.7992475155744203,-0.8795924152994559
0.0728281209557424,0.030596679290471423
0.16885074589968763,0.2378953181435311
1.2743311497461363,1.2423204935889054
0.143987477538596,-0.04116131031010798
0.2199494273440648,0.1613711738578691
-0.19996794501607099,-0.3468994636920342
-0.36673957536512014,-0.3601301618836286
-0.22687324038052326,-0.23580453078620917
0.01843489134688403,0.12596826390068128
-0.1282238819201723,-0.14811621215478613
0.07750357984791803,0.03475264275018309
-1.0283626435802935,-1.083250306860232
-0.11615800419655542,-0.015445793053129406
0.39090278863886785,0.45705083927133355
0.2795962231279938,0.07937979688046784
-0.45306555281068445,-0.571875115065024
-0.09096225081393366,0.0069504321758677035
-0.030920613812575548,0.08209670375893942
0.296117448938949,0.37279720398251676
-0.236817413299579,-0.1009226735628414
0.24909282197105065,0.3309975355666072
0.37815602592962183,0.44572038352978155
0.07454294894713531,0.032120970838376214
0.2676489494287975,0.20377074904429818
-0.627677426068293,-0.44835379602392045
-0.4137662809854049,-0.25821055595024217
-0.03655690144968671,0.055310742721864994
0.03594586845255152,0.14153357688349683
0.21820844662282185,0.024812884431426097
0.34145431521615366,0.39132071309150085
0.43711157300899817,0.49812531426700496
0.023715879784610705,-0.013058646194978972
-0.01192478963327398,-0.04473924123309874
0.2766328626149445,0.07674569864664625
0.24999637669304559,0.3318006953194916
-0.45834292748497407,-0.5765661147755037
0.29998097009675595,0.23251032297137236
0.32145029149895266,0.25159416421776937
0.03167310024089842,0.13773556069536078
-0.1007256394861718,-0.001728135532788407
-0.2591718865515312,-0.2645144384937718
-0.0759233324500429,-0.10162683484800443
0.10833778733442503,0.06216082718263374
-0.28386978417997866,-0.1645229308161723
-0.03321254331144453,0.058283505511413605
0.06361038722686413,0.022403138198135133
-0.16695533795458561,-0.038823051033958396
0.08386299217980422,0.04040545371185971
-0.27669275785067593,-0.13636742427492757
-0.02847928237609168,0.08426677614692507
0.8598018664349197,0.8738500195344908
-0.3282713836371279,-0.20399101922252713
0.5928382723645552,0.6365490470275001
-0.052760546910904704,0.06268342989375797
-0.36879875061989503,-0.361960539887873
-0.3738094627551939,-0.24446931177191913
-0.055513052872370676,0.03846083034614591
0.3978213403481504,0.46320066301291807
0.14211880988170986,0.23590952482052646
0.037874960266328694,-0.1354835478854567
0.1829728997142842,0.25044834375650576
0.16332986842450015,-0.023968073967082077
-0.2359805210689432,-0.10017876935783179
0.18155675205311927,-0.007766399630531791
-0.17459089584031834,-0.3243420866469207
-0.022785119702873946,-0.054392867961631994
0.23168971829607832,0.17180698803743666
-0.34837090863928155,-0.478813209134888
0.5994679715740002,0.3637102399435846
-0.03517257228731946,-0.200414687933144
0.44254161210624543,0.22422014263891368
-0.7690345203651574,-0.7177256685503284
-0.3840760943440498,-0.5105511519835709
0.4153536241594004,0.33506379324927854
-0.1311901493189063,-0.007031772246687896
-0.415454838434236,-0.2597114959047587
-0.06693638440203997,0.028306757875328763
0.10071506285616144,-0.07962567891671649
0.6090268966468813,0.3722070622305901
-0.2937478845327528,-0.4302594099290847
-0.16317695376661093,-0.31419636035918075
0.6227704220141754,0.663155402271607
-0.19602428039107994,-0.08643803855937343
-0.153749422389404,-0.02708445942046363
-0.5206532094369901,-0.6319530320661846
0.2970050210842014,0.373586157000519
-0.11215166692236156,-0.1338297988233988
0.6612255437576636,0.4186058596623965
-0.06179198183363943,-0.2240763853076506
0.4143853587603716,0.4561483073530279
-0.01235910586050365,0.09859582193855888
-0.039323512264499864,-0.06909366134974396
-0.7068534934644732,-0.6624536446386092
-0.10096103636414025,-0.12388257166053537
0.35687491560291634,0.4268038410171544
-0.026696763169134274,-0.057869884376085645
0.6484691404706526,0.5422775855259472
0.5231243577923043,0.574581122963277
-0.5496910713839889,-0.5227537139004007
-0.12384168594919939,-0.14422092684725463
0.02949387372954637,-0.007922651577258404
-0.2492123609433805,-0.39067227784964265
-0.043141251295866406,-0.20749795816296346
-0.24489401971812844,-0.1298778068500832
-0.19914537302264412,-0.21115753757920552
-0.5245757186256169,-0.37848376143451745
0.5209989607769524,0.29396000812398654
-0.561642298489226,-0.4114318324243922
-0.054279208816033264,0.06133350820031039
0.2213759326038265,0.16263917853321283
0.5595384652935383,0.3282173454720629
-0.13621945865044813,-0.29023414247814716
1.0654586296692534,1.0348801037164783
-0.42726789902328594,-0.291987921788001
0.05130912827499923,0.13341388025491918
-0.6732032445082935,-0.4888211901928099
-0.021734182137177455,-0.05345870123656845
-0.19708426982450886,-0.0656043238072235
0.016072846699732475,-0.15486320438909779
-0.18164862095026113,-0.05188374703011441
-0.0667044966947469,-0.22844306518419058
-0.28961487114247153,-0.16962967478283267
0.3562918216487946,0.14755366223229077
-0.3300669376797888,-0.32753226171888966
-0.4296366780575206,-0.2940935031517651
0.04978031209145677,0.13205493253621478
-0.5410365373106698,-0.37133967268381096
-0.2982908795564185,-0.29928687672033827
-0.38144219724316725,-0.5082099101161197
0.04402724140832526,0.12694109192898673
0.11828289947025505,-0.06400982414863327
-0.011826809967562413,-0.04465214819691063
-0.5021885716796155,-0.3368081476784294
0.23227762187498485,0.31605069103677086
-0.175898673844455,-0.06854861051792906
-0.15037330125479617,-0.024083462856367803
0.4028672991303568,0.32396483766790646
0.2795240429798739,0.07931563674880565
-0.26143463532664957,-0.14458057627987972
0.1559027710710239,-0.030569938281283206
-0.08826770975705775,0.009345579781979597
0.5513144659583379,0.5996389968886403
0.21114258990363055,0.2754880683692581
0.5574743645673599,0.605114462318882
0.009182562337283262,0.09596804386583828
-0.32368430798333064,-0.32185881309981573
-0.4313038775609247,-0.4175206527243438
0.16656963054225937,0.25764358762990386
-0.29340968547982793,-0.173002843082705
-0.5262828328986155,-0.6369571418098516
-0.3142905465499122,-0.3135088029367771
-0.6651160858104463,-0.5034085322654769
0.2399748140831233,0.1791715176259211
-0.3590981247467945,-0.48834851234156623
0.6300735658261963,0.5259259636197638
-0.31823582426800434,-0.45202646747153047
0.10495848468163721,0.20287812464268415
0.5355002117594657,0.44186076000489216
0.5806129741537173,0.34695024223666654
0.005505610989717413,-0.029245551790439677
0.21878528487257423,0.2822815750083192
-0.12886633123352698,-0.026742083752659667
-0.5107788122320194,-0.344443917058344
0.1471787683861034,0.24040726571332074
0.024459474505215906,0.10954752134844507
-0.2405102361069116,-0.1259811103067794
-0.009591112345504353,-0.04266486142174794
0.10109164823642036,0.17766500910951574
0.6709228064586,0.42722564872989555
-0.16471546459539546,-0.31556392554032264
0.5205181569312766,0.42854337793539055
0.5269457259975259,0.43425677266094564
-0.034589850669791415,0.05705923230399414
-0.05971102627171959,-0.22222664703038852
-0.35101625481783844,-0.20243275491240534
-0.1540280666681007,-0.30606401627161617
0.3531599464439191,0.14476977316129036
-0.08491189286995446,-0.10961666633237026
0.6596335908407148,0.5522015414104469
-0.35609663365832,-0.22872457479692013
0.061305728366367884,0.1422997470028024
-0.24209221987440893,-0.249332512558552
-0.19295378230014051,-0.08370870692298284
0.3325188255724375,0.3833780556304198
0.05319251771316592,0.13508800419995623
0.2477764193229065,0.3080514722975034
-0.137766075217256,-0.15659816175219385
0.22892824855780392,0.2912975427285233
-0.741646291761929,-0.5496594544182636
-0.5877421867505217,-0.43463173310109954
0.8013933755867508,0.8001554334209207
-0.4403390886331944,-0.42555195145525015
0.7405078985763767,0.489079063945697
-0.2763434601759291,-0.41478881050079697
-0.17763191945234155,-0.3270452187464969
0.06120349395032543,-0.1147470734996818
-0.2617790937886711,-0.4018427070454565
-0.21368537206389945,-0.10213678671299085
-0.34616632670147085,-0.19812170769785636
0.7256491915640984,0.4758713243792274
0.01576083461790352,0.1018153970041674
-0.6743052037153943,-0.6335218315283169
-0.16029691452472283,-0.17662557446994215
-0.2358850415399784,-0.37882577171328524
0.9502924243560091,0.8105649489795974
0.509256841477651,0.5622544417946964
0.11476732428116718,0.1898211655937351
0.5041602666907438,0.4140030310549171
0.1979514393381619,0.26376260119995265
-0.25096066071208856,-0.11349444904062768
0.5864598972145559,0.48715825818719455
-0.21583626962773494,-0.08227276807675785
0.3345357879569547,0.26322571662488237
0.092091019727648,0.1914403780169159
0.3088134352188007,0.10535065207229621
-0.004680015273756756,-0.03829944180241674
0.23121221816818943,0.29332773793775485
-0.25802559369063366,-0.26349551150630734
-0.22608615420842773,-0.23510489863323533
-0.12547473483446647,-0.2806832768639413
0.19394019681246724,0.13825185782978236
0.5451653437585796,0.45045198844854895
0.11708512952167491,0.0699362424601892
-0.14380263612226948,-0.2969747446753217
0.2668292681650379,0.06803139246895148
0.41212742378999656,0.4759171816278924
0.06987718409642754,-0.10703712670314662
0.5197141098369619,0.42782866940711095
0.16542097471384004,0.23484663264499991
0.020078567273151576,-0.15130256387939192
0.9452938991608789,0.6711110644652546
0.2134750729260962,0.2993373141933143
0.2597879194447832,0.06177241582872507
0.15629950453559754,0.2267386591532288
-0.09600944890355886,0.0024640338739786317
0.06606791883159113,0.14653280519411194
-0.39603103127799927,-0.26422181712552395
-0.7275159555459966,-0.5370991555596571
0.25882954620463855,0.1959312795117124
0.057478209141307586,0.16067343527350222
0.17388712828756725,0.26414803007017745
0.20601946941199084,0.14898898902935892
-0.1728551603980299,-0.06584326523221787
-0.20392418303595752,-0.07168424666184453
-1.0612716986182165,-0.9774920492197141
-0.4305862567936983,-0.2949375731394786
0.4911656682062585,0.40245227684648577
0.2064265369558113,0.14935082684608822
0.14244106501786394,0.09247485179013498
0.0755814534425912,0.1549892804038898
-0.5958815706359888,-0.44186674099929246
0.47833872675593525,0.5347716731531712
-0.3759443771438318,-0.3683122079091501
-0.07237449796715201,-0.09847231530765696
-0.23545021737034366,-0.12148331587427455
0.24600214811511384,0.04951839686901898
-0.13095476113309415,-0.028598465885608288
0.033943338699800873,0.13975355043660734
-0.8984615305598219,-0.6890507777941685
-0.381260744538363,-0.3730378678154001
-0.6554279512227486,-0.6167420515348537
0.2745034663851988,0.3318088474639855
0.6017274216383859,0.5007293910083768
-0.5635488406212487,-0.41312653654174564
-0.3503101683500749,-0.2235810500784801
-0.23501032503386857,-0.12109230046407443
-0.3624737582917108,-0.2343931300266009
-0.20095335038806453,-0.06904350653038407
0.20906187747701754,0.29541447379413327
-0.08326592656764495,0.013791609283679864
-0.8269965861487435,-0.7692475048024049
-0.37982379230115637,-0.24981538247944135
-0.017887343073324326,0.07190590572307601
0.597398861919572,0.6406029044097372
-0.12968758013509007,-0.28442802824227337
-0.5767741362710106,-0.5468275493555311
-0.17876094411049956,-0.3280487962204152
-0.5820928301226107,-0.42961008276517865
0.36758111203925775,0.4363204600716802
-0.4448514682375498,-0.30761776108956884
0.7238638766811915,0.6092951288242038
0.14055296473723278,0.09079654042957395
-0.5139731017036587,-0.36905921305944345
-0.2649092324801663,-0.14766910708300574
-0.2986792790763786,-0.1776869262796389
-0.31638519265054055,-0.45038146158934045
0.18659716988839423,-0.0032860282213984515
0.7558462407670383,0.7596690913589538
0.7060160345600038,0.5934303802720371
-0.3654788211735824,-0.494020242498711
-0.4759661916471572,-0.5922312384752221
-0.4884996711236767,-0.603372109121017
-0.5314327896848499,-0.38457893570939117
0.257161284574526,0.3163935747433874
-0.3622627418614631,-0.21242963228451617
0.26642440110022103,0.32462745609956084
-0.4820781835720175,-0.31893224713834223
-0.34218536230855445,-0.1945830726819307
-0.2685280502307875,-0.15088583397244681
-0.2880049913157696,-0.2901438649508726
-0.3156728058857294,-0.17101635586164174
0.20174546370711433,0.2671350673056881
0.1893869810523185,0.1342045549318724
0.10301005170561385,0.20114618421955224
-0.6950775693071846,-0.5082650344584907
0.31621541804205744,0.24694094336719585
-0.3080002894475853,-0.18597226883182263
-0.44857906994775393,-0.3109311848319725
0.028459143663498214,-0.008842411635967877
-0.26946704902632146,-0.1299445719866125
-0.2739640612948582,-0.15571784380717635
-0.6434885092921918,-0.4624080922229417
-0.5046683026491223,-0.3607882805665222
0.12715870963426773,0.07889053589360502
-0.5693332533786082,-0.41826823677050967
0.8342347245724694,0.8293477436304482
-0.015379092164028052,-0.18282048337910717
0.48511323135017964,0.5407934550147219
0.39341110736536844,0.18054858286924522
-0.1976454923922087,-0.06610318831184557
-0.9166436637372821,-0.7269886015337753
0.22478090591212074,0.3093869435142251
0.18196896255449174,0.27133188275188813
0.3864768018095884,0.30939550671611227
-0.36301968264579054,-0.23487839611911618
0.2281598360620069,0.1686693149404843
-0.5888730698417142,-0.4356369625154927
-0.3005194199051606,-0.17932260701633407
-0.4190992260203626,-0.5416828245847378
-0.3901424275727199,-0.38093269717927286
0.10681388330326808,-0.07420450518595503
-0.23826506745980117,-0.10220947726081667
0.2563876013907289,0.05874991089178791
-0.13384923011737412,-0.15311652166340994
0.2034544779226399,0.1467089965943803
-0.376245128818797,-0.5035902937389016
0.24263358625861148,0.1815348706707995
0.0707552161264919,0.17247521926033274
0.07098482416514199,0.02895819325438216
-1.0051910198135943,-1.0626533079564995
0.11688942369071925,0.0697622817215619
-0.2367695102720593,-0.3796119661418016
-0.6193714861823889,-0.46274666592942587
-0.3701135588801692,-0.21940813630114384
0.02558004858435605,0.1323195147784342
0.33115842766766146,0.38216881304839667
-0.07887752256308983,0.017692412843284433
0.15921290649561126,0.10738315532591042
-0.019532397765479714,0.09221956246746904
-0.17045647787267426,-0.18565629744589895
-0.4421212266559614,-0.2834149521018479
0.5228314071547572,0.5525447948147039
-0.378892787276817,-0.24898782245780637
-0.12372162516401408,-0.14411420614931214
0.1989118409668646,0.14267109707813558
0.0498927706856212,0.1539308233128921
0.4692520570442733,0.24796276036160522
-0.39589377525456093,-0.5210557572373585
0.2617897737118765,0.32050778730992113
0.411851612458518,0.33195089395960525
0.021272729691995146,-0.015230335166192802
0.48065584947939827,0.258099464748383
-0.004257753535501396,-0.172934849042639
0.3889934296071437,0.31163250920282815
-0.2567680897704057,-0.1404325357854408
-0.15701355995822186,-0.051761842619055136
-0.08120902188305179,-0.2413359764626838
-0.39798324244689126,-0.3879023104007585
0.5240871673144596,0.43171583160933114
-1.0544975526338634,-0.8277494640822053
0.13311887411221293,0.20613365433244246
-0.4340051251688563,-0.5549325127167323
0.1589577600172338,0.10715635845624155
-0.3108199453497691,-0.3104238240922055
-0.22400101491637694,-0.23325144148474586
0.13655550685910514,0.20918843899634665
-0.6432434869194419,-0.7409221676061416
0.2405924530948366,0.044709779073216986
0.3010328043631252,0.09843453575614015
0.14060496870212325,0.23456388821644947
0.30749394389588847,0.36113371636237634
0.1797329556372744,-0.00938755200017163
0.8821395578599149,0.8937057452455976
0.16219846458550488,0.23198217919759084
0.18288547195631794,0.2721465577757336
0.07363644503612743,0.15326038404258868
0.38585272392766656,0.3088407708210707
-0.04561784071034575,-0.07468861996827364
0.309790203997125,0.3849507640342288
-0.1499648915596175,-0.16744155405651517
0.6551327629152441,0.41319005446913487
-0.5093539470030144,-0.621909243235984
0.0231950206950192,0.13019948998791253
-0.2957977264818304,-0.15334961861373153
-0.29334037851257366,-0.2948864313480318
-0.0784375506557764,0.039859426564983126
-0.6343428595901504,-0.4542786258211271
-0.48845740289695777,-0.3463785918979315
0.15731045142205807,0.2494132061897249
-0.35757005661933655,-0.208258356513737
0.1811719867186774,0.24884753220485534
-0.16588144895330678,-0.3166003560806883
-0.005994281712265126,-0.17447842964420676
-0.15083530760629635,-0.04627006275067691
-0.04301179501215524,-0.07237213490321537
-0.3222773361015138,-0.17688704938678346
-0.17591269216671104,-0.06856107124882331
0.2415538743897444,0.04556437577980171
-0.06006733904293568,0.03441257597231032
-0.10191937508050053,-0.12473442829730007
-0.026323659623558378,0.08618288526028807
0.351207567930619,0.421766198641779
0.24217296284945294,0.32484654968074256
-0.37754614862959,-0.22601488274507345
0.19108719326109253,0.25766104913144655
0.11367313964294073,0.21062448460828723
0.33781299217752986,0.26613878704317134
-0.3715215357386592,-0.22065967128646824
0.2842632646827955,0.36226015131038036
-0.571509912072638,-0.39842711691667165
0.3874771029811429,0.31028466331304966
0.33209111851697637,0.38299787158112103
-0.37454737370319285,-0.22334930503272035
0.31351901642840097,0.24454414193283458
-0.7703745044948793,-0.7189167655545257
-0.6833465195390949,-0.7765693077124998
0.14842064887813783,-0.03722071356384856
-0.009493196724572023,-0.042577825314252506
0.31055246843722467,0.106896459377562
0.3069529832361046,0.3824287900244329
0.1528822804915299,0.24547705425147764
0.16682842874517056,0.25787363047693596
0.7482636916989923,0.7747049753247774
0.278712544190427,0.21360505549907996
0.2964031488018196,0.3512752318343151
0.23265293874169257,0.1726631839890938
0.7196638458319551,0.6055617680693272
-0.01858801664295648,-0.05066210968614983
0.2754921870573311,0.21074251582521691
-0.5712065075572937,-0.5418785460544496
0.16788224389733405,0.23703442747477232
-0.4089119067180146,-0.25389555660145086
-0.2198170643010642,-0.10758717981269277
-0.5899051818955021,-0.6935103409181953
0.10717292655245347,0.20484651741674303
-0.2878606848463546,-0.4250263435411752
-0.006132145314291522,0.10413089797963633
-0.12668133982735982,-0.281755814635402
-0.2134021941302328,-0.358841018460178
-0.33863895571434444,-0.3351518333051613
-0.09783955366093111,0.000837274089647745
0.09094722494488872,-0.08830820150451446
-0.02303372938672099,0.08910726769303233
0.05251956192995955,0.15626574886341504
-0.7314987167493352,-0.562415315322267
0.4434698225636719,0.5037770916489372
-0.24958528309399358,-0.25599301319818285
-0.8407109122389103,-0.9164487678901134
0.05640783134403804,0.016000866302289744
-0.19994960275256418,-0.06815128640993934
-0.5288795790737674,-0.6392653606322087
0.24118725077919234,0.18024923913353805
0.38981446916292906,0.4560834441816103
-0.026117424799748518,-0.192365667944192
0.0980961000551234,0.05305710515658784
0.5237857864871642,0.29643718653306367
-0.3924541296623768,-0.23926642144088392
0.4975191816176941,0.40809984432331725
-0.02655273281453103,0.0642033370642256
-0.28112250666547517,-0.16208090635883587
-0.4163348091394465,-0.2822696196690326
0.3376812974119917,0.13101097402179934
0.16476921795755983,-0.022688652159917912
-0.25737734556564723,-0.1191981689104576
0.6174265126972545,0.6366293330747016
-0.5640113674346552,-0.5354828659454375
0.6935323424823738,0.44732301408436115
0.11540065806150146,0.2121600565358968
0.011793758280674083,-0.02365608753181155
0.04013558949017637,-0.13347409968648097
-0.23225120189522366,-0.37559569202905885
-0.07961783010549153,0.03881028927634747
0.6121446337949801,0.37497838414001117
-0.5711325614303198,-0.3980916941234999
-0.20755071168102512,-0.35363970072754897
-0.7146738390587618,-0.6694050629446435
0.5547839882137497,0.32399114362336207
-0.09020871557776156,0.007620241274687344
0.042938971163299616,0.004028546141633369
-0.06168211321857109,-0.08896797330891834
-0.27907269562789744,-0.1384829245213467
0.18720496033128228,0.2759861029979242
0.2362958849327031,0.31962248042140934
-0.22085874750654777,-0.10851312043978927
0.1618081296985772,0.10969002039521343
-0.6014798096866987,-0.4250670259069478
0.20930365060881959,0.2738534556627595
0.7741168358348139,0.7976855478899523
-0.21751668176465022,-0.10554239533588038
0.12726843667950322,-0.05602267996263493
0.6261293587647255,0.5224200017873453
-0.22877206263363584,-0.37250312379653633
-0.009194348139882395,0.10140893991244446
-0.2960695787447498,-0.15359126506965992
0.19269941671778013,0.0021381911825001255
0.7638781978826483,0.7885845363769163
0.4174627827396588,0.4588837953346165
-0.2149176848096506,-0.22517737027876678
-0.285821736717824,-0.2882031941971432
0.13991857286376144,0.21217783100048557
0.27946178519830955,0.35799216954639285
-0.7840694091395037,-0.587368892087219
0.01660457660086906,0.10256538987791454
0.12884293146388176,0.20233281642281473
0.13049607951802578,0.20380228135983167
-0.15067641581715763,-0.1680740200632175
0.18988280787460957,0.25659048434346166
-0.6871340311319727,-0.5012041116360803
0.048978833002594035,-0.12561343878655418
0.32850443569215476,0.40158563665203306
0.1655681788276002,0.23497748074612002
-0.5755721545640352,-0.6807698721791137
0.14783672786155017,0.21921619099852002
-0.3393354916551146,-0.21382578190518206
-0.35029092983844157,-0.20178802159738593
-0.24033913192779338,-0.12582901770311872
-0.5561185980040895,-0.3847459488557396
0.1886045058335961,0.2772301434444253
0.5235021787330518,0.4311958417591909
-0.5730711816898602,-0.42159083971384465
0.08919104908522066,-0.0898692467131083
-0.0029179037875207703,-0.17174387148887843
0.052607558615900524,0.012622846099500866
0.3538834487646908,0.4023688318013117
0.008250817705841358,-0.02680536804277397
0.537937449793222,0.5877483158529819
-0.2102831947127358,-0.07733670148564745
-0.4619616363542269,-0.3010508718336395
0.579544035670324,0.6247319477437391
-0.799142306915249,-0.7444881454837431
0.03674513818513411,0.12046811128615016
-0.08644227013387584,-0.11097700167807813
-0.46144088405420286,-0.5793198539481514
-0.24210055926968915,-0.24933992535435662
0.2990692886735096,0.23169993948404224
-0.1183691533963416,-0.274367204474497
0.082601819869532,0.1830055336985906
0.23890985136798212,0.17822488410135115
0.8165673678178518,0.8136434265152325
-0.7502271962454913,-0.8360187981181856
-0.5638962032195435,-0.41343530329578554
-0.2889223214098935,-0.2909592694789826
-0.17744566792582767,-0.32687966183404016
0.024230050170366446,-0.14761235685964538
-0.17912749400663489,-0.04964274530244665
-0.13668213676117089,-0.2906454119099008
-0.8094918597706939,-0.6317425535634748
-0.4520275716903598,-0.3139965197142889
-0.1597769571130322,-0.1761633901039949
0.2175715447240147,0.2812026948762662
-0.6808580825301086,-0.7743573637045121
0.060823600420982116,0.16364711641099072
-0.09702269130109875,-0.25539257150094774
0.6552886750072494,0.41332864299536165
0.894233913774298,0.7607351617958541
0.06581155367174074,0.1463049250520227
-0.3793574191651901,-0.2276249009989402
-0.10840892725351955,0.013218202922544744
-0.10805470211659551,-0.1301880523293845
0.2915916077414462,0.36877423402918097
0.1437741845093495,0.09365984689367772
-0.23297244440786916,-0.37623679648474373
-0.09604329528327729,-0.2545219972628842
-0.036712707820757855,-0.06677294628863992
0.5202225405132266,0.5502258022444546
-0.371501372753696,-0.36436287067347384
0.008794121550615486,0.09562276316657806
-0.201271257955032,-0.3480579640822218
-0.3360594607440798,-0.21091375442870658
0.3468657470257376,0.3961308747000199
-0.2779679918916255,-0.2812220876849667
0.1163235511857027,-0.06575146706823537
0.4280953055378336,0.49011085429263646
-0.9190896773800257,-0.8511080303413223
-0.25293282192569044,-0.39397935427836256
0.19791251439370255,0.26372800124932216
-0.5412544664333307,-0.3933093150413741
0.5233201478696191,0.2960232855396904
0.17006965195830132,0.2607547177774967
-0.15312208240097075,-0.3052586969230562
-0.76144202094587,-0.7109767801776286
0.8545834514303374,0.59047955537144
-0.3846800305153396,-0.37607723312826813
-0.5479972815970247,-0.6562588739862153
-0.15521726085655013,-0.028389204724593546
-0.027127267027244634,0.08546856756812247
-0.116351810353301,-0.2725740106584609
-0.09792492777089437,-0.25619455947409947
0.2813848588097138,0.08096969526421899
-0.8480132102099729,-0.7879289484123867
-0.5672211691092517,-0.39461490094921703
0.0039752547939898575,0.0913393260495775
-0.3309232523577017,-0.18457230828117271
-0.5851282707679604,-0.4105323246458471
0.14201552414697577,0.0920965932382344
0.10320713038489132,0.20132136526779887
0.19475837239685265,0.003968374008342342
0.10523362302576994,-0.0756091809881756
0.12242764995475824,0.218406271552125
-0.09587399073169026,0.002584441137861814
0.09500509116159134,-0.0847012093118899
-0.2386786065493994,-0.10257706756268176
0.22805543349558538,0.033565761651660385
0.4230714219275037,0.46386925239047866
-0.20889054453414235,-0.3548306632636532
0.5053013504675442,0.41501732774540634
-0.1877505261501319,-0.20102878480363906
-0.6766067859982754,-0.4918465604061271
0.03106095986530337,-0.006529686123252171
0.4585490286950946,0.23844895738455746
0.3071949738215364,0.23892277072673274
-0.07160847474206752,-0.23280215678180893
-0.43897832413811605,-0.30239718855673886
0.08428275044996739,0.040778572174226965
-0.4787690243752052,-0.3159907722967314
-0.3575811260112692,-0.23004412355509718
-0.3176693527566973,-0.19456699177325548
0.45191416016756236,0.48950724193719747
0.24217613420913153,0.32484936866712344
0.32773596557042917,0.25718143005908184
-0.16733927847634822,-0.060940259079611904
-0.5174886330185297,-0.6291400752497752
-0.1413230360603152,-0.2947706557313624
0.5215805678053755,0.5732088651971181
-0.39502860890647173,-0.5202867204835016
0.13262737580826164,-0.05125917851484964
-0.37551135435872185,-0.5029380497743906
-0.1785559148807675,-0.049134674968342285
0.2608104125189794,0.31963724402734595
0.121260367695735,0.21736868732188214
-0.7371171632165094,-0.689354684418197
0.04983767837280854,0.01016073032786352
0.03383866525629848,0.11788457979385185
0.13828676986553862,0.2325032670283743
0.22754186891384792,0.16812001080878744
-0.08224339577148357,0.036476453128799026
-0.2965972165247166,-0.29778139846993656
-0.02545634069303082,-0.19177803762710957
0.35362670964339843,0.40214061924905176
0.15172009435578446,0.24444399990859278
0.3615733590494591,0.28725911315155295
-0.5916396450039327,-0.6950520859034668
-0.41547890401791887,-0.5384647605825656
-0.4213865962003729,-0.2649841694746582
0.8143931296153958,0.8117107703352715
-0.07132687367689544,0.04618002832398843
0.5885118821750265,0.6109274392771656
0.2536381411100731,0.05630594619787166
0.1675896629012156,0.25855028306008715
-0.5618910177863178,-0.4116529162440293
0.6182615663900703,0.6591475306057357
-0.0010117289100194451,0.10868237922787818
0.0010288627795747782,0.08872031092565298
-0.39334536582512464,-0.24005863136332645
0.07320728830896925,0.030933716937784145
-0.027927247368382202,0.06298154634969122
-0.6043140648846081,-0.42758636386064514
0.2782744345861943,0.21321562473976194
-0.18582453375220537,-0.05559566952073151
0.29789997275827634,0.23066054755939044
-0.5544215218845856,-0.5269585587898202
0.31610834617415046,0.36879096283194246
-0.10091010753879182,-0.25884805260111937
0.17157610789946837,0.2620937897252007
0.45790100235130005,0.4948288794338532
0.050752236776173,0.01097367113085416
0.4130104926535413,0.33298100968851485
-0.03663580738131709,0.05524060411597132
0.09063246455958887,0.04642276249389049
-0.025062263210092965,-0.05641699552360449
0.05521070634272293,-0.12007399581755071
-0.10817820806280412,0.013423286647625154
0.7527796313233076,0.7569432162978599
0.29991146294927484,0.23244853884027805
0.35484910491567345,0.14627124735840527
0.9214742050408318,0.9068939484912146
0.0006054291563775682,0.08834392548281102
0.23411326421398382,0.03895050006801452
-0.4154377794382494,-0.2596963323527706
0.1986544821259104,0.1424423336639541
0.00624179250812984,-0.028591168218517544
0.04440884358335295,-0.12967565160365735
-0.8586254446883602,-0.675416851268067
0.2221064989014851,0.1632885707977982
0.597544887281741,0.6407327047316654
-0.331595176022463,-0.32889069580126673
-0.5522961802706513,-0.6600801172516612
-0.17457657251250558,-0.06737340933397398
0.18373778726193288,0.2729041713807247
0.29853960252609607,0.23122910735300803
-0.02808394867459397,0.08461818388158975
0.5433329367756267,0.592544304281786
-0.056617839206769965,-0.08446639640953962
0.0901393412796897,0.16792962514797732
-0.08554069510331594,0.03354552038939244
0.36697046851354326,0.4357776658266006
0.14291143115094698,0.09289295501954216
-0.5252486516825938,-0.6360378696178324
0.6712240484114262,0.7062252924024965
0.09666051129440134,-0.08322972474939212
0.013366169892937263,0.09968680613753077
0.031416468072845455,0.137507443212647
-0.06085373988872775,0.05548948058013749
-0.22550376231098634,-0.0908660949063146
-0.02493584502569207,-0.05630462380413697
-0.23741951356193683,-0.380189746843915
-0.40960560597668283,-0.27628810574657603
0.1523882326319443,0.2450379005985126
-0.2881902777370236,-0.42531931499954756
0.5172360760506021,0.5693470947484307
0.04903939099778564,0.13139633600850711
0.2727219588646196,0.20828009076502893
-0.10948237194301683,-0.26646784318265276
0.5519175134558318,0.32144316606076834
0.8957668634315155,0.8840429781718225
-0.5658767839119463,-0.6721517649328124
-0.2374237942921972,-0.24518280092991931
-0.02772088415075208,-0.19379096514508407
0.01891000134589388,0.12639058389980112
0.34138280531173204,0.26931195427357335
0.7298393036714133,0.758327741522485
0.0391024181307294,0.12256347123779039
0.1920267450964196,0.0015402608524018807
0.3714416363398272,0.2960309151874357
-0.3689267303231879,-0.24012910516569164
-0.07982569029601116,0.016849597080687673
-0.426319313853932,-0.29114473497079746
-0.4875068249127751,-0.345533633689769
-0.20521316954760782,-0.07283001244997814
-0.1966512372502338,-0.20894052800372967
0.4451696011851748,0.3615668839388558
-0.0027594729949658447,-0.1716030441177185
-0.007773500549559054,-0.04104920649201876
-0.5068509770473002,-0.3409525080052603
-0.04033493416875772,-0.20500345404997794
0.08916274337245866,0.18883746570119206
0.14876126354506702,0.24181392807684393
0.8416919655054231,0.579020456771516
-0.3344465946576453,-0.4664360411512113
-0.15154143802247977,-0.3038536796977309
0.014031793472249199,-0.021666722917078114
-0.16988975820043747,-0.3201632976336933
0.28270221361907577,0.08214067731698511
0.41904066746784807,0.46028635953745156
-0.1619408234586835,-0.05614163239724326
0.07405509874766775,-0.1033234247909331
-0.5711344500997892,-0.39809337294080616
-0.11200923799921661,0.010017926704147386
0.34254139696549446,0.13533106251380175
-0.46731897318417237,-0.58454482206368
0.22440964710985584,0.030325062642123004
0.3238057856312113,0.25368793677977713
0.09249214918871185,0.19179693753786156
-0.08468272755639303,-0.24442371483898714
-0.7963257885248131,-0.6200393791226918
0.4457783757924933,0.2270972659155785
-0.6026637246786887,-0.4478953223705812
-0.8109826925037873,-0.8900236836811154
-0.22934670168473797,-0.23800316305662228
0.4893662423866643,0.4008527872290687
-0.3241268599095119,-0.17853107054944845
-0.5262180664556915,-0.6368995716383635
0.025211711101937782,-0.011729018357354928
-0.5076881246260476,-0.34169663918636906
-0.32900323560079636,-0.18286562671947906
0.03665581119476862,0.14216463709880095
0.0532380323614946,-0.1218274838008648
-0.02088763550438194,-0.1877169663483106
0.13341650079943962,0.08445301692931337
0.02132871259909256,-0.015180572582106236
0.18824660356314998,-0.001819864954948865
-0.33926918638224246,-0.21376684388485126
-0.32005416404924064,-0.17491089645142954
-0.18441822481026596,-0.05434561712789648
0.18242422805503505,0.2717365631968155
-0.239100778732282,-0.3816842047731106
-0.2712665739182299,-0.41027602271617547
-0.08904821618483688,0.03042772387248495
-0.5347166190727127,-0.3874978951652693
-0.0444836020416396,0.04826478664012909
-0.04906011571149643,0.06597270207100976
0.5809683411867674,0.6259979970916887
-0.009069781788493131,-0.17721220748974276
-0.5698413833345356,-0.4187199078424451
-0.670928030847067,-0.508574705631362
0.21957310460908908,0.3047577868004191
0.3998637630217544,0.18628427678603274
-0.2314957884176487,-0.11796826791632348
0.41181141984384084,0.19690441618344298
-0.16248843403272184,-0.31358434281794606
0.28268213886192556,0.36085470613627374
0.08115377853814854,0.03799726380816577
-0.2502162877326499,-0.11283278417001556
0.14808800529442795,0.24121547629849813
0.20425895131721625,0.012413333048665542
-0.22078042710978374,-0.10844350230933235
0.31911371897225255,0.11450645985314228
0.26981050154218034,0.07068137769307807
0.09775141639969925,0.05275071968509971
0.518502319918471,0.5486967172713384
-0.21521397876627216,-0.10349554822621093
-0.33635529193343894,-0.3331219099443564
-0.5817924854749026,-0.4293431097449936
0.577162862129615,0.6008394214590221
-0.24313784155797635,-0.10654083201475019
-0.5338095594607815,-0.5086368144131054
-0.1524873740178817,-0.3046945116936437
0.7260093836034323,0.7549233681287242
0.0739309001474781,-0.1034338235466572
0.30347101680222577,0.10060183570200734
0.4382647545780333,0.4991503645505919
0.351936580253034,0.42241420959503684
-0.039643833363082935,0.07434273082515509
-0.24083440384142277,-0.2482144538625643
0.17800765180865652,-0.010921155403387518
0.20773587022707568,0.29423580068307387
1.0638495220552422,1.0552257134192218
0.3352285903400693,0.38578673542387043
0.22297924326499136,0.2860095380238011
-0.07711509284009044,0.019259017041506146
-0.4172177014477373,-0.4049996072903994
-0.5239328484412387,-0.35613639368876115
0.23830062124484058,0.2996285406725559
0.2884083302652524,0.2222235320100359
-0.12907226364823607,-0.02692513478795666
0.22264226646749008,0.2857100030926888
0.286280508785247,0.22033213513891994
-0.5290822894951239,-0.6394455476734147
0.1988116018156244,0.2645271900688082
-0.12029760956487795,0.002650485312448393
0.3257660463535951,0.25543039075522933
-0.649851686841759,-0.4898401776266437
-0.2806017184534825,-0.4185739289697333
-0.1119917790727768,-0.011742481831992871
0.10475022426603797,0.2026930042732626
0.012511079742885706,-0.15802921946185047
-0.08206759820481602,-0.24209915541536312
0.21317612590477197,0.2772956559258283
0.13584957603805187,0.20856094493318816
0.6938627106355865,0.582627425672555
-0.22187443291560816,-0.2313611463729513
0.3038606697597683,0.1009481938864896
0.09538588569152129,0.17259322018071654
0.07033087495900106,0.17209802711145197
-0.12172123618933203,-0.14233608261626143
0.01751578195504913,0.12515127777460583
-0.23227212308617295,-0.09688241559536939
-0.5194892125777439,-0.3521864951434325
-0.2760487697043656,-0.4145268634149627
0.43550156772066506,0.3529730764148471
0.09013527531483573,0.16792601095699608
0.10972204303702038,0.18533647115449353
0.23833051306145678,0.17770991671777306
-0.03791086375842251,-0.20284872479634666
-0.13876270312832514,-0.035538858770258065
0.6026874685097601,0.64530388804546
0.07854037675167781,0.17939536203827575
-0.37337287017821935,-0.2440812294812751
0.1989519809944575,0.007696026095102226
-0.21037219394909917,-0.22113693395827666
0.18826191464567166,0.13320449590374184
-0.3680829656656102,-0.49633503760273573
0.01554441183634514,-0.020322173260103944
0.4099439093690268,0.47397627992036373
-0.6294286622478792,-0.47168637798763946
0.8034852713279201,0.8020148963019599
-0.01639436183085438,-0.18372294530517494
-0.5106323245851061,-0.36608963339850775
0.44115092154419455,0.47993991871642616
-0.03241559496941606,-0.19796404142834095
-0.3666169852283243,-0.21630007083283725
0.020276386009006997,-0.016115973995515603
-0.4691642114137566,-0.3074531607754437
-0.08346950046928389,0.0353865822863098
-0.11525113829442149,-0.014639690029010376
0.41397351921786685,0.45578222775969046
0.09581914590668267,0.1947542679538356
1.0997114082419857,1.0871029455852161
-0.15494502990423484,-0.04992314923773335
0.7201182467844808,0.4709549290195673
0.20901279529971417,0.016638972144219253
0.042264725902560724,0.0034292170209766
0.36946634268378326,0.2942750986042855
0.15593592353072924,0.22641547603779028
0.26364209586601084,0.06519835042537185
-0.17485876312513393,-0.32458019090009016
-0.618087335309531,-0.5835503929453272
0.0808007045099523,-0.09732733078001352
-0.13263446517991853,-0.030091536149452133
-0.0938471049621861,-0.25256982808858097
0.05963553911954156,0.16259106192082132
0.3822817849205166,0.4276117972731568
-0.28218236535430685,-0.28496819742957236
-0.027468983472704323,0.06338889203473823
-0.7097386034413765,-0.8000289378478613
-0.19279977375442717,-0.0617958828560398
0.5641407418551728,0.4673190089788539
0.06579613927880112,-0.11066472209659232
0.17133507599956002,0.26187953914750445
0.11665505898921752,-0.0654567934651111
0.05658316979351392,-0.1188540283057365
0.43760500609830494,0.2198320484096333
0.2575982312777692,0.33855789939480146
0.042172783436440195,0.1470686124247312
-0.6535320091025699,-0.47133564760994456
0.08322731137080974,0.18356152614417082
0.10182910835961867,0.2000964568008899
0.045414471674135766,0.12817418549859608
0.2968287581994659,0.22970835684044782
0.572222844638144,0.5964482947999367
-0.009657344235237737,0.07922146024581964
0.11373558500515382,-0.06805188145094548
-0.6028948411491095,-0.5700459536916191
0.01660524130475685,0.10256598072581483
0.4250218549155099,0.20864702513603772
-0.1332430103086468,-0.28758841061876833
0.430769813013041,0.21375632122273203
0.026849657784315036,-0.14528381675835775
-0.04986552580355874,0.04348085440731205
-0.529594767047994,-0.3611692102280992
-0.5428264267858189,-0.37293068555061015
0.3009054778838454,0.2333321076710074
-0.4205978015944338,-0.28605894629568795
-0.19424100594959465,-0.2067981001809393
-0.8388785531798695,-0.6578640588160751
0.4741840313961343,0.2523467375632593
0.07712321787232695,0.15635973767476605
-0.37297238328717325,-0.22194931355181405
0.21156378043492052,0.1539172654941853
0.35162939852039116,0.4003652315841564
0.12493057160047516,0.19885516321089775
0.5308272956934063,0.5814281788753677
-0.20071963524648959,-0.3475676327857396
-0.17778815615254975,-0.3271840958133487
-0.24622871291775542,-0.13106420080530717
-0.2795238820189038,-0.16065990667299465
-0.4184906478466695,-0.5411418662081218
0.3732198811630364,0.4195567717109523
0.2743663478277301,0.20974176984334938
0.31951933008789013,0.11486700306704235
-0.6961754807751345,-0.5092409557633353
0.40087341688570105,0.44413769235332073
0.3616309490977499,0.43103142634589525
-0.08457007191158522,-0.10931282548048646
-0.43802174564604723,-0.30154689656378886
0.4868721325551593,0.5205809951706171
0.8048851182822279,0.8032592047057892
-1.1966299249176426,-1.097810472596982
-0.2986227434695721,-0.17763667240692207
0.05273485228195157,0.012735996024879527
0.010573930123806141,0.09720481523163639
0.38896611332536124,0.3116082280634659
-0.15326195934242726,-0.3053830319821287
-0.021242344143816864,-0.053021511909136836
0.43750738174147263,0.47670121666956217
0.11254881141024575,0.20962508173478056
-0.3241844617350167,-0.1785822721721194
0.13091306476562867,-0.05278301055274562
0.37186997105204556,0.41835685161229363
0.24223364986760676,0.30312456611501465
0.06688097491839057,0.1472555217157115
-0.5916326367290503,-0.5600351053182331
0.38421559045250764,0.30738554106537386
-0.21571863014336592,-0.08216819964620758
0.30624187550681115,0.3600207666831964
0.43431184973274173,0.4738607437729125
0.10153456843342928,0.19983464353316593
0.5861158577799557,0.4868524453564388
-0.043967528306962905,0.04872351884873057
0.27350877396399104,0.33092467642291185
-0.13513316928113783,-0.010536678879782565
-0.5256903528052186,-0.6364304928379432
-0.45004510018991484,-0.5691902682910065
0.1596214911614107,0.22969153615395158
-0.03248076068372263,0.05893397895827753
0.29805172412808906,0.23079543766589067
-0.6229685070997104,-0.5878892123143754
-0.38284479849746034,-0.23072479373873594
-0.2791208727077036,-0.13852574859228542
-0.05585982593446445,0.05992851520614931
0.7510199554285939,0.7771549875288678
0.0851114152216248,0.04151516308236687
0.5287850276759013,0.5796128295264745
0.24750492528644608,0.3295860718469586
0.9036766265380975,0.6341179332450044
-0.11966950954945371,-0.14051232560303623
0.7652172182982317,0.5110429036984572
0.2966682585223306,0.09455493945321167
-0.04314020745806155,-0.07248627929957653
-0.20738224533836333,-0.35348995286740514
0.18678012273654582,-0.0031234034674859266
0.2643527357346018,0.3445619033564304
0.1905779981625837,0.2572084312661053
0.22441403604510274,0.3090608369657646
-0.08250976453583,-0.10748144114648185
-0.20333296370391965,-0.34989059141456635
-0.32759152489292687,-0.32533189479723457
-0.27342372419719063,-0.15523754416480512
0.38699384492797073,0.43180029505756046
-0.6616666088740925,-0.7572982760102756
0.5583331568288211,0.5841019056360941
-0.44536342994737665,-0.30807283816497055
-0.5432915928292665,-0.3951200940599837
-0.0494214304071853,-0.21308033959524691
0.86633736036269,0.8578834198884222
0.10340406615396086,0.05777529724444341
0.13844914713500472,0.23264760237901083
0.15914163758971436,-0.027690945820224997
0.06067504815277264,0.019793947910053858
-0.07748027534762184,0.040710337950009404
-0.06483562318370675,-0.09177109327792782
0.24343857189177603,0.18225041345583465
-0.037528949820484936,-0.20250924574040216
0.5680538518124951,0.4707973289409183
-0.23108752392632523,-0.11760536614625813
-0.15596923736428078,-0.0508335558688853
-0.23812930782238023,-0.12386472960941813
0.0611549077135504,0.14216568420029796
0.17311928832439827,0.26346550565847177
0.03560598789364009,-0.002489661209175098
0.104605110129905,0.18078808634816873
0.7889719042299476,0.7891141255482066
-0.03306207646873588,-0.06352794064239821
0.7463750399165907,0.49429430069255403
-0.031528409257032514,0.059780513559779834
-0.3259394930871142,-0.18014230004065038
0.6065484535315264,0.5050147526911684
0.043237378204268734,0.004293796844717004
-0.19376565159802597,-0.06265444093923873
0.7234364788569363,0.7526363416873944
-0.132591588802939,-0.008277496232494692
-0.09867307838297534,-0.12184883123283326
-0.901388810816023,-0.713428732270434
-0.7885476978854519,-0.6131255207765929
0.2242074523891034,0.16515608500901452
0.2098338114310208,0.017368764260936292
-0.16656811130090524,-0.3172107226118869
-0.3783028278417024,-0.5054193595370398
-0.1270230826850831,-0.003327713016622843
-0.05983162347786786,0.05639802850090181
0.471479568440266,0.38495352149893686
-0.10601636617927318,-0.006431003704434119
0.011556942810250492,0.09807860428625365
0.12979001556205777,0.22495059653639127
0.19833192272762679,0.14215561419881306
0.10273988565346587,0.20090603661764295
0.08113641356809775,0.1599270227376734
0.43393665075549487,0.4735272335709152
-0.1032046342498763,-0.003931686433859117
0.35960369928633235,0.15049755346565766
-0.25855220658392736,-0.14201841739746005
0.051320016916314215,0.15519948662906366
0.3010023287742658,0.35536339180982274
0.45855236665397814,0.5171837975069872
-0.003758804161858892,-0.03748058748072972
-0.28976668654994736,-0.14798869422983552
-0.29122132335862094,-0.29300282676674044
-0.12468941438744222,-0.023029268778362127
-0.21364427369985875,-0.3590562002998455
-0.023860283087259876,0.08837255329255335
0.14099050726777043,-0.043825283884175156
0.19971374707443595,0.1433839025070879
-0.31073044280940654,-0.16662314423824368
0.505005504796377,0.27974360280791954
0.019599308896182555,0.10522737414041543
0.04884241118640972,0.1312212428428396
0.39866460533383596,0.32022910984877684
0.04177098660331402,-0.13202041336369197
0.3528367506638104,0.14448248802341593
-0.27068743518580896,-0.4097612327318012
-0.3126535133031199,-0.16833254023265556
0.18690228866337497,0.1319959394750337
-0.425163025520938,-0.2683409955373828
-0.26886557858267496,-0.15118585917412455
0.12298511825708569,0.19712587135010715
0.09418064741702145,0.19329782485191455
0.31663835262643975,0.11230613421241974
0.35982430274249566,0.2857043964342521
0.5965133720732751,0.49609468028383397
0.2524115823253669,0.31217161718857933
-0.22382540844254953,-0.368106097848904
0.09049346196418057,0.04629920463130535
0.27133628263625886,0.2070483785620416
0.39498810844763804,0.4606822346569071
0.14813202110720053,0.2194786738835425
-0.3192685065409604,-0.45294440726971374
0.8278312030633235,0.7017105300527656
-0.0754356811272415,0.04252775503479192
0.08110954754759989,0.18167906941242873
-0.8343272220183615,-0.7757636255753986
-0.5310189794205855,-0.6411670498293804
0.22717397673153256,0.03278224452805784
-0.322366660090593,-0.45569832153605383
0.4580008409185248,0.49491762482694185
0.6522979405813728,0.5456809634021429
0.12027278401553712,0.21649083516170625
-0.07705051675437471,0.019316418006586764
-0.5623408857970147,-0.41205279892020436
-0.054534760060797716,-0.21762552150956907
-0.15098977435196856,-0.16835256098304946
0.0877902378774705,0.16584153323489362
0.044477688454881315,0.005396294845261545
0.18303594185128005,0.2505043812116132
-0.053164341412114235,-0.2164073715996282
-0.12922508659569698,-0.005285049826057375
0.21222316529450505,0.019492634361811194
0.15829255530965097,-0.028445685624725787
0.18549997241929672,-0.004261314860596209
0.13659446793444263,0.0872778766048716
-0.6091700854139038,-0.4319028265533524
0.23380730479750073,0.29563448160825384
-0.1481858410806514,-0.04391498139454805
0.3137635609117835,0.38848263684725853
-0.37471722657486495,-0.3672214074034018
0.47839823847839985,0.25609269941416213
0.09321672987260632,0.19244100925687888
-0.13933087532386518,-0.1579890951802909
0.02420216370121514,-0.012626393824663918
-0.2960818937056118,-0.15360221170153726
0.568511689037844,0.3361935443558902
-0.08353025646955366,0.013556649370872162
-0.10419888536324792,-0.2617714106673026
0.3758749968881757,0.4219168745777427
0.19057573265746136,0.1352612230253327
0.0772459939129421,-0.10048707353291146
-0.1663865386589339,-0.3170493247079123
-0.1265404524893821,-0.28163058144608843
0.0221526750032518,-0.14945891256374735
-0.6831076363263564,-0.7763569670789546
-0.3007861608772975,-0.30150490456111956
0.04362367208480402,-0.13037358182458977
-0.3308311323422553,-0.3282115458633043
-0.025101155476878856,0.08726955561289206
-0.1512386107363827,-0.16857374888030646
-0.4352214292521567,-0.4210029208943278
-0.47552799083466735,-0.3131098535940311
-0.5710314497550402,-0.3980018170788069
-0.03414652112162472,0.0792292305953402
0.13084693929774754,0.22589008430144883
-0.1744657809954759,-0.06727492798550319
-0.4727657506683294,-0.5893864020495972
-0.6408931603270857,-0.4601011153650695
-0.09368400560981668,0.004531094579527242
-0.6854405856870758,-0.643419948836478
0.3005042606618938,0.23297547014038378
-0.2416098519259117,-0.1051826190084705
0.5939951943818513,0.49385630011367937
-0.224565575279319,-0.09003215087816578
0.5535561308072782,0.3228997148176094
-0.3343150082039806,-0.1875872023667539
-0.5480334517081603,-0.377559152148247
-0.04499362687074714,-0.07413376322196376
-0.1968548370183013,-0.06540038353503902
-0.659344663269476,-0.6202235733541673
-0.1120131811916722,-0.011761505937677639
-0.15519334867310391,-0.3070998224982857
-0.10570311474226649,-0.26310850344865244
-0.5935285279780522,-0.6967310929915729
0.08598624399287805,-0.09271796235074614
0.03276182301562726,-0.005017807767408715
0.0995241355606741,0.17627166450885237
-0.8100658539691425,-0.6322527706287624
0.3939187807876139,0.4379557935994655
0.3127582314910109,0.10885713764759412
-0.18052346844167308,-0.05088361146692503
-0.8821769624649267,-0.6745756061542616
-0.6875347572092736,-0.7802921856415477
0.4660484609613261,0.5238469924468521
-0.10552334442681416,-0.12793795660513446
0.4580010292314787,0.37297259775779257
-0.07278331180447059,-0.23384645639283386
-0.0710484383646442,0.04642752637932284
-0.012821081197695872,-0.18054669585347852
-0.2383623940543304,-0.1022959897892871
0.37991173739667816,0.42550508836307827
-0.061590674749528396,0.0330584997886724
-0.13566229444090674,-0.28973888540299936
0.19989274552571712,0.14354301224156008
-0.3143779317000578,-0.1916412841673537
-0.6132881475138778,-0.7142951992456403
0.0356531635536843,-0.13745847829669616
-0.2885774932662384,-0.14693163353320532
-0.11087724717873504,0.011024140766797648
-0.008285971341612249,-0.04150473608495495
-0.47656978455683496,-0.3358118200400446
-0.4980401235253398,-0.3331206382079621
0.07307570014980205,0.1745378717254973
0.22244712418047136,0.2855365432820055
0.15361738624896712,0.10240935955111559
0.3007390762021187,0.35512938952346984
-0.32626433429676516,-0.18043104778256247
0.3232326078290938,0.3751236398585587
0.3162305602211072,0.11194365207434642
0.16088952157670777,0.10887347984244064
0.16582598178295319,0.11326144447021431
-0.23533123200184208,-0.12137755110227315
0.2741025068113889,0.07449649348793017
0.6567381243707117,0.693348915477417
0.24794040701178627,0.32997316671392773
0.19000347049528415,-0.00025820545971849066
0.05524481697137257,-0.12004367525875104
-0.3636888581103122,-0.21369729117238206
-0.23469905439060623,-0.2427608099062829
0.6024703762096797,0.501389795071749
0.07134587458150213,-0.10573162404974698
-0.11939226095414754,0.0034552396330976474
-0.16252410584909638,-0.0348841780513013
0.36843334219226076,0.15834612493759406
-0.30649210996113846,-0.16285573726200536
-0.19160729908876634,-0.0825118329573169
0.00565899820041562,-0.1641199586107128
-0.5460525960063156,-0.5195195135646912
0.24060956030966435,0.3016809309523993
-0.5084626231729567,-0.3641610099210416
-0.18380697780237945,-0.19752340849452577
0.09234217829146629,0.1916636300736433
-0.8784497293870716,-0.9499943831329235
0.06396545950742555,0.1446639524615203
0.03477758877985427,0.1404951060633215
-0.021828267335903505,0.06840286193411672
-0.020768979953205056,-0.18761149474726443
0.4204453142268425,0.46153493443433546
-0.37089343285848986,-0.2418772851970711
-0.08583640305291457,0.03328266887863809
0.6188689240635803,0.515966282052994
-0.515827077856962,-0.4926523863208213
0.4618853657749469,0.4983705358104282
0.31180291149422523,0.108007964317118
-0.41038210319962204,-0.3989235199587415
-0.1352304007673322,-0.1543442289078171
-0.9399271581175889,-0.7259091134010724
0.27153388982640875,0.35094515143803656
-0.5550697983591291,-0.5275348045449699
0.21985861119664768,0.30501157043380456
0.8092658963569442,0.5501972841950904
0.4628789681011931,0.4992537378782026
0.24642368027296419,0.18490384312800184
0.7144922099466652,0.6009647583935138
-0.08614333149407791,0.033009843597603984
-0.383677634517302,-0.2532410200049042
-0.4457776210206732,-0.2866650804260363
0.680261676849122,0.7142587399026705
-0.07778375159685258,-0.10328054075627967
-0.3152658618493658,-0.3143757498696248
0.09497561168946062,-0.08472741328711725
0.35488497214611575,0.1463031293410207
0.2206021581330692,0.16195137900365075
-0.2292702217258004,-0.11598998641245828
-0.9098764346916133,-0.977929232292516
0.2160619450553863,0.15791563404571043
-0.11961081875033017,-0.27547090701137567
0.0903417660175834,0.1681095582483273
-0.4477787726180418,-0.5671757548937859
0.5883800878473975,0.4888650943052759
-0.11504312590332594,-0.014454790125814323
0.16296466137325208,0.11071804855048001
-0.07757155044877545,-0.23810266852110484
-0.0009233282078508764,-0.1699709154180608
-0.19729273484792292,-0.34452149909812485
-0.46064353046859413,-0.3216551497393861
-0.16852898587457282,-0.06199777676692269
0.20092508000920176,0.2664058373519881
-0.15997200620065014,-0.05439157261232472
-0.12767544654417576,-0.2826394650503496
0.48714868265048517,0.5208268174775733
-0.03988334459204951,-0.20460204109290403
0.10390179767854857,0.20193884730660536
0.30583590345136213,0.3596599026339084
-0.0703271679274004,0.025292728075008375
0.3344412558779973,0.3850868825686952
0.32774293325483406,0.40090874559663686
-0.1151270693448723,0.007246521063564604
0.34930780410592177,0.4200775196864926
0.23016540439554078,0.29239723680651164
-0.47197432385686827,-0.3317269660845186
0.6879253339604227,0.7210708795571601
0.10821146933548062,-0.07296220649065496
0.11013842424923531,0.06376139332913176
-0.23546772803970042,-0.37845482637970485
-0.16960903230855187,-0.0629578180415707
-0.16512765846917846,-0.03719844704692984
0.6903625801845933,0.5795161986050056
0.6712532303278953,0.5625301098434963
0.3980418582469165,0.18466480587506576
-0.11792515737486006,-0.0170165958782891
0.44537204378734585,0.36174683291856335
0.11163576481912779,0.18703755718303341
-0.19134587748248716,-0.08227945819617985
-0.10956879645800263,-0.009588719507749156
0.5536214635096482,0.3229577883308273
0.0723218255027229,0.03014663888778739
-0.1775322559224898,-0.04822475589431767
-0.13748464176801342,-0.012626876645894217
0.1945421156428671,0.0037761457825774437
0.4286243936493191,0.3468600327958729
0.5260114155671828,0.5771473965409468
-0.35701578505813364,-0.4864975437294231
0.5721999985559107,0.47448279271284327
-0.38737587363024195,-0.25652834366085076
0.18948491649147015,0.2562368031140044
0.3606378249585055,0.2864275272929275
-0.027533628714829207,0.08510735717915842
-0.1672162903486261,-0.06083093629941446
-0.5939724619481015,-0.6971257009649503
0.775244233430776,0.6549665570460568
0.330483344985519,0.12461279408715689
-0.6980012921786314,-0.7895957722809767
0.6736955934675207,0.6866462937593827
-0.12557128224340353,-0.28076909678299644
-0.016223112633877677,-0.1835707237967512
0.767276958353235,0.7698297292133508
-0.20510007622294987,-0.09450541263214668
-0.8969368604864861,-0.7094714430886235
-0.389008897274847,-0.3799251146922747
-0.29145431337416877,-0.42822068001034336
-0.061940292859156414,-0.08919746632277199
0.472457958246011,0.5295443233665719
0.3623575098866584,0.2879561361179523
-0.09007879610227196,-0.11420946920554134
0.012205943004628517,-0.02328970111051872
-0.7222185013826923,-0.6761114294548037
-0.06334412980501791,0.031499873072681726
-0.14239779715386486,-0.01699412587776216
-0.04059632796951604,0.07349606895277011
0.43585431988030165,0.4970077559303858
0.20698289178613333,0.2935664865133474
-0.2779352981340703,-0.1592478321086982
-0.03961586515210899,-0.06935353058317426
0.1715437760936652,0.26206505034226457
0.12512838902696558,-0.05792494454266836
0.1474483724611126,0.24064691377999564
-1.1464222319982236,-0.9312362177657236
0.3575398314692599,0.4273948773427932
0.17046572965461881,-0.017625086206976597
-0.6744749870972799,-0.4899516280496866
0.016774834469914825,0.10271673020595523
-0.19472294101020649,-0.3422372379090435
0.7959432616231904,0.6733656932170918
-0.02402798861927402,0.0882234817085408
-0.09145664350936081,0.006510972002154657
0.2633030729206408,0.3218529421621561
0.6695477154344115,0.7047352186451501
0.2985867649385463,0.2312710294974082
0.2663777551934987,0.3245859930713631
0.10927446018765924,-0.07201732573316288
-0.10664052175255309,-0.2639417541244627
0.5225374381207712,0.4303382945482748
0.03093535533840317,-0.14165208559916828
-0.21599946326559544,-0.08241782908818933
0.3083851178684178,0.3837017985864891
-0.2377374486792028,-0.10174048278917366
0.320096135595051,0.25039047008096793
0.19890460233599877,0.2646098571980298
0.013320626884462866,0.12142225104519581
0.05989823753225687,0.01910344958070651
-0.28008387955278324,-0.1393817546768007
0.7463766102629049,0.7512516420219465
-0.31945183755745205,-0.19615142270725966
-0.24452818455212819,-0.2514978144943025
-1.0860169867338159,-1.1344986118855853
0.4162251701651466,0.4795596228502481
-0.0068695754524821795,-0.1752564685243997
0.17301112857924567,-0.015362509385086086
0.26010815445247915,0.062057069168899255
0.14238884911647387,-0.042582313351994326
-0.6222445434910393,-0.4653004946482262
0.035917400199363236,0.14150827176955172
0.8249638520276303,0.8211069680350358
0.43212745023158583,0.21496310986143852
-0.5462075538002524,-0.6546680048335288
0.06592792630522049,0.16818429497475815
0.22738892998994029,0.03297331409108693
0.04277418498981813,0.12582726400142485
0.6355958889179715,0.5308346952568972
-0.026694806747783517,0.06407704912355669
-0.03158279731478175,0.05973216861955826
0.018790574829325023,0.1262844269961844
0.014515262182657335,0.12248414908803539
-0.25555440117352296,-0.13935370147710058
0.21443192990950657,0.021455980686256967
-0.5400244347176273,-0.37044002593443986
-0.3453291798818899,-0.19737757719156218
0.49594969350757506,0.271693992773429
-0.8762765693906625,-0.6693308123104712
-0.13204985230230515,-0.007795952676375734
0.3315839912339742,0.2606018973155664
0.5534894881070653,0.32284047686186473
-0.7947160137276275,-0.6186084681918601
-0.22132411716757666,-0.10892678236070388
-0.02715688452449727,-0.19328963214396866
-0.09465120168328889,0.003671364736440826
-0.16965252997814495,-0.18494167709520626
-0.3533972377113375,-0.2263251117329357
0.4511657727503163,0.23188606321142113
0.4199713854808592,0.2041577189719038
0.45819869558260096,0.23813755017345198
-0.0002444765071502944,-0.1693674916841047
-0.7106746549534257,-0.5439050381703475
0.08311191160978576,0.18345894857881617
0.38257168271196007,0.30592428974044267
-0.5132421382212087,-0.36840946774171013
0.750349555760259,0.4978272036647035
-0.38468410548010207,-0.2323597332788619
-0.14654156957045789,-0.16439860117726218
0.02525626498205466,-0.1467001659159225
0.18305400123853918,0.250520434000288
0.23716492369624131,0.04166308627446565
-0.0022319535510464117,-0.17113413794534563
0.15976002306680664,0.10786948116697292
-0.2029999471423516,-0.3495945766931725
0.3520185653871498,0.27876596322950026
-0.7086170390371226,-0.7990319917107466
0.5991948376596529,0.6421993272898091
-0.3042637065618378,-0.18265086182226933
-0.14393252035918006,-0.01835832428248681
-0.39736146006744716,-0.26540442049392204
0.32555237845154694,0.39896158577149277
-0.3911526865283453,-0.23810958309952251
-0.6105793678485916,-0.43315552205085267
-0.303789467955057,-0.1604533888121552
0.18521398001942213,0.2524404151388506
0.20689427815899739,0.014755845796915443
0.024434385240181544,-0.012419974678916028
0.4276067582801397,0.2109447170157086
0.21172858702064162,0.019053009229488146
-0.31875017445275095,-0.31747291662818944
-0.5660501517038804,-0.6723058696367538
-0.1605482436029865,-0.05490378363662372
-0.032250791600927586,0.05913839592076201
0.05445720099913906,0.014266972662379517
-0.17826711180680546,-0.1925990831651267
-0.05418816372099777,0.061414437173675264
-0.6421101433644111,-0.6049040001052206
0.22395802625072914,0.02992362187845482
0.12005123296279818,0.216293900892605
0.0830121683224686,-0.09536158516888789
0.36175846293882324,0.4093688444005405
-0.12466231071349554,-0.001229249041878328
-0.019362820488675325,0.07059437024276402
0.02420968845588703,0.13110141688646174
-0.34225044195400534,-0.338362043295971
0.5734891703620666,0.47562872320720406
0.11989055330732268,-0.06258079851568427
-0.043805328172171865,-0.07307749771211904
-0.7498996187104444,-0.5787716726210309
-0.8846434125170156,-0.8204891282408692
-0.5115746838014567,-0.6238832315012659
-0.4312580606972035,-0.2955347321648166
0.12750869814165922,-0.05580911421849624
0.7357945823098002,0.7418453949525201
-0.10119603277989078,-0.0021462629049830984
0.2183327870087998,0.024923409218962078
0.5072228014889215,0.560446406249159
0.36605676969440704,0.2912443670581733
0.6112523193034197,0.6311411611690707
-0.3270320987509196,-0.18111350507514407
0.7188589840384312,0.6048463353639725
0.18569949503445948,0.2746479116229706
-0.14930040721913232,-0.02312977926911102
0.3423101552754049,0.27013626535239366
-0.19190693933859423,-0.06100225226418828
-0.20115573906315676,-0.06922340757491052
0.8073104017128566,0.8054150121996813
0.27665942502781987,0.33372525514631524
-0.7180170131477038,-0.528655651205619
0.36964384376808457,0.2944328773458867
-0.259286434616204,-0.12089513695539694
0.7588140836763461,0.7623071739450052
0.022719211015251373,0.12977654805034117
0.2556430155433198,0.19309880781276242
0.1142542790813372,0.06741993095766678
-0.28835796703183747,-0.42546837215049327
-0.3815599746212284,-0.3733038501112805
0.018119455741637036,-0.15304399635184932
-0.020350921608462032,-0.18723988732971514
-0.5194286050711321,-0.49585374384452824
-0.19625649694910421,-0.0648685256957527
-0.05540359677358466,0.038558124656177924
-0.3624727208130354,-0.2126162802414693
0.5126135203028234,0.5434622287240962
0.18289964374796755,-0.006572718123999948
-0.24034155024903261,-0.1040552397401335
-0.48074280920928775,-0.4614663697451109
0.30600944206478753,0.38159008676104
0.6455841014668382,0.6616583008698871
-0.5136349734569552,-0.6257146000839312
0.20379219681705846,0.14700919116719677
0.4973389532382736,0.2729288903118276
-0.5392048989232213,-0.6484434227206123
0.21737860286268257,0.2810311909995266
0.03856923529477751,-0.13486641452683554
0.13357899013024396,-0.05041329911753202
0.49356967287024867,0.5265343643395853
-0.10818783595652731,-0.008361199061993348
0.5680073054365872,0.5927011488429973
-0.21662153804194084,-0.10474671202680536
-0.190581203399331,-0.20354494235848272
0.582231916139635,0.627121174827571
-0.34392362415383565,-0.1961281943221806
0.17039659798826381,-0.01768653657706993
-0.12763267592441652,-0.02564550125567264
0.5544219971695067,0.6024012468541237
0.17627573824501713,-0.012460634126622535
-0.3593414622123835,-0.2316088668449766
-0.020346647017664476,0.09149578535441595
-0.6237999523897245,-0.4666830803359464
-0.016056265325052943,-0.18342241507779594
0.139767287633478,0.09009816078179195
-0.010039995303722314,0.07888132596272222
0.3834960136563603,0.4286911117050179
0.48545476562875894,0.3973759189998194
0.2427576123444996,0.325366238120784
0.34376624661406263,0.2714305687645338
0.14902260592964273,0.0983251103783828
0.4651341140180538,0.5230342396083878
0.4939728317492472,0.5486686553694485
0.09505587354235809,0.05035468158968535
-0.33501420997769216,-0.46694058810236405
-0.24055311763680806,-0.10424329964037835
-0.07877454922944599,0.03955987227727685
0.47313188992092126,0.25141150069640333
-0.7602326130890366,-0.8449125019791147
0.8592782424952217,0.873384576032537
0.17646232375986715,0.2664370927122219
0.39392143204527097,0.31601295581449684
0.23240545545736987,0.1724431988474736
-0.7840394921381456,-0.5873422991971229
-0.08611787363812207,-0.2456994002449685
-0.17732588769116456,-0.32677319051433956
0.37944222217500284,0.16813179603336476
0.14806945718050146,0.24119898908611903
-0.3424613679487122,-0.19482841102873757
0.5253190712857491,0.5547560518200301
0.48425255640629516,0.5182524830382933
-0.5116130747876373,-0.3669614113563134
0.09642368050506256,0.19529163204128444
-0.49330434673562135,-0.35068698642118806
-0.03511889531173909,0.056588970400040656
0.1486116674361374,-0.03705091929007116
-0.05170899316076183,-0.21511372870953716
-0.22848180608105806,-0.37224511797202264
-0.8380469765657352,-0.635348952021647
-0.15574280672409832,-0.050632284188723106
-0.12114428956489884,-0.14182324117232079
0.13839599885209097,0.08887923742055902
0.31841550920271133,0.39261770199474993
-0.5153702307026147,-0.37030110550295986
-0.6458790376312176,-0.4645330063020757
0.8520725056715531,0.8452035490518559
-0.6091060527859271,-0.5755670307021237
0.1917504298307789,0.13630539829050384
0.2523187356822923,0.3120890868391795
0.37109206303085285,0.16070943234967586
-0.35453011392312916,-0.2273321128100839
0.6309691274148366,0.5267220183652218
0.2441141185055999,0.30479609379323086
-0.28641195279217324,-0.16678263624923412
0.04567080290373138,-0.1285539099855432
0.6779111055587987,0.712169343200161
-0.21432737424167395,-0.35966340078145914
-1.000093031810939,-0.7793898900173836
-0.3594157823149485,-0.4886308746243697
-0.482023795671962,-0.5976157753861595
0.78039787193622,0.8032686910912021
0.03218809325829237,0.11641740468451307
-0.2382991448737173,-0.12401569587727332
0.28389537230713424,0.3401572082834836
-0.17910452869158952,-0.07139825927093749
0.36292120505973025,0.2884571984940162
0.5990829656312593,0.49837876344648646
-0.6495058212090371,-0.7464886869746707
-0.06689495828068628,0.05011950867617429
0.17322289170919827,0.2417816699742072
-0.271486478359694,-0.41047149333081023
-0.06309942631463727,-0.09022780717208831
0.09042279149699127,0.1899575084785544
-0.48470344941702537,-0.32126581677834926
-0.13906547614762424,-0.03580799034296837
0.08687302474869751,0.04308103821754264
0.8986198947025109,0.7646338115098212
0.2767803473686741,0.07687679620551696
0.13178610104215707,0.22672489474092394
0.2552285218458724,0.31467556342902864
-0.02041968877805528,0.09143085934517975
0.1488283851226902,0.22009766411953335
-0.4058627908621235,-0.39490635343652053
-0.7309992475151079,-0.6839165371280623
-0.2936010142425896,-0.15139698551218417
0.26195409895178695,0.06369790872383953
-0.4208099220606986,-0.5432034432872587
-0.31952776753873324,-0.19621891602395414
-0.22179147533803084,-0.08756628426368748
-0.11255801776140584,-0.1341909995692159
-0.2648040302743244,-0.12579966642928184
0.0772974952968632,0.034569456482578795
-0.09212555701568698,0.027692309800618167
0.530286221867495,0.5591712967815821
0.21410195360271386,0.1561734194211127
0.09815793977949266,0.19683319584077782
-0.4209850813410128,-0.28640319495931377
-0.2094125990700846,-0.07656283869217972
0.07635545964208834,0.03373209145611221
-0.5057087485001083,-0.6186690667889563
0.23366909798398877,0.2955116311073543
0.15460516691117998,0.22523258126485757
-0.8359765330378385,-0.9122404308224942
-0.31404374464650403,-0.16956830142677476
-0.29136969954349534,-0.4281454677164114
-0.7104925263753737,-0.6656883405594095
-0.9147908043617381,-0.9822975608881828
0.13517112003140822,0.2079578729272827
-0.23255403352414983,-0.1189089302332133
0.20252569051703612,0.28960452982970536
-0.08420296263708715,0.03473461591492915
0.10607310910689594,0.06014777986927454
-0.13281415058993648,-0.15219645097235424
0.9581363415392175,0.6825265688015555
-0.047947162492400885,0.04518606623945239
0.5905783359044396,0.6345402146185085
0.33128809754765665,0.2603388807055063
0.056002158435437155,0.15936139020161738
-0.1945254081544834,-0.08510570768239879
-0.6813125112232747,-0.4960294272727932
-0.42534728342692923,-0.2685047803427083
-0.33288756647415874,-0.3300394873138852
-0.5253000773740041,-0.6360835813435303
0.10183639319745785,0.05638181017199625
-0.4660480760543103,-0.5834151357260248
0.3762711259288616,0.4440449168624392
-0.14848151449291083,-0.166122996663887
0.2636757004558201,0.06522822117186901
0.8359155096497635,0.8308417748102651
0.12504557771537955,0.07701219641014886
0.7907874996491825,0.790727988143082
-0.6335935887769516,-0.7323444803683725
0.0041347837266094145,0.09148112954523929
-0.08243894027895282,0.014526708206961805
0.6933851277440961,0.4471921565392254
0.6044569171969321,0.36814485827507964
-0.14144443540899496,-0.29487856626352216
-0.4034543803173265,-0.24904442202306137
1.0149973229469504,0.7330696633862072
0.03517478881855212,0.14084817276438627
0.6730049059826675,0.6860323493284021
-0.3173599588913974,-0.4512479204701021
0.1773242324594735,0.12348211173823238
0.31726575836029547,0.1128638281980693
0.38713143173859876,0.43192259444478537
0.48606399069956086,0.5198626468545295
-0.0063105553023034555,0.08219638374176125
-0.061999340996354596,0.054471168484469173
0.8739300909378045,0.8646325137329681
-0.2636359164463436,-0.12476134302663217
-0.19034510456826373,-0.33834582773842775
-0.14620418508437935,-0.04215350939786177
-0.19427710438325185,-0.34184093868508386
0.03460805655005106,0.1403444107479409
-0.215450836213763,-0.08193016059767161
-0.5296793673916335,-0.383020338115421
-0.003285812872053956,0.0848850436797608
-0.5622531118179194,-0.411974777605453
-0.8410197990880673,-0.9167233339782531
0.29190068907692274,0.34727304541218446
0.22975539386792543,0.1700875885457452
-0.07900848729882087,0.03935192732672138
0.07321515678062689,-0.10407003987274721
-0.6572981017044588,-0.47468328547829014
0.19510269273601516,0.004274436532042378
-0.14853016655741844,-0.1661662429434493
0.7396899610377037,0.6233627593633259
-0.26516222258429295,-0.12611805959369826
0.19948066771157483,0.28689784289151754
0.3070133386883557,0.10375056626745612
0.38048977649809057,0.169062955431665
-0.942572075014888,-0.8719812726834224
-0.25217112667354113,-0.3933022918320077
-0.6111814655871899,-0.7124225930885842
-0.04706617288714826,0.06774509569265261
0.07149980475959955,0.1731370758230951
-0.1640599387215358,-0.058025290408667524
0.27157024553805575,0.20725634558586103
0.09544929832543896,0.17264958696642113
0.24775385544401168,0.3298073430981281
-0.5095893170414787,-0.3651625155819502
-0.19875258277267852,-0.34581914169790756
-0.26999164018954425,-0.1304108752428105
0.019236392538134167,0.10490478182215021
0.7111926836153676,0.4630210950914667
0.23947041703017302,0.1787231646899653
-0.08669605778314293,0.032518531340657346
-0.28182167375473105,-0.14092646063408762
0.1793677617892253,0.12529858225356735
-0.2614773216887967,-0.14461851971289946
1.0015440123049837,0.9780671105037944
0.02371636630010209,0.10888698072167724
0.3596220318373317,0.15051384906654602
-0.11817533431606139,-0.2741949208475812
-0.20742469749626444,-0.21851693711131245
-0.34205625239921433,-0.21624423589993735
-0.09079303400560926,0.0071008471166004545
0.06182526770721535,-0.11419438571577967
-0.010355686801799546,0.1003766388796292
-0.03394076727875939,0.07941212290010939
0.3653225557593832,0.2905917324492633
0.5452562223944127,0.31552201845061806
0.3304140395422179,0.2595619402562274
-0.7132545240302215,-0.8031542005935012
-0.2864002844180018,-0.16677226436108178
-0.7832634027422163,-0.6084283695381613
-0.3158316570633088,-0.19293348449024353
0.27936042799879435,0.21418095221762867
0.03682714358400994,0.12054100497403979
-0.6958808206390665,-0.7877109086902525
0.08451354157027485,0.18470484187702865
-0.023283330762916332,-0.18984647324478562
-0.5777199327905665,-0.42572306291447276
0.04303427811660194,0.14783438547376387
-0.2925593274935768,-0.15047104173528394
-0.3261511608663451,-0.45906232222561116
0.3195809621102802,0.37187773255294665
0.3616474602098514,0.15231422984211906
-0.11710700183672434,0.005486581070807184
0.36123032078306333,0.2869541902480901
0.09015937892949727,0.04600224193380906
0.661123207733022,0.6754708397731617
0.17628239239357557,-0.012454719327903917
0.4424115545117947,0.5028364089361574
0.29276509406180373,0.3480414053987453
0.005734114281160302,-0.1640531887611619
0.10755320699655244,0.18340861689629978
-0.4421292112340825,-0.5621539225524889
0.016748421388127988,-0.1542626935549684
-0.4332423522127014,-0.5542544923112612
0.3951576980394643,0.1821011079128861
-0.36807037526565006,-0.21759197308823788
-0.010282106253251037,0.10044204381167236
-0.02499368712656752,-0.0563560390049152
0.06516255686351691,0.02378284454182654
0.42763067215646733,0.46792191926066856
0.13897628659393335,0.23311617078694732
-0.33742891360692845,-0.33407624032079164
0.135202831226309,0.08604086619764167
0.5417934838355194,0.31244402862049075
0.006624378073643217,-0.02825109216028343
-0.5690815877039501,-0.4180445339485914
0.1305696098037094,0.08192244715533094
-0.1703009398225817,-0.04179691936106602
-0.23244837611977634,-0.37577095800643895
0.160975816441824,0.23089538084765227
-0.37784241291178855,-0.2262782287736943
1.1184145159336776,1.0819520026181886
-0.14670617693889532,-0.16454491883809547
-0.22371620555062957,-0.11105308314563977
0.04708408405287229,0.15143421297267087
-0.11192357994375887,-0.01168186038397693
-0.2592651649972537,-0.26459735266774737
-0.08409487611182317,-0.1088904292140313
0.1328089759474582,0.08391299483866321
-0.1359168701514234,-0.011233301875592005
0.03883043825714553,0.14409763893202485
0.3365593043126419,0.3869695922883793
0.1216018405558073,0.07395109671275134
-0.14943824520377116,-0.02325230192212333
-0.1506329063714344,-0.16803534500035242
0.4220338272828502,0.46294694603967557
-0.20471991329560682,-0.07239156244819947
-0.12376998789230884,-0.27916794624869
-0.3432524494632183,-0.21730752217905194
0.19363575917519532,0.2599264410550935
-0.04519972950346987,-0.20932771656972204
0.01700900859969262,0.10292488498797993
-0.40156611465105846,-0.5260978367009117
-0.1667820432620755,-0.31740088435514935
-0.5739855748490137,-0.4224036336330924
-0.005008459206268669,-0.03859139196464955
0.01490519743431823,0.12283075820062282
1.0769803207824156,1.0451216069281781
0.4079139199391183,0.47217184487155617
-0.3656124167674889,-0.3591282431301786
0.33918760409753046,0.41108178634570025
0.10206920458514623,-0.07842199737984111
-0.461716991855757,-0.30083341005722186
-0.24848406594847128,-0.11129303147296785
0.6236098687122016,0.38516970406643036
-0.04544615260825091,-0.0745360083219671
-0.04155197546304684,-0.07107451752623015
-0.1677748178882424,-0.03955147764165333
0.46009131718631496,0.4967758259538665
0.2398008871548718,0.3227380379522259
-0.04727414698088764,0.04578430224968639
-0.42036167587005785,-0.40779425122135105
0.0869219833446355,-0.09188619403807288
-0.045552699438446205,-0.20964146762303437
-0.24013917702230203,-0.10387535242748408
0.8128542463388044,0.6883976796309711
0.4725375052504963,0.3858939097746971
-0.8344510276996422,-0.6321525530295643
-0.6811800139648421,-0.5176875795138287
0.19823469460950655,0.2640143836633701
0.116443909797973,0.21308739141276037
-0.25967069015744737,-0.12123669743650216
0.0752169341745513,0.03272006881830153
-0.43386218701851825,-0.5548054565830983
0.3908989059130804,0.43527146037765796
-0.049733828881458886,-0.07834727612037419
-0.31056691574830797,-0.16647778685060055
-0.2946368377758989,-0.29603883958209865
0.7327912456304,0.7609516899304732
0.38337338650534103,0.4285821097930007
0.12968504891372906,-0.053874580198878606
0.3697783513424748,0.2945524396342336
0.3814647165402558,0.44866144185034507
0.2695186762153348,0.07042197740254874
-0.04268247498476307,0.0716417160503283
-0.3691862159173295,-0.4973157044931528
0.5335485688846425,0.4401259663383825
0.6542543829789759,0.41240927230356306
-0.2993812720393122,-0.30025611448291045
-0.24274267100027655,-0.3849214423446614
-0.2021112700931532,-0.09184869607232751
-0.02901190706022594,-0.19493854106461644
-0.2359520272596235,-0.12192936910918996
0.376779196261562,0.30077541289564436
0.4027995229443484,0.44584978662767405
-0.13896935281602732,-0.013946619799684404
-0.2490915981729885,-0.2555541821572895
0.04841674973112236,-0.12611306836119565
-0.17147825739258535,-0.04284342386773594
-0.00939079625262515,0.07945839178591971
0.48255544446676757,0.3947987446336049
-0.1959727490580024,-0.06461630534810665
-0.33027087972827607,-0.20576834908132557
-0.16189274141107338,-0.056098892799367604
-0.690210242560813,-0.6476596438353557
0.36646961384044435,0.15660058862486834
-0.01813441415040748,-0.18526965847811108
0.11817620426816777,0.07090608667929395
-0.18338699776107759,-0.07520489844381578
-0.28369777409235025,-0.2863152274189443
-0.43504448868074364,-0.27712451834609886
0.2841470140110809,0.21843569533966117
0.24906653573870724,0.33097417002674634
0.07009192739408199,0.17188562927596834
0.027390618218369682,-0.009792212031637671
-0.24367621337800385,-0.2507405067839697
-0.22735126917599968,-0.3712401962786374
-0.30515855139911086,-0.18344627945540093
-0.7150283312672836,-0.6697201671299963
-0.39528750362902537,-0.2635609036597694
0.09828260538274425,-0.08178786333753177
-0.6734412742685937,-0.4890327722019656
-0.9652341419366766,-0.7484042101291504
0.16606031507025348,0.23541493518403403
-0.5799825328099266,-0.6846902083976837
0.41146562850692137,0.4753289191540478
0.3041955953442616,0.23625665652471073
-0.3031164566756717,-0.15985515656381272
-0.4698658549217726,-0.5868087169415468
-0.029927584614672237,-0.06074172566100825
-0.18022357994747673,-0.32934891696439483
-0.03466632961134495,-0.06495394343582846
0.33110424530042193,0.2601754564857421
-0.00031892963268159713,-0.16943367224013253
-0.7152909177542017,-0.6699535773405899
-0.3528760833781893,-0.4828178089028061
0.0069908916920290234,0.09401989218116785
-0.05026386240844272,0.04312677742519301
-0.2601135142928841,-0.4003621919380903
0.6229529763769607,0.6415417452344405
0.23402664876672047,0.3176053816072026
-0.016975581190704248,0.07271636072984938
-0.2512445968618286,-0.13552276431114996
-0.38185605832546593,-0.229845913585852
0.3348360186991288,0.40721371043600996
0.2820144244879723,0.2165400602080091
-0.21623190182409993,-0.08262444114019335
-0.4867409803562697,-0.46679807743131707
-0.18387577237839062,-0.3325953102363182
0.36446636900294854,0.2898306775546547
0.5643777216661826,0.6112507797400578
-0.3650244062982918,-0.23666037269911733
0.014527525659148055,-0.1562368230918395
0.24306089740428166,0.32563582484059034
-0.19122776923770593,-0.33913041855570975
-0.1241016240993292,-0.27946273398826377
0.6243872904762715,0.6428166911004946
-0.03222919855820544,0.08093351731837956
-0.2597554635345898,-0.2650331735898239
0.15234110669598333,0.24499601087765838
0.3836554205264425,0.17187686123464443
0.012340317869343698,0.09877493767211426
-0.200427886644647,-0.0685764276473463
-0.3890823389010588,-0.23626927409749016
0.20306287725559746,0.011350156105004418
0.30423605365486794,0.2362926194674719
-0.08422803933115161,0.03471232552020517
0.1172358161653842,-0.06494056486407401
0.31886736361118184,0.3712434227759704
-0.3138647129072936,-0.19118508968489661
-0.1451170539499602,-0.2981431160777135
0.02862121726178457,0.11324684824317277
0.5619444172918638,0.3303559694705745
0.2795781702130593,0.3363196953109726
0.10553820970782862,0.20339343577707647
-0.3496312627490004,-0.47993352389908256
-0.38050137450172206,-0.25041767776883306
-0.21774623895832637,-0.08397051859283909
0.37765862918562,0.42350232550880434
0.1535481007407276,0.1023477724326805
0.06366353220933435,0.16617150022285937
-0.8349717850258714,-0.6543913760125215
0.40152118149122495,0.3227682886553448
-0.2561268421808528,-0.13986253792806042
-0.6014656163263183,-0.7037862826344763
0.1805519942659798,0.24829642780245742
0.4020825964131666,0.18825657313395483
0.43362730683110867,0.47325226119368313
-0.03028182102056065,0.08266451957406379
0.10055994784890127,0.1771923865428321
-0.058564100128110724,-0.22120715712495842
-0.11729542921605315,0.005319090066959347
0.8101383397357186,0.685983540428228
-0.3238131008623192,-0.32197329565891664
0.2569316315963055,0.33796536634461155
0.20470815849484403,0.2697685737836701
0.20038349263361668,0.00896848088546598
0.8488493740787281,0.8641144707734316
-0.41366445540348906,-0.40184116636217876
-0.17540244719571402,-0.3250634656294947
-0.30693873822112283,-0.4419846132076358
-0.15779248040171237,-0.3094101618126043
-0.5321468697999325,-0.6421696190554668
0.10629880295153948,0.1822935910785105
-0.3737263480293328,-0.5013513774816002
0.06978220056641854,0.149834388958403
0.06717519973321961,0.025571860426006694
0.5136953870524835,0.5661998156389919
-0.3695990575444803,-0.240726729362396
0.5731747567416915,0.34033849342597694
-0.019121677276435593,-0.051136474693686804
-0.27964069146314136,-0.13898780970823013
0.4245301732315731,0.2082099747503161
-0.8674569396878877,-0.6832670690454249
-0.18123798392596843,-0.19523985838216046
-0.11180034251003404,-0.2685282614644458
-0.5141725261923444,-0.3692364792716086
0.12628437203024478,-0.05689740409530909
-0.7826516305269776,-0.5861086444316402
-0.272626015986104,-0.13275254261753028
0.255477546671144,0.05794097336326799
0.4286409334877145,0.49059585691475277
-0.09397494831987391,0.004272478837254123
-0.018907495970331395,-0.18595684231804344
-0.038052466147408114,0.07575727946131049
-0.047633042260429324,-0.21149066124257498
0.5901276441383562,0.490418477675017
0.026625291381539296,-0.1454832535608251
-0.00254402229468792,-0.03640078137657775
-0.1424980612283446,-0.01708324949952194
0.28477691845497943,0.08398485939334394
-0.6206907430158908,-0.5858645331287581
-0.024231249252724157,-0.1906890674579481
-0.26911665751073865,-0.15140904044351455
0.22591078041787468,0.16667015436792232
0.6679046281581614,0.6814987690399523
-0.35969177063480606,-0.35386544656779395
0.7169021983921254,0.4680962193374737
0.42981993006627706,0.3479227318331689
-0.22695370586174884,-0.09215493361810351
0.29875882397965686,0.0964132198597239
0.5329732865895616,0.583335726338617
-0.5424983979183051,-0.651370977382909
-0.4498073552550048,-0.29024706641210885
-0.7661906159770061,-0.7151977535386383
0.5854083631834195,0.4862235612706288
0.6463843576674873,0.6623696397149085
-0.12477317931958923,-0.0013277989139616074
0.6143856458402241,0.6557022678947615
0.3586242483454528,0.1496269304070981
0.32512555805926474,0.3985821898672419
-0.34268792398013453,-0.19502979416777969
-0.24591645049850627,-0.3877425796764211
0.23090345755355568,0.17110808959963875
0.5732116624554583,0.5973272439708828
0.22904658641959436,0.31317865952086826
-0.39728614098410014,-0.26533747019761367
0.89032271086985,0.9009796590322066
0.7908858258890206,0.6688701947867186
0.48174398266126395,0.5160226397093767
0.06384705381529229,0.1445587029574019
0.8425356205044221,0.7147811233337422
0.1380509679843303,-0.04643820769167749
-0.02348819234110428,-0.19002857242539714
-0.0922408475639298,-0.11613129272701503
0.10898913832390947,-0.07227094516760713
-0.3230211667281502,-0.19932415974788031
0.14470326449370768,0.21643089022710443
0.005731892400511668,0.09290078169981911
-0.016859444860301442,0.07281959302354075
-0.16958627562323245,-0.06293758987684234
0.39768641063829296,0.4630807254930448
0.6942347326155502,0.7266792339172734
-0.07364829670380071,0.022340613607096986
-0.42533678827826005,-0.26849545132166897
-0.4792795404662579,-0.5951764374255337
-0.10802184433438677,0.013562276628440598
0.11026529412045502,0.18581936100643542
-0.055725345667037525,0.038272125639775376
0.036104954820180724,0.11989905940619157
-0.01594283968530974,-0.18332159228691308
0.04832511037618498,0.15253734748228212
0.13848672638794335,0.23268100615940066
-0.03812441670099622,-0.20303854963419
0.19304147708742966,0.002442244844410832
0.19933925510376677,0.14305102075538195
-0.4925521232848042,-0.3282424157719305
-0.005156291484995315,0.08322239602381289
-0.07544691760625499,-0.23621410599441997
-0.22816622869380676,-0.23695385373135006
-0.13924778823321438,-0.035970045530159624
0.30621196700247333,0.3817701089278718
0.19781070816176577,0.2636375068209339
0.6330278378344081,0.6722731052229248
0.26048277811799364,0.19740081899025025
-0.25174574258750093,-0.13596822717841436
0.2921118749949456,0.22551557176976317
-0.30391627228120727,-0.4392979768165998
-0.5616653144197026,-0.38967636344739565
0.10716225651242918,0.2048370329367214
0.09497582377193622,-0.08472722476936112
-0.016238370347453207,-0.1835842862088184
-0.3067615859118629,-0.44182714448829374
-0.31650872480992265,-0.45049126795323574
0.19887595170296418,0.26458438996866573
0.2302847539522715,0.31427925288324793
-0.2586796709914885,-0.2640769135515116
0.2396465386991276,0.3008249117430333
-0.22942153062104628,-0.37308042867423447
-0.03200104454762559,-0.19759555216452715
-0.082256241333551,-0.10725608718890049
0.20728845110616695,0.2720621672159571
-0.34683849394091737,-0.477451062736342
-0.14586327858190903,-0.16379567585410765
0.3779167663759494,0.4455077083709616
-0.1895900632379391,-0.058942806841383706
-0.3159982196619979,-0.19308154013352277
-0.4401213189438724,-0.42535837839807505
-0.8226715646026779,-0.621681919165596
-0.037764877782475344,0.07601291356347294
0.3018707793697275,0.37791127547654213
0.07803246600257657,0.1571679582349879
0.2839973262569271,0.3402478340166328
-0.5957427766385341,-0.6986993140231126
0.3726494973323574,0.16209381839545778
-0.052962753544264635,-0.21622818238376187
-0.28605638881185835,-0.14469065179597862
-0.3911258046005057,-0.23808568805255406
0.7848395084746465,0.8072168124586923
0.06989626872026844,0.02799058841449457
-0.3041873281825811,-0.18258296992959674
0.2870648958017748,0.36475049008280647
0.561548388135484,0.5869598890197945
0.12777647773597464,-0.05557108791243808
0.04669420206572611,0.007366529166012498
-0.13745464169865987,-0.012600209917579949
-0.2769034629281365,-0.4152865907249813
0.3011055198888,0.09849917177896225
-0.6768078553463851,-0.5138012162974224
0.6359269027967658,0.3961181788082651
0.11070979460388394,-0.07074147291874093
-0.06904425966597921,0.02643309097404946
0.6335301184464234,0.5289984548377433
0.6272172441526981,0.3883762600135383
-0.1702393149859033,-0.1854632637687692
0.26780982782298757,0.06890300105379565
-0.4437872949504366,-0.284895901696937
0.21566198136566256,0.157560110765956
-0.09411916185143238,0.0259202166132889
0.09945212737491718,0.05426246277418234
-0.055160213397002215,-0.08317072902307937
0.2930049320733495,0.22630940028389995
0.15943505224112023,0.22952581266924893
0.5619668851283056,0.4653866918883054
0.2334572018272828,0.29532327896806015
-0.17710251138737945,-0.19156388279230355
0.25502351010799484,0.33626925835500204
-0.7371690995737188,-0.5456797280287434
0.30175284955049764,0.3560305213886955
-0.1690012712776814,-0.040641658432265755
0.02549785539580346,0.11047052658452289
0.2725460270086324,0.35184482893334645
-0.017631923358006972,-0.049812248988416935
0.06401334359677624,0.14470651609649873
-0.3182597174762132,-0.17331583283096072
0.5592902634537261,0.6067285946623188
-0.07258411376889998,0.023286553993675425
0.05748598708199842,0.13890442141669623
0.14592239006742674,0.09556936294530195
-0.0714853276609527,-0.23269269270970686
-0.28809531831001006,-0.42523490661998004
0.2550126366116001,0.33625959302487335
0.14368856034848973,0.23730485856877526
0.005146498802904187,0.0923804318352791
-0.3644831423702714,-0.49313519467354566
-0.47810845519859446,-0.3371795272771641
0.10341582458771487,-0.07722500182200236
0.10491478615503427,0.18106335392606143
0.10361863414651068,0.20168714638923835
-0.23838888466328428,-0.10231953699724611
-0.8758404234269529,-0.8126642490497022
-0.17035270857259022,-0.3205748090756068
-0.15659789647664948,-0.029616436386904057
-0.18678947479484206,-0.05645339489196413
0.22409274117224234,0.308775241523222
0.09559888508789352,-0.08417339248851019
-0.19969434947897127,-0.0897003221930546
0.34391706675419315,0.39350982556975816
0.009447993316726244,0.11797991009609661
0.06700910809744855,0.14736941787487412
-0.25862211429203347,-0.26402575204088496
0.5269951477898761,0.2992899521354744
0.3484304874649959,0.4192976826723362
-0.20676278599365133,-0.07420744929090567
-0.12852685780132747,-0.026440329590704623
-0.6750911978857942,-0.512275298554675
0.5984736014538211,0.6197823008583163
-0.25640759930743146,-0.11833617223648803
0.4448819652897813,0.22630045657983455
-0.5225734052288079,-0.6336598727700226
-0.18681529494070495,-0.3352082191805976
-0.15088483768851457,-0.3032700349564285
0.09002104018123575,0.16782446861601835
-0.11410977108360973,-0.013625141397177694
-0.026721283670369855,0.0858294416631223
-0.1787863718252002,-0.32807139863348245
-0.18286253980796097,-0.07473871359660102
-0.695980573683884,-0.5308436325974215
-0.12424446796479416,-0.27958970631312147
0.33982606142828664,0.13291743092517255
-0.20198847766220646,-0.2136847417032609
-0.43808818616675316,-0.5585619002704183
-0.46277581502819476,-0.5805064592583663
-0.45274538964085753,-0.436579774573173
0.029949043994773945,-0.14252880679350538
-0.03697908267360119,-0.0670097239356118
-0.7961452658943952,-0.8768348600283224
-0.0015287723957999044,0.08644685743643106
-0.31888230687862684,-0.1956451732149707
0.4307024130039277,0.4924282831513867
-0.11868301484469748,0.0040856806192755
-0.04246474250108653,0.07183525603581858
0.3238211486587676,0.11869084179671122
-0.5284992503006635,-0.638927290611672
-0.5848640142022313,-0.43207335750261916
0.04610504977693281,0.12878803270108233
-0.19976247574400374,-0.08976087887308348
0.4190196121639319,0.4820435712936127
0.12763876509670796,0.0793172518602186
-0.18360321245484904,-0.05362116170085922
-0.4141099587850754,-0.40223716936803333
0.16983967970324504,0.26055029799522444
-0.3394359770157104,-0.2139151022257116
-0.5937813991651264,-0.43999992191408144
0.05398314199976495,-0.12116516412240225
-0.24643342936162344,-0.10947024339576981
0.3615238951706595,0.15220439425172627
0.09138687281760693,-0.0879174033954316
0.24587945370460657,0.3281412082186569
0.14858730124556074,0.24165929492172727
0.2169652323958785,0.3024396781664541
-0.1984850131200934,-0.3455813020067207
-0.1283621252796728,-0.00451797310070259
-0.6138352983302763,-0.4578256100608813
0.6417731512353065,0.4013148440869681
0.13652576071164507,0.2309379255582467
0.07768853473929943,0.03491704709807767
-0.10560833201385159,-0.006068306668503813
-0.023205646835603368,0.08895445218291471
0.10311791015639832,0.2012420583980274
-0.0441530792773045,0.07033451223473591
0.20282723308260617,0.2898725676657676
0.31485340039860654,0.3676754554759034
0.21199562137672012,0.15430112410911825
-0.45698476769607876,-0.29662698858195236
0.23288622415394447,0.31659167084029055
0.18275459976961095,0.2502542993612407
-0.552912979095071,-0.5256176318658071
0.7905656081009104,0.6685855567528429
0.29846598828872295,0.3531088669337847
0.23398699111623922,0.2957942027804658
0.06519502899847487,-0.11119904234577122
0.660516680977214,0.4179757594131081
-0.11747618438091215,-0.1385627032309993
-0.6812749120632825,-0.49599600579724457
0.13649710562361478,0.23091245436888638
0.27403510224380445,0.3531684513646105
0.51707572383442,0.29047268639729107
-0.3527446853021732,-0.2039691375651473
0.9624358423080008,0.6863483472626962
0.1475448509079362,0.09701155035908811
-0.13175887995443908,-0.15125843262968988
-0.40428918372466477,-0.3935075915365572
-0.8163329888799967,-0.7597687516746301
0.3097292701010057,0.36312067298914713
0.1732622478058284,-0.01513929229479031
-0.19686857112296735,-0.08718851920994
0.3050825625833691,0.38076619388866806
-0.11490308702922206,-0.014330311126610873
0.1502777379363976,-0.03556996773428435
-0.6420489564297122,-0.6048496117188216
-0.13650246013075087,-0.01175382630166085
-0.25901276372072213,-0.3993837469850574
-0.774641605724077,-0.5789886223846173
-0.41337691798714365,-0.5365963285552099
0.27109226474233733,0.3505525958077509
-0.2945147496758106,-0.2959303168264646
-0.32603046629082905,-0.18022316511061923
-0.0072475875788560185,-0.17559247930339866
0.28884196223644576,0.34455417710953834
-0.05272696616265099,-0.08100784259254493
-0.33602107388813096,-0.3328248272374159
0.5923118631952631,0.6143052001840426
-0.07661606072863542,0.01970260114057726
-0.531849818113493,-0.6419055731119648
0.5008980070475376,0.27609249369784017
-0.18561611281091717,-0.33414227950967523
-0.3035363932820977,-0.16022843354730243
-0.15568836822213236,-0.30753983987519984
-0.10377074083949203,-0.2613908377572973
-0.060998416627926884,0.03358495145231817
-0.017791677180297005,-0.0499542523860081
-0.5038262367974662,-0.6169957230532744
0.3847170352828313,0.172820518795879
0.4759417937506728,0.38891994399707625
-0.3261477478564426,-0.1803274153911646
0.04331380816515734,0.14808285662803536
-0.6259731519535796,-0.46861481328159527
-0.1256119186199435,-0.2808052180065876
-0.4223152469473026,-0.2658096368052624
0.0374708007090037,-0.0008320498177407654
-0.5806403924291541,-0.6852749725036638
0.840245418899742,0.7127453885740267
-0.5340500346866723,-0.38690537571101113
-0.2701621223663838,-0.4092942880034234
-0.45649078622086775,-0.29618789393732026
-0.22470249687536337,-0.23387498100384482
0.6502514945699825,0.6658070947393486
0.29641979962707465,0.35129003256787517
-0.13061820252393064,-0.02829930267746297
-0.3168179663366091,-0.3157553983027299
-0.06337577890516152,0.031471740539220715
0.12647087362983989,0.07827912611189139
0.20287493517888328,0.011183096481258474
-0.0026791946345575413,0.10720018747273323
0.22933563475537894,0.29165966379303443
-0.6295748242324067,-0.45004037216979953
-0.9141347128280347,-0.7029824953659132
-0.27830483763428215,-0.1595763116644421
0.03718760343061858,-0.0010837807318608839
-0.5990164143383399,-0.7016092142007176
-0.08727476913646373,-0.11171700079148958
0.3981638185701387,0.46350508809913005
0.3478374794399168,0.14003869137995492
0.26834935857904724,0.20439333495563125
0.18703567506689897,0.2758356272073612
-0.007885179461092962,0.08079671782283719
0.8281761017579645,0.8457382287105306
-0.18445838850984497,-0.3331131912420555
-0.31611694929211615,-0.19318707758251674
0.4170047348825978,0.4802525692657602
0.09283883342989527,0.04838397926749617
0.11842747150319693,-0.06388131567490718
0.22086425063300968,0.3059054721550152
-0.07496780543133133,-0.10077747749803856
0.10427126018774835,0.1804913308440295
-0.042473273860907435,-0.20690420044299992
0.30845929695815666,0.24004661351483966
-0.014568391238110712,-0.0470891093262869
-0.25839090901015027,-0.39883098724232685
0.1284167817268968,-0.05500192880939616
-0.5988874188298232,-0.4445386060604785
-0.28136380348390366,-0.4192513378856632
0.38370369294067613,0.30693052105485696
0.2332565704162633,0.31692086751790727
-0.0916483810258415,0.006340538654171847
-0.5070105656994044,-0.4848154866252146
0.24435074114979233,0.32678235261437755
-0.3330684809950939,-0.20825510576294137
0.2560645084072448,0.3371945901765575
-0.2805241363093223,-0.2834942160562528
0.4455439938486737,0.22688892640996106
-0.6450456072750158,-0.7425240523666518
0.350931081299666,0.399744505165734
0.2692573137945349,0.07018965525072655
0.519155637525637,0.5710533716151285
0.5649713536302525,0.5900025250151444
0.22376414226067143,0.16476203156151945
0.3141892637006192,0.3888610393262237
-0.39511725546942256,-0.2416336443804801
-0.0036867856609056893,0.08452862342300367
0.036212958490096925,0.11999506266833931
0.49462702505662215,0.5274742329496951
-0.24827241787425383,-0.1328808274333058
0.40243293585259887,0.18856798596900565
0.48926866115043255,0.5227112428108599
-0.45903034266809695,-0.320221205027833
-0.25049899846738544,-0.11308408260089155
0.6607976931572214,0.675181493483561
-0.49471011001151954,-0.35193655377754196
-0.7462364061553337,-0.8324714291491566
-0.29548584918258225,-0.2967935163880394
0.13036425582783567,0.08173991028788764
-0.006337592274210081,0.08217235087784422
0.21289926376887996,0.27704955624947986
0.2252625161836005,0.16609391949301194
-0.45869401572869106,-0.31992224774836114
-1.026737381266436,-1.0818056292479141
-0.5975771598826175,-0.5653191258991819
0.18026265188744217,0.126094040118649
0.5855050729055632,0.3512987744605295
0.6066576394988952,0.3701010558768247
0.2098503783739793,0.15239424144001532
0.30317233365050367,0.3572922850331453
-0.37315995085879805,-0.2438919678640118
-0.04252460138765285,0.07178204813664851
0.5066360624074592,0.5381489328171059
0.07653562156536628,0.03389223538791486
-0.6739533911271212,-0.76821986023519
0.9537107115460502,0.9355486209402977
-0.02539623048956338,0.0652313391308635
0.26007572217345065,0.062028240476429485
0.5691538797909741,0.3367643805808947
-0.6293342650550945,-0.5935476638302725
0.2485330975547042,0.18677888071177082
0.43062641399254775,0.49236072847460466
0.2937787082059821,0.37071832333099075
-0.1939003211881375,-0.34150602028942667
-0.01737568646638671,-0.04958448286253228
0.17654793873240127,-0.01221867813783662
-0.09434288585781325,0.003945423247974755
0.5353687345653456,0.44174389138789655
0.2410336297162235,0.3020578815360074
0.05857298249800802,0.1616465671461248
0.14504648440257512,0.23851190217240673
-0.39350090962995,-0.5189287655710378
-0.5957738536846151,-0.6987269380640735
0.002305752700769992,0.11163125177080217
-0.6240504020212222,-0.4451297746487465
0.1515300283720334,0.22249912478561618
0.27513468203756486,0.3323699280438664
0.0004918011705811187,-0.1687130226372323
-0.5780338899226066,-0.6829580813867326
0.33771441321839474,0.2660511613017179
0.2614078533561941,0.19822310809087287
-0.22278506326686298,-0.36718134658162704
-0.6261724392832151,-0.5907371520330462
0.277804519588458,0.07778717151199155
0.3334696178624692,0.12726725886666823
-0.44566984899658557,-0.2865692830712917
-0.09710920702655085,-0.2554694743680163
0.09325779645637694,-0.08625436016096938
0.0447235846551452,0.005614869245496134
0.5619094989597583,0.5872808764191495
0.17463227076749496,-0.013921494106642241
-0.7746427503543408,-0.6007655674156055
-0.5524677851890465,-0.525221903949341
-0.2900185092758264,-0.14821253665283912
0.22059266324085727,0.02693218809190201
0.5646878639140496,0.3327945886902952
0.2232059522703762,0.02925511167369666
-0.5177381634002639,-0.4943511290259786
0.6537000076063912,0.668872439660601
-0.18289015986438778,-0.3317192102238714
0.006717399379440797,-0.16317915756269039
-0.5016429791007644,-0.33632317649722837
0.437223436238617,0.35450362620858217
0.21943979557016535,0.30463928987693134
-0.2030653530057234,-0.21464196423083154
-0.29610495702950557,-0.29734383447419344
-0.48786534675230536,-0.34585231976935155
-0.16284194714211397,-0.035166703645094714
-0.1124059101358911,-0.269066543798541
0.21101383156519735,0.275373616512873
-0.029342097930877692,0.08349982898711532
-0.314465052983253,-0.16994279772610715
0.20348906994273835,0.2686849395151317
0.2278141421719057,0.16836203148261658
-0.35855411649909763,-0.35285419844716415
0.18458203878661347,-0.005077255867425782
0.4346695198024915,0.4959546003056656
-0.23641431536194593,-0.24428548632525157
0.05447062487258497,0.014278904994331487
-0.030766169637949814,-0.1964978855781487
-0.39844330239862413,-0.24459013053977038
0.6507523110331136,0.5443070704703569
0.006768008738303993,-0.1631341714659231
0.5035111928199868,0.5353712709615749
0.3677436458063755,0.1577330614834737
0.18985655245441863,0.2783430737740453
-0.14495644148655068,-0.2980003494435717
0.025633617405369902,0.13236713150822435
0.6538829389710732,0.4120790998520939
-0.05232539247422785,-0.08065088820283546
0.8271520636504957,0.5660960995671361
0.8858442197701397,0.8969987780546863
0.5098629202375041,0.41907205642981515
-0.4021553246761311,-0.5266215789454208
0.04489632481110284,0.14948953809109802
-0.2764435228948541,-0.279867004132281
-0.29810017544048295,-0.43412811295817816
-0.22427974878898108,-0.11155401046861892
-0.5681406663641007,-0.6741641048902829
-0.03382434841458615,0.057739678753065515
0.1464720757399513,0.21800316689043212
-0.47815296098598853,-0.33721908797707
-0.3090857816530534,-0.4438930962582408
0.1379227670116515,0.08845858689572389
-0.12022757864508876,0.0027127350189276958
-0.40784120522244416,-0.25294382193872156
-0.1430827649709153,-0.29633485920745134
0.4870161749442441,0.5207090328498034
0.056225211051806556,0.15955965919394577
0.105890298923278,-0.07502546907927957
-0.24548694737219234,-0.13040485365369558
0.07497910539375435,-0.10250208554996723
0.32686751929173874,0.3783546722697987
0.12778724711261785,0.07944923587436072
0.09040522556243263,0.18994189431450226
0.19087120735391977,0.0005131161924020312
0.20175746252812776,0.010189787458364697
0.1715967649209169,0.11839102948173766
0.5511738767567717,0.4557929066691641
-0.1514385926276226,-0.04680631610296694
-0.4600944813084208,-0.5781230515074562
-0.30542464500819216,-0.1619068795260531
0.2318847815696184,0.03696962660635636
-0.7880722506718675,-0.6127029010311845
0.10742153437342555,0.06134638010618976
-0.06612192877937148,-0.09291447602962981
0.2874473447749674,0.22136932268533804
-0.11178616883085143,-0.2685156626385057
0.1568217209524929,0.24897877910566693
-0.0940801578426251,-0.11776623519696636
-0.3563835623726725,-0.20720369496114674
-0.1627839813142259,-0.17883630050505595
0.04439208238446044,0.005320200560442998
0.36548950591152257,0.29074013258449827
0.10585174923623172,-0.07505973546776515
0.044219137892213406,0.005166472122890046
0.6831911962941684,0.43813088413928963
0.250997005393169,0.33269014305293454
-0.2902542831489827,-0.42715398647684466
-0.3042890133292592,-0.18267335672664387
0.13988031335619555,-0.04481212291668616
0.4136676436439781,0.3335651439022365
-0.25071087293324157,-0.11327241545943038
-0.6474743362406845,-0.4877269770923552
-0.2592366618421359,-0.26457201652986484
-0.18842722783644972,-0.07968510295525769
-0.26880484269485666,-0.1293559441364215
-0.5219160752341222,-0.4980648284338526
-0.44963777751113887,-0.31187225822164805
-0.4654499526897603,-0.3259275250470894
-0.0739483257684816,0.04384984868702295
-0.30416576398244183,-0.3045089962101368
-0.19836589545109587,-0.3454754196342786
-0.13918838688510027,-0.014141316749971445
-1.1781803301775624,-1.0814108328280219
0.10370642671304098,0.1799892566442896
-0.39403611494443463,-0.3843937526207971
-0.46780294353132557,-0.584975017927816
-0.28142237409188164,-0.41930340064831034
0.027784572205978353,-0.009442030709318865
-0.4316447534695942,-0.5528344045396104
-0.114121186581564,-0.13558048296491207
0.12294575487506887,0.19709088167720326
0.5361575579191339,0.5643902621608166
-0.1981047428477579,-0.06651141093900043
-0.002432393325960819,0.08564363883184356
-0.24251533303208453,-0.10598749110284635
-0.5760416338016263,-0.6811871870569722
0.200439796061037,0.009018528376506272
-0.3279521229230536,-0.18193130433926327
0.13560558154373803,-0.04861188452775952
0.18114646470254692,0.27060077355015943
-0.0037274459475477584,0.08449248094598848
0.4106159812538718,0.19584180410347052
-0.5230229979866722,-0.377103565311011
0.001965840465910751,0.11132910756203833
-0.4244374605229786,-0.5464279219203966
0.24553028518847042,0.18410971416400745
-0.04076562434017955,0.0733455832899581
0.375237942533001,0.2994054095813679
-0.854683771591882,-0.6719131418489754
-0.0936667475369678,-0.2524095103772758
-0.6647025736547223,-0.5030409659048333
0.3931214236277871,0.3153018372211778
-0.23187803435257726,-0.11830804208070439
-0.5695993623792323,-0.5404499725628393
-0.26681725672872914,-0.14936512863728382
0.5669948287432219,0.3348452240940039
0.26765862370036897,0.3475004704371123
-0.34447636093898537,-0.3403406379492866
-0.7800083919815672,-0.5837590990579421
-0.017715167717102215,-0.04988624397427935
-0.44947652487179973,-0.28995299496037086
0.3832715271197774,0.3065463736585025
0.7876295532761814,0.809696852282279
0.17507168360036654,0.2652009681259991
0.2625523007465906,0.06422964365255382
0.35048846812655043,0.2774058767756341
0.23252145371449753,0.17254630840936486
-0.7550160840931172,-0.5615437142682087
-0.1082681948197011,-0.2653885746285944
0.7081245065259504,0.4602938265675404
0.09656102807292585,0.19541371876827401
0.277215836560186,0.0772638977090831
0.028115933446084082,-0.14415823839234082
0.22976015095547392,0.31381293910831676
-0.10898657271776971,-0.2660271327602108
-0.023024475385978044,0.06733956588960603
0.18740261958165474,0.25438587252750183
0.4034455734480168,0.3244788592836042
-0.3440548945417154,-0.21802080669327162
-0.26843002207220024,-0.272743892289922
-0.2615654175388227,-0.1229208995532802
0.03894042371537771,-0.1345364692640798
-0.15743380917356134,-0.17408059193557637
-0.19520284835460033,-0.207653071207611
-0.4454933824429066,-0.3081883514943305
0.35465636225633135,0.14609992055010118
0.6422984111861831,0.6587376872870826
-0.3008965842169081,-0.15788193660046726
0.5168754922279206,0.569026575794936
-0.032136665715884194,0.08101576873377618
0.025643847512456075,-0.01134489710356089
0.6235738436730006,0.6420936272753649
-0.27442473663151934,-0.2780725274537612
-0.32435839313003834,-0.17873687785658307
0.08417456220371486,-0.09432834616333569
-0.41031083303553006,-0.2769149742433291
-0.11320060893814357,0.008958930313990088
-0.5073007664062038,-0.4850734428090363
-0.3580695097725642,-0.20870231487216157
0.31085809723360747,0.24217888042635144
-0.5217806143400913,-0.37599922429182786
-0.18125947469168174,-0.33026971229257707
0.18358864556354382,-0.005960272065709926
0.09388620531569725,0.04931497649932018
-0.38232216174316924,-0.2520361553167862
-0.9252963597683372,-0.7129039593128488
0.5619122907651153,0.6090592856057757
-0.14921369144808766,-0.02305269858373797
0.45769019101384467,0.23768554611233522
-0.4435099299087127,-0.5633812280410491
-0.2872108158155312,-0.2894379311728829
-0.07260162066005979,-0.0986742021457972
0.030517183001997926,0.13670807870522694
0.010412999469178445,0.09706176576085625
0.10213291777762618,0.17859058203503198
-0.12255775891886983,-0.27809040938341095
-0.1219907497901924,-0.27758640126903106
0.6730607202482991,0.707857889590828
-0.5656527102126483,-0.414996642845212
0.3121179619040908,0.24329876013344773
-0.08096607159058208,-0.24112002064715515
0.1803681393076907,0.2699089287547316
-0.14901744569993866,-0.16659937995902288
-0.13079364472171584,-0.00667932371585193
0.1553516406134024,0.1039509189861692
-0.044028739888164414,-0.20828683691167277
-0.1779575748889692,-0.3273346902457216
0.3899491939434776,0.17747132649423125
0.3037509788239218,0.2358614418399642
0.5192684865962945,0.29242180885229074
0.46199399839580557,0.2415111526740783
0.48517167280248774,0.2621135299244624
0.17760592594945535,-0.011278245056010796
-0.10078479391543016,-0.0017807172476847672
-0.5469229181804225,-0.3983479388165668
-0.2642112533590757,-0.12527275361572737
-0.41472129164978283,-0.5377913273664447
-0.5662948014047006,-0.6725233360374827
-0.013655554659888963,-0.18128845004209462
-0.32302331444972593,-0.1775501412518609
-0.35728058174734906,-0.22977697309827935
-0.8626642683380893,-0.679006916734493
-0.25714163923728406,-0.262709774214441
-0.20623663655662106,-0.07373976090243436
-0.150580335488169,-0.046043420867897034
-0.6621945476331098,-0.5008116094411778
-0.0715336179836498,0.045996255606873454
-0.5172104879433507,-0.3719368897169473
-0.24412552330878717,-0.3861506443966708
-0.09124825749719565,0.02847213159483268
0.7163421697178264,0.7463302891192967
0.6458923926700065,0.539987143036484
0.18330855416101063,0.1288015088062654
-0.09334678212602615,0.026606776369205568
0.08675207258233952,0.04297352518077995
-0.25569216611493184,-0.13947615920279738
0.2924763138740726,0.34778471189854
-0.29456521836421906,-0.430985928890388
-0.1776354819662374,-0.1920376344179551
-0.3368075554562607,-0.18980279992433624
-0.5361842165772278,-0.38880242628039385
0.02431538473067512,0.10941944154885332
-0.02883255259178307,-0.05976836386288458
-0.4084852463558922,-0.27529223052809537
-0.2589503265096279,-0.120596374193996
-0.17325777305587423,-0.06620114315030169
0.6274550508974768,0.388587643786675
0.03640019476459275,-0.13679445055366643
0.3832698944204015,0.3065449223701684
0.3223031099782601,0.11734147408070456
0.09695887005678511,0.19576735608726
-0.18966084277690853,-0.08078164956899883
0.06372915381512873,0.022508708498814825
0.18363315151781642,0.25103523424853447
-0.3975846923222773,-0.5225587946308843
-0.20160673411938163,-0.0696242920693326
0.10004609487844868,-0.08022031711912783
-0.13850317932530026,-0.15725336540378873
-0.1585518040506313,-0.03135324311933233
-0.11184105927385612,-0.011608508677396736
-0.37884001826928704,-0.5058968621393374
0.22512827374377148,0.28791978733827217
-0.13644687353456927,-0.2904362890418105
0.28470258852759517,0.08391878834678018
-0.9763167851691826,-0.9019765705983507
-0.7694548903127181,-0.8531100817334981
-0.6613310499124601,-0.47826812832984683
-0.07862222407224004,-0.23903660063085116
-0.7825113894492414,-0.6077599132777393
0.2551917851684291,0.3364188361864991
0.12354655449307173,0.19762492578209467
-0.0606607596065078,-0.22307085443908914
-0.21159431940716775,-0.10027807324034038
-0.03146706744076205,0.08161096720055146
-0.36423914683419795,-0.4929183097525915
0.06451909742598888,0.16693200263766336
0.5321264552701748,0.43886186534774463
0.035917395275746056,0.11973233981113854
0.4112257672162798,0.3313945870776157
0.8358616086620821,0.8525697904030796
0.08869333549330305,0.18842021425305375
0.1050855267805568,0.18121512337097034
0.12951181553134528,0.20292738003833788
-0.23355687131179936,-0.09802441401814839
-0.11714709062198608,-0.13827017544528725
0.1004852827030174,0.17712601752426865
0.0575698009094238,0.16075485017849442
-0.10460196509820624,0.016602169282823247
0.11363634745362569,0.066870658399701
-0.22089329351131518,-0.36549977346558454
0.02550025827065719,0.11047266247328175
-0.037433767727961115,0.07630723361193005
-0.08698957872643687,-0.11146349820479906
-0.2672838417121931,-0.271725065303249
0.9283548774001548,0.9130101016995018
-0.07361600795972106,-0.09957587974549613
0.6125557875048322,0.6322997995703263
0.051791473841880604,0.15561855945178935
0.3866347209730414,0.43148107376428996
0.4683161514633044,0.24713084428963278
0.2987551856506949,0.37514185883740203
0.08386030322250038,0.1841241855678958
0.2024435728590602,0.010799663308082389
0.17957861977619635,-0.009524739432241032
0.30658824690532194,0.23838345791231985
0.1554041344672294,0.24771870222987713
-0.08513758396906829,0.012127913815748008
0.3628654923152068,0.4321287980947461
-0.1272584430164354,-0.025312849781911624
0.46973321971084575,0.5053464059756717
0.34108613654740505,0.3909934431637243
0.5245650068349491,0.5540857723082079
0.0001286176775818701,-0.03402510140122685
0.47365719954695795,0.5306103156340805
0.1399887412913188,0.09029500847765043
0.09690078493827844,0.17393979728894512
-0.606542316275251,-0.4295670317634388
-0.01770072641220155,-0.04987340725881209
-0.12543166026939828,-0.0019131153137919021
-0.12809465740365678,-0.02605615145944174
-0.17760120593337503,-0.048286044792882295
-0.1725402841769318,-0.18750856971635008
-0.1042122010019643,0.01694862625726053
-0.19732390666917746,-0.06581733433581781
-0.27706550707993455,-0.13669875692315747
-0.7659231596834674,-0.8499707656186086
-0.009886597197695517,-0.04292751462369564
0.7475743820367627,0.4953603825771513
-0.6842779472966667,-0.520441298031006
0.28866529807190566,0.3443971422966137
-0.6369958786563547,-0.45663686499108647
0.24202136610304215,0.3247117970172662
0.1790516894547609,-0.009993121940183623
0.20635652180897163,0.014277840152448158
-0.15821529845225196,-0.052830054613748595
0.10829828461279506,0.06212571365229601
-0.09622333384199838,-0.11967128052974263
0.22841856087466383,0.3126204145920411
-0.513071046321712,-0.49020258051171023
0.5581711878217923,0.3270019877193999
-0.37148034848203465,-0.49935493343955734
-0.10796919103166039,-0.008166848017667169
0.6400839644210345,0.3998133446965041
0.06932936556010696,0.1494318689527927
-0.31149315958774004,-0.31102223674817964
0.40373306286856314,0.324734405435201
-0.4472604262609314,-0.5667150025763545
0.38654931957745386,0.4314051614126566
0.4053534431521929,0.32617474346509406
0.058309029646771926,0.01769082034916431
-0.5674298987566697,-0.4165763659954532
0.24823193588984419,0.3302323034944237
-0.4810516979076089,-0.4617409374769519
0.5224742567874205,0.5522273278215158
0.6294854099606448,0.6691242804462464
-0.016380502386093183,0.07324531966728147
0.048059096625104845,-0.12643098223321123
-0.06338694827057123,0.031461812214412105
0.5687486942231579,0.47141496663928517
0.11090806619718122,0.0644455195050837
-0.14329457021705913,-0.03956718507135496
0.08366423437908388,0.04022878011121941
0.30593174521960753,0.3815210228986578
-0.5114042659595257,-0.34499987592723846
0.6185584788835706,0.38067957977431394
0.1805546646177929,0.270074729030378
-0.2995860618502675,-0.17849295541198457
0.4108862318071136,0.3310927778250236
-0.21682708275691476,-0.08315349085825094
-0.3745778801950612,-0.36709754395468736
-0.18313735867651942,-0.19692819149376134
0.3570418769917976,0.14822037809273794
0.17941361583003806,0.2690604634412627
-0.528886770372409,-0.6392717528976681
0.838548278769003,0.8549579416092314
0.6023744450863672,0.5013045229621379
0.4405730894388207,0.2224703447123139
0.390230015094973,0.31273169630312087
-0.44769251904206847,-0.43208833404091607
-0.39134199932186253,-0.3819989831785107
-0.7842482762810171,-0.7312490071422036
-0.10115209927243282,-0.12405240535679546
0.41227047666305927,0.45426841215541697
-0.1343091016837701,-0.03158010193065359
-0.04587239978986524,-0.07491489470562428
0.9423669973725362,0.9254653194527296
-0.2309217689556296,-0.09568210081266419
0.3212925715527716,0.2514539687100529
0.025752289624239477,-0.14625925512286933
0.3620350745091345,0.15265877588592625
-0.015444500666624283,-0.04786787326274341
0.33944780778426265,0.13258120546381794
-0.629130001804401,-0.7283768475038832
0.2333060126033078,0.31696481612861355
0.21894504535719095,0.1604783898695368
-0.28695590573933316,-0.14549022239817846
-0.5670189925636896,-0.6731670615121396
0.2514960671934041,0.311357825960168
0.46757482621590285,0.5034278339801668
0.15497811871394698,0.22556409397842828
-0.3585184526875363,-0.3528224972813319
0.06095527435657114,0.020043037868985807
-0.9270463019514437,-0.9931913365234766
0.7279485714084855,0.47791521757423816
-0.21896700499466362,-0.08505564395847218
-0.49982718550200206,-0.3564850653246376
-0.02141010709789721,-0.1881813855425464
0.03479729507718188,0.14051262277205712
0.36838160055995445,0.15830013237554397
0.4549146995764733,0.23521844261244962
0.001453118084467582,0.11087335433408889
-0.05336805116672261,0.0621434261108087
0.17739002588147382,-0.01147015622754992
-0.21242046572198614,-0.10101242552017894
0.07941579819857866,0.15839758685365643
-0.37843263711962144,-0.3705239945542964
0.13525808941231238,-0.04892076642236007
-0.22982737494212094,-0.1164852337158543
-0.06700356462794516,-0.22870890334703345
-0.003851513347386787,-0.1725737466532038
-0.24109006362870558,-0.24844170700681564
-0.3506341565249905,-0.20209311198542945
-0.5291358788317624,-0.5044824316317551
0.15476472789273035,0.24715034083032247
0.46400751844910265,0.5002568937430112
-0.16495007677800047,-0.0370405966547716
-0.6073425737084195,-0.7090102447518996
-0.15667445667520302,-0.0296844898967294
0.006398593885909555,0.11526933282425952
0.47639675097728573,0.5330454724610383
-0.15219078245696802,-0.16942012374304893
-0.3690271501644786,-0.4971743127128411
-0.006241314603799154,0.10403385861118514
0.04566481582094049,0.0064515191706474816
0.06361651253642636,0.16612970495805224
-0.04936928623124038,0.04392195624937284
-0.20267487207111154,-0.2142948700667321
0.12908214931654918,0.20254545451407469
-0.09369121172215938,0.02630061672819826
-0.37135892801138914,-0.49924700413231693
-0.005751633818895624,0.10446913041998829
0.04667758349043077,0.007351757099083287
0.0910269685978714,0.19049455479044786
-0.400729365065156,-0.24662218624335427
-0.12393394326878562,-0.1443029333535535
0.011229550054419113,0.11956351608515695
0.06994880465223086,-0.106973463986877
0.2419385561265197,0.045906315101379755
-0.14936877339446625,-0.3019224222506078
-0.7665613349564987,-0.85053803252797
0.3528174389399999,0.2794760730542558
-0.21431456273331637,-0.35965201277403014
-0.43230943030281527,-0.4184144773838021
0.7814333564560778,0.8041891217755202
0.21073193927159864,0.018167100119227692
-0.24617972133928612,-0.3879765982015588
0.33339180164819227,0.26220883990598237
-0.7382785184943805,-0.6903870002207488
-0.1530195891125075,-0.04821164631175345
-0.09021596864513909,0.029389721685549652
-0.26176465540942806,-0.12309799988270725
0.10923440628207368,0.2066789438430721
-0.07547249407419426,-0.2362368406325882
-0.45897037006688907,-0.298391968467117
0.10031421733498572,0.05502876496090993
-0.3451780622210021,-0.19724325038188414
0.8980641115084451,0.9078609040442911
0.2869612653326521,0.08592650106238635
0.05847484817886359,0.13978340905835418
-0.20656137245962664,-0.09580434262030384
0.7182586264268463,0.6043126841536749
0.3215861117196721,0.11670414229529297
-0.6508455225453009,-0.4689476595590387
-0.59526667477101,-0.4413201668970891
0.04097471035867743,0.0022825365375247733
-0.10542010173707048,-0.00590099086692058
0.09667404516247646,0.17373825082156558
-0.4729835152063926,-0.5895799705278756
-0.5257347209086667,-0.35773805810425274
-0.5837875118913581,-0.5530616610180623
-0.34196362829313254,-0.21616190336119792
-0.6705207494769684,-0.6301578722052715
0.43802070925914793,0.3552123133379429
-0.18602608191014974,-0.07755075102076885
-0.2015163672022406,-0.3482758389686294
0.08154748984098617,0.03834722941068809
-0.03276694232332883,0.08045552286049211
-0.0010327874913834897,-0.035057461551418256
-0.2113226086686293,-0.22198174704230345
0.24960164461259943,0.18772870031878877
0.3129343692539885,0.3877455775958853
-0.5977199311696428,-0.4217249116695648
0.03328838339317508,-0.13956050510603768
-0.3258316270104101,-0.18004641908358013
-0.13000298473698116,-0.2847083878883988
0.3651186860323959,0.15539976390660304
0.8150825976999744,0.8340995584367615
-0.20256501626102855,-0.07047609841746322
-0.5089912606849492,-0.36463090993170155
0.291832813833678,0.09025676639663158
0.11093651927837601,0.0644708111328124
0.3370812209515734,0.26548832373121006
-0.16612104810747721,-0.05985738764061546
-0.04606911833750291,-0.21010050664441818
0.1082283118748853,0.20578463770334907
0.014786751550669129,-0.15600640007715408
0.043043529284127996,-0.13088926431407955
-0.42687842570511125,-0.4135869177413985
-0.06365328807476442,0.03122506572179592
-0.2625732470218136,-0.12381674798260549
0.8135236434689812,0.6889926993022392
0.12688099652973184,0.22236480184099042
-0.2459464955107994,-0.10903741330614841
-0.08326801521539376,0.013789752707903169
-0.13481191662486078,-0.28898299401095845
-0.26333282198244806,-0.26821304776569793
0.44531258938552165,0.48363917901982795
-0.17132480620964677,-0.06448295039809948
-0.6864157282098332,-0.5223415477315986
0.003859977788979202,0.11301278518254364
-0.22012836348670647,-0.10786389019993028
0.3450000050701219,0.2725272429476976
-0.49626802414377164,-0.35332136633954386
0.479625093594731,0.5359151103432119
-0.4825953301689548,-0.34116786058415105
0.05304589418372757,-0.12199827329221326
-0.4837996296892985,-0.4641835435051205
-0.06057384827703897,0.05573827312386085
0.2567893251113791,0.33783887169134347
0.07316453975637122,0.15284091268280534
-0.20324015193810216,-0.07107621901930644
-0.06441052504593295,0.03055196619186834
-0.6750939057789277,-0.4905017779889291
-0.08210154307262602,-0.10711857762363389
0.10465921237603032,-0.07611976823238857
-0.18582771670204873,-0.19931962084978744
-0.11874052850929775,-0.13968656467845317
0.39283354741992194,0.315045947258631
-0.07750312945199112,-0.10303109884973617
0.3962947328805263,0.46184367859725217
-0.7167544943712856,-0.5275334122932471
0.2540823333341086,0.33543265677821427
0.2776091509193411,0.3563453835206431
0.40719655236902336,0.3278130627689434
-0.004976332527879573,-0.17357358592475294
0.2865474180862194,0.2205693878508954
-0.1689646123286318,-0.31934094574764377
0.5845834329474401,0.48549028994975824
-0.13633504079036282,-0.011605009110204801
-0.2702489593736893,-0.27436072544680123
0.14574615894225096,0.09541271305625681
-0.27242837217263927,-0.2762979812680901
0.5310120383341458,0.5815923945560251
0.2499566742518099,0.33176540426061535
-0.6666873461236431,-0.4830292805175651
0.4622040431124397,0.5204297321367307
-0.06080641075966395,0.03375562333521857
-0.6887682645189187,-0.7813886365834545
0.022774531883891447,0.129825722155799
0.6430013031079139,0.6811384076882634
0.5488946949417316,0.575712161736459
0.5409515947419503,0.5904275558074068
-0.561472001523365,-0.3895045297617623
0.22162164929313308,0.027846842360591637
0.006595300671490556,0.11544418330033152
0.3527580167519514,0.2794232533315461
-0.06604487673704536,-0.2278567363329003
0.2055472694629799,0.27051445019979087
-0.2110215509496137,-0.07799301814065004
0.34807139698652,0.27525736909560705
0.19627091867988455,0.26226880505926164
0.23563180547431528,0.319032187569509
-0.18767073631980488,-0.05723673846970886
0.15344603607223806,0.102257048282912
0.6767489394956867,0.5674151846593108
-0.2548146215899366,-0.3956520650910258
-0.6307772674341746,-0.4511092105713709
-0.3181450361311543,-0.4519457669054415
0.32885662102548474,0.12316681723379314
-0.32823627875681516,-0.20395981488447143
0.2635492952609996,0.3438477340465618
0.24505122651873362,0.32740500627565866
0.05813958085301818,0.017540199199160982
0.44321067683644777,0.48177081230954005
-0.1263627654560349,-0.024516691950444456
0.07728607685415825,0.15650450121417162
0.07415495425009111,-0.10323466434433455
-0.39124113667435395,-0.3819093274918364
-0.4146562305513662,-0.40272274427140287
0.2558060861908797,0.315188953957924
0.2762218397885712,0.0763803450232033
0.9512851646513509,0.9551685068379852
-0.11461280989641015,-0.014072287008555827
0.006527716629551955,-0.028337013443920107
0.3312124718943522,0.4039927799428752
-0.7225921772578422,-0.5327224637479644
-0.02184450829489329,-0.18856751993987625
-0.16762806568618274,-0.1831421532801287
0.2453067068189691,0.327632099875868
1.1711460596768792,1.0068792914870377
-0.12425970174111667,-0.14459249644006997
0.07980713672554396,0.15874544332207002
-0.1518011523863594,-0.047128591444066274
-0.0937344930090514,-0.11745897756712306
0.028863230715351025,-0.008483223145432033
-0.6482519693741241,-0.7453741520103037
0.2549039678964912,0.19244187657113698
-0.9577280598111598,-1.0204640101765579
0.4800002642603256,0.5144726677974315
0.1701150876690598,0.11707398303564245
0.17671610044800984,0.12294154995026468
-0.1481982022930378,-0.04392596913889152
0.16016363005903822,0.10822824293784548
0.46792631704619847,0.24678432480776089
-0.07964759552384279,0.03878383112670189
-0.29730950363830555,-0.17646934811246293
0.1405979481721759,0.21278172016352068
0.27448605469973175,0.07483742494423493
-0.8617369971110177,-0.9351386211097648
0.07583558545425326,0.1769911031072317
0.02012996151903995,0.12747499294259765
-0.9387225991305534,-0.7466143218833499
-0.007349539322342946,0.10304876997247955
-0.7712251461070005,-0.5759517693916606
-0.6196166518659878,-0.46296459098151366
0.4739039728521617,0.2520977966352837
-0.14030069376386547,-0.2938619070234071
0.7038246322542498,0.7134276615698085
0.40298647342973626,0.324070770378466
0.382305456916315,0.1706768935811978
0.8765818701995489,0.8669896508545187
-0.16356267255828252,-0.17952847049977294
0.2711303731588292,0.20686534791543748
-0.007899622741405432,-0.17617206611455372
0.22371585178946116,0.02970835569066104
0.2556412061946972,0.31504239396131734
0.423848492674634,0.4863359095253479
-0.44282041778271347,-0.5627683283734942
-0.7426925533125245,-0.694310586725766
0.8057313077368666,0.5470554276439104
0.20123926168193706,0.009729164483972985
-0.03366322178593862,-0.19907304304302761
-0.4116537248259483,-0.27810865583481204
-0.43295785932842085,-0.2752697366995897
-0.3149912100948361,-0.1704104929364033
0.30829066140684347,0.23989671524700565
-0.17119153641294615,-0.06436448835658785
0.6912954599455192,0.724066547099468
-0.06952955537095895,-0.23095422845193456
0.6093446043406426,0.6512213421173556
0.5930437853076257,0.6367317251991184
0.589069371270694,0.6331989127218457
-0.17315108606297558,-0.0661063102677251
0.23842206235614435,0.17779129386860648
0.1996532584184641,0.26527532927133235
0.3215333937121645,0.11665728184417512
0.45083112977142525,0.5103204758336068
0.511653932467187,0.5643851893409506
-0.835799164559848,-0.9120827699531695
0.2455878151853978,0.18416085193905396
-0.5850854781518178,-0.43227021434669594
-0.09327306030731322,-0.2520595661731384
-0.36229297872608157,-0.21245650949751035
0.024978989941989237,-0.14694663261820287
-0.7729964131371805,-0.721247351014349
-0.2815329606496679,-0.28439094880322663
-0.16982850764202828,-0.06315290722688305
0.03732196883816893,0.12098084964440334
-0.5760342147154682,-0.40244871926585407
0.361728921459224,0.4093425853075634
0.43296425092971014,0.2157069327042157
0.0075640097433642625,-0.16242661501698064
0.18279223471946213,0.1283425581915556
0.004076374545592933,-0.03051598418521702
0.28954456024042347,0.22323351421018792
-0.5108369161025273,-0.3662714925251045
-0.20842141404609463,-0.21940290737782817
0.31242238992768145,0.2435693628210839
-0.04071550737839469,-0.20534174134743302
0.254370158835549,0.3139125740865189
0.016343183394211154,0.10233304036088531
-0.2798825587693625,-0.13920280286931563
-0.11423067349409294,-0.2706885556724982
0.4128941580974609,0.19786685018666075
0.38693430947983815,0.4317473746592204
0.32910608800753177,0.4021204387101459
-0.3028032325008225,-0.4383086081229244
0.48927609695855,0.5444937799999399
-0.7506402791044753,-0.5576541098338602
-0.021023769126175068,0.09089389903573984
0.30351140000200827,0.10063773187959181
-0.31136139827827425,-0.16718399354390387
-0.9609888725441265,-0.7664065649176369
0.21591425185261987,0.30150547323911314
-0.3178457952359745,-0.19472382953261305
-0.1556037658420856,-0.02873276471173621
0.01950269800801427,0.12691742537724152
-0.49894749184605747,-0.477648309866684
-0.0677613842550456,-0.09437176978578458
0.29649136005340865,0.3513536418357275
0.26755204944755445,0.0686738647200773
-0.19878782023305683,-0.3458504638849105
0.7688688191998958,0.7930206442144695
-0.7833676082934846,-0.8654769421608464
-0.01099434721447154,-0.04391218130527433
0.44396192089006065,0.22548263933563836
0.2396113901611159,0.1788484741396923
-0.21828638341359066,-0.08445064699751839
-0.599888853774987,-0.5673739649146214
-0.4337094179759207,-0.5546696618785673
-0.9664087486713713,-0.771224232586299
0.07334057539467198,-0.10395855666026264
-0.43187333159849,-0.5530375850986289
0.3350066500814606,0.26364426073555425
-0.4108653012288568,-0.255631907277755
0.33558100404611835,0.26415479759302785
-0.28946251705487075,-0.14771832134532295
-0.05441817165463653,0.06120998567710748
0.1281776875219624,0.201741488474442
0.00821628842577582,0.09510913372227613
0.2907388187563001,0.3462402717938533
-0.14635202732058086,-0.04228492471892982
0.6947227294565066,0.7053370813051479
0.22875819195599342,0.03419043583868972
-0.11093312540174427,-0.2677574018126327
0.0844234896727539,-0.09410707730196763
-0.03290221537197835,0.05855935256871684
0.01687783096312806,0.1245842102262315
-0.2202362038012813,-0.10795974825733023
0.6037516872667302,0.5025287382335717
-0.05273102564994653,0.06270967101460971
0.12697737145447793,0.22245046844076477
0.9130400617092539,0.9211728597783433
-0.25732497669481336,-0.14092754638491428
-0.6483262141954909,-0.4667082743592074
-0.06364354819175305,-0.09071147106285787
0.43395987511295575,0.4735478774442139
0.056364146357191204,-0.11904871580469004
0.13540505783709883,0.22994174522531668
-0.11661875245117867,-0.2728112925232411
-0.09658592164973526,0.001951613655155165
0.03598677668094286,0.14156993975317803
0.392666353277519,0.43684252470160334
0.5545599724847825,0.45880276953850707
-0.3021689434711037,-0.4377447956520632
0.282168485940105,0.21667700372101598
0.20011613751985335,0.008730831895454082
-0.36143062044955787,-0.3554110908475733
-0.08874229900114367,-0.24803222278987658
-0.27452892964838366,-0.15621994901031008
0.5605839238942858,0.5861025874720629
-0.10394967626689339,-0.00459394600454092
-0.43157666860998223,-0.41776313365683937
0.1346673819560705,0.20751010574920473
0.7801830598923374,0.5243458740043289
0.21535438501168552,0.022275940777082694
-0.16731520009018278,-0.31787480153568914
0.6242860123038438,0.6645025936402011
0.1513143557690839,0.22230741580521662
0.16339943648836996,0.25482563735977987
-0.13598228727943665,-0.2900233234816926
0.32381770326260145,0.25369853022990174
0.5230412751840832,0.4307861497156632
-0.2652521642357111,-0.26991912976859833
-0.18926181122758795,-0.20237214931693334
-0.17500214952201498,-0.18969689446753515
0.33265940466123683,0.3835030148204637
-0.07142125756773282,-0.09762499050817322
0.00825490461448955,0.11691938680521953
-0.3641399989844557,-0.23587423286459636
-0.24579595179771138,-0.13067952425415694
0.31813578021713207,0.3923690540075685
-0.4835916807523827,-0.3202775779653335
-0.05476516293351196,0.03912562140290921
-0.2882487688973763,-0.16841536167608132
-0.4798736317548702,-0.33874857310496476
0.28947130173468827,0.3668895175787295
-0.04799912350570603,-0.07680531578637166
-0.20114679361396245,-0.21293657810482178
0.45924603558136123,0.5178003921091056
-0.17342666172962523,-0.18829646087429983
0.37725992087379456,0.423147918120515
-0.8116503540860164,-0.6118852875952302
-0.13042627849722832,-0.028128703542616415
0.34584480276684815,0.4169992962739827
0.7557125182243718,0.7813261544584482
0.3337405908463208,0.40623999678906947
-0.3779816607721922,-0.37012312668991487
0.37146513906472944,0.4397729285387661
-0.24994233242006225,-0.11258926833660432
-0.1571398639095189,-0.17381930725642752
0.009511144068716094,-0.16069582895000123
-0.5461924108843019,-0.6546545444637951
0.2935822657060396,0.09181183472761971
0.08952791819022235,-0.08956980750866234
-0.542078189570272,-0.39404151338532195
-0.3764147372051032,-0.2467851112829497
0.05821375529181418,-0.11740461897391404
-0.19116078459118313,-0.0821149311816874
-0.22292596169167547,-0.08857471657803827
0.11389000952674588,0.06709613579803005
-0.8066519745526075,-0.8861741566133999
-0.07069534945271161,-0.09697973885037661
0.18132243187889113,0.12703606677771473
1.1228463086979648,1.1076673015460863
0.027912271316533933,0.1343926016514812
0.35534989683052204,0.1467163957271596
0.8996595499196426,0.765557949480605
-0.18776786288812558,-0.3360549462449717
-0.6483129813425882,-0.46669651182329414
0.17267514441546833,0.11934958903245002
0.2564278560864824,0.058785692843568854
0.30954740799814245,0.24101382332816032
0.057091697460131034,0.1385539417528141
0.14346347080313104,0.23710477897290083
0.5288154716858738,0.5578639632868077
-0.6535309018517415,-0.6150557854272919
-0.3921348424512595,-0.260758538168422
0.18156568703579629,0.12725229358385262
-0.5808957300943749,-0.6855019393171933
-0.13208385404885992,-0.029602104032955663
-0.10394552841288315,-0.004590259023198521
-0.0029039254200678988,0.08522449919263732
0.4295845433855075,0.21270274822048002
-0.2743386429743129,-0.15605080530002496
-0.3384322986179192,-0.46997888911589925
0.5777391240439178,0.6231275818536002
0.6830535569747277,0.573019289085125
-0.7639828363464862,-0.5695141607156479
-0.4842442474939565,-0.4645787593314831
-0.29674504419660885,-0.1541916788046457
-0.3044480758381084,-0.4397706910894008
-0.6928337370978006,-0.5280464445209029
0.531011610774699,0.5815920145031835
-0.4111264223703032,-0.3995851369993469
0.1645458780344033,0.11212357447150333
0.16382876673375857,-0.02352460880329682
-0.2600486015572816,-0.1215726186807993
-0.05064282149957067,-0.0791552695586958
-0.06617477021603746,-0.09296144619555514
0.24997889515542598,0.05305328312707422
-0.2893366634975309,-0.2913275735568826
-0.027575648108873835,0.06329407902480977
0.8563195994870743,0.8489787435545413
-0.05055149172219577,0.04287110692407916
0.1958573226294311,0.13995596966708357
-0.059822678217739296,-0.08731514219706787
-0.05435239685765289,-0.08245266987699106
-0.03410416483506266,0.05749095304597526
-0.4435069001854272,-0.2846466619058176
0.47693952839671183,0.5335279412783059
-0.2425895810112061,-0.1278294168883745
-0.4678547042405837,-0.5850210274471566
0.39498616848403356,0.316959388204508
-0.21784847869258578,-0.08406139835662521
0.09558046404290677,0.05082098425683973
-0.3607410830882595,-0.21107704670833516
-0.2882896308688252,-0.290396877886922
0.7565560678504183,0.5033441033004008
-0.17236789361576457,-0.18735533366197923
0.22347030623982828,0.029490092979876266
0.29644859476102037,0.3513156282424935
0.1204874723754428,0.19490574167753572
0.33244616209051797,0.26136827141027186
0.28451779768598034,0.2187652808284607
0.20266057431211681,0.14600330449613758
0.5180683540490001,0.5483109698318088
0.09622002717261458,0.05138948481658
-0.12680061420917554,-0.024905890842125092
-0.38352815037972365,-0.23133221763408113
0.3464562327927795,0.13881091658249953
-0.21590167026831475,-0.36106277502736206
-0.005831979130656945,-0.03932340967521691
-0.018892910213416464,-0.05093312619322535
-0.8965767870436812,-0.9661073232721322
0.5750608250323029,0.598970944039189
-0.18572294327739455,-0.19922648891676145
-0.2808078422520743,-0.1618012046580351
-0.3718931915775569,-0.36471115407246135
0.07470384760950288,-0.10274675913596854
0.2989175160906992,0.3535102249799858
-0.7303177770780884,-0.8183215366360496
0.8853005222581716,0.8965154913773815
-0.17934241351682537,-0.19355490690736668
-0.22917421185701284,-0.0941287167250048
-0.04341582129015353,-0.20774202038010756
0.0009191532847578343,-0.16833315409129745
-0.06127422185315323,0.0551157188339815
0.3146311950777939,0.3892538672170456
-0.10103118318330839,-0.12394492438868486
-0.3600582026633248,-0.48920191493403764
-0.05867376207780417,0.03565131105242722
0.14582581716065876,0.21742871481994985
-0.12278809015076614,0.00043672479165894157
-0.638399950085332,-0.601606050523817
0.10660544825487595,-0.07438978078452581
0.02584323716046466,0.13255346017941966
-0.3599618113540174,-0.3541054827626484
0.39281958312325455,0.1800227835429219
-0.28610521203774314,-0.1665099778008518
0.300962033067222,0.09837162793755959
-0.24723661368740227,-0.38891605806655083
0.15739338005596326,0.10576579849066775
-0.6983267566652699,-0.6548743230393174
0.07830460617534812,0.03546466615234315
0.21872080265284538,0.1602790630212296
-0.6800721149702266,-0.7736587258735059
-0.5739498541933634,-0.5443170763976226
0.22143943287068624,0.16269562321486591
0.0008115944297738542,0.11030311108547222
0.7157699461557397,0.6021005239126913
0.2505223313243344,0.3104922829654393
0.3969668245615591,0.46244109342483686
0.419894333476173,0.2040892283010715
-0.0060239460256316935,-0.17450479792275483
-0.17382093815233274,-0.32365767981315574
-0.08631650366096613,-0.24587596026527436
0.037834146205252744,0.14321204599700904
0.3141604956052,0.2451143456455448
-0.7070290048123914,-0.5188885326853413
0.30444922354107107,0.10147135280320316
0.3883655722457402,0.4330196082289111
0.06175889186069525,-0.11425338646824199
-0.3480805106940301,-0.3435443266204374
-0.33905376104483703,-0.21357535469604635
-0.0117580514241023,-0.044591029491612755
-0.37179373684346256,-0.3646227498643775
0.2764101302664964,0.07654771433691458
0.45113022490972116,0.48881041059689423
-0.5021684233438672,-0.3585661656285177
-0.4927803030910069,-0.3502211698481974
0.7271345189515476,0.6122023663978537
-0.24581452726265723,-0.10892010819668872
-0.10950596635739199,-0.00953287052942859
-0.47065834039318505,-0.30878127542382455
-0.3187443080803933,-0.31746770207498254
0.6909873318199937,0.7237926554323343
-0.4776555973428699,-0.3367769869609644
0.5472476671235486,0.3172921915431831
0.024666021996020887,-0.14722482634795253
0.09423662202431857,0.04962645801809466
-0.2323862426880269,-0.3757157282893283
-0.10351862516825946,-0.004210789472421909
-0.59665498830414,-0.6995101688369845
-0.021110533997207692,0.09081677470593309
-0.7975631776554473,-0.8780952260381463
-0.11270837538396641,-0.2693354017968302
-0.4231443965732442,-0.41026778073529446
0.003444782507461608,-0.031077399330222615
-0.1916850042448515,-0.20452609866561205
0.02052934473386675,0.1278300002446659
-0.5354189783257652,-0.5100674089597577
0.26112723796916765,0.3416947942316001
0.23726455032601038,0.17676239428626517
0.15318015572416754,0.10202071019573822
-0.6973995659048593,-0.654050153474508
0.2685701064340276,0.3483106773114756
-0.26093955271107744,-0.12236457526195108
-0.0016101550957881641,0.08637451725866373
0.03170471544911973,-0.0059574589376376365
-0.27210014242214897,-0.41101697249743685
0.09519705251267602,0.1724253684661874
-0.8575835220157653,-0.6527147701994515
0.31512949333535906,0.1109649259536814
-0.13774593245653075,-0.012859135035687426
0.4102867116089459,0.4525050654406495
-0.5492368216303865,-0.40040474188320135
0.6228155989691362,0.5194744375245992
0.5016557733235476,0.5554979367688266
0.30159037735440186,0.09893015619283053
0.33442605280546506,0.12811742326044234
0.09042992791908769,-0.08876802108300426
-0.15166842617359924,-0.16895580704672117
0.7852031019262642,0.5288081335900414
0.13928724488377667,0.23339257815569697
0.07009737647400219,0.1501145453206996
0.8179609233511516,0.5579261970788302
-0.452921284429006,-0.31479093103752986
0.3965485838668278,0.18333745087054248
0.1974328928552398,0.28507759857477527
0.2015322415892697,0.26694553653427067
0.4105081818282763,0.4527019278578321
0.1609502875833338,-0.026083256937007724
0.14300702546089017,0.09297792773949164
0.2232395613061523,0.30801685942003076
-0.06792045701074598,0.027432026667590086
0.1853180981761383,-0.004422980854514837
-0.2383988222732241,-0.10232837042830373
0.40555743262853117,0.3263560674440614
0.10315353223456317,0.17949779488564266
-0.23637022794579943,-0.12230110305245742
-0.42139460569447895,-0.4087124110652809
0.1844045187572041,-0.005235051449123038
-0.44205403265688975,-0.5620870971505397
0.22270400579052435,0.28576488249094145
-0.377827564332927,-0.24804095761879305
-0.18228600412066154,-0.19617143188855432
-0.31751427236665936,-0.4513850880036683
-0.16986514035888697,-0.3201414151078707
-0.12550629033934507,-0.14570057519405077
0.01594514672795133,-0.15497671547512548
0.08677345667593456,0.04299253326397556
-0.009489845366379507,-0.04257484632919252
-0.5179221075499012,-0.3507935128964612
0.13644617847550347,0.23086718579278745
0.33628623026301596,0.40850278738168755
0.14698567366511073,0.09651450392102105
-0.4687192043891327,-0.307057598975778
0.1832058407953448,0.27243133007709086
-0.2014147701293569,-0.3481855304593993
0.23941934367762036,0.32239888819466916
-0.599237845836279,-0.44485009673288367
-0.26276998667096546,-0.12399162767074051
-0.1535798522620583,-0.17065485245868475
0.5396375941817956,0.44553843326918535
-0.09544728116321566,0.0029637385320615056
0.19680754921184762,0.26274580997656216
0.18272413298261214,-0.006728727693204743
0.5373340654361961,0.4434908521619858
0.06915366219665442,0.14927568818527936
0.3841827233165839,0.45107744787374787
0.034282125960259306,-0.003666427372180228
-0.2765479526492477,-0.1362387085403247
0.012086789887128302,0.09854957946570053
0.5741479906981782,0.3412035902761874
-0.1669461813731535,-0.18253603389076944
0.3229053019941762,0.3748327013386321
-0.25380592081546666,-0.2597446911728255
0.4475688023782747,0.3636995072216112
0.28015974002754285,0.0798807007911781
0.1620528190406621,0.2318527164910639
-0.4347886281443412,-0.5556289598060522
0.5753035116717414,0.4772414710380261
-0.09958268296219916,-0.0007121741781460633
0.527838564249202,0.43505040666243544
-0.04751211883917944,-0.21138317375701948
0.4523657503853546,0.23295270999812193
0.4702493934209914,0.383860032592915
-0.45340372873543866,-0.29344384283916114
0.6253335708301453,0.38670188372682474
-0.30738803685614213,-0.18542804430609539
0.0021674811209474454,0.11150834369984874
0.12502396423847312,0.22071410647098266
-0.6147971150061426,-0.43690463063534246
0.31472494758067643,0.2456160807348572
0.054933886124233396,0.1366358872320162
-0.20251430994689004,-0.2141521481785352
-0.259925883701487,-0.2651846581826214
0.7810781999449729,0.5251415540511158
-0.2508592623289398,-0.2571254391848017
-0.01201527519629774,-0.17983042385223577
-0.0809121292890217,-0.2410720719346571
-0.1763574627457646,-0.04718049529278417
0.11438623378780219,0.0675372240300801
-0.03312169227959719,0.08014018956603132
0.04933887563324074,0.15343847215522055
0.8148032283373583,0.6901301080741299
0.1619148979317967,0.23173011994985027
-0.2736825552856489,-0.13369168866157022
-0.6940608736019923,-0.5073613049427643
-0.6457544664662944,-0.46442227637769956
-0.3230617153973475,-0.45631614847539104
-0.1418439806290257,-0.1602229665626558
-0.5350736543500275,-0.6447712053222179
0.42048111230016505,0.3396215604855138
-0.27725517963812696,-0.1586432823345264
-0.6213129122565891,-0.44269645041351713
0.2876092019837544,0.36523431780012167
0.015843101123477588,0.1018885227868999
0.7764703190635659,0.7997775329821762
-0.2629137428788547,-0.4028512840145086
0.16598272691873173,-0.02160997752776512
-0.34314096444826087,-0.21720842438797872
-0.43719456524415384,-0.30081162509543913
0.4129126864814828,0.33289407086890727
0.435953295413879,0.4753198066005901
0.15432738904295742,0.22498566760421534
0.0027314867705004464,0.09023375447314244
-0.5483789024558648,-0.5215873415198461
-0.09389472795813447,-0.252612159640535
0.09348541784392228,0.04895872096885352
0.22746676487208012,0.03304250065298901
-0.7210291587374824,-0.675054235992395
0.045287540267561044,0.006116163123199107
-0.3718050926130949,-0.49964359488938875
-0.4590169436294736,-0.44215448922972056
0.2426250143133511,0.18152725116390134
-1.0130985439690294,-1.069682218316886
-0.2578448755747832,-0.11961375114080071
-0.21607841191981336,-0.22620912771002258
0.15588284301314095,0.22636829335548964
-0.05660513666734612,-0.08445510526338507
-0.4553349857035186,-0.29516051569967655
0.48971689684057074,0.5231096745354271
0.17471018661519147,0.2648796374725102
-0.2161008358464166,-0.08250793804891925
-0.508852375320789,-0.36450745627467035
-0.4398044531521862,-0.3031315254581346
-0.06912729530837544,0.026359281514141672
0.1942375633050697,0.2604613780594262
0.26133121287494043,0.3418761052589536
0.36227198781845316,0.1528693654942095
0.20723974271063308,0.27201887086437154
0.3525671825658713,0.40119881740236096
-0.25635806558127594,-0.14006806983954767
0.25444041595770805,0.0570190793957694
-0.2121825671081056,-0.07902503250375394
-0.35590196002853974,-0.2067756039885843
-0.5183757064714427,-0.629928584985698
0.5418206641144966,0.4474789398760307
-0.0551382206091689,0.03879401458010307
0.6501649827759385,0.5437850009084235
0.09194166819020072,0.04758649905443435
0.2741447836518055,0.20954482390919418
0.02516946562222458,0.11017862456356392
0.4067416795480342,0.4711298534128148
-0.5259845506963935,-0.3579601290266765
-0.25088509998309894,-0.2571484059884987
0.2565647677021606,0.3376392651053715
-0.15463855556352044,-0.3066066730675448
0.4537460174704163,0.36919036508129266
-0.5211386408626155,-0.3536526536188739
0.07672570846254542,-0.10094954948881966
0.4228524243038728,0.48545051541800466
-0.18460460077826066,-0.1982324066953091
-0.1087178389789202,-0.13077750731811755
0.6365099123476561,0.531647160527728
0.10782546174429015,0.06170542665806941
0.32924113492972773,0.40224048041876453
-0.4035040262617006,-0.249088551751394
-0.5221502629261129,-0.49827299527117774
-0.2596253819925666,-0.1429723510940282
0.3598219857598891,0.407647531352599
-0.27890555188215627,-0.2820554743432163
-0.22885031450208784,-0.0938408079650715
-0.5703136204965069,-0.6760956196746437
0.19585696441163822,0.1399556512512677
-0.012586507731032544,0.09839368694253325
0.43665721340235975,0.2189895660132376
0.8788219685712921,0.8689808494071796
-0.20284999285620134,-0.2144505329868119
0.5020600248032624,0.5340813438355975
-0.5107113992654188,-0.36615992200323016
0.12550847812842064,0.19936885790240483
-0.5981787822369179,-0.700864652332787
0.06663192211471097,-0.10992180402022801
0.8798195351276523,0.8698675752350553
0.6660445598356852,0.7016213025573934
0.10348869215849632,0.1797957148180277
0.6664873656526468,0.6802389801461614
-0.16294009018633293,-0.31398581495448924
0.3375873204306943,0.1309274389273127
0.15425794092637612,0.22492393594503193
0.050489594853103004,0.15446133368398707
-0.2584193417895037,-0.2638455098164141
0.2912198283922326,0.3466678359146822
-0.2285481285706899,-0.3723040712961399
-0.549197054236584,-0.4003693930887104
0.6354953908412192,0.6744664856734236
0.4820418261754085,0.5162873894997275
0.24884722699414527,0.18705810688016283
-0.2324134602848375,-0.37573992170871556
0.013192337016539796,-0.02241290643326425
0.6046661886615516,0.6470627504026081
-0.5073663182120428,-0.3631865166224515
-0.023292929033258858,-0.18985500504064562
-0.13151168619879008,-0.02909351038844912
0.15128741952994385,-0.034672472984465456
-0.33410715220041703,-0.18740244147469742
-0.1445496490592512,-0.2976387561748611
0.8904382654674214,0.8793064466481832
0.39248139602381127,0.17972217278786118
-0.2501519044897169,-0.13455148220260632
-0.12112924207511877,-0.27682061663341
0.00701095014470058,-0.1629182235491261
0.5522631948048162,0.5787063838369788
0.5834479597956107,0.6064261749399071
-0.4801087310482137,-0.33895755025460345
0.4591483441896375,0.23898168226859567
0.04090524147470259,0.1241659808768777
-0.3843727177838663,-0.23208294421554124
0.0027342120900260003,0.11201210456125191
0.11223920996849363,0.1875739528713587
0.09664228252534549,0.05176482290789636
-0.11943772464989327,-0.27531704558876513
-0.08199523200497952,-0.10702407889683695
0.06245145217701013,0.14331816816781773
0.5818568771496303,0.6267878068364557
0.18175124478965168,0.12741723380950187
-0.3714359640871782,-0.4993154806441295
0.26303552249807777,0.19966992510588058
-0.9823410818287222,-0.7853863065039444
-0.07233536157687528,0.045283594635117455
0.9044767199318162,0.8917850728387565
0.09475983161437054,0.17203672766769365
-0.16730008575866537,-0.060905421108338284
-0.5673743727955102,-0.39475108200366915
0.016541178007026425,-0.1544469098937254
0.17744570511416236,0.2455352818897308
0.1741741800182394,-0.014328685883758303
-0.09517774570591936,0.003203325605213741
-0.16821438872696487,-0.31867408032393985
-0.15933721865872916,-0.17577251147794776
0.35198681871605875,0.1437269929587478
-0.049475256524898516,0.06560368801465237
0.6428430067835639,0.5372765778040904
0.0357499727928987,0.11958351982638533
0.06083128293526263,0.16365394531257335
0.31078087645421115,0.10709948872599434
0.47048967583142587,0.3840736169577456
0.3237840397239183,0.11865785607684515
-0.18981419837164554,-0.33787391111921156
-0.2887756286176299,-0.1471077538455533
-0.15339182315614944,-0.04854252101721301
0.05744081832639977,0.16064019899358417
0.6471637870019222,0.5411172713315201
-0.17362838463203614,-0.06653057566244562
0.21381697019739315,0.02090934983104504
0.43973904418769316,0.5004608442036227
-0.17575362035330458,-0.32537561954735295
0.20307787813486564,0.14637424122746984
0.007091608376795587,-0.0278357763352591
0.5931738132339106,0.6368473055780383
0.8587671630103317,0.8729302831570792
-0.01977950831609923,0.07022398106283163
-0.21989513468476973,-0.08588064812745537
0.5996598493186857,0.3638807979388605
0.361432115285081,0.4090787575972141
0.011777361040882894,0.12005045918423583
-0.23288623609788628,-0.24114941586830962
0.45550822794633083,0.49270196885165846
0.13125004868735457,0.0825272817185711
-0.2083947081070883,-0.07565804672507188
0.14775430593076047,0.09719773260159857
0.3690015328895602,0.2938619343427539
0.22554696391766338,0.031336010915729684
0.007633568294405119,-0.1623647851938332
-0.12317046948591642,-0.1436242899910031
0.3072830916985426,0.1039903467209557
0.1782987523376945,0.2680694736702906
-0.09194901928655372,-0.2508826408213522
0.5637428729268115,0.4669653477091995
-0.4971148916057356,-0.6110300828828472
-0.29069970025519287,-0.4275499127934758
-0.9151067670371547,-0.725622471133662
0.029048950057260298,-0.008318139285957113
0.5081683948216864,0.417565811615755
0.09025841139001689,0.16803546524604598
0.24513605733671134,0.04874853839932787
-0.3470231048136374,-0.220659215823869
-0.11543406053293373,-0.2717582330403566
-0.18064040993888564,-0.05098755946444728
0.8304259310297357,0.7040169549117987
0.5606991806512511,0.5862050379226985
0.23403003897380675,0.2958324675427481
-0.2645658070380448,-0.26930903448178384
-0.21323782926103543,-0.22368416534666447
0.011474719257715586,-0.1589504287820017
0.04805193916234812,-0.12643734442232832
-0.02927314913296966,0.06178518922561349
-0.07905396305545481,-0.23942036861593094
-0.036271805839396265,0.05556416104212314
0.2754669855394222,0.33266530893440627
-0.15513347896170152,-0.05009065951103708
0.47153906065042533,0.5069515979219646
-0.1942701080540605,-0.3418347197258027
-0.32978705413111853,-0.4622942273498542
0.11116096336308434,-0.0703404340216739
0.4061788254769523,0.4488536111010996
-0.14753497791069684,-0.30029238182059054
0.4517157410968027,0.3673856749714139
-0.1312709413213178,-0.02887951494180709
-0.39118523921165155,-0.3818596408583233
0.30884487363063573,0.24038934833482106
0.09258544714782285,0.19187986905707138
-0.14899862979349143,-0.02286153266854137
-0.1326977245231864,-0.28710371214280345
0.3175513054551892,0.37007359330397693
0.19759129973578865,0.14149728265051253
-0.6392715140040425,-0.45865965196680886
-0.8839414958025809,-0.6979200078140408
0.19061266118996067,0.13529404838755432
0.027496302601749664,-0.1447090213650825
-0.08196590681570476,0.01494718239651562
-0.532947914693743,-0.642881658961076
0.2840010511861889,0.34025114506486553
0.05736435748305813,0.016851111759196496
0.5660140643884877,0.4689841845640228
0.2273767829190613,0.03296251669475007
0.08098443160412341,0.18156785524044963
-0.6123546287819132,-0.4565094593512252
0.3549059231124521,0.42505362547007514
-0.30118004397155196,-0.43686577387468395
-0.1069727859865019,0.014494772937671572
-0.08414764185234089,-0.10893733209449152
-0.3281042997151436,-0.18206657259889883
0.33890685276489707,0.26711110756527556
0.08263864890338044,-0.09569360243029965
0.0472578738378473,0.15158869278153755
0.4207229568708284,0.33983653343721454
0.11382263397098755,0.18898144087357543
0.7004168085224666,0.45344253945333246
1.0213493475384923,0.9956718529335795
-0.507613593144655,-0.48535151102099305
0.39434166562465933,0.18137574576639276
-0.32304623788095854,-0.32129163967548496
0.6638033996782371,0.5559080381549112
-0.5571490055591469,-0.38566186668245733
0.3596126000202023,0.285516216236658
-0.0074930580044709275,0.102921197810588
0.5670621984441815,0.33490510827263464
0.13550847976348607,0.08631255378624354
0.060120796594018394,0.16302240189813402
0.5571062202276759,0.4610661008655234
-0.3226373493496567,-0.1772070611629105
0.09961448460564384,0.05440678031260604
-0.4106452992870719,-0.5341682230440349
0.3394751277208514,0.3895614353178989
0.1510612144172015,0.22208240127021006
-0.7306155935979034,-0.8185862624314406
-0.6231766553772247,-0.5880742330054993
-0.012899373610043265,0.09811558393896812
-0.5648121184578474,-0.39247352259241325
-0.8930736848952079,-0.7060375092297093
0.021850151383664362,0.10722812301817708
-0.42957860407346576,-0.29404188183260527
0.4994716313819314,0.40983535522486164
-0.21446441480856207,-0.22477446361113257
0.021280799724322376,-0.015223161804124178
0.49156515137870166,0.40280737299976854
0.7938841167298529,0.5365245911932316
-0.18247734115560146,-0.052620387212639126
0.18264696191403168,0.25015862126739247
-0.22756200144405397,-0.11447156838423922
-0.37241916265761005,-0.24323348946295573
0.9116802292651729,0.6412322467801826
0.04762848990298563,0.008197007243576514
-0.08767616079796078,0.009871401078954702
-0.06912100548020397,0.04814080005438085
-0.19548345665448125,-0.08595730634906351
0.29810728997450026,0.35279002398780895
0.06073854742224577,0.16357151374544726
-0.11239224260043548,-0.269054394878136
0.021147557559447472,0.10660359517442873
-0.7469187936171995,-0.5761220503159241
-0.3765263816921678,-0.22510842324514252
-0.06554951226778769,0.029539533105775236
0.017777457743238134,0.12538387847521829
-0.8933552740585018,-0.706287810708193
0.26082864214579177,0.06269750267406606
0.5168834727813462,0.5472577420383388
-0.43699977152898106,-0.30063847512639663
-0.00240920499648295,-0.036280943778173334
-0.5845878371318146,-0.5537730612318015
-0.1004327481848607,-0.12341298216784247
0.3570336131243871,0.40516897789881956
0.28504911955702383,0.08422681592849456
0.899921278782365,0.63077984635102
-0.10235830667411353,-0.0031793952554032895
0.18871874469540206,-0.001400183948502572
-0.2827334923648298,-0.4204688391131531
-0.3911905973312653,-0.5168751546388736
-0.07119010919401125,0.04630159675321879
0.28767796027808096,0.08656356323610087
0.3086499001938388,0.2402160386132238
-0.3656620127578276,-0.3591723284549242
0.8768319733747003,0.8889878923698513
0.023550644298708734,0.13051559985785877
0.1668768517582637,0.11419555111493478
-0.5497581201858335,-0.37909219079506756
0.2433547366938295,0.0471651422723218
-0.4750987515114151,-0.5914601805767846
0.5674680962198636,0.5922218517614654
0.03187805869373067,0.13791774598676718
0.5660959778104244,0.6127781185349394
0.20326543299122468,0.14654095665534453
0.18506534283723777,0.2523082931991312
0.0606656854903145,0.1635067475837306
0.5139442481745236,0.4226999034849435
-0.3397137174333928,-0.33610717705542653
0.15905816191832484,0.22919079904898634
-0.35563053791496646,-0.48526621293549677
-0.13051030065833627,-0.2851593353740478
0.008382706505828529,-0.026688133553896487
0.4846710696517036,0.2616685493459877
-0.382300899329786,-0.37396244985222055
0.4465809659595456,0.5065425524452695
0.34583413973184035,0.41698981802064244
0.7174093214241766,0.46854699536596356
-0.2674107018996444,-0.2718378299143168
-0.31329749294834136,-0.3126260886242697
-0.09979340068145845,0.02087644876437687
-0.9267617419457924,-0.7359824488302289
-0.16609808050122668,-0.03806104440875046
-1.0269210138948983,-1.0819688582509919
-0.0010112606205298635,-0.03503832655510392
0.3241599688043459,0.3977238883073141
-0.2862311896999993,-0.144846030363215
-0.00135431292529134,0.08660193252132754
-0.36329538677018103,-0.3570686609103494
-0.5003144766332573,-0.6138741584628664
0.03136538963722729,0.13746204015876418
-0.08731392199703694,0.03196931870608486
0.3450849651148756,0.2726027629874787
-0.34857072119256943,-0.20025894724549956
0.11008566918506879,0.20743562197906776
-0.2663899510630461,-0.2709304958373406
-0.6341059353204532,-0.5977891485105915
-0.25802652062895476,-0.398507086459042
-0.014090195227522667,-0.04666404620576419
0.4864577111227062,0.39826742610555027
0.1143130612544841,-0.06753856922931854
-0.1118532754261326,-0.011619367479420273
-0.30484325643050414,-0.1831660172610838
0.0970183336403097,-0.08291166044191803
0.24485493959492954,0.32723052901005506
-0.3691890174462453,-0.24036224927507613
-0.07028482495005448,0.02533036627709365
0.1431034929616501,0.09306367662905599
-0.4296039125476579,-0.416009572712551
0.442774609066132,0.5031591240955683
-0.27700607206796457,-0.15842185338327092
-0.1418204577064413,-0.016480935257830145
0.11380232793645434,0.06701819660665981
0.40610996750429795,0.4705683315961604
-0.04745421327468727,0.067400170903729
-0.4321626516002774,-0.27456288538568446
0.041157027576405714,0.14616571832692277
0.0922253787892619,0.04783868625359982
-0.08580597169900891,-0.24542215407686788
-0.531639982235621,-0.36298717928376767
-0.1116099742394466,-0.13334829421636327
0.13553665338542964,0.20828279146419065
0.059771927627849664,0.018991174110122324
0.42511248932399803,0.48745946210256036
0.7339880480437041,0.6182943922575485
-0.3968079964736308,-0.5218683983209762
-0.005521420684552462,-0.03904735772312404
0.18345655784479492,0.2726541896766021
-0.3747418927364492,-0.22352221084005938
-0.2028466498915203,-0.34945831247021136
0.7116752765070499,0.7204060120167419
0.7016710859759866,0.7332893257932169
0.3508440489664432,0.3996671430917582
0.00575087178846817,-0.029027542191550113
0.23128654514818714,0.2933938063644195
0.015144867050464472,0.12304379785941943
-0.8403706772157413,-0.7811355857508473
0.18044510837400857,0.2699773457025698
0.11492692806090049,0.068017841161723
-0.5830299463199433,-0.4304430749405854
-0.6058011978783613,-0.7076401329029589
-0.4806115023161044,-0.4613496525067257
-0.1457748977991122,-0.2987278661658486
0.014967590425293109,0.10111029105518037
0.5038306912483935,0.5356552695646029
0.010566003776800947,-0.15975817587614805
0.7742311441615747,0.5190552822436508
0.3119442142974781,0.36508951227490044
0.15337530579522168,0.2241393713840058
0.10098108941877473,0.05562154014650014
-0.010693070779224295,0.07830081442894271
-0.07891429286362,0.017659728131702038
-0.16884633766527393,-0.062279867247545896
-0.05598101559490826,-0.21891108198433393
-0.3897544389084212,-0.25864262390812126
-0.2512852841473763,-0.2575041252456341
-0.20843818172901166,-0.2194178119848655
-0.018176239275783657,-0.050296085359773986
0.06530938894371213,-0.11109738906111587
-0.23929842630030346,-0.12490394603423878
-0.33183685443216276,-0.46411627206189354
-0.4457788260961648,-0.30844207918611555
-0.09961155614607542,-0.12268303368892222
0.5883406605333035,0.3538192967962987
-0.63016540959393,-0.4723412645174624
0.03991882717487136,0.14506509574778112
0.591025312199587,0.3562056538329952
0.011571290955004476,0.09809135819270158
-0.19510833891079446,-0.08562386835467523
-0.1838326673431691,-0.3325569946494548
0.2694714534536658,0.20539075262195888
0.1294410407583122,0.20286446912897513
0.11612158318316015,0.19102495128439553
-0.06785262264939787,0.027492323877677288
-0.7353082345507098,-0.5440256257860688
0.09248462792598591,0.17001432438912958
0.30677604783415924,0.38227151411159266
-0.23849465539086476,-0.3811454284696287
0.2625682507997167,0.3211997669435569
-0.13713649803506955,-0.012317415549944125
-0.6555405014859522,-0.7518528472208175
-0.37891058800345767,-0.24900364532593144
-0.5326587435638228,-0.6426246179567026
0.9824985990485309,0.9611378542758362
-0.3575787983670579,-0.3519872489964622
0.21672442948585122,0.023493758087452205
-0.10820498017809405,-0.008376438370052648
0.1258433796242595,-0.05728939734507375
-0.9626233461230245,-0.767859430321102
-0.8648334062893551,-0.6809350393578404
0.18279274464169598,-0.006667739551796916
0.3367330882485965,0.3871240668981166
-0.21623502326644198,-0.3613590888034751
0.010525735340423413,-0.02478321903425659
-0.03222809464837442,-0.1977973744763039
0.07101931839160427,0.02898885478901528
0.25446569343006403,0.19205229926764616
-0.24145758576522672,-0.24876839335039003
0.7968149020990482,0.8178616067914937
-0.16506335392627478,-0.18086240949354385
-0.8674850029192706,-0.6615160865581228
-0.6234793368295595,-0.5883432831853525
0.24370092989871717,0.04747286956555527
0.29251905745652246,0.36959863377591545
0.6834523759583687,0.5733737948483614
0.45144315473973307,0.2321326249797916
0.5430921126686853,0.5705543108270845
-0.40982590207282854,-0.3984291189571472
0.023471719657472245,0.1086695170393396
-0.37802970541926934,-0.2482206385844307
-0.7563845684897407,-0.5627601448429851
0.11157707312218296,0.1869853867857491
0.12884424296571478,0.20233398220222185
0.5231629805842881,0.2958835812860628
-0.3570822597370333,-0.4865566323328896
0.7570633956388938,0.6388058123421616
-0.03792586892450739,-0.0678513117141951
0.20602867863321866,0.27094236946222533
-0.3574155740688194,-0.48685291173892176
-0.3323727616018639,-0.46459263399051676
0.11316254619464797,0.21017062376536033
0.15730674979980666,0.10568879381852853
0.17733731147903672,0.24543893199184139
-0.15790444548310337,-0.03077781328152973
-0.25469647074613494,-0.13859109665275565
0.14099689065132953,0.09119114124210442
-0.2326687619874823,-0.09723498350764431
-0.09701438038758536,0.0015707614437328783
-0.08396722494365846,0.03494416053131019
0.34764645069525224,0.4186007610992308
-0.3970924927315286,-0.26516533841754997
0.16385945050242962,0.11151341666530451
0.23525953210276285,0.03996940485804034
-0.04676956194999815,-0.21072312318885833
-0.024995216775258955,-0.19136814970020127
-0.513327209366274,-0.49043028099576524
-0.6558564982813426,-0.4734018602132978
-0.2950733349866647,-0.1744816426443377
-0.2428985239108209,-0.38505997826514515
-0.3236371203330186,-0.1998716740633189
0.40360698883381235,0.3246223396265336
-0.4468877909950538,-0.43137302022134744
0.31888319202453314,0.11430154701072502
0.13094554841111933,0.22597773684666825
0.20016671197804856,0.28750766001727196
0.14150356651535406,0.21358671424634565
0.6525038483641916,0.6895851145827324
-0.623742267499682,-0.4666318048781307
-0.10999920535044477,-0.266927250655922
0.17059518225258893,-0.01751001723100315
-0.1989444228001894,-0.08903372070080406
0.40132148612215046,0.18758003065305154
-0.026140233649711277,0.06457000298850983
-0.08939204788376429,-0.248609777352206
-0.02273915762384903,0.08936910926002967
-0.1283425196237201,-0.28323241889883344
0.06770880674555232,0.16976729981060867
0.12952517587308504,0.08099406143922042
0.36968418729059593,0.2944687382547857
-0.0843712902854169,-0.24414688170923057
0.1905578535063798,0.2789664524868998
0.18716253811664585,0.2541724667808272
-0.7636031417782148,-0.5909525820146045
-0.4156092194801971,-0.5385805965490351
0.3254802409965263,0.39889746358925215
-0.6616305516948455,-0.6222554741767179
-0.12533393946085705,-0.28055812542073294
0.319679095412745,0.25001976769669587
0.20634389915524554,0.14927737102336308
-0.1495872615938914,-0.04516068851742808
-0.4269429393364469,-0.2699231411511684
-0.6494032715356952,-0.6113867807019177
-0.34365516978816346,-0.21766549580122552
0.07266855674350714,-0.1045559065724092
-0.16828217749924868,-0.04000246396254778
0.2687670769240622,0.2047646401512001
0.418298064809894,0.33768107382749507
0.015812264391104836,0.12363703993998867
-0.1100807419441657,-0.26699972762811836
0.5966092051322692,0.6181250596836037
0.3787679924921973,0.16753248075975982
-0.3588017863762512,-0.20935322740877224
0.010984816846805967,-0.024375146584138738
0.15700422312532375,0.10541988121898815
0.9564445854721264,0.9597546586786745
-0.33498192375973707,-0.4669118892419596
-0.031656337696248114,0.05966679939158818
0.3563755232930267,0.42635993674169703
-0.3880633017670627,-0.2353634633117158
0.12247655054574158,0.07472861670380399
-0.6041011499176907,-0.5711182281525802
-0.008161249402917459,0.08055132231899319
-0.14942654698865382,-0.04501783109055024
0.4709804343762163,0.5064550412337787
-0.36238534550833124,-0.2125386133039545
0.020179378828201283,-0.1512129536082366
-0.9004048082106519,-0.9695100087538838
0.6815928616748995,0.5717208932630555
-0.20405508092419603,-0.09357652792214328
0.2544870515017922,0.19207128422029346
0.11708759144185968,0.06993843083368675
0.02299062569042498,0.1082418779575198
0.05208563686382551,-0.1228518353543484
1.0113722944451842,0.8648581668366417
-0.03315649253340536,-0.06361186603321552
-0.0015887586090069794,0.08639353635802473
-0.04672344695204192,0.046273813386438115
-0.6591521391301236,-0.620052440785854
0.044158660815635076,0.1270579091799288
0.15776407188301422,0.10609530233693526
0.38515541029639866,0.45194205852247205
-0.5567373441682093,-0.3852959454460684
0.25678378911404776,0.05910207775696024
0.029773817773670386,0.1360473096133803
-0.6249627189607145,-0.4677166506212709
-0.5813899709541798,-0.42898531905990667
0.4063433404215659,0.44899984660742287
-0.13883653771196117,-0.01382856192940333
-0.4590696428251658,-0.44220133295922476
0.027103768062270578,-0.010047189948170197
0.24949679513293677,0.33135662282161704
-0.10052853599274233,-0.0015529324275177874
0.41233428324969507,0.19736918365531342
0.09190775214462216,-0.08745439954919584
-0.24571279738122656,-0.25255080367572325
0.2400361852820832,0.30117126426121604
0.47806579926752396,0.2557971978933835
0.15845585775484325,0.22865541757033606
-0.23205997475753745,-0.11846976688511344
-0.075185597014539,-0.10097107001644538
0.45167885598927704,0.3673528882091689
0.15271203836364666,0.10160460587527519
-0.14168551648751285,-0.1600821095479777
0.6224076508769026,0.5191118169981693
0.12679656247530358,0.2222897493481653
-0.10161238468443115,-0.2594722989527987
0.15753675209559578,-0.02911751070388598
0.21691618238960592,0.02366420511301189
-0.5782942989566228,-0.42623361061763376
0.2180648310961944,0.02468522618553503
-0.129706863392436,-0.1494344179079094
0.8329093413744677,0.5712136797662224
0.4818732511187732,0.5161375450049406
-0.14433394328458135,-0.018715144660621297
-0.14259609985920915,-0.29590226799704594
0.3781604977496135,0.3020032364405791
0.05952351249962455,0.1624914827031173
-0.257734422321795,-0.26323669251178405
-1.100316532941175,-1.0121985686178994
-0.41048616958641687,-0.25529490137336397
0.07544705013312919,0.17664573837734365
-0.03786500056521853,-0.2028079575134987
-0.2851735321395651,-0.16568181789136027
-0.4296109434310201,-0.2722947003463446
0.4036459809841103,0.18964624830812696
-0.18648105444771673,-0.07795517105416169
0.9784640873763202,0.7005956762123134
-0.24919251976128978,-0.13369869577733776
-0.19344864182096413,-0.3411045275186059
0.30665798030708386,0.23844544315833044
0.05235336284320993,0.15611801634185987
0.5093771410212236,0.5405854471404518
-0.02071655219859808,-0.05255414129116461
0.7689032147361399,0.7930512180244642
0.36004595507729237,0.4078466151902908
0.3639312046420307,0.28935497590050546
0.5991611928629103,0.6421694208038158
-0.26182265891338363,-0.14492548613475453
0.09115913336529285,0.04689091254340513
-0.20910239992715837,-0.22000822816099594
-0.6183745442645527,-0.44008456775392923
0.7459000284062908,0.6288828192465145
0.11951337205481949,-0.06291607074013157
0.10811012034470546,0.183903650983547
-0.9838558844815822,-0.7649568701690665
-0.19264990258207812,-0.20538378607648014
-0.023518319128887362,-0.1900553517923154
-0.4259948130798129,-0.26908036225638265
0.08599065036683123,0.1860178274739677
-0.29843119691823905,-0.29941160326417876
-0.22706705411786168,-0.3709875606714037
-0.5255963908722808,-0.37939102565377425
-0.3677199942094951,-0.21728052326054464
-0.36291469518778524,-0.21300914635235807
0.7948206107394742,0.8160889033607615
-0.6889235985261281,-0.6465159602489688
-0.05689168642500006,0.05901130588122874
0.4995812986336503,0.5318780316848312
-0.21816297256886358,-0.3630728215167387
0.08785202250684879,-0.09105949256054996
-0.5922953142210379,-0.5606241519777778
-0.020751772326917856,0.09113567396841295
0.6712993357966771,0.7062922145227196
-0.14411010059094775,-0.018516173377391396
0.22477821481565557,0.030652678380611587
-0.37414580866686925,-0.2229923583337661
-0.08114296180036756,0.015678689076815338
-0.11262796156204619,-0.13425317183645177
-0.2639732100859115,-0.12506115959513692
-0.27037393256025133,-0.1525266182653036
-0.12655292044549543,-0.14663091306618445
0.08967625511759664,0.16751799300389467
0.3465088730336245,0.1388577079076951
0.2507922535454186,0.1887870193701836
-0.14054705157668096,-0.015349018698043171
0.19269352061376344,0.13714370120871233
-0.4517555106462575,-0.5707106331410889
0.2620818927741248,0.3207674486985863
0.38847116721991226,0.17615752496217313
-0.2218733783206783,-0.2313602089552359
0.24225974305496026,0.1812025656008873
-0.05458833453225514,0.061058729785890914
0.2975533140703487,0.3522976009618965
-0.13749606742002876,-0.03441296036288352
-0.12983705483752378,-0.14955014363687633
-0.4619333868057329,-0.32280168870573167
-0.07967129716253205,-0.23996911004444405
0.05850600607191475,-0.11714484050271357
0.033412300321462016,0.1392815163225284
0.10133920734141616,0.17788506164728973
0.27576305786877353,0.35470441192013863
0.3116905115606841,0.10790805326508145
-0.1810170470267406,-0.3300542210348516
-0.021674122942904543,-0.18841606629366406
0.11373821232045705,-0.0680495460595648
-0.5536659915766912,-0.38256585425360773
0.5620629773458334,0.5874173016512161
0.06994894355404879,-0.10697334051859439
0.222468323624809,0.3073313148143924
0.06008036794620683,0.019265343281995338
0.09922194771554241,0.19777898067282207
0.23926400726724412,0.30048488380358124
-0.19619126014478225,-0.08658646500710884
0.3195343331965195,0.39361221221146836
-0.17366042869333748,-0.0447831316906267
0.07500716403563343,0.03253360647259675
-0.10278349232398726,0.0182185895265735
-0.02360475442669041,-0.055121432160579964
0.9372748886919398,0.9209390006255328
0.024461798362524073,-0.012395607459055978
0.1252159706411261,-0.057847094218970135
-0.09881929722963709,0.02174231849932919
-0.43227900967533467,-0.553398187833602
0.2797487197533377,0.33647129490233113
-0.05773866792820814,0.036482505852068185
-0.2784506345300371,-0.1379299813232486
-0.20990447394231254,-0.35573193384869334
0.49071051005731436,0.40204769182520206
0.2965394666034979,0.3513964032135846
-0.12477138167247753,-0.1450473230457241
0.12238216065456026,0.19658990903675116
0.01599886792785371,0.1238029097504321
0.18650024226315928,0.2753596869373704
-0.36948693158819534,-0.49758300731170035
-0.15949925447896063,-0.31092729432571387
0.15746500417066567,0.24955058641070943
0.04144973864958899,0.0027047839072239263
0.5885402492227199,0.35399670896466884
0.7527242106618668,0.7568939534876904
-0.006692465532074178,0.08185690798196503
0.7025095907239076,0.7340346633469247
-0.3096543957725495,-0.16566665798325966
0.03242321291322172,-0.14032954553266289
-0.005157368467743728,0.10499736628767883
0.36451592808369604,0.15486397906331428
0.4188610440422545,0.4601266942702572
-0.40601040156759777,-0.39503756295249765
0.5855469817817809,0.6082919722609472
0.7733178939123536,0.7751994497103454
-0.20475401889572634,-0.2161430005775008
-0.13755632070501608,-0.2914224643044298
-0.6453431474762148,-0.6077777815379349
0.22250475173047762,0.2855877677709
-0.35433811821034605,-0.4841173954202786
-0.6562521710969614,-0.6174746914230432
-0.19999233530471183,-0.08996519848260179
0.3297921455916346,0.12399839462592636
-0.16378210858166575,-0.0360024027024741
0.03371647551232079,-0.13917997877790822
0.4532574290631237,0.5124771863151166
0.6584953427158189,0.6731349597578701
-0.05770788480109402,-0.2204460768342769
-0.09149336583046352,0.0282542575208168
0.4362452267492708,0.3536341066624966
-0.38886844473161947,-0.23607914594687734
-0.3128444783472929,-0.16850228693858713
0.6329724432199871,0.3934919925177953
0.3199030221062842,0.3721640081049502
-0.5230606342415323,-0.37713701975977554
-0.6049293619924045,-0.4499092222049954
-0.1613670646414417,-0.3125875700256971
-0.6631564345257122,-0.7586225654783819
-0.11893301522331853,0.003863458060501257
0.2632660596444051,0.19987484701372715
0.30103274690062276,0.3771663577262268
-0.08939349935565163,0.00834487791656281
-0.012552942967228281,0.09842352228813704
0.1515178722068885,0.10054312484704571
-0.18333239688621863,-0.05338043675096553
0.02062039320416928,-0.1508209408295984
0.3630015872772623,0.4104738438124864
-0.23546080449868656,-0.12149272665502374
-0.41272823131927105,-0.5360197181837676
0.40847731760031825,0.4726726427926228
0.3291867711353371,0.40219215704597283
-0.2795709156491172,-0.16070171434429537
-0.7738050373152894,-0.7219661280615567
0.17310421524693725,0.11973098532708905
0.021876047969246776,-0.14970480326064062
-0.7433239930748583,-0.5729266720560653
-1.161143978825366,-1.2012781604114073
-0.5150118481135464,-0.3699825432015658
0.05731909639974672,0.016810879685141906
-0.856919746821399,-0.6521247478044593
0.38165725988062243,0.3051114694459203
0.6948193343495348,0.448467006855171
0.5704864184423348,0.6166807324299709
-0.5731184346280681,-0.3998569147437206
0.25222968679900143,0.3337858598581189
0.4229540320531039,0.20680896036945462
-0.5498183912502441,-0.40092169265640826
-0.34536542850981966,-0.3411309202344726
0.6070708235701157,0.6492002036546649
0.5426549734797498,0.570165742659142
-0.11575146375640494,-0.015084423772995681
-0.27218767028351654,-0.2760840240333144
-0.3692307778384908,-0.24039936962373862
-0.4526047636651237,-0.2927336516655478
-0.4809297615308595,-0.31791142754620183
0.15503606291335376,-0.031340345532545534
0.14225474677198177,0.2360303576118793
0.04462286820908097,0.005525343515661252
-0.32554715428946285,-0.17979355444273815
-0.2875338377188462,-0.1460039397133012
-0.25172614926002823,-0.1359508108873275
-0.5170413967209492,-0.628742531874148
-0.03734080546483598,-0.06733125530559828
-0.15159378159186537,-0.046944261848960486
0.576345970223773,0.6218892229023604
-0.5770307643638519,-0.42511046875739306
-0.2924354729145936,-0.17213687635805225
0.5640475523850755,0.33222542288676277
-0.08769224603423242,-0.112088091367284
0.5280145838760976,0.30019611754544895
-0.1127130332316644,-0.26933954210589506
-0.33595539688771997,-0.3327664476814951
-0.18932970478080874,-0.08048730468357682
0.08238549224710195,0.03909212043834658
-0.1793447795570941,-0.3285677610618325
-0.038973666912413996,-0.06878268770344537
0.560815856169244,0.6080846770761125
-0.5984043006354356,-0.4223332400836029
-0.2850266826982466,-0.28749647951307433
-0.11849013410531853,0.004257130165390126
0.08218762616860842,0.18263736151999185
-0.1118534465891704,-0.1335647140827844
-0.04963179836166304,-0.0782565823250001
-0.3313926754532439,-0.3287106952952942
0.5987113633078751,0.3630376992625846
0.9291211880942323,0.6567353212949021
-0.514854268425653,-0.36984247236788276
0.4575512919490359,0.49451802574295173
-0.6704768912919046,-0.5081736926934399
0.47656655273259896,0.38947528531434383
-0.13205607485690554,-0.007801483836020553
-0.08478893235908769,-0.24451811910804905
0.08213596865636497,0.18259144373133102
-0.37148715435931867,-0.22062911006038782
0.9288074096943237,0.65645640716165
-0.22498343368714968,-0.36913545362188194
0.6845391925515718,0.6962850485007616
-0.34030873729936456,-0.21469088914451534
0.20099178577665286,0.2664651313675001
-0.9190480427019418,-0.8510710217385812
-0.5323852366044729,-0.6423815006595027
-0.7014334169714546,-0.7926465498745974
-0.2618029513291502,-0.2668531627405442
-0.3080831849819056,-0.16427002616935396
0.36892951410336233,0.2937979176439114
0.08876787731572999,0.04476535161046039
-0.25153450038075825,-0.25772565078641807
0.7750643772777203,0.5197959339024468
0.2239697423791076,0.02993403621479122
0.008680650295293357,0.09552189982851395
0.02345236344422602,0.10865231151645406
0.702131258818505,0.7119224407380353
0.15939364362871536,-0.02746694045222411
0.16837081229384238,-0.019487234972111207
0.2311687210798782,0.293289073859256
-0.34390545271598066,-0.2178879695148407
-0.2726215222073776,-0.2764696701878575
0.07167655963339667,0.029573069226164057
-0.6472868949795495,-0.4657844350561484
-0.20928303485746372,-0.35517954355104986
0.1602959857232312,0.25206701445743435
0.26459995624198884,0.32300572733668764
0.009861089951800288,0.09657117952318675
-0.26177307275978623,-0.14488140955377904
-0.2833576121144561,-0.14229173917606547
-0.21619961965757914,-0.36132761892893034
-0.321583477348096,-0.4550021590982786
-0.17397074414769964,-0.32379084069792635
0.2553664042584466,0.33657405315540356
0.4356259504816437,0.47502883332749213
0.4980029171827531,0.552250953532565
0.19409549859371894,0.0033791528500013435
-0.04061289284994579,-0.07023977742569586
-0.050412629282580335,0.06477046778560186
-0.47999700208527674,-0.4608034300793233
-0.21551535041335335,-0.36071937960072964
-0.5714264914987668,-0.6770848383433192
-0.3427504582957772,-0.33880650226643494
0.10267677831265493,0.20084994120358882
-0.03246404300321551,0.05894883911872828
-0.27881228020428045,-0.41698331719266485
0.31427975731436214,0.11020960504612859
0.20630839206699814,0.1492458091671432
-0.1018020810502753,-0.002684972478658207
0.23746779500850337,0.3206641782665651
-0.4266445530084436,-0.5483897819074764
-0.23024473860293207,-0.09508029605471077
-0.27978784279356467,-0.16089453847269317
-0.0017425082851678653,0.10803279756107959
0.493102189213427,0.5261188233112994
-0.4059339109878841,-0.25124844928577933
0.36303769706202843,0.4105059413989451
0.6487253087235266,0.542505290639613
-0.14232507455515042,-0.29566135661566034
-0.05515789318794931,0.06055245542527388
-0.6562775330050643,-0.4955520408829151
-0.45320968244357573,-0.3150472848282586
-0.4916368353848019,-0.327428826527484
-0.4746373069701578,-0.4560392566436621
-0.6279587968224429,-0.4486039033609427
-0.2607006622207789,-0.2658733501997698
-0.2751441642000001,-0.13499089658543797
-0.6249324791048134,-0.4459138431674943
0.22324370216808417,0.1642994181458863
-0.5217180925367958,-0.3759436493555653
0.15649131480094822,0.10496396270843213
-0.45270292018887204,-0.31459682949074413
0.19958554404456536,0.00825919325075367
-0.1270407595130748,-0.025119353334479986
0.1576509838174782,0.10599477961201433
0.1133308640724815,0.1885443120749034
-0.5012701141487457,-0.479712863024629
0.4935602980788121,0.5483019587735062
0.10694671665780364,0.060924319914525814
-0.08720572648581162,-0.2466663805540258
-0.3043898820958412,-0.18276301785249452
-0.26466277178373443,-0.1256741033265351
-0.6195550658273278,-0.4629098478360382
-0.361760497060103,-0.49071506550895155
-0.1698775614580894,-0.04142058303707288
0.3100289816190732,0.2414418887689877
0.06520141435534893,-0.11119336647299427
0.599666107906166,0.4988971121352924
-0.6610131206176387,-0.7567173975600945
-0.39666252376037464,-0.24300721619465968
-0.12916827283458474,-0.027010476286933247
0.045620644149584055,-0.1285984955447853
-0.6712731468155094,-0.7658374208470904
0.1689690351748317,0.25977639174774586
-0.253971204256264,-0.39490236079442803
-0.23220045038538512,-0.11859463410986693
-0.4864163585418017,-0.3445643302489039
0.14068470448993545,0.23463476447228254
0.2106480649544166,0.29682441821848804
0.011999446993463114,-0.023473253120443547
0.6694603422616917,0.7046575536027325
-0.32101473295583033,-0.17576473547950927
0.5655127786612134,0.4685385972508901
-0.3866302163876958,-0.3778107316814736
-0.7697383943309078,-0.5964061398392205
0.36841808340422977,0.437064434618322
-0.1885981293698951,-0.07983701542943135
0.4365505732903483,0.47585072026856273
0.09197076196976456,0.1695575546502661
-0.0897674285684911,0.02978842397590335
-0.06486781464066504,-0.0917997079063352
-0.027463206875097346,-0.19356191867783543
0.4837441367839744,0.5395764820669838
0.08206283646496448,0.1607505097571105
-0.10668582814311758,-0.0070260810056291196
-0.6267612236712741,-0.4693153214751016
0.3490640657156976,0.3980849357577621
-1.0613967396269968,-0.8338820747427683
-0.09626862922381019,-0.25472229409891345
-0.38508338011037946,-0.3764357661016368
0.4975494127823186,0.5518478385099566
0.4973206167031696,0.5516444642173797
0.05703486191751831,0.13850342127049167
0.004997154201188431,-0.02969751338024324
0.06788651505567209,0.026204140712631125
-0.09154008643432221,-0.25051914495270194
0.022445621012071343,0.12953335693640333
0.16299713412944716,0.11074691322265341
-0.19437339127092657,-0.06319465398181702
-0.30814697976814187,-0.3080478546863146
0.06875437984462021,0.17069669812089122
0.212598502040725,0.2767822124911199
0.20054742463086134,0.14412494922391045
0.11286668751765941,0.20990763827470385
0.008188398719609108,-0.16187160259365188
-0.6302486450279723,-0.7293711970359466
0.07449233910321443,0.17579710635075277
-0.2453111048951787,-0.1084726216478189
0.9748440661145588,0.9761097525830588
-0.052153992222086915,0.04144666203528703
-0.32504749243048303,-0.17934941056808948
-0.059707310696915705,0.034732601168772574
-0.09702542044686047,-0.12038424640073114
0.09346015989628403,-0.08607448154771864
0.014188171665500182,0.1221934019616734
-0.10422360564444055,0.016938488797281683
-0.6495534236403537,-0.4677991271990856
-0.8133970713157954,-0.7571590471731177
-0.25033535677460395,-0.39167049636628576
-0.5689811648313037,-0.5399004636313472
0.4487260636700402,0.5084493059657089
-0.0732873318093657,0.02266147129103923
0.3374703149645413,0.4095553071163766
-0.7303891569236998,-0.5614290399217022
0.5076968431559291,0.41714665457952627
0.4721390593142528,0.250528984601587
0.08480377382727208,0.16318689852360613
0.21859386931391422,0.2821114278450658
-0.1335137430099763,-0.15281831090127854
0.20325498726652086,0.011520920559158506
0.2618884697508034,0.19865032266385893
-0.508627512119385,-0.486252772331864
-0.3803852907153519,-0.5072704376469505
-0.002011329673424267,0.08601791763409825
0.6106512552183676,0.6523828095642223
0.7792669837137989,0.7804875295338521
0.3059452348195053,0.35975708607225787
0.3715428113623777,0.2961208485408139
-0.5598098683281257,-0.3880270780326607
0.6500659706268066,0.6656421845676369
0.4472124788154932,0.36338277516580547
-0.4034274182851372,-0.527752328820093
0.026652382322106254,0.1114967727412365
-0.286919228299341,-0.14545762022929654
0.13678925338058273,0.20939621368210448
-0.32363508038533406,-0.19986986077648827
-0.29800254979257446,-0.4340413346044818
0.2719446189688816,0.2075891219688174
-0.47966677128398755,-0.5955206425968489
0.387157767307726,0.43194600383956516
0.6347744741170489,0.6738256708074944
0.19304783700339356,0.0024478981030454034
-0.39949356603211594,-0.24552369821398537
-0.2600461703617221,-0.12157045761807973
0.2240538951616834,0.3087407117360585
-0.5176802679449003,-0.37235447194054716
0.15549695077753553,0.10408008357650973
-0.2534466162654698,-0.11570418731029991
-0.32854874049043903,-0.3261827531061343
0.06702722804295835,-0.109570420972897
0.6724905171315925,0.5636299203356715
-0.5036355552614236,-0.6168262283545698
0.26271037340688896,0.19938090369149053
0.29057046603383013,0.2241454304709938
-0.4758625497282099,-0.45712836131748624
0.6848748841640074,0.574638246586707
-0.39681085527221044,-0.5218709394752693
0.4497620592853061,0.5093701909570565
0.016071824180142275,-0.15486411329540015
-0.36880224619884866,-0.24001845261072344
-0.49618660659234887,-0.47519418964116533
-0.1297401060229724,-0.28447471792039103
0.18677350285256783,-0.003129287808799742
0.46353754382758794,0.5216150661057515
-0.28678939002050774,-0.16711813600775371
0.0917080716237797,-0.08763189334550023
0.3255189906358971,0.2552107856728312
-0.9464856369206724,-0.7535147999190114
0.4428442830749647,0.3594999345075579
-0.5621015743996445,-0.533785272136539
-0.21773886504455275,-0.08396396400281808
-0.5376233366239883,-0.5120268385581781
0.012951131490124557,-0.022627311345633325
0.0680780349241292,-0.10863637041185625
0.5891000809263498,0.6114502826116753
-0.45737214335141635,-0.5757031955456744
-0.36049799258362536,-0.3545820883000777
-0.29895469958053494,-0.4348876899715577
-0.038809080332476514,-0.20364713952883912
0.0762357528161483,0.15557087984705165
0.210299535445377,0.15279349217014662
0.895693370161003,0.9057535784021203
0.11968595265057536,0.19419327969987574
0.22949324089008172,0.1698545636765508
-0.0016042724259805463,-0.03556544815994897
-0.048752459015129784,-0.07747494735030387
0.1310479605608713,0.22606876986866997
0.2253782073672623,0.288141950559153
0.04692972561805045,0.15129700547505143
-0.2909705177520992,-0.2927798884498322
-0.6721185492705644,-0.5096329442300261
-0.622881302707659,-0.465866502840777
0.15652218308702393,-0.030019349822616496
-0.19834235124088026,-0.06672261839955364
1.1932088477504426,1.026490658663538
-0.16019097075367206,-0.3115421532365685
-0.657319254545944,-0.4964780155859192
-0.39076750188277964,-0.25954312432977317
-0.11273414914100119,-0.26935831180308323
0.36789533934997365,0.4148238456548964
0.7185812070924096,0.7265446169815061
0.22167845100738814,0.3066292058211294
-0.27858373056521296,-0.15982421649193607
-0.11441158389920988,-0.013893419455488918
-0.30165744124584243,-0.15855825395952
-0.9626656949669541,-0.7461211461560637
-0.524164491362889,-0.37811822608987034
-0.30849426297527277,-0.30835655087043096
0.30802815682424817,0.10465262683269394
0.5392275089470944,0.3101631620530017
-0.1326035859893138,-0.008288160398161222
-0.5519408447212968,-0.5247535124224524
-0.036723711614548175,-0.06678272743867576
0.11906677460900228,0.21541882680034194
-0.4058396786783454,-0.251164687232856
-0.15816358350147666,-0.052784085768614965
0.09406104661796977,0.17141558544867072
-0.13101159004564034,-0.028648980474538233
0.20215127432202704,0.14555059339383553
-0.4056576113907179,-0.5297347226917203
-0.12315830958583016,-0.02166828673248476
0.5395748941080762,0.5892038219106299
0.207242517437897,0.27202133728860606
0.8844470613476506,0.6170249864090517
0.35132673878037335,0.40009620070414065
0.2015012667477869,0.2669180033418415
-0.17811296796233972,-0.048740944374184275
0.19254831617895501,0.13701463059999375
0.0879205632996701,0.1659573780546266
-0.6833636060895285,-0.7765844957573297
0.07204144655841438,0.17361853519981935
0.3870289708569362,0.4318315181055298
0.12204182831486932,0.21806331898333486
0.12941815816234195,0.22462005662553278
0.27394963887120705,0.20937136188199557
0.31192572429384857,0.1081171312501165
-0.5176730010897481,-0.4942932069721867
0.277845498290641,0.35655547007290966
0.05610480410104077,-0.11927924225460153
-0.04989256286429953,0.043456821464431375
0.30979033230399555,0.24122975604447422
0.3773238632492168,0.44498068336942154
0.1261577609829655,-0.05700994724844624
-0.08447247100547192,-0.24423682012705722
-0.36022540115954205,-0.21061866277169744
-0.690763859787496,-0.52620655357841
-0.062075468886688405,-0.2243283737992497
0.09932412904759286,-0.080862064524333
0.09003939120868076,0.18961670822227839
0.6326244725658018,0.39318268526963035
-0.1755215829320299,-0.32516936406177543
-0.2947876895459237,-0.15245180800403674
0.10341704858191891,0.2015079592207123
-0.23329230357363337,-0.09778924269533418
0.4566918090684305,0.3718088465017497
0.04741007283128229,0.00800285873539577
-0.046678144915703296,-0.21064186360281847
-0.2455890511360126,-0.13049561255486913
-0.7572451256432365,-0.8422569575828479
0.10855055085029974,0.1842951447662974
-0.30123864767044783,-0.1581859930036137
-0.5187816329278518,-0.6302894085025061
0.380563991157864,0.16912892401813023
-0.04357080357990604,-0.07286903140788276
0.06658307144985084,0.14699071863256502
0.007188376872692359,-0.16276051090202232
-0.7824869469392971,-0.7296833810606747
0.3803970419415732,0.303991275722321
-0.4610484641664883,-0.44396028526262254
0.43375567234851664,0.3514211694173819
0.12410445994821712,-0.05883510372377811
-0.5893129402042963,-0.414252030811479
-0.09169354621198819,-0.25065555364396064
0.07889675159608034,0.1797121396777447
-0.28262306332120546,-0.1416388069153983
-0.19233150253670422,-0.061379641773619355
-0.4483211839112922,-0.3107019527995621
0.1044747491388548,0.18067220991167968
0.6261589723577617,0.5224463249811553
0.10355552309016408,0.17985512009062124
-0.44087983932334485,-0.30408742427694224
-0.9671967962848278,-1.0288806648198179
0.3606323147732494,0.4301437513907838
-0.40561577302950197,-0.5296975330373063
0.5791065892171167,0.3456112334041325
0.6455146364440274,0.4046406087169422
-0.11455931379659215,-0.014024734919828733
-0.35365634836257764,-0.20477950472995132
-0.3069685391252973,-0.16327922985236876
-0.3410551382499623,-0.1935784290742932
-0.031964029959568235,-0.1975626503084762
-0.4933085043611452,-0.6076466275543224
-0.1368551452673055,-0.2907991972486871
0.548178984762159,0.4531307804517307
0.07057716690860155,0.028595831248568446
0.6584694635199427,0.6731119560282023
0.707038826696783,0.7380606508783694
-0.12005477197944023,-0.14085478109635763
0.05623194768174594,0.01584452526914124
0.42859819726659,0.2118259961147756
-0.2731858937497547,-0.411982084788642
-0.021708612692868834,-0.18844672384918784
