symbol,dWT_kons,iv_kons,basis,atac,im_modul,ri
A1BG,0.4666666666666665,0.3333333333333332,-0.450470207213248,0.198427847819592,False,
A4GALT,0.5,-0.125,-0.574564129555423,0.0888556308240235,False,
AAAS,-0.375,0.375,0.322727972130829,0.1484482276510053,False,
AACS,-0.25,0.125,0.3627850532829405,-0.4016118829454473,False,
AADAT,0.25,-0.25,-0.3382261317148535,0.0561348997846948,False,
AAGAB,-0.25,0.125,0.2247085504657395,0.2101633760677548,False,
AAK1,-0.125,0.125,0.2313467722457758,-0.0612826035763851,False,
AAMDC,0.125,0.5,-0.1513299394381771,0.0980431277061284,False,
AAMP,-0.375,0.0,0.2915881947757515,-0.337421114973933,False,
AAR2,0.625,-0.5,-0.2817593985461655,-0.5183606191525494,False,
AARS2,-0.5555555555555556,-0.1111111111111111,0.5861392172425285,-0.3697385999414797,False,
AASDH,-0.125,0.125,-0.255789225008489,-0.0514880742562313,False,
AASDHPPT,0.375,-0.125,-0.490199721002777,-1.398386083198945,False,
AASS,-0.25,-0.25,-0.003106501443975,-0.105827395887851,False,
AATF,-0.1764705882352941,-0.2941176470588236,0.162882522715423,0.0480341781852251,False,
AATK,-0.0666666666666666,-0.1999999999999999,0.845423734933416,0.2681048021003565,False,
ABAT,0.5,-0.25,-0.5893478124954595,0.2816779957603423,False,
ABCA1,0.375,0.125,-0.2891771349818219,-0.1452270507145399,False,
ABCA10,0.8666666666666667,0.1999999999999999,-0.854549921182605,-0.4252615290635937,False,
ABCA12,-0.3333333333333332,0.4666666666666665,0.20576561104584,-0.4317540853005019,False,
ABCA13,0.1999999999999999,-0.0666666666666666,-0.662066493784586,-0.8329674118148014,False,
ABCA2,0.25,0.125,-0.100611920592368,0.3550917553663792,False,
ABCA3,-0.125,0.125,0.3937261841894269,0.9475681460905012,False,
ABCA4,0.6000000000000001,-0.7333333333333334,-0.733223622289906,-0.4575705688848148,False,
ABCA5,0.375,0.125,-0.465697616449468,0.2993144953039204,False,
ABCA6,0.8666666666666667,0.6000000000000001,-0.821243397314468,0.3710027478142848,True,1.0
ABCA7,0.125,0.0,-0.250022460241089,0.1757192754974665,False,
ABCA9,0.4666666666666665,0.3333333333333332,-0.766258702267473,-0.7881498813766243,False,
ABCB10,-0.1111111111111111,0.2222222222222223,0.138555009716111,0.1681737185972962,False,
ABCB7,0.0,0.125,0.227364877389023,-0.4286090185715723,False,
ABCB8,-0.375,0.25,0.6552819259658209,-0.3784282494716415,False,
ABCB9,-0.75,0.375,0.627496290987015,-0.0985720894510349,False,
ABCC1,-0.25,-0.375,-0.2292066078494194,0.0002774769782756,False,
ABCC10,-0.25,0.25,0.1201295885262323,-0.1480133035924917,False,
ABCC2,0.25,-0.125,-0.212133362428105,-0.8660577945118164,False,
ABCC3,0.75,-0.125,-0.459739373577968,-0.2941534202077114,False,
ABCC4,0.125,0.25,-0.0990336586789374,0.4491509997752883,False,
ABCC5,0.25,0.0,-0.3202550537214065,-0.0853271792308723,False,
ABCC6,0.1999999999999999,0.4666666666666665,-0.520541870325568,0.5760832938543266,False,
ABCC9,0.0,0.125,-0.1419422513086005,-1.5177198532412897,False,
ABCD1,-0.125,0.125,-0.1632854422671535,-0.4946009719450533,False,
ABCD3,-0.25,-0.125,-0.0528160148229451,-0.2408300039929685,False,
ABCD4,0.0,0.25,-0.281795829432018,-0.8536385760632944,False,
ABCF1,-0.3333333333333332,0.0666666666666666,0.391126337672805,0.2078354859849036,False,
ABCF3,-0.125,0.375,0.0295332538065717,-0.0666814031732911,False,
ABCG2,-0.875,0.5,0.3884720464239,0.1240065641862109,True,-1.0
ABCG4,0.0666666666666666,-0.0666666666666666,0.033790487949541,1.0288576851709288,False,
ABHD10,-0.6666666666666667,0.1111111111111111,0.6653892377657284,-0.0825447023092613,False,
ABHD11,-0.375,-0.5,0.4217142886110555,0.0397486031061584,False,
ABHD12,-0.375,0.375,0.5542035965444194,0.0313439289150663,False,
ABHD14A,0.5,0.375,-0.582782614587034,0.8128273656751253,False,
ABHD15,-0.1111111111111111,0.3333333333333332,-0.1540757988101866,1.00864801552037,False,
ABHD17A,-0.125,0.625,0.6156635841779174,0.4468117326973375,False,
ABHD17B,-0.375,0.375,0.6702040301849125,-0.3496799227089311,False,
ABHD17C,-0.25,0.125,0.384721667239673,0.3655874771012508,False,
ABHD2,0.0,0.125,0.1188379651456075,-0.2350489740438655,False,
ABHD3,0.375,-0.25,-0.6364293920000235,0.2331710363462162,False,
ABHD4,0.375,0.125,-0.4365684242169559,-0.2024387054855452,False,
ABHD5,-0.125,-0.125,-0.018655330137866,0.8431316382461739,False,
ABHD6,0.25,0.0,-0.4859403980162305,-0.0209661096084259,False,
ABHD8,-0.3333333333333332,0.5555555555555556,-0.0552889349127467,0.2453340945928368,False,
ABI1,0.125,0.125,-0.0873710678186645,-0.0890459656867044,False,
ABI2,-0.25,0.125,0.3862058506492239,-0.1952775295821038,False,
ABI3BP,-0.125,-0.25,0.207375635135239,-0.8585075361903893,False,
ABL1,-0.375,0.0,0.2519366105612075,0.2052487272882599,False,
ABL2,0.0,-0.5,0.0195744146889483,-0.758564409458323,False,
ABLIM1,-0.25,0.5,-0.0542338707311354,-0.55606710924536,False,
ABLIM3,0.625,-0.125,-0.6332121618992534,-0.1721654883400656,False,
ABR,-0.25,-0.125,0.1040189367608805,-0.1403411712596862,False,
ABRACL,-0.4444444444444444,-0.1111111111111111,0.4762278444004775,0.461330355138942,False,
ABT1,-0.2222222222222223,0.1111111111111111,0.259971143077283,-0.4605810306418125,False,
ABTB1,0.375,0.0,-0.2076538940521555,0.7204177925192514,False,
ABTB2,0.1111111111111111,-0.4444444444444444,-0.2069055679244495,0.0163958931776493,False,
ACAA1,0.25,0.125,0.0304578034950518,-0.1994914608488112,False,
ACAA2,0.0,0.125,0.2601466724010685,0.1006405803219241,False,
ACACA,-0.1111111111111111,0.1111111111111111,0.1235889283338819,0.0751201327748916,False,
ACACB,0.625,0.25,-0.8911723622779304,-0.0505081828764621,False,
ACAD11,0.25,-0.125,-0.4613586721984835,-0.5668758201795385,False,
ACAD8,0.0,-0.125,-0.1793795051757959,0.1074676108429093,False,
ACAD9,-0.25,-0.125,0.3366981776584705,-0.0586457923797212,False,
ACADL,0.75,0.125,-0.4414617285681915,0.567298742258446,False,
ACADM,0.0,0.0,-0.4524736000395695,0.0283775351624995,False,
ACADS,0.6666666666666667,0.0,-0.627679890515534,0.7259836643589408,False,
ACADVL,-0.25,-0.125,0.0812132795259826,-0.129228854944688,False,
ACAP1,0.375,-0.125,-0.323065369708824,-0.0481517911115425,False,
ACAP2,0.125,0.125,-0.2482098368501055,0.2681032575576783,False,
ACAP3,-0.375,0.375,0.0638202022657932,0.3822080338099494,False,
ACAT1,-0.5,-0.125,0.3953567687424469,0.0953746804195008,False,
ACAT2,-0.5555555555555556,0.0,0.452458171207708,0.1609451868248472,False,
ACBD3,-0.1111111111111111,0.0,-0.193297620207579,0.1980174397648184,False,
ACBD4,-0.125,0.375,-0.4182707934936625,-0.3098996667323903,False,
ACBD5,0.375,-0.125,-0.475968620135205,-0.1654926893431394,False,
ACBD6,-0.1111111111111111,0.3333333333333332,0.0662112220382725,0.0450073235468324,False,
ACBD7,-0.3333333333333332,0.1111111111111111,-0.0259195273084124,0.2875066951873182,False,
ACCS,0.25,0.0,-0.220195833135729,0.2843718575231051,False,
ACD,-0.25,-0.25,0.716366697764576,0.5758330074380136,False,
ACE,0.0,0.25,0.386522891855652,-0.7985742130643205,False,
ACER2,-0.0588235294117647,-0.1764705882352941,0.110446033331733,0.4359651932495263,False,
ACER3,0.0,-0.125,-0.0828032596233271,0.6959291512855366,False,
ACIN1,0.0,0.0,0.0321014059544275,-0.1672149899157613,False,
ACKR3,0.625,-0.125,-0.9739669382546908,-0.0116784867149357,False,
ACLY,-0.125,0.125,0.2600687254407815,-0.1115831783078804,False,
ACO1,-0.25,-0.125,0.0776484719666505,0.3895602021168414,False,
ACO2,-0.125,0.125,0.1176343439570365,-0.231637179245189,False,
ACOT11,-0.1999999999999999,0.4666666666666665,0.174611235263555,0.4072135887083725,False,
ACOT13,-0.125,0.125,-0.3412532841234095,-1.4206111613069952,False,
ACOT2,0.625,0.125,-0.4705584116119805,0.0688464289276553,False,
ACOT4,0.125,0.25,-0.3334206434738655,0.9794941478747532,False,
ACOT7,-0.375,-0.125,0.5891980692627901,0.2014594955873154,False,
ACOT8,-0.25,0.375,0.3239153922512065,-0.3858200130091984,False,
ACOT9,0.375,-0.625,0.1105394705628876,0.1367351301882462,False,
ACOX2,-0.5,0.5,0.2553355784028355,-0.1053292476431737,False,
ACOX3,0.0,0.0,-0.4075706445095864,-0.0051157782484176,False,
ACP2,0.375,-0.125,-0.123444216361846,-0.2242987949291383,False,
ACP5,-0.3333333333333332,-0.0666666666666666,0.0977023920025231,-1.1992409779245086,False,
ACP6,-0.375,0.25,0.4138905340039415,-0.3461603988514472,False,
ACSF2,-0.25,0.25,0.0765262621243336,-0.8439406634181497,False,
ACSF3,0.25,0.125,-0.1542302781890225,1.0351129861761,False,
ACSL1,0.875,0.125,-0.8973935624365981,0.6461870491368544,True,1.0
ACSL3,0.125,0.0,-0.3138251698436585,-0.3124279146056183,False,
ACSL4,-0.25,0.0,0.19836388974541,0.5879645153840074,False,
ACSL5,0.625,-0.5,-0.0640280915374201,-0.3476223061156864,False,
ACSS1,0.375,0.0,-0.733978983688522,0.6934179644193113,False,
ACSS2,0.125,-0.125,-0.2167048498265655,0.0632484039485024,False,
ACSS3,0.1111111111111111,0.3333333333333332,-0.5082418572059745,-0.4515093935024272,False,
ACTA2,0.5,0.25,-0.613602230504555,-0.4572616429523282,False,
ACTB,-0.125,0.0,0.486501479854354,-0.0074661688010375,False,
ACTBL2,-0.0666666666666666,-0.3333333333333332,-0.0808222879437249,0.3038450224794752,False,
ACTC1,0.25,0.25,-0.1507913447102254,0.9571706114396088,False,
ACTG1,-0.25,-0.125,0.730819253630547,0.6772514492053205,False,
ACTL6A,-0.625,-0.125,0.3070741311960845,0.0372524387506212,False,
ACTN1,0.0,-0.125,0.1053214060215962,0.0170374263817718,False,
ACTN4,-0.6666666666666667,-0.6666666666666667,0.3434610763919975,0.101391568118192,False,
ACTR10,0.0,0.25,0.203921313771402,-0.0918270341203122,False,
ACTR1A,-0.75,0.25,0.643614377867302,-0.1114519040512256,False,
ACTR1B,0.2222222222222223,-0.2222222222222223,-0.1989214220730719,0.078616963480254,False,
ACTR2,-0.375,-0.125,0.3956351527318035,-0.1387105639511885,False,
ACTR3,-0.375,-0.5,0.361300792930955,-0.0022205326972528,False,
ACTR3B,0.0,-0.5,0.0638624241830166,0.0899132549089807,False,
ACTR5,-0.25,-0.125,0.330422652945634,-0.0169485451501008,False,
ACTR6,0.125,-0.25,-0.5102674606970226,0.0492127044347237,False,
ACTR8,-0.5,-0.125,0.004631666223045,0.157088711252491,False,
ACTRT3,0.5555555555555556,0.0,-0.262659715748034,0.6260369484146728,False,
ACVR1,0.375,0.375,-0.5231817481144425,-0.193609243974687,False,
ACVR1B,0.375,-0.25,-0.3306518658220805,0.3304154601584046,False,
ACVR1C,-0.375,0.0,0.241185073062318,0.2762800034556811,False,
ACVR2A,0.375,0.0,-0.4266189902704514,0.0996886585677252,False,
ACVR2B,0.125,0.0,-0.0509394643215792,0.6383413058137568,False,
ACVRL1,0.7333333333333334,-0.1999999999999999,-0.499053165470173,0.407878084153508,False,
ACY1,-0.1999999999999999,0.0666666666666666,0.0984115861220022,0.4763096756584577,False,
ACYP2,0.125,0.125,-0.4987155558449795,-0.5665075702259377,False,
ADA,-0.25,0.375,-0.216853727335857,0.454508919244374,False,
ADAM10,-0.125,-0.125,-0.0679233128423193,0.2208137510737788,False,
ADAM11,-0.7333333333333334,0.1999999999999999,0.637532306607381,-0.0181937357843162,False,
ADAM12,-0.5,0.125,0.5542496068527261,-0.0173964574086591,False,
ADAM15,-0.25,-0.125,0.447716095897578,0.2109231028012717,False,
ADAM17,0.375,-0.25,-0.401117545665312,0.0432642493658419,False,
ADAM19,-0.25,0.125,0.667683373496147,-0.2886758043122894,False,
ADAM32,0.5,-0.125,-0.6776020572054355,-0.6084309085484267,False,
ADAM8,0.1999999999999999,-0.3333333333333332,-0.122939986414229,1.3636026554652614,False,
ADAM9,0.125,-0.5,-0.1548529705681612,-0.8281887042964646,False,
ADAMTS1,-0.375,-0.375,0.605622524650602,-0.1209490419162309,False,
ADAMTS10,0.8666666666666667,0.0666666666666666,-0.713917194335899,-0.1133257193893562,True,1.0
ADAMTS12,-0.625,-0.125,0.6328760146905855,-0.7428842419379416,False,
ADAMTS14,-0.25,-0.125,0.3516719551782075,-0.2662154044855733,False,
ADAMTS15,-0.2941176470588236,0.2941176470588236,-0.0929727295539574,0.2729782658153032,False,
ADAMTS2,0.125,0.125,-0.47313013890911,0.5435668483590539,False,
ADAMTS3,-0.4666666666666665,-0.3333333333333332,0.410029911799238,-0.6650902193535773,False,
ADAMTS5,0.1111111111111111,-0.2222222222222223,-0.0813045518892316,-0.0705691136434247,False,
ADAMTS6,-0.125,-0.5,0.292186023765233,-0.5557407277814947,False,
ADAMTS7,0.375,0.0,-0.674886787405972,0.3643148505862208,False,
ADAMTS9,0.3333333333333332,0.1999999999999999,-0.266217846237075,-0.2002650879563106,False,
ADAMTSL1,-0.7333333333333334,-0.1999999999999999,0.689726571987119,-0.6833599299926778,True,-1.0
ADAMTSL4,0.75,0.0,-0.4081560883863565,0.3829569568511215,False,
ADAMTSL5,0.6000000000000001,-0.7333333333333334,-0.336557299533058,0.753195971169915,False,
ADAP1,0.1999999999999999,-0.0666666666666666,-0.504321856637959,0.2466875868547151,False,
ADAR,0.0,-0.125,-0.238145322866877,-0.3236275984014738,False,
ADARB1,0.625,-0.375,-0.9337169991278396,0.1499833127409373,False,
ADAT1,0.25,-0.25,-0.3158900643696815,-0.2338039204620075,False,
ADAT2,-0.375,-0.125,-0.0005387847301214,0.0634155782909497,False,
ADCK1,0.125,0.125,-0.1457882107083435,0.0690917622689175,False,
ADCK2,0.25,0.0,-0.1843371274894605,0.0199489024630996,False,
ADCK5,0.0,-0.125,0.0144277925376881,0.1691861419837452,False,
ADCY1,-0.6000000000000001,0.3333333333333332,0.613117236335284,-0.2530804208984931,False,
ADCY3,0.125,-0.125,-0.044431207041521,0.0535725062500751,False,
ADCY4,-0.411764705882353,-0.2941176470588236,0.453590690906501,-0.1002332956326399,False,
ADCY6,0.125,0.25,-0.351111141542338,-0.1178468670368828,False,
ADCY7,0.0,-0.25,0.0098389520364294,0.2217375263768004,False,
ADCY9,0.0,0.0,-0.1798338537172085,-0.3765290106405672,False,
ADD1,0.125,0.125,-0.0153192667613839,0.397959200790523,False,
ADD3,0.25,0.375,-0.4069011429462905,-0.1738240071565182,False,
ADH5,-0.125,0.0,-0.1842130340437819,0.370172852469123,False,
ADI1,0.125,0.5,-0.492283289053704,0.0648855516972846,False,
ADIPOR1,0.375,0.0,-0.5737212115428495,0.246705925879616,False,
ADIPOR2,-0.2222222222222223,-0.3333333333333332,-0.1234586413212876,-0.2191956559476362,False,
ADIRF,-0.6000000000000001,0.1999999999999999,0.329164394071578,-0.4964597924283942,False,
ADK,-0.25,-0.125,0.1881944768576815,0.1024568260888831,False,
ADM,0.125,0.25,-0.110384866824676,0.1336771074765088,False,
ADM2,0.411764705882353,-0.6470588235294117,-0.291100752945376,0.6614138355462795,False,
ADNP,-0.25,-0.5,-0.0129773659060098,0.143101820279476,False,
ADNP2,-0.2222222222222223,-0.3333333333333332,0.2334501068018,-0.0904271222715233,False,
ADO,0.3333333333333332,-0.1111111111111111,-0.411854127507034,0.4553524418324337,False,
ADORA1,-0.6000000000000001,0.4666666666666665,0.498602216484333,0.2710949845933774,False,
ADORA2B,-0.5555555555555556,-0.2222222222222223,0.7017302055766955,0.6125276977081537,False,
ADPGK,0.25,-0.125,0.030121340837907,-0.1865409995200808,False,
ADPRH,0.375,-0.125,-0.5294379361419875,0.1825520945028713,False,
ADPRHL1,0.8666666666666667,-0.4666666666666665,-0.694698003804399,0.0416745494454176,True,1.0
ADPRM,0.125,0.125,-0.4331633975911595,0.0663440276904947,False,
ADRA1B,0.625,-0.125,-1.0497049912164944,0.5828464663861412,False,
ADRA2A,0.3333333333333332,0.1999999999999999,-0.235702260395516,0.3705988557659533,False,
ADRA2C,0.375,0.0,-0.3152982589646155,0.3123744585332673,False,
ADRB2,0.0,-0.2222222222222223,0.0736200614641658,0.185487556675814,False,
ADRM1,-0.25,-0.125,0.7019737192065445,0.2347835965202405,False,
ADSL,-0.6000000000000001,0.0666666666666666,0.57295590008448,-0.0419375987385075,False,
ADTRP,-0.6000000000000001,0.1999999999999999,0.619594795855023,-0.5065869307417983,False,
AEBP1,0.0666666666666666,-0.0666666666666666,-0.20360385925121,-0.2765319802908805,False,
AEBP2,-0.125,-0.125,0.0431927787745647,0.5975220018750393,False,
AEN,-0.5,-0.375,0.456541725172397,-0.1286234841110527,False,
AFAP1,-0.5,-0.375,0.5341264232249026,-0.2853987565049327,False,
AFAP1L1,0.5,-0.25,-0.4358311885264224,-0.0384926343564542,False,
AFAP1L2,-0.4666666666666665,0.3333333333333332,0.572848154686983,-0.6810124079064188,False,
AFF1,0.5,0.25,-0.3707646428120805,0.1159528953234443,False,
AFF3,-0.375,-0.125,0.1835650819099159,0.0915883205054357,False,
AFF4,0.375,-0.125,-0.0611749437471594,0.1648525337264068,False,
AFG3L2,-0.375,0.125,0.3981715172885859,0.1237240870800597,False,
AFMID,-0.125,0.125,0.127176907804036,0.2557876055084365,False,
AFP,-0.75,0.75,0.7823475206924525,-1.2866053045978796,False,
AFTPH,0.125,-0.375,-0.426373868645905,-0.3720631531441293,False,
AGA,0.1111111111111111,0.1111111111111111,-0.1111562291551184,0.3969348260525853,False,
AGAP1,0.0,0.25,0.1172423488517523,0.5824159656412524,False,
AGAP3,-0.25,0.0,0.124255607133274,0.2425892726119998,False,
AGBL2,0.1764705882352941,0.1764705882352941,-0.354378438819463,0.1524380545264481,False,
AGBL3,0.3333333333333332,0.3333333333333332,-0.183141316879117,-0.1365668435621856,False,
AGBL5,-0.75,0.375,0.6514826398375225,-0.3184533397389555,False,
AGFG1,0.0,-0.25,0.1728255967538365,0.0431928503081289,False,
AGFG2,0.375,-0.25,-0.67197253962964,-0.0684463333495046,False,
AGGF1,0.625,-0.25,-0.8281591420380375,0.1257318090573838,False,
AGK,-0.625,-0.375,0.604031778070985,-0.2708553492862049,False,
AGL,0.375,0.0,-0.5918123452689206,0.2009389050278915,False,
AGMAT,-0.0588235294117647,0.0588235294117647,0.287481193288747,0.442275465792217,False,
AGO1,-0.625,0.125,0.542105572054855,0.1416051240758682,False,
AGO2,0.25,-0.125,-0.4647969547050605,0.3765790719743851,False,
AGO3,0.25,0.125,-0.4743742598007845,0.1810358809928951,False,
AGO4,0.375,-0.125,-0.740744337266242,0.2752957044786455,False,
AGPAT1,-0.625,0.25,0.8239584054861919,-0.2909441995792203,False,
AGPAT2,0.625,-0.25,0.0537337160214268,1.3883766027382405,False,
AGPAT3,0.25,-0.375,0.1171965035129438,0.3621360218538638,False,
AGPAT4,0.125,-0.25,-0.0316017933705345,-0.603687272501948,False,
AGPAT5,0.1764705882352941,-0.1764705882352941,-0.205868703245009,0.1664109041293424,False,
AGPS,0.625,0.0,-0.2514482794205705,-0.8182059723564212,False,
AGRN,-0.125,-0.375,0.5702434884196925,0.7112679718909602,False,
AGT,0.375,0.125,-0.678575937543328,-0.228189106972205,False,
AGTPBP1,-0.125,-0.125,0.2192600240797242,0.2119469015051209,False,
AGTRAP,0.5,0.0,-0.413863343411199,0.4474726825512576,False,
AHCTF1,0.125,-0.125,0.213349046992453,-0.3708248600074704,False,
AHCY,0.0,0.375,0.444955332614286,-0.0244893873672693,False,
AHCYL1,0.25,-0.125,-0.3575424426623165,-0.1560317639264798,False,
AHCYL2,0.5,0.0,-0.1547046720710409,0.0219842539199612,False,
AHDC1,0.0,0.0,0.218403234966414,0.281893616871816,False,
AHI1,0.25,-0.125,-0.0098736225921269,-0.0103042897994303,False,
AHNAK,0.375,-0.25,-0.5023928132711475,0.0860088759722041,False,
AHNAK2,-0.1111111111111111,0.0,0.089137030362707,0.0909300315460743,False,
AHR,0.375,-0.625,-0.643118005701242,0.0329137356198372,False,
AHSA1,-0.4444444444444444,0.0,0.3709179524771044,-0.3350780419897707,False,
AIDA,0.375,-0.125,-0.26427735098168,0.150305091483168,False,
AIF1L,-0.3333333333333332,0.3333333333333332,0.0100730075873762,0.3141339721206071,False,
AIFM1,-0.25,0.0,0.3990595050010764,-0.384638942048461,False,
AIFM2,1.0,0.125,-0.718430942698319,0.9698265169911268,True,1.0
AIG1,-0.125,0.375,0.718543059711592,-0.1965150302965144,False,
AIMP1,-0.5,0.375,0.1364027023521575,-0.6099524004721497,False,
AIMP2,-0.125,0.25,-0.0241316452348143,0.9356253105064792,False,
AIP,0.0,0.125,-0.1281460460875485,0.0273226892724429,False,
AJUBA,-0.375,-0.5,0.2874482642386875,-0.0342519882106864,False,
AK1,-0.375,0.375,0.4331006774916185,-0.3047080306940362,False,
AK2,-0.25,0.25,0.0949382173799015,-0.1227654654632188,False,
AK3,0.5,0.0,-0.3517584050540445,0.7922063232513266,False,
AK4,0.125,0.5,0.0119924960537139,0.3244413270154167,False,
AK5,-0.625,0.875,0.5783268557025656,-0.6184442269015764,False,
AK6,-0.1999999999999999,-0.1999999999999999,-0.354903954618743,0.7095135833524607,False,
AK7,0.4666666666666665,-0.1999999999999999,0.075578052333967,0.3799505469619477,False,
AK9,0.25,0.375,-0.6010903467569925,-0.7231782038411949,False,
AKAP1,-0.125,0.375,-0.0368357501459613,0.1940699610280214,False,
AKAP10,0.5,-0.125,-0.7185392518865615,-0.2379551789326393,False,
AKAP11,0.1111111111111111,-0.3333333333333332,-0.326931012136079,0.0899391348914817,False,
AKAP12,-0.125,-0.375,0.4374688025725555,-0.0163860318805539,False,
AKAP13,0.875,0.0,-1.10851181561454,-0.1547920518616976,True,1.0
AKAP3,0.375,-0.25,-0.267695704176054,0.0360067961917252,False,
AKAP5,0.3333333333333332,-0.2222222222222223,-0.2685823205649175,0.0503433602428522,False,
AKAP6,0.0666666666666666,0.1999999999999999,0.399488530613895,-0.9401742484120552,False,
AKAP7,0.25,-0.25,-0.437035820608949,0.0326655441378922,False,
AKAP8,-0.375,-0.125,0.2745370810791619,0.1069427160226434,False,
AKAP8L,0.0,0.125,-0.0038193770582395,-0.3633137978216534,False,
AKAP9,-0.125,0.125,-0.2463872645716737,0.500655393940622,False,
AKIP1,0.0,0.25,-0.1697222274463437,0.2745024817466377,False,
AKIRIN1,0.25,-0.5,-0.2073502291800086,0.270194198240016,False,
AKIRIN2,-0.2222222222222223,-0.1111111111111111,0.6278346621550159,-0.2074457474049116,False,
AKNA,0.5,0.0,-0.6634279041564355,-0.3139921509466248,False,
AKR1A1,0.0,0.625,0.4033388533637034,-0.0137033191466104,False,
AKR1B1,-0.125,-0.125,0.3079191174952007,0.2525496238763765,False,
AKR1B10,-0.3333333333333332,0.4666666666666665,0.429522350187454,-1.3091786832180756,False,
AKR1C2,0.6000000000000001,0.3333333333333332,-0.634144297539568,-0.5909734861826075,False,
AKR1C3,0.1999999999999999,0.1999999999999999,-0.0491983891239838,-1.4042353476930982,False,
AKR1E2,0.1999999999999999,-0.1999999999999999,-0.37877749030718,0.0348143870645847,False,
AKR7A2,-0.375,0.5,0.4167819725458614,0.0837329957369732,False,
AKR7A3,-0.3333333333333332,0.3333333333333332,0.189287331146105,0.8051893848654536,False,
AKT1,0.0,-0.125,0.303541209672361,0.4884697980607864,False,
AKT1S1,-0.3333333333333332,0.3333333333333332,0.0193171267330177,0.2066351498964005,False,
AKT2,-0.125,-0.125,0.0004396471091105,0.0550699457488113,False,
AKT3,0.25,-0.5,-0.704791512016012,0.0445009976427339,False,
AKTIP,0.125,0.375,-0.0727708700116435,-0.038015530369599,False,
ALAD,0.75,0.125,-0.589035159219139,0.2440122039845511,False,
ALAS1,-0.125,0.0,0.3962475114829344,0.1634135391012132,False,
ALCAM,0.625,-0.375,-0.7031092366132845,0.0392839553505606,False,
ALDH16A1,0.0,-0.25,-0.0036817539756055,-0.1264198845294886,False,
ALDH18A1,0.0,0.1111111111111111,0.1243726592418074,-0.0132560089715656,False,
ALDH1A3,-0.375,-0.375,0.224289644287034,1.0896206800034465,False,
ALDH1B1,-0.1111111111111111,-0.2222222222222223,0.2455720887140145,0.3755648846793953,False,
ALDH1L1,0.1999999999999999,0.4666666666666665,0.0317458560789604,-0.2545476569620497,False,
ALDH1L2,0.375,-0.125,-0.375836922864044,0.2402891879770394,False,
ALDH2,0.125,0.5,-0.3797997145605495,-0.2755349998734437,False,
ALDH3A2,0.375,-0.125,-0.4731302237845915,0.2716162532300834,False,
ALDH3B1,0.5,-0.25,-0.4191875924932975,0.195519564585521,False,
ALDH4A1,-0.375,0.0,0.007938555920883,-0.1125002976145581,False,
ALDH5A1,0.0666666666666666,0.3333333333333332,0.25333754260747,0.0854075610134739,False,
ALDH6A1,0.375,0.5,-0.682124539293102,-0.1994718559067827,False,
ALDH7A1,-0.625,0.0,0.55193991678638,-0.3030741311231173,False,
ALDH9A1,0.125,0.0,0.264506733566328,-0.1268836961039983,False,
ALDOA,-0.25,0.5,0.6710139642075135,0.2040122443509169,False,
ALG1,-0.25,0.5,0.5730168966342155,0.2117020395734494,False,
ALG10,-0.3333333333333332,-0.1111111111111111,-0.0814354101370919,-0.2289813049339404,False,
ALG10B,0.1111111111111111,-0.1111111111111111,-0.4600714855992785,-0.6709337551609069,False,
ALG11,-0.2222222222222223,-0.1111111111111111,-0.1734343600188935,0.091247058817907,False,
ALG12,-0.125,0.125,-0.1519921008168317,0.1895648763653388,False,
ALG13,0.375,0.0,-0.5388616644601765,-0.2490415184853716,False,
ALG14,-0.375,0.375,0.351264091746469,-0.2665914239069753,False,
ALG2,0.125,0.125,-0.192213554062405,0.3148567698683142,False,
ALG3,-0.25,0.375,0.689822954695121,-0.1197208369427462,False,
ALG5,0.375,0.125,-0.6266728910487755,-0.1931338922652972,False,
ALG6,0.0,0.125,0.2311339468472855,0.0447540876463383,False,
ALG8,-0.625,-0.125,0.4003588702223665,-1.287303788737358,False,
ALG9,0.125,-0.25,-0.1701178304318413,-0.0920234175720318,False,
ALKBH1,0.0,-0.375,0.0367443139384862,0.0609811767161105,False,
ALKBH2,-0.125,-0.25,0.151439456811354,0.3188141552266708,False,
ALKBH3,0.0,0.25,-0.1496870935455985,0.0473114377769734,False,
ALKBH4,-0.4444444444444444,0.3333333333333332,0.2247408008853935,0.413005675307792,False,
ALKBH5,0.0,0.0,-0.23945312032627,-0.0069262166555743,False,
ALKBH7,0.0,0.2222222222222223,0.216539722649839,0.109776522686702,False,
ALKBH8,0.0,0.125,-0.350300673386285,-0.6583492639126307,False,
ALMS1,0.0,0.125,-0.3162177994154465,0.442887625265302,False,
ALPK1,0.5,0.0,-0.5827623983070005,-0.6743194036842595,False,
ALPK2,-0.3333333333333332,-0.1111111111111111,0.508109612282504,-0.773463859605017,False,
ALPK3,0.0588235294117647,-0.2941176470588236,-0.0111865716844771,1.299714479225035,False,
ALPL,0.625,0.125,-0.955276219320787,-0.0949031281484815,False,
ALS2,-0.375,-0.125,0.4119830063046605,-0.1968998139813158,False,
ALS2CL,0.4666666666666665,-0.4666666666666665,0.0824472704146254,-0.1866947436434389,False,
ALX1,0.375,-0.125,-0.2357430293710085,0.1797909729856399,False,
ALX4,0.1999999999999999,-0.1999999999999999,-0.391410890080864,0.3349736298323029,False,
ALYREF,-0.6666666666666667,0.1111111111111111,0.310533230843696,0.3386149074692395,False,
AMACR,-0.0588235294117647,0.1764705882352941,-0.142809045778054,0.5066579295527562,False,
AMBRA1,0.125,-0.25,0.018363750893102,0.1823457862230653,False,
AMD1,-0.25,-0.25,0.7653477968644175,0.0136209592797871,False,
AMDHD1,0.0,0.25,-0.404465008770093,0.2739854532181518,False,
AMDHD2,0.0,-0.125,-0.1699736593640579,0.2859528559212076,False,
AMER1,0.125,0.0,0.0166314604362491,0.0017869226612514,False,
AMFR,0.5,-0.125,-0.378795610632202,0.509189607504871,False,
AMIGO1,-0.5294117647058822,0.2941176470588236,0.200255554772311,1.2550807363932832,False,
AMIGO2,-0.5555555555555556,-0.1111111111111111,0.5861056340191085,-0.7664325916460073,False,
AMMECR1,-0.125,-0.125,0.25657053428964,0.0575704684926066,False,
AMMECR1L,0.375,-0.375,-0.1371389494430751,0.0430803943530899,False,
AMN1,0.375,-0.25,-0.3152988554808825,0.2684420202017006,False,
AMOT,-0.25,-0.125,0.308688245167641,0.034114865004879,False,
AMOTL1,0.375,0.125,-0.1871800281342635,-0.1439376425320886,False,
AMOTL2,-0.125,-0.25,-0.2562796948613774,0.1735289390211734,False,
AMPD2,-0.5,0.375,0.6017977685806419,0.0764339312822404,False,
AMPD3,0.125,0.125,-0.271384526854463,-0.2122651397688422,False,
AMY2B,0.375,0.125,-0.825496635055308,0.8676585343333424,False,
AMZ1,0.0666666666666666,-0.1999999999999999,-0.385299791662835,-0.2083008025478021,False,
AMZ2,-0.25,0.0,0.0313881990349476,0.5066989113193046,False,
ANAPC1,-0.25,-0.375,0.387410134325106,0.2044762718324815,False,
ANAPC10,0.0666666666666666,0.1999999999999999,-0.323700283879178,-0.0609670271570359,False,
ANAPC13,0.25,0.25,-0.0615182052862935,-0.0898144672902292,False,
ANAPC15,-0.5555555555555556,0.3333333333333332,0.4263647391134335,-0.5288432748082115,False,
ANAPC2,0.1111111111111111,0.0,-0.387139730471026,0.5161980056151911,False,
ANAPC4,-0.125,0.0,-0.1801844373303955,0.1594126437114722,False,
ANAPC5,0.0,0.125,-0.0766284049855113,-0.0252505936230185,False,
ANAPC7,-0.625,0.0,0.4627829540094095,0.0685118923068941,False,
ANG,0.125,0.625,-0.409002571717421,-0.46528594642455,False,
ANGEL1,-0.375,0.125,0.0882039282831845,-0.202491175108707,False,
ANGEL2,0.125,-0.25,-0.2160851709101915,0.1070227933880358,False,
ANGPT1,0.5,0.5,-0.822348367950366,-0.7450450927044101,False,
ANGPTL1,1.0,-0.1999999999999999,-0.74453651200686,-0.1276645295046061,True,1.0
ANGPTL2,-0.125,0.625,-0.0381138039488589,0.2381274897192624,False,
ANGPTL4,0.25,-0.125,-0.184902897668897,-0.0298464634059696,False,
ANGPTL5,0.6000000000000001,0.0666666666666666,-0.648626806199462,-0.5321203749645447,False,
ANGPTL7,0.6000000000000001,-0.1999999999999999,-0.380203909984494,0.8755277491769298,False,
ANK1,-0.375,0.125,0.3999695838209245,-0.4143843307028292,False,
ANK2,0.125,0.125,-0.419436923569105,-0.3333855962242484,False,
ANK3,-0.375,-0.25,0.3673581638223004,-0.878319962204527,False,
ANKAR,0.25,-0.5,-0.5691068743844254,0.1825182627746295,False,
ANKDD1A,0.625,-0.125,-0.5632806318743775,0.277286469013668,False,
ANKEF1,-0.25,-0.25,0.420288560426611,0.4246497046906079,False,
ANKFY1,0.25,0.0,-0.3417479123688565,0.2021562141435571,False,
ANKH,0.375,0.125,-0.0421035705003046,0.6194075207386427,False,
ANKHD1,0.1999999999999999,-0.6000000000000001,-0.247466236864738,-0.3518347698547259,False,
ANKIB1,0.0,-0.25,-0.3989635149243214,-0.174287590806368,False,
ANKLE2,0.25,-0.125,-0.2925404564165424,0.4106979658955985,False,
ANKMY1,0.125,0.5,-0.2859024494723575,0.1967137628441571,False,
ANKMY2,0.0,0.3333333333333332,-0.2593336835703555,0.2150222529517034,False,
ANKRA2,-0.125,-0.125,-0.439711575526881,0.1051694225981707,False,
ANKRD1,0.2222222222222223,-0.3333333333333332,-0.298343413897696,-0.7622340799009215,False,
ANKRD10,0.125,0.25,-0.318848067263366,0.1498616650093964,False,
ANKRD11,0.0,-0.625,0.143708422377771,0.0932249172079453,False,
ANKRD12,0.375,-0.375,-0.2395244678059534,-0.1764364996446825,False,
ANKRD13A,-0.25,-0.375,0.586978798907325,-0.6430677521769272,False,
ANKRD13B,-0.125,0.0,-0.1033577006156508,0.4417945049978793,False,
ANKRD13C,0.0,0.125,-0.3663958730576525,-0.4689969036903636,False,
ANKRD13D,0.0,-0.25,0.1558195486037105,0.2171205542829302,False,
ANKRD16,0.0,0.125,-0.1921738737161525,0.3384383928504824,False,
ANKRD17,0.125,-0.125,-0.160617782157055,-0.3544790596438667,False,
ANKRD23,-0.0666666666666666,-0.0666666666666666,-0.134079946072808,0.4530034942725702,False,
ANKRD26,0.125,0.0,-0.1485428344313265,0.1239313042299425,False,
ANKRD27,-0.25,0.0,0.640206338847593,-0.0878977639579052,False,
ANKRD28,0.5,-0.375,-0.8534991289282615,-0.4207804315445029,False,
ANKRD29,-0.125,0.125,0.1142241526085815,-0.1834727584762912,False,
ANKRD33B,0.0,-0.75,0.0242356276778086,0.24696123215503,False,
ANKRD34A,-0.2941176470588236,0.2941176470588236,0.407278586477271,0.0678674506453367,False,
ANKRD35,0.625,-0.125,-0.440792266706754,-0.2927941582814521,False,
ANKRD36,0.0,-0.25,0.0172770155320082,0.2942807382309069,False,
ANKRD36B,-0.125,0.0,-0.23634155690587,0.3559600220827021,False,
ANKRD36C,0.125,-0.25,-0.1748749452851145,0.1492990969599302,False,
ANKRD37,0.0,0.2222222222222223,0.1919979272987535,0.3656601755552633,False,
ANKRD40,-0.2222222222222223,-0.4444444444444444,-0.134893190347489,-0.1712425030128521,False,
ANKRD42,0.0,0.25,-0.0963253404784324,-0.0933268507019295,False,
ANKRD44,0.625,0.25,-0.263045592728896,0.1595647733426428,False,
ANKRD46,0.375,0.0,-0.5957921005594335,0.2287902033131725,False,
ANKRD50,-0.375,-0.125,0.1112470466819348,0.4685339147354508,False,
ANKRD52,-0.25,-0.25,0.429493518776277,-0.0113792522706841,False,
ANKRD54,-0.25,0.5,0.5381743991086295,0.014630173013562,False,
ANKRD6,0.25,0.375,-0.172411547934106,-0.6647125306292785,False,
ANKRD65,0.25,-0.25,0.1762302621290886,0.9563014084013864,False,
ANKRD9,-0.3333333333333332,-0.3333333333333332,0.2745383657822919,0.1735715600884941,False,
ANKS1A,-0.125,0.0,0.4268475369027225,0.3155493239243958,False,
ANKS3,-0.375,0.375,0.058667219157697,0.0834592006663483,False,
ANKS6,0.25,-0.125,-0.0729708533663581,0.1649507163768584,False,
ANLN,-0.25,0.0,0.459016366068014,-0.1282966556943923,False,
ANO10,-0.375,-0.125,0.5358516906326345,0.2630294062445575,False,
ANO6,0.375,0.0,-0.2897680769077495,0.1331280611460039,False,
ANO7,-0.4666666666666665,0.1999999999999999,0.503346635988252,0.5450853603744401,False,
ANO8,-0.5,0.0,0.0169533792073215,0.2190639815404726,False,
ANP32A,-0.75,-0.125,0.565417344163791,0.6336143860454679,False,
ANP32B,-0.1111111111111111,0.2222222222222223,-0.188008434265835,0.4161705859269182,False,
ANP32E,-0.375,-0.375,0.505560040140419,-0.1187268625675632,False,
ANPEP,0.25,0.25,-0.2292042621354435,1.0492940980537329,False,
ANTXR1,0.375,0.125,-0.6068867984490405,-0.3673888125236502,False,
ANTXR2,-0.25,0.0,-0.0748066938983965,-0.3898167922973528,False,
ANXA1,-0.125,-0.25,0.4416824643886265,-0.9135064548006486,False,
ANXA11,-0.5,0.125,0.2466553015357855,-0.2526864149108911,False,
ANXA2,0.0,0.0,-0.107493891374235,-0.273845466485227,False,
ANXA2R,0.0588235294117647,0.2941176470588236,0.163292189775063,0.2853131699059894,False,
ANXA3,0.0666666666666666,-0.3333333333333332,0.231515911032621,0.1126048307961076,False,
ANXA4,0.125,0.5,-0.0892088846684514,-0.1073776061213136,False,
ANXA5,0.5,-0.375,-0.2838783021622495,0.4049192592288198,False,
ANXA6,-0.25,-0.125,0.400441704866095,0.5083332162013754,False,
ANXA7,-0.125,-0.25,0.1393124571124,0.3521230147753784,False,
AOC2,0.0588235294117647,-0.2941176470588236,0.0293566802803632,0.5658828585207083,False,
AOC3,0.5294117647058822,-0.5294117647058822,-0.4133250904805,0.4351093156522465,False,
AOX1,0.5,-0.125,-0.8721083068119515,-0.1117954785152743,False,
AP1AR,0.625,0.125,-0.8046246301321955,0.2309809205059756,False,
AP1B1,-0.375,-0.125,0.625753789739654,0.1529730874236219,False,
AP1G1,-0.25,0.125,0.2536061554299925,-0.3877979584473539,False,
AP1G2,0.375,0.0,-0.1982091954797964,0.4677041162726592,False,
AP1M1,0.0,0.0,0.195775463994725,0.434235483222833,False,
AP1S1,-0.375,0.125,0.6847665697689965,-0.0908586277903062,False,
AP1S2,-0.375,-0.25,0.3903362020670845,-0.0436549704345257,False,
AP1S3,-0.3333333333333332,-0.3333333333333332,0.733772733444564,0.0694772285351628,False,
AP2A1,-0.5,0.625,0.671074754115863,-0.0193090871981689,False,
AP2A2,0.375,-0.125,-0.19803429813627,0.0773687569510381,False,
AP2B1,-0.125,-0.125,0.115672473987083,-0.103865513439326,False,
AP2M1,-0.625,0.0,0.7784991831272305,-0.2652294284961849,False,
AP2S1,-0.625,0.25,0.7067936239168835,-0.3567913408995422,False,
AP3B1,-0.125,0.25,0.1288892774814042,0.1941962409980431,False,
AP3B2,0.6000000000000001,0.0666666666666666,-0.364854389556737,1.0382273724009543,False,
AP3D1,-0.25,0.25,0.4397973540233955,0.0399031099719158,False,
AP3M1,0.25,0.125,-0.138959822631435,0.3336211094742158,False,
AP3M2,-0.125,-0.375,0.0284178955148285,-0.0212603049755411,False,
AP3S1,0.375,0.25,-0.8388451477624594,0.2829392862860769,False,
AP3S2,0.25,0.0,-0.213918954475873,-0.2354625888871266,False,
AP4B1,0.125,0.0,-0.1282762214484585,0.0295220673425316,False,
AP4E1,0.25,-0.25,-0.6854511527118514,-0.605506283598896,False,
AP4M1,0.0,0.125,-0.2157723369110479,-0.7220398516844595,False,
AP4S1,0.125,0.375,-0.295956039358501,-0.0076949081616763,False,
AP5B1,0.2222222222222223,-0.4444444444444444,-0.1919357746202003,0.4361922008376193,False,
AP5M1,0.25,0.0,-0.3786011682561295,-0.1488437014703409,False,
AP5S1,0.25,0.0,-0.581876795993407,-0.1134081140005727,False,
AP5Z1,0.4444444444444444,0.0,-0.1988000119819,-0.0011547006076959,False,
APAF1,-0.375,-0.25,-0.0698123114104349,-0.9222170005215138,False,
APBA1,0.2222222222222223,-0.1111111111111111,0.2397958302928819,-0.3116681315631195,False,
APBA3,0.375,-0.125,-0.7529732912757545,0.7982883398310733,False,
APBB1,-0.125,0.0,0.1761241504929629,0.0961615616744469,False,
APBB1IP,-0.5,0.25,0.4068984411150365,0.7632318162429581,False,
APBB2,0.75,0.125,-0.9163760784443196,-0.3217928539236538,False,
APBB3,0.625,-0.125,-0.6068757825097719,0.0683019141939,False,
APC,0.0,0.0,-0.087238650233052,-0.1744762626519849,False,
APCDD1L,0.0,-0.25,0.2451380849743785,-0.5045531020373752,False,
APEH,-0.375,0.125,0.5581520620557805,0.3110113974602573,False,
APEX1,-0.5,0.25,0.4951286157516574,-0.2584513681892706,False,
APEX2,-0.5555555555555556,0.1111111111111111,0.6133812334752236,0.1028046259031203,False,
APH1A,0.0,0.5,-0.0353100627944202,0.1643680719000562,False,
APH1B,0.5,-0.25,-0.8476909182007974,-0.4741609071765178,False,
API5,-0.375,-0.125,0.2444541691011785,-0.4105882573712969,False,
APIP,-0.25,-0.375,0.3561982433475415,0.1062236124592219,False,
APLF,0.5,0.0,-0.274229544031329,0.2859225157924704,False,
APLN,0.0,-0.25,0.3985667393424525,0.5404174156631532,False,
APLP1,-0.375,-0.125,0.4940749703305355,-0.0533765929013809,False,
APLP2,-0.625,0.125,0.5069146865619409,-0.1165148524321124,False,
APMAP,0.0,0.125,0.0001814493742468,0.4032278697093745,False,
APOB,0.6000000000000001,0.0666666666666666,-0.851809751924746,2.020986449131032,False,
APOBEC3B,-0.1999999999999999,-0.0666666666666666,0.636856355317828,-0.1159640976681175,False,
APOBEC3C,-0.3333333333333332,0.3333333333333332,0.376810704805123,0.0850427387203041,False,
APOBEC3F,-0.375,-0.125,0.6049651600887644,0.0974721076008998,False,
APOBEC3G,-0.3333333333333332,-0.2222222222222223,0.229878090006842,0.4111515009358742,False,
APOD,1.0,0.0666666666666666,-0.913438460704626,-0.3565013114426174,True,1.0
APOE,0.25,0.0,-0.4016000332732075,0.7728351562189198,False,
APOL1,0.25,-0.125,-0.6600094547074535,-0.3705580316093788,False,
APOL2,0.625,-0.125,-0.8039249113970005,-0.550007599157142,False,
APOL3,0.375,0.0,-0.5965060180268844,0.083549207686695,False,
APOL4,0.1999999999999999,0.0666666666666666,-0.62295175966774,-1.1761617864271352,False,
APOL6,0.1111111111111111,-0.2222222222222223,-0.3052599158690695,-0.1290278495838075,False,
APOLD1,-0.625,-0.375,0.548859619889396,0.219830326883788,False,
APOO,-0.5,0.0,0.4200367508796165,-0.1684412686724896,False,
APOOL,0.625,0.125,-0.7527912307178171,-0.1515730052643096,False,
APP,0.0,0.0,0.223167873110531,-0.3250115163368696,False,
APPBP2,0.5,0.0,-0.701322857804515,0.2302721571348691,False,
APPL1,-0.125,0.125,0.117276621978056,-0.8529261282425324,False,
APPL2,-0.125,0.125,-0.3530110150554559,-0.498312095259767,False,
APRT,-0.25,0.375,0.528661059733202,0.4512606818868403,False,
APTX,-0.125,0.0,0.26419619478299,0.0133282105106031,False,
AQP11,-0.0588235294117647,-0.0588235294117647,0.25952275097644,-0.1020543109099234,False,
AQP3,0.4666666666666665,0.0666666666666666,0.179844835281239,-0.2135024540392078,False,
AQR,-0.25,-0.125,0.0854059736414371,0.0418049282779828,False,
AR,0.25,0.0,-0.379305691890188,0.5091366735115047,False,
ARAF,0.125,0.125,-0.1394673645020312,-0.3867067236946304,False,
ARAP1,-0.25,0.25,0.2162642933984311,-0.0228462019782389,False,
ARAP3,-0.125,-0.125,0.3144155188510354,0.3541688796828788,False,
ARC,-0.1999999999999999,0.0666666666666666,0.199338883000388,-0.0473893465561103,False,
ARCN1,-0.375,-0.125,0.0522645094877803,-0.1171668451720944,False,
AREG,0.4666666666666665,0.1999999999999999,-0.328978001487668,-0.3594999144508746,False,
AREL1,0.25,0.0,-0.4814917157929015,0.4335889481997315,False,
ARF1,-0.25,0.0,0.434785235722885,-0.0745604910544117,False,
ARF3,-0.75,-0.25,0.6044594842709246,-0.1266003277041663,False,
ARF4,0.0,0.0,0.0734176010828314,0.0919294990856309,False,
ARF5,-0.25,0.25,0.378377824244466,0.2623240001288933,False,
ARF6,-0.2222222222222223,-0.4444444444444444,0.307415952396233,0.2797477748694486,False,
ARFGAP1,-0.25,0.25,0.357038164819216,-0.5280787866277337,False,
ARFGAP2,-0.25,0.125,0.4045046005772755,0.3411296693205323,False,
ARFGAP3,0.25,-0.125,-0.300515039300357,1.030489260854008,False,
ARFGEF1,0.3333333333333332,-0.2222222222222223,-0.4393112353792795,0.3704360695157866,False,
ARFGEF2,0.375,-0.25,-0.2444018229235937,0.1427198855864224,False,
ARFGEF3,-0.1999999999999999,0.0666666666666666,-0.09475830636483,0.2271494920158565,False,
ARFIP2,-0.25,0.125,0.0289890429787143,-0.076149002429108,False,
ARFRP1,-0.125,0.125,0.165489520883443,0.3047137656279564,False,
ARG2,-0.3333333333333332,0.0,0.295386937728096,-0.2518093941021115,False,
ARGLU1,0.125,0.125,-0.1208744231059037,-0.2165022062753538,False,
ARHGAP1,-0.25,0.0,0.1556155741677395,-0.0844613582449356,False,
ARHGAP10,0.5,0.375,-0.7150938223338235,-0.3301481244906208,False,
ARHGAP11A,-0.25,-0.125,0.4966641723831975,0.0750354845124876,False,
ARHGAP12,0.0,0.0,-0.349623817026384,0.3704500517298024,False,
ARHGAP17,-0.2941176470588236,0.0588235294117647,0.311073810024899,-0.1311811225525354,False,
ARHGAP18,-0.25,0.0,0.4192274312105335,-0.253211327247584,False,
ARHGAP19,-0.6000000000000001,-0.0666666666666666,0.592758641964021,-0.6287433590060991,False,
ARHGAP21,0.5,-0.375,-0.8259873251433489,-0.3241111786587467,False,
ARHGAP22,-0.25,-0.25,0.6017941229875745,-0.1331975922521717,False,
ARHGAP23,-0.1111111111111111,0.1111111111111111,0.0535238300755046,0.2353656507156376,False,
ARHGAP24,0.875,-0.25,-0.6851576024484705,-0.0038708256362309,True,1.0
ARHGAP26,0.0,-0.25,-0.503166967039637,-0.3847856080954677,False,
ARHGAP27,0.6000000000000001,-0.4666666666666665,-0.12183712017221,0.5351799474384613,False,
ARHGAP28,-0.25,-0.125,-0.304837251147808,-0.3272904541388124,False,
ARHGAP29,0.0,-0.25,0.1913519957019087,0.5674607232977427,False,
ARHGAP31,0.25,-0.125,0.0429445826888347,0.0479400977300987,False,
ARHGAP32,0.25,-0.375,-0.454461400529237,0.5900100399766468,False,
ARHGAP33,-0.6000000000000001,0.0666666666666666,0.425533596220477,-0.063702499062531,False,
ARHGAP35,-0.625,-0.125,0.249702328641174,-0.0988204645445351,False,
ARHGAP4,0.0666666666666666,0.3333333333333332,-0.0231420238773726,0.5006485200069171,False,
ARHGAP42,0.125,-0.375,-0.159970168688851,-0.1812074428872923,False,
ARHGAP44,0.1999999999999999,-0.1999999999999999,-0.140981909580434,0.5427781976072299,False,
ARHGAP5,0.25,-0.125,-0.7456703418592505,0.0660355369451402,False,
ARHGAP6,0.375,0.125,-0.4927125657451945,0.4548956317031939,False,
ARHGDIA,-0.375,0.125,0.3279658575153915,0.2026891659523821,False,
ARHGDIB,0.2222222222222223,0.1111111111111111,-0.1916529783795826,-0.9856608964315664,False,
ARHGEF1,0.125,-0.125,0.1553774679507833,0.1215714353850283,False,
ARHGEF10L,0.125,0.0,0.0626883584341783,-0.0409996548779805,False,
ARHGEF11,0.5,-0.125,-0.347646445146787,0.2618847888874431,False,
ARHGEF12,0.1111111111111111,-0.3333333333333332,-0.2225794380590553,0.3268727101088644,False,
ARHGEF16,-0.1999999999999999,-0.0666666666666666,0.442467858224127,0.1148379141859397,False,
ARHGEF17,-0.1111111111111111,0.2222222222222223,0.2431992393931409,0.1928475675557024,False,
ARHGEF18,0.25,-0.375,-0.442968345926523,0.0992517149630018,False,
ARHGEF19,0.375,0.125,-0.72466959850469,0.505231844374145,False,
ARHGEF2,-0.25,-0.5,-0.2089036598374975,-0.1988827791255376,False,
ARHGEF25,0.2222222222222223,0.1111111111111111,0.179286265292602,0.3419505190304397,False,
ARHGEF28,0.375,-0.125,-0.5478135510437925,-0.4086467877603699,False,
ARHGEF3,0.0,-0.25,-0.0231362853305435,0.2811592777124438,False,
ARHGEF37,0.6000000000000001,0.0666666666666666,-0.721638066054526,-0.0126353922147453,False,
ARHGEF38,0.125,0.0,-0.1889370176188395,0.6354821294182982,False,
ARHGEF39,-0.375,-0.125,0.338676872294732,0.4093903514658457,False,
ARHGEF4,-0.0666666666666666,-0.1999999999999999,0.201633554217193,0.0127657420640654,False,
ARHGEF40,0.5,0.0,-0.4452827148691565,0.2978738232834472,False,
ARHGEF6,0.75,-0.125,-0.8294949256310935,-0.7204568802960214,False,
ARHGEF7,0.625,-0.25,-0.1486135356491685,0.1819464495144829,False,
ARHGEF9,0.25,0.375,-0.3943841588161985,-0.3227023735670964,False,
ARID1A,-0.25,-0.375,0.1622262525043198,-0.3868263189835286,False,
ARID1B,0.125,-0.25,-0.2251946662178355,0.0109765869352167,False,
ARID2,0.0,-0.25,-0.262136608753663,0.2206601448720189,False,
ARID3A,-0.125,0.0,0.340789750511529,0.7039419783514815,False,
ARID3B,-0.3333333333333332,-0.0666666666666666,0.752296361220066,0.0453405519407192,False,
ARID4A,0.125,0.0,-0.2021931060985064,-0.473553634739424,False,
ARID4B,0.125,-0.25,-0.2114240166472085,-0.4297909219077636,False,
ARID5A,-0.25,-0.125,0.194850909368286,-0.1675916211745223,False,
ARID5B,0.25,-0.375,-0.42354250153536,-0.3145018344339552,False,
ARIH1,0.375,0.125,-0.2571306122608281,-0.089081841198803,False,
ARIH2,-0.5,-0.375,-0.0510584758439935,0.3258946385367043,False,
ARL1,0.0,0.125,-0.4923227987732205,0.0413197191896581,False,
ARL10,0.0,-0.5555555555555556,-0.2050676061665196,0.2964239530242309,False,
ARL13B,0.25,-0.25,-0.3957905395312675,0.517431212913837,False,
ARL14EP,0.2222222222222223,0.2222222222222223,-0.630373192959857,-0.3120883845452522,False,
ARL15,0.25,0.125,0.2148775118206495,-0.1051584421900035,False,
ARL16,-0.3333333333333332,0.2222222222222223,0.4446555059936305,0.0118935335316687,False,
ARL17A,0.4666666666666665,-0.3333333333333332,-0.22772544378415,-0.0844659690657936,False,
ARL2,-0.2222222222222223,-0.2222222222222223,0.2669564303160481,0.0386359137206051,False,
ARL2BP,-0.2222222222222223,0.4444444444444444,0.0062663478888421,0.4389439554656205,False,
ARL3,0.0,0.2222222222222223,0.1043641727177485,0.1185477588937291,False,
ARL4A,0.5,0.0,-0.3129859832815255,0.0351721464994478,False,
ARL4C,-0.6666666666666667,-0.2222222222222223,0.992873010189283,-0.0235209266282911,False,
ARL4D,0.0,0.3333333333333332,-0.1038132288972107,-0.5628670074463953,False,
ARL5A,0.375,0.375,-0.1309170057463365,0.4354274087812082,False,
ARL6,0.375,0.125,-0.2591210809215281,-0.1359425267919789,False,
ARL6IP1,-0.25,-0.375,0.446663108708314,0.0597425042966355,False,
ARL6IP5,0.4444444444444444,0.2222222222222223,-0.440535712820589,-0.4595071035694222,False,
ARL6IP6,0.25,-0.25,-0.3926009659822045,0.1640813563514873,False,
ARL8A,-0.2222222222222223,-0.1111111111111111,0.1407102138186099,0.6934439194722337,False,
ARL8B,0.375,0.0,-0.685772512750923,0.1263639650145389,False,
ARL9,0.0666666666666666,-0.0666666666666666,0.171003030048283,-0.4546523699116076,False,
ARMC1,-0.125,0.0,-0.3075912916947365,-0.2440598942180982,False,
ARMC10,-0.125,-0.125,0.0973292459630923,-0.7019012694309109,False,
ARMC12,0.75,0.25,-0.7107105697765446,-0.3289266832562935,False,
ARMC2,0.5,0.125,-0.8325803748371825,0.4671980890582454,False,
ARMC5,0.125,-0.125,-0.1642756296775609,0.0790009640557576,False,
ARMC6,-0.375,0.5,0.604200461065456,0.8719033225361773,False,
ARMC7,-0.1111111111111111,-0.1111111111111111,0.216954997681995,0.4489392049304366,False,
ARMC8,0.625,-0.25,-1.14085340781818,0.1778724408151455,False,
ARMC9,-0.125,0.125,-0.074730844817521,-0.0384462048632463,False,
ARMCX1,0.25,0.25,-0.269443395478295,-0.1724448256468975,False,
ARMCX2,-0.25,0.375,0.4440065578933475,-0.17367926537312,False,
ARMCX3,0.25,-0.25,-0.333057528211111,-0.1623079328657981,False,
ARMCX4,-0.125,-0.125,0.0722375037306257,-0.3574275595614378,False,
ARMCX5,-0.125,0.0,0.1124844983298725,-0.1912893947516163,False,
ARMCX6,-0.375,0.25,0.3024628772512805,0.1335307887137329,False,
ARNT,0.75,0.25,-0.7475295603186836,-0.3084439883772343,False,
ARNT2,0.25,-0.125,-0.6448136976929055,-0.3790529697290008,False,
ARPC1A,-0.4666666666666665,0.4666666666666665,0.426778302031336,0.1576342863257457,False,
ARPC1B,-0.375,0.0,0.1699958907546402,0.3557165829788165,False,
ARPC2,-0.5,-0.125,0.466282106033423,0.1782645604163337,False,
ARPC3,-0.25,0.0,0.386110365952232,0.3068823797190481,False,
ARPC4,-0.625,-0.125,0.6105409367195584,0.1573182421853375,False,
ARPC5,0.125,-0.625,-0.0652102465853044,-0.0946577773403469,False,
ARPC5L,-0.375,-0.25,0.3029407413287725,0.381833686756674,False,
ARPIN,-0.25,0.25,0.1303047276930708,0.2456402140153543,False,
ARPP19,0.375,0.0,-0.489209064994934,-0.2212408261532399,False,
ARRB1,-0.5,0.25,0.599688867429453,-0.4274664017964507,False,
ARRB2,-0.625,0.25,0.6653604202832145,0.2829159763564912,False,
ARRDC1,0.375,-0.125,-0.5731393176039175,0.216642311983255,False,
ARRDC2,0.625,-0.375,-0.9124989301623884,0.3995571464625627,False,
ARRDC3,-0.1111111111111111,-0.1111111111111111,-0.1816135118898225,-0.0614787919502708,False,
ARRDC4,0.0,0.2222222222222223,0.187836452147901,0.0376693964726624,False,
ARSA,0.375,0.125,-0.3512753609036155,0.192321757559668,False,
ARSB,-0.125,0.125,0.0686382834981913,-0.1481311165444521,False,
ARSD,0.5,-0.5,-0.609202502505979,0.4198996725179285,False,
ARSG,0.25,0.5,-0.2588034059980405,-0.1081315655784784,False,
ARSI,-0.6470588235294117,-0.1764705882352941,0.774679299836459,0.2474809606779031,False,
ARSJ,0.125,-0.125,0.274754131052725,-0.4216381827879754,False,
ARSK,0.5,-0.125,-0.6283911782157875,-1.4399922442672066,False,
ARVCF,-0.125,0.125,-0.0331402251538488,0.3577865537326428,False,
ASAH1,0.375,0.0,-0.487076321264334,-0.0960521041885886,False,
ASAH2B,-0.25,-0.125,0.393580758492969,0.0320822238301672,False,
ASAP1,0.375,-0.375,-0.0129820703204998,-0.6686275484090443,False,
ASAP2,0.25,-0.25,-0.4655416316609355,0.4586931117815731,False,
ASAP3,0.5,0.125,-0.7343518102671636,0.155297497730213,False,
ASB1,-0.25,-0.125,0.116230892158278,-1.0655960992152966,False,
ASB13,0.625,0.25,-0.5925936727920385,0.7518615557444468,False,
ASB3,-0.25,0.0,-0.297346477490115,0.186710142195019,False,
ASB5,0.2941176470588236,-0.2941176470588236,-0.301511344577764,-0.613993986225779,False,
ASB6,-0.125,-0.375,0.1662480240647241,0.4862994802418696,False,
ASB7,0.0,0.0,-0.20994555166223,0.8706537667824524,False,
ASB8,0.125,0.375,-0.0042776001131974,0.2046716962497237,False,
ASCC1,0.5,0.375,-0.602284802655932,-0.8141963482471906,False,
ASCC2,-0.125,0.125,0.32937156935915,-0.1063565145713933,False,
ASCC3,-0.375,0.0,-0.0603993428816177,0.2914384918408434,False,
ASF1A,-0.2222222222222223,0.0,-0.0796733599906304,-0.1331008194376992,False,
ASH1L,0.25,-0.375,-0.6230512755930026,-0.2421206082238658,False,
ASH2L,0.125,-0.375,-0.1749552062989295,-0.0477195231962603,False,
ASIC1,-0.6000000000000001,0.3333333333333332,0.457236053103836,0.1200791351083161,False,
ASIC3,-0.1764705882352941,-0.1764705882352941,-0.183638865590756,0.0450327065168907,False,
ASL,0.375,0.0,0.0111374072762807,0.2495557837983244,False,
ASNSD1,0.125,0.25,-0.272187812437351,-0.4301331807594133,False,
ASPH,-0.5,-0.25,0.655037003434677,-0.2074903413330591,False,
ASPHD1,-0.8666666666666667,-0.0666666666666666,0.898293342250659,0.0343088279356953,True,-1.0
ASPHD2,-0.6470588235294117,0.1764705882352941,0.54644445586933,0.1198903658849026,False,
ASPM,-0.125,-0.125,0.2195372214245245,-0.4606402002477434,False,
ASPSCR1,-0.25,0.125,0.3007464680942615,0.4509611918596583,False,
ASRGL1,-0.3333333333333332,0.0666666666666666,0.322689417486378,0.1354282230427781,False,
ASS1,0.375,0.25,-0.7137362933234385,0.1711885783891893,False,
ASTE1,-0.125,0.125,-0.1740020749296215,-0.136666988917038,False,
ASTN2,-0.5,0.25,0.0948924418635491,0.1831450817548163,False,
ASXL1,-0.125,-0.5,-0.132618553693404,-0.1542265158701021,False,
ASXL2,-0.125,-0.5,-0.267261360943826,0.3242430489686585,False,
ATAD1,0.25,0.0,-0.2425568376896364,-0.1624990131866193,False,
ATAD2,-0.375,0.0,0.4186627254610355,0.1102997750276109,False,
ATAD2B,0.125,0.125,-0.3403374386584045,-0.3510653919951685,False,
ATAD3A,-0.625,0.375,0.6072418846574155,0.5266845924865033,False,
ATAD3B,-0.5,-0.125,0.5117738035795485,0.3315588111066159,False,
ATAD5,-0.5555555555555556,0.1111111111111111,0.571541801059803,-0.1802316952588254,False,
ATAT1,-0.1999999999999999,-0.1999999999999999,0.375410095199869,0.2652027164996116,False,
ATE1,0.25,0.125,-0.3449750624068165,0.4345586417031497,False,
ATF1,0.3333333333333332,-0.1111111111111111,-0.409716609613391,0.1568736430248085,False,
ATF2,0.375,-0.25,-0.3778071873934945,-0.0784608841876384,False,
ATF3,0.5,-0.125,-0.5593514549727334,-0.2058347992846694,False,
ATF4,0.125,0.0,-0.207726088997645,0.0380039738026583,False,
ATF5,-0.5,0.0,0.559902479457459,-0.2446686190711917,False,
ATF6,0.0,0.0,-0.2188676588372135,-0.2075379229512459,False,
ATF6B,0.0,-0.25,0.0654608075682335,-0.1494692692199248,False,
ATF7,0.625,-0.25,-0.6749311933122566,-0.1804205736287403,False,
ATF7IP,0.375,-0.5,-0.593650295593217,-0.4710517361019612,False,
ATF7IP2,0.25,-0.125,-0.1380882960726664,0.0394532030929202,False,
ATG10,0.0,0.25,-0.319999897201201,0.2513726798608169,False,
ATG12,0.5,0.125,-0.5950456206229675,-0.1391486765629732,False,
ATG13,0.0,0.625,-0.043557461718806,-0.0776710459806317,False,
ATG14,0.3333333333333332,0.0,-0.3197254183125605,-0.2409150554604693,False,
ATG16L1,-0.2941176470588236,-0.411764705882353,-0.186558401820559,0.3597753902849514,False,
ATG16L2,0.25,-0.25,-0.169779917837654,0.6159930373722995,False,
ATG2A,-0.125,-0.125,-0.171682132792716,-0.487312448743793,False,
ATG2B,0.0,0.125,0.1322505054393714,0.1241047881514623,False,
ATG3,0.125,0.0,-0.1112347513433933,0.0350241238062212,False,
ATG4B,-0.125,0.125,0.382600946830657,0.4552159969641836,False,
ATG4C,0.125,0.0,-0.1418523448537848,-0.6307312153105644,False,
ATG4D,0.0,-0.25,0.0010207543408968,0.3612395622787072,False,
ATG5,0.125,0.25,-0.558130423174268,-0.6619848111428044,False,
ATG7,0.5,-0.125,-0.083966677414597,-0.4226013255390941,False,
ATG9A,0.25,0.375,-0.0806498499349549,0.0131363376661042,False,
ATIC,-0.25,0.0,0.452887561905975,0.0787792043419632,False,
ATL1,0.7333333333333334,-0.1999999999999999,-0.222194265883676,0.5315196551171746,False,
ATL2,-0.25,0.0,-0.2090736706886793,0.079039225785864,False,
ATL3,0.625,0.0,-0.9677694434924516,0.1612507668584752,False,
ATM,0.125,0.25,-0.5659636667012296,-0.0602716660424778,False,
ATMIN,-0.125,-0.125,0.2182553585787115,0.3834461176846078,False,
ATN1,0.125,-0.125,-0.0884076570459336,0.0151233087648261,False,
ATOH8,0.125,0.25,-0.256181263796425,0.146664788548706,False,
ATOX1,0.0,0.125,0.3982992453309155,-0.1976192128551512,False,
ATP10A,0.375,-0.125,-0.433137128234031,0.1953324272411527,False,
ATP10D,0.375,-0.125,0.0780945602598445,-0.0257419814035069,False,
ATP11A,-0.125,-0.375,0.0132782727138595,0.2427482127317817,False,
ATP11B,0.25,0.125,-0.385692086449213,0.336927570012717,False,
ATP11C,-0.25,-0.125,0.2647450276642565,-0.055662811611322,False,
ATP13A1,0.125,0.0,0.214025525961762,-0.1503661296332703,False,
ATP13A2,0.375,0.25,-0.045443106005326,-0.0133988590318683,False,
ATP13A3,-0.25,-0.25,0.695905400356964,-0.0089558710744594,False,
ATP1A1,0.0,0.25,0.13093183682088,0.1396722446467988,False,
ATP1B1,0.25,-0.375,-0.4140479292341745,0.2109477731316862,False,
ATP1B3,-0.375,0.25,0.499121288522549,0.3992723061307757,False,
ATP2A2,0.125,-0.375,-0.0433560318635662,0.5239658619639758,False,
ATP2A3,-0.0666666666666666,0.0666666666666666,0.307071745291356,0.0219322392032894,False,
ATP2B1,0.375,-0.125,-0.806234807713619,0.388482663497474,False,
ATP2B4,-0.375,-0.25,0.3147365547552532,0.2388966872333293,False,
ATP2C1,-0.25,0.0,0.360994593652674,-0.0895259179897065,False,
ATP6AP2,0.125,0.0,-0.0680098496954821,-0.0778299194061518,False,
ATP6V0A1,-0.5,0.125,0.5859519206319614,-0.2379434829393902,False,
ATP6V0A2,-0.125,-0.125,-0.3408913847249945,0.0497830185028012,False,
ATP6V0B,-0.125,0.0,0.1576970104850429,0.0790502195723237,False,
ATP6V0D1,-0.375,0.125,0.521000884627282,0.1966945365570414,False,
ATP6V0E1,0.4444444444444444,0.2222222222222223,-0.278310316368224,0.1785042406637815,False,
ATP6V0E2,-0.625,0.0,0.7536477352772974,-0.1275584056120748,False,
ATP6V1A,0.0,0.25,0.0110410193486365,0.2023111595568294,False,
ATP6V1B2,0.625,-0.25,-0.6125311871297996,0.1877482660983007,False,
ATP6V1C1,0.125,0.0,-0.474040915431977,0.1698875070782683,False,
ATP6V1D,-0.125,0.125,0.0027770498654209,-0.0739023212572802,False,
ATP6V1E1,0.0,-0.25,-0.198416868712335,1.3532359736546855,False,
ATP6V1E2,0.0588235294117647,-0.0588235294117647,-0.143985313196696,-1.0475590517079536,False,
ATP6V1F,0.0,0.2222222222222223,0.1951836712480201,-0.163613755941115,False,
ATP6V1G1,0.7777777777777777,-0.1111111111111111,-0.9102374060121654,-0.2041159378392874,False,
ATP6V1H,0.0,0.0,0.0878914447067367,0.0774848413333679,False,
ATP7A,0.0666666666666666,-0.0666666666666666,0.0418685977786424,-0.0922431044721492,False,
ATP7B,-0.3333333333333332,0.4666666666666665,0.0197842135294164,-0.0460181096306402,False,
ATP8A1,-0.1999999999999999,0.1999999999999999,0.468066727964526,-0.5303354803283842,False,
ATP8B1,-0.625,-0.25,0.681679156579804,-0.1992558270087401,False,
ATP8B2,-0.375,0.0,0.0735748755391062,-0.083128854323899,False,
ATP8B3,0.0,-0.375,0.3768202412098855,0.0884154451516439,False,
ATP9A,0.375,0.0,0.1225048306080745,0.4202522856976547,False,
ATP9B,0.375,-0.125,-0.436679992621513,0.1058834670661088,False,
ATPAF1,-0.25,0.25,0.0936134761893737,-0.1337021680013022,False,
ATPAF2,-0.5,0.375,0.509823454386061,0.0161594357384111,False,
ATR,-0.125,0.0,-0.0678112240853291,-0.3306511555105129,False,
ATRIP,-0.3333333333333332,-0.0666666666666666,0.587278004684575,0.1942910168905602,False,
ATRN,-0.125,0.0,-0.4063636748778135,0.281117210448055,False,
ATRNL1,-0.0666666666666666,-0.0666666666666666,-0.286608065889546,0.5821746614815695,False,
ATRX,0.25,-0.125,-0.1101301954453817,-0.0764673321757836,False,
ATXN1,-0.25,0.0,0.2277258275963175,-0.0146381909919357,False,
ATXN10,-0.25,0.0,0.5649891508999545,-0.1655186566854429,False,
ATXN1L,0.5294117647058822,-0.411764705882353,-0.737344090508731,-0.0644700973279048,False,
ATXN2,0.0,0.0,-0.1559142860098358,-0.0763871383253369,False,
ATXN2L,-0.125,-0.375,-0.3627191651611425,0.3825770465590343,False,
ATXN3,0.0,0.25,-0.3190402239720635,-0.0186566251924165,False,
ATXN7,-0.1999999999999999,-0.3333333333333332,0.136511667284697,0.4528651508784036,False,
ATXN7L1,0.5,-0.125,-0.3407664365953865,0.0564106110122217,False,
ATXN7L2,0.0,0.25,-0.2856359388084964,0.0697794985915014,False,
ATXN7L3,0.0,-0.25,-0.1133546030663457,0.2957328403912318,False,
ATXN7L3B,0.3333333333333332,-0.1111111111111111,-0.471613768696373,-0.076386316060661,False,
AUH,0.0,0.25,-0.3071287752617415,0.7090133912274501,False,
AUNIP,-0.375,0.0,0.6394931825097915,0.6454623937664705,False,
AUP1,0.75,0.0,-0.2516817642404324,0.2931708789591858,False,
AURKA,-0.25,-0.25,0.4966199387039785,0.0960525462969474,False,
AURKAIP1,-0.375,0.125,0.4551720028907035,-0.2133674081550198,False,
AURKB,-0.25,0.125,0.531162872559482,-0.6680441752051038,False,
AUTS2,0.25,-0.25,-0.2122509138481485,0.0675657270108689,False,
AVEN,-0.1111111111111111,-0.2222222222222223,0.2602509248145049,0.2374066876854623,False,
AVIL,0.7333333333333334,-0.3333333333333332,-1.013482868399,0.3636821710409843,False,
AVPI1,0.2222222222222223,-0.1111111111111111,-0.2304951718019395,-0.292948546779475,False,
AXIN1,-0.125,-0.375,0.2763442156813705,0.3965776484900443,False,
AXIN2,0.375,-0.25,-0.6170646514924629,0.1980098012440292,False,
AXL,-0.125,-0.375,0.447594194702672,0.0043674249612286,False,
AZI2,0.625,0.0,-1.0916500420824,0.1628603516303961,False,
AZIN1,0.25,-0.5,-0.081456309936178,-0.0020372998030189,False,
B2M,0.25,-0.25,-0.6179277180396234,0.6484671277149626,False,
B3GALNT1,0.125,0.0,-0.331815379766063,0.8658394472143208,False,
B3GALNT2,0.0,0.125,-0.5536710916384184,0.1379961948191002,False,
B3GALT1,0.0666666666666666,0.1999999999999999,-0.0752852704172092,0.3489082964114787,False,
B3GALT2,0.5,0.0,-0.1761920001268665,-0.3454484548119878,False,
B3GALT4,0.375,-0.25,-0.46479450929722,1.3007588476705096,False,
B3GALT5,-0.3333333333333332,-0.1999999999999999,0.0446462449963658,0.1670063369597179,False,
B3GAT3,0.0,0.125,0.2929516411837655,0.1707521364085655,False,
B3GLCT,-0.125,-0.25,-0.2837830901267825,0.6315295919870056,False,
B3GNT2,0.125,-0.125,0.299935945199509,0.2824243281004168,False,
B3GNT4,-0.125,0.375,0.316383267571987,-0.0182096788375599,False,
B3GNT5,0.4666666666666665,-0.1999999999999999,-0.843035434893072,-0.2507170584354738,False,
B3GNT8,-0.0666666666666666,0.4666666666666665,-0.0606556657259588,0.9311705274520032,False,
B3GNT9,0.1111111111111111,0.2222222222222223,-0.383259843110606,0.796362440143709,False,
B3GNTL1,-0.1764705882352941,-0.1764705882352941,0.368495739877425,0.3516371799286366,False,
B4GALNT1,0.25,-0.25,-0.026762820402206,0.4944054061815159,False,
B4GALNT3,-0.3333333333333332,-0.1999999999999999,0.407824061427954,0.3390757428711466,False,
B4GALNT4,-0.4666666666666665,0.3333333333333332,0.74768765347167,0.1145186548396142,False,
B4GALT1,0.125,0.375,0.474756769292599,0.424418477290299,False,
B4GALT2,-0.375,0.25,0.4218646688613805,0.7021857290423892,False,
B4GALT3,0.0,0.125,0.5144158994548005,0.1195066220723246,False,
B4GALT4,-0.375,0.125,0.575920968613076,-0.0655565466031551,False,
B4GALT5,-0.1111111111111111,0.0,-0.1378058995441275,0.6436320747181279,False,
B4GALT6,-0.6000000000000001,0.1999999999999999,0.736284071028301,0.637280542336822,False,
B4GALT7,0.0,0.75,0.4477878913929864,0.0637775802286224,False,
B9D1,-0.75,0.375,0.3531437157255055,0.2539309795931492,False,
B9D2,-0.3333333333333332,0.0,0.43729268141504,-0.3459148089274348,False,
BAALC,0.0,0.375,-0.0939309754667288,-0.1789868504965728,False,
BABAM1,-0.0666666666666666,0.0666666666666666,0.299979753170188,-0.24648406026252,False,
BACE1,-0.125,-0.25,-0.2119256414395995,0.0580172616976992,False,
BACE2,0.375,0.0,-0.60604333227411,0.1767610235956103,False,
BACH1,0.0,-0.25,0.1971515074603335,-0.2951504800890525,False,
BACH2,0.3333333333333332,-0.6000000000000001,-0.413947792847254,-0.2748782348733321,False,
BAD,-0.5,0.5,0.358763378516345,0.8654906750785777,False,
BAG1,0.5,0.25,-0.588793528305003,-0.0414132415214965,False,
BAG3,-0.125,0.75,-0.1731405111347883,-0.0690359577070678,False,
BAG4,0.0,0.125,0.0970049180681693,-1.8935670653737349,False,
BAG5,0.375,-0.25,-0.4305025954811885,0.1221884681934275,False,
BAG6,-0.375,-0.125,-0.0311501014796536,0.0519773897404953,False,
BAHCC1,0.3333333333333332,-0.3333333333333332,0.310658656648277,0.1577639356067703,False,
BAHD1,0.25,-0.125,0.174875238775787,0.1922497344247991,False,
BAIAP2,0.125,-0.125,0.034680441847981,0.1212067864016188,False,
BAIAP2L1,-0.125,0.125,0.260137887297362,-0.1601125609808131,False,
BAIAP3,-0.0666666666666666,0.3333333333333332,0.570042520919651,0.5256911901542012,False,
BAK1,-0.25,-0.375,0.3687109104276305,0.2952071773068798,False,
BAMBI,0.125,0.125,0.1461597784499305,0.4550092529411844,False,
BANF1,-0.7777777777777777,0.1111111111111111,0.613893565020282,1.0043119272180256,False,
BANK1,-0.3333333333333332,0.0666666666666666,0.179649672294505,-0.3090337636276949,False,
BANP,0.0,0.0,-0.1387118228224158,0.0033360811295919,False,
BAP1,-0.25,0.125,-0.0752207016727385,0.4782469258351534,False,
BARD1,-0.5,0.0,0.3961718850813125,0.1429511634678273,False,
BASP1,0.1111111111111111,-0.1111111111111111,0.4022650395651485,0.1532076250415073,False,
BATF3,0.2941176470588236,-0.0588235294117647,-0.334548511090482,0.4102848561364631,False,
BAX,-0.25,-0.125,0.300517674299793,0.3062654296975644,False,
BAZ1A,-0.125,-0.375,0.3731356044403829,-0.5529833939899151,False,
BAZ1B,-0.25,-0.5,-0.195404266576855,0.0662018252114875,False,
BAZ2A,-0.25,-0.375,-0.0656721493319228,-0.0850671328247614,False,
BAZ2B,0.375,-0.25,-0.479186550618057,0.0118543102270169,False,
BBC3,0.125,-0.375,-0.2343611537432919,-0.1347718585940751,False,
BBIP1,0.3333333333333332,0.2222222222222223,-0.4781933095257005,-0.0342193127006162,False,
BBOX1,0.6470588235294117,0.1764705882352941,-0.709803940422438,-0.3148455903928304,False,
BBS10,0.4444444444444444,0.0,-0.6204862569783196,-0.2062305208341646,False,
BBS2,0.5,0.0,-0.483165115012076,-0.4677972314473377,False,
BBS4,0.25,-0.125,-0.3689937227472625,-0.1623398122618331,False,
BBS5,0.3333333333333332,0.3333333333333332,-0.479799869655215,-0.0657411483637173,False,
BBS7,0.25,0.0,-0.5401464966860385,-0.3160727271013406,False,
BBS9,0.25,0.0,-0.491486915027627,-0.3248401529448372,False,
BBX,0.875,-0.375,-0.6970845971567949,-0.3793046723567301,True,1.0
BCAM,-0.6000000000000001,-0.6000000000000001,0.170153671244899,0.23698362520399,False,
BCAP29,0.1764705882352941,-0.1764705882352941,-0.168776774370515,-0.7096503799095735,False,
BCAP31,-0.125,0.25,0.409953878500547,0.3963992215888341,False,
BCAR1,-0.25,-0.125,0.0048156075201468,0.1172018205100844,False,
BCAR3,0.25,-0.375,-0.0838591815095278,-0.2587493734121651,False,
BCAS2,0.0,0.0,-0.1371934593668415,-0.6317231267358074,False,
BCAS3,0.25,0.125,-0.5798645490420475,-0.3102465190007053,False,
BCAS4,-0.5,0.125,0.550881088642037,0.2233707116540841,False,
BCAT1,0.25,0.0,-0.4560296339115655,-0.2821736990510071,False,
BCAT2,0.125,0.0,-0.0350751609334008,0.136235107022467,False,
BCCIP,-0.5,0.25,0.594259273341371,-0.0090415894049096,False,
BCDIN3D,0.2222222222222223,0.0,-0.3119139098090124,-0.0736825067574673,False,
BCKDHB,0.125,-0.375,-0.1932182173141055,-0.3314467823599898,False,
BCKDK,-0.125,0.125,0.1696366758757215,0.419640473384901,False,
BCL10,0.125,-0.5,0.49741037254339,-0.2735547905613242,False,
BCL2,0.0,0.0,-0.1089820908526144,-0.3062790930517951,False,
BCL2A1,0.0666666666666666,0.0666666666666666,-0.240247230139524,-1.1088582564441465,False,
BCL2L1,0.375,-0.25,-0.252170527092897,0.1713244686968229,False,
BCL2L11,0.625,0.625,-0.5009030756276964,0.5812419315294961,False,
BCL2L12,-0.375,0.125,0.5014652684739225,0.2889517607646473,False,
BCL2L13,0.375,-0.375,-0.6022076493500941,-0.001498681902663,False,
BCL2L2,0.25,-0.125,-0.355972754183218,-0.179762140582665,False,
BCL2L2-PABPN1,-0.0666666666666666,0.0666666666666666,0.134972778823053,-0.5370812724823599,False,
BCL3,0.0,0.0,0.0160742779230961,0.3223357046949666,False,
BCL6,0.875,0.125,-0.8242277214970679,-0.0766120268921906,True,1.0
BCL7A,0.1111111111111111,-0.3333333333333332,0.0574544417244805,0.5893600003376764,False,
BCL7B,-0.2222222222222223,-0.1111111111111111,0.4591429887731965,0.0697383584737263,False,
BCL7C,0.125,0.125,0.3143718655790319,0.5300300628469761,False,
BCL9,-0.625,0.25,0.652311069821051,0.0519980431041329,False,
BCL9L,-0.125,-0.375,-0.1497849743692341,-0.2694947966226464,False,
BCLAF1,0.0,0.0,0.36432060531224,-0.2198540706926586,False,
BCO2,0.4666666666666665,-0.0666666666666666,-0.596868362992239,-0.1459722664244231,False,
BCOR,0.0,-0.25,-0.1075363325610326,0.3522999888483371,False,
BCORL1,0.125,-0.5,0.0740380347007497,-0.0390003734418948,False,
BCR,0.0,-0.25,0.3531820114594565,0.1476626971736636,False,
BCS1L,0.125,-0.25,0.2023737267956205,0.2919264276042963,False,
BDH1,-0.125,-0.125,0.5098949839848335,0.1744690182831831,False,
BDH2,0.5,0.0,-0.5850131622006585,-0.758135715522448,False,
BDNF,-0.625,-0.125,0.750366089600234,-0.0747052050978274,False,
BDP1,0.25,0.0,-0.170909566486067,-0.19395406490603,False,
BEAN1,0.4666666666666665,-0.0666666666666666,-0.0113784361941108,0.2480132563991739,False,
BECN1,0.25,0.25,-0.3534314987529869,-0.3417165052921924,False,
BEND3,-0.125,-0.5,0.3775766024172999,0.2647100448186954,False,
BEND6,0.0,0.375,-0.2919033863516055,-1.2012127797254166,False,
BEND7,-0.125,-0.625,-0.0622143971442483,-0.8249494756462437,False,
BEST1,0.6000000000000001,0.1999999999999999,-0.874316292578,-0.3416935110091432,False,
BEST4,0.1999999999999999,-0.3333333333333332,-0.287624652486562,-0.0397679906478722,False,
BET1,0.0,0.5,-0.2453566699355295,-0.6163434393733456,False,
BET1L,0.125,0.375,-0.1273258853071868,0.0213884324390645,False,
BEX1,-0.125,-0.25,0.4777961857093185,0.0457312007870024,False,
BEX4,-0.3333333333333332,0.1999999999999999,0.313229288037211,0.551115954205471,False,
BFAR,0.25,0.125,0.1326870278834317,0.3020769554666827,False,
BFSP1,0.5,0.125,-0.6123068342386084,-0.3104736985623777,False,
BGN,0.125,0.375,-0.5168619891268735,-0.2241099192710027,False,
BHLHE40,0.4444444444444444,0.1111111111111111,-0.0983756266370562,0.1046697689868092,False,
BHLHE41,-0.4444444444444444,0.3333333333333332,-0.1326899755713128,0.2685522869419441,False,
BICC1,-0.375,0.125,0.3418778984708635,-0.0747965547397981,False,
BICD1,-0.25,0.0,0.5605281250172125,0.2428985366318614,False,
BICD2,0.0,-0.125,-0.2371991474091305,0.497929806937559,False,
BID,-0.125,-0.25,0.298101339865879,0.4500793516013464,False,
BIN1,-0.25,0.125,0.3066838590478115,0.0344121594764987,False,
BIN3,-0.25,0.25,0.2171888544933573,-0.2146714620731296,False,
BIRC2,0.375,-0.25,-0.7831454846915176,-0.2892293537122223,False,
BIRC3,0.5,-0.125,-0.516256311514961,0.3840622210427289,False,
BIRC5,-0.25,0.0,0.523180351732474,0.4809002198015464,False,
BIRC6,0.375,0.0,-0.299310117396717,-0.0325956305213952,False,
BIVM,0.3333333333333332,0.0666666666666666,-0.512253267623715,0.3861855104630485,False,
BLCAP,0.25,0.375,-0.2757326703312734,0.172062072763532,False,
BLM,-0.375,-0.375,0.459448389434869,0.4745187954047485,False,
BLMH,-0.125,0.0,0.440145525195296,0.6936610554102727,False,
BLOC1S1,-0.0588235294117647,0.411764705882353,0.206569307503261,0.6442999541408474,False,
BLOC1S2,-0.125,0.0,0.0015869707674965,-0.0965557523313207,False,
BLOC1S3,0.5294117647058822,-0.2941176470588236,-0.391585864652958,-0.1285688818313461,False,
BLOC1S4,0.2222222222222223,0.1111111111111111,0.2532778747767745,0.4090397615925476,False,
BLOC1S6,0.125,-0.25,-0.3166647394267285,-0.0919029273778866,False,
BLVRA,0.125,-0.125,0.1204794627464186,-0.3309364972324624,False,
BLVRB,-0.125,0.0,0.0491670684614652,-0.0449198617664894,False,
BLZF1,0.375,-0.125,-0.291880975087298,-0.124245017969079,False,
BMF,0.125,0.25,-0.5006019124707325,0.3557544116982765,False,
BMI1,0.625,0.0,-0.8833504512121285,0.3885864317658067,False,
BMP1,0.5,-0.375,-0.434158709762546,0.0380569783685786,False,
BMP2,-0.0588235294117647,0.411764705882353,0.275848788419626,0.2139321924721795,False,
BMP2K,-0.125,0.0,-0.195750247762387,0.1465598253937008,False,
BMP4,-0.5,-0.25,0.2871549200402835,0.4928481143821936,False,
BMP6,0.1764705882352941,-0.0588235294117647,-0.488494925703432,0.0145241790857966,False,
BMP8A,0.5,-0.25,-0.5236650463218745,0.6115532264427739,False,
BMPER,0.125,0.375,0.1020568493648799,-0.6483259619925437,False,
BMPR1A,0.125,0.125,-0.2988458805215405,0.1527726579002397,False,
BMPR1B,0.75,0.25,-0.6374435454392751,-0.376572865168888,True,1.0
BMPR2,0.0,-0.125,0.2038042498604169,0.0196635378399339,False,
BMS1,-0.4444444444444444,-0.2222222222222223,0.4757742367917434,-0.1582818488377642,False,
BNC1,-0.25,0.0,0.1953857259873294,-0.6759562349993837,False,
BNC2,0.0,0.0,-0.3904131108137105,-0.6757190471046433,False,
BNIP1,-0.125,0.25,0.0386520943476962,-0.3991846493723883,False,
BNIP2,0.125,0.0,-0.1536494927075811,0.1577203045165358,False,
BNIP3,0.0,0.125,0.0934447929724914,0.0180563283977059,False,
BNIP3L,0.0,0.25,0.0431550516869655,-0.0553102196305408,False,
BOC,-0.25,0.375,-0.2319023551711762,-0.2999871153614588,False,
BOD1,0.25,0.375,-0.1208568330293157,-0.2817684519242709,False,
BOD1L1,0.0,0.125,-0.1430420115271013,0.2289109830390414,False,
BOK,-0.2222222222222223,-0.1111111111111111,0.4605392122449695,0.2964923496122922,False,
BOLA1,0.0,0.2222222222222223,-0.2672087124994505,0.0893772722125807,False,
BOLA3,-0.5,-0.125,0.3979994971160265,0.1857275286437043,False,
BOP1,-0.2222222222222223,0.1111111111111111,0.518556816245499,0.0822825757097405,False,
BORCS6,-0.1999999999999999,0.1999999999999999,0.293377256548955,-0.0360781522284625,False,
BORCS8,-0.1999999999999999,-0.0666666666666666,0.627858214675496,-0.3032600977412354,False,
BPGM,0.375,-0.375,-0.5831853540118555,-0.4000475417116256,False,
BPHL,0.0,0.125,-0.593572043119599,-0.1106452068331402,False,
BPNT1,-0.25,0.375,-0.0245623682369934,-0.2435489728126938,False,
BPTF,0.125,0.25,0.0369375447882235,-0.0640864085262413,False,
BRAF,0.5,0.125,-0.457515084157655,-0.4941117632375,False,
BRAP,-0.125,0.25,-0.054207440030793,-0.0933302315925934,False,
BRAT1,-0.125,0.375,0.4445040619240375,-0.1774713115733632,False,
BRCA1,-0.25,-0.25,0.4832000098712565,-0.6099893281810984,False,
BRCA2,-0.125,-0.5,-0.2517653770460395,0.274667162881508,False,
BRD1,-0.125,-0.375,0.1952801992643235,0.1391507212210199,False,
BRD2,0.0,-0.375,-0.0250268589472079,0.0359747844644253,False,
BRD3,0.25,-0.375,-0.059297770790709,0.4676069051557667,False,
BRD4,-0.25,-0.375,0.0741479483738496,0.3408157456738778,False,
BRD7,-0.25,-0.25,0.1078968160550274,0.6345170797804796,False,
BRD8,-0.125,0.125,0.0198976838292574,-0.4595720876388269,False,
BRD9,-0.375,-0.25,0.690007109235382,-0.1396799254895677,False,
BRF1,-0.125,0.25,0.613632202658597,0.4336304370227037,False,
BRF2,0.625,-0.25,-0.620266946542652,-0.0232212878449695,False,
BRI3,0.75,0.25,-0.576076828225925,-0.003585411802101,False,
BRI3BP,0.0,-0.125,0.4431516151903965,0.0593165210390664,False,
BRIP1,-0.5,0.125,0.761360167059665,0.0253948080899846,False,
BRK1,-0.1111111111111111,0.3333333333333332,0.1900367221694215,-0.1298626259303925,False,
BRMS1,-0.25,0.125,0.424372475438199,-0.0644214158545066,False,
BRMS1L,0.625,0.125,-0.4836282230002475,0.1063029559705488,False,
BRPF1,-0.25,0.0,0.248589981544277,-0.0068152881504075,False,
BRPF3,0.0,-0.25,-0.5407136964120255,0.4324046453447394,False,
BRSK1,-0.625,-0.125,0.7855679811960581,-0.355487658852105,False,
BRWD1,0.25,-0.125,-0.334717939941172,0.0183613185252053,False,
BRWD3,-0.125,-0.5,-0.103316140012806,-0.242399441957871,False,
BSDC1,0.375,0.0,0.0262450431474595,-0.0027205501960678,False,
BSG,-0.75,0.125,0.9915013948830076,0.1419683811106438,False,
BSN,0.3333333333333332,-0.4666666666666665,-0.268856848603837,0.8561664656274632,False,
BST1,-0.3333333333333332,0.0666666666666666,0.38877095234133,-0.0480098572806215,False,
BTAF1,0.25,-0.25,-0.412611386829577,0.3593175472211121,False,
BTBD1,0.375,0.25,-0.488583689915999,-0.045949059698592,False,
BTBD10,-0.5,0.125,0.3247465910583705,-3.652976310997147e-05,False,
BTBD19,-0.1111111111111111,-0.1111111111111111,-0.2428186708789275,0.5404816578160387,False,
BTBD2,0.125,0.125,0.1179703659214226,0.3324318761988634,False,
BTBD3,0.125,0.0,-0.2197379679989695,-0.2097000596444744,False,
BTBD7,-0.375,0.0,0.127396949293342,0.0457082865015721,False,
BTBD8,0.3333333333333332,0.4666666666666665,-0.334108503191716,0.0331203324139113,False,
BTBD9,-0.125,-0.125,-0.0202548042496574,0.3820403887270185,False,
BTD,0.0,0.125,0.0283600007594655,-0.9138909987061508,False,
BTF3,-0.125,0.25,0.2297790441177445,-0.2619594535999079,False,
BTF3L4,0.0,-0.375,0.242160796286375,-0.0104344044501591,False,
BTG1,0.7777777777777777,0.1111111111111111,-0.877179697214505,-0.1198921996090431,False,
BTG2,0.8888888888888888,-0.2222222222222223,-0.4460366178775294,-0.0419751676597557,False,
BTG3,0.0,-0.125,-0.378460902843391,0.2099676518676694,False,
BTN2A1,0.0,-0.5,-0.089778191237541,-0.3388919116500968,False,
BTN2A2,-0.25,-0.375,-0.0124268301923873,-0.318866121169012,False,
BTN3A1,0.375,-0.25,-0.3801288314121664,-0.7415669984588082,False,
BTN3A2,0.25,0.125,-0.32508932259472,-0.4449612691775872,False,
BTN3A3,0.5,0.0,-0.4983975401846715,-0.3041722408884686,False,
BTRC,0.75,0.125,-0.209705909864467,-0.1780501334858679,False,
BUB1,-0.125,0.0,0.2486963256477827,-0.5951536851417867,False,
BUB1B,-0.125,-0.125,0.481517055180109,-0.2530338052007148,False,
BUB3,-0.25,-0.25,0.2088816241851016,-0.0406472008716849,False,
BUD13,-0.375,0.0,0.2471959878281935,-0.1738986767704928,False,
BUD31,-0.125,0.0,0.0832986129693474,-0.1324400919548412,False,
BYSL,-0.375,-0.25,0.1413762097000087,0.3696896792254611,False,
BZW1,-0.125,-0.125,0.046948715295696,0.1367228363882024,False,
BZW2,-0.5,0.125,0.7318251746404125,-0.4817086824542682,False,
C10orf88,-0.125,-0.125,0.0710326401718552,-0.0890987042049382,False,
C11orf24,-0.5,0.125,0.49367648679759,-0.225191063931387,False,
C11orf54,0.4666666666666665,-0.0666666666666666,-1.04736695190462,-0.07997233525652,False,
C11orf58,0.0,-0.25,-0.4519184307332085,-0.1352687770332066,False,
C11orf68,-0.1111111111111111,0.1111111111111111,0.1331685793603733,0.0661275763765831,False,
C11orf87,-0.75,-0.125,0.7896677817148965,0.0968327583702448,False,
C11orf96,0.5,-0.125,-0.45969766468802,0.501529754764044,False,
C12orf43,-0.375,0.25,0.2709484706236975,-0.2430230897873984,False,
C12orf57,0.375,0.25,-0.4273490804447795,-0.2062233514463911,False,
C12orf75,-0.1111111111111111,0.1111111111111111,0.3139790649336785,-0.4405720392268555,False,
C12orf76,0.0,0.375,-0.3011606593759315,0.0044337852171989,False,
C14orf132,-0.2222222222222223,0.2222222222222223,-0.0122458517100485,-0.1981875956170011,False,
C14orf28,0.3333333333333332,0.1111111111111111,-0.268209993719136,-0.2159067221334085,False,
C14orf39,0.125,0.125,-0.294721069293241,0.3919416101246747,False,
C14orf93,0.25,0.0,-0.364713811146417,-0.12398210943548,False,
C15orf39,0.25,-0.25,-0.3143768838843945,0.1593524480630321,False,
C15orf40,0.375,0.125,-0.3659429812270325,0.1888731055701367,False,
C15orf61,0.4444444444444444,0.2222222222222223,-0.3735779080278685,0.8574293156278836,False,
C16orf74,-0.8666666666666667,0.1999999999999999,-0.0542145778647991,1.3747563158925715,True,-1.0
C16orf87,-0.25,-0.25,0.4715742552626449,0.0340060776051078,False,
C16orf95,-0.0588235294117647,0.411764705882353,-0.0486398916854907,0.3000753311224007,False,
C17orf100,0.0588235294117647,0.0588235294117647,-0.592359672720085,0.0829681672865647,False,
C17orf107,0.1764705882352941,-0.1764705882352941,-0.129583271259309,0.1753760342622159,False,
C17orf58,-0.25,-0.125,-0.0572748473891326,0.0316536115413694,False,
C17orf67,0.2941176470588236,-0.411764705882353,-0.455382921096012,0.4357322577139482,False,
C17orf75,-0.25,0.0,-0.15112969529218,-0.3453277642715897,False,
C18orf21,-0.125,0.25,0.134627729103919,-0.0725907097833382,False,
C18orf32,0.4666666666666665,0.7333333333333334,-0.509574311967673,0.3087953807271804,False,
C18orf54,-0.25,-0.25,0.0519187872431299,-0.3110778430630585,False,
C19orf12,0.375,0.0,-0.391837493663027,0.3864168270783032,False,
C19orf25,0.0,0.375,0.5159041864275905,0.2390133779553551,False,
C19orf44,0.5555555555555556,-0.3333333333333332,-0.2891783324146305,0.0597643240577948,False,
C19orf47,-0.5,0.125,0.404276257401478,0.2001872008949572,False,
C19orf53,-0.3333333333333332,0.3333333333333332,0.4316474236960255,-0.0207699591931622,False,
C19orf73,-0.375,0.375,0.3164896285772299,0.402451641802414,False,
C1D,0.625,-0.25,-0.47207810116013,-1.25167002297235,False,
C1GALT1,0.125,0.125,0.0228395058729367,-0.2909536221268105,False,
C1GALT1C1,0.1111111111111111,-0.2222222222222223,0.0641498492665735,0.3783319329939862,False,
C1QBP,-0.4444444444444444,-0.3333333333333332,0.4837221560221505,0.4972468263950786,False,
C1QL1,0.0666666666666666,-0.0666666666666666,-0.263399525398277,0.6929858917111105,False,
C1QTNF1,0.875,0.0,-0.8374269881323211,-0.0367454417981272,True,1.0
C1QTNF2,-0.0666666666666666,-0.0666666666666666,0.127962793453232,-0.1123790188627635,False,
C1QTNF6,0.0,0.375,-0.336334192690877,0.1082510376939391,False,
C1R,0.5555555555555556,-0.1111111111111111,-0.7578593527679885,-0.0978784729224271,False,
C1RL,0.4444444444444444,-0.2222222222222223,-0.571727063080566,0.1539681593612449,False,
C1S,0.625,0.125,-0.788801144351762,-0.6001093728563478,False,
C1orf115,0.3333333333333332,-0.1999999999999999,-0.346554407215973,0.398625755001314,False,
C1orf122,0.75,0.0,-0.483278318535154,1.0015306705501292,False,
C1orf131,0.5,-0.125,-0.2689055971471414,0.1228772491782612,False,
C1orf159,0.0,-0.25,-0.0267968118199458,0.0732007657082851,False,
C1orf167,0.3333333333333332,-0.0666666666666666,-0.25,-0.0023975642415496,False,
C1orf174,0.0,0.0,-0.2373385629293,-0.0023217978462746,False,
C1orf198,0.125,0.0,-0.176085872916434,-0.1308654029150542,False,
C1orf21,0.125,0.125,-0.230551576629904,-0.1505903947295208,False,
C1orf216,0.3333333333333332,0.3333333333333332,-0.3470670558310795,0.2664042639362813,False,
C1orf35,-0.25,0.25,0.253996785801754,0.6002506127742973,False,
C1orf43,0.5,0.375,-0.47601409483836,-0.0942037443002852,False,
C1orf52,0.375,0.25,-0.1883603372756435,-0.2365476718658801,False,
C1orf53,0.25,0.25,-0.2673526693409505,0.294070676987427,False,
C1orf54,0.0,0.1111111111111111,-0.0283248294959315,-0.4408089643217241,False,
C1orf56,0.125,0.25,-0.2104134298169832,0.6914233788349267,False,
C1orf74,-0.1111111111111111,0.1111111111111111,0.0374924452196814,0.0387205318992083,False,
C20orf96,-0.1999999999999999,0.1999999999999999,0.0820585155644798,-0.3011751263926834,False,
C21orf58,-0.25,-0.125,0.3694341740975775,0.2825286397258555,False,
C21orf91,-0.125,-0.25,0.114402034022819,0.4458288179618277,False,
C22orf23,-0.6000000000000001,0.4666666666666665,0.310245617717169,0.9340335457269192,False,
C22orf39,0.3333333333333332,-0.2222222222222223,-0.440636169448869,-0.0926064646152577,False,
C2CD2,0.125,-0.125,-0.2308313771464665,-0.1700443036551644,False,
C2CD2L,-0.5,0.125,0.1301351760561969,0.4119798463843644,False,
C2CD3,0.0,0.0,0.142511615410748,-0.0555102811380003,False,
C2CD5,0.125,0.125,-0.265737893352716,-0.1384750970407031,False,
C2orf42,0.2222222222222223,0.5555555555555556,-0.4755300888674635,-0.3532097324130374,False,
C2orf49,0.5,0.0,-0.527802789070599,-0.0604414556065056,False,
C2orf68,0.125,0.25,-0.343371456300288,0.6065793815631986,False,
C2orf69,-0.3333333333333332,0.0,0.2730760918419075,0.1661801451949038,False,
C2orf72,-0.25,-0.125,0.1318829168560675,0.422240057837184,False,
C2orf76,0.375,0.375,-0.1770811608378246,-0.0183882379557505,False,
C2orf81,-0.1999999999999999,0.1999999999999999,0.0498644948102247,0.4916792548600768,False,
C2orf88,0.625,0.375,-0.7738750237649685,0.1348913420616009,False,
C3,0.75,-0.375,-0.520113714953484,0.5891803251119334,False,
C3AR1,0.125,-0.125,-0.0726612537865486,-1.6092970147187056,False,
C3orf18,0.125,-0.375,-0.445954664144592,0.0101729383190969,False,
C3orf33,-0.1999999999999999,0.1999999999999999,0.314978183142382,0.1122566297928986,False,
C3orf38,0.25,-0.375,-0.5906699701382725,0.7324250204040188,False,
C3orf52,-0.3333333333333332,-0.1999999999999999,0.626789300982814,0.325026765743662,False,
C3orf62,0.5555555555555556,-0.3333333333333332,-0.2935933580633095,0.0731524699107251,False,
C3orf70,-0.1999999999999999,0.1999999999999999,0.257392119187678,0.793222747318873,False,
C4orf3,0.25,0.0,-0.1872177701538185,0.0162902870619006,False,
C4orf33,0.125,-0.125,-0.2130378335627354,-0.1010740022055047,False,
C4orf36,0.5,-0.25,-0.4380762788520285,0.7790344046129802,False,
C4orf46,-0.6666666666666667,-0.1111111111111111,0.400793180415222,-0.1197474460046081,False,
C5,0.625,0.0,-0.5978446824421926,-0.2665160610316894,False,
C5AR1,0.8823529411764706,-0.5294117647058822,-0.824146810031426,-0.0367849090740661,False,
C5AR2,0.1999999999999999,0.1999999999999999,-0.399592263852436,-0.554028692833324,False,
C5orf15,0.3333333333333332,-0.1111111111111111,-0.2651315189472,-0.1593268696469336,False,
C5orf22,0.5,-0.375,-0.0407102437336654,0.501740737893117,False,
C5orf24,0.1111111111111111,-0.1111111111111111,-0.059766050951123,-0.2325269391036397,False,
C5orf34,-0.3333333333333332,-0.3333333333333332,-0.15108104163289,-0.0904965153823442,False,
C5orf46,0.75,-0.125,-0.5079662406223839,0.3383716066794396,False,
C5orf63,0.0666666666666666,0.1999999999999999,-0.131653057838147,-0.6472756919107365,False,
C6orf120,0.2222222222222223,0.3333333333333332,-0.3351471735441605,0.8263758171562628,False,
C6orf132,-0.375,-0.125,0.3841466872981129,-0.1037936187285264,False,
C6orf136,-0.0666666666666666,-0.0666666666666666,-0.0781064048685876,0.6022166499545545,False,
C6orf226,0.0,0.0,0.0471381977326476,-0.2987452292207786,False,
C6orf47,-0.2222222222222223,-0.1111111111111111,-0.001349511429295,0.2859566951095318,False,
C6orf62,-0.375,-0.625,0.1705959323051625,-0.2291514570434891,False,
C6orf89,0.5,0.375,-0.373301028897382,0.0440579198398305,False,
C7orf25,0.3333333333333332,-0.4666666666666665,-0.0368204756780266,0.3027240007667888,False,
C7orf50,-0.5,0.0,0.749182325584162,0.1621380051191892,False,
C8orf33,0.25,-0.125,-0.2249974537184765,0.0955585370347087,False,
C8orf34,0.6000000000000001,-0.0666666666666666,-0.678738916223963,-0.1602318619921323,False,
C8orf48,0.0,0.2222222222222223,-0.3770501590947575,0.0685531014523694,False,
C8orf58,0.25,0.0,0.0746503174498585,0.2124073555411598,False,
C8orf76,0.25,0.375,-0.1285849457560494,0.418368171190008,False,
C8orf82,0.2222222222222223,0.3333333333333332,0.0301567194414618,-0.0899945260680954,False,
C8orf88,0.5294117647058822,-0.1764705882352941,-0.866614576130828,0.6046201509753857,False,
C9orf40,-0.2222222222222223,-0.2222222222222223,0.655210204264534,0.3214418397768561,False,
C9orf72,-0.125,-0.25,-0.2302837971584539,0.2219407968243114,False,
C9orf78,0.125,-0.25,-0.4143810804116655,-0.2866540340106693,False,
CA11,-0.5294117647058822,0.2941176470588236,0.709604526229823,0.0100828415578146,False,
CA12,-0.75,0.25,0.343049146882194,0.0065106411539703,False,
CA13,0.1764705882352941,-0.0588235294117647,-0.157173164724352,-0.1848462859650568,False,
CA5B,0.25,0.375,-0.462013462772944,-0.1907633682271217,False,
CAAP1,-0.25,0.0,0.0587899622647353,0.225989748536453,False,
CAB39,-0.25,-0.125,-0.1039398349456095,-0.1923635615892371,False,
CAB39L,0.0,-0.125,-0.0685414292094715,0.0602084721410789,False,
CABIN1,0.25,0.25,-0.0281840370410627,0.1362047403599864,False,
CABLES1,-0.125,0.375,0.42486475148051,0.0965592893789881,False,
CABLES2,-0.25,0.0,0.370655418855605,0.5081112690784986,False,
CABYR,0.0,0.0,-0.173168889290349,0.0597878455247422,False,
CACFD1,-0.1764705882352941,0.2941176470588236,-0.134200653308197,0.139458181539251,False,
CACHD1,0.375,0.0,-0.375784029257371,0.0211597145411135,False,
CACNA1A,-0.7333333333333334,-0.1999999999999999,0.689333741470957,-0.7348007713525246,False,
CACNA1C,0.125,-0.375,-0.342073586901796,-0.1411284109862909,False,
CACNA1G,0.6000000000000001,-0.0666666666666666,-0.354825287453594,0.6451089241494592,False,
CACNA2D1,-0.125,0.25,0.2101781459110339,-0.1003136898726566,False,
CACNA2D4,0.411764705882353,0.0588235294117647,-0.337794455661859,0.1318684267280314,False,
CACNB1,0.0,-0.125,0.0993464194678033,-0.066492667826286,False,
CACNB3,-0.3333333333333332,0.1111111111111111,0.293760062739462,-0.0310322755773237,False,
CACTIN,-0.375,0.125,0.3507227773109604,0.249092286913628,False,
CACUL1,-0.25,0.0,0.1643361224510925,-0.2961547180440522,False,
CACYBP,-0.5,-0.375,0.6627662596280495,-0.0445604947036408,False,
CAD,-0.125,0.0,-0.137095826002468,-0.0189302520130196,False,
CADM1,-0.25,-0.25,0.6911596597705545,-0.4387011448511679,False,
CADPS2,0.125,0.375,-0.1359582091068564,-0.2944322670051122,False,
CALCOCO1,0.875,0.25,-0.5286943123208405,-0.1326065477186513,False,
CALCOCO2,0.875,0.0,-1.090961500814625,0.2201949829774245,True,1.0
CALCRL,0.375,0.25,-0.8277730303418105,-0.1632238772655732,False,
CALD1,0.125,0.5,-0.3444993959265054,-0.4365008705115869,False,
CALHM2,-0.125,-0.125,-0.0586416250481889,-0.1419507239671484,False,
CALM1,-0.125,-0.125,0.293678956615611,0.0668987184769864,False,
CALM2,-0.4666666666666665,-0.0666666666666666,0.691786315794091,0.3154504894384971,False,
CALR,-0.75,0.25,0.7048804184414945,0.157183881235162,False,
CALU,-0.125,-0.125,0.139786712278019,-0.3430957868266207,False,
CAMK1,-0.625,-0.25,0.2843785509468505,0.2758567582515971,False,
CAMK1D,0.125,-0.5,-0.1793467994960784,0.7669837058640105,False,
CAMK2D,0.375,0.0,-0.122814625814009,0.0738847297398401,False,
CAMK2G,-0.625,0.625,0.5735037906263576,-0.2626196054181902,False,
CAMK2N1,0.3333333333333332,0.1111111111111111,-0.022788100556728,0.0932258473195473,False,
CAMK2N2,-0.25,0.0,0.26976428744767,0.3315769719344297,False,
CAMK4,-0.4666666666666665,-0.1999999999999999,0.434339597349916,0.3194002124111923,False,
CAMKK1,-0.125,-0.125,0.0073724850842488,-0.0165969131117842,False,
CAMKK2,0.625,0.0,-0.4095822182186844,0.3006604393726912,False,
CAMKMT,0.0,0.125,0.1874310018010275,-0.1748177125343442,False,
CAMLG,0.3333333333333332,0.0,-0.431639954254617,0.224241579076263,False,
CAMSAP1,-0.5,-0.375,0.893116622251818,-0.0423791527932357,False,
CAMSAP2,0.125,0.125,-0.124822223731201,-0.0327194434181947,False,
CAMTA1,0.25,-0.125,0.0550380261220983,-0.0861811896053255,False,
CAMTA2,0.0,-0.125,-0.0696897886784479,-0.0436910370199687,False,
CAND1,-0.375,0.375,0.239930888276055,-0.1471480163078151,False,
CAND2,0.0666666666666666,-0.4666666666666665,-0.100334688587632,0.5351074953822506,False,
CANT1,-0.25,0.125,0.706969949742827,0.2315346850251098,False,
CANX,-0.6666666666666667,0.1111111111111111,0.1979170336157495,0.2053990677605712,False,
CAP1,-0.25,-0.5,0.175970143392407,0.2839087039821271,False,
CAP2,-0.25,-0.25,0.4701510252502405,-0.2276931618686346,False,
CAPG,0.125,-0.125,-0.216858022596799,0.0569048810591863,False,
CAPN1,-0.375,0.0,0.527817237689182,-0.0296265061510223,False,
CAPN10,-0.5,0.125,0.606394537611207,-0.6814188595388894,False,
CAPN15,-0.125,-0.25,-0.0012952949501524,-0.878714793920881,False,
CAPN2,-0.125,-0.25,-0.0358255090625502,-0.3851151792765872,False,
CAPN5,-0.625,0.125,0.597601567375312,0.2789984602807451,False,
CAPN6,0.1999999999999999,-0.0666666666666666,-0.213824321963843,0.4292134648128175,False,
CAPN7,0.25,-0.125,-0.7270291979417629,0.6533704197890096,False,
CAPNS1,-0.5,0.375,0.456000260116888,0.2036681904982842,False,
CAPRIN1,-0.375,-0.25,0.028541519167083,-0.0096729484217452,False,
CAPRIN2,-0.125,-0.25,0.491941594126714,0.2894170955665154,False,
CAPS,0.0666666666666666,0.4666666666666665,-0.221232294280421,-0.112134054201199,False,
CAPS2,0.25,0.5,-0.6351517628819995,-0.0295399217875877,False,
CAPZA2,0.125,0.125,-0.254017540803527,-0.0344151193049846,False,
CAPZB,-0.25,0.125,0.3090576792881855,0.4057353293701604,False,
CARD10,-0.625,-0.25,0.5579879771502809,-0.1932137776557301,False,
CARD6,0.5,-0.25,-0.812014296802722,-0.8104162091754464,False,
CARD8,0.25,0.125,-0.3595692084471,-0.1372533949675187,False,
CARF,0.5,0.125,-0.5009921530563465,-0.4062852653130115,False,
CARHSP1,0.0,0.125,-0.116668181936162,0.1776087356908822,False,
CARM1,-0.5,-0.125,0.6488140144520851,0.3556961711041757,False,
CARS2,-0.125,-0.25,0.0142221534559211,0.1099355188223873,False,
CASC3,0.25,-0.125,-0.2378589949722639,-0.0363618072952696,False,
CASD1,0.375,0.25,-0.5677516338725945,0.2000963007385259,False,
CASK,0.0,-0.375,0.541750139379179,0.0751074406899832,False,
CASKIN1,-0.3333333333333332,0.0666666666666666,0.202480388362573,0.6568017321750519,False,
CASKIN2,0.125,-0.25,-0.1093505934962555,0.5324443347128198,False,
CASP1,0.25,-0.375,-0.1979609129684223,-0.3633797495676041,False,
CASP10,0.0,-0.125,-0.0795807832988228,-0.8894761773734781,False,
CASP2,-0.25,-0.125,0.1568904949017575,-0.0235621972337845,False,
CASP3,-0.25,0.25,0.1792790150157265,0.2934080454674115,False,
CASP4,0.375,-0.125,-0.504863319228547,-1.384044463251484,False,
CASP6,-0.125,0.125,-0.271954553007484,-0.0134429189379856,False,
CASP7,0.375,-0.375,-0.828227754858507,-0.0382852019514148,False,
CASP8,-0.125,-0.375,-0.0403705612787493,-0.3182368304370193,False,
CASP8AP2,0.1111111111111111,-0.4444444444444444,-0.358835780943192,-0.2068070468789558,False,
CASP9,0.0,0.125,-0.148704732409565,0.1164233896482125,False,
CASS4,0.3333333333333332,0.0666666666666666,0.0631116038180966,-0.3035836595094918,False,
CAST,0.125,0.25,-0.3723025126195635,0.1259670921508289,False,
CASZ1,0.0666666666666666,-0.1999999999999999,0.362319259115524,0.2884872693991265,False,
CAT,0.2222222222222223,0.1111111111111111,-0.3564600635328465,0.2808597014001552,False,
CATSPER1,-0.375,0.25,0.057139194072768,0.3049675178101707,False,
CATSPERG,0.4666666666666665,-0.0666666666666666,-0.64374970446131,0.1240683522145431,False,
CAV1,0.375,0.0,-0.2092828939258145,0.0399576066050575,False,
CAV2,0.625,0.125,-0.605794236318925,0.4045201971077536,False,
CBFA2T2,0.25,-0.25,-0.3310532808646755,0.3176956997022255,False,
CBFB,-0.375,0.125,0.1506824815420225,-0.132349880420711,False,
CBL,-0.1111111111111111,-0.4444444444444444,0.0465793223944773,0.4273242878256189,False,
CBLB,0.0,0.0,-0.3607141800692445,0.2242129122628937,False,
CBLL1,0.0,-0.5,0.122875875909161,0.9497308753273384,False,
CBLN3,0.75,-0.125,-0.6352824162533011,-0.1513097857304375,False,
CBR1,-0.375,0.0,0.1823706557065915,0.2557171607469861,False,
CBR4,0.0,0.0,-0.3923111199244825,-0.0424818057330913,False,
CBX1,-0.25,-0.375,0.489872472135276,0.2463680521850917,False,
CBX2,-0.3333333333333332,-0.3333333333333332,0.319337106908545,0.6438685068422434,False,
CBX3,0.0,-0.125,0.1308933994491771,0.639200160552185,False,
CBX4,0.5,0.0,-0.4292741022389765,0.7547177916593231,False,
CBX5,-0.375,0.125,0.4249098205366985,-0.2407470936037627,False,
CBX6,-0.25,-0.25,0.588435665554767,0.4497917190526965,False,
CBX7,0.625,0.0,-0.7359297069850355,0.6364451084600979,False,
CBX8,0.125,0.0,0.2103894297091875,0.3493860545176366,False,
CBY1,0.0,0.25,0.0127008530807237,1.047420903313748,False,
CC2D1A,-0.2941176470588236,0.2941176470588236,0.456747231486022,0.762018243643082,False,
CC2D1B,0.125,-0.25,-0.316329784360326,0.2624155071706977,False,
CC2D2A,0.125,0.0,-0.6925671937263509,-0.6434623441821499,False,
CCAR1,-0.125,-0.375,0.1775663001206668,-0.0400884489912618,False,
CCAR2,-0.125,-0.25,0.0252485529080786,0.0831655842943033,False,
CCBE1,0.5,-1.0,0.0022971765781269,-0.0231653214335139,False,
CCDC102A,0.4444444444444444,-0.1111111111111111,-0.4908067860019269,0.3377170716278153,False,
CCDC102B,0.125,0.125,-0.2294368192113474,-0.4279463253578282,False,
CCDC106,-0.2222222222222223,0.3333333333333332,0.1395531953843695,0.7755138046137322,False,
CCDC107,0.375,-0.125,-0.3871721607444265,0.3970897215785736,False,
CCDC110,-0.375,0.25,0.1867471877628614,0.5197035611122969,False,
CCDC112,-0.25,-0.25,0.214228408436648,0.4936138156064462,False,
CCDC115,0.25,0.375,-0.492442052353639,-0.0771135313853368,False,
CCDC117,0.125,-0.25,-0.371957105498434,-0.0923831023503494,False,
CCDC12,-0.25,0.0,-0.1123870442674079,0.0642231724474147,False,
CCDC120,0.4666666666666665,-0.7333333333333334,0.0036959389004963,0.2418060642321682,False,
CCDC121,0.375,0.125,-0.5390872009602855,-0.2617287728362134,False,
CCDC124,-0.25,0.25,0.469497048899704,-0.4041050280249956,False,
CCDC125,0.375,0.0,-0.0385828989108645,0.0411971011225344,False,
CCDC126,0.75,-0.125,-0.6580616957791334,0.4580412665736491,False,
CCDC127,-0.1111111111111111,0.0,-0.1226835873110831,0.216456638674884,False,
CCDC13,0.6000000000000001,0.0666666666666666,-0.450027216732328,0.4288639696670853,False,
CCDC134,-0.75,0.125,0.7865478152780274,0.1573375477278062,True,-1.0
CCDC136,-0.5,0.375,0.7315187564585786,-0.3263258992074,False,
CCDC138,-0.5,-0.125,0.4997710595806115,0.2195459525436791,False,
CCDC14,0.0,-0.375,-0.144131900837643,-0.3541319691624127,False,
CCDC142,0.0,0.375,0.0780472408606812,-0.0511930824258493,False,
CCDC146,0.375,0.375,-0.196790076208064,-0.2285416548940446,False,
CCDC148,-0.6000000000000001,0.1999999999999999,0.186798619166945,0.1617494863372157,False,
CCDC149,-0.625,0.25,0.330424197458058,0.0873011579928051,False,
CCDC15,-0.5,-0.5,0.3220190148552865,-0.3572252970132612,False,
CCDC150,-0.4666666666666665,-0.1999999999999999,0.574739553437635,0.0576538098387322,False,
CCDC157,0.1999999999999999,0.1999999999999999,0.276858958401077,0.0672951020052283,False,
CCDC159,0.4666666666666665,0.3333333333333332,-0.516272811212085,-0.0756170144877255,False,
CCDC167,-0.3333333333333332,0.2222222222222223,0.4981943908519195,-0.2219156962001669,False,
CCDC169,0.1999999999999999,0.0666666666666666,-0.165079753608628,0.1775450276653027,False,
CCDC170,0.1999999999999999,0.1999999999999999,-0.534031118861002,-0.5944446818059186,False,
CCDC171,0.25,-0.125,-0.6254374166381576,-0.052269802400771,False,
CCDC174,0.625,-0.25,-0.5948613047283685,-0.3370342755314395,False,
CCDC18,0.0,-0.625,0.1384180373077523,0.112875494983585,False,
CCDC184,-0.3333333333333332,0.3333333333333332,0.663164539057263,0.2361664732281223,False,
CCDC22,0.125,0.0,0.248050490093407,-0.5039961958374397,False,
CCDC24,-0.125,-0.125,0.1063234749843955,0.8305425011843799,False,
CCDC25,0.375,0.125,-0.3786092067527575,0.1401886709129491,False,
CCDC28B,-0.5,0.25,0.3310928340636305,0.1920717081488296,False,
CCDC30,0.1999999999999999,0.4666666666666665,-0.649043601077628,-0.4672665219702194,False,
CCDC34,-0.5,-0.125,0.318041062567218,0.4618830620337095,False,
CCDC40,0.375,0.25,0.0538419243343034,0.1379944283321907,False,
CCDC43,-0.75,0.25,0.478112436534546,0.3750145583329063,True,-1.0
CCDC47,-0.375,0.125,0.371312198731914,0.033859903367144,False,
CCDC51,0.125,-0.25,-0.051676855250138,0.0979231376063332,False,
CCDC57,0.125,0.0,-0.476820317447171,0.5100892222232019,False,
CCDC59,0.25,-0.25,-0.3986862283293665,-0.1976870656777181,False,
CCDC6,-0.125,0.0,0.0682328737557602,0.0023541771192658,False,
CCDC61,-0.1111111111111111,-0.2222222222222223,0.3111158322743387,-0.3825661880166819,False,
CCDC62,0.4666666666666665,-0.1999999999999999,-0.800776019591287,-0.2554399632247268,False,
CCDC66,0.25,-0.25,-0.4347189059637055,-0.0652023888073629,False,
CCDC68,0.625,-0.125,-0.9750876342749196,0.1203609810802308,False,
CCDC69,0.125,0.75,-0.0625450310935224,0.065097192250628,False,
CCDC71,0.0,-0.125,0.3721521592708779,0.4399323578963101,False,
CCDC71L,0.4444444444444444,-0.1111111111111111,-0.319475240014439,0.2016776963458677,False,
CCDC74A,-0.75,0.25,0.3353261382510399,-0.2565509632980065,False,
CCDC74B,-0.375,0.375,0.1614640474644935,0.1961170617697387,False,
CCDC77,-0.125,-0.125,-0.0381307399550894,0.0324532351110455,False,
CCDC8,0.125,0.0,-0.4907435360409515,0.1450009674779553,False,
CCDC80,-0.25,0.0,0.2941149389191925,-0.4896898822175122,False,
CCDC81,0.0666666666666666,-0.1999999999999999,0.0995057867235885,-1.0329245065945456,False,
CCDC82,0.0,-0.5,-0.526270468647237,0.1535936181852704,False,
CCDC85A,-0.125,0.125,-0.1364338225771096,0.666596550273612,False,
CCDC85B,-0.6666666666666667,0.0,0.799734881646275,0.2751339521824785,False,
CCDC85C,-1.0,-0.4444444444444444,0.815775157186083,0.0404063928917852,True,-1.0
CCDC86,-0.25,0.25,0.4911621559988085,0.1497986909452939,False,
CCDC87,-0.2941176470588236,0.411764705882353,0.331721026304721,0.3935358932212704,False,
CCDC88A,-0.375,-0.25,0.368112852744607,-0.2814319049289779,False,
CCDC88B,-0.0666666666666666,-0.3333333333333332,-0.192003569889617,0.1876075237291701,False,
CCDC88C,0.1999999999999999,-0.0666666666666666,-0.35923448882717,-0.1281115942608868,False,
CCDC89,-0.1764705882352941,-0.0588235294117647,-0.198948237138645,-0.2659431584407765,False,
CCDC9,-0.375,-0.5,0.2050556737765755,0.0263431495785773,False,
CCDC90B,0.0,0.0,-0.4755609336053935,-0.2022710447086568,False,
CCDC91,0.125,-0.125,-0.3696433622801145,-0.8280590588227159,False,
CCDC92,-0.4444444444444444,0.7777777777777777,0.4446446729503115,0.0411175320848999,False,
CCDC93,0.125,-0.25,-0.477861196901921,-0.2316908025447768,False,
CCDC97,0.1111111111111111,0.1111111111111111,0.0866783410291843,0.140730435782951,False,
CCHCR1,-0.375,-0.375,0.3813701617148249,-0.0501995474478498,False,
CCIN,0.125,-0.25,-0.0232541433186444,0.7160416482994914,False,
CCL2,-0.125,-0.125,0.2048617291163065,-0.6561230409994709,False,
CCL28,0.3333333333333332,0.6000000000000001,0.137883351640675,0.2435901483461959,False,
CCM2,-0.125,0.125,0.212093920575014,0.3294636294336168,False,
CCNA2,-0.125,-0.25,0.3703956406347075,-0.2148086775288522,False,
CCNB1,-0.25,-0.375,0.453603980718117,-0.0151451684940484,False,
CCNB1IP1,0.25,-0.125,-0.683000963368416,-0.0326966066975922,False,
CCNB2,-0.2222222222222223,0.1111111111111111,0.7176778398941945,-0.2184001725586073,False,
CCNB3,-0.1999999999999999,0.0666666666666666,-0.119149075435205,-0.2418981339182646,False,
CCNC,-0.25,0.25,0.1012528757053919,-0.3168126136174374,False,
CCND1,-0.3333333333333332,0.1111111111111111,0.341419388630655,0.1371351414221351,False,
CCND3,0.875,0.25,-0.6223575203816195,0.4194034278201326,True,1.0
CCNDBP1,0.5,0.0,-0.469749089990795,0.4306516546529118,False,
CCNE1,-0.375,0.125,0.613181024860373,0.4230665907007727,False,
CCNE2,-0.25,0.0,0.2269839235991265,0.3035169876232841,False,
CCNF,-0.25,0.125,0.43739529757691,0.1997540621616247,False,
CCNG1,0.125,0.25,0.3498096170582285,-0.149538708956888,False,
CCNG2,0.375,0.125,-0.3878107759925315,-0.159849250908751,False,
CCNH,-0.125,0.125,-0.330646515864138,-0.1214777487224858,False,
CCNI,0.375,0.0,-0.197623026635811,0.0076627201576524,False,
CCNI2,0.6000000000000001,0.1999999999999999,-0.166970616301077,-0.3675066274667924,False,
CCNJ,-0.375,-0.375,0.3774286072795285,0.3382727354556829,False,
CCNJL,-0.7333333333333334,-0.3333333333333332,0.522344291791282,-0.3364449645948775,False,
CCNK,-0.25,-0.5,0.0250666997902083,-0.4567160932334851,False,
CCNL1,-0.125,0.0,-0.1360992805297668,0.0019567850662642,False,
CCNL2,-0.125,-0.125,-0.1742552153405993,0.2412221258615328,False,
CCNO,0.2941176470588236,0.1764705882352941,0.0103285990654975,0.64234049445607,False,
CCNT1,0.125,-0.25,-0.2930020189065729,-0.1519984274686425,False,
CCNT2,0.125,-0.75,-0.324573000356565,0.010684168411537,False,
CCNY,-0.125,0.5,-0.170299729186433,0.8429956110031462,False,
CCNYL1,-0.125,-0.125,0.389789984789821,0.103533246808682,False,
CCP110,-0.375,-0.25,-0.122806078529654,-0.080536943053787,False,
CCPG1,0.0,-0.2222222222222223,-0.374056104910264,-0.0178522966374776,False,
CCR10,-0.1764705882352941,0.1764705882352941,0.185967591752889,0.4505579573830764,False,
CCS,-0.1111111111111111,0.4444444444444444,0.0365152519038353,-0.6892881748179291,False,
CCSAP,-0.125,-0.375,0.1090703778189706,0.3508666527756614,False,
CCSER2,0.375,-0.125,-0.6842243800455915,-0.1594867508111837,False,
CCT2,-0.625,-0.5,0.5141744255770395,0.1216036767181067,False,
CCT3,-0.5,0.5,0.513191118955884,-0.3088378617548812,False,
CCT4,-0.125,0.125,0.685081117313256,-0.0659841358543644,False,
CCT5,-0.625,-0.625,0.3786242644027779,0.2127063852938224,False,
CCT6A,-0.625,-0.125,0.4808240619359375,-1.7271929380616655,False,
CCT6B,0.625,0.0,-0.413303803273831,-0.0606897505186596,False,
CCT7,-0.625,-0.25,0.481623822778762,-0.2487346256041576,False,
CCT8,-0.625,0.0,0.787692716921199,-0.2403416346125615,False,
CCZ1,0.375,0.125,-0.552208935152063,0.4486727168666448,False,
CCZ1B,0.25,0.375,-0.526390526135782,1.051198971945048,False,
CD109,0.125,0.25,-0.536529389598419,-0.5109205532399033,False,
CD14,0.25,0.0,-0.5489075532117544,-0.1552768683567327,False,
CD151,-0.125,-0.125,0.6891134354195925,0.2243069825697641,False,
CD164,0.5,0.0,-0.6531645432188885,0.1371704797666462,False,
CD24,0.0588235294117647,0.0588235294117647,0.473077019009463,1.3156349384940995,False,
CD248,-0.4666666666666665,0.4666666666666665,-0.175725017721508,0.4907830627962795,False,
CD274,-0.25,-0.25,-0.0650505328606684,-0.5288404189142175,False,
CD276,-0.25,-0.125,0.4002736587536954,-0.2416973986003858,False,
CD2AP,-0.3333333333333332,-0.2222222222222223,0.4834845866393294,0.4660037418218419,False,
CD2BP2,-0.6666666666666667,-0.1111111111111111,0.4259757195078755,-0.0555225737067046,False,
CD302,0.411764705882353,0.1764705882352941,-0.568898669829852,0.3605523087590316,False,
CD320,-0.625,0.125,0.981409338872858,-0.0396972916422762,False,
CD34,0.3333333333333332,-0.4666666666666665,0.0577953288893225,-0.4760770857616174,False,
CD36,0.1999999999999999,0.1999999999999999,-0.22586767954994,-1.0859061678334794,False,
CD44,-0.625,-0.25,0.9029037140574404,-0.7888604697435424,False,
CD46,0.25,0.125,-0.1630855265524734,0.2419687803659043,False,
CD47,0.25,0.125,-0.371293559325955,0.4555940686845148,False,
CD55,0.375,-0.5,-0.5050370753084,-0.13457533207136,False,
CD58,0.5,-0.125,-0.7950421698424985,0.2215760164757352,False,
CD59,0.125,-0.375,-0.3464003765526095,-0.22371151883085,False,
CD63,0.5,-0.25,-0.3764164037539385,0.0401880940462269,False,
CD68,-0.4666666666666665,-0.1999999999999999,0.101797482331805,-0.6159872809480564,False,
CD70,-0.0666666666666666,-0.0666666666666666,0.144576423573508,0.033187529697676,False,
CD72,0.6000000000000001,-0.0666666666666666,-0.583768288372979,0.4318070160079659,False,
CD74,0.3333333333333332,-0.0666666666666666,-0.26631891364805,-0.0235392688399991,False,
CD81,0.25,0.25,0.0064487445365319,0.41340165103255,False,
CD82,0.5,0.0,-0.643851610512969,0.1376386892019963,False,
CD83,0.1999999999999999,-0.0666666666666666,-0.186393582813907,0.7651165509982071,False,
CD9,-0.125,-0.375,0.3134342299300925,-0.1684894575244988,False,
CD99L2,0.5,0.125,-0.184670812596302,0.2203593661159684,False,
CDA,0.125,-0.5,0.632693675143947,0.2159178138614308,False,
CDADC1,0.75,0.375,-0.6917434121556241,0.0227611271180818,False,
CDAN1,0.125,0.0,-0.1904494812039669,0.6108938882188242,False,
CDC123,-0.125,-0.25,0.1717097957763854,-0.0857532697211929,False,
CDC14A,0.25,-0.125,-0.2256533775015735,-0.2541420729745574,False,
CDC14B,0.375,0.0,-0.6273094705787721,0.1258653977505335,False,
CDC16,0.25,0.25,0.0540036816540998,-0.201326330304961,False,
CDC20,-0.125,-0.25,0.3578032264785825,-0.0811723585983159,False,
CDC23,-0.625,-0.375,0.419725112486177,-0.2314528550860188,False,
CDC25A,-0.375,-0.125,0.6933766881118619,-0.297707829605355,False,
CDC25B,-0.25,-0.25,0.3320353346006515,-0.0374239872761461,False,
CDC25C,-0.125,-0.25,0.4644376166353084,-0.1605829097537539,False,
CDC26,-0.2222222222222223,0.1111111111111111,-0.0712932781430074,0.2497441619486262,False,
CDC27,-0.125,-0.125,0.4188667223376004,-0.1441038908833167,False,
CDC34,-0.3333333333333332,0.0,0.4574634282428305,0.7700566689058665,False,
CDC37,-0.6666666666666667,0.1111111111111111,0.6978995969840315,-0.013838244635753,False,
CDC37L1,0.375,0.125,-0.522404928651486,-0.4747498379348878,False,
CDC40,0.25,-0.375,-0.3325893326189765,0.7172780249673025,False,
CDC42,-0.125,-0.125,0.3856818323379479,0.5448625373155442,False,
CDC42BPA,0.125,0.125,-0.1736275746009343,0.1065779196961229,False,
CDC42BPB,0.0,-0.375,0.0266423990540222,0.4030129926875836,False,
CDC42BPG,-0.1999999999999999,-0.3333333333333332,-0.034395333183631,0.1974334166445175,False,
CDC42EP1,-0.1111111111111111,0.0,-0.0357871226594928,0.2410852765826971,False,
CDC42EP2,-0.375,-0.125,0.5746862674557325,0.5569670892692149,False,
CDC42EP3,0.3333333333333332,-0.3333333333333332,-0.2914485535373975,-0.1437497819961726,False,
CDC42EP4,0.25,-0.5,-0.1606453109290098,0.3130393784136176,False,
CDC42EP5,0.6470588235294117,0.0588235294117647,-0.752371001319089,-0.3571503930210471,False,
CDC42SE1,-0.25,0.0,0.0176801349713522,0.0089251078213399,False,
CDC42SE2,0.625,-0.25,-0.3216826253332144,-0.0210158182608193,False,
CDC45,-0.375,0.125,0.552783270456897,-0.407332261714973,False,
CDC5L,0.1111111111111111,-0.3333333333333332,0.1213261757588685,-0.1581113760258174,False,
CDC6,-0.625,0.125,0.7012719485530545,-0.3067119063091992,False,
CDC7,-0.125,-0.375,-0.152728221792663,-0.2870321452205084,False,
CDC73,0.25,0.125,-0.239340159533453,0.1149643478271378,False,
CDCA2,-0.5,-0.25,0.37671493007799,-0.8389777484533787,False,
CDCA3,-0.25,0.0,0.497171687040142,-0.1215986637607802,False,
CDCA4,-0.75,-0.125,0.507574299609085,0.4184586969770594,False,
CDCA5,-0.25,0.125,0.481765205344879,0.1244716205507585,False,
CDCA7,-0.625,0.125,0.612762231326502,0.0720366480092304,False,
CDCA7L,-0.5,0.125,0.318052089900343,-0.2680359071739546,False,
CDCP1,-1.0,0.1111111111111111,0.972903477149293,-0.3316505849350537,True,-1.0
CDH11,-0.125,0.25,0.265359694075407,0.1201712727964716,False,
CDH13,-0.5,-0.25,0.905834704463123,-0.6628179244708636,False,
CDH15,0.0666666666666666,-0.0666666666666666,-0.114260470618388,0.3751051418635136,False,
CDH2,-0.375,-0.25,0.525185997049385,0.1826408370147971,False,
CDH24,-0.625,-0.25,0.246363334835182,0.3117806373807319,False,
CDH4,0.0,-0.375,0.0844300118233776,1.42181078087616,False,
CDH6,-0.5,0.125,0.415851833930291,-0.3839032666506516,False,
CDIP1,-0.375,0.25,0.566812365353902,0.2421019773548396,False,
CDIPT,0.0,0.5,-0.513957852286541,0.5383679221155506,False,
CDK1,-0.25,-0.25,0.4362005928299874,-0.3769569921995757,False,
CDK10,0.0,0.125,0.030561058719639,0.412370213967683,False,
CDK11A,-0.0666666666666666,0.0666666666666666,0.17534725042394,-0.089761300987917,False,
CDK11B,-0.2222222222222223,0.0,0.330764586540381,0.5313094354149799,False,
CDK12,0.0,-0.375,0.03310168333802,-0.1001754419108633,False,
CDK13,0.625,0.0,-0.388284647805973,0.5462293487001517,False,
CDK14,0.625,0.125,-0.563120530484541,-0.2929707735483515,False,
CDK15,-0.125,-0.625,0.3838347561418544,-0.6546112752777766,False,
CDK16,0.125,-0.375,0.1724695371187894,-0.1593080289199901,False,
CDK17,0.0,-0.2222222222222223,0.035743492930843,0.1354814813801224,False,
CDK18,0.375,0.0,-0.2773771820183105,0.2302454600608723,False,
CDK19,0.25,0.375,-0.2943305439005104,0.0467207801428299,False,
CDK20,-0.375,-0.125,0.4707912166441705,0.2680993161005061,False,
CDK2AP1,-0.1111111111111111,0.3333333333333332,0.4925463563118135,0.8694909692791966,False,
CDK2AP2,-0.5555555555555556,0.2222222222222223,0.485198901527357,0.1735353636118279,False,
CDK4,-0.375,0.125,0.439645678359078,0.1453626556649472,False,
CDK5R1,0.3333333333333332,-0.3333333333333332,-0.2863048251756724,0.6092065514947658,False,
CDK5RAP1,-0.5,-0.125,0.215691358956803,-0.3858026798129592,False,
CDK5RAP2,-0.125,0.0,-0.0707811659481257,-0.2189735038323239,False,
CDK5RAP3,0.0,0.25,-0.220584723281793,0.0212511337727923,False,
CDK6,-0.125,-0.125,-0.090120060620209,-0.1319318291665507,False,
CDK7,-0.5,0.0,0.543780705449315,-0.4975416347583556,False,
CDK8,-0.5,-0.375,0.6128660683722991,-0.0002572140386769,False,
CDK9,0.125,0.0,0.0861178449949047,0.4844635629945812,False,
CDKAL1,0.0,-0.375,-0.565266888972296,-0.6091439439396911,False,
CDKL1,0.625,0.125,-0.792211843486073,-0.208742916769816,False,
CDKL2,-0.0666666666666666,0.0666666666666666,-0.0359374583695761,0.3002311246902179,False,
CDKL3,0.1999999999999999,0.0666666666666666,-0.256331437216165,-0.4452185023477923,False,
CDKL5,0.375,-0.375,-0.6321487106693324,-0.9063267531043184,False,
CDKN1A,-0.25,0.0,-0.1373976753130065,0.1125345117816856,False,
CDKN1B,-0.375,0.0,0.010414971080051,0.0633707052815886,False,
CDKN1C,0.6000000000000001,0.1999999999999999,-0.805402279415525,1.3343379393340176,False,
CDKN2AIP,0.3333333333333332,-0.1111111111111111,-0.5688565935942484,0.2354225464340884,False,
CDKN2AIPNL,-0.4444444444444444,-0.1111111111111111,0.222893421224865,0.4520560754940745,False,
CDKN2C,-0.25,0.0,0.374123102917238,0.2326392859694506,False,
CDKN2D,0.0,0.0,0.344055579822943,0.0393222420450301,False,
CDKN3,-0.375,-0.375,0.44782630510188,0.1459495706577862,False,
CDNF,0.0666666666666666,0.1999999999999999,-0.0390535617261515,0.0318361687606278,False,
CDO1,0.625,-0.125,-0.1955574054012815,0.2710928761731591,False,
CDON,0.125,0.25,-0.019464082945151,0.0373164001200998,False,
CDPF1,0.125,0.125,0.1226902452949479,0.4167304041147828,False,
CDR2,-0.2222222222222223,0.2222222222222223,-0.1704200153221355,-0.0081191862953682,False,
CDR2L,0.0,-0.4444444444444444,0.1502421068133886,-0.0308799019280048,False,
CDS1,-0.0588235294117647,-0.0588235294117647,0.040289553536706,0.4786735006210485,False,
CDT1,-0.3333333333333332,0.3333333333333332,0.6086325595208955,0.3969869367780259,False,
CDV3,0.25,-0.375,-0.231683019016152,0.0011456155115898,False,
CDYL,0.25,-0.5,-0.4704263692508734,0.59722563932575,False,
CDYL2,0.375,-0.625,-0.6594295837783666,-0.2035230176415305,False,
CEACAM1,0.3333333333333332,-0.1999999999999999,0.0415974708259773,0.4220030165656887,False,
CEACAM19,-0.0666666666666666,-0.6000000000000001,-0.378362479614698,0.0740130861326316,False,
CEBPA,0.1999999999999999,0.0666666666666666,-0.262483168386276,0.6476040141569976,False,
CEBPB,0.7777777777777777,-0.2222222222222223,-0.6795603832736485,0.8626888489013433,False,
CEBPD,0.7777777777777777,0.1111111111111111,-0.944260619701002,0.883802258581226,False,
CEBPG,0.0,-0.3333333333333332,-0.2049999606052306,0.2769443779496976,False,
CEBPZ,-0.25,-0.25,0.3149721346755965,-0.3111273804146615,False,
CELF1,-0.375,-0.125,0.6674294684924904,0.0753691723958835,False,
CELF2,-0.0666666666666666,0.4666666666666665,0.257139562169042,-0.1840774020852642,False,
CELSR1,-0.1999999999999999,-0.6000000000000001,0.125272402167641,0.0449643792993121,False,
CELSR2,-0.411764705882353,0.5294117647058822,0.848399949845967,0.0696285112550447,False,
CELSR3,0.125,0.125,-0.743209706669909,-0.0134119913751742,False,
CEND1,-0.2941176470588236,-0.1764705882352941,0.309671504297281,0.7508059342627561,False,
CENPA,-0.25,-0.25,0.528125726258887,-0.5365229122321358,False,
CENPB,-0.4444444444444444,0.3333333333333332,0.4635264433824865,0.7289357877744762,False,
CENPC,-0.125,0.0,-0.2292537613096414,-0.1298368983115079,False,
CENPE,-0.125,0.0,0.1700425179461925,-0.1747973546293872,False,
CENPF,-0.25,-0.125,0.437087681917939,-0.3229812132253897,False,
CENPH,-0.375,0.0,0.407863328592715,0.1831365735625074,False,
CENPI,-0.25,-0.25,0.4169008169757535,0.0339592402099295,False,
CENPJ,-0.375,-0.25,0.3802730701955404,0.050055825256241,False,
CENPK,-0.5,-0.25,0.5404918651329356,-0.1544566490793824,False,
CENPL,-0.375,-0.375,0.373142910736677,-0.230209236854133,False,
CENPM,-0.375,0.125,0.5189622830007095,-0.2510005057809543,False,
CENPN,0.0,-0.375,0.4826082590605685,-0.0366355034077181,False,
CENPO,-0.25,-0.375,0.383890479033443,-0.0695245459756371,False,
CENPP,-0.125,-0.125,0.4757148767967875,-0.147690242771957,False,
CENPT,-0.375,0.0,0.1722145061984245,-0.2475634618240279,False,
CENPU,-0.3333333333333332,-0.0666666666666666,0.209404655933098,0.1012730038609865,False,
CENPV,-0.3333333333333332,-0.4666666666666665,0.145188272425248,0.3605799911046266,False,
CENPW,-0.5555555555555556,-0.1111111111111111,0.5522484658789819,0.1046109154965753,False,
CEP104,-0.375,0.125,-0.0555622341365071,0.3167530855449336,False,
CEP112,0.0,0.125,-0.0522175973688055,-0.735692067100429,False,
CEP120,0.125,-0.125,-0.157139799380751,0.0703167732051208,False,
CEP128,-0.125,-0.375,0.167216541023253,-0.5489505940200754,False,
CEP135,-0.125,-0.625,0.1647644312726035,-0.0617616120498047,False,
CEP152,-0.375,-0.5,0.2390826796626707,-0.1304722338442983,False,
CEP164,-0.375,-0.25,-0.0522320623517695,-0.2210560568839468,False,
CEP170,-0.375,-0.125,0.7962151581419166,0.2584557093017658,False,
CEP170B,0.0,-0.25,0.040802459331956,0.4781009114355314,False,
CEP19,0.2222222222222223,0.2222222222222223,-0.479139527675929,0.4181365253010169,False,
CEP192,-0.5,-0.125,-0.0239482010969744,-0.1291998878570961,False,
CEP250,-0.375,-0.125,0.537123048633936,-0.1091470703764336,False,
CEP290,0.25,-0.125,-0.58252168726013,-0.1065707140586291,False,
CEP350,0.5,-0.25,-0.96704545376397,-0.4345524275011025,False,
CEP41,-0.375,0.0,0.5123954362490565,0.076713867978202,False,
CEP44,-0.125,0.0,-0.244038519877141,-0.7927227797915088,False,
CEP55,-0.375,-0.125,0.4120854456321424,-0.1272316509313031,False,
CEP57,-0.125,0.0,-0.4674477001431675,0.7454715383593862,False,
CEP57L1,0.0,-0.25,0.0788201986958333,0.017400817329165,False,
CEP68,0.5,-0.375,-0.2535514477206555,0.490975301427156,False,
CEP70,0.5555555555555556,0.1111111111111111,-0.8471471031756235,0.1980940085605929,False,
CEP72,-0.2941176470588236,0.1764705882352941,0.391608496642431,0.2835410285643533,False,
CEP76,-0.5,-0.25,0.3357809136280015,-0.0974677322998269,False,
CEP78,-0.375,0.0,0.1530189286933855,0.082605198363642,False,
CEP85,-0.25,-0.125,0.0782974951113932,-0.0243336355184777,False,
CEP85L,0.0,-0.25,-0.1973995601785555,-0.1265391237035622,False,
CEP89,0.0,-0.25,0.0699230073858872,-0.1304673128808451,False,
CEP95,0.0,0.2222222222222223,-0.607876910218183,0.3968835016833494,False,
CEP97,-0.25,-0.625,0.1687554535874755,0.0004304771072605,False,
CEPT1,0.375,0.0,-0.5657991936497795,0.4272495065846302,False,
CERCAM,0.25,0.25,-0.1588670093944992,-0.0851684981928593,False,
CERK,0.125,-0.25,-0.348941024127126,0.4285401774173509,False,
CERS2,0.0,0.125,0.1731391096045752,0.237223963108951,False,
CERS5,0.0,-0.25,0.1727304503166801,0.1029943281515426,False,
CERS6,1.0,0.125,-1.051353691717785,0.3890308418876849,True,1.0
CES2,-0.5,0.25,0.139299909481008,0.3559048577850066,False,
CETN2,-0.25,0.625,0.4199138829221009,-0.0932155249168769,False,
CETN3,0.3333333333333332,0.1111111111111111,-0.0994104408534947,-0.2882148322998308,False,
CFAP20,0.0,-0.25,0.312511620853719,-0.0563123626322634,False,
CFAP57,-0.6000000000000001,-0.0666666666666666,0.1639250997243,-0.6771597860057416,False,
CFD,0.411764705882353,0.1764705882352941,-0.114485485753765,0.5668193225086353,False,
CFDP1,-0.1111111111111111,0.1111111111111111,0.1444596064223603,-0.2811779595881254,False,
CFH,0.875,-0.25,-1.137218140613045,-1.184256553298082,True,1.0
CFI,-0.25,0.25,-0.2939026826666505,-0.7150003579173426,False,
CFL1,-0.5,0.125,0.630371047621939,0.4205024570887885,False,
CFL2,-0.25,0.0,0.502647275255364,-0.1200070267804376,False,
CFLAR,0.625,-0.25,-0.533082445852811,0.0237175045789928,False,
CGGBP1,0.125,-0.125,-0.6363596533546301,0.018032106953302,False,
CGNL1,0.375,-0.125,0.06590596630675,1.1414076044826262,False,
CGREF1,-0.1999999999999999,0.3333333333333332,0.532071829332303,0.660827577885614,False,
CGRRF1,-0.125,0.375,-0.0366547293429494,0.1949483642045382,False,
CH25H,-0.1999999999999999,0.1999999999999999,0.0550524798687741,-0.3033895738356663,False,
CHAC1,-0.25,-0.125,0.3744599119152405,-0.2188862607660149,False,
CHAF1A,-0.375,-0.125,0.685443688233503,-0.5107138398939237,False,
CHAF1B,-0.4444444444444444,-0.1111111111111111,0.564734206068217,0.2329375239954596,False,
CHAMP1,-0.3333333333333332,-0.2222222222222223,0.1498889620805278,0.3623770061295639,False,
CHCHD1,-0.2222222222222223,0.3333333333333332,0.131437081404608,0.0754156465164972,False,
CHCHD10,0.125,-0.625,-0.1488555553024282,0.460386762499792,False,
CHCHD2,-0.125,0.25,-0.0028288292889788,-0.0036147612752186,False,
CHCHD3,-0.125,-0.25,0.554556904240482,-0.2203987827496218,False,
CHCHD4,-0.375,-0.125,0.254447401637742,-0.025654154459465,False,
CHCHD5,-0.125,0.375,0.0364632705528308,-0.1968583123044069,False,
CHCHD6,-0.25,0.5,0.7613528866793879,-0.0449617181656925,False,
CHD1,-0.25,-0.5,0.1418263196661575,0.2575137175352049,False,
CHD1L,-0.6000000000000001,-0.0666666666666666,0.812639128359834,0.0752991982978632,False,
CHD2,0.25,-0.375,-0.215040297114496,-0.2944759173471212,False,
CHD3,0.0,-0.125,-0.1424168312316927,-0.1077326465106591,False,
CHD4,-0.375,0.0,0.5791515513692076,-0.0812922749649298,False,
CHD6,0.25,-0.25,-0.2286786114504325,-0.4058398436471289,False,
CHD7,0.1999999999999999,-0.1999999999999999,-0.320920425219116,-0.0343751674401953,False,
CHD8,-0.25,-0.25,0.1280697662633285,-0.1958970014363101,False,
CHD9,0.25,0.0,-0.5995524792470786,0.1798874995933408,False,
CHDH,-0.6000000000000001,0.0666666666666666,0.296281268440856,0.1166053778762787,False,
CHEK1,-0.25,-0.125,0.3632288627180535,-0.0118630646194692,False,
CHEK2,0.0,0.125,-0.0977662228345845,-0.3143290437121711,False,
CHERP,0.0666666666666666,-0.0666666666666666,0.753627291252092,0.0324379750880254,False,
CHFR,0.25,-0.125,-0.0777988382665114,0.2005991284066577,False,
CHI3L2,0.7333333333333334,-0.0666666666666666,-0.526016939221797,-0.871192418156916,False,
CHIC1,0.375,-0.25,-0.365211026027012,-0.0727548804150838,False,
CHIC2,0.625,-0.25,-0.106530972061327,-0.43378282708818,False,
CHID1,-0.5,0.125,0.878380372834707,0.168006137980567,False,
CHKA,-0.25,-0.125,-0.0900072484558053,0.6144111765520308,False,
CHM,0.625,-0.125,-0.590871952434069,-0.2879893397735271,False,
CHML,-0.375,-0.125,0.233883128772991,0.4358208862807058,False,
CHMP1B,0.2941176470588236,-0.0588235294117647,-0.244597435933371,0.2679886519280501,False,
CHMP2A,0.0,0.25,-0.0922198902192663,0.1975024195335,False,
CHMP2B,0.375,0.125,-0.3182468262382175,-0.1866536382660539,False,
CHMP3,0.5,0.0,-0.7516363481248161,-0.0357834302289923,False,
CHMP4A,-0.125,-0.125,-0.146221760165513,0.1593043507260019,False,
CHMP4B,0.0,0.1111111111111111,0.0426251483746309,-0.0906039136889129,False,
CHMP6,-0.4444444444444444,0.0,0.721056363907647,0.1742049229247186,False,
CHMP7,-0.125,0.125,0.201659099839177,0.0542345193350635,False,
CHN1,0.375,-0.125,-0.256076756098595,-0.6370461029324885,False,
CHORDC1,-0.375,-0.25,0.201062879521411,0.1697018164647277,False,
CHP1,-0.125,0.125,0.0576898450647506,0.117614634251022,False,
CHPF,0.25,0.625,-0.0481754789792645,0.1838225305168876,False,
CHPF2,-0.375,0.375,0.6185668217632565,-0.0035482099312651,False,
CHPT1,0.5,0.375,-0.6221108707297345,0.314250130203042,False,
CHRAC1,0.125,0.0,-0.0342189801911756,0.2623772440133369,False,
CHRD,0.0666666666666666,0.1999999999999999,-0.347352873001947,0.8202364362812683,False,
CHRDL1,-0.375,-0.25,0.0213191461437104,-0.2884078396598289,False,
CHRNA5,-0.3333333333333332,-0.1999999999999999,0.628716263634345,0.0804451200773241,False,
CHRNB1,0.6470588235294117,-0.1764705882352941,-0.381495696647985,0.1845872191189572,False,
CHST1,-0.2941176470588236,-0.1764705882352941,0.19415819004242,-0.414899095101104,False,
CHST10,0.0,-0.25,-0.2673283989752455,1.1019647252680451,False,
CHST11,-0.125,0.0,0.353642310773757,-0.308020327625143,False,
CHST12,0.25,0.5,-0.1388502463408906,-0.125084837486757,False,
CHST14,-0.4444444444444444,0.5555555555555556,0.266487937912122,0.6428714952598116,False,
CHST15,0.5,-0.25,-0.5667300080548989,0.4624371908821929,False,
CHST2,0.5555555555555556,-0.1111111111111111,-0.849918190566268,0.2888589762869085,False,
CHST3,0.4444444444444444,-0.2222222222222223,-0.6360415307575695,-0.1554121107733208,False,
CHST6,-0.0666666666666666,-0.0666666666666666,-0.234523020577158,0.6462767853237187,False,
CHST7,0.2222222222222223,-0.1111111111111111,-0.0738609729919259,0.5833466666772953,False,
CHSY1,-0.2222222222222223,-0.1111111111111111,0.27464548986053,0.2214208339033003,False,
CHSY3,0.2222222222222223,0.1111111111111111,-0.4687341335599549,0.2547142998287341,False,
CHTOP,-0.25,-0.375,0.5313330870177055,-0.2663558209729326,False,
CHUK,0.125,-0.125,-0.368253466709676,0.4105728493229301,False,
CIAO1,0.1111111111111111,0.0,-0.22754444008934,0.8822583340072727,False,
CIAPIN1,-0.25,0.25,0.295622350306962,-0.051589662268791,False,
CIB1,-0.5,0.375,0.2712123172936681,0.133287410767068,False,
CIB2,-0.1999999999999999,-0.4666666666666665,0.193272163048615,0.0094973332224395,False,
CIC,-0.3333333333333332,-0.1111111111111111,0.363400162144714,0.1430419864181402,False,
CIDEB,0.0,0.125,-0.3270218717874665,0.8014292380027515,False,
CIITA,0.0,-0.25,-0.331412813417388,-1.1193638632637553,False,
CILP2,0.375,0.25,-0.2803707864412345,0.6108407973017334,False,
CINP,-0.5,-0.125,0.5095326387092445,-0.0898340176323784,False,
CIR1,0.25,0.125,-0.1373666711566922,0.3140063387124256,False,
CIRBP,0.125,0.125,-0.139194052462508,0.2438812264258234,False,
CISD1,-0.125,0.125,0.328452202040466,-0.3937419689376891,False,
CISD2,-0.125,-0.125,0.0248141702725027,0.1573974642794722,False,
CISD3,-0.0588235294117647,-0.0588235294117647,0.179330771314161,0.8464074109254469,False,
CISH,-0.1999999999999999,-0.0666666666666666,-0.0668107882414262,-0.2730766996505007,False,
CIT,-0.25,-0.125,0.6415787550909765,-0.2163054420044061,False,
CITED2,0.0,-0.125,0.1799958534668558,0.1102655531483969,False,
CITED4,0.2941176470588236,0.1764705882352941,-0.330756672582534,0.2131443326086031,False,
CIZ1,0.25,0.0,0.201257236690086,0.2297531829156174,False,
CKAP2,-0.25,-0.5,0.3561754229543765,0.1624293012800883,False,
CKAP2L,-0.25,-0.375,0.543753193121558,0.0702604312743941,False,
CKAP4,0.0,-0.125,0.2563559487660414,-0.2784941011430595,False,
CKAP5,-0.25,-0.5,0.484048539960849,0.0016873510709038,False,
CKB,0.125,-0.125,0.1091158808884645,0.2254799845345949,False,
CKS1B,-0.25,0.125,0.6230110242509325,0.1077281712163229,False,
CKS2,-0.1111111111111111,-0.2222222222222223,0.4107981212892535,-0.2162650491926676,False,
CLASP1,0.75,-0.125,-0.8031741355197834,0.303782646734271,False,
CLASP2,-0.25,-0.125,-0.1170747191009546,-0.1194337613298044,False,
CLASRP,-0.375,0.0,0.4674901498609135,0.0158472102143303,False,
CLCA2,-0.375,-0.25,0.4951776016437615,-0.4263805616272678,False,
CLCC1,-0.1999999999999999,-0.0666666666666666,0.234294278680154,0.2594862506356041,False,
CLCF1,0.125,-0.125,0.319625923203241,0.0710076082120303,False,
CLCN2,-0.1999999999999999,-0.1999999999999999,0.353678576938629,0.962084876420765,False,
CLCN3,0.0,0.0,-0.0900075906653387,-0.1002580370800831,False,
CLCN4,0.625,0.0,-0.410013634567442,-0.4786923030655134,False,
CLCN5,0.5,0.25,-0.3112685013344375,0.0433051467631702,False,
CLCN7,0.5,0.125,-0.146656412157324,-0.4127325168214955,False,
CLDN1,0.1764705882352941,-0.6470588235294117,0.222032791120053,0.3041858792137908,False,
CLDN12,0.0,-0.375,-0.155617045396232,-0.1341857307409779,False,
CLDN23,-0.0588235294117647,0.2941176470588236,-0.0690730525239103,0.2071803503766445,False,
CLDN4,-0.3333333333333332,-0.0666666666666666,0.233023669126878,-1.1029999516237488,False,
CLDN7,0.411764705882353,-0.0588235294117647,-0.464938870697639,-0.4041271997959839,False,
CLDND1,0.25,-0.125,-0.1568606891792825,0.1001275799328711,False,
CLEC11A,-0.25,0.0,0.186299491893352,0.3079119158009855,False,
CLEC16A,0.125,0.25,-0.2288995990415985,-0.2688798505649772,False,
CLEC2B,0.25,0.0,-0.3958478538426175,0.2913090077848873,False,
CLEC2D,0.375,0.0,-0.1319118874585503,-0.3812942856758514,False,
CLHC1,0.125,0.125,-0.172582813286273,-0.0834557599793854,False,
CLIC1,-0.5294117647058822,-0.2941176470588236,0.641701834663211,-0.0210123893506044,False,
CLIC4,0.125,-0.125,-0.3253841118662178,0.3029230427961025,False,
CLINT1,-0.25,0.125,0.1743236132059435,0.2177366785141143,False,
CLIP1,-0.25,-0.375,-0.1184634957308576,-0.1499198900100649,False,
CLIP2,-0.375,0.0,0.2404118604636305,0.3266520459251358,False,
CLIP3,0.5,-0.25,-0.2125266568874965,0.0509224732429556,False,
CLIP4,0.25,-0.125,-0.5345622900978935,-0.4910516910555516,False,
CLK1,0.375,0.125,-0.622309066467726,-0.0033300951913464,False,
CLK2,-0.625,0.0,0.3055148418081005,0.1239540275975543,False,
CLK3,-0.125,0.25,0.5966265525861341,0.2714434456420402,False,
CLK4,0.25,0.0,-0.9108777140283084,0.1680600925333197,False,
CLMN,0.3333333333333332,-0.3333333333333332,-0.128452366132047,0.8092551408928812,False,
CLMP,-0.25,0.0,-0.035218156004863,-0.2506243215417285,False,
CLN3,0.5,-0.5,-0.257715954714549,-0.1200630195465528,False,
CLN5,0.6000000000000001,-0.0666666666666666,-0.589015580791289,0.3116555782378865,False,
CLN6,-0.375,-0.25,0.662908785346903,0.5243684753194859,False,
CLN8,0.0666666666666666,-0.1999999999999999,-0.180138730174124,0.1815550723865606,False,
CLNS1A,-0.1111111111111111,0.1111111111111111,0.0250462949160393,-0.1117861157331869,False,
CLOCK,0.125,0.0,-0.24309345973474,-0.3692647269050155,False,
CLP1,-0.1111111111111111,0.0,-0.0668931097447262,-0.0219711771747874,False,
CLPB,-0.125,-0.125,0.1336674970656035,-0.1173314326403698,False,
CLPP,0.0,0.125,0.1469910666172655,0.0470730716960119,False,
CLPTM1,0.125,-0.125,-0.0349080844025035,0.1636853319672115,False,
CLPTM1L,-0.25,0.375,0.0369647001801595,0.7263982234819628,False,
CLPX,0.1111111111111111,0.1111111111111111,0.0843539477939864,0.132298774757861,False,
CLSPN,-0.25,0.0,0.6196208551313396,-0.0253355762458515,False,
CLSTN1,-0.125,0.0,0.3040327158149395,-0.0969911236463962,False,
CLSTN2,0.3333333333333332,0.3333333333333332,-0.235004235420427,0.3104378558047489,False,
CLSTN3,-0.4444444444444444,0.0,0.3265022533902045,0.0157020109212062,False,
CLTA,0.0,0.25,0.3348322243203255,-0.0301454159185379,False,
CLTB,0.25,0.0,0.0583100040297136,0.1465651294800749,False,
CLTC,-0.375,0.125,0.4172035526207045,-0.4129980373232276,False,
CLTCL1,0.625,-0.25,-1.08792295000514,0.9716510437322984,False,
CLU,0.125,-0.25,-0.1040238296283379,-0.5055188822519545,False,
CLUAP1,0.125,0.125,-0.426915585727264,0.2716462258308301,False,
CLUH,-0.375,0.0,0.614026996591696,0.1172924490196036,False,
CLYBL,0.3333333333333332,0.4666666666666665,-0.102937083163519,0.1521300254096416,False,
CMAS,0.0,-0.25,0.452033104527457,-0.0482589025119435,False,
CMBL,-0.2222222222222223,0.5555555555555556,0.0482357356886356,0.0423464411590748,False,
CMC1,0.375,0.0,-0.145423616150394,-0.3743999384914969,False,
CMC2,-0.3333333333333332,0.1111111111111111,0.371663312793618,-1.1146039813346895,False,
CMIP,-0.375,0.0,0.1720489431197694,0.1445488257606779,False,
CMPK1,0.375,0.0,-0.244195122233705,0.2259329716969444,False,
CMPK2,0.4666666666666665,-0.3333333333333332,-0.263549978607933,-0.3098608828573032,False,
CMSS1,-0.125,0.0,0.2240240314509025,-0.3361780592331724,False,
CMTM3,0.5,0.125,-0.6759681612844465,0.5007216175593783,False,
CMTM4,0.375,0.375,-0.524188306304731,0.7000982718691853,False,
CMTM6,0.1111111111111111,0.2222222222222223,-0.4178310127107735,0.2317831914621675,False,
CMTM7,-0.5,-0.125,0.2665988583322305,-0.1573193185577874,False,
CMTM8,0.7647058823529411,-0.0588235294117647,-0.596425549206438,0.586319298770144,False,
CMTR1,0.125,-0.125,0.0239899589439982,-0.2099140169836673,False,
CMTR2,0.5,-0.125,-0.4911543906779114,-0.0086708931532517,False,
CMYA5,0.4666666666666665,0.0666666666666666,-0.732660025397014,-0.5936441297343156,False,
CNBP,0.125,-0.5,-0.5032258253432055,0.356515524046884,False,
CNDP2,-0.125,0.125,-0.1109758028795244,0.2078548813813032,False,
CNEP1R1,0.375,0.125,-0.283530969853318,-0.2232978579296176,False,
CNIH1,0.25,0.25,-0.329343746513272,0.5078872033403534,False,
CNIH2,-0.4666666666666665,-0.0666666666666666,0.349235502053534,0.6492307431465334,False,
CNIH3,-0.5555555555555556,0.0,0.447209338204785,-0.5322568837557444,False,
CNIH4,0.25,-0.375,-0.3711635092439395,-0.2667062454535145,False,
CNKSR3,0.625,-0.25,-0.3861390803968449,0.2389432918170624,False,
CNN1,0.2222222222222223,-0.2222222222222223,-0.0402586048379465,0.5254545332724847,False,
CNN2,0.0,0.125,0.271290375643144,0.2280319154285093,False,
CNN3,0.125,-0.25,0.388315529950379,0.2396508171804789,False,
CNNM2,-0.125,0.25,0.092824529099359,-0.1598883685115004,False,
CNNM3,0.125,0.125,-0.3070338827463325,0.3861028120378629,False,
CNNM4,-0.375,-0.375,0.3091355787366425,0.1090395208330101,False,
CNOT1,-0.125,-0.25,0.2334836937261725,-0.1638383834496886,False,
CNOT10,0.125,-0.125,-0.258847592610033,-0.1894225333114754,False,
CNOT11,-0.2222222222222223,0.2222222222222223,0.0497756652386523,0.6192303082955636,False,
CNOT2,-0.25,0.0,0.196423185470659,0.3129028036731023,False,
CNOT3,-0.125,0.0,0.3510105545743135,-0.1834788004039671,False,
CNOT4,0.5,-0.375,-0.2847267873131345,0.007410172887373,False,
CNOT6,-0.5,-0.375,0.1800637486332825,0.4647238683099681,False,
CNOT6L,0.5,-0.25,-0.625119751316682,0.143522419918546,False,
CNOT7,-0.125,-0.375,-0.1197851519212785,-0.0569915005377246,False,
CNOT8,0.0,0.0,0.0442949751027999,-0.0450162461947685,False,
CNP,0.0,0.25,0.1979696756382324,0.6045184265537378,False,
CNPPD1,-0.125,0.125,0.097982891606394,0.3767761171978783,False,
CNPY2,-0.3333333333333332,0.1111111111111111,0.1911402240875725,-0.1413917807449531,False,
CNPY3,-0.75,0.625,0.589651236884328,-0.1826982407067934,False,
CNPY4,-0.1111111111111111,-0.2222222222222223,0.1123924214230137,-0.2031448167690992,False,
CNR1,0.6000000000000001,0.0666666666666666,-0.393395472806884,0.2924183095887724,False,
CNRIP1,0.1111111111111111,0.0,-0.0452623322960555,-0.1063213386776547,False,
CNST,-0.125,-0.375,0.0005634549873869,-1.0384596323345698,False,
CNTLN,-0.125,0.375,0.216108410440489,0.1320322360898154,False,
CNTN3,0.375,-0.125,-0.3362010433286455,-0.3488337110209197,False,
CNTNAP1,-0.125,0.0,0.2627872857589755,0.1720481518335748,False,
CNTRL,-0.125,-0.5,-0.3707922406698175,-0.0277979606544271,False,
CNTROB,-0.25,-0.125,0.3585857979207665,-0.0206085768880646,False,
COA1,-0.625,-0.25,0.672287093144031,-0.5503460367941271,False,
COA4,-0.4444444444444444,0.0,0.3399870980772615,-0.1803363317305741,False,
COA5,0.5555555555555556,0.4444444444444444,-0.4168050170935575,0.5266693487572842,False,
COA6,0.125,0.375,0.0895078014490594,-0.3496508922131376,False,
COA7,0.5294117647058822,-0.2941176470588236,-0.450470339596683,0.0371348497422001,False,
COASY,-0.125,0.25,0.2950541841557175,-0.1686806799700453,False,
COBLL1,0.0,0.25,-0.0594064526461731,-0.5914734664686945,False,
COCH,-0.4666666666666665,-0.0666666666666666,0.331793431681538,0.38447948543595,False,
COG1,0.0,0.125,0.171402692092231,-0.1211363110340988,False,
COG2,0.5,-0.125,-0.789743035811613,0.1711511349608896,False,
COG3,0.25,0.125,-0.489143182554492,-0.2149568998201632,False,
COG4,-0.375,0.25,0.1675811689132155,-0.5190196683535828,False,
COG5,0.2222222222222223,0.1111111111111111,-0.1688580751946535,-0.6594523370721255,False,
COG6,-0.125,0.125,-0.0162448032955755,0.3075209499604641,False,
COG7,0.125,0.0,-0.2473222841676225,0.0077373413743482,False,
COG8,0.0,0.5,-0.167294640746494,0.8700561901111847,False,
COIL,-0.2222222222222223,-0.1111111111111111,0.1257695083502797,0.3956590619906208,False,
COL10A1,0.3333333333333332,0.3333333333333332,-0.616280762683586,-0.8463808895625011,False,
COL11A1,0.1999999999999999,0.6000000000000001,-0.374939800791591,-0.0991399445040994,False,
COL11A2,-0.1999999999999999,0.3333333333333332,-0.489573039819525,-0.9824852947276468,False,
COL12A1,0.5,-0.125,-0.521490563670763,-0.1621753377262789,False,
COL13A1,-0.25,-0.375,0.7867827678788755,-0.308485687843657,False,
COL14A1,0.25,-0.25,-0.5877924975583475,-0.577533023176144,False,
COL15A1,0.3333333333333332,0.0666666666666666,-0.673222733120768,-0.346202776577436,False,
COL16A1,0.625,0.125,-1.14676703880736,-0.1673204388570486,False,
COL18A1,-0.0666666666666666,-0.0666666666666666,-0.204667921084989,0.7065123644479718,False,
COL1A1,0.375,0.0,-0.409023482540757,0.1375177010189823,False,
COL1A2,0.5,0.0,-0.104996283764355,-0.2540727239169933,False,
COL24A1,0.0666666666666666,0.1999999999999999,-0.339358723536065,-0.1716274005447797,False,
COL25A1,-0.125,0.5,0.6641739959953741,-0.3167326009401818,False,
COL27A1,0.125,0.25,-0.3739241300294045,-0.1610107445878665,False,
COL28A1,0.6000000000000001,0.1999999999999999,-0.826045195206496,-0.3529769184905249,False,
COL3A1,0.625,0.25,-0.512749448657635,-0.6407639682125064,False,
COL4A1,0.25,-0.125,-0.0263171601976314,0.2636968825564481,False,
COL4A2,-0.125,0.0,0.273982681333479,-0.7641186871768408,False,
COL4A4,0.125,-0.125,-0.412358513143523,0.4279380691233354,False,
COL4A6,-0.1999999999999999,-0.0666666666666666,0.311388865931183,-1.303997723971066,False,
COL5A1,0.125,0.0,0.1748887019951855,0.0601532045227162,False,
COL5A2,0.375,-0.125,-0.423605354770611,-0.4180536622244468,False,
COL5A3,0.375,-0.25,-0.4194422461321305,0.6267654260008311,False,
COL6A1,0.125,0.0,0.2712472425866125,0.4493372303117995,False,
COL6A2,0.25,0.25,-0.0198809004248115,-0.4998732344865924,False,
COL6A3,0.25,0.0,-0.410408000650681,-0.822661444039031,False,
COL7A1,0.25,-0.375,-0.4653292008337015,0.2685326254369764,False,
COL8A1,0.625,0.75,-0.9245112599473524,-0.2787238543652859,False,
COL8A2,0.125,-0.125,-0.577886340345891,0.0200034900353858,False,
COL9A2,0.4666666666666665,0.1999999999999999,-0.732045609059064,-0.129028317530768,False,
COLEC12,-0.75,0.0,0.645484310452069,0.5793694817728664,False,
COLGALT1,0.125,0.0,0.2199689895637252,0.0085014687400106,False,
COLGALT2,0.4666666666666665,-0.0666666666666666,-0.372000586878494,0.3913990640974845,False,
COLQ,0.1999999999999999,0.6000000000000001,-0.0928370225124364,-0.0156512152672216,False,
COMMD1,-0.25,0.375,0.2741092749724205,0.3464447896715497,False,
COMMD10,0.1111111111111111,0.4444444444444444,-0.21435566969316,-0.0062836640568533,False,
COMMD2,0.2222222222222223,-0.1111111111111111,-0.38785478573191,-0.0731905507682959,False,
COMMD3,0.3333333333333332,0.0666666666666666,-0.477160209587584,0.5316531615024305,False,
COMMD4,-0.25,-0.125,-0.0145719495663765,0.0447971870604457,False,
COMMD5,0.75,0.375,-0.572045076951607,0.6590844111097713,False,
COMMD6,0.125,0.5,-0.020165239153459,-0.0564385671464719,False,
COMMD7,-0.5,0.125,0.6352088751350465,0.499442174830681,False,
COMMD8,0.125,0.375,0.082732257335869,-0.0338550193067914,False,
COMMD9,-0.125,0.25,0.33893822803133,0.0772309818717946,False,
COMT,0.5,-0.875,-0.4476309696820655,-0.1472070468636328,False,
COMTD1,0.3333333333333332,0.0666666666666666,-0.123507709433225,0.7624038595958595,False,
COPA,-0.25,0.375,0.039970558406585,0.0153343940344625,False,
COPB1,-0.25,-0.125,0.1618441365011262,-0.2565348110738339,False,
COPB2,-0.625,0.125,0.1741293661983073,-0.1890404346506593,False,
COPE,-0.5,0.25,0.488992223448073,-0.2358152618631117,False,
COPG1,-0.25,0.125,0.4663430665462375,-0.0752072809663164,False,
COPG2,-0.625,0.375,0.557184072946853,0.5772504212544269,False,
COPRS,-0.875,0.25,0.756543306455868,0.1723680707526731,False,
COPS2,0.125,0.125,-0.2409702450007597,-0.6796878287157897,False,
COPS3,-0.625,-0.125,0.4327410455740665,0.0426554063012991,False,
COPS4,-0.1111111111111111,0.3333333333333332,0.1387392868165134,-0.2241005255114467,False,
COPS5,0.125,-0.125,-0.322918964736017,-0.1237390494732313,False,
COPS6,-0.375,-0.25,0.3576699483177525,-1.0013765452494907,False,
COPS7A,0.375,0.25,-0.1709078105236527,0.2008972238338771,False,
COPS7B,-0.375,0.25,0.31556748977031,0.1796837611996715,False,
COPS8,0.5,0.375,-0.9410110130123284,0.1019114013587625,False,
COPZ1,-0.375,0.125,0.4118270045394739,-0.6369417343036821,False,
COPZ2,0.0,0.625,-0.426054041760403,-0.0631492897395458,False,
COQ10A,-0.125,0.125,0.1352484674281445,0.144962625446142,False,
COQ10B,0.2222222222222223,-0.2222222222222223,-0.242555151450215,0.0191917056351309,False,
COQ2,-0.25,-0.25,-0.0300699368439211,0.1590859363869445,False,
COQ3,-0.625,-0.125,0.2904815525358445,-0.1679931087533304,False,
COQ4,-0.25,0.5,0.184915942252598,0.2192145882588678,False,
COQ5,-0.25,0.125,-0.0115322182688934,-0.0080678689472948,False,
COQ6,0.25,0.0,0.0208661103926185,-0.0404356418244815,False,
COQ7,0.375,-0.25,-0.0439078279008834,-0.2839787264958637,False,
COQ9,-0.25,0.5,0.2328581877741595,0.5920672613148121,False,
CORIN,0.875,0.375,-0.9082046935595705,0.1780373390726155,True,1.0
CORO1A,-0.7333333333333334,0.1999999999999999,0.961724507911936,0.6193760106925716,False,
CORO1B,0.0,0.125,0.058513286431065,0.417711924955773,False,
CORO1C,-0.5,-0.5,0.6231346967757125,-0.2123791179992906,False,
CORO2A,-0.0666666666666666,-0.0666666666666666,0.263885830796513,0.6174907584659708,False,
CORO2B,-0.125,-0.125,0.277326979361521,-0.6874654174387331,False,
CORO6,-0.1999999999999999,0.6000000000000001,0.0746172689020375,0.3162510395623013,False,
CORO7,-0.125,-0.625,0.299572545483675,0.8267246836713342,False,
COTL1,-0.4444444444444444,-0.2222222222222223,0.7192516607245845,-0.3535101962774507,False,
COX11,0.25,0.375,-0.387462816534973,-0.3427235253223968,False,
COX14,0.1111111111111111,0.2222222222222223,0.194671823376609,-0.3715469898803425,False,
COX15,-0.1999999999999999,-0.0666666666666666,-0.24827245253691,-0.1794054153549842,False,
COX16,-0.25,0.0,0.251622721317835,-0.2417183015991999,False,
COX17,0.0,-0.2222222222222223,-0.0571169614438508,-0.0136575909896996,False,
COX18,0.25,0.0,-0.6058360289230085,-0.0332270674969121,False,
COX19,0.1111111111111111,0.1111111111111111,-0.2213451321691359,0.7611220293976402,False,
COX20,-0.125,0.0,0.323373100748061,-0.1205757117933559,False,
COX4I1,-0.125,0.375,0.3326639922428405,0.9528899804168908,False,
COX5A,-0.375,0.5,0.2693362331530365,0.2750335062929872,False,
COX5B,-0.1111111111111111,0.2222222222222223,0.1629586279826342,0.1212760181994334,False,
COX6A1,-0.4444444444444444,-0.2222222222222223,0.3293061536588135,-0.2134071191695845,False,
COX6B1,0.0,0.25,0.207572711651125,0.0317380321134805,False,
COX6C,0.375,-0.375,-0.0137139857682481,-0.5018946793188244,False,
COX7A2,-0.375,0.0,0.090184653663728,-0.5367021555392086,False,
COX7A2L,0.0,0.375,-0.1196449927739972,-0.1555533047024302,False,
COX7B,0.1111111111111111,-0.2222222222222223,0.215717934988681,-0.5071018319123906,False,
COX7C,-0.125,0.125,0.046099946420361,-0.4596124107192383,False,
COX8A,-0.7647058823529411,0.1764705882352941,0.727992081964811,-0.3414113910100549,False,
CPA4,-0.75,-0.625,0.8428575465627219,-0.8194759899755955,False,
CPAMD8,0.7333333333333334,-0.1999999999999999,-0.755452651072359,0.3373741835663342,False,
CPD,-0.25,0.25,0.0168286656001619,0.3148620632506271,False,
CPE,0.125,0.25,-0.470174165287274,0.3209846742236442,False,
CPEB1,0.1999999999999999,0.0666666666666666,-0.147044500241586,0.0631177012488435,False,
CPEB2,-0.125,-0.125,-0.2732467794359114,0.2497334485103457,False,
CPEB3,0.375,-0.5,-0.498416983061442,0.3220565158997428,False,
CPEB4,0.125,0.125,-0.6358287028279146,0.0600543252736947,False,
CPED1,-0.125,-0.25,0.187336248950712,-0.4660800480469231,False,
CPM,0.75,0.125,-0.9885302929098716,0.4172875896319103,False,
CPNE1,-0.25,-0.5,0.531027011228581,0.1670736711384148,False,
CPNE2,-0.5,0.0,0.1950973862313975,-0.2358199793916211,False,
CPNE3,-0.125,-0.125,0.0236247043358034,0.5285010776419319,False,
CPNE7,0.375,-0.5,-0.4610706893376914,0.7140074369910354,False,
CPNE8,0.3333333333333332,0.0666666666666666,0.0269839223452989,-0.1766416438788733,False,
CPOX,-0.5555555555555556,0.0,0.3457135068253105,0.2882496835882993,False,
CPPED1,0.625,-0.25,-0.2850500801037965,0.1262168569740587,False,
CPQ,0.25,0.125,-0.41738690539549,0.0624028276038526,False,
CPS1,-0.375,-0.125,0.1538876818735425,-0.740352233597432,False,
CPSF1,-0.3333333333333332,0.2222222222222223,-0.0341582360949097,0.2958576561094315,False,
CPSF2,-0.25,-0.375,-0.196639847591475,-0.4214470471450868,False,
CPSF3,-0.375,0.0,0.5935954320152654,0.0576488537301211,False,
CPSF4,-0.5,-0.25,0.1482487823726495,0.088982282881955,False,
CPSF6,-0.75,0.125,0.530634977577946,0.0941410741464654,False,
CPSF7,-0.25,-0.125,0.313149299481169,0.16313753863469,False,
CPT1A,0.0,-0.125,-0.0392004607636809,0.2115744905957455,False,
CPT1C,-0.75,0.125,0.4454904640178595,0.0169359585638466,False,
CPT2,-0.2222222222222223,-0.2222222222222223,-0.101884603034505,0.2936749576129758,False,
CPXM1,-0.0588235294117647,-0.1764705882352941,0.134976434356591,0.3797059815861087,False,
CRABP2,-0.6666666666666667,0.1111111111111111,0.6615674988695379,0.2188044974485941,False,
CRADD,0.5,0.125,-0.8037566044926365,0.1479707647960904,False,
CRAT,-0.125,0.25,0.1338449812722792,-0.0298513651346952,False,
CRBN,0.375,0.125,-0.434066933843816,0.15779540750143,False,
CRCP,0.5555555555555556,-0.1111111111111111,-0.52380099354873,-0.18168380949658,False,
CREB1,-0.125,0.0,0.1584106309040369,0.0040957989038621,False,
CREB3L1,0.0,-0.125,0.3183361780329055,-0.1611473979551547,False,
CREB3L2,-0.125,0.0,-0.0606772182682838,-0.3708980721592216,False,
CREB3L4,-0.25,0.5,0.0354379567685505,0.1044926336113767,False,
CREB5,-0.375,-0.5,0.762559528175457,-0.5627803948620964,False,
CREBBP,0.375,-0.5,-0.45009014089188,0.0754441940038255,False,
CREBL2,0.0,0.0,-0.2857653361151815,-0.1158056683195085,False,
CREBRF,0.5,-0.25,-0.892891163348523,0.037789458406285,False,
CREBZF,-0.25,0.0,-0.1547548848166235,0.5635989622123443,False,
CREG1,0.4444444444444444,0.2222222222222223,-0.230066042847121,0.5000030989334339,False,
CRELD1,0.6000000000000001,-0.3333333333333332,-0.484199545706869,0.1824509051312519,False,
CREM,0.125,-0.25,-0.102040951398243,-0.2557837959325839,False,
CRIM1,0.125,-0.5,-0.0055140154329975,-0.0773871951137397,False,
CRIP2,0.125,0.125,-0.1964943622859415,0.4198306694617795,False,
CRISPLD1,0.1111111111111111,-0.3333333333333332,-0.5855837450730694,0.1803813230767981,False,
CRISPLD2,0.25,-0.25,-0.6391455106619626,-0.1057440164727525,False,
CRK,-0.1111111111111111,-0.1111111111111111,-0.231244030447164,0.3790120255791405,False,
CRKL,0.0,0.0,0.3565064387753655,0.1298985256400588,False,
CRLF1,0.1999999999999999,-0.4666666666666665,-0.393902026471084,0.7415612008531518,False,
CRLF3,0.0,-0.75,0.0127413588014622,0.4928763517630794,False,
CRLS1,-0.125,0.125,-0.1828639899193355,0.2058867535214461,False,
CRNDE,-0.1999999999999999,0.1999999999999999,-0.23657737005788,-0.0912333484663676,False,
CRNKL1,-0.125,0.0,0.109954277715776,0.1225381162097378,False,
CROCC,0.0,0.0,-0.4197214522279715,0.1559797148943864,False,
CROT,0.375,-0.125,-0.453338683818111,-0.9237395876022332,False,
CRTAP,0.5,0.125,-0.261250143514961,-0.0467649684996236,False,
CRTC1,0.5,0.25,-0.381436977721813,0.4886985664915835,False,
CRTC2,0.125,0.0,-0.4873039085916825,-0.2068054330270006,False,
CRTC3,0.625,-0.125,-0.5611760833514505,-0.0099446099214848,False,
CRY1,-0.375,0.0,0.3818421785631415,-0.0033159894213263,False,
CRY2,-0.25,0.5,-0.0089411958888911,-0.0650125552882827,False,
CRYAB,0.4444444444444444,0.1111111111111111,-0.5741299925652774,-0.3170728279996675,False,
CRYBG3,-0.125,-0.125,0.074824019361997,0.2137998318861895,False,
CRYGS,0.2941176470588236,-0.1764705882352941,-0.317273415410364,-1.2271040421816202,False,
CRYL1,0.375,0.375,-0.4666168063885865,-0.3132220486745165,False,
CRYZ,-0.5,-0.125,0.1493186262005864,-0.0696875934298804,False,
CRYZL1,-0.3333333333333332,0.0666666666666666,0.525097017721773,0.0591672913017915,False,
CS,-0.5,-0.125,0.399422232193962,0.1071254656419062,False,
CSAD,0.125,0.375,-0.712821319969304,-0.0203671539919909,False,
CSDC2,-0.4666666666666665,0.1999999999999999,-0.0205075613945518,0.1092282727152572,False,
CSDE1,0.0,0.0,-0.2411932054717125,-0.2191966669181835,False,
CSE1L,-0.625,-0.5,0.453567127957252,0.4600133394073049,False,
CSF1,0.625,-0.5,-0.485479484729581,-0.0361137103403428,False,
CSF1R,-0.3333333333333332,0.1999999999999999,0.209090139808597,-0.6225850879027144,False,
CSGALNACT1,0.25,0.5,-0.457019609067913,-0.526988854206635,False,
CSGALNACT2,0.5555555555555556,-0.2222222222222223,-0.4102327728496635,-0.2994376170131323,False,
CSK,-0.125,-0.25,0.2179195385156245,0.2432878052713798,False,
CSMD2,-0.8666666666666667,0.1999999999999999,0.668464988811379,-0.1055213663328125,False,
CSNK1A1,0.0,-0.375,-0.0205289324564333,0.1116826239457,False,
CSNK1D,0.125,0.0,0.122726945231593,0.3467079626283786,False,
CSNK1E,-0.1999999999999999,-0.3333333333333332,0.0964682576724163,-0.1238313433077658,False,
CSNK1G1,0.125,-0.375,0.0276890794685984,-0.1764987236974122,False,
CSNK1G2,-0.25,0.0,0.2407701270032955,0.524359917907292,False,
CSNK1G3,-0.125,-0.125,-0.1039391567161384,-0.3253446718763246,False,
CSNK2A1,-0.5,-0.25,0.461831857667719,0.0785997480623073,False,
CSNK2A2,-0.125,0.125,0.2340047834631189,0.2304636959353392,False,
CSNK2A3,-0.3333333333333332,-0.1999999999999999,0.390769551404462,-0.6700876915814439,False,
CSPG4,0.0,-0.2222222222222223,-0.037899357982853,0.5192084909713206,False,
CSPP1,0.25,-0.125,-0.2516502616177329,-1.0199114412017631,False,
CSRNP1,0.25,0.125,-0.470971048846877,-0.2365535880104161,False,
CSRNP2,0.5555555555555556,-0.3333333333333332,-0.26198796748622,0.0014321585719181,False,
CSRNP3,0.125,-0.25,-0.1718272236949889,-1.0872686882917808,False,
CSRP1,-0.25,0.125,0.5076203637870945,-0.2005858252076637,False,
CSRP2,-0.375,0.0,0.6212014833067849,-0.432426126222615,False,
CST3,0.8888888888888888,0.1111111111111111,-0.64975869370302,0.1218255540635802,True,1.0
CST6,0.25,-0.25,-0.0525289078599702,-0.8730674454611443,False,
CSTA,0.7333333333333334,-0.0666666666666666,-0.599083034907338,0.3456634483157081,False,
CSTB,0.5,-0.125,-0.2571377162356665,1.016941317835813,False,
CSTF2,-0.25,-0.5,0.449734919785574,0.0273751683845659,False,
CSTF2T,0.2222222222222223,-0.1111111111111111,-0.614780216886804,-0.0647403669225756,False,
CSTF3,-0.5,-0.125,0.6698220156889965,-0.1800608520002771,False,
CTBP1,0.0,0.25,0.1572135131367645,0.2035104321026259,False,
CTBP2,0.125,-0.5,0.0922677331135239,0.4181749276024611,False,
CTBS,0.5,0.0,-0.5020013690583784,-0.1361670189616313,False,
CTC1,0.25,0.0,-0.4233818294184229,-0.4179069461183342,False,
CTCF,-0.25,-0.125,0.1110087187462295,0.2223403364928766,False,
CTDNEP1,-0.125,0.125,0.1772958825499265,-0.1769118868845622,False,
CTDP1,-0.25,-0.125,0.2103899417262021,-0.1873586666270408,False,
CTDSP1,0.5555555555555556,-0.1111111111111111,-0.5768446889687475,0.6128077323419348,False,
CTDSP2,0.5,0.125,-0.423453839225001,0.167932616082282,False,
CTDSPL,0.125,0.375,-0.3025648433558134,-0.554307722689434,False,
CTDSPL2,-0.25,-0.25,0.2125870467002305,-0.0431343948759104,False,
CTF1,0.4444444444444444,0.4444444444444444,-0.3060659479339245,0.0766073761781598,False,
CTH,0.125,-0.25,0.0286905192128017,0.223387960012757,False,
CTHRC1,0.75,0.0,-0.6203614441530085,-0.208304535677215,True,1.0
CTIF,0.1111111111111111,-0.1111111111111111,-0.3646433226574415,0.1017796212718038,False,
CTNNA1,-0.5,-0.625,0.4991566861848375,0.0034485425394952,False,
CTNNAL1,-0.875,-0.25,0.848263586339826,0.0610825432490069,True,-1.0
CTNNB1,0.75,0.0,-0.652434029255116,-0.1902817656771751,False,
CTNNBIP1,-0.375,0.375,0.141763283561702,0.1041999970541023,False,
CTNNBL1,-0.25,0.0,0.3959612801434224,-0.3087901638308714,False,
CTNND1,0.0,-0.25,-0.034599438466111,-0.6494844356199518,False,
CTNS,0.25,-0.125,-0.1942960157381342,-0.1539883863718878,False,
CTPS1,-0.25,0.125,0.601157722814614,-0.0263219640105227,False,
CTPS2,-0.5,0.0,0.4358187443109985,0.4566418060928583,False,
CTR9,-0.125,-0.125,0.1394306554910955,-0.2238911282448406,False,
CTSA,0.375,0.25,-0.3263425852765045,-0.1174166137152978,False,
CTSB,0.5555555555555556,0.2222222222222223,-0.139785148256976,-0.0676030161013963,False,
CTSC,0.125,-0.5,0.548631380526719,0.0792867521108522,False,
CTSD,0.3333333333333332,0.6000000000000001,-0.663748006871816,-0.1869698734946381,False,
CTSF,0.0,0.25,-0.1347777072456125,-0.1583524201923243,False,
CTSH,0.3333333333333332,0.0666666666666666,-0.589594377784271,-0.3102318757919144,False,
CTSK,0.125,0.25,-0.307538394893753,-0.7653680561078648,False,
CTSL,0.25,-0.125,-0.267843364143351,0.2107563124549685,False,
CTSO,0.4444444444444444,0.1111111111111111,-0.5658977544776075,-0.2342961932751086,False,
CTSS,0.5,-0.125,-0.5007500938549815,-0.6376182497634191,False,
CTSZ,0.0,-0.125,0.2616937697729475,0.4324960742526,False,
CTTN,-0.6666666666666667,0.2222222222222223,0.701833929655274,-0.0521192927892162,False,
CTTNBP2NL,0.25,-0.25,-0.2975435050823745,-0.4348343470609381,False,
CTU1,-0.411764705882353,0.1764705882352941,0.466496557398891,-0.0825879142548577,False,
CTU2,-0.375,0.5,0.656865574150574,0.0692715597050905,False,
CTXN1,-0.7647058823529411,-0.1764705882352941,0.709336895736426,0.8067114065790164,False,
CUBN,0.25,0.25,-0.4265459277433865,-1.036096085665338,False,
CUEDC1,0.5,-0.125,-0.7323730662931169,0.059725418129342,False,
CUEDC2,0.0,0.25,-0.1494145745047937,-0.1959200261279523,False,
CUL1,-0.125,-0.25,0.0513770367778816,-0.3269480756898755,False,
CUL2,-0.25,0.125,-0.0465484516169529,0.4115303479317045,False,
CUL3,0.0,-0.125,-0.3521142802338665,-0.2817192262725956,False,
CUL4A,-0.125,-0.5,0.0764333634212918,0.2847206280932228,False,
CUL4B,0.125,0.0,-0.0783958081425164,-0.1894717499072036,False,
CUL5,0.25,-0.125,-0.243535615018191,0.2772180672359945,False,
CUL7,0.125,0.0,-0.3075255975260375,0.0290565036275909,False,
CUL9,0.125,0.0,-0.1954146324704085,0.6434868534265517,False,
CUTA,-0.5,0.375,0.613342212547472,-0.1581142876117121,False,
CUTC,0.5,0.0,-0.8154687911022095,0.0495370214699895,False,
CUX1,0.5,-0.125,-0.360851652317895,0.5673253156122895,False,
CWC15,0.125,0.25,0.08021431507981,-0.3760186904095537,False,
CWC22,-0.125,0.125,0.300496398192856,-0.4925559558672172,False,
CWC25,-0.4444444444444444,0.2222222222222223,0.0878963067728373,-0.0774520015760373,False,
CWC27,-0.25,-0.125,0.5956168503964825,-0.2021951815041444,False,
CWF19L1,-0.125,0.0,-0.1191293808675764,0.1759842966807587,False,
CWF19L2,0.5,0.0,-0.603401067334455,-0.4533201439033538,False,
CX3CL1,0.625,-0.125,-0.5132572753810605,0.4197951260977264,False,
CXCL1,0.2941176470588236,-0.1764705882352941,-0.0797412702075169,0.3761819318168937,False,
CXCL12,-0.25,-0.625,0.424345635773332,0.9676173959067628,False,
CXCL16,0.25,-0.125,-0.3454635246247785,1.0712084649799023,False,
CXCL2,0.4444444444444444,-0.4444444444444444,-0.6074591131269775,-0.1233921356794833,False,
CXCL3,0.5294117647058822,-0.2941176470588236,-0.513939431174713,0.160691061676208,False,
CXCL5,0.7647058823529411,-0.1764705882352941,-0.470381698884226,1.1731840464658625,True,1.0
CXCL6,0.7333333333333334,-0.1999999999999999,-0.536317936411023,0.7368388507570427,False,
CXXC1,-0.5,0.125,0.321601969546032,-0.0562193328262963,False,
CXXC5,-0.25,0.125,0.0838930956454,-0.0576797095625853,False,
CXorf38,-0.25,-0.375,0.1112840158951133,-0.3733680474474863,False,
CYB561,0.125,0.25,-0.3014881557945879,-0.157804430022677,False,
CYB561A3,0.0,0.125,-0.2276555743986707,0.3593708334105696,False,
CYB561D1,0.625,-0.375,-0.5433302977032359,0.2159473683598021,False,
CYB561D2,-0.25,0.375,0.4884366904491625,0.1578634002631433,False,
CYB5A,0.625,0.125,-0.728008989420882,0.024891708482623,False,
CYB5B,-0.625,0.0,0.501140194544362,-0.4855014515750764,False,
CYB5D1,-0.25,0.0,0.2646089194216725,-0.0235400705729116,False,
CYB5D2,0.375,0.5,-0.4288564829323625,-0.4090375526692931,False,
CYB5R1,0.125,0.125,0.0996566073699671,-0.0402647542371514,False,
CYB5R2,0.125,0.0,-0.164541389819458,0.2277888933762795,False,
CYB5R3,0.625,-0.25,-0.5319761805207155,0.1263909288680036,False,
CYB5R4,-0.125,0.0,0.3192194788912035,-0.1824397649769582,False,
CYB5RL,0.1999999999999999,-0.0666666666666666,-0.626489706408218,-0.5883459911474875,False,
CYBA,0.125,0.375,0.2826621250841815,0.721545606438116,False,
CYBRD1,0.5,0.0,-0.7230438405798045,0.4056186431111475,False,
CYC1,-0.2222222222222223,-0.3333333333333332,0.3078326624978795,0.0314107848519378,False,
CYCS,-0.2222222222222223,-0.2222222222222223,0.5166077125218674,-0.1567568832081809,False,
CYFIP1,-0.2222222222222223,-0.4444444444444444,0.4823307531651045,0.1633447019659484,False,
CYFIP2,-0.125,-0.125,0.31204329328485,-0.5509003201342955,False,
CYGB,0.375,-0.125,-0.493456367566072,0.3260286133695933,False,
CYLD,-0.125,-0.125,-0.0641656563499485,0.1114175887563484,False,
CYP11A1,0.0,-0.125,-0.1045564376304013,0.4859455142002082,False,
CYP20A1,0.25,0.125,-0.521800561643565,0.0537055556076189,False,
CYP26B1,0.0588235294117647,-0.0588235294117647,-0.280963816046976,0.112290074411901,False,
CYP27A1,0.5294117647058822,0.1764705882352941,-0.720955134374847,-0.1569225590445939,False,
CYP27B1,0.0666666666666666,-0.3333333333333332,-0.182152660577751,0.9613744863935192,False,
CYP27C1,-0.1999999999999999,0.0666666666666666,-0.0252945263440586,-0.5885492989673418,False,
CYP2R1,0.125,-0.125,-0.323798579532241,-0.1175435099885322,False,
CYP2U1,0.25,0.0,-0.4322633442204435,0.2275647584330267,False,
CYP39A1,0.5,0.0,-0.1517526975072661,0.0791213286604746,False,
CYP46A1,-0.125,0.25,0.1487335992787252,0.114460435522691,False,
CYP4V2,0.375,-0.125,-0.5705236710961715,0.117224635578943,False,
CYP51A1,-0.0666666666666666,-0.0666666666666666,-0.0049351641871786,0.02306216070171,False,
CYP7B1,1.0,-0.3333333333333332,-1.13137150601037,0.3049606761562886,True,1.0
CYS1,0.1764705882352941,-0.2941176470588236,-0.0042834383545678,0.2540143216467168,False,
CYSTM1,0.0,0.125,0.3090343878708625,0.0542950961548998,False,
CYTH1,0.25,-0.125,-0.710567571994529,0.2368600467063704,False,
CYTH2,-0.125,0.0,-0.0597770627277265,-0.0626931558993577,False,
CYTH3,0.5,-0.25,-0.6561439560405156,0.1753954452013189,False,
CYTL1,-0.1999999999999999,0.6000000000000001,0.0185220012401445,1.05746982893893,False,
D2HGDH,-0.375,0.375,-0.017314683364572,-0.0748225556728598,False,
DAAM1,0.125,0.0,0.021706509310171,-0.2539631181404016,False,
DAAM2,0.5,0.125,-0.909259913123332,-0.1995833304749279,False,
DAB2,-0.25,0.0,0.357504118521456,-0.5632727226787209,False,
DAB2IP,0.125,-0.25,0.237089748233184,-0.0732171285264833,False,
DACT1,0.0,0.375,0.005639803974856,-0.2218041956434762,False,
DAD1,-0.125,0.125,0.1459983801507545,-0.0321283423117422,False,
DAG1,-0.25,0.0,0.5598344759897285,0.371188342852323,False,
DAGLA,0.0,-0.125,-0.0106094533123224,-0.6891018442974932,False,
DAGLB,-0.375,0.0,0.615895510451674,0.1115330251587529,False,
DALRD3,0.0,0.25,0.0349097708487293,0.4895903264222125,False,
DAP,0.125,0.0,-0.208163623048401,0.3354734241863366,False,
DAP3,0.0,0.0,0.1134806504840193,-0.435518468030873,False,
DAPK1,0.125,0.25,-0.002104569525322,0.0191635798416527,False,
DAPK2,0.375,0.25,-0.540507041015972,-0.0677849420078469,False,
DAPK3,-0.375,0.0,0.428007081936947,-0.1370012615345799,False,
DAXX,-0.125,-0.5,0.154081299341462,0.0538859520385091,False,
DAZAP1,-0.125,-0.25,0.2208717209393805,0.3691618579732862,False,
DAZAP2,0.375,-0.375,-0.461710740694437,-0.0317407997305489,False,
DBF4,-0.2222222222222223,-0.4444444444444444,0.2854919765959315,0.2157259589631008,False,
DBF4B,-0.125,-0.375,0.1943909728071605,-0.0964032378107903,False,
DBI,0.625,-0.125,-0.2316289451694544,0.2029070402208899,False,
DBN1,-0.5,-0.25,0.6797089502759135,0.2048975233524004,False,
DBNDD1,-0.375,0.125,0.8368480078903879,-2.008677584363639,False,
DBNDD2,0.0666666666666666,0.0666666666666666,-0.0420846545275795,1.0735947029442705,False,
DBNL,-0.375,0.0,0.511026979424742,0.5048311380859132,False,
DBP,-0.375,0.25,0.4953226090670969,0.0522634532241905,False,
DBR1,0.75,-0.625,-0.4379002966713929,-0.1808727699246246,False,
DBT,0.5,-0.5,-0.7432522039902716,-0.2480659708783679,False,
DCAF10,0.75,-0.125,-0.6301128804804885,0.947277157540061,False,
DCAF11,0.0,0.0,-0.0355939676651429,0.3823937667548647,False,
DCAF12,0.125,-0.375,-0.2699906618074495,0.3151325446541042,False,
DCAF13,-0.5,0.125,0.5678939290241065,0.0863014528894776,False,
DCAF15,-0.411764705882353,0.411764705882353,0.918663163057854,0.0038473508963687,False,
DCAF16,-0.125,0.0,0.1175163250647625,-0.1781566174839146,False,
DCAF17,0.5,-0.125,-0.6328573490543901,0.9012191950980788,False,
DCAF4,-0.5,0.125,0.3172646188955995,0.053471854480787,False,
DCAF5,0.75,0.25,-0.4530615495621914,0.3301835546228697,False,
DCAF6,-0.375,0.125,-0.233650362600172,-0.3749662807393541,False,
DCAF7,0.125,-0.25,-0.0387872239281672,0.1257896976545813,False,
DCAF8,0.625,0.125,-0.626401455783058,-0.4707356452658677,False,
DCAKD,0.375,0.0,-0.571363708088147,0.2914715296011056,False,
DCBLD1,0.25,-0.375,0.447971261978231,0.2781092933970281,False,
DCBLD2,-0.75,0.0,0.768566184745419,0.1340745254085988,False,
DCHS1,0.0588235294117647,-0.0588235294117647,-0.33522385609435,-0.4392850186587226,False,
DCK,-0.5,-0.375,0.4709506242360345,0.1392022633121166,False,
DCLK1,0.5,0.125,0.0334158609762005,0.5439756518236138,False,
DCLK2,0.125,-0.375,0.325451441055912,-0.3662447208012596,False,
DCLRE1A,0.0,0.1111111111111111,-0.0190691336268349,0.5293458427834082,False,
DCLRE1C,0.5,-0.25,-0.7676692504200635,-0.1104244885806373,False,
DCN,0.875,0.25,-0.938150559773643,-0.6914820478176749,True,1.0
DCP1A,0.0,-0.4444444444444444,-0.2123454819326465,-0.346041661861451,False,
DCP1B,0.2222222222222223,0.0,-0.169126659393018,-0.0133836424471658,False,
DCP2,0.375,-0.25,-0.1585773787804215,-0.262183980557932,False,
DCPS,-0.125,-0.125,0.121658823732727,-0.3892862087738638,False,
DCTD,0.25,-0.25,-0.0662148976816999,0.3664606057299915,False,
DCTN1,-0.25,0.125,0.5369260400221885,-0.1600546977408514,False,
DCTN2,0.25,0.0,-0.2396674760843565,-0.0199432483583823,False,
DCTN3,-0.75,0.5,0.691642704963759,-0.2279276951647384,False,
DCTN4,-0.125,0.0,-0.346660062576104,-0.2580140032225175,False,
DCTN5,0.25,0.125,0.0792332579473185,0.3003801676101212,False,
DCTN6,0.4444444444444444,0.2222222222222223,-0.5562427618597525,-0.1230807101074979,False,
DCTPP1,-0.625,0.0,0.5539629354010175,-0.2842802523272487,False,
DCUN1D1,0.5,0.0,-0.5880498264622895,0.253472326988716,False,
DCUN1D2,0.375,0.0,-0.3649597350450075,0.4282195750645128,False,
DCUN1D3,1.0,0.1999999999999999,-1.12439920063455,-0.4783211224547194,True,1.0
DCUN1D4,0.375,0.125,-0.172887165223362,0.2132364175816516,False,
DCUN1D5,-0.375,-0.125,0.2095543868266495,0.1758434223532607,False,
DCXR,-0.1111111111111111,0.2222222222222223,0.0429804801379596,0.6191465203115365,False,
DDA1,0.0,-0.375,-0.030007891704222,0.1563479032141175,False,
DDAH1,0.0,-0.125,-0.636686452715758,-0.1134917181841208,False,
DDAH2,-0.1999999999999999,0.0666666666666666,-0.396952572699358,-0.0755459577488601,False,
DDB1,-0.25,0.125,0.360042900312633,0.2923712495391575,False,
DDB2,0.0,-0.125,0.136273770360796,-0.128219640558822,False,
DDHD1,0.0,-0.125,-0.2433640849312084,0.4466499851374907,False,
DDHD2,0.5,0.0,-0.387820615553056,0.3567041660788597,False,
DDI2,-0.125,-0.125,-0.144372505599851,0.0570693537036106,False,
DDIT3,0.125,0.0,-0.5781591634124426,0.1284171585924327,False,
DDIT4,0.6666666666666667,0.2222222222222223,-0.879994205976729,0.0789815593307561,False,
DDIT4L,-0.3333333333333332,0.1111111111111111,0.5966084305098784,0.6281667378876664,False,
DDO,0.0666666666666666,-0.1999999999999999,-0.25,-0.9154601229399189,False,
DDOST,-0.375,0.5,0.5351469162927756,-0.0319176167418806,False,
DDR1,0.1999999999999999,0.3333333333333332,-0.304328613627145,0.2294303367310295,False,
DDR2,0.375,0.0,-0.6363538590545045,-0.6782262539535364,False,
DDRGK1,0.125,0.25,0.075040368622497,-0.1638407105823354,False,
DDX1,-0.5,0.5,0.518259904346846,0.3400873115145537,False,
DDX10,-0.625,-0.375,0.843359379278494,-0.6687964141436282,False,
DDX11,-0.5,0.125,0.4802400625998589,-0.3327933909810601,False,
DDX17,0.5,-0.25,-0.604059988592505,0.2421464189186584,False,
DDX18,-0.75,-0.125,0.3847444848725385,0.0118092251554986,False,
DDX19B,-0.0666666666666666,0.1999999999999999,0.238189222153662,-0.0144519305708907,False,
DDX20,-0.5,0.125,0.40463061343784,-0.5243181477037261,False,
DDX21,-0.625,-0.375,0.4092037053989,0.3905900249960541,False,
DDX23,-0.375,0.125,0.1510925788108655,-0.1951807580336551,False,
DDX24,0.0,-0.375,0.0585345605595443,0.0641513803365128,False,
DDX27,-0.25,-0.125,0.4366787221543635,-0.4681727224033458,False,
DDX31,-0.125,-0.125,-0.0081156802457384,0.2064910193769056,False,
DDX39A,-0.375,0.125,0.439749817158374,-0.0733735272783491,False,
DDX3X,0.125,-0.25,-0.2323163767128146,-0.0479487847043396,False,
DDX41,-0.125,0.25,0.4294581578158575,0.1216638583685729,False,
DDX42,0.25,-0.125,0.0876157207588627,0.1772374823261953,False,
DDX46,-0.625,-0.375,0.6490299662388795,0.0247303894702062,False,
DDX47,-0.375,0.25,0.3995676318985675,-0.6450370968694297,False,
DDX5,0.0,-0.25,-0.3117767856446215,-0.1390261173303368,False,
DDX50,-0.375,0.375,0.3000213364881535,-0.0773417602345154,False,
DDX51,0.0,-0.2222222222222223,-0.3152708200492035,0.2124227924678772,False,
DDX52,0.2222222222222223,-0.4444444444444444,-0.0703835267097856,0.0169873365965875,False,
DDX54,-0.25,0.125,0.7363961310060105,-0.1511820243398238,False,
DDX55,-0.375,0.0,0.1868221412762705,-0.2989491825194812,False,
DDX56,-0.375,0.375,0.2143519125439507,-0.3390063103057512,False,
DDX6,0.125,-0.25,-0.303407755552046,0.1252445047259365,False,
DDX60,0.125,-0.5,-0.0578077432348043,-0.2856484784345616,False,
DDX60L,0.125,-0.375,-0.350380175181737,-0.1652792453365723,False,
DEAF1,0.375,0.25,-0.182079024585056,0.1551246011858515,False,
DECR1,0.2222222222222223,0.3333333333333332,-0.395677171891627,-0.0816498006232264,False,
DECR2,0.0588235294117647,0.411764705882353,0.0806629677224319,0.6146281275170613,False,
DEDD,0.0,0.125,-0.0187301323335515,-0.2095902095579664,False,
DEDD2,-0.25,-0.25,0.1430803447634552,-0.2896168919001609,False,
DEF6,-0.6000000000000001,0.0666666666666666,0.666575943435522,-0.0705990102715088,False,
DEF8,0.125,-0.125,0.0302999301876389,0.4225910630636604,False,
DEGS1,0.5,0.0,-0.4942237556018169,0.2627887159111783,False,
DEK,0.125,-0.375,-0.3327987882839135,0.3523447634914691,False,
DENND1A,0.25,-0.125,0.1013322468461224,0.29423598213944,False,
DENND1B,-0.125,-0.125,-0.1286323297377764,-0.3528260297496204,False,
DENND2A,0.0,-0.25,-0.2474598454174392,-0.3837982601984504,False,
DENND2C,-0.3333333333333332,0.3333333333333332,0.445867726462447,0.2286757378148278,False,
DENND2D,0.3333333333333332,-0.3333333333333332,-0.382864036997337,-0.5356032790323195,False,
DENND3,0.0,-0.375,-0.5458824093117435,-0.0856784926690115,False,
DENND4A,0.0,0.375,-0.0997820371899658,0.0868282956571384,False,
DENND4B,-0.25,-0.125,0.080169364717593,0.340849853562958,False,
DENND4C,0.0,-0.125,-0.297218596566045,-0.2288139158261568,False,
DENND5A,0.4444444444444444,-0.4444444444444444,-0.226714662801684,-0.4384832191967951,False,
DENND5B,-0.125,-0.25,-0.0655033810051497,0.380135659690435,False,
DENND6A,0.5,-0.375,-0.4370271446800435,0.0755404705276414,False,
DENND6B,0.75,-0.5,-0.4801697805400875,0.4521846244344849,False,
DENR,-0.25,0.0,0.505468171151281,-0.2562404328141023,False,
DEPDC1,-0.25,-0.125,0.4197140853813005,-0.1196811892594458,False,
DEPDC1B,-0.5,-0.5,0.4485778395567945,0.1682418248233435,False,
DEPDC4,-0.3333333333333332,0.0666666666666666,0.21273975112662,-0.2354481055992385,False,
DEPDC5,-0.125,-0.125,0.0645792818908362,-0.2993996817007982,False,
DEPDC7,-0.25,0.25,-0.084626686776881,0.3583227924570815,False,
DEPTOR,0.25,-0.125,-0.4093507285547855,-0.0911680235829774,False,
DERA,-0.125,0.0,-0.0835246642666013,-0.0027082943045853,False,
DERL1,0.125,0.0,-0.3742272897747249,-0.0200440199005969,False,
DERL2,-0.125,0.0,-0.0865446010213911,-0.2330595534514876,False,
DESI2,0.25,0.125,-0.2962846407096765,0.1356462311549151,False,
DEXI,-0.125,0.375,0.0221992444808066,0.4666196999062917,False,
DFFA,-0.25,-0.125,0.369018370123487,-0.3221455814820264,False,
DFFB,-0.125,-0.25,0.090428804433079,-0.3112355800979949,False,
DGAT1,-0.1764705882352941,0.1764705882352941,0.454792168862209,0.4290238034106863,False,
DGAT2,0.0,0.375,-0.0435553822327095,-0.3607770047389258,False,
DGCR2,0.125,0.375,-0.1360676841510015,0.3076918264127286,False,
DGCR6L,0.25,0.5,-0.0298373998988095,0.4518142509344385,False,
DGCR8,-0.25,-0.375,0.4751310713122705,0.4076525662883763,False,
DGKA,0.0,-0.125,0.1398469260710703,-0.1284392084743184,False,
DGKD,0.0,-0.125,0.073018641493712,0.2158759251644202,False,
DGKG,-0.4666666666666665,0.1999999999999999,0.551305613961514,-0.7968022661925431,False,
DGKH,0.25,-0.375,-0.1588095849012805,0.142422273233556,False,
DGKI,0.375,-0.375,-0.435380473684726,-0.579349034333144,False,
DGKQ,-0.5,-0.125,0.206784903174414,0.3546604329081724,False,
DGKZ,-0.5,-0.25,0.8059930723659026,0.2506921305012177,False,
DGUOK,0.125,0.0,0.0550915086039195,-0.2079140919901276,False,
DHCR24,-0.375,-0.125,0.0100225406676665,0.6620711249210611,False,
DHCR7,-0.25,-0.125,0.4228577865791,0.5312004157359778,False,
DHDDS,0.125,0.125,0.264808964157234,0.2501926912732526,False,
DHFR,-0.3333333333333332,-0.2222222222222223,0.674974782278002,-0.0022687736022621,False,
DHODH,-0.375,-0.25,0.3320268351132535,0.1785507152486065,False,
DHPS,-0.3333333333333332,0.1999999999999999,0.203826623826397,-0.3341307148372157,False,
DHRS1,-0.2222222222222223,0.1111111111111111,0.4239651635009175,-0.3616380294539065,False,
DHRS11,-0.411764705882353,0.1764705882352941,0.651244217519562,0.2658959988763634,False,
DHRS13,-0.125,0.125,0.1637308327464356,0.7802676506584421,False,
DHRS3,0.375,0.125,-0.3286164286294005,0.1870711713292099,False,
DHRS4,0.1111111111111111,0.0,-0.0574250755119452,-0.0759787421612543,False,
DHRS4L2,-0.125,0.25,0.05041454228166,-0.8131933047788305,False,
DHRS7,0.5,0.25,-0.2995970389223545,-0.0164227271601991,False,
DHRS7B,0.25,0.0,0.0523397534151904,0.1609327429940226,False,
DHTKD1,0.0,0.125,0.5036531166197196,-0.1000072354753198,False,
DHX15,-0.375,-0.25,0.2981478511664955,0.231212342525457,False,
DHX16,-0.6000000000000001,-0.0666666666666666,0.400789875274084,-0.3183922294106616,False,
DHX29,-0.375,0.25,0.3795816178565345,-0.4161418375176402,False,
DHX30,-0.25,0.0,-0.0565283487078116,0.3778935353038766,False,
DHX32,-0.125,0.0,-0.079008237731567,-0.4057368461737516,False,
DHX34,-0.25,-0.125,0.594476557079437,0.3779631053188796,False,
DHX35,-0.375,0.125,0.1274896235256665,0.1915892861150552,False,
DHX36,-0.125,-0.125,-0.0924633835374753,0.0661638785053746,False,
DHX37,0.0,0.1111111111111111,0.1798697598131728,-0.5290315748254526,False,
DHX38,-0.25,-0.125,0.1054230788894279,0.1656935960810432,False,
DHX40,0.125,0.125,-0.2744549236942235,-0.277690714638785,False,
DHX57,-0.5,0.125,0.3748594179425925,0.1045609999787635,False,
DHX58,0.25,-0.125,-0.167078910831505,0.1253919733914144,False,
DHX8,-0.125,-0.5,-0.0674500051364765,-0.0792399539580754,False,
DHX9,-0.375,-0.5,0.517288476588821,0.213939230160153,False,
DIAPH1,0.0,-0.625,0.346309077102234,-0.4302674482737103,False,
DIAPH2,0.625,0.0,-0.6019687906370801,0.0249693862502944,False,
DIAPH3,-0.375,-0.375,0.3425940727635225,-0.045569543353348,False,
DICER1,0.125,-0.125,-0.0006425006320985,-0.1554956767960327,False,
DIDO1,0.125,-0.25,-0.0374934026277522,0.4613943930152069,False,
DIMT1,-0.25,-0.125,0.1988151633009794,0.0124326138031003,False,
DIO2,0.125,0.125,-0.376676689922767,-0.4968632184659318,False,
DIP2A,0.125,-0.25,-0.22135788612614,0.4141224826773664,False,
DIP2B,0.0,-0.375,-0.2484974785376705,-0.2003088737655762,False,
DIP2C,0.375,0.375,-0.5813617126490574,0.1060477719637256,False,
DIRAS1,-0.1764705882352941,-0.2941176470588236,0.150587022807109,-0.1710878744548236,False,
DIRAS3,0.0588235294117647,0.0588235294117647,-0.160730407515674,-0.1576618581175461,False,
DIS3,0.0,0.0,-0.170572261787431,-0.1138512109445959,False,
DIS3L,0.25,-0.25,-0.5918088247204865,0.6761907621979646,False,
DIS3L2,-0.375,-0.125,0.494971382115128,-0.2972811541616371,False,
DISC1,0.1999999999999999,0.1999999999999999,-0.755663634036601,-0.7147682008023288,False,
DISP1,-0.1111111111111111,0.4444444444444444,0.0107326319005132,-0.8834551985662529,False,
DISP2,-0.1764705882352941,-0.0588235294117647,0.0404427549502958,0.6786510046866796,False,
DIXDC1,0.875,-0.125,-0.9839829236675416,0.0959540920923975,True,1.0
DKC1,-0.375,0.0,0.6372855209209625,-0.0737399246847694,False,
DKK2,-0.0666666666666666,0.1999999999999999,0.443662250002986,-0.5838332198437062,False,
DKK3,0.25,-0.125,-0.2768990048258984,-0.4057745629992695,False,
DLAT,-0.625,-0.125,0.5937570689162011,-0.0936782378008471,False,
DLC1,-0.3333333333333332,-0.1111111111111111,0.1231640748670847,-0.0286008131109873,False,
DLD,-0.25,0.25,0.6149564925004385,0.3145169391024862,False,
DLG1,-0.25,0.0,0.7122184170460725,-0.132562357876437,False,
DLG2,-0.0666666666666666,0.4666666666666665,0.0771286200636647,-0.5148927259548624,False,
DLG3,-0.5,0.125,0.174027461169938,-0.483507885937297,False,
DLG4,-0.375,-0.25,0.178429329638166,0.2519500837802786,False,
DLG5,-0.25,0.25,0.314553071629021,-0.0308014280299144,False,
DLGAP4,-0.125,-0.5,0.2597755886220066,0.2237582373506752,False,
DLGAP5,-0.25,-0.125,0.4934737599632995,-0.3187437156947492,False,
DLK2,-0.1999999999999999,-0.4666666666666665,-0.219823410276436,0.2052234281473564,False,
DLL1,0.0,-0.125,-0.0528725310464825,0.3575033278695922,False,
DLST,-0.125,-0.125,0.2995531388220855,-0.1026902195238053,False,
DLX1,-0.375,-0.25,0.5170581354695014,0.0466446477747326,False,
DLX2,-0.375,-0.125,0.466611000832051,0.1054474487356063,False,
DLX3,0.0588235294117647,0.1764705882352941,-0.422416872755117,-0.1836608489672211,False,
DLX4,-0.1999999999999999,0.1999999999999999,-0.071571134957635,0.7452756752846952,False,
DLX5,0.3333333333333332,-0.0666666666666666,-0.301511344577764,-0.0895397953412153,False,
DMAP1,-0.25,0.125,0.1014674263146246,0.3184628967463201,False,
DMC1,0.25,-0.125,-0.2209315449230774,-0.1699001534597191,False,
DMD,0.5,0.0,-0.2515235574041951,-0.4838268670793391,False,
DMGDH,0.3333333333333332,0.1999999999999999,-0.703459853004614,0.1366221525766184,False,
DMKN,-0.3333333333333332,0.3333333333333332,0.446053251311377,0.2050913947898411,False,
DMPK,0.25,0.25,-0.386050094621258,0.1774265680841198,False,
DMRTA1,-0.0588235294117647,0.0588235294117647,0.0272021607975233,0.1172646994939494,False,
DMTN,-0.0666666666666666,-0.0666666666666666,0.154886829064502,0.2084811399358044,False,
DMWD,0.25,-0.5,-0.1603700389056855,0.2735343387156592,False,
DMXL1,-0.25,-0.125,-0.199280277800574,-0.0327732752049877,False,
DMXL2,0.125,-0.25,-0.408606883889715,0.1934046585694702,False,
DNA2,-0.5,-0.125,0.5552161815573795,0.3005817482687827,False,
DNAAF2,0.125,-0.25,-0.5426427745711625,0.2291379646428151,False,
DNAAF3,-0.4666666666666665,0.0666666666666666,0.639690562452117,0.1005511943074726,False,
DNAH1,0.75,-0.375,-0.518159077857705,-0.2113127723562411,False,
DNAH11,-0.1999999999999999,-0.1999999999999999,0.271311315069758,-1.539600825242633,False,
DNAH14,-0.125,0.125,-0.1905190588749888,0.5399268550055556,False,
DNAH5,-0.4666666666666665,0.1999999999999999,0.460579776303314,-0.4737487643836275,False,
DNAH7,-0.0666666666666666,0.3333333333333332,0.285818246770263,-0.1583286631068181,False,
DNAJA2,-0.375,0.0,0.1648946211066096,0.3173696714524499,False,
DNAJA3,-0.25,0.0,0.305331264228832,-0.0365854594416528,False,
DNAJB1,-0.2222222222222223,0.0,0.2329098194395795,0.0806861443918554,False,
DNAJB11,-0.625,-0.125,0.3383893505753535,-0.5390680572243963,False,
DNAJB12,0.5,0.0,-0.5516112130886981,0.8708907524041853,False,
DNAJB14,0.375,0.125,-0.6123947553542131,0.2767163280499602,False,
DNAJB2,0.375,-0.25,-0.298919369239296,-0.0710382789102439,False,
DNAJB4,0.6666666666666667,-0.3333333333333332,-0.9096045039544683,-0.61589078943542,False,
DNAJB5,-0.375,0.125,0.5407507683008514,0.4802945962313809,False,
DNAJB6,0.125,-0.5,-0.2376492346600615,0.223218219394925,False,
DNAJB9,0.2222222222222223,0.1111111111111111,-0.6368755739078215,0.1789497133946868,False,
DNAJC1,0.625,-0.125,-0.5667046622479575,0.1006216509421054,False,
DNAJC10,0.0,0.375,-0.0066198746095362,-0.0654597998585182,False,
DNAJC11,-0.5,0.125,0.354203873735522,0.0288927570072567,False,
DNAJC12,0.4666666666666665,0.1999999999999999,-0.580078165905233,-0.1230074276457831,False,
DNAJC13,0.125,0.0,-0.4421338806834985,-0.0899021041133143,False,
DNAJC14,0.25,-0.5,-0.497818699350304,0.0985700185010607,False,
DNAJC15,0.3333333333333332,0.0,-0.33442285189091,-0.0434715488004435,False,
DNAJC17,0.125,0.0,-0.1148209027847569,0.0240006570837549,False,
DNAJC18,0.0,0.125,-0.2490154216583679,-0.2365497750028362,False,
DNAJC19,-0.1111111111111111,0.0,-0.435593344595324,-0.2417566340396488,False,
DNAJC2,-0.125,0.0,0.2451592035026445,-0.3017759417910861,False,
DNAJC21,0.25,0.25,-0.4442330042796225,0.1563560918330258,False,
DNAJC22,0.125,-0.25,-0.1772686520177039,1.240320100247331,False,
DNAJC24,0.0,0.125,-0.3315707516794095,-0.0199557789469495,False,
DNAJC27,0.5,-0.25,-0.5012541782384715,0.111160152984215,False,
DNAJC28,-0.1999999999999999,0.1999999999999999,-0.0941235808371201,0.4374844630681602,False,
DNAJC30,-0.3333333333333332,0.2222222222222223,0.795747443265552,-0.1246724028320498,False,
DNAJC4,0.125,0.375,-0.298528518186285,0.7781729811674876,False,
DNAJC5,-0.125,-0.125,0.357182650802237,1.0886630508079582,False,
DNAJC6,0.625,-0.375,-0.39485076245878,0.1463111017965319,False,
DNAJC7,0.125,0.125,0.2074503369279839,-0.0002299666868093,False,
DNAJC8,-0.25,0.0,0.3602841599512865,-0.5062889286793203,False,
DNAJC9,-0.2222222222222223,-0.1111111111111111,0.6462082229016155,0.2101219712471735,False,
DNAL1,0.375,0.125,-0.5061620411992744,-0.1071291231081676,False,
DNAL4,0.0666666666666666,0.0666666666666666,-0.271428275220695,-0.1601714528321194,False,
DNALI1,-0.25,0.375,0.0131624524510855,0.262381064366737,False,
DNASE1,0.25,-0.125,-0.1125841151327282,-0.2118372570384101,False,
DNASE1L1,0.0,0.375,0.1395946145264807,0.2986220095180629,False,
DNASE1L2,0.3333333333333332,0.1999999999999999,-0.125353830536395,0.5633815988690716,False,
DNASE2,0.0,0.25,-0.142682712322725,-0.2458716322422673,False,
DNER,0.1111111111111111,-0.4444444444444444,-0.434456325273484,-0.2227626469909349,False,
DNHD1,-0.125,-0.25,-0.343943287728688,-1.3061003528964523,False,
DNLZ,-0.2941176470588236,0.1764705882352941,0.229339589838937,0.1453740716699338,False,
DNM1,-0.125,-0.125,-0.212698095419943,0.4025938334919963,False,
DNM1L,0.125,-0.125,0.2994502697240385,0.1725421207502195,False,
DNM2,-0.125,0.375,0.2648538567050225,-0.3132438556144805,False,
DNM3,0.125,0.0,-0.1078827340255757,0.6999361317789741,False,
DNMBP,-0.375,-0.375,0.6584882891402785,0.44431466617853,False,
DNMT1,-0.375,0.0,0.538349606822377,-0.1731550574465892,False,
DNMT3A,0.0,0.0,-0.3665890650468485,0.6421798602587323,False,
DNMT3B,-0.625,-0.375,0.6400852049042145,0.2012218237667427,False,
DNPEP,0.125,0.125,-0.1087102163493914,0.2272428582945136,False,
DNPH1,-0.375,0.25,0.2704107981716045,0.9204752019284426,False,
DNTTIP2,-0.375,-0.25,-0.0319698130986818,0.0868229460383891,False,
DOCK1,-0.125,-0.125,-0.4353601235679499,0.4056601263764838,False,
DOCK10,-0.25,-0.5,0.480311711532442,-0.5390548349808273,False,
DOCK11,0.5,-0.25,-0.889929241522315,0.0901867251354411,False,
DOCK2,-0.5,-0.125,0.841417380347537,-0.7427400647748517,False,
DOCK3,-0.75,-0.25,0.5623452574298604,0.6041859364415366,False,
DOCK4,0.0,-0.375,-0.0499533037030834,-0.0320220636251535,False,
DOCK5,-0.5,0.125,0.5793610341072885,0.3217067132499589,False,
DOCK6,0.375,0.0,-0.0510099137537624,1.1612363275012805,False,
DOCK7,-0.125,-0.25,0.014420922885606,-0.113455508910389,False,
DOCK9,0.75,-0.25,-0.626847853183618,-0.3259560491728668,False,
DOHH,-0.125,-0.125,0.340121320988943,-0.1891760100968968,False,
DOK1,0.125,0.25,-0.2295687585803534,0.3224062276987993,False,
DOK4,-0.125,-0.125,0.1967907302900575,0.3212294212038324,False,
DOK5,-0.3333333333333332,-0.0666666666666666,0.401251764584407,-0.5117280939781597,False,
DOK6,0.0666666666666666,0.1999999999999999,-0.228362196479618,1.1269907522054332,False,
DOLK,-0.1111111111111111,0.3333333333333332,0.1761598059898449,0.7154996752332718,False,
DOLPP1,-0.375,0.0,0.4937589876844765,-0.087117005958194,False,
DONSON,-0.625,0.125,0.6801045947747859,0.2369122477530738,False,
DOT1L,-0.5,0.25,0.553934385499455,0.2553417581832846,False,
DPAGT1,-0.375,0.375,0.255637443364077,-0.1295096989590538,False,
DPCD,-0.625,0.375,0.6718622293391795,-0.1293869830370941,False,
DPF1,-0.375,-0.25,0.504783755174372,0.1127057285867851,False,
DPF2,-0.375,0.0,0.6078622270108405,0.3442327892242709,False,
DPF3,-0.75,0.25,0.51328648111402,-0.3593008689430359,False,
DPH1,0.0,0.625,0.1502002201838619,-0.0387712888432516,False,
DPH2,-0.5,0.0,0.5581205417892885,-0.0254047963266139,False,
DPH3,0.375,0.125,-0.5348833422765235,-0.0995386720515258,False,
DPH5,0.25,0.25,-0.1116722720022135,-0.4223959698849686,False,
DPH6,-0.125,0.25,0.2169744358320759,-0.1030656360152835,False,
DPH7,-0.25,0.0,0.1904817663202038,0.4295522958169688,False,
DPM1,0.25,-0.125,-0.202610373788835,-0.3209126126138242,False,
DPM2,-0.375,0.375,0.492986519462546,0.1211772707256391,False,
DPM3,0.3333333333333332,0.2222222222222223,0.0985883543855169,0.2993868363866176,False,
DPP3,-0.4444444444444444,0.0,0.4908098422898705,0.3292923070147702,False,
DPP4,-0.25,0.125,0.472999592779634,-0.9811517226113904,False,
DPP7,0.0,0.25,-0.243392477352007,1.6221738033887274,False,
DPP8,0.125,0.125,-0.1605284876539408,0.0488523114531234,False,
DPP9,-0.25,-0.25,0.1819709117557165,-0.0144889351606418,False,
DPT,0.8666666666666667,0.0666666666666666,-0.908323579822993,-0.4934014376354509,True,1.0
DPY19L1,-0.125,0.25,0.0611538335318419,0.3242938701224913,False,
DPY19L2,-0.1999999999999999,-0.3333333333333332,0.0963944565362481,0.0213426615401527,False,
DPY19L3,0.25,0.125,-0.2335781812714125,0.403231562268989,False,
DPY19L4,0.625,-0.125,-1.09604716569811,-0.1020987613574941,False,
DPY30,-0.125,0.375,-0.2534058089261325,0.0418733950436658,False,
DPYD,0.625,0.25,-0.6237966589556214,-0.1465391635712425,False,
DPYSL2,0.5,-0.125,-0.285931630691533,-0.0229135730496139,False,
DPYSL3,0.0,0.0,-0.0358784588850192,-0.1412202020077768,False,
DRAM1,0.25,-0.25,-0.398389126859035,-0.1805265449705002,False,
DRAM2,0.125,0.125,-0.3800687975514535,-0.694891958471568,False,
DRAP1,-0.2222222222222223,0.1111111111111111,0.5167685233769375,0.2632656865644631,False,
DRAXIN,-0.0588235294117647,-0.411764705882353,-0.188288701079883,-0.7276924152961393,False,
DRG1,-0.125,0.5,0.323456380887496,0.1979635615370716,False,
DRG2,-0.125,0.25,0.481452971060323,0.0831347381454783,False,
DROSHA,-0.25,-0.125,0.3030743309010305,-0.2286631052825019,False,
DRP2,-0.1999999999999999,0.0666666666666666,0.664158426409663,-1.0362633237568657,False,
DSCC1,-0.5555555555555556,0.3333333333333332,0.568816408838114,-0.0028534373015971,False,
DSE,0.625,0.125,-0.578061424740437,0.0295685667698126,False,
DSEL,0.25,0.0,-0.560656094600645,0.1883118145581068,False,
DSN1,-0.25,-0.125,0.2423939435539321,0.1308524080679594,False,
DSP,-0.25,-0.375,0.6282474079024555,0.453019505837666,False,
DST,-0.125,0.25,0.1341519760449687,-0.2176593398276338,False,
DSTN,0.375,0.0,-0.301604877065374,0.3518506116563293,False,
DSTYK,-0.625,-0.375,0.197119155435063,-0.3917425786093642,False,
DTD1,-0.125,-0.25,0.19091023917729,0.0985208907488215,False,
DTD2,0.3333333333333332,-0.0666666666666666,-0.216162631920851,0.4014168536753972,False,
DTL,-0.25,-0.125,0.5444808557782935,-0.2595956212556987,False,
DTNA,-0.125,0.0,0.1048263876264621,-0.5259251904708293,False,
DTNB,0.375,0.125,-0.3197973326827655,0.3728380810637319,False,
DTNBP1,0.0,0.25,0.0353243879947239,0.6163826513643536,False,
DTWD2,-0.25,0.0,-0.022730711221126,-0.0553297891152162,False,
DTX2,0.375,0.0,-0.208620444092103,0.5689589963804984,False,
DTX3,0.125,0.25,-0.182962052881602,-0.3384323322173168,False,
DTX4,0.5,0.375,-0.438342473015771,-0.3266367675467967,False,
DTYMK,-0.5,-0.25,0.5907882308332311,0.2407542791710919,False,
DUS1L,0.0,0.25,0.787838253902173,1.205470589561688,False,
DUS2,-0.25,0.25,0.5713516160681965,-0.0823623706793905,False,
DUS3L,-0.125,-0.25,0.2710497587477108,0.0448084139864111,False,
DUSP1,0.5555555555555556,-0.4444444444444444,-0.765774069087611,0.3053192141336582,False,
DUSP10,0.625,0.0,-0.4934854903894685,-0.01943728302972,False,
DUSP11,0.5,0.0,-0.4663745097489075,-0.0352510390439202,False,
DUSP12,-0.125,0.25,-0.184416110746087,0.299742578594961,False,
DUSP14,-0.3333333333333332,-0.3333333333333332,0.8150823841471966,-0.0551224191773651,False,
DUSP16,-0.2941176470588236,-0.5294117647058822,0.134286477131104,0.0993754241511131,False,
DUSP18,0.125,-0.375,-0.0831491334273859,-0.3592986013791452,False,
DUSP19,0.375,0.125,-0.562096931538324,-0.2712361779175136,False,
DUSP2,-0.0666666666666666,-0.3333333333333332,-0.0760194883019002,0.6252895095645434,False,
DUSP22,0.875,0.0,-0.82646274579694,0.1953287585497105,True,1.0
DUSP23,0.5555555555555556,0.0,-0.670860329986121,0.2562059114141126,False,
DUSP28,0.5,0.25,-0.387305566538966,0.4984796512421696,False,
DUSP3,0.3333333333333332,-0.3333333333333332,0.1443730215956075,0.5540269994024194,False,
DUSP4,0.4444444444444444,-0.2222222222222223,-0.4755332855109145,1.6227071547836187,False,
DUSP5,-0.2222222222222223,-0.3333333333333332,0.461760786473511,-0.3714267889518732,False,
DUSP6,-0.6666666666666667,0.1111111111111111,0.4168150546905985,-0.1943683118242445,False,
DUSP7,-0.25,-0.125,-0.0218742135872438,-0.1594422640170658,False,
DUT,-0.125,0.0,-0.0154338487274571,0.1407153606674098,False,
DVL1,-0.25,-0.25,-0.299457023809478,0.7241468379944147,False,
DVL2,0.375,0.0,-0.5172374521078675,0.1347191707464474,False,
DVL3,0.0,0.125,0.0001326827534285,-0.1597877239287668,False,
DXO,-0.3333333333333332,0.4666666666666665,0.0059658459808974,0.2038768416726988,False,
DYM,0.25,0.125,-0.6228714696579195,-0.6419378931516233,False,
DYNC1H1,0.0,0.125,0.2682410707454079,-0.101647020923238,False,
DYNC1I2,0.0,-0.25,0.0134727890567488,-0.155981382584605,False,
DYNC1LI1,-0.2222222222222223,-0.4444444444444444,0.500525096155712,0.1726809335251635,False,
DYNC1LI2,0.375,0.25,-0.619469873605786,0.100140115746713,False,
DYNC2H1,-0.125,0.25,-0.115806365837427,-0.4095595288958886,False,
DYNC2LI1,0.25,-0.125,-0.8561642360404145,-0.2363665486055428,False,
DYNLL1,-0.375,0.0,0.4020465397677595,0.3257296389396904,False,
DYNLL2,0.0,0.3333333333333332,-0.1965082880188455,-0.0665224783793889,False,
DYNLRB1,0.125,0.125,0.0538465450636108,-0.2112711738428871,False,
DYNLT1,0.125,-0.125,0.0736184912825959,-0.217655596970093,False,
DYNLT3,0.25,0.125,-0.314320823150288,0.7145520689515337,False,
DYRK1A,0.125,-0.375,-0.5566809066158496,0.1861231546840116,False,
DYRK1B,-0.1111111111111111,0.4444444444444444,0.2048190830709545,-0.1608720602802127,False,
DYRK2,-0.375,-0.625,0.3544720216481065,0.1180602576279379,False,
DYRK3,-0.125,-0.25,0.330285086782481,0.180437826682883,False,
DYRK4,0.25,0.125,-0.315306982241694,0.1817674305146939,False,
DYSF,-0.1999999999999999,0.1999999999999999,0.336875491972926,0.2762675660632543,False,
DZANK1,-0.25,0.0,0.1747577922013705,-0.1203091368834536,False,
DZIP1,-0.25,0.125,0.235736128937622,0.0307774530021127,False,
DZIP1L,0.125,0.125,-0.1468887970293106,-0.0385948454975855,False,
DZIP3,0.25,-0.25,-0.4700472556513769,-0.4064370854052102,False,
E2F1,-0.375,0.125,0.4821313948949185,0.2782914814733059,False,
E2F2,-0.2941176470588236,-0.1764705882352941,0.410476084680065,0.5122443854616308,False,
E2F3,-0.375,-0.125,0.5648941377969285,0.1781908997516605,False,
E2F4,-0.2222222222222223,-0.1111111111111111,0.0216550020566585,0.3916298289073714,False,
E2F5,-0.6000000000000001,-0.3333333333333332,0.854621490866205,0.345581704142242,False,
E2F6,0.125,0.125,-0.2664215967993845,0.1530572435272796,False,
E2F7,-0.375,-0.375,0.494546856835572,0.0357362690937566,False,
E2F8,-0.25,-0.125,0.4941565677981095,0.2780013017684046,False,
E4F1,-0.5,-0.125,0.405966998889137,0.1116473200233127,False,
EAF1,-0.125,-0.125,-0.1231924747984484,-0.3766525011883683,False,
EAPP,0.25,0.0,-0.629300074283792,-0.3268026081022124,False,
EARS2,-0.5,-0.125,0.993064536219465,-0.0633969874615245,False,
EBAG9,0.375,0.25,-0.5715301832518289,0.1731414038684819,False,
EBF1,0.25,0.25,-0.799315443737243,-0.8242804133684172,False,
EBF2,0.0,-0.125,-0.0459329487589348,0.4297393952823769,False,
EBLN2,0.0666666666666666,-0.3333333333333332,-0.083674415934257,-0.1216461773883662,False,
EBNA1BP2,-0.5,-0.375,0.5879993292203335,-0.3995995341455727,False,
EBP,-0.4666666666666665,-0.0666666666666666,0.472773597961007,-0.1670042352278815,False,
EBPL,0.0,0.125,-0.048451141261141,0.0645816079184409,False,
ECD,-0.25,0.0,0.3030493414019715,-0.0744307030604372,False,
ECE1,0.0,-0.25,0.2900506477957915,0.0620912103822148,False,
ECH1,-0.0588235294117647,0.1764705882352941,-0.404410326169377,0.2455168128948406,False,
ECHDC1,0.125,0.0,-0.536586342112086,-0.5186402014787364,False,
ECHDC2,-0.125,0.25,-0.282190859919085,0.1240907039445684,False,
ECHS1,-0.4444444444444444,0.2222222222222223,0.8257001228036485,0.2676034052531055,False,
ECI1,0.0,0.0,-0.0978105001860852,0.5497050838008091,False,
ECI2,-0.625,-0.25,0.5418868318498435,0.2062359590920175,False,
ECM1,-0.875,0.0,0.6341731142883824,-0.8658485855764579,True,-1.0
ECSIT,-0.125,0.25,0.40058661863325,-0.116927625208234,False,
ECT2,-0.375,-0.375,0.64048919569062,-0.258776686378567,False,
EDA2R,0.125,0.0,-0.1679035165785952,-0.5377597794066677,False,
EDC3,-0.5,0.0,0.5381574093010945,0.0071265657484911,False,
EDC4,-0.25,0.0,0.142537952426904,0.1082265045281869,False,
EDEM1,-0.5,-0.375,0.0821030588607787,0.355552928342365,False,
EDEM2,0.125,0.25,0.1827094910037854,0.1429796581047975,False,
EDEM3,-0.125,0.25,-0.223584470406106,-0.0189419357440447,False,
EDF1,0.125,-0.125,0.0407871987658999,0.6638219159863157,False,
EDIL3,0.0,0.125,0.2259030941445259,0.4149924390192212,False,
EDN1,0.2222222222222223,-0.3333333333333332,0.0233480773438215,-0.2177082195456887,False,
EDNRA,0.25,0.125,-0.2268787391531315,-0.589078439341632,False,
EEA1,0.5,0.25,-0.5521267083574695,0.3265579439572565,False,
EED,-0.5,-0.25,0.4050971484268499,-0.1055452264841432,False,
EEF1A1,0.0,0.0,0.100387167452886,-0.1851361875574775,False,
EEF1A2,-0.3333333333333332,-0.0666666666666666,0.119660530623366,0.628872854383666,False,
EEF1B2,0.0,0.25,0.0198337946977643,-0.0028355664299242,False,
EEF1D,-0.125,0.25,0.2742579081740955,0.2103420029859877,False,
EEF1E1,-0.6000000000000001,0.1999999999999999,0.220887988645129,-0.1110551431458515,False,
EEF2,0.0,0.125,0.1787353570089969,0.6824912998175645,False,
EEF2K,-0.3333333333333332,0.1111111111111111,0.1092754835875721,0.2584179545966472,False,
EEFSEC,-0.125,0.25,0.2168835408046035,0.0229359871291285,False,
EEPD1,-0.0666666666666666,0.0666666666666666,-0.217265198543612,-0.0781565846944372,False,
EFCAB13,-0.25,0.0,-0.295685896947366,0.5190524980355702,False,
EFCAB14,0.25,0.125,-0.2213054831187585,0.2194347686203026,False,
EFCAB2,0.5,0.375,-0.437970382625684,-0.2829243678166881,False,
EFCAB5,0.3333333333333332,0.0666666666666666,-0.216189699644823,0.4412972747147881,False,
EFCAB6,0.0666666666666666,0.1999999999999999,-0.150542224103726,-0.3985622594036808,False,
EFCAB7,0.125,-0.125,-0.520913981381961,-0.9112938690430724,False,
EFEMP1,0.0,-0.125,-0.1647690695000185,0.1924671554036416,False,
EFEMP2,0.375,0.125,-0.5743115117189834,0.4532542501518226,False,
EFHC1,0.25,-0.25,-0.465000249524878,0.2022702915972676,False,
EFHD1,0.7333333333333334,-0.1999999999999999,-0.580568526905355,0.4268516951827463,False,
EFHD2,-0.125,-0.25,0.510342422285133,0.0388996841233373,False,
EFNA1,0.7333333333333334,0.1999999999999999,-0.543676011051419,0.5460671052514987,False,
EFNA3,0.3333333333333332,0.0666666666666666,-0.237283771656509,0.337099838210412,False,
EFNA4,-0.375,0.25,0.5215114130809795,-0.0943631382059506,False,
EFNA5,-0.25,0.375,0.0909991163364274,-0.2238546848998965,False,
EFNB1,-0.1111111111111111,-0.1111111111111111,0.1533585774387775,-0.4986265128078966,False,
EFNB2,0.0,0.0,0.2630617328367845,0.4215758207116997,False,
EFR3A,0.75,0.0,-0.8201767076292715,-0.0880038782165675,False,
EFR3B,-0.1999999999999999,0.6000000000000001,0.105042109303737,0.35750749655551,False,
EFS,0.25,0.625,-0.2886168987911605,0.3393481647360619,False,
EFTUD2,-0.375,-0.375,0.382588106745088,0.5987176440238866,False,
EGF,-0.5,0.375,0.6210373118655586,-1.60731382470015,False,
EGFL7,-0.3333333333333332,-0.4666666666666665,0.813349071991847,0.1032451920598093,False,
EGFR,-0.25,-0.125,0.249114454045778,0.2709332792138363,False,
EGLN1,-0.3333333333333332,0.0,0.2826273081332154,0.3345547370136681,False,
EGLN2,-0.375,-0.125,0.39175614692449,-0.1048098583351859,False,
EGR1,0.0,-0.3333333333333332,-0.1811785030381424,0.2642626061064272,False,
EGR2,0.7333333333333334,-0.3333333333333332,-0.624837626344888,0.1066993200237713,False,
EGR3,0.1764705882352941,-0.0588235294117647,-0.150027992633376,0.5679819552092358,False,
EHBP1,0.375,-0.25,-0.1749408899747371,-0.2634075063125634,False,
EHBP1L1,0.0,-0.125,-0.3041739410875155,0.161168140400481,False,
EHD1,-0.375,0.0,0.5400832243260401,0.2081664972072663,False,
EHD2,0.125,0.0,-0.0615953835685438,0.4024133093103486,False,
EHD3,-0.25,0.25,0.287373687827889,-0.0733538537258484,False,
EHD4,0.0,-0.75,0.2632315646123995,0.1556962755281126,False,
EHHADH,0.125,-0.125,-0.4434070816011854,-0.1855419671680263,False,
EHMT1,0.0,0.0,0.2721802044873779,-0.3301695053378921,False,
EHMT2,-0.6000000000000001,0.3333333333333332,0.508018661746129,-0.0203217878509676,False,
EI24,-0.375,0.25,0.5300798573386976,0.2969916953632676,False,
EID1,0.0,0.1111111111111111,-0.0141128136035454,0.7233752384153533,False,
EID2,-0.125,0.125,0.229138656426727,0.1546823929248246,False,
EID2B,-0.6666666666666667,0.1111111111111111,0.3098878947185985,0.2398627545950857,False,
EID3,0.1764705882352941,-0.1764705882352941,0.006242363244577,-0.0736132796266326,False,
EIF1,0.375,0.125,-0.186270625174085,0.2773489293403846,False,
EIF1AD,-0.2222222222222223,-0.1111111111111111,0.3775402327575274,-0.0663918911626473,False,
EIF1AX,0.125,-0.125,0.3159283328514555,-0.0610700952372993,False,
EIF2A,0.0,0.25,0.201842498362311,0.1622734708472037,False,
EIF2AK1,-0.5,0.25,0.6102967715236725,-0.3287944588838287,False,
EIF2AK2,0.0,-0.25,-0.180816238563709,-0.0520284208592247,False,
EIF2AK3,-0.375,0.25,-0.0587723541280998,-0.093642468987392,False,
EIF2AK4,-0.5,0.25,0.5106486882076515,-0.0933677544260311,False,
EIF2B1,-0.25,0.25,0.171542694361946,0.3011216404305803,False,
EIF2B2,0.0,-0.25,0.3399131384706145,0.2087909694330596,False,
EIF2B3,-0.5,-0.125,0.436961264025955,-0.401545648899579,False,
EIF2B4,-0.25,0.125,0.5767768437069805,0.0716120768372712,False,
EIF2B5,0.0,-0.125,0.0737533609935039,0.027779359885145,False,
EIF2D,0.25,0.125,-0.0935959737836108,0.1982811342375723,False,
EIF2S1,-0.125,-0.25,0.125143765315795,-0.1316466785772949,False,
EIF2S2,0.0,-0.3333333333333332,0.1303967284508584,0.1620696819855922,False,
EIF2S3,-0.125,0.0,0.4959602686976144,-0.9526650258953764,False,
EIF3A,-0.125,-0.125,0.210906094415084,-0.1666283976842768,False,
EIF3B,-0.5,0.375,0.589532243634103,0.4862836162783535,False,
EIF3D,0.0,0.125,0.1278826965790273,-0.2630830108140101,False,
EIF3E,0.25,0.25,-0.488215056748174,-0.0979604734042638,False,
EIF3F,0.0,0.125,0.2473927184663405,-0.6567719348609504,False,
EIF3G,0.125,0.625,-0.0516315816525367,-0.2258682967251486,False,
EIF3H,0.125,0.125,-0.2688544166679465,-0.2948344707511472,False,
EIF3J,0.125,0.0,-0.112964154262303,0.465579098558558,False,
EIF3K,-0.1111111111111111,0.4444444444444444,0.279191892248976,-0.0045413887344845,False,
EIF3L,0.125,0.125,-0.0786707298311961,0.1476617049713451,False,
EIF3M,0.125,0.125,0.0970343520574078,0.2672156774639083,False,
EIF4A2,0.25,0.0,-0.439487239789018,0.2010146598201294,False,
EIF4A3,0.0,0.0,0.0804843587958244,-0.1028524292469139,False,
EIF4B,0.0,0.125,0.0625337721889709,0.1525513925361292,False,
EIF4E,-0.25,-0.375,0.5193556923128024,-0.5499416168741202,False,
EIF4E2,-0.125,0.125,0.438056449277992,-0.1542648089621012,False,
EIF4EBP1,-0.1111111111111111,-0.2222222222222223,-0.0298746097611659,0.276778472584521,False,
EIF4EBP2,0.1111111111111111,0.0,-0.399046900030878,0.3878461251910439,False,
EIF4ENIF1,-0.25,0.0,-0.0029823503132535,0.1675421510227406,False,
EIF4G1,-0.375,0.0,0.425334182376927,-0.001557122131365,False,
EIF4G2,-0.25,-0.25,0.2651214119676125,0.5991200965663168,False,
EIF4G3,-0.25,0.25,0.2200300777367639,-7.93510463674707e-05,False,
EIF4H,-0.375,-0.25,0.4192842460329544,0.2614194368447409,False,
EIF5,-0.625,-0.25,-0.0854177215770458,0.0885870462987243,False,
EIF5A,-0.1111111111111111,-0.3333333333333332,0.3585141135075995,-0.1784625447088075,False,
EIF5A2,0.5555555555555556,-0.4444444444444444,-0.3194198337280115,0.2350015533217755,False,
EIF5AL1,-0.2941176470588236,-0.1764705882352941,0.425205652541246,0.2065794898804416,False,
EIF5B,0.125,-0.25,0.2699228208951325,-0.134427112807459,False,
EIF6,-0.5555555555555556,0.0,0.704970061588768,-0.2330359153632371,False,
ELAC1,0.0588235294117647,0.2941176470588236,-0.155720238150324,0.4414308490843845,False,
ELAC2,-0.625,0.0,0.52416378391565,-0.007870672886999,False,
ELAVL1,0.0,-0.25,0.509996272133755,0.5801247223984207,False,
ELAVL2,0.0666666666666666,-0.0666666666666666,-0.148664707172207,0.3532751223988712,False,
ELF1,0.75,-0.625,-1.177950520946885,0.1620654011492948,False,
ELF2,0.125,0.375,-0.5957147434284771,0.2067015687678739,False,
ELF4,0.0,-0.375,-0.2454062617040265,-0.0879245632597831,False,
ELK1,-0.25,0.0,0.325445529828694,-0.0279863200201218,False,
ELK3,0.2222222222222223,0.0,-0.0745043951917298,0.0406750837380784,False,
ELK4,0.0,-0.125,0.0220056524866595,0.0520315664217232,False,
ELL,-0.125,0.25,0.5849689052678966,-0.0121614531698437,False,
ELL2,0.5,0.125,-0.7473314666954135,0.1939688793991396,False,
ELMO2,0.5,0.0,-0.389858685385211,0.2388356158057556,False,
ELMO3,0.0666666666666666,-0.1999999999999999,-0.0884110710767031,0.3947304802046419,False,
ELMOD2,0.0,0.375,-0.2764602670748105,-0.0875481776015716,False,
ELMOD3,0.75,0.125,-0.7619997555008265,0.5931723437690917,False,
ELN,0.5,-0.125,-0.29350991950145,0.4237584352051011,False,
ELOF1,-0.375,0.0,0.3758653038333085,1.2515615788117802,False,
ELOVL1,-0.125,0.25,0.480903113151894,0.6034220766646006,False,
ELOVL2,-0.1999999999999999,0.1999999999999999,0.0974300239775511,0.4534648949438755,False,
ELOVL3,0.5,0.125,-0.388893942720124,0.1406783959608795,False,
ELOVL4,-0.3333333333333332,0.3333333333333332,0.353976474498567,0.1632873434576578,False,
ELOVL5,0.25,0.375,-0.0839871843077164,0.1883493285060575,False,
ELOVL6,-0.375,-0.125,0.3088608627646375,0.2857119557863936,False,
ELP2,-0.25,0.25,0.220605247621593,-0.5176271500793375,False,
ELP3,0.125,-0.375,-0.1660175787441683,-0.4246987586576605,False,
ELP4,-0.375,0.0,0.0618450657913209,-1.285992736057289,False,
ELP5,-0.2222222222222223,0.3333333333333332,0.1884944424117889,-0.104169284881851,False,
ELP6,-0.125,0.25,0.2680378041995165,0.1075553910901216,False,
EMB,-0.3333333333333332,-0.0666666666666666,0.724633023987586,-0.1159393771243737,False,
EMC1,-0.625,-0.125,0.5394638005918085,0.4541670777481674,False,
EMC10,-0.625,0.25,0.1795870482870884,0.1256276077016229,False,
EMC2,0.2222222222222223,0.1111111111111111,-0.2127023932978179,-0.1388930881072791,False,
EMC3,0.25,0.375,0.0393553899680702,0.0762877590585739,False,
EMC4,0.125,-0.125,-0.216655726164433,-0.2720591789421018,False,
EMC7,0.625,0.0,-0.6970880290598696,-0.2546302855924871,False,
EMC8,0.0,-0.3333333333333332,0.0250060612263384,0.4286222516737892,False,
EMC9,-0.5555555555555556,-0.2222222222222223,0.3938854616298025,-0.0416191099246767,False,
EMD,-0.125,0.125,0.2815395625844334,0.3197026834572254,False,
EME1,-0.5,-0.125,0.6130696734953129,0.0663892750431549,False,
EME2,0.125,0.125,0.2890423634791833,0.3937923046819115,False,
EMILIN1,-0.125,0.125,0.0086663434400499,-0.0086257611498274,False,
EMILIN2,0.0666666666666666,-0.3333333333333332,-0.24127666791662,0.0926980109194641,False,
EML1,0.0,-0.25,-0.3404932328712204,0.2510920779494321,False,
EML2,0.5,-0.25,-0.2437653842367465,-0.1252234647759804,False,
EML3,0.5,0.125,-0.3351935110164995,0.545343000617593,False,
EML4,-0.5,-0.125,0.425722715845619,-0.464467590640899,False,
EML6,0.375,-0.125,-0.4101011498996475,-0.0457995416939147,False,
EMP1,0.625,-0.25,-0.798158627785696,-0.6155561928898816,False,
EMP2,0.0,0.125,-0.0843456106815612,-0.0219598402426601,False,
EMP3,0.125,0.0,0.200829205519063,-0.1673874168963962,False,
ENAH,-0.125,-0.375,0.1351313076165675,-0.0595555283984192,False,
ENC1,-0.125,-0.125,0.1608546265933275,-0.4559671342704545,False,
ENDOD1,0.4444444444444444,0.0,-0.5885765589048,0.1660887825431265,False,
ENDOG,-0.1111111111111111,0.4444444444444444,0.187173531505264,0.2603699291965955,False,
ENDOV,0.125,0.125,-0.133687056510869,0.3955989358781755,False,
ENG,-0.625,0.125,0.767471484547667,0.0883668499753898,False,
ENGASE,-0.125,0.125,-0.254892818921026,0.3791669865552634,False,
ENHO,-0.0666666666666666,0.4666666666666665,0.0250531776954282,0.8903273388478219,False,
ENKD1,-0.125,-0.125,-0.1300914655814233,0.9522438451723556,False,
ENO1,0.125,0.25,0.2244700936546585,-0.1678611451641729,False,
ENO2,-0.2222222222222223,0.1111111111111111,0.610484062399311,0.0693227929512969,False,
ENO3,0.125,-0.25,-0.437352155503986,-0.2139696745808708,False,
ENOPH1,-0.25,-0.375,0.0257595316998115,0.025931984296761,False,
ENOSF1,0.125,-0.125,-0.5753330487300805,0.8083968698065345,False,
ENOX1,0.25,0.0,-0.280580325043067,-0.0884106504059336,False,
ENOX2,-0.125,0.0,-0.1584159102472795,-0.5935680975425557,False,
ENPP1,0.0,0.125,-0.0939049256212897,-0.3104506242662497,False,
ENPP2,0.125,0.125,-0.219804701009305,-0.7907464880424402,False,
ENSA,-0.375,0.0,0.230708062133262,-0.0889128436927979,False,
ENTPD4,-0.25,0.0,0.0534106741959445,0.3475266938910579,False,
ENTPD5,0.75,-0.125,-0.887279795000167,-0.1258219532909166,False,
ENTPD6,-0.25,0.0,0.7258173693996405,-0.4396953031614194,False,
ENTPD7,-0.2222222222222223,-0.3333333333333332,0.3891530513805955,0.0354027316856031,False,
ENY2,0.125,-0.125,0.0661031773345051,-0.465279289403945,False,
EOGT,0.5,0.0,-0.4261866441051705,0.2310027931303446,False,
EP300,0.0,-0.375,-0.0714321271382538,0.3905588632105442,False,
EP400,-0.25,-0.375,-0.2995590246728495,0.2074510056287444,False,
EPAS1,0.0,0.0,0.0207981406222242,-0.1298638550589474,False,
EPB41,-0.375,0.5,0.3678790285270849,0.2025248296530071,False,
EPB41L1,-0.125,0.0,0.4753828776736055,0.0851584564796366,False,
EPB41L2,-0.375,0.25,0.2952241297039825,-0.5385711004562825,False,
EPB41L4B,-0.25,-0.25,0.5791513930129211,1.569932283390599,False,
EPB41L5,0.75,-0.5,-0.9540075791239544,-0.106775253108629,False,
EPC1,0.375,-0.125,-0.999385865071841,0.0561979442685904,False,
EPC2,0.375,0.125,-0.62550625847492,-0.3272449841363314,False,
EPDR1,-0.125,0.375,-0.0861460741974111,0.1893782732015099,False,
EPG5,-0.625,0.0,0.377416461505873,-0.1455398213714085,False,
EPHA1,0.0666666666666666,-0.0666666666666666,-0.0868786420943556,-0.7299203123832284,False,
EPHA2,-0.5,-0.375,0.650910756465838,-0.0215294487776875,False,
EPHA4,0.375,0.0,-0.419416981208925,0.0215895317379959,False,
EPHA5,-0.875,0.25,0.4956377336870129,0.1075864351537283,False,
EPHB1,-0.8666666666666667,0.4666666666666665,0.962044731088215,-0.0126629250336827,True,-1.0
EPHB2,-0.25,-0.25,0.0610991093917692,-0.4800984954219649,False,
EPHB3,0.0,0.5555555555555556,-0.271840777271831,0.0063864675336686,False,
EPHB4,-0.25,-0.125,0.0663276139291353,-0.0235972000569479,False,
EPHB6,0.5,-0.125,-0.6821102262765755,0.3641441150654916,False,
EPHX1,0.125,0.375,-0.1841785794038753,0.1981894822102039,False,
EPHX4,-0.25,-0.125,0.3829453005091485,0.9589352405087268,False,
EPM2A,0.375,0.25,-0.4164782806107184,-0.1857113357041848,False,
EPM2AIP1,0.2222222222222223,-0.1111111111111111,-0.5933470540795449,-0.1604501229094443,False,
EPN1,-0.5,0.125,0.3415056591789545,0.1015781333615599,False,
EPN2,0.125,-0.125,0.215862757982901,-0.5282926975576332,False,
EPOR,-0.3333333333333332,-0.0666666666666666,0.17578667832019,-0.2237781179915656,False,
EPS15,0.375,-0.25,-0.6459309998380129,-0.0312036689053858,False,
EPS15L1,0.5,-0.25,0.0163891222680345,0.0735449211966177,False,
EPS8,0.5,-0.25,-0.498421122417788,-0.2024514455474868,False,
EPS8L1,0.6000000000000001,-0.3333333333333332,-0.0744337749093538,0.1362347094460703,False,
EPS8L2,-0.125,-0.125,0.1765873969660012,0.0207774882846711,False,
EPSTI1,0.375,0.0,-0.0762125763582936,-0.4244723801415981,False,
ERAL1,-0.625,0.375,0.4301731761824375,-0.0595575699181174,False,
ERAP1,0.0,0.0,-0.568817026421288,0.0083381246577394,False,
ERAP2,-0.25,-0.375,-0.0895598150011461,-1.255005801101863,False,
ERBB2,0.5,-0.125,-0.181721980560631,-0.3408470119231164,False,
ERBB3,-0.6000000000000001,0.1999999999999999,0.622924123000024,0.0831734577181433,False,
ERC1,0.125,-0.125,-0.302584043352503,-0.2277677377473761,False,
ERCC1,0.25,0.5,0.101017169505269,0.1921634394185125,False,
ERCC2,-0.5,0.0,0.587952020751386,0.101497714053333,False,
ERCC3,0.125,0.0,-0.0793053632492281,0.0659097883296315,False,
ERCC4,0.5,-0.25,-0.3120615473506805,-0.1031900370808633,False,
ERCC5,0.0666666666666666,-0.0666666666666666,-0.420560643299086,-0.021329686534472,False,
ERCC6,0.375,-0.125,-0.4544028209134935,-0.0740215601610567,False,
ERCC6L,-0.5555555555555556,-0.1111111111111111,0.5467353124094605,-0.1364295081023057,False,
ERCC6L2,0.125,-0.25,-0.3749035457504145,-0.6805964697174697,False,
ERCC8,-0.25,0.125,0.1603754657965374,-0.6020255697016301,False,
EREG,-0.411764705882353,-0.1764705882352941,0.421156138429807,-0.0406958007828409,False,
ERF,-0.6000000000000001,-0.1999999999999999,0.471732623799284,0.4930881319882205,False,
ERGIC1,0.625,0.0,-0.3836202183697505,-0.4683514853727115,False,
ERGIC2,-0.125,0.125,-0.2458893061633409,0.0574509309060169,False,
ERGIC3,0.0,0.5,-0.0068442288417421,0.3411781219564544,False,
ERH,-0.375,0.0,0.2424779330806785,-0.0889444954313092,False,
ERI1,0.0,0.125,0.2672789516841345,-0.1948718616929494,False,
ERI2,0.0,-0.125,-0.6777776919579319,0.0458394887912652,False,
ERI3,0.125,0.375,0.227575468074231,0.3114283429027322,False,
ERICH1,0.0,-0.25,-0.0105549414216524,0.0457542238741535,False,
ERLIN1,-0.125,-0.125,0.672718553838256,0.2044066623493878,False,
ERLIN2,-0.25,0.125,-0.0682138802293039,0.1220012271144277,False,
ERMAP,0.5,0.25,-0.377441979001111,0.2080061557110541,False,
ERMARD,0.25,-0.125,-0.2973047771440661,1.1421433761637043,False,
ERMP1,0.0,0.25,-0.273447558941728,0.0143495846426957,False,
ERN1,0.625,0.125,-0.7213490754426635,0.1038700674805856,False,
ERP29,-0.4444444444444444,-0.3333333333333332,0.68429237764508,-0.5284069089855288,False,
ERP44,0.3333333333333332,0.1111111111111111,-0.339097251068857,0.0338596631611114,False,
ERRFI1,0.125,0.125,-0.2815995448084375,0.0540745629528633,False,
ERV3-1,0.0588235294117647,0.1764705882352941,-0.107475522781872,-0.3319286672760091,False,
ESCO1,0.125,0.5,-0.2582649486971935,0.3164911335993761,False,
ESCO2,-0.375,0.0,0.422640182125525,-0.0978780077308623,False,
ESD,0.125,0.125,-0.0213720007006211,-0.0292639567465533,False,
ESF1,0.125,-0.125,-0.339703271480222,-0.2471620342444083,False,
ESPL1,-0.5,0.125,0.5643366255044324,0.1715114622144633,False,
ESRRA,0.125,-0.25,0.0734536388729955,0.1373240100129225,False,
ESYT1,-1.0,0.0,0.7457590274542635,-0.0747761637523751,True,-1.0
ESYT2,0.25,-0.375,-0.7346204130396514,0.2267917671451864,False,
ETAA1,0.2222222222222223,-0.1111111111111111,-0.535717201537925,-0.1087733430815616,False,
ETF1,-0.25,0.0,0.2630900370251925,0.1087374650306016,False,
ETFA,-0.125,0.0,0.206262961058236,-0.451341325991649,False,
ETFB,-0.25,0.125,-0.0584342455244264,0.0645325614442282,False,
ETHE1,-0.4444444444444444,0.0,0.3870464134138465,0.3430979050569918,False,
ETNK1,0.125,0.25,-0.2008833955535388,-0.8447701082073069,False,
ETNK2,0.4666666666666665,0.0666666666666666,-0.527616685788466,0.7216825731610392,False,
ETS1,0.0,-0.25,0.0435506170273289,-0.7617413365735013,False,
ETS2,0.5,-0.25,-0.8046162624705966,0.1716120989847573,False,
ETV1,-0.25,0.0,0.5723699920003495,-0.1637746426888262,False,
ETV2,-0.1999999999999999,0.6000000000000001,0.418593481768007,0.3114001707063751,False,
ETV3,0.125,-0.25,-0.0618816289480409,0.1965549207718648,False,
ETV4,-0.25,0.0,0.2224117007204495,0.0725858896463189,False,
ETV5,-0.2222222222222223,-0.3333333333333332,0.4106247607502155,-0.0138565996494115,False,
ETV6,-0.25,-0.125,0.147952505848301,-0.4127993307329012,False,
ETV7,-0.0666666666666666,0.0666666666666666,0.114800270934727,0.3244446724482206,False,
EVA1A,0.0,-0.25,0.1550374611572625,-0.8690325665681033,False,
EVA1B,0.0,0.2222222222222223,-0.0524589041916886,0.2482602808232243,False,
EVA1C,0.75,-0.125,-0.759404079939569,-0.450367407374002,False,
EVC,0.625,0.125,-0.4629342883084215,-0.0702531831184276,False,
EVC2,0.625,0.0,-0.6979273291092895,0.2013422688364539,False,
EVI2A,0.0,-0.25,-0.279995639608412,-0.1989964322408188,False,
EVI2B,0.375,-0.25,-0.388944030014133,-0.2914731419269118,False,
EVI5,-0.125,-0.25,0.361703724334483,-0.0616024727438664,False,
EVI5L,-0.1111111111111111,0.3333333333333332,0.3412092850072765,-0.0874896988797822,False,
EVL,0.25,0.125,-0.0788968647677946,-0.2817956892125299,False,
EWSR1,-0.125,0.0,0.451502599306655,-0.0263013847693609,False,
EXD2,0.125,0.0,-0.1148443523984102,0.2233301219874086,False,
EXD3,0.25,0.375,0.0219298008094049,0.4726376986049621,False,
EXO1,-0.375,0.0,0.5854080168611795,-0.2492574123642845,False,
EXO5,0.25,0.0,-0.3527706947447609,0.4442960382559198,False,
EXOC1,0.5,0.0,-0.817354199920199,-0.1581777770195285,False,
EXOC2,0.0,0.0,-0.0022138431449505,-0.0036546636864605,False,
EXOC3,-0.125,0.25,-0.2052924714744885,-0.1719571512767849,False,
EXOC4,0.25,0.0,-0.308295323559261,-0.3579933297221807,False,
EXOC5,-0.125,0.0,-0.4093429514967315,0.1468639945011247,False,
EXOC6,0.375,-0.25,-0.4836236735466435,-1.1409191396160336,False,
EXOC6B,-0.25,-0.125,0.2440446068418795,-0.4612988199666281,False,
EXOC7,-0.625,0.0,0.4757190230268415,0.0233540620347851,False,
EXOC8,0.5555555555555556,0.0,-0.626438171551468,0.0827297564342159,False,
EXOG,0.125,-0.25,-0.168299804823525,-0.0977209782627572,False,
EXOSC1,0.0,0.5,-0.0836356122661985,-0.262370460510422,False,
EXOSC10,0.125,-0.375,-0.0643965927695686,-0.6457948675088188,False,
EXOSC2,-0.375,-0.25,0.664457554386,0.0879883939258396,False,
EXOSC3,-0.0666666666666666,-0.3333333333333332,0.103936998119039,0.3179395754982907,False,
EXOSC4,-0.2222222222222223,0.1111111111111111,0.2094842661400765,0.2996855734952683,False,
EXOSC5,-0.375,0.25,0.6962874624770015,-0.0492703790368056,False,
EXOSC6,-0.5555555555555556,0.2222222222222223,0.353636419974361,0.5660945753475839,False,
EXOSC7,0.125,-0.125,0.0011768629255118,-0.2258199557859739,False,
EXOSC8,-0.125,-0.125,-0.1703034464724974,0.2076174767524807,False,
EXOSC9,-0.25,-0.375,0.2854311801452935,0.7837867019390643,False,
EXPH5,0.1999999999999999,-0.0666666666666666,-0.300158512042374,0.1673972168783167,False,
EXT1,-0.625,-0.375,0.7729072966864761,-0.0445775672516388,False,
EXT2,-0.125,-0.125,0.361194536284091,-0.3363432241744215,False,
EXTL1,-0.3333333333333332,0.1999999999999999,0.402152445290402,-0.8766561360302028,False,
EXTL2,-0.375,0.25,0.247714295422838,0.2168223812840466,False,
EXTL3,-0.125,0.0,0.1659176480002628,0.2141149133209774,False,
EYA1,0.4666666666666665,0.1999999999999999,-0.570787732963806,-0.600825671170437,False,
EYA3,-0.125,-0.25,0.080841440839203,-0.2142129877755274,False,
EZH1,0.375,0.0,-0.658850957221961,0.3921400782470141,False,
EZH2,-0.25,-0.25,0.350931650705805,-0.2680848979786869,False,
EZR,-0.375,-0.375,0.6523128268796625,0.4096174969434727,False,
F12,-0.1999999999999999,0.0666666666666666,0.53981180308578,0.6623744033339984,False,
F2R,0.0,0.1111111111111111,-0.142625425217983,0.3483680203823807,False,
F2RL1,-0.3333333333333332,-0.1111111111111111,0.9520385334126904,-0.602259557083726,False,
F2RL2,-0.7777777777777777,0.2222222222222223,0.633192046145229,-0.482683003691382,True,-1.0
F3,0.25,0.0,-0.2339979880874305,-0.6177283563266707,False,
FAAH,0.6000000000000001,-0.0666666666666666,-0.470242006558536,0.2641463233761292,False,
FABP3,0.25,0.375,-0.0997416060397536,-0.4117247867203251,False,
FABP5,-0.4666666666666665,0.0666666666666666,0.553616748048015,-0.0949649678550959,False,
FADD,-0.2222222222222223,-0.3333333333333332,0.31545375386661,-0.142851517533703,False,
FADS1,0.0,-0.375,-0.3381960205242115,0.1927549818495677,False,
FADS2,0.0,-0.25,-0.389903644171261,0.4903545126020874,False,
FADS3,0.6666666666666667,-0.1111111111111111,-0.907794683905541,0.2791302712616987,False,
FAF1,-0.625,0.25,0.4369768130781415,0.1769019941359637,False,
FAF2,-0.25,0.0,-0.1195898778424145,-0.1290904695369685,False,
FAH,-0.125,0.375,0.3031530741975503,-0.1931057558007207,False,
FAHD1,0.0,0.0,0.2042188251567755,0.3772234334028286,False,
FAHD2A,-0.25,0.375,0.517442324864281,0.164465597124876,False,
FAHD2B,-0.1999999999999999,0.4666666666666665,-0.141229162713419,0.7089047119514539,False,
FAIM,1.0,-0.25,-0.9748203107092897,0.3660737914192231,True,1.0
FAIM2,-0.4666666666666665,0.0666666666666666,-0.175103275519274,0.3693398318829963,False,
FAM107B,-0.375,-0.125,0.5329968678441555,-0.2001211866897638,False,
FAM110A,-0.375,0.0,0.7497466309405495,-0.147607949294346,False,
FAM110B,-0.125,0.0,-0.2083816810930334,-0.4989130469553231,False,
FAM111A,0.25,-0.25,-0.6481406787731294,-0.4454459784721725,False,
FAM111B,-0.375,-0.125,0.370842972686739,-0.2819395091541112,False,
FAM114A1,-0.375,0.25,-0.0986242303443645,0.5997615966854046,False,
FAM114A2,0.125,-0.125,-0.173366993932956,0.1108277529406054,False,
FAM117A,0.2941176470588236,-0.1764705882352941,0.371400631846756,-0.2682865556448228,False,
FAM117B,-0.125,0.375,0.0393495309142611,0.2837846091947824,False,
FAM118A,0.125,-0.25,0.0620106919690115,0.5567163235812012,False,
FAM118B,0.5555555555555556,0.2222222222222223,-0.1974419538096315,-0.1843934519248025,False,
FAM120A,0.125,0.0,0.315222160699512,0.4913680227531151,False,
FAM120AOS,0.25,-0.125,-0.5836380025866915,0.4252689168361887,False,
FAM120B,0.75,0.375,-0.529288893016082,-0.4924523558255393,False,
FAM120C,0.125,0.0,-0.137424602722322,-0.5851638641990953,False,
FAM131A,-0.1999999999999999,-0.1999999999999999,-0.180541058941713,0.2735158773985779,False,
FAM131B,-0.4666666666666665,0.3333333333333332,0.432007058629951,0.5251515334808254,False,
FAM131C,-0.125,0.125,0.5981578844570326,-0.291312165525857,False,
FAM133A,0.0,0.125,-0.1636637168768961,-0.8865409882849004,False,
FAM133B,-0.4444444444444444,-0.3333333333333332,0.0102305876097975,0.3903882615807967,False,
FAM135A,0.375,-0.25,-0.295942425504444,-0.6869950983540412,False,
FAM136A,-0.25,-0.125,0.279645364572737,0.2170493153648507,False,
FAM13A,0.625,0.125,-0.6143405024699684,-0.2544854621674886,False,
FAM13B,0.25,0.0,-0.3758799747872084,-0.5874308884405144,False,
FAM13C,-0.1999999999999999,0.1999999999999999,0.472639358568655,-0.0260499824336906,False,
FAM149A,-0.0666666666666666,0.0666666666666666,-0.022154788225404,-0.3212956450552782,False,
FAM149B1,0.125,0.125,-0.241297986069269,-1.061799239574058,False,
FAM151B,-0.125,0.75,-0.333728552219808,0.2925928826800303,False,
FAM156A,0.4666666666666665,-0.0666666666666666,-0.220693639203904,-0.0827567886234956,False,
FAM161A,0.0,-0.125,-0.265693679180131,-0.3009756697516956,False,
FAM161B,0.25,-0.125,-0.3423895159369525,0.089382342622085,False,
FAM162A,0.0,0.125,0.118463932159174,0.3411178746766543,False,
FAM167A,0.375,-0.125,-0.69317471430735,0.0378095434413112,False,
FAM167B,-0.25,-0.125,0.4797778369542564,-0.3012685427256496,False,
FAM168A,-0.125,0.25,0.0337233853877946,0.0527078924088968,False,
FAM168B,-0.25,-0.25,0.0679378484758133,0.5018658175463582,False,
FAM169A,-0.375,0.0,0.696885400508943,0.476904047013313,False,
FAM171A1,-0.625,-0.125,0.8727583430291734,0.2108597932121818,False,
FAM171A2,-0.375,0.5,0.2906080728071875,0.4670104894177025,False,
FAM171B,0.0,0.375,-0.1175969622877041,-0.0653885889244056,False,
FAM174A,0.5,0.125,-0.4989937125351285,0.3163172586815661,False,
FAM174B,0.3333333333333332,0.1999999999999999,-0.524881133258092,0.0854934155909497,False,
FAM177A1,0.875,0.125,-0.6652585124841925,0.3739398730028624,False,
FAM180A,0.0666666666666666,0.1999999999999999,-0.0784819078823807,-0.4055377243161642,False,
FAM184B,0.0666666666666666,-0.3333333333333332,-0.0492229347578678,0.4107377062949855,False,
FAM193A,0.25,-0.25,-0.3962414617630705,0.1509533335736188,False,
FAM193B,-0.125,0.125,-0.130411020230117,0.0288718020282972,False,
FAM199X,0.4444444444444444,-0.1111111111111111,-0.0687320255668384,0.1105023735729808,False,
FAM200A,0.2222222222222223,0.0,-0.316260390946209,-0.5931240481116193,False,
FAM204A,-0.125,0.125,-0.1890970062521117,-0.0433038086523844,False,
FAM20A,0.3333333333333332,-0.0666666666666666,-0.557469435047097,-0.2744883005209981,False,
FAM20B,-0.375,0.0,0.041842847980085,0.3404569456531301,False,
FAM20C,0.0,0.3333333333333332,-0.1919631078803865,0.0402754476488396,False,
FAM210A,0.125,-0.125,0.0945555688466647,0.2457359101008949,False,
FAM210B,0.25,0.125,-0.2695371210369845,0.4235584465072017,False,
FAM217B,0.375,-0.125,-0.890802454365741,-0.0112354160150585,False,
FAM218A,0.3333333333333332,0.7333333333333334,-0.148038338873618,0.365082191894813,False,
FAM219A,-0.375,-0.25,0.1339974176423615,0.2324321314701944,False,
FAM219B,0.25,0.125,-0.1453627130407131,0.495699886641753,False,
FAM220A,-0.0666666666666666,0.1999999999999999,-0.0595505282338779,0.5448493027332582,False,
FAM222A,0.1999999999999999,-0.1999999999999999,-0.410176477922731,0.3219130572923161,False,
FAM222B,0.375,0.25,-0.6905740058371185,0.0295606149584468,False,
FAM227A,-0.125,-0.375,-0.0907118780987814,0.1982956524083647,False,
FAM227B,0.0,0.5,-0.2338210086423889,-0.1544333955805146,False,
FAM228B,0.3333333333333332,0.2222222222222223,-0.5964954821929884,0.0219914982680986,False,
FAM229A,0.411764705882353,-0.1764705882352941,-0.402246863552429,1.1432173246689117,False,
FAM24B,-0.5,0.125,-0.0777266385963406,-0.2767281344274845,False,
FAM32A,0.25,0.25,0.1191841151071294,-0.1255586570210054,False,
FAM3A,-0.125,0.25,0.155715941410844,0.2675999887433939,False,
FAM3C,0.0,0.125,-0.0135342440091185,0.3083351324412464,False,
FAM43A,0.2222222222222223,-0.3333333333333332,-0.332298436958125,0.1268549792266853,False,
FAM43B,0.125,-0.125,0.0004736941509728,0.0449402771957687,False,
FAM50A,0.125,0.375,-0.0613933859014284,0.9491554440450024,False,
FAM50B,0.1111111111111111,0.0,-0.504475587204727,0.2828905634428786,False,
FAM53A,0.7333333333333334,-0.1999999999999999,-0.589155617583645,0.4311703880808228,False,
FAM53B,0.1999999999999999,-0.1999999999999999,-0.48512964715779,0.215282278143408,False,
FAM53C,-0.125,-0.375,0.0280494492057164,0.1524109567238643,False,
FAM76A,0.0,-0.125,-0.362406952785237,0.0712924386741407,False,
FAM76B,-0.25,-0.25,-0.0833257204399376,0.1335378026174485,False,
FAM78A,0.0666666666666666,0.4666666666666665,-0.479884268240206,0.720587571592906,False,
FAM81A,-0.4666666666666665,0.3333333333333332,0.42705702740036,0.2075456046897379,False,
FAM83D,-0.25,-0.125,0.579353329057811,0.0234171926261348,False,
FAM83G,-0.375,-0.375,0.662445907018607,0.5283080088586156,False,
FAM83H,-0.2941176470588236,-0.2941176470588236,0.403102344326952,1.413087105953441,False,
FAM89A,0.6666666666666667,-0.4444444444444444,-0.821965653780676,0.5187752273480462,False,
FAM89B,0.0,0.2222222222222223,-0.2085258895111661,0.2859075601950451,False,
FAM8A1,0.0,0.0,-0.2779765080788715,0.601425433337385,False,
FAM91A1,0.125,-0.125,-0.5100178297090441,-0.4195632028766289,False,
FAM98A,-0.375,0.375,0.3143999745958474,-0.2859351377761112,False,
FAM98B,-0.375,-0.125,0.4129408007116965,-0.1195422817855151,False,
FAM98C,-0.125,0.125,0.0090589961458496,0.269298820120333,False,
FAN1,0.5,-0.125,-0.703997044083163,-0.0770264230851469,False,
FANCA,-0.25,0.125,0.4768275419437839,0.1306020085399493,False,
FANCB,-0.375,-0.25,0.3182243640051115,0.2286549552884125,False,
FANCC,-0.125,-0.375,0.1682124018153302,-0.0605610123592343,False,
FANCD2,-0.25,-0.375,0.410807016205528,-0.1781222709992864,False,
FANCE,-0.4444444444444444,-0.1111111111111111,0.2638227311110837,0.2440283006873147,False,
FANCF,-0.1111111111111111,0.0,-0.1366133895176025,-0.0576057184608309,False,
FANCG,-0.4666666666666665,0.0666666666666666,0.486593185505094,0.1576384015415355,False,
FANCI,-0.375,-0.125,0.7245497897497555,-0.3471931912697528,False,
FANCL,0.125,-0.125,-0.114529400354367,-0.0165677775995845,False,
FANCM,-0.125,-0.375,-0.0985100802059921,-0.861980220686078,False,
FANK1,0.0,0.375,0.1154653774050355,-0.3397457070998302,False,
FAP,0.25,0.125,-0.3770814026111805,-0.846234874439777,False,
FAR1,0.0,-0.125,0.0854376422893187,0.3153101658871766,False,
FAR2,-0.125,-0.625,0.2712047537183386,-1.0159011456119995,False,
FARP1,-0.25,0.5,0.4353363619926039,0.3262184057697208,False,
FARP2,0.25,-0.375,-0.1352811522143061,0.0468518597139024,False,
FARS2,0.0,0.125,-0.1687294386434828,-0.1723037384227868,False,
FARSA,-0.5,0.0,0.688152365401037,0.1514501256565414,False,
FARSB,-0.5,-0.25,0.269452912617203,0.0519435671374495,False,
FAS,0.5,-0.125,-0.639753820936686,0.6206367983744343,False,
FASN,0.2222222222222223,-0.1111111111111111,0.3062209791316835,0.5243888515744946,False,
FASTK,-0.125,0.625,-0.0178335965080682,0.3712084143065253,False,
FASTKD1,0.25,0.125,-0.27171934139731,-0.0320907945443966,False,
FASTKD2,-0.125,-0.25,0.0193849757988141,0.0444638680179856,False,
FASTKD3,-0.25,-0.125,0.0289949467647709,0.0802393207423888,False,
FAT1,-0.25,-0.25,0.3325415738394445,0.2295227386555764,False,
FAT4,0.625,0.0,-1.000289287734525,0.2487908138113068,False,
FAU,-0.125,0.125,0.0658780727488699,-0.0088109061794261,False,
FAXC,-0.25,-0.25,0.4186788150494565,0.0286735267339399,False,
FAXDC2,0.375,0.125,-0.742360288219251,-0.3288432284801428,False,
FBF1,0.0,0.375,-0.1533279370922089,0.0722274890024059,False,
FBL,-0.4444444444444444,0.5555555555555556,0.331932838236987,-0.1766748026382167,False,
FBLIM1,-0.375,-0.25,0.3685509677448805,0.0140694149450242,False,
FBLN1,0.625,0.125,-0.9889599657236716,0.213621264327789,False,
FBLN2,0.1999999999999999,-0.3333333333333332,0.0904095068151667,-0.1466531610033158,False,
FBLN5,0.75,-0.25,-0.915681536771805,0.2033371550188798,True,1.0
FBLN7,-0.125,0.25,-0.1803112041566285,-0.2852920558948013,False,
FBN1,0.0,0.125,-0.3609858834255365,-0.4279318888406829,False,
FBN2,0.625,0.0,-0.8487172905267599,0.6177292194216104,False,
FBRS,0.0,-0.25,-0.4023697735383715,-0.1008215257000229,False,
FBRSL1,0.125,-0.25,0.0120498650003855,0.4698279607090216,False,
FBXL12,0.3333333333333332,0.0,-0.143995625632445,0.1647544679547863,False,
FBXL13,-0.6000000000000001,0.1999999999999999,0.371155288151338,0.132719101451979,False,
FBXL14,-0.3333333333333332,-0.5555555555555556,-0.0433921477623466,0.4591770753780415,False,
FBXL15,-0.125,0.375,0.228721701361259,0.081785976992676,False,
FBXL17,0.25,0.0,-0.6792065877128044,0.0496042080522465,False,
FBXL18,0.0,0.125,-0.0872752796757986,0.4232117992480457,False,
FBXL19,-0.375,0.125,0.4957065717059155,-0.1312896259756613,False,
FBXL2,0.25,-0.125,-0.3585970048780335,0.3045252711881345,False,
FBXL20,0.25,0.25,-0.2906780164416955,0.0400938846776819,False,
FBXL22,0.0,0.0,-0.348518633374947,0.4305231428219295,False,
FBXL3,0.125,-0.125,-0.5811861226058235,-0.0451465150482865,False,
FBXL4,0.2222222222222223,0.3333333333333332,-0.590558102653896,0.0649238613003908,False,
FBXL5,0.0,0.25,-0.0663138625392295,0.2091651332100892,False,
FBXL6,-0.411764705882353,0.0588235294117647,0.625413246894153,0.5486844864440208,False,
FBXL7,0.25,0.375,-0.426411794705187,-0.0037974377526346,False,
FBXL8,0.5294117647058822,-0.0588235294117647,-0.232944904357294,0.5627894250846439,False,
FBXO10,0.5,0.0,-0.7038961977161875,0.2726144877758485,False,
FBXO11,0.25,-0.25,-0.459838601260746,-0.2420887166715735,False,
FBXO16,-0.411764705882353,0.411764705882353,-0.0063952203684046,-0.5464498203505324,False,
FBXO17,0.0,0.2222222222222223,-0.4376793155267939,0.4264063380639591,False,
FBXO2,0.0666666666666666,0.0666666666666666,0.207982986909188,0.8067824922988931,False,
FBXO21,-0.625,0.375,0.3547371667489395,-0.046837954534102,False,
FBXO22,-0.5,0.125,-0.1575088213444463,0.4392710218914373,False,
FBXO25,0.375,0.5,-0.331231066966648,0.5034927721864193,False,
FBXO27,-0.1999999999999999,-0.0666666666666666,-0.382627492475707,0.4820893194136861,False,
FBXO28,0.25,-0.125,0.169737963404951,-0.122988190184784,False,
FBXO3,-0.25,0.125,0.4168129546996205,-0.2786333775646472,False,
FBXO30,-0.3333333333333332,0.3333333333333332,0.0340039679668423,0.2962669713255876,False,
FBXO31,0.125,-0.125,0.0162209096207576,-0.0847024836209398,False,
FBXO32,0.3333333333333332,0.3333333333333332,-0.4877633155940195,0.3708241475090574,False,
FBXO33,0.2222222222222223,0.1111111111111111,-0.0513892356585022,-0.0462626162242743,False,
FBXO34,-0.125,0.0,-0.1243586466806302,-0.1276329881537381,False,
FBXO36,0.625,0.25,-0.5582377277164545,0.120283430379579,False,
FBXO38,0.125,-0.125,-0.1025207556216927,-2.2929334491277524,False,
FBXO4,0.25,0.125,-0.5383879386424515,0.108186064489653,False,
FBXO41,-0.3333333333333332,-0.3333333333333332,0.582601996161132,0.7475024620717116,False,
FBXO42,0.5,0.0,-0.640257519547974,0.5810114950618663,False,
FBXO44,-0.0666666666666666,0.1999999999999999,0.329595424602425,0.1713984533970493,False,
FBXO46,-0.1111111111111111,-0.3333333333333332,0.4452398448807835,-0.2302803593675864,False,
FBXO48,0.2222222222222223,-0.3333333333333332,-0.196656003963187,-0.2837178148158301,False,
FBXO5,-0.375,-0.125,0.573689825816659,0.0829833534350519,False,
FBXO6,0.6000000000000001,0.0666666666666666,-0.508430353434061,0.6510909946485453,False,
FBXO7,0.625,-0.125,-0.392021876722358,0.02733719247041,False,
FBXO8,0.625,0.25,-0.8486662976694506,-0.4057375796435538,False,
FBXO9,-0.5,0.625,-0.106791227994411,-0.4340372268122112,False,
FBXW11,0.125,-0.25,-0.3383394285147795,0.0297542672736104,False,
FBXW2,-0.125,0.125,-0.029759019320155,0.3248412732665815,False,
FBXW4,0.875,-0.375,-0.5917559818923326,0.6001134310576897,False,
FBXW5,0.0,0.0,-0.0450187631403942,0.7125028184913307,False,
FBXW7,0.5,-0.25,-0.524695258115398,-0.1795247615321007,False,
FBXW8,0.0,0.0,0.1266914868284467,0.1456123972507437,False,
FBXW9,-0.375,0.75,0.7435360796182691,-0.0647149877974759,False,
FCER1G,0.6000000000000001,-0.0666666666666666,-0.29339718680178,-0.2651213675094288,False,
FCF1,-0.125,-0.375,-0.2053543664121375,-0.2793988516085062,False,
FCGRT,0.25,0.375,-0.843084070528037,0.7069202748946544,False,
FCHO1,0.0666666666666666,-0.1999999999999999,0.42137717344357,0.1488723966345433,False,
FCHO2,0.5,-0.375,-0.8703345705224235,-0.2185781316132042,False,
FCHSD1,0.0,-0.25,0.393994270747995,-0.5970027734112864,False,
FCHSD2,0.25,0.0,-0.1492390341558385,-0.0156658703502472,False,
FCRLB,-0.8666666666666667,-0.1999999999999999,0.938975080493714,-0.4058569450377889,True,-1.0
FDFT1,-0.2222222222222223,0.0,0.3718612284027955,0.0931231694942305,False,
FDPS,-0.125,-0.125,0.137522690176,0.134840981310059,False,
FDX1,0.5555555555555556,0.0,-0.3709834358771254,0.4193117185584911,False,
FDXR,-0.5,0.125,0.173436086013511,-0.1997894788270802,False,
FECH,-0.25,0.125,0.0299542110231455,0.4878528114751885,False,
FEM1A,0.2222222222222223,-0.4444444444444444,-0.130992631314806,-0.1231838805628635,False,
FEM1B,0.3333333333333332,-0.4444444444444444,-0.2470197272435459,0.1933191841048156,False,
FEM1C,0.4444444444444444,-0.3333333333333332,-0.6644516239440315,0.1558455585476879,False,
FEN1,-0.3333333333333332,0.2222222222222223,0.7442920825461186,0.0332877697662872,False,
FER,0.25,-0.5,-0.477331450893333,0.152365913453162,False,
FER1L5,-0.4666666666666665,-0.0666666666666666,0.402805662564502,-0.174003004216813,False,
FERMT1,-0.5,0.0,0.650890902268872,0.2522783060468203,False,
FERMT2,0.625,-0.125,-0.8328007038838394,0.0921452052806013,False,
FERMT3,-0.3333333333333332,-0.1999999999999999,0.318220738021746,0.8215384744154747,False,
FES,-0.0666666666666666,0.1999999999999999,-0.0483519319705789,0.5223364364029053,False,
FEZ1,-0.25,0.25,0.1816705041430812,-0.0639509111858709,False,
FEZ2,0.25,-0.125,-0.270958707695457,-0.5989145653647339,False,
FGD1,-0.5555555555555556,0.3333333333333332,0.5803386046936175,-0.1069285484005626,False,
FGD4,0.375,-0.125,-0.572297717320859,0.2629418080976506,False,
FGD6,-0.125,-0.125,-0.3369221104103935,-0.2733813261325988,False,
FGF1,-0.25,0.125,0.6636851152951425,-0.783930403517811,False,
FGF11,-0.1999999999999999,-0.0666666666666666,0.17443805922951,0.9884599063827691,False,
FGF14,0.3333333333333332,0.3333333333333332,-0.634785420362473,0.3127192950540425,False,
FGF18,0.3333333333333332,0.1999999999999999,-0.378923997691439,0.0870065821347871,False,
FGF2,-0.125,-0.5,0.2348735565516974,0.1150696370313686,False,
FGF5,-0.5,-0.625,0.671030610803163,-0.0835072351945442,False,
FGFBP3,0.4666666666666665,-0.1999999999999999,-0.160422772002733,0.2006107074467442,False,
FGFR1,0.25,0.125,0.0958874234045552,0.2810452019633476,False,
FGFRL1,-0.375,0.125,-0.0029434757008091,0.4775374096426925,False,
FGGY,0.25,-0.125,-0.3069150182419005,-0.074546736677223,False,
FGL2,0.0,0.125,0.033741666091223,-1.048125222359391,False,
FH,-0.4444444444444444,0.2222222222222223,0.5247933011153025,-0.2180782386367536,False,
FHAD1,0.3333333333333332,-0.1999999999999999,-0.133673112612621,-0.444636584437883,False,
FHDC1,0.25,-0.125,-0.1398127212701122,0.2493272826419315,False,
FHL1,0.5,-0.125,-0.768335836243211,-0.433323415368708,False,
FHL2,0.0,0.0,0.266213156197828,-0.1817374245464269,False,
FHL3,0.375,-0.25,0.204601159526189,-0.3327357496746992,False,
FHOD1,-0.375,-0.125,0.44549350161078,0.2718295367032604,False,
FHOD3,0.0,-0.125,-0.1296327550283448,-0.4861667411097579,False,
FIBCD1,-0.25,0.375,0.5109434581865745,0.0086524572116659,False,
FIBIN,0.6470588235294117,-0.1764705882352941,-0.71048218339456,-0.5013102255098816,False,
FIBP,-0.125,0.25,0.4099119537175355,0.4586630896659427,False,
FICD,-0.1111111111111111,0.1111111111111111,-0.0336889044575444,-0.2629761780929791,False,
FIG4,-0.125,0.125,0.14229081363703,-0.9498253731460542,False,
FIGN,-0.5,0.25,0.257841171705569,0.2875662009351476,False,
FIGNL1,-0.5,-0.25,0.3587017907325652,-0.0907154344209302,False,
FILIP1,-0.3333333333333332,0.1999999999999999,0.232532578701195,-0.955122696890381,False,
FILIP1L,0.125,0.0,0.0391876396481913,-0.3542268364047354,False,
FIP1L1,-0.5,-0.375,0.22838836448011,0.549232652741305,False,
FIS1,-0.3333333333333332,0.3333333333333332,0.209697526162583,0.1198461072409262,False,
FITM2,0.3333333333333332,0.4444444444444444,-0.256745120669327,0.4183498185519161,False,
FIZ1,0.1111111111111111,0.1111111111111111,-0.2281830748567669,-0.1616705408878562,False,
FJX1,0.1111111111111111,-0.2222222222222223,0.22517539269699,-0.0166510901514298,False,
FKBP10,-0.25,0.25,0.632135499883322,-0.5749368135884627,False,
FKBP11,-0.1999999999999999,-0.0666666666666666,0.194627472654788,0.2692334949076063,False,
FKBP14,-0.375,0.125,0.2650939657631585,-0.2127459527870558,False,
FKBP15,0.0,0.125,0.0263825223837038,-0.1828413560380877,False,
FKBP1A,-0.0666666666666666,-0.3333333333333332,0.323826349942046,0.2388463003640217,False,
FKBP1B,0.5,-0.25,-0.3974846872142685,0.5309139185736667,False,
FKBP3,-0.25,0.125,0.0618415341750298,-0.0666066350604515,False,
FKBP4,-0.6666666666666667,0.0,0.828458665210701,0.1460310906679276,False,
FKBP5,0.75,0.25,-1.118031571953415,1.2868061774297388,False,
FKBP7,0.125,0.375,-0.278176262764527,0.2588741391321423,False,
FKBP8,-0.375,0.375,0.4814846586765869,0.0671747235520621,False,
FKBP9,0.125,0.375,-0.3830323126673335,0.0114860743151621,False,
FKBPL,-0.5294117647058822,0.2941176470588236,0.422160933727939,-0.3215073127446222,False,
FKRP,0.0,-0.125,0.242293508145714,0.6212269128813408,False,
FKTN,0.0,-0.375,-0.0544600392895633,0.2776100105508532,False,
FLAD1,-0.25,-0.375,0.401930327986683,-0.4759160015767207,False,
FLCN,0.3333333333333332,0.0666666666666666,-0.331132719761279,-0.0531218963435695,False,
FLI1,-0.125,-0.5,-0.0592225852141135,-0.0972245228368762,False,
FLII,-0.25,0.0,0.2170115226385705,0.3596999595513823,False,
FLNA,0.0,-0.5,0.3489205723132195,0.0097476854182523,False,
FLNB,-0.25,-0.5,0.0871498615546163,0.057483094596979,False,
FLNC,-0.5,0.125,0.2337774306114876,-0.0302074518657371,False,
FLOT1,0.1999999999999999,0.1999999999999999,-0.258244570963292,0.3429399628413665,False,
FLOT2,0.0,0.125,0.376756777579324,0.8039498606609177,False,
FLRT2,-0.25,0.25,0.139692618946848,-0.6048707853237447,False,
FLRT3,-0.125,0.375,0.2707742522720735,-0.7631023040736267,False,
FLT1,-0.1999999999999999,-0.3333333333333332,0.404671349817215,-0.979303689205396,False,
FLVCR2,0.5,0.125,-0.852138632093547,-0.2144779485515884,False,
FLYWCH1,0.125,-0.25,-0.1091389322179657,-0.231266967984665,False,
FLYWCH2,0.0,0.375,-0.196829682195592,-0.1274637763263166,False,
FMN1,0.375,-0.25,-0.1935627359737899,-0.0937864303787754,False,
FMN2,-0.375,-0.125,0.4890213207444285,-0.5976416355972138,False,
FMNL1,0.1999999999999999,-0.1999999999999999,-0.295235583116307,0.1237253119960368,False,
FMNL2,0.125,-0.5,-0.250420000122948,0.2400134855362004,False,
FMNL3,0.0,0.125,0.130189138357631,0.332242024546693,False,
FMO4,0.375,0.25,-0.8521586907202481,-0.2507027512036313,False,
FMR1,0.25,-0.125,-0.354845219555213,0.778319265038983,False,
FN1,0.375,-0.25,-0.3069430873484789,-0.151638240102947,False,
FN3K,-0.0666666666666666,0.3333333333333332,0.189085697994919,1.188538288562856,False,
FN3KRP,-0.5,-0.125,0.4132818674992475,0.0902665392362578,False,
FNBP1,0.375,-0.125,-0.642625954522146,0.1912292567145204,False,
FNBP1L,0.625,-0.125,-1.04259936284001,0.5056587798901732,False,
FNBP4,0.0,-0.4444444444444444,0.0766226701600405,-0.0221897040629146,False,
FNDC1,0.1999999999999999,0.0666666666666666,-0.473373453064088,-0.062917369144305,False,
FNDC3A,0.625,-0.25,-0.569864959536275,-0.0195517737871191,False,
FNDC3B,0.25,-0.125,-0.3358110831932195,-0.4039412105038775,False,
FNDC4,0.25,-0.125,0.0874896340239944,0.6372372537739932,False,
FNDC5,0.3333333333333332,0.0666666666666666,-0.374619705592628,0.3415763207763373,False,
FNIP1,0.4666666666666665,-0.3333333333333332,-0.670084156500599,0.0204160078192794,False,
FNIP2,0.125,0.0,-0.218055664782775,0.3193808761316594,False,
FNTA,0.625,-0.25,-0.789562580885135,-0.1887652430071229,False,
FNTB,-0.0588235294117647,0.1764705882352941,0.281946886492361,-0.1257851980227742,False,
FOCAD,-0.25,0.125,0.0946792643438726,-0.0087797087268777,False,
FOS,0.625,-0.125,-0.6953345367830734,0.3479534570755556,False,
FOSB,0.0666666666666666,-0.0666666666666666,0.141211560038343,-0.235719219394181,False,
FOSL1,-0.4444444444444444,-0.2222222222222223,0.9631467520040152,0.1929137511357965,False,
FOSL2,0.0,-0.25,0.06660820469871,0.5844037320244753,False,
FOXC1,-0.1111111111111111,0.0,-0.313216017488372,0.2823739157368976,False,
FOXC2,0.1111111111111111,-0.3333333333333332,0.1097131935222301,0.7877116949814003,False,
FOXD1,-0.4444444444444444,0.2222222222222223,0.7797055560184145,0.4038282154824291,False,
FOXD2,0.25,0.0,-0.390137677587232,0.4847945711453634,False,
FOXF2,0.1999999999999999,0.0666666666666666,-0.151353153159484,1.1453361646804034,False,
FOXJ2,-0.2222222222222223,-0.2222222222222223,0.1099832326336925,0.3645897008278909,False,
FOXJ3,-0.1111111111111111,-0.3333333333333332,-0.1284456411901775,0.2842862961993244,False,
FOXK1,0.125,-0.375,0.1823475030144867,0.2519968803351053,False,
FOXK2,-0.125,-0.5,-0.0592781424262126,0.2026443943425402,False,
FOXL1,0.0,0.0,0.066757302064752,0.4173359698606667,False,
FOXL2,-0.1999999999999999,0.0666666666666666,-0.231033086018912,0.1542862268972199,False,
FOXM1,-0.375,0.0,0.588611841328798,0.6119744842658499,False,
FOXN2,0.375,-0.625,-0.395622778517393,0.053692936898996,False,
FOXN3,0.625,-0.25,-0.8118332207527065,-0.0512258800399156,False,
FOXO1,0.875,0.125,-1.0131501302987995,0.4978896917893141,True,1.0
FOXO3,0.875,-0.25,-1.114517447672875,0.4563834677918343,True,1.0
FOXO3B,0.5,0.25,-0.3491595928915035,-0.2171190418567605,False,
FOXO4,0.25,0.375,-0.3263024432355534,-0.257964863870185,False,
FOXP1,-0.125,-0.125,0.006797246903111,-0.2402642477648564,False,
FOXP4,0.0,0.0,-0.0689752063773804,0.697394489965744,False,
FOXRED1,-0.5,-0.375,0.1419818506945972,0.2606557759820829,False,
FOXRED2,-0.4666666666666665,-0.0666666666666666,0.221963508392962,0.6346815790666407,False,
FOXS1,-0.0666666666666666,-0.0666666666666666,-0.159172038141846,0.7205306357696406,False,
FPGS,-0.625,0.0,0.448758425785366,0.2067489536331535,False,
FPR1,0.6000000000000001,0.1999999999999999,-0.495077410930938,-0.3428461708376371,False,
FRA10AC1,0.375,0.375,-0.4189114686341255,0.1878960000415031,False,
FRAS1,0.3333333333333332,0.1999999999999999,-0.420243002506786,-0.9431720293934964,False,
FRAT1,0.2941176470588236,0.1764705882352941,-0.209484812605708,-0.0161242580988656,False,
FRAT2,0.0,0.0,-0.1283360590784374,0.2631695439939645,False,
FRG1,-0.2222222222222223,0.1111111111111111,0.467403617466369,0.6182981850869673,False,
FRK,0.0588235294117647,0.1764705882352941,-0.140225543200516,0.2548505029933945,False,
FRMD3,0.1999999999999999,-0.6000000000000001,-0.163733951469569,-0.5788771308221796,False,
FRMD4A,-0.5,-0.25,0.7444463302599504,-0.112526783187385,False,
FRMD4B,0.0666666666666666,-0.0666666666666666,-0.329542092853764,-0.3931404872845787,False,
FRMD5,-0.25,0.0,0.400443077480189,-0.6090285688764152,False,
FRMD6,-0.375,-0.375,0.453882199587458,-0.4135429357393496,False,
FRMD8,0.25,0.0,0.2754614776216785,0.6552460909529474,False,
FRMPD4,-0.5,0.125,0.299994287281655,-0.3148392778881083,False,
FRRS1,-0.25,0.0,-0.2032421650062585,-0.1537373474145117,False,
FRS2,0.3333333333333332,-0.4444444444444444,-0.626767779610717,-0.5464115374522525,False,
FRS3,0.375,-0.5,-0.265526351570462,0.2727025509224301,False,
FRY,0.375,0.0,-0.677404602576962,0.3054674679394447,False,
FRYL,0.125,-0.375,-0.043096677382457,-0.3879020514067171,False,
FRZB,0.5555555555555556,0.2222222222222223,-0.717194827964893,0.5303829223214469,False,
FSBP,-0.3333333333333332,0.3333333333333332,0.264812642760629,-1.0203366560822014,False,
FSCN1,-0.375,0.0,0.095994417557012,-0.1149977454201196,False,
FSD1,-0.6000000000000001,-0.0666666666666666,0.526642765631648,0.3786574157137703,False,
FSD1L,-0.125,-0.5,-0.0163310663260065,0.3304588569751288,False,
FSIP1,0.6666666666666667,0.0,-0.378916074208083,-0.1243621351733001,False,
FST,-0.25,-0.25,0.5941003529130905,0.8474005988513318,False,
FSTL1,0.375,-0.375,-0.552564275754464,-0.2291636219876633,False,
FSTL3,0.875,-0.5,-0.851479232493721,0.406448203901697,False,
FTH1,0.625,0.375,-0.534584269807909,-0.2861240771464512,False,
FTL,0.25,0.125,-0.304192037351075,0.0914544739602134,False,
FTO,0.375,0.375,-0.533198635552755,-1.08891290306432,False,
FTSJ1,-0.125,-0.25,0.1352807364448758,0.0546135282958732,False,
FTSJ3,-0.375,0.125,0.549156259637064,0.0939480942615516,False,
FUBP1,-0.5,-0.25,0.252723000724417,-0.5537399598402963,False,
FUBP3,-0.5,-0.25,0.2023147984281155,0.0235024094576441,False,
FUCA1,-0.375,0.125,0.0874168695145419,-0.1321318691886679,False,
FUCA2,-0.25,0.0,0.1860164512745959,-0.3141121214123576,False,
FUNDC1,0.3333333333333332,-0.1111111111111111,-0.173075414800806,-0.0798369077344922,False,
FUNDC2,0.25,0.125,-0.302510077684852,0.0766472147604204,False,
FUOM,0.1999999999999999,0.1999999999999999,-0.422629311209691,0.671240462277926,False,
FURIN,0.125,-0.125,-0.315696605529253,-0.6394588868017606,False,
FUS,-0.25,-0.125,0.3465404124839045,-0.0041517451771833,False,
FUT10,0.375,-0.125,-0.6780201379102835,0.223944917067179,False,
FUT11,0.5,0.25,-0.5644463305518544,0.1497043580878969,False,
FUT4,0.5294117647058822,-0.1764705882352941,-0.52336825796706,0.5385500982277172,False,
FUT8,0.125,-0.25,-0.244807100552202,0.1240991546477414,False,
FUZ,-0.375,0.125,-0.0924075806856337,-0.0263851302983164,False,
FXN,-0.4666666666666665,0.3333333333333332,0.335725626704551,0.5082129769384947,False,
FXR1,-0.25,0.0,0.1989735013884385,0.0729198127305283,False,
FXR2,0.125,-0.375,-0.0456534675022147,0.2417612815618901,False,
FXYD5,-0.375,-0.25,0.9038952030136652,0.1602486510438101,False,
FYCO1,0.0,-0.125,-0.2525473516533905,-0.1877625967263068,False,
FYN,0.375,-0.125,-0.564414902636692,-0.1716945203429096,False,
FYTTD1,0.25,-0.25,-0.6004663737480905,0.3066239346493009,False,
FZD1,0.2222222222222223,0.3333333333333332,-0.6920944443985855,0.0748343080113334,False,
FZD2,-0.4444444444444444,0.4444444444444444,0.3128526044185535,-0.2520714794340715,False,
FZD3,0.0666666666666666,0.0666666666666666,0.0095109196738327,0.584371100083046,False,
FZD4,0.4444444444444444,0.1111111111111111,-0.5948014745786745,0.4160073253372172,False,
FZD5,0.4444444444444444,-0.3333333333333332,-0.4394716575774775,0.6171990483710372,False,
FZD6,0.25,0.0,-0.2718294755559485,0.7799286956862019,False,
FZD7,-0.3333333333333332,-0.2222222222222223,0.942682859418849,0.317266813977231,False,
FZD8,0.1111111111111111,-0.1111111111111111,-0.4692126922235174,0.4442153246346469,False,
FZD9,0.375,-0.25,0.0075857148549005,-0.2429449093290325,False,
FZR1,0.0,-0.125,0.2739021940943514,0.2334239433213891,False,
G0S2,0.2222222222222223,-0.2222222222222223,-0.284573496364137,-0.2942364761358074,False,
G2E3,-0.125,-0.125,0.1025040801424198,-0.2772633768232349,False,
G3BP1,-0.375,-0.5,0.3780517124623544,-0.1747089388005729,False,
G3BP2,0.125,0.0,-0.155814622095559,-0.1568463050329454,False,
G6PC3,-0.25,0.0,0.807502211230317,-0.2232157172028337,False,
G6PD,-0.625,-0.375,0.6767616147088495,-0.1711148470293944,False,
GAA,0.5,0.125,-0.501948954897402,0.5042009769546141,False,
GAB1,0.375,0.5,-0.3895622701423785,-0.1534740135704049,False,
GAB2,0.375,0.375,-0.5042996837261571,0.0482949858262702,False,
GAB3,0.4666666666666665,-0.0666666666666666,-0.486668877814574,-0.5469366431761313,False,
GABARAP,0.125,0.5,-0.2541246421646866,-0.2259167056782109,False,
GABARAPL1,0.75,0.125,-0.7354560783712596,0.1772942916970437,False,
GABARAPL2,0.3333333333333332,0.4444444444444444,-0.343593737232936,-0.2072491221320906,False,
GABBR1,-0.1999999999999999,-0.0666666666666666,0.201452414937809,0.3594575506317903,False,
GABBR2,-0.2941176470588236,0.1764705882352941,0.361486246301012,-0.6897211442865547,False,
GABPA,0.125,-0.125,-0.435046236977851,-0.0792640320280468,False,
GABPB1,-0.25,-0.375,0.3725292744778015,1.0291684840756026,False,
GABPB2,0.25,0.25,-0.6177019152106444,0.1650492452508452,False,
GABRE,-0.375,0.125,0.178418463004611,0.1241922045786245,False,
GADD45A,0.5,-0.25,-0.5726224742706685,-0.3793654799424386,False,
GADD45B,1.0,0.0,-1.015062875906995,0.3168176159362805,True,1.0
GADD45GIP1,-0.4444444444444444,0.2222222222222223,0.425582609948716,0.4087605162229961,False,
GAK,0.25,0.125,0.0161197375870775,0.3218869124854433,False,
GAL3ST4,-0.25,-0.25,0.3783434379598075,0.7109587325446325,False,
GALC,0.375,0.0,-0.657983647918584,0.1989331193246002,False,
GALE,-0.5,-0.25,0.452454684246408,0.096666886555063,False,
GALK1,0.25,-0.125,-0.2387847315583557,0.365890829803327,False,
GALK2,0.125,-0.125,-0.341594057282284,-0.4098543508698875,False,
GALM,-0.375,0.125,-0.0746399894237153,-0.5628958040755974,False,
GALNS,0.0,0.0,-0.0530412222674373,0.0484891504095141,False,
GALNT1,0.125,0.125,-0.155265295115772,-0.068059888101589,False,
GALNT10,-0.125,-0.125,0.502531517935177,0.042108818623376,False,
GALNT11,0.5,0.375,-0.4130856972558155,0.4447203654782585,False,
GALNT12,-0.5294117647058822,0.5294117647058822,0.664562977937966,0.010616400323087,False,
GALNT15,0.875,0.0,-0.816048661634266,-0.3307316681178038,True,1.0
GALNT18,-0.125,0.375,-0.0482293600011683,0.7257353038565222,False,
GALNT2,-0.375,-0.125,0.928176654902545,0.4288705722290631,False,
GALNT3,-0.0666666666666666,-0.3333333333333332,-0.0769386223557207,-0.2917243231324082,False,
GALNT4,-0.6000000000000001,-0.1999999999999999,0.504985546199281,0.3217913021836831,False,
GALNT5,-0.2222222222222223,0.1111111111111111,0.1646993858496138,-0.3236065484914698,False,
GALNT6,-1.0,-0.0666666666666666,0.790434698938972,-0.5494725241254996,True,-1.0
GALNT7,-0.625,0.125,0.6093675571871415,-1.3064687768755934,False,
GALT,-0.25,0.375,0.25837316131117,0.2683435891148575,False,
GAMT,-0.625,0.25,0.4588367890653535,-0.2267232251582279,False,
GAN,-0.1111111111111111,-0.2222222222222223,0.0496873288182656,0.077548006503946,False,
GANAB,-0.5,-0.375,0.822945708912812,-0.3646019784211214,False,
GANC,0.25,-0.25,-0.48071688020616,0.4044157658692848,False,
GAPDH,-0.625,0.125,0.656637121896042,0.0595328628269884,False,
GAPVD1,0.25,-0.25,-0.371326510268798,-0.1186708367011664,False,
GAR1,-0.375,-0.375,-0.03487382349576,-0.0885055996867691,False,
GARNL3,0.1999999999999999,0.1999999999999999,0.252848256274701,0.0446419704390788,False,
GART,-0.25,-0.75,0.1695136031629045,-0.1156627023491827,False,
GAS1,0.8888888888888888,-0.2222222222222223,-1.16259715951474,0.4563663579601891,True,1.0
GAS2L1,-0.125,0.0,0.1399087228952135,0.317014858888879,False,
GAS2L3,-0.625,-0.25,0.4988294036261515,-0.0121992060293862,False,
GAS6,0.375,0.375,-0.0857675080742948,0.2633215562846227,False,
GAS8,-0.375,0.25,0.3804098944774264,0.6028680620890896,False,
GATA2,-0.125,-0.375,0.181043289715158,-0.086465521413904,False,
GATA6,-0.625,-0.5,0.537588064570478,-0.0348956309567793,False,
GATAD1,0.3333333333333332,-0.5555555555555556,-0.5422018057426745,-0.3534114655669482,False,
GATAD2A,-0.625,-0.375,0.628655237357986,0.2504396156299657,False,
GATAD2B,0.0,-0.5,-0.208256402592348,0.1059352973447511,False,
GATC,0.2222222222222223,-0.2222222222222223,-0.3382019611114175,0.2691889127658433,False,
GBA2,0.125,-0.25,-0.00666060904125,0.1971209233715072,False,
GBE1,0.25,0.25,0.1035123764580608,-0.1343391149004515,False,
GBF1,0.1111111111111111,0.3333333333333332,-0.295696618183293,-0.5067224097664749,False,
GBP1,0.25,-0.375,0.1176754451838844,-0.4497753314102253,False,
GBP2,0.25,0.125,-0.301401676020358,-0.3801117844137669,False,
GBP3,0.125,-0.375,-0.0044763119324195,-0.7992700359567446,False,
GBP4,-0.125,0.125,-0.0805332897212711,-0.2504987272090599,False,
GCA,0.0,-0.125,-0.1213259828111493,-0.4055120283237654,False,
GCAT,-0.25,0.375,0.555667987018946,0.2706254273594783,False,
GCC1,-0.3333333333333332,0.1111111111111111,-0.0810050167776388,0.0134863677072079,False,
GCC2,0.25,-0.125,-0.7465388993418305,0.460548604625826,False,
GCDH,-0.375,0.75,0.6673098974621026,-0.1069853436161403,False,
GCFC2,-0.25,-0.125,0.1147478283657815,-0.0956086929768211,False,
GCH1,0.0666666666666666,-0.1999999999999999,-0.309895349240949,0.6241231627596753,False,
GCHFR,0.2222222222222223,0.3333333333333332,-0.5700365738790636,1.055013600810656,False,
GCK,-0.0666666666666666,-0.3333333333333332,0.69068555436707,0.3250411117973277,False,
GCKR,0.0,0.0,0.0245545177796928,0.021512522875792,False,
GCLC,0.5,0.0,-0.567733477155013,0.1220372357637935,False,
GCLM,0.0,-0.5,0.20064264592205,0.2819000187441456,False,
GCNT1,0.75,-0.375,-0.881203243857116,0.2068263347600418,False,
GCNT4,0.1764705882352941,-0.0588235294117647,0.245522243508654,-0.1446375573753429,False,
GDAP1,-0.0666666666666666,-0.0666666666666666,0.164634339164322,-0.104876518762254,False,
GDAP2,-0.375,0.0,0.136871819421483,-0.176411161019244,False,
GDE1,0.75,0.625,-0.630235253509814,-0.3719776211688943,False,
GDF11,-0.375,0.375,0.2185297946666738,-0.0875816500722597,False,
GDF15,-0.3333333333333332,0.1111111111111111,0.0161826554892491,0.0550940921319162,False,
GDF5,-0.1111111111111111,-0.1111111111111111,0.2457624649485075,-0.2839990943457156,False,
GDF6,-0.25,0.125,0.088406886984226,0.7357725240897339,False,
GDF7,0.5294117647058822,-0.1764705882352941,-0.788058006176406,0.9618409917426,False,
GDF9,0.0666666666666666,0.6000000000000001,-0.193728367749118,-0.2424278856728894,False,
GDI1,0.25,-0.375,0.0825705210377011,0.7261817911568216,False,
GDI2,0.125,0.625,0.3302211655688545,0.2373146456789401,False,
GDNF,-0.25,0.0,0.322284019795904,-0.2441649022402632,False,
GDPD1,-0.0666666666666666,0.1999999999999999,0.339047968388651,0.697974953592019,False,
GDPD3,-0.0666666666666666,-0.3333333333333332,-0.318622469410138,0.3391834582098549,False,
GDPD5,0.1999999999999999,-0.3333333333333332,0.469713504220005,0.664378073507885,False,
GEM,0.3333333333333332,-0.1111111111111111,-0.0207459143472452,-0.9206548335313888,False,
GEMIN2,-0.125,0.0,0.1661403334790614,-0.2993671016950119,False,
GEMIN4,-0.25,-0.125,0.7934226397969305,0.5284273064450656,False,
GEMIN5,-0.3333333333333332,-0.3333333333333332,0.23266138851135,0.4402475434794359,False,
GEMIN6,-0.125,0.125,-0.0487756073616468,-0.1931662852091515,False,
GEMIN8,0.25,0.375,-0.166279070590138,0.0259527217615924,False,
GEN1,-0.125,-0.25,0.2864441869931095,1.0231568916973268,False,
GET4,-0.375,0.0,0.183252664466306,0.4017473255196386,False,
GFM1,-0.625,-0.375,0.26100117763303,-0.3068483653366942,False,
GFM2,-0.125,0.25,0.3004400276910655,-0.0807455329004085,False,
GFOD1,0.25,-0.5,-0.0542453484445585,0.459704686891615,False,
GFOD2,-0.625,0.125,0.345181827004218,0.1469299074372294,False,
GFPT1,-0.125,-0.125,-0.029267143138853,0.1309196627654225,False,
GFPT2,0.3333333333333332,0.3333333333333332,-0.466356097923156,-0.0372787954248683,False,
GFRA1,-0.25,0.25,0.4978409816907695,0.6037496680181476,False,
GGA1,-0.5,-0.25,0.325780778157504,0.1565652854775252,False,
GGA2,0.25,-0.125,-0.1462063239554962,-0.6080603748418039,False,
GGA3,0.125,-0.25,-0.320670370017831,-0.1060504685742897,False,
GGACT,0.0,-0.125,-0.0411213834043528,0.3615888334035471,False,
GGCT,-0.25,-0.125,0.2157052429794258,-0.0852435145256618,False,
GGCX,0.125,0.125,-0.3119021779493069,0.3643226438824598,False,
GGH,-0.25,0.0,0.3041207233574015,0.3459649207402608,False,
GGN,-0.6000000000000001,0.1999999999999999,0.355509092673648,-0.0411741279120438,False,
GGNBP2,0.4444444444444444,-0.4444444444444444,-0.802530480138601,0.2360623962672794,False,
GGPS1,0.3333333333333332,0.3333333333333332,-0.264040497034945,-0.9129027973514656,False,
GGT5,0.75,-0.25,-0.8257927598648975,1.342546384181861,True,1.0
GGT7,0.125,-0.125,0.1239937191803325,0.534068279675425,False,
GHDC,0.625,0.125,-0.634859250685055,0.2172941776753369,False,
GHITM,-0.25,0.0,-0.385439245846956,-0.3073916416039433,False,
GHR,0.3333333333333332,0.3333333333333332,-0.508828942002529,-0.3176042183520446,False,
GID4,0.125,0.0,-0.5558169914945524,0.4030729371702253,False,
GID8,-0.3333333333333332,0.2222222222222223,0.434323644887774,0.0109838804357643,False,
GIGYF1,0.125,-0.25,-0.25388155809864,0.3342869833290927,False,
GIGYF2,-0.125,0.0,-0.0222426427564493,0.025130817593308,False,
GIN1,0.375,0.25,-0.420375678301601,-0.3358796521711098,False,
GINM1,0.25,0.0,-0.6171394149619405,-0.2546634339743634,False,
GINS1,-0.25,0.0,0.664119381292753,0.2162627265711547,False,
GINS2,-0.4444444444444444,0.0,0.7132558966356235,0.1532935221626317,False,
GINS3,-0.25,-0.125,0.4386070635019495,0.3553109506751484,False,
GINS4,-0.25,-0.125,0.4997056780271914,0.2673934563720666,False,
GIPC1,-0.5,0.25,0.340847822970091,0.2306170085895731,False,
GIPC2,0.375,0.125,-0.598051704685144,-0.4271489172227791,False,
GIPR,-0.0588235294117647,-0.1764705882352941,0.216408658359279,-0.216535634780183,False,
GIT1,-0.375,-0.125,0.317042377292437,-0.0352189756510104,False,
GIT2,0.0,0.0,0.1295340295343514,-0.1639177176713189,False,
GJA1,0.0,-0.1111111111111111,0.0123979239642263,-0.6416589428459791,False,
GJB2,-0.1764705882352941,0.1764705882352941,0.290592192916037,-2.132904389507032,False,
GJC1,-0.25,-0.25,0.5716624120625855,-0.2158292306929488,False,
GJC2,-0.4666666666666665,0.0666666666666666,-0.162585924209876,-0.3480698655741285,False,
GJD3,0.6470588235294117,-0.5294117647058822,-0.559379619029968,0.8977340769203774,False,
GK,-0.125,-0.375,-0.2173697466613399,-0.0037661403271855,False,
GK5,0.625,-0.125,-1.02150065560326,0.1593756240773962,False,
GKAP1,-0.25,0.125,-0.3251598107681575,1.024887429928295,False,
GLA,-0.125,0.0,0.62734320082393,-0.1661720103810346,False,
GLB1,0.5,0.125,-0.2309468075082135,-0.1355653857254442,False,
GLB1L,-0.25,0.125,0.269154291292342,0.2342223409366632,False,
GLCCI1,0.75,0.0,-0.606931560592703,-0.2958977386802108,True,1.0
GLCE,-0.25,-0.5,-0.0485829405789836,-0.2492304657399269,False,
GLDC,-0.3333333333333332,0.0666666666666666,0.522457810982536,-0.8346209175106787,False,
GLE1,-0.75,0.25,0.7340177856803736,0.2769967286811217,False,
GLG1,-0.5,0.25,0.301463697289505,0.0494295625930019,False,
GLI1,-0.4666666666666665,-0.0666666666666666,-0.0802343992378182,0.4045411662281104,False,
GLI2,-0.125,-0.5,-0.229325197973545,0.3203972716652465,False,
GLI3,0.5,0.125,-0.3877505963110165,0.0501360043657252,False,
GLI4,0.2222222222222223,0.0,0.0617988943460005,0.4970690065539909,False,
GLIPR1,-0.375,-0.375,0.8235379694787666,-0.6366357433038727,False,
GLIPR2,-0.125,-0.25,0.0574441174909662,0.7363665487219291,False,
GLIS1,0.5555555555555556,-0.4444444444444444,-0.371253444058462,-0.0735391917100347,False,
GLIS2,0.2222222222222223,0.2222222222222223,0.0442776021848732,0.7108884306234633,False,
GLIS3,0.125,-0.25,-0.014043448817767,-0.4358882486953463,False,
GLMN,-0.125,0.125,0.0545537231819652,0.2026167725561238,False,
GLO1,-0.5555555555555556,0.1111111111111111,0.4371424910922455,0.0503202375149181,False,
GLOD4,-0.25,0.125,0.323306901575086,0.4633442130113592,False,
GLRB,0.0,-0.25,0.184731273679985,0.5670842640659697,False,
GLRX,0.375,0.125,-0.3681807811575269,-0.5986309305885702,False,
GLRX2,0.375,-0.25,-0.0425404398583951,0.1251711806722215,False,
GLRX3,-0.25,-0.125,0.170836866839623,0.0356046594274768,False,
GLRX5,-0.5555555555555556,0.1111111111111111,0.270031222882673,-0.5525192672684891,False,
GLS,0.0,0.0,0.0693227191398125,-0.2889932065800957,False,
GLT8D1,0.25,0.5,-0.29350171206191,0.1490043894699178,False,
GLT8D2,0.625,0.125,-0.803476103413115,-0.2064671519426126,False,
GLTP,-0.25,-0.375,0.0375429401001857,0.5526555591034874,False,
GLUD1,0.25,0.0,-0.2051144198955775,0.4619330491869209,False,
GLUL,0.625,0.0,-0.7588929770586275,0.6023977057176069,False,
GLYCTK,-0.625,0.25,0.4053437125638225,0.2959775556655388,False,
GM2A,-0.3333333333333332,0.1111111111111111,0.3314853869633219,-0.1256460560611758,False,
GMCL1,0.2222222222222223,0.3333333333333332,-0.721417715646265,0.2679355388019866,False,
GMDS,-0.125,0.125,0.304442506280781,0.2202534515881486,False,
GMEB1,-0.25,-0.125,0.4299235665514564,0.5794634288116667,False,
GMEB2,0.0,-0.125,0.50979116102411,0.7677216940713332,False,
GMFB,0.25,0.0,0.280431684206613,0.1826752607366373,False,
GMIP,0.375,0.25,0.1254836525760355,0.8320729978226977,False,
GMNC,0.0666666666666666,0.3333333333333332,-0.216937037235072,-0.0247162193672672,False,
GMNN,0.0,0.0,0.3199555296746805,-0.0749070352018779,False,
GMPPA,-0.25,0.625,0.2236415753201099,-0.1853138676579342,False,
GMPPB,-0.5,-0.125,0.1852700762444339,0.4470249943050204,False,
GMPR,0.625,-0.125,-0.8550140403660544,0.179851952356814,False,
GMPR2,0.3333333333333332,0.1111111111111111,-0.1880591137848515,-0.2999124187192081,False,
GMPS,-0.5,0.0,0.4191554049463665,0.3843357325658707,False,
GNA11,-0.2222222222222223,-0.1111111111111111,0.1451720958101508,0.4039275409461313,False,
GNA12,-0.25,-0.375,0.215652582325303,-0.1789583875835965,False,
GNA13,0.375,0.125,-0.5841511280078435,0.6545329428099604,False,
GNA14,-0.125,0.0,0.4235990849656385,0.328594886369757,False,
GNAI1,0.625,-0.125,-0.2747205701253715,0.2793455917080285,False,
GNAI2,-0.625,0.0,0.6422759038869326,-0.005872069192959,False,
GNAI3,-0.125,-0.125,0.4884713187343425,-0.1147204249968099,False,
GNAL,0.6000000000000001,0.3333333333333332,-0.374247372362387,-0.4685816806821021,False,
GNAQ,0.25,0.0,-0.298834790520401,0.0845293719534963,False,
GNAS,0.0,0.375,0.0972141438607469,0.1002356155158832,False,
GNAZ,-0.411764705882353,-0.411764705882353,0.556703273248631,0.5197927909868039,False,
GNB1,-0.125,-0.5,0.245817016851245,0.5738258013672657,False,
GNB1L,-0.25,-0.125,0.0792428391615348,0.4767207727614311,False,
GNB2,-0.25,-0.25,0.6204246752964715,0.007350453469558,False,
GNB4,0.0,-0.125,-0.0862923375688291,0.4248413559219197,False,
GNB5,0.125,0.25,-0.4526621897945655,0.255390589294874,False,
GNE,-0.125,-0.25,0.0564236158173823,-0.2668816686550421,False,
GNG10,-0.0666666666666666,-0.1999999999999999,0.11460943122075,0.7198764349502746,False,
GNG11,-0.1111111111111111,0.0,0.0749729784029996,0.2456615551310661,False,
GNG12,-0.1111111111111111,-0.2222222222222223,-0.0607153868728061,0.3181368386166512,False,
GNG2,0.1111111111111111,0.2222222222222223,0.1298470920765035,-0.5610816094681272,False,
GNG5,0.0,-0.125,0.2276208311271789,-0.2407062319024859,False,
GNL1,-0.6000000000000001,-0.4666666666666665,0.0599142643421601,0.1395060121788396,False,
GNL2,-0.375,0.0,0.3624252752713834,0.1395966456138979,False,
GNL3,-0.625,0.25,0.5902679971892195,-0.7420291846028497,False,
GNL3L,-0.125,0.25,0.0607210402299438,0.0662643026837035,False,
GNMT,0.25,-0.25,-0.0601528828489737,0.3365931093051537,False,
GNPAT,0.125,0.125,-0.268616679782504,-1.9210157793592149,False,
GNPDA1,0.125,-0.375,-0.402935453973856,0.111264086013439,False,
GNPDA2,0.375,-0.125,-0.7726501620053114,0.1620015619046335,False,
GNPNAT1,0.0,-0.375,0.235291571101325,0.3046972590744579,False,
GNPTAB,-0.25,-0.125,0.0684888153265576,0.299325543487444,False,
GNS,0.0,0.25,-0.4118977414711839,-0.3281904410539284,False,
GOLGA1,0.25,0.125,-0.4082625513345574,0.2216332236341531,False,
GOLGA2,-0.375,0.25,0.1564864204972248,0.0292135325084843,False,
GOLGA3,-0.375,0.125,0.3072110764639315,0.1237854281269323,False,
GOLGA4,-0.25,0.0,-0.0820890987741402,-0.4182409828005231,False,
GOLGA5,0.25,0.125,-0.5267857927205964,0.1043202129664866,False,
GOLGA7,0.375,0.25,-0.6817946830831041,-0.0678787458105638,False,
GOLGA8A,-0.25,0.0,-0.0777492825221745,0.2952634203336695,False,
GOLGA8B,0.0,-0.125,0.0921849606482846,-0.6299733113328403,False,
GOLGB1,0.375,0.0,-0.4667474905925065,-0.138217191454161,False,
GOLIM4,0.0,0.0,-0.157387443570606,0.0257075993827364,False,
GOLM1,0.0,0.0,0.0432975486070984,-0.5864922221232085,False,
GOLPH3,0.625,0.375,-0.9834234895374556,0.1850876334272491,False,
GOLPH3L,0.375,0.125,-0.30662635862624,-0.4071935825359549,False,
GON4L,-0.375,0.0,0.371358284688969,-0.2577166544613072,False,
GOPC,0.625,-0.125,-0.4667868293690235,-0.0919642816893713,False,
GORAB,0.25,-0.125,-0.399793441344322,-0.7441547154653554,False,
GORASP1,0.125,0.125,-0.4167642320816705,0.1159090117798546,False,
GORASP2,-0.5,0.0,0.402282721334727,-0.1505870338367363,False,
GOSR1,0.0,0.0,0.0189259855234787,-0.7280786996714537,False,
GOSR2,0.0666666666666666,0.0666666666666666,0.389193463588251,-0.1550356856491204,False,
GOT1,-0.125,-0.25,0.1440587343566291,-0.5223719417092711,False,
GOT2,-0.625,0.125,0.6714813089671425,0.1027915954502161,False,
GPAA1,0.0,0.0,0.226519537025595,-0.0688493225176458,False,
GPALPP1,0.25,0.0,-0.1833235776818485,1.0736846212313618,False,
GPAM,0.875,0.0,-0.650906666638576,-0.4207691356734386,True,1.0
GPANK1,-0.1999999999999999,0.1999999999999999,-0.0675954700377043,-0.1389001541425378,False,
GPATCH1,0.0,0.1111111111111111,-0.316211281383594,-0.2922884833834129,False,
GPATCH11,-0.25,-0.125,-0.1990636466286135,-1.6631046277921624,False,
GPATCH2,0.0,0.0,-0.334100581953297,-0.0646540090443232,False,
GPATCH2L,0.125,-0.375,0.0265201340346406,0.1853063935068486,False,
GPATCH3,0.0,0.25,-0.1169120781506994,-0.4906077463448469,False,
GPATCH4,-0.5,-0.125,0.3079940745537485,0.1540222559931994,False,
GPATCH8,0.125,-0.375,-0.2534882354952695,0.0075222506393797,False,
GPBP1,0.125,0.0,-0.149423068002479,0.1499508812733703,False,
GPBP1L1,0.0,-0.125,-0.5331807816405489,0.2006900004810705,False,
GPC1,-0.2222222222222223,-0.2222222222222223,0.4553423938766154,0.328929354079559,False,
GPC2,-0.5294117647058822,0.0588235294117647,0.598181064495254,-0.0571410563358583,False,
GPC4,0.411764705882353,-0.1764705882352941,-0.733210348432522,0.1597270664983368,False,
GPC6,-0.25,0.25,0.4103908714179229,0.1173566948923938,False,
GPCPD1,0.0,0.125,-0.575650676302785,0.0970779432969761,False,
GPD1L,0.5,0.0,-0.801637482553641,0.5830111175435007,False,
GPD2,-0.125,-0.25,0.0042004489396715,0.1769031911012875,False,
GPER1,-0.6000000000000001,0.4666666666666665,0.518809344140754,-0.0586181047098461,False,
GPHN,0.0,0.125,-0.0446954723125084,0.2074101136544683,False,
GPI,-0.5,0.0,0.86448473277399,0.2733423751498129,False,
GPKOW,-0.125,0.125,0.15959310020276,-0.3134599250889187,False,
GPN1,0.0,-0.375,0.1321034820725823,0.1466894563316061,False,
GPN2,0.25,0.125,-0.403053519802295,-0.0241836493174327,False,
GPN3,0.0,0.0,-0.0773613155257847,-0.0535631886763949,False,
GPNMB,0.0,0.125,-0.3032828263858225,-0.6799592053241772,False,
GPR107,0.125,0.25,-0.1901373791389594,0.1387338213527316,False,
GPR108,0.875,0.25,-0.4925775099295895,0.0486619694807854,True,1.0
GPR135,-0.125,0.0,-0.0975103298893753,0.8125771804559645,False,
GPR137,0.125,0.5,-0.2576862723615399,0.0915497820896309,False,
GPR137B,0.625,-0.25,-0.4983867454582475,-0.0610433069904572,False,
GPR137C,0.1999999999999999,0.1999999999999999,-0.2295134867972,0.0608567395411889,False,
GPR146,-0.0666666666666666,-0.0666666666666666,-0.0307992499045921,0.1246811309918212,False,
GPR153,0.2941176470588236,0.411764705882353,-0.666559362975178,1.2775693365969676,False,
GPR155,-0.125,0.5,0.0998810291800466,-0.0819023735392003,False,
GPR156,-0.4666666666666665,0.3333333333333332,0.410973186621671,0.1878107489363123,False,
GPR157,0.5,0.0,-0.2022869651688235,0.6153867979886063,False,
GPR160,-0.1999999999999999,-0.0666666666666666,0.567362137360129,-0.9196732717614072,False,
GPR161,-0.25,-0.125,0.116530859365425,0.1197179839788227,False,
GPR162,-0.6470588235294117,0.1764705882352941,0.489341344268973,-0.170233210142527,False,
GPR173,-0.1111111111111111,-0.2222222222222223,0.041666342946375,-0.0950284747903003,False,
GPR176,-0.25,-0.375,0.174310857262223,0.3251443609727942,False,
GPR180,0.4444444444444444,0.1111111111111111,-0.4121725909620285,-0.1680795806660291,False,
GPR183,-0.0,0.125,-0.1125635159266525,-0.9428286144004808,False,
GPR19,-0.625,-0.125,0.327938234172592,-0.4383647418358751,False,
GPR3,-0.1764705882352941,-0.2941176470588236,0.567169372954296,0.3526266494156749,False,
GPR37,0.1999999999999999,-0.0666666666666666,-0.572881801518354,0.059063113303764,False,
GPR39,-0.6666666666666667,0.2222222222222223,0.75321145886052,-0.3465387468672567,False,
GPR63,0.0588235294117647,0.1764705882352941,-0.0938851917115739,0.2042355882397617,False,
GPR68,-0.25,0.25,0.1122770391396204,-0.7281636079773346,False,
GPR85,0.0,0.0,-0.2485042525087,-0.5222629909153405,False,
GPR89B,-0.0666666666666666,0.4666666666666665,0.140863625742109,0.1544591676506144,False,
GPRASP1,-0.0666666666666666,0.1999999999999999,0.0550038505555796,0.1989073736039592,False,
GPRC5A,-0.5,-0.125,0.5342676296046149,0.0093157006841848,False,
GPRC5B,0.375,-0.25,-0.1218811121468288,-1.0872894499545502,False,
GPRIN1,-0.3333333333333332,-0.3333333333333332,0.5244657962499555,0.0857731433392079,False,
GPS1,-0.25,0.25,0.662105546416627,0.2784860031631707,False,
GPS2,-0.2941176470588236,0.0588235294117647,0.487861819762898,-0.0617060729315035,False,
GPSM1,-0.125,0.25,0.0667356660356959,0.0786246958839071,False,
GPSM2,-0.375,0.0,-0.1277888162542155,-0.1204997695835716,False,
GPSM3,-0.3333333333333332,-0.1999999999999999,0.48780837707219,0.4154341486640964,False,
GPT2,-0.5,0.0,0.5505936313979585,0.2305464572702145,False,
GPX1,0.3333333333333332,-0.3333333333333332,0.0249431008119076,0.2283280783308328,False,
GPX3,0.375,-0.125,-0.6225869066709975,-0.3156892917332392,False,
GPX4,0.125,-0.125,-0.2770107915503205,0.1697576356719903,False,
GPX7,0.8888888888888888,0.0,-0.8110062243548355,0.7219365513482568,False,
GPX8,0.0,0.125,-0.303625811892084,-0.2459683660841323,False,
GRAMD1A,0.375,0.25,-0.238562634418529,0.3455875350529713,False,
GRAMD1B,-0.375,0.125,0.4589703887717055,-0.2243276142152601,False,
GRAMD1C,0.125,0.25,-0.355450237675709,-0.2556957997873472,False,
GRAMD4,0.25,0.0,-0.0131013513981867,0.7728585232589815,False,
GRB10,0.0,-0.375,0.0256429098996416,-0.2090983793045748,False,
GRB14,-0.125,-0.25,0.7115330188732565,-0.6231968163247597,False,
GRB2,-0.25,-0.375,0.393516870309546,-0.0734729183629694,False,
GREB1,0.0666666666666666,-0.1999999999999999,-0.28908214309243,-0.6878536132677173,False,
GREB1L,0.4666666666666665,0.1999999999999999,-0.189375514846213,1.2026178916740218,False,
GREM2,-0.5,0.375,0.6976673809133656,-0.4042040494481251,False,
GRHL1,0.0666666666666666,0.0666666666666666,-0.695390373663953,0.481343294478354,False,
GRHL3,0.0666666666666666,-0.0666666666666666,-0.243068342881385,-0.0634215162532636,False,
GRHPR,0.125,0.25,0.2809374312571175,0.2482887731619332,False,
GRIA3,-0.7333333333333334,0.4666666666666665,0.904951805553984,0.2807241322364607,False,
GRIK2,-0.0666666666666666,0.0666666666666666,0.174840439355599,-0.1885520664506095,False,
GRINA,0.375,0.25,0.0735836243837095,0.4001147433524024,False,
GRIPAP1,0.0,-0.5,-0.0709287307134318,-0.7637074345727854,False,
GRK4,0.75,0.5,-0.5415005755839996,0.5165243372003951,False,
GRK5,-0.125,0.25,-0.0138841655084028,0.3995249028515197,False,
GRK6,-0.375,-0.375,0.9145090034364224,-0.147015539974971,False,
GRN,0.25,0.125,-0.2064439771347955,-0.0594589484183973,False,
GRPEL1,0.0,0.125,0.1217942878608153,-0.1116513601357938,False,
GRPEL2,0.125,-0.5,-0.284315022057565,-0.0933761652952966,False,
GRPR,-0.625,-0.25,0.5739243350835265,-0.0256943553788426,False,
GRSF1,-0.375,-0.125,0.4536464085519159,0.2128101062779221,False,
GRWD1,-0.25,-0.125,0.5005524710118825,0.2202571815621175,False,
GSAP,0.5,-0.375,-0.8837949547757595,-0.3945497679053265,False,
GSDMB,0.0666666666666666,-0.3333333333333332,-0.259762431370087,-0.1930008017759916,False,
GSDMD,0.0,0.375,0.0346669764913495,0.8767270192674981,False,
GSE1,-0.25,-0.25,0.1040597466777376,0.1989752830239228,False,
GSG1,-0.1999999999999999,0.1999999999999999,0.279828061085759,-0.3966383867446685,False,
GSK3A,-0.125,-0.125,0.1948959859608759,0.0729159957739877,False,
GSK3B,0.0,-0.25,0.272643966727613,-0.0127005857392958,False,
GSKIP,0.0,0.0,0.2134215230135724,0.1859848597607132,False,
GSN,0.375,0.5,-0.551946302485997,0.0248447066937669,False,
GSPT1,-0.125,0.125,0.14206641975551,-0.3263981523528039,False,
GSPT2,-0.1111111111111111,0.2222222222222223,0.0143981373971474,-0.1225333136507893,False,
GSR,0.375,-0.125,-0.260750142147084,0.2871623006680135,False,
GSS,-0.25,0.125,0.4603351044055079,-0.014084160888403,False,
GSTA4,0.375,0.125,-0.453024838129094,-0.127773283940042,False,
GSTCD,-0.75,-0.125,0.4633253607564844,-0.5000593382342864,False,
GSTK1,0.5,0.25,-0.5136056260695685,-0.2658406453368607,False,
GSTM2,0.3333333333333332,0.4666666666666665,-0.332918025313845,-0.143368478817301,False,
GSTM3,-0.4666666666666665,0.1999999999999999,0.330707187774028,0.482351940269357,False,
GSTM4,-0.125,0.375,0.008868503628634,0.2932003979058688,False,
GSTO1,0.5,0.0,-0.171808942790013,-0.0698738497356084,False,
GSTP1,-0.125,0.125,0.1915335735590723,0.3503483963213529,False,
GSTZ1,-0.125,0.125,-0.1131854770743324,0.4374044704830915,False,
GTDC1,0.25,0.125,-0.4713582685137015,0.3557673780243084,False,
GTF2A1,0.0,0.0,-0.345791703634234,-0.2435087570425946,False,
GTF2A2,-0.125,-0.25,0.2035890681585,0.1998758594443845,False,
GTF2B,0.125,-0.125,-0.195477222576532,-0.0077356540512947,False,
GTF2E2,0.2222222222222223,-0.3333333333333332,-0.2414047980459555,-0.0789800489797283,False,
GTF2F1,-0.5,0.0,0.6273384532609549,-0.2647824558353071,False,
GTF2F2,-0.5,0.0,0.732825729410246,-0.9884628610751248,False,
GTF2H1,0.2222222222222223,-0.1111111111111111,-0.6831919980923475,-0.3311086690559475,False,
GTF2H2C,-0.5,0.0,0.279120328619772,-0.1101972288407349,False,
GTF2H3,0.125,-0.375,-0.1890995982537055,-1.00945580205927,False,
GTF2H5,0.1111111111111111,0.2222222222222223,-0.2127485344045305,-0.1752691145193252,False,
GTF2I,0.2222222222222223,-0.1111111111111111,-0.2946698891044661,0.1512273546095479,False,
GTF2IRD1,0.375,-0.125,-0.6460864621763085,-0.4101383257576416,False,
GTF2IRD2B,0.6000000000000001,-0.1999999999999999,-0.919427020961539,0.2456782415964342,False,
GTF3A,0.0,0.375,0.1125487423094254,-0.0574385205076346,False,
GTF3C1,0.0,-0.125,0.0318733336085293,-0.7721060624252305,False,
GTF3C2,-0.5,-0.25,0.4598494545331995,-0.0369292528266504,False,
GTF3C3,-0.125,-0.25,0.1589014224987694,-1.04183003681545,False,
GTF3C4,-0.25,-0.375,0.150625980350659,0.1236111217366786,False,
GTF3C5,-0.25,-0.125,0.265650267800731,-0.031329828095711,False,
GTF3C6,-0.1111111111111111,0.2222222222222223,0.143529450850447,0.3016521461196357,False,
GTPBP1,-0.125,0.0,-0.1719378767442451,-0.3796429663538485,False,
GTPBP10,0.25,-0.25,-0.509908213538788,-0.2932377992532349,False,
GTPBP2,0.0,-0.25,-0.1809030984060134,-0.2723863991173649,False,
GTPBP3,-0.5,-0.25,0.493862127495978,-0.4991184016435159,False,
GTPBP4,-0.25,-0.25,0.487727174344356,0.0597031701859309,False,
GTPBP8,0.125,0.125,0.0961800736784467,0.1333051332831549,False,
GTSE1,-0.375,0.125,0.5549334787410365,0.1086653839995231,False,
GUCA1B,-0.0588235294117647,-0.411764705882353,-0.104507493785078,-0.4195505142427094,False,
GUCD1,-0.25,0.375,-0.3088754308667345,-0.1121004459044012,False,
GUCY1A2,-0.125,-0.125,-0.0622012024505326,0.2837068246249887,False,
GUF1,-0.375,0.0,0.1084136186742621,0.3075554015317059,False,
GUK1,0.25,0.5,-0.370371194221072,0.047858002389808,False,
GULP1,-0.125,-0.125,-0.0248001775845652,0.0767474827580709,False,
GUSB,0.5,0.375,-0.435859488869766,0.3337308766635609,False,
GXYLT1,-0.125,-0.125,0.0905559974350045,0.4201299484258673,False,
GXYLT2,-0.125,0.25,-0.3243900196952045,0.0195864130007303,False,
GYG1,0.0,0.125,-0.0152055056188768,0.2074920901961889,False,
GYG2,-0.0666666666666666,0.3333333333333332,-0.147952368897895,0.9600876159474296,False,
GYPC,0.125,0.375,-0.4924768158011789,-0.0511391691728033,False,
GYS1,0.0,-0.125,0.5025881887236809,-0.6565673946929071,False,
GZF1,-0.25,-0.25,-0.212464799842547,0.099006999887822,False,
H6PD,0.875,0.125,-0.763923447456593,0.5511497598469859,True,1.0
HABP4,0.0,0.125,-0.1097931250619146,0.2093092875067279,False,
HACE1,-0.125,-0.125,-0.1776588248174245,-0.105100907640411,False,
HACL1,-0.25,0.25,0.1786828466956465,0.0593563353097512,False,
HADH,-0.25,0.25,0.2890748202884955,-0.1909274780447813,False,
HADHA,-0.125,0.25,0.2637353916154425,0.2713471878217208,False,
HAGH,0.0,0.0,0.0224567195829423,0.3121830905991056,False,
HAGHL,0.25,0.25,0.1663534826759879,1.158929610210957,False,
HAPLN3,0.0,0.125,0.1120216757626382,0.0586419632843104,False,
HARBI1,0.2222222222222223,0.3333333333333332,-0.6783183304535775,0.197629973018693,False,
HAS2,-0.4444444444444444,-0.4444444444444444,0.3928393390670885,-0.0274479007178601,False,
HAS3,-0.3333333333333332,-0.1999999999999999,0.529683810454063,0.1545657555295789,False,
HAT1,-0.375,-0.125,0.309015998271394,-0.0637795182697655,False,
HAUS1,0.0,0.375,0.3483413165448479,-0.2435203903136074,False,
HAUS5,-0.5555555555555556,0.0,0.449675130133763,0.369398880320851,False,
HAUS6,-0.125,-0.375,0.291870187472402,-0.1122874064389978,False,
HAUS7,-0.3333333333333332,0.1999999999999999,-0.133635375335752,0.2819638108456872,False,
HAUS8,-0.25,0.125,0.414579308609765,0.8046231528846229,False,
HAX1,-0.125,0.0,0.286403743112447,-0.355432319040025,False,
HBEGF,-0.3333333333333332,-0.5555555555555556,0.830278920485703,-0.0944723979959758,False,
HBP1,0.6666666666666667,0.2222222222222223,-0.6469581579270864,-0.1444182210993077,False,
HBS1L,-0.5,0.0,0.4144780259755345,0.1317608402264194,False,
HCCS,0.0,-0.625,0.2695236869251339,0.0095632308914828,False,
HCFC1,-0.125,-0.125,0.0400822116452229,0.169641148560145,False,
HCFC1R1,-0.5,0.375,0.145715733961556,0.2107070728135207,False,
HCFC2,0.375,0.375,-0.7484206620337375,0.0597031811357131,False,
HCN2,0.3333333333333332,0.3333333333333332,-0.287672754517816,-0.3822098939915066,False,
HDAC1,-0.625,-0.5,0.4209387645344705,0.389618886531053,False,
HDAC10,0.0666666666666666,-0.0666666666666666,0.40250454553672,0.5826799601047914,False,
HDAC11,0.0,0.375,0.1453995525115849,0.1549692426734659,False,
HDAC2,-0.625,-0.25,0.8774774089521384,0.3047210941489044,False,
HDAC3,-0.25,0.125,0.5176647276880411,0.0517220115492391,False,
HDAC4,0.0,-0.125,0.138196333993457,0.255893622800774,False,
HDAC5,0.25,0.375,-0.4072356337792074,0.0927139807388766,False,
HDAC6,1.0,-0.375,-0.7448620647080815,0.16661733263693,True,1.0
HDAC7,0.125,0.0,-0.3131577799162095,0.1982404509788335,False,
HDAC8,-0.75,0.125,0.479034056676287,-0.8322226136423638,False,
HDAC9,0.25,-0.375,0.0124906972818614,-0.8941238834051211,False,
HDDC2,0.25,0.125,0.15170157274214,0.3131634414957134,False,
HDDC3,-0.25,-0.25,0.1691702969032964,-0.1626952701335988,False,
HDGF,-0.25,-0.125,0.4855776335586985,0.2211187045568614,False,
HDHD2,0.125,0.125,0.0196579662276684,0.2501030489616433,False,
HDHD3,0.125,-0.125,-0.210386472934369,0.1907391890583978,False,
HDLBP,-0.25,0.25,-0.0201612885577554,0.3416543084501438,False,
HDX,0.25,0.0,-0.1755659449589189,-0.6140047394736114,False,
HEATR1,-0.25,-0.25,0.1720806626863012,-0.0455543771771456,False,
HEATR3,-0.5,0.125,0.3465760062483219,-0.0278419600348986,False,
HEATR4,0.25,-0.25,-0.5012781815775035,0.0887332119468571,False,
HEATR5A,-0.125,-0.125,-0.1133995355361289,-0.2959977886959074,False,
HEATR5B,-0.5,-0.25,-0.1189917085389515,0.1166609167829424,False,
HEATR6,0.25,0.25,-0.2404505803009954,0.2677396754479522,False,
HEBP1,0.25,0.125,0.1660324555289555,-0.4385731516061311,False,
HEBP2,0.25,0.125,-0.257588649436166,0.8302494321549561,False,
HECA,0.2222222222222223,0.3333333333333332,-0.770352326611947,0.3317797217510707,False,
HECTD1,-0.125,-0.125,-0.1422376308041287,0.0438985103811693,False,
HECTD2,0.375,-0.125,-1.142921725587045,0.344279275158315,False,
HECTD3,-0.125,0.375,0.4269532141027225,-0.2112194054145908,False,
HECTD4,0.0,0.125,-0.3718145802468515,0.1728627841020813,False,
HECW2,-0.375,-0.375,0.331639580858134,-0.789131447962883,False,
HEG1,-0.25,-0.125,0.274532068009196,-0.0313301395825424,False,
HELB,-0.375,0.0,0.359642224162905,-0.1304626383271947,False,
HELLS,-0.25,-0.125,0.5400809116024855,0.0089817549884068,False,
HELQ,0.375,0.375,-0.5501259050239565,-0.1467584333320224,False,
HELZ,0.25,0.0,-0.3580582042685319,0.3259411381029048,False,
HELZ2,0.125,-0.375,-0.2534138666866535,0.1915901382402864,False,
HEMK1,-0.125,0.125,0.1160628922506243,0.1371041023920765,False,
HENMT1,0.4666666666666665,0.6000000000000001,-0.700700104501323,0.4606934087963148,False,
HERC1,-0.25,0.125,-0.0415094110028223,0.0622779656498986,False,
HERC2,0.0,0.125,0.0791563495420036,-0.0641287855449102,False,
HERC3,0.6470588235294117,-0.411764705882353,-0.603953980279038,0.144621977184403,False,
HERC4,-0.375,-0.625,0.342600279057506,-0.0366121150638281,False,
HERC5,0.0588235294117647,-0.411764705882353,-0.333164533516213,-0.1582794219454537,False,
HERC6,0.125,-0.25,-0.1327051269531781,0.1435832884405465,False,
HERPUD1,0.25,-0.125,-0.393718661364402,0.2838339210102663,False,
HERPUD2,0.75,-0.25,-0.9018589074529656,0.5107875891763132,False,
HES1,-0.2222222222222223,0.1111111111111111,0.152937210398765,0.1165121158848325,False,
HES4,0.6000000000000001,-0.3333333333333332,-0.451267679525995,1.178227141918604,False,
HES6,0.4666666666666665,-0.1999999999999999,-0.191448112122673,0.6007756293944262,False,
HES7,0.625,-0.25,-0.146546796461761,0.0853457280697025,False,
HEXA,0.625,0.125,-0.7524274884791391,0.1948990734429909,False,
HEXB,0.0,0.0,0.080129450554775,0.1737494837584732,False,
HEXIM1,-0.3333333333333332,0.3333333333333332,0.2393755635256605,-0.0600935813177931,False,
HEXIM2,0.0,0.25,-0.0828625265726118,-0.295582797201666,False,
HEY1,0.3333333333333332,0.6000000000000001,-0.292980766170365,0.3462557980921839,False,
HEYL,0.1999999999999999,-0.0666666666666666,0.002699883153971,0.6244576803558244,False,
HFE,0.375,0.125,-0.329313466289019,0.0939196455931421,False,
HGH1,-0.25,-0.5,0.4723497882765895,0.4046444701359659,False,
HGS,-0.125,0.125,0.1392953426131986,-0.0735161157023382,False,
HGSNAT,0.625,-0.125,-0.6037380723183615,0.444118259932873,False,
HHAT,0.1111111111111111,0.1111111111111111,0.2938414307451115,-0.3801217934782537,False,
HHEX,0.4666666666666665,-0.3333333333333332,0.130067211605277,0.7765528033590233,False,
HHIP,-0.125,-0.375,-0.1733308992151545,-0.7978385897431881,False,
HHIPL1,-0.125,0.0,0.29392589644978,-0.1129292350953403,False,
HHIPL2,-0.4666666666666665,-0.0666666666666666,0.133291395090153,-0.4527244493696085,False,
HIBADH,0.0,0.1111111111111111,0.0318268537019053,-0.0396446635826919,False,
HIBCH,-0.375,0.375,0.450946794832114,-0.3035717395038801,False,
HIC1,-0.125,0.0,0.0114341121119719,0.5158448675685656,False,
HID1,-0.3333333333333332,0.3333333333333332,0.430005782136856,-0.03887877689758,False,
HIF1A,0.5,0.0,-0.2760527375861175,0.0167942913707803,False,
HIF1AN,0.25,-0.125,-0.5511474658718725,-0.2496433435215519,False,
HIGD1A,0.6000000000000001,-0.0666666666666666,0.167296070472399,0.3419963179631078,False,
HINFP,0.125,0.125,-0.473511593497361,0.021869477032772,False,
HINT1,0.125,0.25,-0.042814879014257,0.1290800536486123,False,
HINT3,-0.1111111111111111,-0.1111111111111111,-0.1749719041228954,0.2662704470303523,False,
HIP1,0.5,-0.25,-0.7382532159112565,0.4085343987301577,False,
HIP1R,0.625,0.125,-0.6293266813571465,0.2630704607655754,False,
HIPK1,0.375,-0.25,-0.4106201458583745,-0.2090990909317551,False,
HIPK2,0.5,0.0,-0.8806614127930905,0.7411176090863401,False,
HIPK3,0.5,0.25,-1.05705926099843,0.420127111046507,False,
HIRA,-0.125,-0.375,0.1534247853749369,0.4489848893408126,False,
HIVEP1,-0.25,-0.375,0.2554153499500839,0.2919440860677156,False,
HIVEP2,-0.25,-0.125,-0.051081817484969,0.2166112254040473,False,
HIVEP3,-0.125,-0.375,0.2765804032643558,0.1104491216057632,False,
HJURP,-0.25,0.125,0.566231818386308,-0.5346386424402485,False,
HK1,-0.125,0.0,0.439639828008304,0.1357364148058311,False,
HK2,-0.5,0.375,0.521153328036758,0.4050445960284974,False,
HKDC1,-0.6000000000000001,0.0666666666666666,0.658252637315715,-1.024139445574757,False,
HLA-A,0.125,0.0,-0.2547362647357855,0.1387729341209231,False,
HLA-B,0.125,-0.25,-0.088320907832915,-0.13625389396161,False,
HLA-C,0.25,0.0,-0.1725396298667385,-0.0911295855563967,False,
HLA-DMA,-0.1999999999999999,0.4666666666666665,-0.138373238689874,-0.267995719176604,False,
HLA-DPA1,-0.125,0.125,0.362744384301748,0.2607213400649935,False,
HLA-E,0.6666666666666667,-0.1111111111111111,-0.475972964540999,0.1065841097107336,False,
HLA-F,0.1999999999999999,-0.0666666666666666,-0.0042262526264331,-0.3194199578813006,False,
HLCS,0.0,-0.125,-0.2864456418150955,-0.0656190722416698,False,
HLTF,-0.375,0.125,0.1100904050705618,-0.1480472005158652,False,
HLX,0.375,-0.125,-0.1322473763498152,0.1993841346240419,False,
HM13,-0.125,0.0,-0.04666151335195,-0.2491605468174689,False,
HMBOX1,0.625,-0.125,-0.804907817317372,0.2271313563244257,False,
HMBS,-0.375,0.25,0.3945145282312365,0.3079707079742366,False,
HMCES,0.125,-0.25,0.2097607455409325,0.016820209604571,False,
HMCN1,0.0,0.25,0.570798743136544,-0.2029628406488361,False,
HMG20A,0.125,-0.375,0.0312960011289025,-1.48262154704392,False,
HMG20B,-0.375,0.0,0.3819286622858034,0.1953086410747455,False,
HMGA1,-0.5,0.0,0.680990295343078,0.4802133764080001,False,
HMGA2,-0.375,-0.125,0.71264614215537,0.2459565837504775,False,
HMGB1,-0.25,-0.375,0.1021900491974324,0.0015078553301344,False,
HMGB2,-0.375,-0.375,0.2200971783261094,-0.1018979330493969,False,
HMGB3,0.125,-0.25,0.283336618868265,-0.1963903190329261,False,
HMGCL,0.75,-0.125,-0.4114877680034665,0.2766366611103201,False,
HMGCR,-0.5,-0.125,0.4441907779119375,-0.1471857038083093,False,
HMGCS1,0.0,-0.125,-0.35091607639694,-0.1835261741555216,False,
HMGN1,-0.5,-0.375,0.707050561337855,0.0887010892859994,False,
HMGN2,-0.75,-0.375,0.5304445922206524,0.4360234163185534,False,
HMGN3,0.0,0.25,-0.2444853669306669,0.1126913901673374,False,
HMGN4,0.3333333333333332,-0.1111111111111111,-0.345990514408809,-0.4488484448503902,False,
HMGN5,0.125,0.0,-0.3979160353017594,-0.3315619193026231,False,
HMGXB3,-0.125,-0.125,-0.08375482616485,-0.2356706526820886,False,
HMGXB4,-0.625,-0.25,0.6076561596673491,0.0945116919269875,False,
HMMR,-0.25,-0.25,0.2515452326161115,-0.3332225653589971,False,
HMOX1,0.0,0.375,0.712594905527002,0.5167335296098836,False,
HMOX2,0.0,0.5,0.298565377431133,-0.3836812568519954,False,
HNMT,0.375,0.25,-0.964454717640409,0.3330077480219402,False,
HNRNPA0,0.4444444444444444,-0.2222222222222223,-0.305777218537649,0.1960837286936065,False,
HNRNPA1,-0.5,0.125,0.5916683376409425,-0.449399966825029,False,
HNRNPA2B1,-0.25,-0.5,0.4053896026632845,0.0431319085332244,False,
HNRNPA3,-0.25,-0.125,0.3871005349733025,0.2814006984485302,False,
HNRNPAB,-0.5,-0.125,0.4453803473320835,0.0860524399469899,False,
HNRNPC,-0.25,-0.125,0.341538630399834,-0.261479466004697,False,
HNRNPD,-0.375,0.0,0.55139686350482,0.1690094627342437,False,
HNRNPDL,-0.5,0.0,0.454221502758268,0.2660245736349429,False,
HNRNPF,-0.5,-0.25,0.276751562472075,0.2540028773011866,False,
HNRNPH1,-0.2222222222222223,-0.2222222222222223,0.241716416262119,-0.1473854003725065,False,
HNRNPH2,-0.0588235294117647,-0.0588235294117647,0.326821273654126,-0.3583476599180203,False,
HNRNPH3,-0.375,-0.375,0.4249715750979145,-0.3826268976518125,False,
HNRNPK,-0.125,-0.375,0.2961993752962115,-0.0062158994313121,False,
HNRNPL,-0.3333333333333332,-0.1111111111111111,0.5460590622406075,-0.0073106229574908,False,
HNRNPLL,-0.5,0.0,0.2383750758329265,0.0065594307785081,False,
HNRNPM,-0.25,-0.25,0.1661954115222555,-0.0312120200190926,False,
HNRNPR,-0.125,-0.375,0.456378170446178,-0.0269882156343364,False,
HNRNPU,-0.25,-0.625,0.4424501422525765,0.3837196147758313,False,
HNRNPUL1,-0.375,-0.25,0.338741729785515,-0.1766078419036905,False,
HOMER1,0.25,-0.25,-0.0721088255329965,0.2344827779884566,False,
HOMER2,0.25,-0.5,0.047243775229771,0.0742832871824834,False,
HOMER3,-0.125,-0.25,0.3091213538448335,0.5223691804186523,False,
HOOK2,0.125,-0.375,-0.1899109213886959,0.3341217711156203,False,
HOPX,0.6000000000000001,0.4666666666666665,-0.653191761186133,0.1455936165971648,False,
HOXA10,-0.125,0.25,0.1722984473585853,0.694503111343884,False,
HOXA11,0.375,0.25,-0.2699266837047765,0.66274597855946,False,
HOXA5,-0.6000000000000001,0.3333333333333332,0.278043288807908,0.1505757131869334,False,
HOXA7,-0.1999999999999999,0.0666666666666666,0.468257880961103,0.2868074863622618,False,
HOXB2,-0.0666666666666666,0.1999999999999999,0.43806284925016,0.1304978437380711,False,
HOXB4,-0.1999999999999999,0.0666666666666666,0.241459726140746,0.5291512609990386,False,
HOXB7,-0.25,0.125,0.249361389651651,0.9718655510563592,False,
HOXC4,-0.1764705882352941,0.2941176470588236,0.175638450231363,-0.5770802379434796,False,
HOXC6,-0.411764705882353,0.0588235294117647,0.25973124082466,0.0899210340034872,False,
HOXC8,-0.5,-0.125,0.3118785617778135,0.3503583476609495,False,
HOXC9,0.0,0.125,-0.2431570775002784,0.3611942036408062,False,
HOXD8,-0.0588235294117647,0.0588235294117647,-0.0287956895610773,0.3448124842416056,False,
HP1BP3,0.125,0.0,-0.098824789817647,0.5131002075837165,False,
HPCAL1,-0.25,0.125,0.7253957349974185,0.2155138819529476,False,
HPDL,-0.1999999999999999,-0.0666666666666666,0.0038085545817012,0.3340637498491743,False,
HPRT1,-0.5,0.0,0.3349292333363585,0.0504099560347204,False,
HPS1,0.0,0.375,-0.20958045719366,0.0749007024149683,False,
HPS3,0.0,-0.1111111111111111,-0.058328932676801,0.4448578466574691,False,
HPS4,0.125,0.0,-0.0768219524671179,-0.0912091782253123,False,
HPS5,0.4444444444444444,-0.1111111111111111,-0.6840577527812055,-0.6169374970866832,False,
HPS6,0.2222222222222223,-0.1111111111111111,0.0798101496439241,0.8774984258694412,False,
HPSE,0.125,-0.5,-0.215522043451853,0.0397266565745357,False,
HR,0.625,0.25,-0.8222782289262796,0.2545934842949813,False,
HRAS,-0.5,0.0,0.2633012029822017,0.5246679337041451,False,
HRCT1,0.4444444444444444,-0.1111111111111111,-0.0067846251376619,0.1284564308540239,False,
HRH1,0.0,0.0,-0.3153055537243685,-0.2534650321125076,False,
HS1BP3,0.5,0.25,-0.6475818765284185,0.458180063804936,False,
HS2ST1,-0.125,0.0,0.0381594956754862,-0.1125045019526682,False,
HS3ST3A1,-0.3333333333333332,0.0,0.27294314878961,-0.1659557320146707,False,
HS3ST3B1,0.5,0.0,-0.794318919830652,0.1929061270672032,False,
HS6ST1,0.0,-0.1111111111111111,-0.2594781146387805,0.320410714234939,False,
HSBP1,-0.1111111111111111,0.0,0.47619089290106,-0.8497885981171502,False,
HSBP1L1,0.4444444444444444,0.3333333333333332,-0.7687443237006965,0.0513192962612283,False,
HSD11B1L,0.1999999999999999,0.3333333333333332,-0.389878449927847,0.4671122983884701,False,
HSD17B10,0.0,0.5,-0.0589568044916715,-0.1111209309343779,False,
HSD17B11,0.375,0.25,-0.426000542085242,-0.0613820295016718,False,
HSD17B12,0.125,-0.125,-0.2188629615098375,-0.2757630982677725,False,
HSD17B14,0.2222222222222223,-0.3333333333333332,-0.4040346239591761,0.0327734131965706,False,
HSD17B4,-0.125,0.0,0.130626659992027,-0.3932936267220697,False,
HSD17B6,-0.0666666666666666,0.0666666666666666,0.256096446210042,-0.3154514494077174,False,
HSD17B7,0.125,0.5,-0.1970733187593958,-0.6593098811449416,False,
HSD17B8,-0.3333333333333332,0.6000000000000001,0.154259374670182,0.5839122724334329,False,
HSD3B7,0.0,-0.125,-0.0278683331302372,-0.2236923934104824,False,
HSDL1,0.125,0.125,0.0275147891709985,0.0761944523665446,False,
HSDL2,-0.5,-0.375,0.2563004258979154,0.1884295702825049,False,
HSF1,0.411764705882353,0.1764705882352941,-0.234664230660793,0.3916708440004561,False,
HSF2,-0.25,0.25,0.1037080653256914,-0.1431148140588503,False,
HSF2BP,0.411764705882353,0.0588235294117647,-0.154113274042506,0.6749451029055977,False,
HSF4,0.6000000000000001,0.3333333333333332,-0.340683788770947,1.3848392184519125,False,
HSP90AA1,-0.75,0.25,0.904191651873208,0.0605963498906771,False,
HSP90AB1,-0.625,0.0,0.897658972978005,-0.2684318849459801,False,
HSP90B1,-0.75,0.0,0.5093790044334985,-0.0709263641572,False,
HSPA12A,-0.625,0.25,0.522341080674886,0.0027441182489034,False,
HSPA13,-0.3333333333333332,-0.1111111111111111,-0.3210892608770005,-0.0121485878225957,False,
HSPA1A,-0.4666666666666665,0.0666666666666666,0.442502125006467,-0.5281020889109527,False,
HSPA1B,0.2222222222222223,-0.2222222222222223,0.0244167717147657,-0.121710904721807,False,
HSPA1L,0.0666666666666666,-0.4666666666666665,-0.3639808025168,-0.1172219999002273,False,
HSPA4,-0.625,-0.25,0.7020542247298109,0.007393938112322,False,
HSPA4L,-0.5,0.125,0.3638302287807935,0.0891508618541565,False,
HSPA5,-0.7777777777777777,0.0,0.504030607172078,-0.1301660448246853,False,
HSPA6,-0.125,0.25,0.0319874704649296,-0.4088719241942637,False,
HSPA8,-0.625,0.0,0.560981292300828,-0.0743703136124973,False,
HSPA9,-0.25,0.0,0.3072799469652449,-0.0017300092939209,False,
HSPB1,0.625,0.25,-0.5969543927534424,-0.1014747784892593,False,
HSPB6,-0.1999999999999999,0.4666666666666665,0.115589246674541,-0.147731996090239,False,
HSPB7,0.25,0.0,-0.0788988780764489,-0.2671175360201758,False,
HSPB8,-0.0588235294117647,-0.2941176470588236,0.131419921362504,-0.109410121530507,False,
HSPBAP1,0.625,-0.25,-0.612738576950425,0.4847820192036769,False,
HSPBP1,-0.5,0.0,0.588080928837126,-0.1001815601219695,False,
HSPD1,-0.625,0.0,0.4352527223442169,0.1275439423410467,False,
HSPG2,0.125,0.25,-0.1345088833819735,-0.0792080338433591,False,
HSPH1,-0.125,0.125,0.1032066395630555,-0.3914307621112685,False,
HTATIP2,0.625,0.25,-0.626227390039969,-0.5251290333197083,False,
HTATSF1,0.125,-0.125,-0.2036049515643955,0.1395084907875898,False,
HTR2B,0.0666666666666666,0.1999999999999999,-0.0964326085842071,-0.7997963230673137,False,
HTR7,-0.25,-0.375,0.145457528473839,-0.1602990282839815,False,
HTRA1,0.5,0.0,-0.713593930508446,0.1848476689732092,False,
HTRA2,0.125,0.0,-0.0780949517264921,0.3611291067204896,False,
HTRA3,0.1999999999999999,0.1999999999999999,-0.0407963545510087,0.747556918666646,False,
HTT,0.0,-0.125,0.0050411006033342,-0.2447033422263289,False,
HUS1,0.375,-0.125,-0.1492828421463939,0.3347453762177519,False,
HUWE1,0.25,-0.375,-0.0603096337148924,-0.2836900933843229,False,
HVCN1,-0.1999999999999999,-0.1999999999999999,0.0876252930799682,0.7315718542048385,False,
HYAL2,-0.125,0.125,0.316694405977708,0.4376515829168341,False,
HYAL3,0.1999999999999999,-0.1999999999999999,-0.0879151249191598,-0.0128018839755101,False,
HYI,-0.4666666666666665,-0.3333333333333332,0.264307840887203,0.31076496056968,False,
HYKK,0.1999999999999999,0.0666666666666666,-0.469413933540114,0.01460745410054,False,
HYLS1,-0.125,-0.25,0.2558014153295995,0.1050728197853865,False,
HYOU1,-0.5294117647058822,0.1764705882352941,-0.009292729504753,0.1234995376543306,False,
HYPK,-0.2941176470588236,0.2941176470588236,0.409622657145989,0.2345834000536515,False,
IAH1,0.125,0.125,-0.1022833898942671,0.2173249982536245,False,
IARS2,-0.375,0.125,0.361820169600257,0.379679432024762,False,
IBA57,0.0,0.125,0.0798601320522166,0.3908613839281725,False,
IBTK,-0.3333333333333332,-0.2222222222222223,0.1058230993857338,-0.3147588697790078,False,
ICA1L,0.0,0.125,-0.016996678896751,0.2589536946179638,False,
ICAM1,0.5555555555555556,-0.2222222222222223,-0.4107291469430755,0.4395778050719841,False,
ICAM3,0.125,0.375,0.0942978515250016,-0.1613068653072304,False,
ICAM5,0.1999999999999999,0.0666666666666666,-0.29464128458325,0.1470071404634175,False,
ICMT,-0.5,0.0,0.421940920425807,0.5398504701120816,False,
ID1,0.2222222222222223,0.0,-0.180832986108346,0.2264440803860283,False,
ID2,-0.25,-0.25,0.2352588285221069,-0.2852937989765743,False,
ID3,0.2222222222222223,0.0,-0.3534067347320629,0.3143248453859595,False,
ID4,-0.25,0.0,0.2523822870057195,0.1813201869011576,False,
IDE,0.25,0.0,0.0135853929654639,-0.121542565126393,False,
IDH1,-0.125,0.25,-0.0704827985205027,-0.076651952944172,False,
IDH2,-0.625,0.25,0.708347753946692,0.0877916909346812,False,
IDH3A,-0.25,-0.125,0.0460400590636732,0.308037676375662,False,
IDH3B,-0.25,0.125,0.1461223919623239,0.1467630842861931,False,
IDH3G,-0.125,0.25,0.462165560607452,0.2259504884786918,False,
IDI1,0.125,0.0,-0.0850872732999667,0.1295462160187148,False,
IDNK,0.25,0.0,-0.3405730482792605,0.487026335633286,False,
IDS,0.1999999999999999,-0.4666666666666665,0.109352128493372,-0.0555672509086493,False,
IDUA,0.375,0.125,-0.2970097655674065,0.0069469339709633,False,
IER2,-0.1111111111111111,-0.4444444444444444,0.2906892446333475,0.3447812410101813,False,
IER3,-0.25,-0.125,0.309223009998771,0.1050019364063916,False,
IER5,-0.125,-0.125,0.250757727321779,0.0648859704056654,False,
IER5L,0.0,0.0,-0.295411208354799,-0.2322043127860187,False,
IFFO1,-0.375,0.125,0.1016914464257842,0.0262507979805852,False,
IFFO2,-0.5,-0.375,0.510005760723952,0.1044319688404042,False,
IFI16,0.25,-0.125,-0.1960590067309557,-0.3810487869452172,False,
IFI27,0.3333333333333332,-0.1999999999999999,-0.21823806782655,-0.561776531309187,False,
IFI27L1,0.0,0.125,0.2690723277218005,0.2745956940671901,False,
IFI27L2,-0.3333333333333332,0.2222222222222223,0.271110067411151,-0.4054902919981438,False,
IFI30,-0.0666666666666666,0.0666666666666666,0.0226362588991914,0.1711777260441438,False,
IFI35,0.1111111111111111,0.1111111111111111,-0.0300025648609499,0.0451292569206236,False,
IFI44,0.375,-0.25,-0.385689831132407,-0.98730484368882,False,
IFI44L,0.375,-0.125,-0.4074078383028819,0.1941898694199602,False,
IFI6,0.5,-0.25,-0.129039799273299,-0.2952307872784341,False,
IFIH1,0.375,-0.375,-0.434210886628425,-0.4515360299301327,False,
IFIT1,0.125,-0.125,-0.1843577503764655,-0.3370258017432725,False,
IFIT2,0.25,-0.375,-0.355068255580102,-0.5991326201623384,False,
IFIT3,0.375,-0.375,-0.4366175314880079,-0.2729449304823754,False,
IFIT5,0.375,-0.375,-0.284385773866695,0.9546706132564022,False,
IFITM1,0.3333333333333332,-0.0666666666666666,-0.174645946070694,-0.2530500925157115,False,
IFITM10,0.7647058823529411,0.1764705882352941,-0.773952640631393,0.1202651399800154,False,
IFITM2,0.375,0.25,-0.157774464129977,0.527136254897449,False,
IFITM3,0.5,0.0,-0.2662894009192534,-0.2716963841373332,False,
IFNAR1,0.5,-0.25,-1.0430392907866244,0.112140313497004,False,
IFNAR2,0.3333333333333332,-0.0666666666666666,-0.221503277447965,0.2980940399691569,False,
IFNE,-0.25,0.125,0.4061846509537969,0.2215305545608478,False,
IFNGR1,0.875,-0.125,-0.93979631118742,0.1895015148763925,True,1.0
IFNGR2,0.5,0.125,-0.580493501409473,0.0008382587888426,False,
IFRD1,0.625,0.25,-0.5743948278749865,-0.2010151660856269,False,
IFRD2,-0.5,0.0,0.2635324508344765,0.3140386332717519,False,
IFT122,0.375,0.375,-0.755092258162677,-0.0243312559220916,False,
IFT140,0.375,0.25,-0.215650875440589,0.2286145538942401,False,
IFT172,-0.125,0.25,-0.0609681120235729,-0.0373699780979692,False,
IFT27,0.125,0.25,-0.158602971301596,-0.0228986258251246,False,
IFT43,-0.25,0.375,0.0880373899339628,0.2169136527887722,False,
IFT46,-0.125,0.125,-0.450997909898413,-0.2669278786057654,False,
IFT52,0.125,0.25,0.1007635140796581,0.2830928776089418,False,
IFT57,-0.3333333333333332,0.1111111111111111,0.339062760402357,-0.108872743946244,False,
IFT74,0.0,0.0,0.0391143941906741,-0.2234621536043337,False,
IFT80,0.0666666666666666,-0.0666666666666666,-0.802591945419099,-0.2416245054557042,False,
IFT81,-0.25,0.0,0.1404244470064135,0.0471134183167332,False,
IFT88,0.0,0.125,0.1860091648093275,-0.158417728050872,False,
IGBP1,0.25,0.375,-0.1562595094951656,0.2141128720840093,False,
IGDCC4,0.1999999999999999,-0.0666666666666666,-0.680011414202034,0.0541980185369279,False,
IGF1R,0.25,0.25,-0.4607796013447085,-0.155882880211803,False,
IGF2BP1,0.25,-0.25,0.0320081176109638,1.2895415223250652,False,
IGF2BP2,0.625,-0.375,-0.168344050583958,-0.0919578721745444,False,
IGF2BP3,-0.5,-0.25,0.0988427814617334,-0.8204944247936437,False,
IGF2R,-0.125,0.125,-0.0705101833209206,-0.231006201148713,False,
IGFBP2,0.25,0.5,-0.7923067941563245,0.5519906159300383,False,
IGFBP3,-0.125,0.25,0.2422809996726965,-0.1562430125175353,False,
IGFBP4,0.3333333333333332,-0.4444444444444444,-0.0726204157507698,0.2532184782319995,False,
IGFBP5,-0.3333333333333332,0.1111111111111111,0.5582978874315025,0.1012352162542582,False,
IGFBP6,-0.3333333333333332,-0.2222222222222223,0.2492668690876285,-0.1237353386086677,False,
IGFBP7,0.25,0.375,-0.1857488638302991,-0.0624651198527064,False,
IGFBPL1,0.125,0.0,0.1343537355789615,0.1263728681046547,False,
IGFLR1,-0.1999999999999999,0.4666666666666665,0.293791522924731,0.2047520666325728,False,
IGSF10,0.1999999999999999,-0.0666666666666666,-0.299802970090666,-0.8099956989862356,False,
IGSF3,0.7333333333333334,0.0666666666666666,-0.392979269209672,1.0168057134089317,False,
IGSF5,-0.0666666666666666,-0.1999999999999999,0.0599306290439,-0.1168011715637771,False,
IGSF8,-0.5,0.125,0.696164886806234,0.0686449538566331,False,
IKBIP,-0.375,0.25,0.0651016002620531,0.1990934023637285,False,
IKBKB,0.25,-0.375,-0.0763418373565906,0.2837476402867234,False,
IKBKE,-0.3333333333333332,-0.2222222222222223,0.2448434367880345,-0.2140580655154562,False,
IKBKG,-0.3333333333333332,-0.1111111111111111,0.3044130958352555,-0.0113613688927074,False,
IKZF2,0.75,0.125,-0.8732882804374604,-0.0520255865199525,True,1.0
IKZF4,0.0,-0.125,-0.3208938624575715,-0.3267933467259445,False,
IKZF5,0.5,0.0,-0.730710311105667,-0.2942208948842499,False,
IL10RB,0.7333333333333334,-0.3333333333333332,-0.751320263367826,0.0277755209702055,False,
IL11,-0.1764705882352941,-0.411764705882353,0.345784794484246,0.0605526476082052,False,
IL11RA,0.25,0.5,-0.463590818245739,0.0177765577367101,False,
IL12A,-0.411764705882353,0.1764705882352941,0.216104952591212,-0.3511357324252859,False,
IL13RA1,0.375,0.0,-0.2488931037575374,0.4573664585156909,False,
IL13RA2,-0.4666666666666665,0.3333333333333332,0.822810329009329,-0.4851018489377367,False,
IL15,0.125,0.0,-0.188918549018377,-0.3180680527614488,False,
IL15RA,-0.0666666666666666,-0.3333333333333332,-0.0934850195282197,0.0502513650754927,False,
IL17D,0.2222222222222223,0.2222222222222223,-0.551023962463147,0.9377588024788206,False,
IL17RA,-0.25,0.125,0.2326866908377844,-0.2972270326698711,False,
IL17RC,0.75,0.25,-0.554656107470217,0.1965799137088058,False,
IL17RD,-0.3333333333333332,0.3333333333333332,0.44505313320588,0.3071209277296571,False,
IL17RE,-0.1999999999999999,0.0666666666666666,0.511787776807614,-1.1327426981749436,False,
IL18,-0.3333333333333332,0.0666666666666666,0.179557817847099,-0.5935293007218281,False,
IL18BP,0.1999999999999999,-0.4666666666666665,-0.538334848182492,-0.5957996531552655,False,
IL1R1,0.875,0.0,-0.984015205536649,-0.0989490486857289,True,1.0
IL1R2,0.4666666666666665,0.1999999999999999,-0.530870174541107,-0.3660359261305415,False,
IL1RAP,0.0,-0.625,-0.6063953052808806,0.1045232997827385,False,
IL20RB,0.125,-0.375,-0.5831428371212255,-0.076632712949664,False,
IL21R,0.25,0.25,-0.325113464229516,-0.1771805499971956,False,
IL23A,0.5,-0.125,-0.6142057394985705,0.0458378699384005,False,
IL27RA,0.25,-0.375,-0.051833305709145,0.4199338435991814,False,
IL32,0.7333333333333334,-0.0666666666666666,-0.504623212449346,0.1494192751362096,False,
IL4R,-0.25,-0.125,0.172650412926842,0.1306640012792135,False,
IL6,-0.5,0.25,0.697058985669543,-0.0256757412739405,False,
IL6R,0.0,0.375,-0.2071182187742793,0.110759074882401,False,
IL6ST,0.5,-0.125,-0.846611199239764,-0.0157851605842269,False,
IL7,0.4666666666666665,-0.6000000000000001,-0.301511344577764,0.0220407181152686,False,
IL7R,-0.125,-0.625,0.194576459050816,-1.162117662369904,False,
ILF2,-0.5,0.125,0.668765952664232,-0.6443153037503211,False,
ILF3,-0.25,-0.125,0.3181899252519425,0.6182689657264475,False,
ILK,0.125,0.0,-0.0393037696039062,-0.1664602195511206,False,
ILKAP,0.1111111111111111,0.0,-0.1007416551326153,0.8065309725522147,False,
ILVBL,0.0,0.125,0.2742947084628685,-0.1317030494592388,False,
IMMP1L,-0.5,0.25,0.5326635459256215,-0.2324604517017103,False,
IMMP2L,0.25,0.125,0.0214750422730215,-0.2958419158531966,False,
IMMT,-0.375,0.25,0.4769360248707305,0.2617477677276327,False,
IMP3,-0.1111111111111111,0.2222222222222223,0.0155256638311406,-0.1841549305069989,False,
IMP4,-0.375,0.25,0.8322992533999,0.5313310245951761,False,
IMPA1,0.375,-0.25,-0.4557740868234695,-0.1519595749038726,False,
IMPA2,0.25,0.0,-0.627399559780845,0.7916857723142261,False,
IMPACT,0.125,0.0,-0.1943572270041829,0.4548033925551704,False,
IMPDH1,-0.25,0.375,0.29669522754582,0.3893033510611512,False,
IMPDH2,-0.375,0.0,0.3583585447610815,0.0273878417261586,False,
INAFM1,0.1999999999999999,0.0666666666666666,0.015126411620682,0.3613232222069604,False,
INAFM2,0.0,0.25,0.1771103841610249,0.6399684617005343,False,
INCENP,-0.25,0.0,0.4185388592698115,-0.2743886429219899,False,
INF2,0.0,-0.25,0.305648968189527,-0.0654111954468472,False,
ING1,-0.5,-0.125,0.400273403993778,-0.0247643637514638,False,
ING2,-0.2222222222222223,0.4444444444444444,-0.0611567516438888,0.0773196427111471,False,
ING3,0.25,0.25,0.1140155693656585,-0.1142698896899943,False,
ING4,0.25,0.375,-0.138637303301254,-0.1045849617412955,False,
ING5,-0.25,0.125,0.2094199878019779,0.4616089521783992,False,
INHBA,-0.125,0.0,0.2573578033385205,-0.6459625150956225,False,
INHBB,0.4444444444444444,-0.2222222222222223,-0.5573276909270265,0.6849797149336669,False,
INIP,-0.5,0.0,0.235009496003118,0.0142358231905541,False,
INMT,0.4666666666666665,-0.4666666666666665,-0.57199593371776,0.3256615979468429,False,
INO80,-0.25,-0.5,-0.134410798220519,-0.4346581690801554,False,
INO80C,0.0666666666666666,-0.4666666666666665,0.148154773484939,-0.0097863791419428,False,
INO80D,0.125,-0.125,-0.4241395743932484,-0.2148280948257794,False,
INO80E,-0.125,0.0,0.0816327310868476,0.2728300753397081,False,
INPP1,0.375,-0.125,-0.6725346561648404,-0.3085839485967938,False,
INPP4A,0.0,0.0,-0.2225258158710305,0.0313248751140435,False,
INPP4B,0.0,0.25,-0.0778516517480132,-0.9445731481199244,False,
INPP5A,-0.625,0.125,0.4631753471275345,0.2631071249313144,False,
INPP5B,0.125,-0.125,-0.578220584480916,0.1424443424941852,False,
INPP5D,-0.3333333333333332,-0.3333333333333332,-0.122942326875577,-0.1921284662258322,False,
INPP5E,0.0,-0.375,0.146549969917554,0.5353257914991734,False,
INPP5F,0.0,-0.125,-0.523913390908447,0.161003086004241,False,
INPP5J,-0.6000000000000001,-0.1999999999999999,0.492987209706671,-0.3138468852489278,False,
INPP5K,0.75,0.125,-0.5722941212825781,0.3299758731087865,False,
INPPL1,0.0,0.0,0.2946406520626274,0.3187666231679396,False,
INSIG1,-0.375,-0.25,0.3692275569594135,0.005555920460762,False,
INSIG2,0.625,0.375,-0.7734813882701145,-0.1820130539803686,False,
INSR,0.625,0.375,-0.6860397645423124,0.5855214313057169,False,
INTS1,-0.5,0.0,0.733395407953363,0.5425227827342305,False,
INTS10,-0.25,0.25,-0.1140101896277795,-0.2543512706890598,False,
INTS12,0.25,0.125,-0.0087155002977035,-0.524934618760873,False,
INTS2,-0.25,-0.125,-0.1951091349769421,-0.2862365524186634,False,
INTS3,-0.375,0.125,0.0136233927277875,0.1824107028100137,False,
INTS4,0.0,-0.25,-0.1833146821393149,-0.2801678406066537,False,
INTS5,-0.4444444444444444,0.0,0.321556100149853,0.3974237592318081,False,
INTS6,0.0,-0.75,-0.1131574903499336,0.0076891710622231,False,
INTS7,-0.625,-0.5,0.255946784645761,-0.3231258050665464,False,
INTS8,-0.375,0.0,0.228664243548007,-0.1275930351035183,False,
INTS9,0.125,-0.25,0.0212863466710327,-0.1800924536976271,False,
INTU,0.125,-0.125,-0.0296414253997477,-0.275711608394996,False,
INVS,0.375,-0.125,-0.7515269900774285,-0.1451960738599644,False,
IP6K1,0.0,-0.125,-0.343617078959689,-0.1484083275270022,False,
IP6K2,0.0,0.0,-0.1417172634365565,0.1276578923651201,False,
IP6K3,0.8666666666666667,0.1999999999999999,-0.89410753875494,0.668878482971496,True,1.0
IPMK,0.0,-0.3333333333333332,-0.2517004392042525,0.1342429647015373,False,
IPO11,-0.125,-0.375,-0.1691566977364804,-0.2132189632318102,False,
IPO13,0.375,-0.125,-0.3004306356811988,0.346402139075566,False,
IPO4,-0.7333333333333334,0.0666666666666666,0.337525888855451,0.0493409674510716,False,
IPO5,-0.375,-0.25,0.275924474066855,0.4484996657317532,False,
IPO7,-0.125,-0.125,0.1684227840607901,0.2311220597142949,False,
IPO8,-0.125,0.0,0.4855373836964995,-0.3964822341124927,False,
IPO9,-0.125,-0.375,0.0116866825736944,-1.0874624270651907,False,
IPP,0.5,0.25,-0.9718935378785184,0.2771325082008991,False,
IPPK,-0.125,0.125,0.4828518414206875,0.0081727920811642,False,
IQCB1,0.0,-0.375,-0.0429300338267507,-0.332662829173572,False,
IQCC,-0.375,-0.125,0.453822529085509,1.0903949898772187,False,
IQCD,-0.6000000000000001,0.4666666666666665,0.447247324051591,-0.3213345042717019,False,
IQCE,0.0,-0.125,-0.1295004843744468,0.1127176875186211,False,
IQCG,0.625,0.0,-0.59312977165046,0.1425979332226834,False,
IQCJ-SCHIP1,-0.5,0.0,0.495056334963215,0.1498689356195597,False,
IQCK,0.0,0.125,0.0766942931933355,0.173752216122546,False,
IQGAP1,-0.125,-0.5,0.220839417694607,-0.0418293810998124,False,
IQGAP2,0.5,-0.25,-0.383714021473774,0.015947938996889,False,
IQGAP3,-0.375,0.0,0.525593854560187,-0.6081063621253282,False,
IQSEC1,0.125,0.25,0.3746446605613655,-0.0604559771067325,False,
IQSEC2,-0.375,0.125,0.49784446889558,-0.3697495232400394,False,
IRAK1,0.125,-0.25,0.1308426581801415,0.5632331233374885,False,
IRAK1BP1,-0.125,0.0,0.1632093086849005,0.3667391713238779,False,
IRAK2,-0.2222222222222223,0.1111111111111111,0.0320208271302651,0.4634986023505996,False,
IRAK4,0.5,0.125,-0.7701305579078275,-0.0794356122495765,False,
IREB2,0.25,0.0,0.0466628608788525,-0.1768460884629363,False,
IRF1,0.125,-0.25,-0.0835434716499868,0.5924350297042764,False,
IRF2,0.625,-0.75,-0.365200401990444,0.1418777179890935,False,
IRF2BP1,-0.3333333333333332,0.0,0.49091437253701,0.1295429515638262,False,
IRF2BP2,0.125,0.25,-0.35522949305782,0.3965920312695274,False,
IRF2BPL,0.0,0.0,-0.401594770502062,0.3327366850163051,False,
IRF3,-0.25,0.0,0.3639919965450965,-0.1286655551310849,False,
IRF5,-0.0666666666666666,-0.1999999999999999,0.400229815677876,0.6127423808683171,False,
IRF7,0.5,-0.375,-0.257167055261531,-0.0398263225241586,False,
IRF9,0.1764705882352941,-0.0588235294117647,0.043130332022201,-0.2277549693274012,False,
IRGQ,-0.25,0.125,0.2590221283293662,0.3191797733814892,False,
IRS1,-0.2222222222222223,0.1111111111111111,0.4123970371920665,0.5172369723173775,False,
IRS2,1.0,-0.2222222222222223,-0.891026415761355,0.6372080296614695,True,1.0
IRX3,0.25,0.0,-0.0426498921434555,0.1703446763767306,False,
IRX5,-0.125,-0.125,0.1517815565026894,0.0983822432981034,False,
ISCA1,0.5,0.0,-0.456597365853151,0.0381731052914289,False,
ISCU,0.25,0.125,-0.5662881609642715,-0.2147870544573566,False,
ISG15,0.375,-0.375,0.0440155816730495,0.2547293621014188,False,
ISG20,0.1999999999999999,0.1999999999999999,-0.146675829434169,-0.2790347270636335,False,
ISG20L2,0.0,-0.125,0.1836475221118495,-0.0380018203110221,False,
ISLR,-0.0666666666666666,-0.0666666666666666,-0.0003550537439462,-0.116740841298331,False,
ISM1,0.0588235294117647,0.1764705882352941,-0.337153585183364,0.4794161199327291,False,
ISOC1,0.25,0.125,-0.258924260987331,0.0702146938307208,False,
ISOC2,-0.5555555555555556,0.3333333333333332,0.5675656392451984,0.0221383499074749,False,
IST1,0.375,-0.125,-0.4996575389405345,0.1797108926150366,False,
ISY1,0.0,-0.125,-0.0493925644916855,-0.1329970897721104,False,
ISYNA1,-0.0666666666666666,0.6000000000000001,-0.212890885810215,0.1310457826187574,False,
ITCH,0.2222222222222223,-0.1111111111111111,-0.628107083863147,-0.3654672051811887,False,
ITFG1,-0.125,0.5,-0.463106990146761,-0.1606031776048715,False,
ITFG2,0.0,0.375,0.1705880358483025,-0.2449453415981342,False,
ITGA1,0.625,0.375,-0.650387567185875,-0.4659791836418565,False,
ITGA10,0.75,0.375,-0.8223245358552196,-0.4798460659046779,False,
ITGA11,0.125,0.125,-0.236073900145585,0.0543963534139444,False,
ITGA2,0.125,-0.5,0.0946133445190525,-0.0770375609630178,False,
ITGA3,-0.625,-0.5,0.6851323366010605,0.6564521899776214,False,
ITGA4,-0.375,0.0,0.6088853930421415,0.0191366441608051,False,
ITGA5,0.125,-0.25,-0.0589725749110839,-0.4402243883684207,False,
ITGA6,-0.5,-0.125,0.73226492070011,-0.1174160515815641,False,
ITGA7,-0.25,-0.125,0.278986905136741,-0.0038694209039924,False,
ITGAE,0.25,0.375,-0.1664734616241754,-0.1358007595253272,False,
ITGAV,0.25,-0.25,-0.206598519271859,0.122693378103857,False,
ITGB1,-0.625,-0.375,0.273309775526441,0.0849391920988837,False,
ITGB1BP1,0.125,0.125,-0.1315242691482332,0.4540804064158883,False,
ITGB2,-0.1999999999999999,-0.0666666666666666,-0.0715020617527281,0.0399684416714769,False,
ITGB3,-0.1999999999999999,-0.1999999999999999,0.13899492282188,0.5662685333997499,False,
ITGB3BP,0.0,0.25,-0.2440802660971059,-0.1287796889439239,False,
ITGB4,0.4666666666666665,-0.0666666666666666,-0.878376854020147,0.5299831058656603,False,
ITGB5,0.5,0.25,-0.561999148721216,-0.1526029552242778,False,
ITGB6,0.1999999999999999,-0.0666666666666666,-0.194160159620346,-0.6378675884318473,False,
ITGB8,0.125,-0.125,-0.1437201575952653,-0.135898183147368,False,
ITGBL1,0.625,0.125,-1.0780575362900615,-0.942604044787273,False,
ITM2B,0.5,0.5,-0.3736832475185719,0.3879275193562688,False,
ITM2C,-0.5,0.0,0.4068622146216005,-0.0175551966150098,False,
ITPA,-0.25,0.125,0.251821121764594,0.5036502740070918,False,
ITPK1,0.25,0.0,-0.3827338311235425,0.3284837420567537,False,
ITPKA,0.375,-0.375,-0.231205970346922,-0.3214797465620478,False,
ITPKB,0.0,0.5,-0.21170440792618,0.1838640131892561,False,
ITPR1,0.25,0.0,-0.4714538244280215,-0.4646372894475132,False,
ITPR2,0.0,-0.25,0.0939218776837375,-0.0321404942147491,False,
ITPR3,0.25,-0.125,-0.415011540517746,0.4540536841133813,False,
ITPRIP,0.125,0.0,0.155537266488547,-0.3017876650232307,False,
ITPRIPL2,0.5555555555555556,0.1111111111111111,-0.985601405588284,0.6276292418404443,False,
ITSN1,0.5,0.125,-0.1048289502861742,-0.6316918672050671,False,
ITSN2,0.375,-0.25,-0.5857633692237585,0.4752900511205666,False,
IVD,-0.25,0.5,0.3730452736748785,0.0570197272723151,False,
IVNS1ABP,0.375,-0.375,-0.174990622743454,0.0575713474640942,False,
IWS1,-0.25,0.0,0.252921836187773,-0.3464426380819785,False,
IZUMO4,0.4666666666666665,0.0666666666666666,-0.363846391297157,0.452361166394823,False,
JADE1,0.0666666666666666,-0.0666666666666666,-0.151441318797114,0.2376047989265095,False,
JADE2,0.7333333333333334,-0.6000000000000001,-1.00536547572212,0.0641988377073694,False,
JADE3,-0.0666666666666666,-0.1999999999999999,0.179772040527785,0.3358204715221995,False,
JAG1,-0.125,0.0,0.3197321057353275,0.0812344162163989,False,
JAGN1,0.625,0.375,-0.7236123567168025,0.3647187947827532,False,
JAK1,0.625,-0.25,-0.8346583055654204,0.4197675502664637,False,
JAK2,0.625,-0.5,-0.9710137978772906,0.0312779384045964,False,
JAK3,0.5,0.125,-0.423625359964041,1.2880723881504237,False,
JAM2,0.6000000000000001,0.0666666666666666,-0.0474049760730506,-0.3346879389081807,False,
JAM3,-0.25,0.0,0.352760895040564,-0.2649298675690832,False,
JARID2,-0.625,-0.625,0.2863668310724625,-0.0275149300366157,False,
JAZF1,0.75,0.125,-0.7160969400839481,-0.1923833033098518,False,
JDP2,0.5,0.0,-0.9424450800603336,0.5612048857987624,False,
JMJD1C,0.5,-0.125,-0.4660151451765569,-0.3173716638287724,False,
JMJD4,-0.375,0.5,0.557972775391854,0.1257961920725772,False,
JMJD8,0.25,0.25,0.0812652965024676,0.7089640623057816,False,
JMY,0.4444444444444444,0.0,-0.3002229893161725,-0.0757058692043889,False,
JOSD1,0.625,-0.5,-0.6477491121462595,0.6705512113812873,False,
JOSD2,0.25,0.375,-0.287055408626521,0.3478615900542969,False,
JPH1,0.1999999999999999,-0.0666666666666666,-0.197815751677145,0.4813630103563032,False,
JPH2,0.6666666666666667,-0.4444444444444444,-0.7114780161611141,0.5706298606458069,False,
JRK,0.1111111111111111,0.0,0.0953017984914722,0.0981939656852062,False,
JRKL,-0.5555555555555556,-0.1111111111111111,-0.0628803170862705,0.2443278672319067,False,
JTB,0.25,0.625,-0.309760236949824,0.0214705238503734,False,
JUN,-0.3333333333333332,-0.2222222222222223,0.4368504618427244,-0.0562168364857593,False,
JUNB,0.5555555555555556,0.2222222222222223,-0.624806071100076,0.9345070314072276,False,
JUND,-0.1111111111111111,0.1111111111111111,0.1177374245186829,0.1280695616185996,False,
JUP,-0.4666666666666665,0.1999999999999999,0.441840269671568,0.6499125866456894,False,
KALRN,-0.1999999999999999,-0.0666666666666666,0.441702132619529,-0.4991014780708616,False,
KANK1,0.25,0.125,-0.0530339234294034,-0.3979354441720146,False,
KANK2,0.375,0.5,-0.358029759947946,-0.4986251535603112,False,
KANK3,0.0666666666666666,-0.4666666666666665,-0.0254644662135337,0.2680216970994091,False,
KANSL1,0.125,-0.5,-0.2592982108591255,0.2951285024631365,False,
KANSL1L,0.5,0.0,-0.834114262588085,0.1833587223600372,False,
KANSL2,0.125,0.0,-0.315495435181217,-0.0734651832245139,False,
KANSL3,0.375,0.0,-0.3159993888252735,-0.2853404473331129,False,
KAT2A,0.125,-0.125,-0.1546748762779245,0.0721910176903195,False,
KAT2B,-0.1111111111111111,-0.3333333333333332,-0.2134072971560947,0.2216302575717872,False,
KAT5,0.625,0.25,-0.2558918965945345,-0.32173659163682,False,
KAT6A,0.0,-0.375,-0.44132859856377,0.0205713131875784,False,
KAT6B,0.0588235294117647,0.0588235294117647,-0.223799493730632,-0.1839548689528585,False,
KAT7,-0.125,-0.5,-0.233588379870915,-0.0228584574332111,False,
KAT8,0.125,0.0,-0.351570616917196,0.302687866991445,False,
KATNA1,0.0,-0.25,-0.0121015386391874,-0.1371081077591398,False,
KATNAL1,0.25,-0.125,0.1587894020880295,0.4130006225721301,False,
KATNAL2,0.25,0.375,-0.5752051119038605,-0.5910916517948852,False,
KATNB1,-0.375,0.375,0.7216619854396975,-0.1664927240712805,False,
KATNBL1,0.0,-0.25,-0.297614811408033,0.7281206890803804,False,
KAZALD1,0.5,0.375,-0.33702455682738,-0.0603588673982433,False,
KAZN,0.25,-0.125,-0.23639988748516,-0.1940707754592954,False,
KBTBD2,-0.25,-0.375,-0.1474811027907802,0.2021470349428096,False,
KBTBD3,0.25,0.0,-0.492657558086126,-0.0352212976128125,False,
KBTBD4,0.0,0.2222222222222223,-0.0546653459679394,0.3364082148642381,False,
KBTBD6,0.1111111111111111,0.0,-0.386780490685839,-0.4176309360595276,False,
KBTBD7,0.1111111111111111,-0.1111111111111111,-0.448524666816636,0.0541165014047297,False,
KBTBD8,-0.75,-0.125,0.556324689346347,-0.2763880565340262,False,
KCMF1,-0.125,-0.125,-0.0194742413447488,0.7310865780647078,False,
KCNAB2,-0.375,0.25,-0.0412056855840051,0.1523097816712981,False,
KCNAB3,-0.4666666666666665,-0.1999999999999999,0.161884971475691,0.2469453339467222,False,
KCNC4,-0.1999999999999999,-0.1999999999999999,0.507676878500825,0.3967863940580554,False,
KCND1,-0.4666666666666665,-0.1999999999999999,0.499890435343982,0.3361471855213214,False,
KCNE3,0.0666666666666666,0.0666666666666666,-0.489458540759494,-0.1084696580914565,False,
KCNE4,0.375,0.0,-0.3604691746213705,-0.6694356152575895,False,
KCNG1,0.25,-0.25,-0.1372027731779515,0.1379869819710837,False,
KCNH1,0.25,0.0,-0.225007770943997,0.1759045719518845,False,
KCNH3,0.1999999999999999,-0.1999999999999999,0.0644587912668184,1.1078707174348763,False,
KCNIP2,0.1999999999999999,-0.4666666666666665,-0.317007081569517,0.2292667702189486,False,
KCNIP3,0.875,-0.5,-0.9866804594899434,0.4618077056912384,True,1.0
KCNJ15,0.375,0.125,-0.4203603337337634,-0.7876340499635868,False,
KCNJ2,-0.1111111111111111,-0.1111111111111111,-0.1836497126709118,0.1150907983331752,False,
KCNJ6,0.4666666666666665,-0.1999999999999999,-0.460510353434957,-0.3879127680224663,False,
KCNJ8,-0.2941176470588236,0.6470588235294117,-0.330131026607496,-0.5501316668588883,False,
KCNK1,0.3333333333333332,0.1999999999999999,-0.513693867520528,0.2681531993399213,False,
KCNK3,-0.1999999999999999,0.1999999999999999,0.541370076150178,0.3921194995593356,False,
KCNK6,0.3333333333333332,-0.1111111111111111,-0.28107553017527,0.1323151957121948,False,
KCNMA1,-0.75,-0.375,0.847562055700585,-0.4209294356505539,False,
KCNMB3,0.7333333333333334,-0.3333333333333332,-0.614817682237124,0.3108819425191438,False,
KCNMB4,0.411764705882353,0.411764705882353,-0.175041288040157,0.8356408940268443,False,
KCNN4,-0.25,-0.25,0.2491860580872439,-0.4538165138293979,False,
KCNQ3,-0.25,-0.125,0.107458675517232,-1.0363397813840618,False,
KCNQ4,0.0666666666666666,-0.0666666666666666,0.23415030852048,1.4135004033645384,False,
KCNQ5,-0.25,-0.125,0.4173763105779935,-0.1295842190576703,False,
KCNRG,0.3333333333333332,-0.1999999999999999,-0.23684358678766,-0.0142659740081447,False,
KCNS1,0.2941176470588236,-0.0588235294117647,-0.0891892235376183,0.3981121487697548,False,
KCNS3,0.375,0.125,-0.3603518298239455,0.2585410941257637,False,
KCNT2,0.75,-0.125,-0.887069095762024,-1.0353836053611574,False,
KCTD1,-0.375,0.25,0.5541823201391696,0.1520369629179976,False,
KCTD10,-0.375,-0.25,0.1193963080799275,-0.0944944331605768,False,
KCTD11,0.1111111111111111,-0.2222222222222223,-0.1013248706397935,0.4081179980317695,False,
KCTD12,0.3333333333333332,0.2222222222222223,-0.1206347618240489,0.3656673328354292,False,
KCTD13,-0.125,0.0,0.273329523552574,0.6281612414203044,False,
KCTD15,-0.125,-0.125,-0.1461398524424601,0.2706772267509518,False,
KCTD16,-0.375,0.0,0.4985073262100855,-0.8452489485536732,False,
KCTD17,-0.5,0.125,0.5115669727283805,0.4326931823775979,False,
KCTD2,0.375,0.0,-0.299720934770073,-0.1863828106127942,False,
KCTD20,-0.25,0.25,0.0306837442390039,-0.3235152559565351,False,
KCTD21,0.5555555555555556,0.0,-0.7478778497848451,0.1593206416218637,False,
KCTD3,0.25,0.25,-0.521629975328427,-0.2613593061794508,False,
KCTD6,0.0,0.0,-0.326114320390092,0.0312953573654679,False,
KCTD7,0.3333333333333332,-0.1999999999999999,-0.520383519915572,0.5567492011488206,False,
KCTD9,0.25,-0.375,-0.1740900752323695,-0.0264508386736883,False,
KDELR1,-0.3333333333333332,0.2222222222222223,0.485517827920375,0.5626138510817345,False,
KDELR2,-0.4666666666666665,0.3333333333333332,0.383559574569062,0.0958400107504826,False,
KDELR3,0.0,0.375,0.0735489170820062,0.6375972945518407,False,
KDM1A,-0.5,-0.25,0.6836954520105896,0.1165999746571357,False,
KDM1B,0.75,-0.125,-0.583490609222184,0.5679074053522852,False,
KDM2A,0.0,-0.125,-0.2018709679063635,0.0492469881322517,False,
KDM2B,-0.25,-0.125,0.4902767404044005,0.2023304892574167,False,
KDM3A,-0.125,-0.125,-0.0976432651106414,-0.1239936039047577,False,
KDM3B,0.125,-0.25,-0.172626943006774,-0.4309897964172147,False,
KDM4A,-0.4666666666666665,0.1999999999999999,0.139846948160111,-0.4678238290619601,False,
KDM4B,0.375,0.375,-0.389300550044947,0.1540866442115347,False,
KDM4C,0.125,0.0,-0.0936851485403076,0.1991596536020354,False,
KDM5A,0.125,-0.25,-0.286824993480225,0.3475545947874017,False,
KDM5B,0.25,-0.125,-0.208178016710361,0.1231592330571273,False,
KDM5C,0.0,0.0,0.0821458620878949,-0.3475379759887396,False,
KDM6A,0.375,-0.25,-0.3123359220558115,0.1292256378932776,False,
KDM6B,0.125,0.0,-0.0830925292299725,0.0037806441225907,False,
KDM7A,0.8666666666666667,-0.6000000000000001,-0.639787714185902,0.1513333688609832,True,1.0
KDM8,-0.375,0.25,0.440396341232844,-0.1322860197056381,False,
KDSR,0.5,0.0,-0.7571221890914359,0.0272726363534721,False,
KEAP1,0.25,0.25,-0.4389349263556875,0.2463760555782008,False,
KHDC1,-0.5,0.125,0.2929059779456175,0.3610847283828577,False,
KHDRBS1,-0.5,0.0,0.6519520299980606,0.0418040589179717,False,
KHDRBS3,-0.125,0.125,-0.0805171142753709,-0.1673098649030659,False,
KHK,-0.4666666666666665,0.3333333333333332,0.299683608265354,0.4529792766024356,False,
KHNYN,0.0,0.0,-0.448967268900917,-0.0811068782893413,False,
KHSRP,-0.375,-0.25,0.670383586463863,0.1188322716505632,False,
KIAA0232,0.0,0.125,-0.1614384080723239,0.389005766856711,False,
KIAA0319L,-0.25,0.125,0.0679990277586365,-0.298037049697359,False,
KIAA0513,0.125,0.125,-0.0192296811427239,0.0762551841738821,False,
KIAA0586,0.0,-0.125,-0.042765857219767,-0.8878300681327407,False,
KIAA0753,-0.5,-0.25,0.287959760268602,0.5932198722463995,False,
KIAA0825,0.125,0.0,-0.358012460966819,0.0314414256415385,False,
KIAA0930,-0.125,-0.25,0.1680643319115335,-0.1386743358419262,False,
KIAA1143,0.3333333333333332,-0.1111111111111111,-0.6934726310530506,-0.0680858046429571,False,
KIAA1191,0.5,-0.625,-0.4330243651239325,-0.015927064971783,False,
KIAA1217,0.0,-0.25,0.0070466618056599,-0.5053353141934727,False,
KIAA1328,0.375,0.25,-0.367377524497945,-0.3782802094836384,False,
KIAA1549,-0.375,0.125,0.1215440873566768,0.0565872864599883,False,
KIAA1549L,-0.625,-0.375,0.763646835759048,-0.2401267897778856,False,
KIAA1586,-0.25,-0.125,0.341880554366632,0.0571144917815114,False,
KIAA1614,0.5,0.375,-0.764973815190371,0.3519505035805386,False,
KIAA1671,-0.125,-0.375,0.5099628488078165,-0.135919574872791,False,
KIAA1755,0.0666666666666666,-0.0666666666666666,-0.442551695926946,-0.4366693569981132,False,
KIAA1958,-0.375,0.125,0.267064852387487,0.1383104800786975,False,
KIAA2013,-0.125,0.25,0.1561742741776993,0.7774322767646096,False,
KIDINS220,0.125,0.25,-0.0711806180840629,-0.1205964242201251,False,
KIF11,-0.3333333333333332,-0.1111111111111111,0.49763205142546,-0.0250416808333486,False,
KIF13A,0.0,0.0,-0.2811296533433087,0.4825141774452355,False,
KIF13B,0.875,-0.5,-0.8359915525585035,0.643704948589491,True,1.0
KIF14,-0.25,-0.25,0.3654651067804015,0.1016406348970271,False,
KIF15,-0.4444444444444444,0.1111111111111111,0.4248128534381175,-0.4021274979638963,False,
KIF16B,0.125,0.125,-0.371472402976111,0.2755984067188897,False,
KIF17,-0.4666666666666665,0.0666666666666666,0.624789076009113,0.4230568313771261,False,
KIF18A,-0.3333333333333332,-0.2222222222222223,0.517595766471112,-1.6911228835084255,False,
KIF18B,-0.25,0.0,0.4836946512349785,-0.2659736334222731,False,
KIF1B,-0.25,0.125,0.2086666540544955,-0.0656463232873312,False,
KIF1C,-0.125,0.375,0.1687013309952433,0.4547369574077855,False,
KIF20A,-0.375,-0.375,0.4955317037713435,0.8180637534285664,False,
KIF20B,-0.25,-0.375,0.0841314702518296,-0.0947948323798648,False,
KIF21A,-0.125,-0.25,0.0603109070790805,0.3888134349967242,False,
KIF21B,-0.4666666666666665,-0.1999999999999999,0.614932733686225,0.3854341225145532,False,
KIF22,-0.25,0.0,0.4264602207133759,0.3255148936503027,False,
KIF23,-0.5,-0.125,0.5765917634026655,-0.8251632490241261,False,
KIF26B,0.25,0.25,-0.49137721994003,0.1385913227557038,False,
KIF27,0.25,0.0,-0.412032098750119,0.1728256408477726,False,
KIF2A,0.125,-0.375,0.0297504251731934,0.317699092467941,False,
KIF2C,-0.125,-0.125,0.387975581562971,0.0311441900543485,False,
KIF3A,-0.5,0.0,0.591171868393241,0.0277535697593536,False,
KIF3B,0.1111111111111111,0.1111111111111111,-0.3671266526871359,-0.175882193652626,False,
KIF3C,-0.375,-0.125,0.5283860287377424,0.2976952193616602,False,
KIF5A,-0.3333333333333332,0.0666666666666666,0.101665889287206,-0.4950474700147098,False,
KIF5B,-0.125,0.0,-0.0885379726788451,0.1147030510475339,False,
KIF5C,-0.3333333333333332,-0.3333333333333332,0.144373597618269,-0.0320059561166952,False,
KIF7,-0.125,-0.25,-0.0713608270636611,-0.0033137745826707,False,
KIF9,-0.5,0.5,0.5107720450046095,0.1438923849813815,False,
KIFAP3,0.125,-0.25,-0.226888704692298,-0.1286465680397364,False,
KIFC1,-0.5555555555555556,-0.2222222222222223,0.5089264931766775,0.1065473536325258,False,
KIFC2,0.0,-0.125,-0.0181323982678347,0.7251184511180142,False,
KIFC3,0.125,0.0,0.503262496099913,-0.3624973539041436,False,
KIN,-0.25,0.0,-0.0126041086815065,-0.1305556889756558,False,
KIRREL3,-0.25,-0.125,0.349636567391594,0.3717051946726213,False,
KITLG,-0.25,-0.25,0.2488364067178595,-0.0626925440205115,False,
KL,0.4666666666666665,-0.1999999999999999,-0.55808198576208,0.2192675894094322,False,
KLC1,-0.375,-0.125,0.164860714914349,0.1932740318191417,False,
KLC2,-0.125,-0.25,0.0075185015423599,0.5197309413397568,False,
KLC4,0.25,0.5,-0.2802408223611995,-0.3692016097127193,False,
KLF10,0.75,-0.125,-0.4741876682047955,0.3635469685454158,False,
KLF11,0.625,-0.125,-0.642579525599001,0.2807156999464113,False,
KLF13,0.5,0.375,-0.545600297204053,0.6243416252961707,False,
KLF15,0.6470588235294117,0.0588235294117647,-0.754222042606116,1.5432296071248282,False,
KLF16,-0.4444444444444444,-0.2222222222222223,0.6235854685290865,0.5788304413721064,False,
KLF2,-0.2222222222222223,-0.2222222222222223,0.374959376804775,0.525181177643331,False,
KLF3,0.375,-0.25,-0.7009429390374611,0.7047515788236418,False,
KLF4,0.125,-0.25,-0.464875539237908,0.4344468381096558,False,
KLF5,0.875,-0.25,-0.7872469528343256,0.2811892264075473,True,1.0
KLF6,0.375,-0.375,-0.3628545831766779,0.3104197012375569,False,
KLF7,0.25,0.0,-0.130773041494769,-0.3620617839713116,False,
KLF9,0.8888888888888888,0.1111111111111111,-0.8852747919729245,-0.0767076621134252,True,1.0
KLHDC1,0.4444444444444444,0.2222222222222223,-0.8386199880078491,-0.1593056557504129,False,
KLHDC10,-0.125,-0.125,0.144148492642584,-0.2393362559384204,False,
KLHDC2,0.625,0.125,-0.759590492159535,0.3457350941889636,False,
KLHDC4,-0.375,-0.25,0.7536322458812266,0.457661353728112,False,
KLHDC8B,-0.5,0.5,0.4544905677455709,-0.0947607628585878,False,
KLHL11,-0.4444444444444444,0.0,-0.0628813346750306,0.1853540446298112,False,
KLHL12,-0.125,0.25,-0.0295754880273538,-0.0180741808605091,False,
KLHL13,-0.5,0.25,0.332247963294735,-0.3111365143052338,False,
KLHL15,0.125,-0.25,-0.530468932826283,0.4741636626169394,False,
KLHL17,-0.25,-0.25,0.2130631793171757,0.6360960111241616,False,
KLHL2,-0.125,0.375,-0.4929379492723675,0.4051370039683526,False,
KLHL20,0.125,0.125,-0.261040263259283,0.0158858811245892,False,
KLHL21,0.5,0.125,-0.513686385503738,0.0518225860565944,False,
KLHL22,0.375,0.5,-0.4055206095479995,0.9838599135744868,False,
KLHL23,-0.3333333333333332,-0.0666666666666666,0.198035855739708,0.9348650286780616,False,
KLHL24,0.375,0.125,-0.753063877499103,-0.3388349441767375,False,
KLHL25,0.25,-0.25,-0.3360026501902974,0.1326452847697301,False,
KLHL26,0.25,-0.375,-0.341767023282803,0.1987651423482792,False,
KLHL28,0.625,0.0,-0.743855466663857,0.164659308240628,False,
KLHL29,0.375,0.25,-0.0520274863793917,0.4318045560002852,False,
KLHL3,-0.125,0.0,-0.1813731245970825,-0.8498320454699457,False,
KLHL30,0.6000000000000001,-0.1999999999999999,-0.484744717949394,0.6273211975432811,False,
KLHL35,0.3333333333333332,-0.3333333333333332,-0.0696807437589362,0.5423957491296472,False,
KLHL36,0.125,-0.125,0.0629339186702123,-0.3821436106582716,False,
KLHL41,0.1999999999999999,0.1999999999999999,-0.0999401930073656,-0.9851997869289546,False,
KLHL42,0.375,-0.375,0.0411003488144353,0.4994552366892302,False,
KLHL5,0.25,-0.125,-0.533238484890694,-0.2237989398418598,False,
KLHL7,0.0,0.25,-0.2862782943662835,0.5068316960533843,False,
KLHL8,0.25,0.125,-0.308642188257166,0.2528802906469716,False,
KLHL9,0.3333333333333332,0.2222222222222223,-0.263717199689696,0.0352808775120441,False,
KLLN,-0.125,0.0,-0.0312808211461722,0.308055842062322,False,
KLRD1,0.8666666666666667,-0.0666666666666666,-0.568702500926006,-0.6952743803480981,True,1.0
KMT2A,-0.125,-0.375,-0.2830913523320404,-0.1169066278107173,False,
KMT2B,-0.1111111111111111,-0.1111111111111111,-0.2140449700040754,0.3536448666492484,False,
KMT2C,0.125,-0.25,-0.2974407344422844,0.2513437281976829,False,
KMT2D,0.0,-0.375,-0.2171107490357045,-0.004524911848718,False,
KMT2E,0.375,0.0,-0.3522763960435415,0.0991295981004092,False,
KNOP1,-0.375,-0.375,0.4783099302415869,0.1471246498249577,False,
KNSTRN,-0.25,-0.375,0.1367792192505073,-0.3121099798882167,False,
KPNA1,0.25,-0.125,-0.2571371932858904,-0.1796585038851867,False,
KPNA2,-0.5,-0.125,0.587950721070719,-0.2003889525541717,False,
KPNA3,0.25,-0.375,0.076675887004366,0.0276442721792631,False,
KPNA4,0.25,-0.25,-0.4434642307877605,0.2493541302294737,False,
KPNA5,0.375,-0.25,-0.808221878362579,0.0973230512212985,False,
KPNA6,-0.375,0.125,0.507030707973853,-0.3535385360211192,False,
KPNB1,-0.625,-0.375,0.6703159782415811,0.2695875110144792,False,
KRAS,-0.125,-0.25,0.04443836920237,0.03416465827154,False,
KRBA1,-0.375,0.125,0.5069969283316464,0.0887947391305261,False,
KRBA2,-0.2222222222222223,0.2222222222222223,-0.0939643504134712,0.0584901157280612,False,
KRBOX4,0.0,0.125,-0.5227102208543555,-0.8716758854752051,False,
KRCC1,-0.3333333333333332,-0.1111111111111111,0.0373750864035135,0.2068363031770386,False,
KREMEN1,0.4666666666666665,-0.0666666666666666,-0.311444849266384,0.9428326715446704,False,
KRI1,-0.5,0.125,0.4111931276344664,0.2084792969054825,False,
KRIT1,0.5,-0.25,-0.6966687109669676,0.3677468090304419,False,
KRR1,0.25,0.0,-0.141259826811804,-0.1309917353310061,False,
KRT14,-0.0588235294117647,0.1764705882352941,-0.0579477893524973,-0.3003402240810671,False,
KRT15,-0.7333333333333334,-0.0666666666666666,0.625308022533726,-0.938820820127534,False,
KRT16,-0.375,0.0,0.2706180084552469,-0.1620412576642398,False,
KRT17,0.0666666666666666,0.0666666666666666,0.296270135529388,0.3227078441740119,False,
KRT18,-0.75,-0.5,1.091175342734875,-0.0165096787051664,False,
KRT19,-0.875,0.125,0.8222753443740735,-1.2725945533533196,False,
KRT34,-0.411764705882353,-0.411764705882353,0.56000238606349,-1.053328443174352,False,
KRT7,0.125,-0.375,-0.226977561461079,-0.1798354062241469,False,
KRT8,-0.5,-0.25,0.839230375962074,0.049591903167987,False,
KRT80,-0.25,-0.375,0.394597701673914,-0.3181712364431712,False,
KRT81,-0.1999999999999999,-0.6000000000000001,0.374624798407816,-0.4790878952304717,False,
KRTAP2-3,-0.625,0.0,0.90424482006533,-0.5604630334702287,False,
KSR1,0.0,0.125,-0.0172834259834755,-0.2999482078113611,False,
KSR2,-0.6000000000000001,0.1999999999999999,0.823454313434327,-0.3518439074995813,False,
KTI12,0.0666666666666666,-0.3333333333333332,0.151550724751823,0.0841011122932273,False,
KTN1,-0.125,-0.125,-0.2943810659490875,-0.8129534465286747,False,
KXD1,-0.25,0.25,0.430342335448734,-0.0699003434485057,False,
KY,-0.3333333333333332,-0.1999999999999999,0.496086021783257,-0.1173651075195616,False,
KYNU,0.0,0.375,-0.1726027651520285,-1.029587331214362,False,
L3HYPDH,0.0,0.25,-0.1301180115962365,-0.0612394877056408,False,
L3MBTL2,-0.375,-0.125,0.3570760366837305,0.2949669916123199,False,
L3MBTL3,0.1111111111111111,-0.2222222222222223,-0.3612184408813575,0.2412825361671671,False,
LACC1,0.25,-0.25,-0.2602641158763135,0.0578865561325467,False,
LACTB,-0.25,-0.25,0.387062443022354,0.1216775667766754,False,
LACTB2,0.4444444444444444,-0.1111111111111111,-0.7808633355203904,0.0680221259668343,False,
LAGE3,-0.1111111111111111,0.2222222222222223,-0.1493432750176899,0.4159998367050628,False,
LAMA1,0.25,0.125,-0.451068406134373,-0.1415761101621258,False,
LAMA2,0.75,0.125,-0.7835742226647024,-0.3957341926818478,False,
LAMA3,0.125,0.0,0.0787773140740855,-0.3185471718040018,False,
LAMA4,-0.375,0.0,0.365289898367739,-0.4988175705948596,False,
LAMA5,-0.4666666666666665,0.0666666666666666,0.155994744857398,0.7931390305431896,False,
LAMB1,-0.125,-0.125,-0.266169892607731,-0.8610495461233905,False,
LAMB2,-0.125,0.375,-0.143027042920352,-0.0825766307971469,False,
LAMB3,0.0,0.125,0.1633249647281881,-0.4242003074121276,False,
LAMC1,-0.3333333333333332,-0.1111111111111111,0.22872096299758,-0.0090851071693758,False,
LAMC2,-0.125,-0.125,0.5246982869632745,-1.1284970859901906,False,
LAMP1,0.25,0.0,-0.2115117627690911,0.1738581153250871,False,
LAMP2,0.25,-0.25,-0.3219714705377849,-0.1052643966920008,False,
LAMP3,0.25,-0.125,-0.5599749248166874,0.4318023116665693,False,
LAMTOR1,0.25,0.25,-0.0427986253387314,0.1536110006519995,False,
LAMTOR2,0.25,0.125,0.0686079931757469,0.006870493382511,False,
LAMTOR3,0.25,0.0,-0.667219910291263,0.0014805022653432,False,
LAMTOR4,0.125,0.25,0.0505293543222004,0.0151281569793311,False,
LANCL1,0.125,0.0,-0.7214839852129316,-0.1549798288420554,False,
LANCL2,-0.25,-0.125,0.1455599671223895,0.2753048458503238,False,
LAP3,0.25,0.0,-0.203586985543137,0.1779887365606094,False,
LAPTM4A,0.4444444444444444,0.1111111111111111,-0.574563454948097,-0.2163966658563145,False,
LAPTM4B,-0.375,-0.125,0.5419795041487485,0.0193715285159814,False,
LAPTM5,-0.4444444444444444,0.2222222222222223,0.6270032941147565,-0.5315147250193195,False,
LARP1,0.0,-0.625,0.0555231209239773,-0.0400450451435827,False,
LARP1B,0.25,-0.125,-0.1886276391821965,0.2892207344658359,False,
LARP4,-0.125,0.125,-0.0698461088198553,0.143353961803534,False,
LARP4B,-0.25,-0.5,0.1426542086232741,0.3880025560984341,False,
LARP6,-0.375,0.25,-0.220570395806206,-0.5326102581717898,False,
LARP7,0.125,-0.375,-0.4255629632758795,-0.2675311042089388,False,
LARS2,-0.125,-0.125,0.472463449565274,-0.0408697946183447,False,
LAS1L,-0.375,-0.375,0.5228521612372125,-0.0913563031995758,False,
LASP1,-0.25,-0.375,0.4331906251514265,0.0945913842337686,False,
LAT2,-0.1999999999999999,-0.3333333333333332,0.143033106273085,0.324821465915901,False,
LATS1,0.25,-0.125,-0.331263142707219,-0.761060513303579,False,
LATS2,0.5555555555555556,-0.2222222222222223,-0.8189929367701515,0.2123526197924916,False,
LAYN,0.5,0.0,-0.1361604659749885,0.2252610328710984,False,
LBH,0.625,-0.125,-0.7696923840767851,0.2123718316669385,False,
LBR,-0.5,-0.375,0.2225099194864095,-0.2589286820431553,False,
LBX2,0.3333333333333332,0.1999999999999999,-0.547291222682184,0.0795759935965469,False,
LCA5,0.125,-0.25,-0.5169621131844305,0.0525448826658299,False,
LCA5L,-0.125,0.375,-0.228570667729117,-0.3895848974642528,False,
LCAT,0.2941176470588236,-0.411764705882353,-0.583456673492025,0.2489143572338343,False,
LCLAT1,0.25,-0.25,-0.222068560015363,0.7319707066965235,False,
LCMT1,0.0,0.25,0.129581116142518,-0.4157815782217651,False,
LCMT2,-0.1111111111111111,0.1111111111111111,0.4200257892631019,0.263734498039065,False,
LCOR,0.125,-0.125,-0.540612812953628,0.1799995912832752,False,
LCORL,-0.375,0.0,-0.0965704654797758,0.2659122308024848,False,
LCTL,-0.6000000000000001,-0.0666666666666666,0.431184000203338,-0.4383958304269839,False,
LDB1,0.0,0.5,-0.262757982781674,0.32542333307897,False,
LDB3,0.0666666666666666,-0.0666666666666666,-0.0516631631875309,-0.0939757289842018,False,
LDHA,0.1111111111111111,0.1111111111111111,0.2095338070240955,-0.0151044656037488,False,
LDHB,-0.375,0.25,0.50180818746264,0.2351910484482813,False,
LDLR,-0.25,0.125,0.308483041845882,-0.2357969053091495,False,
LDLRAD3,0.75,0.0,-0.923593580553531,0.4118113184987186,False,
LDLRAP1,-0.375,0.375,0.1751700501252535,0.3028968915261418,False,
LDOC1,-0.5555555555555556,0.2222222222222223,0.7919374524741014,0.6005055249377758,False,
LEAP2,0.1999999999999999,-0.0666666666666666,-0.153110082560889,-1.616444323234953,False,
LEF1,0.3333333333333332,0.1999999999999999,0.244366895037989,-0.2091498626010826,False,
LEMD2,-0.125,0.0,0.115646038953285,0.2891319957787357,False,
LEMD3,0.2222222222222223,-0.1111111111111111,-0.176955540278459,0.3491335277147924,False,
LENG1,-0.2941176470588236,0.1764705882352941,0.394960518416844,-0.0084205943769615,False,
LENG8,-0.125,-0.125,0.130836240565331,0.1208959235713158,False,
LENG9,0.625,0.375,-0.5201544009839635,0.1300004242701393,False,
LEO1,0.0,-0.375,0.1024906031934463,0.0624822341948978,False,
LEPR,0.5,0.0,-1.06456814933584,-0.3501154749351658,False,
LEPROT,0.7647058823529411,0.0588235294117647,-0.844951465109536,0.1328402387945146,False,
LEPROTL1,-0.25,-0.125,0.1336792857625074,0.2260341871139177,False,
LETM1,-0.625,-0.25,0.452264999402762,0.5140463631182834,False,
LETM2,0.125,-0.375,0.415387740394885,-0.6230097285753535,False,
LETMD1,0.375,0.375,-0.5618187616276256,-0.0480155330183178,False,
LFNG,-0.6000000000000001,0.3333333333333332,0.836413081336491,-0.044937803508358,False,
LGALS1,-0.5,-0.125,0.446302735737596,-0.182357936309033,False,
LGALS3,0.375,-0.5,-0.562787690024774,-0.1603406433417147,False,
LGALS3BP,-0.25,-0.125,0.256572565928113,-0.2610768904967111,False,
LGALS8,0.375,-0.125,-0.6647121832145815,0.1267739354851134,False,
LGALSL,0.25,0.25,0.0762430242886947,0.1529921841604802,False,
LGMN,0.0,-0.125,0.0803379035973817,-0.1266290385327497,False,
LGR4,-0.25,-0.25,0.2640729735342145,-0.0556919427014985,False,
LHFPL2,0.25,-0.125,-0.6556654890829754,-0.0833214675344331,False,
LHPP,-0.25,0.25,0.460013578093734,0.3445384901698047,False,
LIAS,0.375,-0.125,-0.4370343140416405,-0.0871820875523785,False,
LIF,0.0,-0.3333333333333332,0.1833517805401673,0.5443838563054701,False,
LIFR,0.375,0.0,-0.4223815694067165,0.0522637196155382,False,
LIG1,-0.5,0.0,0.5401439734988915,-1.094388118376928,False,
LIG3,-0.375,0.0,0.400407099475888,0.0546005934622519,False,
LIG4,0.375,-0.25,-0.380675897845606,0.1351893477122847,False,
LIMA1,-0.375,-0.5,0.4253191824240945,-0.4901586909269544,False,
LIMCH1,-0.125,0.5,0.164815170567465,0.087175392724736,False,
LIMD1,-0.375,0.0,0.3460758664857265,-0.3045663668697642,False,
LIMD2,0.0,0.125,0.1671917405697865,0.091338071922814,False,
LIMK1,-0.375,0.125,0.2413755315748885,0.032516010182154,False,
LIMK2,-0.125,0.125,0.0993918190065805,-0.1841301545312261,False,
LIMS1,0.375,-0.25,-0.18892723845411,-0.2382079801185681,False,
LIMS2,0.625,-0.25,-0.7889498044062055,0.2358734009162968,False,
LIN37,0.0,0.375,0.1183478678392178,-0.0953785650687324,False,
LIN52,0.375,0.0,-0.464635561611746,-0.6597099115375731,False,
LIN54,0.25,-0.25,-0.4500685634868605,0.1922541396418577,False,
LIN7A,0.3333333333333332,-0.1111111111111111,-0.0637303035933175,0.1794405957033844,False,
LIN7B,-0.3333333333333332,0.3333333333333332,0.639689931583798,0.428227528606067,False,
LIN7C,-0.375,0.0,-0.0121307161234174,-0.1203259601932272,False,
LIN9,-0.375,-0.25,0.1499536853668213,0.31991835661847,False,
LIPA,0.0,-0.125,-0.4412418521777345,-0.5153246383716819,False,
LIPC,0.1999999999999999,0.0666666666666666,-0.353951385043385,0.273327536004057,False,
LIPE,-0.1999999999999999,-0.3333333333333332,0.760749267577383,-0.7907646360853428,False,
LIPG,-0.1999999999999999,-0.0666666666666666,0.0268937895993677,-0.5059766604671534,False,
LIPT1,0.3333333333333332,0.3333333333333332,-0.214828289521904,0.3569796970092435,False,
LIPT2,-0.0588235294117647,-0.0588235294117647,-0.0879324749113993,0.2393152749360865,False,
LITAF,-0.125,0.125,-0.3588890273387355,0.6136317528982835,False,
LIX1L,0.2222222222222223,0.0,0.0363922618654874,-0.0642457622335221,False,
LLGL1,-0.375,-0.125,0.1467867266027499,0.6366248632687541,False,
LLGL2,-0.3333333333333332,-0.0666666666666666,0.232016515303174,-0.0496303465290886,False,
LLPH,0.2222222222222223,0.1111111111111111,-0.266198005948467,0.359539299393085,False,
LMAN1,-0.1111111111111111,0.0,-0.332770510398762,0.0129701542150395,False,
LMAN2,-0.125,0.25,0.463303836015126,-0.1573203325476679,False,
LMAN2L,-0.5,0.25,0.710992675723902,0.0052630530577344,False,
LMBR1,-0.125,0.25,0.1867358410705176,-0.0665286056762415,False,
LMBR1L,-0.375,0.25,-0.1166886576045377,-0.1217177233335173,False,
LMBRD1,0.5,0.375,-0.6385554871642175,-0.391558984502272,False,
LMBRD2,0.2222222222222223,0.2222222222222223,-0.3674191896894705,-0.0295286929354099,False,
LMCD1,0.625,-0.25,-0.5842780729707975,-0.0870188378241045,False,
LMF1,0.25,0.375,-0.2543747076706971,0.6990053910284582,False,
LMF2,0.125,0.0,0.380283890696415,-0.6358268111350409,False,
LMLN,0.25,0.0,-0.1946214135950635,-0.6123697391631533,False,
LMNA,-0.625,-0.375,0.5089207831771465,-0.0900099611830875,False,
LMNB1,-0.5,-0.125,0.506369085537977,0.0855248078361903,False,
LMNB2,-0.375,-0.125,0.336066655528589,0.6129810097178521,False,
LMO2,0.125,0.125,-0.173066480797099,-0.0884136517935345,False,
LMO4,0.0,0.0,-0.1858721297547905,0.2392312551221298,False,
LMO7,0.125,-0.125,-0.0367265603984415,-0.5970511208383953,False,
LMOD1,0.0,0.375,-0.355198680673228,0.2429360427500801,False,
LMTK2,-0.2222222222222223,-0.2222222222222223,0.0225692321525995,0.516786731668653,False,
LMTK3,0.0666666666666666,-0.0666666666666666,0.4308633224053,-0.0496443566870397,False,
LNP1,-0.6666666666666667,0.3333333333333332,-0.0942254938744332,-0.6266470820307315,False,
LNPEP,0.125,0.0,-0.1615881821529387,0.3603407707102497,False,
LNX1,0.875,-0.25,-0.9465717062682544,-0.808908465226009,True,1.0
LNX2,0.3333333333333332,-0.2222222222222223,-0.6638114764153495,-0.0183842589957605,False,
LONP1,-0.375,0.0,0.2342287551641755,-0.7115259035445711,False,
LONP2,-0.125,0.125,-0.0087662343309413,-0.1436648123077692,False,
LONRF1,0.7777777777777777,-0.2222222222222223,-0.6670868805188279,0.4673545662923257,False,
LOX,0.25,0.25,-0.3612401155755225,0.0116152912663056,False,
LOXL1,-0.125,-0.25,0.0010874936641569,-0.1971127401573222,False,
LOXL2,-0.5,0.125,0.672976842649225,-0.3464502909725255,False,
LOXL4,0.3333333333333332,0.0,-0.2821576942987005,0.2505765073976076,False,
LPAR1,0.75,0.125,-0.5828462531010634,-0.0493430644305463,False,
LPAR2,0.6000000000000001,-0.3333333333333332,-0.313711587470985,1.2449830257083851,False,
LPAR6,0.75,0.25,-0.809318898152539,-0.3750188030226418,False,
LPCAT1,-0.625,0.125,0.736796616726754,-0.1770606422743186,False,
LPCAT2,-0.25,0.125,0.2191739713983501,-0.4721845620671034,False,
LPCAT3,0.375,-0.125,-0.1956881342047633,0.1913983530426328,False,
LPCAT4,-0.625,-0.125,0.78728426664092,0.2097515169905905,False,
LPGAT1,-0.25,0.125,-0.5292091962097945,0.4479345665228711,False,
LPIN1,0.0,-0.25,-0.1524448312017656,0.0457676230833921,False,
LPIN2,0.625,-0.125,-1.0240548153129234,-0.2448053828611462,False,
LPIN3,0.75,0.0,-0.918253652232793,-0.0785154686219788,False,
LPP,0.125,0.125,-0.0901214315015901,-0.2640059798674801,False,
LPXN,-0.25,-0.125,0.322314466083547,-0.2921882149422861,False,
LRBA,-0.375,0.125,0.1187863775312,-0.4152746750658491,False,
LRCH1,0.0,-0.5,0.1124302990069182,-0.0394757001031309,False,
LRCH3,0.375,-0.25,-0.370366451112634,-0.1871391777952649,False,
LRFN1,-0.3333333333333332,-0.1999999999999999,0.382177537420643,1.121611173414486,False,
LRFN3,0.0,0.3333333333333332,0.1003318794365977,0.1974411725394691,False,
LRFN4,-0.1111111111111111,0.0,0.313299038303242,0.475565015381756,False,
LRGUK,-0.0666666666666666,-0.1999999999999999,-0.186260191098225,0.3114047212424553,False,
LRIF1,0.375,-0.5,-0.181063903289677,0.3123059125187555,False,
LRIG1,-0.125,0.25,0.0540474944177023,-0.2049444629869405,False,
LRIG2,-0.25,-0.125,-0.081409123995926,-0.0346728187508542,False,
LRIG3,0.625,-0.25,-1.124872818048545,0.053300349732051,False,
LRP1,0.625,0.375,-0.3598828199823149,-0.0337784039318211,False,
LRP10,0.2222222222222223,-0.3333333333333332,0.1030017707591456,0.2422905052834258,False,
LRP11,-0.4666666666666665,0.0666666666666666,-0.0188874958023335,0.0843741462465579,False,
LRP12,-0.25,-0.25,0.4330294348672405,0.3729220695045567,False,
LRP3,-0.25,0.25,0.1332628069648065,-0.0194432494520926,False,
LRP4,0.3333333333333332,0.0666666666666666,-0.372506350631333,-0.7100222712153643,False,
LRP5,-0.375,0.125,0.27896723230194,-0.2321248111435221,False,
LRP6,-0.2941176470588236,0.0588235294117647,0.580261241032923,0.1058140928792794,False,
LRP8,-0.625,0.125,0.7380799341985835,0.3425115640976779,False,
LRPAP1,-0.25,0.0,0.4043940018331819,0.3695158179207327,False,
LRPPRC,-0.5,0.125,0.4952606783831155,0.1478414412052342,False,
LRR1,-0.375,-0.125,0.5132414378697635,0.1261760229523165,False,
LRRC1,0.25,0.5,-0.2824559764409861,0.5565854283069882,False,
LRRC15,-0.25,0.25,0.5770940885907064,-0.1506320430634269,False,
LRRC17,-0.25,0.25,0.595674248093561,-0.2635523124023622,False,
LRRC2,-0.1999999999999999,-0.0666666666666666,0.517547229599778,-0.216702138464718,False,
LRRC20,-0.25,0.0,0.1312300704610008,0.1607357715558253,False,
LRRC23,0.0,0.25,-0.4593611018907675,-0.1183415997564298,False,
LRRC27,0.25,0.5,-0.1588295981969285,0.2635975480087889,False,
LRRC28,0.375,0.375,-0.6733099470196404,-0.9929132484409826,False,
LRRC3,0.375,0.125,-0.0974781742697765,0.438553364756267,False,
LRRC32,0.375,-0.125,0.1557836148901145,-0.5641119307448497,False,
LRRC34,0.375,-0.125,-0.384577782723381,0.1760402881031062,False,
LRRC37A3,0.5,0.125,-0.4788540137301765,0.4348826893697657,False,
LRRC37B,0.25,0.0,-0.3407174850781425,0.2626375601157198,False,
LRRC4,-0.1764705882352941,-0.2941176470588236,0.164199992087312,0.1975829452700859,False,
LRRC40,-0.1111111111111111,0.1111111111111111,0.233121769073755,-0.2815484200124245,False,
LRRC41,0.5,0.0,-0.260958321270343,-0.2295075349874928,False,
LRRC47,-0.375,0.0,0.385663885137316,0.1220884595959219,False,
LRRC49,0.0,-0.125,-0.3530369181042549,-1.0637611862785166,False,
LRRC4C,-0.3333333333333332,-0.1999999999999999,-0.249844511661976,-0.7303666334833163,False,
LRRC56,0.1999999999999999,0.1999999999999999,-0.117143140867269,1.0628362620461471,False,
LRRC57,0.7333333333333334,0.0666666666666666,-0.842207370205525,0.2922410225126211,False,
LRRC58,0.0,-0.1111111111111111,0.0139162286495792,0.2244859033795099,False,
LRRC59,-0.25,-0.125,0.513211530929517,0.311694913824839,False,
LRRC66,0.25,-0.125,-0.6519935734556479,0.4775669593448916,False,
LRRC69,0.1999999999999999,0.0666666666666666,-0.479661341741693,0.9482118914772076,False,
LRRC73,-0.4666666666666665,0.3333333333333332,0.41120716213823,-0.0852141968172905,False,
LRRC8A,0.125,-0.5,0.159106056934922,-1.0729521823332944,False,
LRRC8B,0.375,-0.5,-0.1615901879215415,0.5329665097381844,False,
LRRC8C,-0.0666666666666666,-0.1999999999999999,0.509009890902262,-0.053132120508494,False,
LRRC8D,-0.125,-0.25,-0.0281250744754426,0.2837072503321707,False,
LRRC8E,-0.25,-0.375,0.5394957824125055,0.3596729808907388,False,
LRRCC1,0.0,-0.125,-0.3930946841736255,0.0103768174188731,False,
LRRFIP1,0.375,-0.25,-0.0994438642639034,-0.1081425761914611,False,
LRRFIP2,0.0,-0.375,0.0884903515540003,-0.519715490076678,False,
LRRK1,0.25,0.0,-0.2850759524507953,-0.1727864034613749,False,
LRRK2,0.3333333333333332,0.0666666666666666,-0.48401033818897,-0.008390506113076,False,
LRRN3,0.375,0.5,0.0845642911802641,-0.308166217592382,False,
LRRN4CL,-0.25,0.625,0.4671837226916785,0.4091708962374676,False,
LRRTM2,-0.6470588235294117,0.6470588235294117,0.278073346137925,-0.2143988806427361,False,
LSAMP,-0.125,0.125,-0.0874798509062736,0.6653692124840799,False,
LSG1,-0.375,-0.25,-0.0808078175662521,-0.3325197944588405,False,
LSM1,0.25,0.0,-0.6339288551714635,0.2148755350370073,False,
LSM10,-0.2222222222222223,0.6666666666666667,0.1888914839067705,0.3540027908863377,False,
LSM11,0.3333333333333332,-0.2222222222222223,-0.1020017465984495,0.0373213687988651,False,
LSM12,-0.25,-0.25,0.503360951845133,-0.0439750328920456,False,
LSM14A,0.2222222222222223,-0.2222222222222223,-0.1360553261404015,0.1459228209429852,False,
LSM14B,-0.5,0.125,0.642453561663181,0.4573060030424458,False,
LSM2,-0.4666666666666665,-0.0666666666666666,0.226924969821715,-0.1497328191871552,False,
LSM4,-0.5,-0.25,0.7825035136549054,0.2304002104346239,False,
LSM5,0.375,-0.125,-0.0246128964268594,0.0491167820152953,False,
LSM6,-0.625,0.0,0.0578753592734552,0.172163360136188,False,
LSM7,-0.375,0.0,0.590478369036331,0.0579390173951355,False,
LSM8,0.5294117647058822,-0.0588235294117647,-0.368913482923753,-0.167680038751151,False,
LSMEM1,0.5,-0.125,-0.5877693691874405,-0.7742345776923933,False,
LSP1,0.25,0.125,-0.419565636596653,0.1054439835164147,False,
LSS,0.375,-0.25,-0.127843452529915,0.5076086898199925,False,
LTA4H,-0.375,0.25,0.4532627570847905,-0.5080290001344241,False,
LTB4R,0.5294117647058822,0.0588235294117647,-0.28029403625065,0.843071682010416,False,
LTBP1,0.375,0.0,-0.0558123126344695,-0.2969842197708199,False,
LTBP2,0.375,0.25,-0.553529731356385,0.0826141038452181,False,
LTBP3,-0.125,0.625,-0.2809454061436315,0.3482290010790687,False,
LTBP4,0.0,-0.25,0.150048591111503,0.2422064068078393,False,
LTBR,0.875,0.375,-0.4514563544644885,0.4341119627243799,True,1.0
LTC4S,-0.1999999999999999,0.1999999999999999,-0.0621211414986873,0.0533587943094691,False,
LTN1,0.375,-0.125,-0.44493208704597,-0.2382461458129885,False,
LTV1,-0.2222222222222223,0.0,0.0239324586307793,0.3037301191305515,False,
LUC7L,-0.125,0.0,-0.0056158385703431,0.4108523294630417,False,
LUC7L2,-0.375,0.0,0.1105428063222254,-0.1873550197343689,False,
LUC7L3,0.0,0.125,0.1470470477079995,0.4889043566536322,False,
LUM,0.3333333333333332,-0.1111111111111111,-0.5290473530942434,-0.1402352179521744,False,
LURAP1,-0.5294117647058822,-0.0588235294117647,0.302343823174354,0.4144795692699019,False,
LURAP1L,-0.1111111111111111,-0.1111111111111111,-0.0040848458784506,-0.3524861409600297,False,
LUZP1,0.125,-0.125,0.2962433802675,0.1623983682932857,False,
LXN,-0.1764705882352941,0.2941176470588236,0.320070634847458,0.3505091035357983,False,
LY6E,0.0,0.125,0.2490229863377085,0.7508857749854712,False,
LY6K,-0.0666666666666666,-0.8666666666666667,0.35749747550178,-0.9937937639578168,False,
LY96,-0.2222222222222223,0.1111111111111111,0.172483123421648,-0.5049442545034852,False,
LYAR,-0.375,-0.125,0.182856767077527,-0.1773634799135579,False,
LYL1,0.0666666666666666,-0.3333333333333332,-0.235702260395516,0.3742557918712339,False,
LYN,-0.3333333333333332,-0.2222222222222223,0.2520135263101555,0.1046856912888682,False,
LYPD1,-0.5,-0.25,0.8425853492539974,-0.1813010526373251,False,
LYPD3,0.411764705882353,-0.1764705882352941,-0.330478811807307,0.2542477557590463,False,
LYPD6,-0.125,0.0,0.4757078144701495,0.6647836215862815,False,
LYPLA1,0.125,-0.625,0.1581885049963255,0.1808367386058158,False,
LYPLA2,-0.75,0.25,0.6043343107425154,0.1059074723635991,False,
LYPLAL1,0.0,-0.125,-0.364080522139527,-0.1223432122675902,False,
LYRM1,0.625,0.125,-0.65293428165234,-0.2973401071188069,False,
LYRM2,0.25,0.0,-0.3045552747136155,0.2136699285699563,False,
LYRM4,-0.125,0.5,0.171076456922424,-0.1713096955000068,False,
LYRM7,-0.125,0.125,-0.0717300920238901,-0.3325214457013086,False,
LYRM9,0.4666666666666665,0.3333333333333332,-0.235699740518643,0.4857344836189272,False,
LYSMD1,0.5,0.0,-0.3698512472649929,-0.1700217555934302,False,
LYSMD2,0.25,-0.5,-0.1010730552412985,0.8106315850676038,False,
LYSMD3,-0.125,0.0,-0.0346163039471285,0.1879118208234285,False,
LYSMD4,0.375,-0.125,-0.730138039137434,0.3486466158267833,False,
LYST,0.0,0.25,-0.081263812405295,-0.0455273279674099,False,
LZIC,-0.25,-0.125,0.215981470611014,0.2589364560564595,False,
LZTFL1,0.0,0.25,-0.3743158271216544,-0.3697965391303732,False,
LZTR1,0.625,0.375,-0.24018403814493,0.3405728535882897,False,
LZTS1,-0.5,-0.25,0.4059054869145519,-0.288087719277633,False,
LZTS2,-0.5,0.0,0.0188723038124072,-0.0247766911662044,False,
LZTS3,0.125,-0.75,-0.441784174903111,0.2845303088262567,False,
M6PR,-0.2222222222222223,-0.4444444444444444,0.0667236230059115,-0.1166003818727619,False,
MACF1,-0.375,0.125,0.4262125526043095,-0.2156644489600281,False,
MACROD1,-0.25,0.0,-0.0826455363202197,0.4386288810348979,False,
MACROD2,0.1999999999999999,-0.3333333333333332,-0.4121032168872,-0.1357629205143435,False,
MAD2L1,-0.25,-0.375,0.3415407358357135,-0.1041453792585964,False,
MAD2L1BP,0.25,-0.25,-0.0182305086328576,-0.1686752862943343,False,
MAD2L2,-0.125,0.0,0.5427717277743155,0.1716872676821306,False,
MADD,0.125,-0.375,-0.2570030528085188,0.0703494863104126,False,
MAEA,-0.375,0.625,0.663117147184231,0.1501055375365787,False,
MAF,-0.1111111111111111,-0.1111111111111111,-0.3759350247967735,-0.2655939392544741,False,
MAF1,0.0,0.125,-0.040863492021095,-0.0670116832808704,False,
MAFB,0.2222222222222223,0.0,-0.437944104118166,0.6312898146698838,False,
MAFF,0.125,-0.25,0.0495717558221069,0.1402900135779061,False,
MAFG,0.0,-0.125,0.0771585760131395,0.416844185306223,False,
MAFK,0.125,0.0,-0.0253093931752909,0.0633171175144453,False,
MAGED1,-0.25,0.25,0.4663017723060765,-0.0273743208686676,False,
MAGED2,-0.125,0.125,-0.0545393081619103,-0.1253686875430908,False,
MAGEE1,-0.5294117647058822,-0.0588235294117647,0.528862319618807,0.357276120389006,False,
MAGEF1,-0.2222222222222223,0.2222222222222223,0.21012637081974,0.325386033659701,False,
MAGEH1,0.2222222222222223,0.3333333333333332,-0.144675676272269,-0.6766147374412521,False,
MAGI1,-0.25,0.625,0.5728440668766145,-0.1949866826135577,False,
MAGI2,0.625,0.125,-0.778566803535887,-0.1154046947287983,False,
MAGI3,0.25,-0.25,-0.6381158365671169,0.0785702259872027,False,
MAGIX,-0.125,0.375,0.196340362201532,0.108010666912556,False,
MAGOH,-0.5,-0.125,0.2877523189352869,0.0487424319270988,False,
MAGOHB,-0.375,0.25,0.2295230715520165,-0.0947788238985416,False,
MAGT1,-0.25,-0.25,-0.443596781765744,-0.4639004013574115,False,
MAK16,0.125,-0.125,0.0471275090383705,-0.1465988933085924,False,
MALL,-0.5,0.0,0.3694326108153904,0.1089846238761802,False,
MALSU1,-0.5555555555555556,0.4444444444444444,0.2895712015467975,-0.0200870961987873,False,
MALT1,0.0,0.125,0.240351499227797,-0.1858689122036407,False,
MAMDC2,0.125,0.5,-0.312030621175608,0.7169668623331003,False,
MAMDC4,0.3333333333333332,0.0666666666666666,-0.402458250736983,0.3143591440176565,False,
MAML1,0.1111111111111111,-0.2222222222222223,-0.2653567791637184,0.0198224298137414,False,
MAML2,0.25,-0.125,-0.311032807179014,-0.3243390728927693,False,
MAML3,0.375,0.25,-0.511429603005003,0.3460858179294841,False,
MAMLD1,-0.25,-0.25,0.7564860126556929,-0.1816819671140033,False,
MAMSTR,-0.4666666666666665,0.1999999999999999,0.291219433299446,0.1212772126442551,False,
MAN1A1,0.3333333333333332,-0.1111111111111111,-0.5336552605071985,0.3487547941710307,False,
MAN1A2,0.125,0.0,-0.1844014632057785,0.4084238977317636,False,
MAN1C1,0.125,0.625,-0.4395861919864455,0.2957055322534221,False,
MAN2A1,0.0,0.0,-0.0732504208568013,-0.031537374748578,False,
MAN2A2,-0.125,-0.375,0.159301134354211,0.4301098075849694,False,
MAN2B1,0.25,0.0,-0.259495648691626,0.3129468401040678,False,
MAN2B2,0.3333333333333332,0.2222222222222223,-0.0634355580576648,0.4267063060936527,False,
MAN2C1,0.25,-0.125,-0.4192847639973585,0.1995951086469114,False,
MANBA,0.25,0.25,-0.387755560936098,0.3749127352595498,False,
MANBAL,0.375,-0.125,-0.2235941583361865,-0.0730313033500409,False,
MANEAL,-0.125,0.0,0.159507527627482,1.017317003121242,False,
MANF,-0.375,0.125,0.2855058189187175,0.1379444284837223,False,
MANSC1,-0.1111111111111111,0.3333333333333332,0.0396713325852276,-0.0161710623919999,False,
MAOA,0.6000000000000001,-0.0666666666666666,-0.588511340210045,-0.0218883299071501,False,
MAP10,0.1764705882352941,0.2941176470588236,-0.486517240523667,0.8571345397435968,False,
MAP1A,-0.75,0.125,0.4979932071945385,0.1023345033550391,False,
MAP1B,-0.25,0.0,0.2061411842635286,0.2187467529835625,False,
MAP1LC3A,0.625,0.125,-0.321421923099162,0.7196099794118971,False,
MAP1LC3B,0.375,-0.125,-0.4787786776854205,0.4421285037376032,False,
MAP1LC3B2,0.411764705882353,-0.2941176470588236,0.0868607052308581,-0.6336274594937459,False,
MAP1LC3C,-0.375,0.25,0.3124205014116444,0.1521818033655719,False,
MAP1S,0.0,-0.375,0.2107897565615525,0.0735294467705816,False,
MAP2,0.75,0.0,-0.6863520603758131,0.2906991145961948,False,
MAP2K1,-0.25,-0.125,0.584044591525951,-0.0016715828866423,False,
MAP2K2,0.125,-0.125,0.079176938220101,0.6248423736687689,False,
MAP2K3,-0.25,0.0,0.775320331629302,0.0030096981169114,False,
MAP2K4,-0.125,-0.25,0.0337022225187959,-0.047547327203492,False,
MAP2K5,0.25,0.125,-0.3098201957930245,-0.0528515000200422,False,
MAP2K6,-0.25,0.5,0.0561224017986481,-0.4763862331939562,False,
MAP2K7,0.125,0.25,0.0371056033271033,0.1694721804507439,False,
MAP3K1,0.1111111111111111,-0.3333333333333332,-0.1188637386323555,-0.0081710921610318,False,
MAP3K10,0.1111111111111111,-0.3333333333333332,-0.2980605795449785,0.3323944680823971,False,
MAP3K11,-0.1111111111111111,-0.4444444444444444,0.1863317955864365,0.1608338341260897,False,
MAP3K12,0.0,0.375,-0.1759301112447718,0.1103281195295045,False,
MAP3K13,0.0,-0.125,0.0746525238361768,0.0360389384763069,False,
MAP3K14,-0.5,0.125,0.2979778300276214,0.1527148628884678,False,
MAP3K2,0.375,0.25,-0.8373183908453035,0.7027881274427674,False,
MAP3K3,0.3333333333333332,0.2222222222222223,-0.1501994734005735,0.0688026052925026,False,
MAP3K4,0.0,0.0,0.1169873788401042,-0.2755033694866866,False,
MAP3K5,0.625,-0.25,-0.5814339878254565,0.3872160158458664,False,
MAP3K6,0.375,0.375,-0.1676907060976015,0.213744053100092,False,
MAP3K7,0.25,-0.375,-0.1272894918718579,-0.6948123779137796,False,
MAP3K7CL,-0.25,-0.125,-0.0678923676268456,-0.5186188936089171,False,
MAP3K8,0.625,-0.25,-0.661164751166898,0.8652763527252558,False,
MAP3K9,-0.4666666666666665,-0.4666666666666665,-0.160445807569114,-1.3876691019535146,False,
MAP4,0.0,-0.125,-0.1960506811247685,-0.1864934201296257,False,
MAP4K2,-0.875,0.25,0.5375807585213614,0.4664854045345894,True,-1.0
MAP4K3,0.5,-0.375,-0.83021892312407,-0.4853866376722919,False,
MAP4K4,-0.25,0.125,0.1131869515307191,-0.090884207507504,False,
MAP4K5,-0.125,0.0,-0.3510090533676955,-0.2059762283633066,False,
MAP6,0.6000000000000001,-0.0666666666666666,-0.825708157659496,1.2058655585920817,False,
MAP6D1,-0.0666666666666666,-0.1999999999999999,0.427358638140384,0.2054761821721999,False,
MAP7,-0.1999999999999999,0.1999999999999999,0.122562501424105,-0.1598094602753275,False,
MAP7D1,-0.25,0.0,0.569122574113116,-0.0434542069159875,False,
MAP7D3,-0.125,-0.5,0.209630261548822,-0.1796090982427036,False,
MAP9,0.375,-0.125,-0.7764635382112225,-0.1019634853658848,False,
MAPK1,0.375,-0.375,0.043044265266658,0.112974523274288,False,
MAPK10,0.0666666666666666,0.4666666666666665,0.106380337533355,-0.4504829186374808,False,
MAPK11,0.375,0.125,-0.0797305689299676,0.7000813661531102,False,
MAPK12,-0.125,0.125,0.265936725958143,1.199166807372266,False,
MAPK13,-0.25,0.0,0.1182890896541992,-0.8764664045623418,False,
MAPK14,0.5,-0.5,-0.731102463358876,-0.2193550111961615,False,
MAPK1IP1L,-0.125,0.125,0.335184890504059,0.2531497296103846,False,
MAPK3,-0.375,0.25,0.5550494927689065,-0.3651910418649371,False,
MAPK6,-0.25,0.0,-0.0508049983638385,-0.940002548769655,False,
MAPK8,-0.125,-0.125,-0.0028996535488957,-0.1432970769134125,False,
MAPK8IP1,-0.5,-0.125,0.9962460498430156,0.315002997997746,False,
MAPK8IP2,0.6000000000000001,-0.3333333333333332,0.0314498508914973,1.1638585351003825,False,
MAPK8IP3,0.375,-0.125,-0.3428671514081525,-0.0141107072582249,False,
MAPK9,0.0,0.0,-0.0852298942330438,0.280243463499997,False,
MAPKAP1,0.0,-0.125,0.0472751820018398,-0.5264977873600274,False,
MAPKAPK2,0.125,-0.125,-0.1487940188143879,0.3105868667705711,False,
MAPKAPK3,-0.375,0.0,0.5218801766747445,-0.1724945421484895,False,
MAPKAPK5,-0.375,-0.125,-0.091438003933719,0.2221558276688325,False,
MAPKBP1,0.375,0.0,-0.0598716114214954,0.2122997801652739,False,
MAPRE1,-0.2222222222222223,-0.3333333333333332,0.4585642145104085,0.219162034041731,False,
MAPRE2,-0.625,0.0,0.5560983007164766,-0.3771284257381544,False,
MAPRE3,-0.25,-0.125,0.20096708285309,-0.228804130920869,False,
MARCKS,0.0,-0.3333333333333332,-0.1026612958407584,0.3212489768668178,False,
MARCKSL1,-0.1111111111111111,-0.3333333333333332,0.4579503276465479,0.4354775769585026,False,
MARK2,-0.125,-0.125,0.3286379118217985,-0.1205787604267953,False,
MARK3,0.0,-0.375,0.2140758074232825,0.1648255680619619,False,
MARK4,0.125,0.0,-0.2169292495064,0.3045853843250883,False,
MARS2,-0.1111111111111111,-0.2222222222222223,0.2849252216346695,0.0263692087787035,False,
MARVELD1,-0.125,0.375,-0.2546596647800825,0.352878628186632,False,
MARVELD2,-0.0666666666666666,-0.1999999999999999,0.079686084100124,0.2087710813127177,False,
MASP1,0.0666666666666666,-0.0666666666666666,-0.260315347633043,-0.578606698135165,False,
MAST1,-0.3333333333333332,0.0666666666666666,0.394858131155067,0.3961924249513093,False,
MAST2,0.5,-0.25,-0.2491368969056845,-0.1043450120073807,False,
MAST3,0.25,0.375,-0.194726497107862,0.4098462642181626,False,
MAST4,0.0,-0.125,0.0823497835329389,-0.2401016695174904,False,
MASTL,-0.25,-0.125,0.4708271549694605,-0.1589812979843585,False,
MAT2A,0.125,-0.25,-0.099488569638599,-0.160945471413914,False,
MAT2B,0.25,-0.125,-0.1480178503544268,0.1883791871883793,False,
MATN2,-0.5,0.0,0.533442283597106,-0.8427439457881101,False,
MATN3,0.875,0.25,-0.9635547453384784,0.4040347721092325,False,
MATR3,-0.411764705882353,0.411764705882353,0.200664276768136,-0.3315951696804022,False,
MAU2,0.375,-0.125,-0.585222198095921,0.069691261608368,False,
MAVS,0.0,-0.125,-0.6227295991985985,0.4284483447833229,False,
MAX,0.875,-0.125,-0.5488291680152095,-0.077870818344484,False,
MAZ,-0.125,0.375,0.0413694017940346,0.2153866410729024,False,
MB21D2,0.4444444444444444,-0.7777777777777777,0.0342069720047075,0.3320095619123959,False,
MBD1,0.0,-0.25,0.0267120457906065,0.1602986821621614,False,
MBD2,0.0,-0.25,-0.32574148675737,0.1380621841898812,False,
MBD3,0.0,0.125,0.0715079773349289,0.5247916407811011,False,
MBD4,0.5,0.25,-0.384340769584153,0.1478621483407223,False,
MBD5,-0.25,0.125,-0.3196269579147105,-0.5352341243007079,False,
MBD6,0.25,-0.25,-0.2953363272180385,0.180099876504119,False,
MBIP,0.375,0.0,-0.143319418479155,-0.4659526384922083,False,
MBLAC1,0.1764705882352941,0.1764705882352941,0.277361962879476,0.2618189458153814,False,
MBLAC2,0.125,-0.125,-0.1202816098765577,0.0631322591699588,False,
MBNL1,-0.125,0.375,-0.1091127260313835,-0.633279738258298,False,
MBNL2,0.375,-0.25,-0.441651616553259,-0.2399217571136018,False,
MBNL3,-0.25,0.125,0.3175146137034645,-0.0482038451036588,False,
MBOAT1,-0.375,0.0,0.1626944909225547,0.3026192986990952,False,
MBOAT2,-0.25,0.5,-0.093151303822917,0.5384907026938297,False,
MBOAT7,-0.125,-0.25,0.609206045060003,0.363173532919151,False,
MBP,-0.0666666666666666,-0.1999999999999999,-0.0509421529579164,-0.53749340965796,False,
MBTD1,0.375,0.125,-0.7724791422790005,-0.1392291836440233,False,
MBTPS1,0.25,0.25,-0.371829066256754,0.3830337911333004,False,
MBTPS2,0.375,-0.25,-0.1399013081157031,-0.1593922027768826,False,
MC1R,-0.2941176470588236,0.6470588235294117,0.212928935591356,0.4892886391276962,False,
MCAM,0.125,-0.125,-0.530225674670168,0.1531237362625366,False,
MCAT,-0.25,0.25,0.5649837594817175,1.0233741116657125,False,
MCC,0.75,0.0,-0.5790570822576505,-0.3637039900298466,False,
MCCC1,0.625,-0.125,-0.528402865450445,0.0745141555699095,False,
MCCC2,-0.125,0.25,0.6101851253098629,0.0014179644411345,False,
MCEE,0.125,0.375,-0.42500158407774,0.2832630590885494,False,
MCF2,-0.0666666666666666,0.1999999999999999,-0.0731368739584388,-0.2901081826173113,False,
MCF2L2,0.3333333333333332,-0.3333333333333332,-0.514556199139007,0.5886652341937153,False,
MCFD2,0.125,0.25,0.0933171713705794,-0.1904866195832451,False,
MCHR1,-0.125,0.375,0.757573923973779,-0.3955262052682735,False,
MCL1,0.625,-0.5,-0.828381406319089,-0.1221961586758304,False,
MCM10,-0.375,0.0,0.5654937144648859,0.0422820749053487,False,
MCM2,-0.25,-0.25,0.3667232736586735,0.1215598499175953,False,
MCM3,-0.25,0.125,0.49638078302444,-0.3172738852918426,False,
MCM3AP,-0.375,0.0,0.597177410960972,0.1394506604202194,False,
MCM4,-0.25,0.0,0.6670483658625765,0.0729558560260597,False,
MCM5,-0.25,0.0,0.499751969778206,0.1982098307212187,False,
MCM6,-0.4444444444444444,0.3333333333333332,0.435572733347293,0.02043806874733,False,
MCM7,-0.375,0.0,0.3479885629795222,0.2860815174089066,False,
MCM8,-0.375,-0.125,0.453668884488164,-0.0931483430001047,False,
MCM9,0.125,-0.375,-0.796422424668903,0.2160126452678223,False,
MCMBP,0.125,-0.25,-0.5614579461632005,0.1382711762061208,False,
MCOLN1,0.5,0.125,-0.0517709777354399,0.2046066267852815,False,
MCOLN3,-0.125,0.25,0.099401595002306,0.3280413973452687,False,
MCPH1,0.25,-0.125,-0.1100257887842314,-1.07786889546626,False,
MCRS1,-0.25,0.25,0.5615899052575946,-0.1226082847046551,False,
MCTP1,0.5,-0.125,-0.418937572636087,-0.3744206119040731,False,
MCTP2,-0.1999999999999999,0.4666666666666665,-0.394228283522927,-0.0418135696264214,False,
MCTS1,-0.5555555555555556,0.1111111111111111,0.269120200314621,-0.6860501137914796,False,
MCU,0.125,-0.25,-0.21299062598499,0.0311544243883901,False,
MCUR1,0.625,-0.375,-0.310489088729919,0.24905193114762,False,
MDC1,-0.3333333333333332,-0.3333333333333332,0.325658040388212,-0.2716248699631087,False,
MDFIC,0.25,0.125,-0.3512512627517095,-0.0448282191276616,False,
MDGA1,0.25,0.5,-0.3751881746255585,0.798523393949125,False,
MDH1B,-0.4666666666666665,0.4666666666666665,0.177614654033212,-0.0838095000108114,False,
MDH2,-0.5,0.375,0.6496765566106445,1.2546688831789323,False,
MDK,-0.625,-0.125,0.0514754402550848,0.821434937699138,False,
MDM1,0.0,-0.25,-0.2417164861342,-0.2101133503799146,False,
MDM2,0.375,0.0,-0.2588808072830495,-0.01193673298099,False,
MDM4,0.375,-0.375,-0.405398585940517,-0.1020958206475941,False,
MDN1,-0.125,0.0,-0.1922380606828841,-0.0191636391573357,False,
ME1,0.0,0.0,-0.0486286561261111,0.2138193727287862,False,
ME2,-0.25,-0.375,0.1957727027279259,0.4399279239005222,False,
ME3,0.0,0.0,-0.652321840640611,0.1964790979962754,False,
MEA1,-0.4444444444444444,0.4444444444444444,0.3927623233607075,-0.0085052184302498,False,
MEAF6,0.25,0.0,0.0244274147898029,0.2070364235758033,False,
MECOM,0.5,0.125,-0.3514774212433255,0.1539269439886554,False,
MECP2,0.5,-0.125,-0.545573774475824,-0.0333735753469319,False,
MECR,-0.25,0.375,0.283811703614205,-0.2297222810440935,False,
MED1,-0.125,-0.5,-0.273712995798916,-0.4197813451352032,False,
MED10,0.3333333333333332,0.0,-0.1383725741078955,-0.1814395906169474,False,
MED11,0.25,0.375,-0.3938108439657165,-0.2912294896639604,False,
MED12,0.375,-0.125,-0.4071426733534875,0.0716483944104331,False,
MED12L,-0.0666666666666666,-0.0666666666666666,-0.28848615860471,0.0227301233651613,False,
MED13,0.375,-0.375,-0.5339015527727455,0.2800856934298066,False,
MED13L,0.3333333333333332,-0.2222222222222223,-0.3649619154716215,-0.353173998109721,False,
MED14,0.125,-0.375,0.2276272618831135,0.5202994087402408,False,
MED15,0.0,-0.25,0.1779252102109917,0.0520633822932143,False,
MED16,-0.375,0.125,0.3157922949478839,0.114326679242243,False,
MED17,-0.125,-0.125,-0.0341450992216372,0.0970611247036932,False,
MED18,0.5,0.0,-0.4384587733832354,-0.1351952792611421,False,
MED19,0.125,0.0,-0.0490469117052909,0.4172044668169572,False,
MED20,-0.75,0.625,0.4256390614235085,-0.3103556856670471,False,
MED21,0.5555555555555556,0.1111111111111111,-0.54316786049982,-0.1605222107725996,False,
MED22,-0.1764705882352941,-0.2941176470588236,0.344158345521851,-0.0500573989930219,False,
MED23,-0.25,0.125,-0.1228507324803735,0.0266907526128576,False,
MED24,-0.25,0.125,0.2951968257963505,-0.1496928622081803,False,
MED25,-0.375,0.0,0.392841650944002,0.6420581650634732,False,
MED26,-0.1999999999999999,0.0666666666666666,0.396383578217648,0.016815658698333,False,
MED27,-0.5,0.625,0.444742833689248,-0.2396022539887727,False,
MED28,0.5,-0.125,-0.3686014906066185,-0.591990088391463,False,
MED30,0.2222222222222223,0.1111111111111111,-0.320596847545611,0.0777410944741947,False,
MED4,0.375,-0.125,-0.448292605013276,0.1354374981028261,False,
MED6,0.25,0.0,-0.2494262202002287,0.0677597523740696,False,
MED7,-0.1111111111111111,0.1111111111111111,-0.0325344610406646,-0.1230756916432453,False,
MED8,-0.25,0.0,0.507747687810472,0.1864123598888085,False,
MED9,-0.1111111111111111,0.1111111111111111,-0.0803246226063937,0.2902979737619908,False,
MEDAG,0.25,0.0,-0.333493146488559,-0.3919809151939497,False,
MEF2A,0.5,-0.375,-0.669193712932939,-0.0972795270678394,False,
MEF2C,-0.5,0.125,0.513418834794741,-0.5611795656112109,False,
MEF2D,0.25,0.0,-0.29653820159498,0.0835583004051634,False,
MEGF6,0.0,0.125,0.39545851985937,0.4542800757579803,False,
MEGF8,0.375,0.375,-0.319167242568767,-0.0320034617590083,False,
MEGF9,0.1111111111111111,0.0,-0.3897840091134275,0.1898807479272086,False,
MEIS1,0.25,0.125,-0.4319677270906945,-0.1072290763132142,False,
MEIS2,0.0,0.0,0.1815534392049775,0.3312243146821374,False,
MELK,-0.4444444444444444,0.0,0.6559150166697001,0.8041592010993845,False,
MEMO1,-0.4666666666666665,-0.0666666666666666,0.442057015144456,0.2678057002426817,False,
MEN1,-0.125,-0.125,0.0848526107094995,0.0989138302222372,False,
MEOX2,-0.0666666666666666,0.3333333333333332,0.631253438961531,0.7467908171935989,False,
MEPCE,0.0,0.125,0.274049090980302,0.011930172480346,False,
MERTK,-0.1999999999999999,-0.0666666666666666,-0.143454831706152,0.3845108514730617,False,
MESP1,0.0666666666666666,-0.0666666666666666,-0.169381462360746,0.2109911071139811,False,
MEST,-0.375,-0.5,0.300278870099308,0.1191375713171521,False,
MET,0.0,-0.5,0.2537488378081065,-0.2606276624658381,False,
METAP1,-0.625,0.25,0.7365583963746876,0.2652219250569594,False,
METAP1D,0.0,-0.25,-0.299378929267751,-0.8104560434347792,False,
METAP2,-0.375,0.25,0.3998132635019775,0.3438938658166761,False,
METRN,0.1111111111111111,0.1111111111111111,0.0783919183346585,0.6654837380971086,False,
METRNL,0.5,-0.25,-0.292791332375938,-0.3026275155646476,False,
METTL1,-0.5,0.0,0.6732108200353666,-0.3785755244607678,False,
METTL14,0.375,-0.125,-0.188504652465228,0.1147489232618022,False,
METTL15,0.0,-0.25,-0.1688842950949414,0.0583366402054856,False,
METTL16,-0.125,0.125,0.2084882527627295,-0.4837246907392898,False,
METTL17,-0.375,0.125,-0.0013275427157304,-0.3199563229787863,False,
METTL18,-0.25,0.0,-0.2924762370919521,-0.0073917872379234,False,
METTL21A,-0.25,-0.25,0.5400585517593295,0.2810464544543603,False,
METTL22,-0.125,0.125,0.256973272305622,-0.0967180050323397,False,
METTL23,0.375,0.125,-0.537711447987846,0.1978650480339037,False,
METTL25,0.2222222222222223,0.4444444444444444,-0.4129943099121705,-0.2071941574857296,False,
METTL2A,-0.125,0.125,0.0153467279788964,-0.3918349261726874,False,
METTL2B,-0.375,0.125,0.2958145177534025,0.0997190795152356,False,
METTL3,-0.25,-0.125,0.253204733385437,-0.1777681765843248,False,
METTL4,-0.125,-0.125,-0.1036245448731228,-0.1021836732134056,False,
METTL5,0.25,0.0,-0.2781560519036199,-0.3946081945583244,False,
METTL6,0.0,-0.125,-0.296320408846606,-0.7091612044589906,False,
METTL8,0.25,-0.125,-0.0886532325982124,0.3002932699217893,False,
METTL9,0.3333333333333332,-0.1111111111111111,-0.172222481047763,0.1340610289758657,False,
MEX3B,0.0,-0.3333333333333332,-0.0870747673285997,0.4150090754979185,False,
MEX3C,-0.125,0.0,0.178302911178334,0.0749024752366138,False,
MEX3D,-0.125,-0.25,0.556792715567252,0.4180373239703612,False,
MFAP1,0.0,-0.2222222222222223,0.393022004255127,0.1584380010206334,False,
MFAP2,0.125,0.125,-0.4578716245322884,-0.652420228458426,False,
MFAP3L,0.375,-0.25,-0.0176742731771245,0.3202597578661814,False,
MFAP4,0.875,0.25,-0.7004079448020415,0.3162848946821486,False,
MFAP5,0.0,0.125,0.122322854248266,-1.0555603643672922,False,
MFF,0.125,0.0,-0.1675496032481594,0.0818710583084834,False,
MFGE8,0.125,0.125,-0.227401871122906,0.487332577851427,False,
MFHAS1,-0.2941176470588236,-0.0588235294117647,0.120978508317304,0.4715973905701796,False,
MFN1,-0.125,0.0,0.0674906532000939,-0.1507366935449425,False,
MFN2,-0.25,0.0,0.0307418451561954,0.1462402912819915,False,
MFSD1,0.125,0.125,-0.33642344798524,-0.2708243310098668,False,
MFSD10,0.0,-0.125,0.5580630226206524,0.746826354066018,False,
MFSD11,0.125,0.75,-0.426352148781514,-0.2385469753572588,False,
MFSD12,0.0,0.0,0.0970265014092781,0.2262653353391637,False,
MFSD2A,0.125,-0.25,-0.0821348339595957,0.0971119463931544,False,
MFSD3,-0.4444444444444444,0.2222222222222223,0.7529399807553265,0.6740029893335138,False,
MFSD4B,0.0666666666666666,0.0666666666666666,0.036588755504913,-0.2640892547611972,False,
MFSD5,0.0,0.3333333333333332,0.1921679228943795,0.4161165552714143,False,
MFSD6,-0.125,0.125,-0.0211777549157848,-0.2076110238937671,False,
MFSD8,0.25,0.0,-0.301708506938719,-0.0171049786727603,False,
MFSD9,0.125,-0.25,-0.3328616635428695,-0.1446846398040753,False,
MGA,0.375,-0.375,-0.6390901199837804,0.5213944442680543,False,
MGAM,-0.0588235294117647,0.0588235294117647,0.200274498160755,-0.2761144913172026,False,
MGARP,-0.2941176470588236,-0.1764705882352941,0.409396387650726,-0.0183142048447808,False,
MGAT1,0.125,0.0,-0.445135704583416,-0.0622901791394325,False,
MGAT2,-0.4444444444444444,0.0,0.2036417496815505,0.1612187433897549,False,
MGAT3,0.0666666666666666,-0.0666666666666666,0.0888646849028972,0.1739428974432051,False,
MGAT4B,-0.1111111111111111,0.0,0.2579169434184125,0.6088941345834424,False,
MGAT5,-0.1111111111111111,0.1111111111111111,0.293373396537297,-0.1173288854563314,False,
MGAT5B,-0.7333333333333334,0.3333333333333332,0.376106009966359,-0.0130878604767263,False,
MGLL,0.375,0.0,-0.380111191171499,-0.0131039759731921,False,
MGME1,0.125,0.0,-0.2004147407072045,-0.6670479830399113,False,
MGMT,-0.125,0.25,0.0746039154180747,0.2732864527354051,False,
MGRN1,0.0,-0.125,0.0251232738114886,0.2211799900758961,False,
MGST1,0.375,0.125,-0.2848503662092918,-0.1523119124348841,False,
MGST2,0.3333333333333332,0.6666666666666667,-0.160635320065957,0.3819594337236556,False,
MGST3,0.125,0.125,-0.1238585511447765,0.07831911376479,False,
MIA2,-0.0666666666666666,0.1999999999999999,-0.413222066760403,-0.3316516435274876,False,
MIA3,0.125,-0.25,-0.3310583089661389,0.0302949194393198,False,
MIB1,-0.125,0.0,0.114926012914732,0.0098629469665505,False,
MIB2,0.0,0.25,-0.238292760599958,0.4542893655435782,False,
MICA,-0.25,-0.25,0.0847235448201768,-0.1669042498127302,False,
MICAL1,0.125,-0.125,-0.106658655884324,0.8099145388703546,False,
MICAL2,-0.25,-0.375,0.2042109252014139,-0.1424188051526331,False,
MICAL3,-0.3333333333333332,-0.3333333333333332,0.5425748696416025,0.0449937018733974,False,
MICALL1,-0.125,0.0,0.0490187573861869,-0.0320932114730809,False,
MICALL2,-0.125,0.125,-0.0637655522313901,0.3331267582350303,False,
MICB,0.0666666666666666,-0.3333333333333332,0.199725462709663,-0.1118486690880056,False,
MICU1,0.0,0.0,-0.0550621504902021,0.1455985741800338,False,
MICU2,0.625,-0.125,-0.0929348183091924,0.2300088525755752,False,
MICU3,-0.125,-0.25,-0.1452455304591821,0.4607342852154268,False,
MID1,0.0,-0.5,0.497039381020285,-0.4749839335908041,False,
MID1IP1,0.5,-0.625,-0.1853706526117597,-0.3316540855151659,False,
MID2,0.875,-0.25,-0.8508243765567616,0.202732296237333,True,1.0
MIDN,0.25,-0.25,0.121109009862648,0.5568156486712574,False,
MIEF1,0.125,-0.125,-0.0295423899271974,-0.0115645003619264,False,
MIEF2,-0.5,-0.125,0.3794549265081129,0.1260889963266329,False,
MIEN1,-0.25,0.125,0.4752575940197625,0.7764539353339326,False,
MIER1,0.5,0.125,-0.5064219482053425,0.1484660379868647,False,
MIER2,-0.25,-0.125,0.2961724598469845,0.1840747554830231,False,
MIER3,0.25,-0.25,-0.0830667002786153,-0.0081091116415921,False,
MIF,-0.25,0.125,0.328093802202552,0.4273992227873315,False,
MIF4GD,0.125,0.125,-0.1470209051262794,0.517083071016923,False,
MIIP,-0.375,0.25,0.5355552448075189,0.2010650979815786,False,
MILR1,0.2222222222222223,0.2222222222222223,-0.3908448203976495,-0.1269298326366505,False,
MINK1,-0.625,-0.125,0.646571448480878,0.2691359341493446,False,
MINPP1,-0.25,0.125,0.404575941057878,0.0231336878770731,False,
MIOS,0.375,0.25,-0.4497831238728285,0.4841393106118037,False,
MIPEP,-0.125,0.0,0.3539139627743259,-0.0582729938500503,False,
MIPOL1,0.25,-0.125,-0.375685444958488,0.3124391617614979,False,
MIS18A,-0.2222222222222223,-0.3333333333333332,0.465934791111566,-0.0041460829447745,False,
MIS18BP1,0.125,-0.125,-0.371446597930271,0.0854678779547626,False,
MISP,-0.0666666666666666,0.3333333333333332,-0.17712694174127,-0.219051179384524,False,
MITD1,0.375,0.0,-0.2640389056918215,-0.3003412594178143,False,
MITF,-0.3333333333333332,0.1999999999999999,0.577425570165553,-0.1329989376142437,False,
MKI67,-0.25,-0.25,0.6298743058344215,-0.2555888730552471,False,
MKKS,0.125,0.25,-0.3611012125930145,-0.0520147496190168,False,
MKLN1,0.375,-0.25,-0.4077157680187995,0.0182128480253069,False,
MKNK1,0.375,0.0,-0.0590293684100332,0.1562051640760158,False,
MKNK2,0.25,-0.375,-0.279086986114013,0.7074470956476087,False,
MKRN1,0.0,0.125,-0.2594845177692015,0.0378604553058239,False,
MKRN2,0.125,-0.125,-0.4634398852925615,-0.0688826095229622,False,
MKS1,-0.375,0.125,-0.0789356687655293,0.1687912797648505,False,
MLEC,-0.6666666666666667,0.3333333333333332,0.489849687907792,0.2317211542098136,False,
MLF2,-0.375,0.125,0.7343779913343185,0.1337865049460438,False,
MLH1,-0.25,-0.25,-0.0273182534212816,-0.5708790931886942,False,
MLH3,0.375,-0.125,-0.419618197517135,-0.8520891629012222,False,
MLKL,0.0,-0.625,-0.1529028725914915,0.2688994839937066,False,
MLLT1,0.1111111111111111,0.4444444444444444,-0.351474972650886,0.8839251832865922,False,
MLLT10,0.375,-0.625,-0.734676196227446,0.2036820041006954,False,
MLLT11,-0.4444444444444444,-0.1111111111111111,0.6371754895488865,-0.6320994303591028,False,
MLLT3,0.375,0.375,-0.308955128623034,-0.1338541830888679,False,
MLLT6,0.4444444444444444,-0.3333333333333332,-0.4642213203872795,0.8125047445103732,False,
MLPH,-0.125,-0.375,-0.228333697531734,-0.3347284556382628,False,
MLST8,-0.25,0.625,0.0777577030741023,0.1792427954945179,False,
MLX,0.125,0.125,-0.3098115127543795,0.4999031201665767,False,
MLXIP,0.375,-0.25,-0.7798540330260845,0.1232134751176783,False,
MLYCD,0.5555555555555556,-0.1111111111111111,-0.3710763962693825,0.5993724593839265,False,
MMAA,0.625,0.25,-0.3208332172815225,0.1161234214383708,False,
MMAB,-0.125,0.0,0.1871794260161203,-0.2818138498886675,False,
MMD,0.5555555555555556,-0.1111111111111111,-0.4550092429496825,0.2330769445533298,False,
MME,0.5,-0.125,-0.3394260107348379,0.1645791673187893,False,
MMP1,-0.1764705882352941,-0.2941176470588236,0.652299694165615,-0.8728593951273561,False,
MMP11,0.3333333333333332,0.1999999999999999,-0.607924070357912,0.0422962473184402,False,
MMP14,-0.25,0.125,0.1890799153264244,0.0595242750221305,False,
MMP15,0.1111111111111111,0.0,0.011914652758495,0.4637047391216418,False,
MMP16,-0.75,0.875,0.9130363977801426,-0.0805859296217601,False,
MMP17,-0.3333333333333332,0.0,0.2350096502978539,0.3209875108234139,False,
MMP19,0.875,0.125,-0.741798342922366,0.0607478917812698,True,1.0
MMP2,0.0,0.25,-0.0115644460101942,-0.0432649790732617,False,
MMP24,-0.1999999999999999,0.0666666666666666,0.674546694371229,0.8586692165685299,False,
MMP28,0.4666666666666665,0.1999999999999999,-0.451787428815492,-0.1545703421403015,False,
MMP7,1.0,0.1764705882352941,-1.02632911713057,-0.0199343982799057,True,1.0
MMRN2,-0.1999999999999999,0.0666666666666666,0.177783670294667,-0.0571455908625024,False,
MMS19,-0.25,0.625,0.627391320667201,0.0928623652618561,False,
MMS22L,-0.125,-0.375,0.048355092465297,-0.0605526513680803,False,
MN1,-0.2222222222222223,-0.2222222222222223,0.2267525496024744,0.5981193434608136,False,
MNAT1,-0.25,-0.125,-0.0366736420095448,-0.2584698093428668,False,
MND1,-0.1764705882352941,-0.0588235294117647,0.0589347864713838,-0.1027959473713646,False,
MNS1,-0.2222222222222223,0.5555555555555556,0.525350302357628,-0.240552736472698,False,
MNT,0.75,-0.375,-0.686206297533394,0.4160929801624284,False,
MOAP1,0.3333333333333332,0.0,-0.1757574142748735,0.8450987747033623,False,
MOB1A,0.375,0.0,-0.3285220856737095,0.1080685173575157,False,
MOB1B,0.0,0.1111111111111111,-0.0537111043922129,-0.2008475159224962,False,
MOB2,0.625,0.25,-0.218766607278354,-0.2548454594393834,False,
MOB3A,0.375,-0.25,0.284067331521409,-0.0062027297498739,False,
MOB3C,0.6000000000000001,-0.0666666666666666,-0.377325635884001,0.3913028053016658,False,
MOB4,0.1999999999999999,0.0666666666666666,0.103528215275119,0.0501470502366778,False,
MOCOS,0.0,0.0,-0.2301493798658625,0.0714922877619012,False,
MOCS1,0.25,0.5,-0.4499251291794495,0.0633366063665139,False,
MOCS2,-0.25,0.125,0.233294918136223,-0.0741680758794052,False,
MOCS3,-0.1111111111111111,0.0,0.155193827471685,0.5562494832760059,False,
MOGS,-0.25,0.375,0.3112322417031435,0.4897876119664017,False,
MOK,-0.25,-0.25,0.7076533773599565,0.0123140784981803,False,
MON1A,0.0,0.25,-0.142546516816223,0.1595122282203758,False,
MON1B,0.125,0.25,-0.0630181189793822,-0.225609242530457,False,
MON2,0.125,0.125,-0.17930860860481,0.2964552824207778,False,
MORC2,0.0,0.125,-0.2324550696049435,-0.466262698059771,False,
MORC3,0.375,-0.25,-0.6736832573045886,0.0197895973556603,False,
MORC4,-0.125,0.25,0.0113482451563159,-0.2773039981366112,False,
MORF4L1,-0.125,0.125,-0.2307304867777045,0.1029252030848204,False,
MORF4L2,0.25,-0.125,-0.351606004027434,-0.6524380539262848,False,
MORN1,-0.625,-0.125,0.1230014579321804,0.0150195762068254,False,
MORN3,-0.1999999999999999,-0.0666666666666666,0.0509633486963223,0.4118889548193288,False,
MORN4,0.125,0.375,-0.278320580923962,-0.4484281104019656,False,
MOSPD1,-0.125,0.0,0.1176207601984938,-0.3616829217902566,False,
MOSPD3,-0.375,0.375,0.501711900939295,0.0312555457561027,False,
MOV10,-0.375,0.125,0.2801899963405645,-0.344505012687363,False,
MOXD1,0.125,-0.25,-0.3139601872698095,-0.0794291830526543,False,
MPC1,0.625,0.125,-0.6334924973485785,0.2273228073072184,False,
MPC2,-0.125,0.125,-0.261382943904804,0.0312618183137054,False,
MPDU1,0.0,0.5,0.2545076973827135,-0.2130958708692167,False,
MPDZ,0.125,0.25,-0.1684935845406467,-0.0114864710481557,False,
MPG,0.125,0.625,0.2667903019622585,0.1165079003493492,False,
MPHOSPH10,-0.125,0.25,-0.0401216282433476,0.3890819630753395,False,
MPHOSPH6,-0.125,-0.25,0.3027174209440395,0.268588377651044,False,
MPHOSPH8,0.25,0.0,-0.324326248442997,0.2872967761816944,False,
MPHOSPH9,-0.375,-0.125,0.1904801325066309,-0.2165222263049564,False,
MPI,-0.25,0.125,0.3394087126022055,0.097998297078881,False,
MPLKIP,0.7777777777777777,0.0,-0.7540704859284391,-0.1821939657990676,False,
MPND,-0.625,0.625,0.48603727441426,0.6239389787146274,False,
MPP1,-0.5,-0.125,0.456690206755311,-0.4598031075346882,False,
MPP2,-0.3333333333333332,0.1999999999999999,0.713614321319737,0.0350283725103195,False,
MPP3,0.0,-0.125,-0.351513080128175,0.3152965596322277,False,
MPP4,-0.375,0.0,0.4103902945411625,-1.1708811060370443,False,
MPP7,0.375,0.125,-0.410879940670357,-0.7620796210793235,False,
MPPE1,0.375,0.5,-0.887328879069493,0.4323086126605895,False,
MPRIP,-0.375,-0.125,0.5331350619259081,-0.1959780701440676,False,
MPST,0.125,0.25,0.298025699017428,0.5362688470124231,False,
MPV17,0.0,0.25,-0.1104879272549087,0.0912736065785684,False,
MPV17L2,-0.25,0.125,0.2861917138058375,-0.0957957148928096,False,
MPZ,-0.0666666666666666,0.1999999999999999,-0.180551104664436,0.8517809256004547,False,
MPZL1,0.625,0.125,-0.829417035898367,-0.1506585035119112,False,
MPZL3,-0.4666666666666665,0.1999999999999999,0.576521563506144,-0.5153440899784378,False,
MR1,0.625,-0.25,-0.858827578289018,-0.288067587943315,False,
MRAP2,-0.1764705882352941,0.2941176470588236,0.356733517461701,-0.0820307056598204,False,
MRAS,0.375,0.0,-0.0562723097449776,0.4807678739540257,False,
MRC2,0.375,0.25,-0.1099468576739069,-0.1570750386692565,False,
MREG,-0.5,0.125,0.4388306899434425,-0.9523293864049334,False,
MRFAP1,-0.375,0.125,0.4020794129630995,0.0734357014766136,False,
MRFAP1L1,0.0,-0.125,-0.2409933682031715,0.3082044470298137,False,
MRGBP,-0.1111111111111111,-0.1111111111111111,0.1801892290440275,0.2605020250609344,False,
MRI1,0.125,0.0,0.325470976794311,0.8488867489880902,False,
MRM1,-0.2222222222222223,0.2222222222222223,0.0559830053961665,0.1547819814390187,False,
MRO,0.1999999999999999,0.4666666666666665,-0.559849503347813,0.2509070533972779,False,
MROH1,0.125,0.25,0.0896060057833364,0.2422923399324617,False,
MROH6,0.411764705882353,-0.1764705882352941,-0.400414052575432,0.3882935950670996,False,
MROH8,0.125,0.625,-0.5401670216972889,-0.1178161689478516,False,
MRPL1,-0.125,0.125,0.440778527317941,-0.386326849072987,False,
MRPL10,-0.125,0.375,0.2331511241855455,-0.1177812326337968,False,
MRPL11,0.25,0.25,0.0371052671083162,-0.180637652933739,False,
MRPL12,-0.7647058823529411,0.1764705882352941,0.737602244843345,0.43040662282553,False,
MRPL13,0.2222222222222223,0.0,-0.0060122778906655,-0.0819348540477764,False,
MRPL14,-0.4444444444444444,0.1111111111111111,0.7424326429173075,1.1811445707971044,False,
MRPL15,0.0,-0.1111111111111111,-0.0938836997995945,0.0068278204769391,False,
MRPL16,-0.2222222222222223,0.1111111111111111,0.1828263619039185,-0.2857474171972514,False,
MRPL17,-0.3333333333333332,0.1111111111111111,0.3759318481097294,-0.2421152586521686,False,
MRPL18,-0.5,0.0,0.4671838385566025,-0.5027359072744162,False,
MRPL19,-0.375,0.0,0.2194168810795725,-0.4158566734125515,False,
MRPL2,-0.25,0.375,0.5903304638434155,-0.0089771106445928,False,
MRPL20,-0.6666666666666667,0.2222222222222223,0.374623723541699,0.0113719630958364,False,
MRPL21,0.125,0.375,0.1453594367297378,0.4166308211048031,False,
MRPL22,-0.375,0.0,0.419355511129968,0.0994341617525009,False,
MRPL23,-0.4444444444444444,0.2222222222222223,0.458693347789442,0.0380440083810241,False,
MRPL24,0.0,0.0,-0.0251170293951796,-0.4029021889464608,False,
MRPL28,-0.625,-0.125,0.7349674427054895,0.0958060519508863,False,
MRPL3,-0.1111111111111111,-0.2222222222222223,-0.0519542363605268,-0.7139214899081254,False,
MRPL32,0.0,0.3333333333333332,-0.0542951471532849,0.2322566299223041,False,
MRPL33,0.0,0.0,-0.320948496334018,-0.2131142828246874,False,
MRPL34,0.5555555555555556,0.1111111111111111,-0.3159487179127745,0.01282250470812,False,
MRPL35,-0.75,0.25,0.6344856053278155,0.0078419391386386,False,
MRPL36,-0.375,0.625,0.4443070578660685,0.0822081085838644,False,
MRPL39,-0.25,-0.25,0.1378834672503446,-0.1865278840010207,False,
MRPL4,-0.375,0.0,0.8687294906135614,-0.0617422782979164,False,
MRPL40,0.0,0.0,-0.2123680660675815,0.3793329013785729,False,
MRPL41,-0.3333333333333332,0.1111111111111111,0.1133506983722869,0.4468851657279269,False,
MRPL42,0.0,0.0,0.180305929086311,0.0165047891784078,False,
MRPL43,-0.25,0.375,0.3715780985406675,-0.0895376817228206,False,
MRPL44,0.3333333333333332,0.0,-0.0588847505107086,-0.1330001955031017,False,
MRPL45,0.1111111111111111,0.3333333333333332,-0.0299379748622052,0.1915912958364218,False,
MRPL46,-0.2941176470588236,0.411764705882353,0.23508702968031,-0.5719652951310297,False,
MRPL47,-0.25,-0.25,0.169912327313171,-0.3715793889225707,False,
MRPL48,-0.25,0.5,0.1978967627958995,0.0922245133724017,False,
MRPL50,0.2222222222222223,-0.1111111111111111,-0.545701913317611,-0.0313184981968981,False,
MRPL51,-0.4444444444444444,0.2222222222222223,0.3999152254638775,0.2093898590214444,False,
MRPL52,-0.5,0.5,0.726661249063485,0.0300245400427856,False,
MRPL53,-0.125,0.375,-0.0824409693237203,0.744431540699122,False,
MRPL54,-0.1111111111111111,0.3333333333333332,0.1508822640394749,0.2365280530249194,False,
MRPL55,0.0,0.5,0.1671087510139164,0.2034766597782482,False,
MRPL57,0.25,0.125,-0.1367308276706444,0.1494925550940182,False,
MRPL9,-0.25,0.25,0.306853285891067,0.4283690888020197,False,
MRPS10,-0.4444444444444444,0.1111111111111111,0.4480387944166065,-0.2596944059874726,False,
MRPS11,0.0,-0.125,0.347761822870212,0.1228566316167762,False,
MRPS14,0.1111111111111111,0.3333333333333332,-0.1930510211839635,-0.2974327881509664,False,
MRPS15,-0.125,0.0,0.3062427685521795,-0.3674407939434347,False,
MRPS16,-0.5,-0.125,0.1559344500984485,-0.3283142094242293,False,
MRPS18A,-0.125,0.125,0.398678691916707,0.3596856407819431,False,
MRPS18B,0.0666666666666666,0.1999999999999999,-0.222819368928916,-0.3408143524741296,False,
MRPS2,-0.375,0.625,0.490424973034965,0.8208286231785087,False,
MRPS21,0.2222222222222223,0.3333333333333332,0.0329024910075263,0.1031892748925471,False,
MRPS22,-0.25,0.25,0.1834084250438974,-0.4218933129837676,False,
MRPS23,-0.375,0.375,0.2722161189706635,-0.0558704634302094,False,
MRPS25,0.1111111111111111,-0.2222222222222223,0.231590634512488,-0.0483107370830397,False,
MRPS26,-0.3333333333333332,0.3333333333333332,0.3051229764354894,0.8046188420433116,False,
MRPS27,0.0,0.125,0.249892920125779,0.0704182882392254,False,
MRPS28,0.0666666666666666,0.0666666666666666,0.182593776897329,-0.0317282274518322,False,
MRPS30,0.375,-0.125,-0.315808696798756,0.146183529500715,False,
MRPS31,0.4444444444444444,-0.3333333333333332,-0.3906267808327109,0.0584711849780146,False,
MRPS33,0.0,0.125,0.0221694287226239,-0.4011695427220196,False,
MRPS34,-0.5,0.125,0.623559473061583,0.6172773328316177,False,
MRPS35,-0.25,0.0,0.3336299862642295,-0.1422530475231576,False,
MRPS5,-0.25,-0.125,0.2425593097683295,0.5815597455974346,False,
MRPS6,0.2222222222222223,-0.2222222222222223,0.268215482275876,0.3420210145788371,False,
MRPS7,-0.375,0.0,0.6094585816978759,-0.05944306945315,False,
MRPS9,-0.2222222222222223,0.2222222222222223,0.3112049602799045,0.3395508742242104,False,
MRRF,-0.25,0.0,0.0913843753159318,-0.2137635346470798,False,
MRS2,-0.25,0.0,0.2945035619720428,0.3177616401563596,False,
MRTO4,-0.5555555555555556,-0.1111111111111111,0.487742717364016,-0.6284531454135063,False,
MSANTD2,0.125,-0.375,-0.088716526521969,-0.0970225850753765,False,
MSANTD3,-0.5,-0.125,0.6570710023146016,-0.354955764463345,False,
MSANTD4,0.625,-0.25,-0.643473450264668,-0.0085975966038098,False,
MSH2,-0.625,0.0,0.587694494510285,-0.1964218853974877,False,
MSH3,-0.25,-0.25,0.1487573494349068,0.1301896279401097,False,
MSH6,-0.375,-0.125,0.4413074888566535,0.6893442927038591,False,
MSI1,0.1999999999999999,-0.6000000000000001,-0.490814980048312,0.907532696806738,False,
MSI2,0.125,0.375,-0.4803729846138305,-0.0511784317787071,False,
MSL1,0.0,0.25,-0.412458027926306,0.6595558261892875,False,
MSL2,-0.1111111111111111,-0.4444444444444444,0.0261351506660095,0.1831682223192441,False,
MSL3,0.375,-0.375,-0.605182909565048,0.1186174473191283,False,
MSMO1,0.125,-0.125,0.15627634626621,0.1138986039764184,False,
MSN,0.125,-0.25,0.170959857406689,-0.2027954910842577,False,
MSRA,0.0,-0.3333333333333332,0.456648628979359,0.4554746127616336,False,
MSRB1,-0.25,0.5,0.305746448591134,0.2667553467454207,False,
MSRB2,0.125,0.25,-0.2488479280379705,0.2266645703595156,False,
MSRB3,0.25,0.5,-0.3017957378406245,0.1748491664208518,False,
MST1,0.4666666666666665,0.1999999999999999,-0.906626638446951,0.5812211565484062,False,
MSTO1,-0.6000000000000001,0.7333333333333334,0.124776286671465,-0.0445193316515846,False,
MSX1,0.2222222222222223,0.0,0.2211916277760305,0.1552515714082214,False,
MSX2,0.1999999999999999,0.0666666666666666,-0.444986799791657,0.9033029936941108,False,
MT1E,0.5,0.125,-0.479069846723834,-0.0127084810494411,False,
MT1F,0.0588235294117647,0.0588235294117647,-0.303844364333458,0.7018124954801276,False,
MT1M,0.5294117647058822,0.1764705882352941,-0.810210225306974,0.9506765056371268,False,
MT1X,0.5555555555555556,0.3333333333333332,-0.8013283622278631,0.4124187155100904,False,
MT2A,0.5555555555555556,0.2222222222222223,-0.5836441776260031,0.2046868801061476,False,
MTA1,-0.375,0.0,0.4679125894008025,0.9000206419451575,False,
MTA2,-0.4444444444444444,-0.2222222222222223,0.507205836067632,0.0320389261564471,False,
MTA3,0.125,0.0,-0.2076055196695705,0.0958501453973783,False,
MTAP,-0.4666666666666665,-0.6000000000000001,0.546470897952954,0.0874830637984378,False,
MTBP,-0.5555555555555556,-0.2222222222222223,0.3669487357302465,0.2553819275697058,False,
MTCH1,-0.125,0.25,0.0466597648973409,0.0118520934205852,False,
MTCH2,-0.5555555555555556,0.3333333333333332,0.506430632364451,0.2330512603208387,False,
MTDH,0.0,0.125,-0.1555961518014295,0.1671225065269079,False,
MTERF3,0.5,0.0,-0.577059663542417,0.278046615158825,False,
MTF1,0.0,0.125,-0.0735453851706309,0.2694170783430127,False,
MTF2,-0.375,-0.5,0.5724309127643635,-0.3982143420382389,False,
MTFMT,-0.25,0.0,0.2465417683797034,0.0416028291703767,False,
MTFP1,-0.1999999999999999,0.3333333333333332,0.106031562984263,0.067091724204356,False,
MTFR1,0.25,0.25,-0.005852493459735,0.3321353076177029,False,
MTFR1L,0.125,0.625,-0.3969652367538445,0.2253883008845454,False,
MTFR2,-0.5,0.125,0.4469418988358015,-0.3579190256355753,False,
MTG1,-0.25,0.0,-0.0235193587069506,0.2417849529242457,False,
MTG2,0.0,-0.125,0.4389131719081674,0.3666169763946421,False,
MTHFD1,-0.625,-0.25,0.5728960504364164,-0.92244159305223,False,
MTHFD1L,-0.375,0.0,0.1701016865381495,-0.2159728512325092,False,
MTHFD2,0.25,-0.375,-0.298684411035327,-0.0374470111345615,False,
MTHFD2L,0.25,-0.5,0.211201970291237,-0.1543085547922316,False,
MTHFR,0.625,-0.125,-0.351497598579983,0.1427133967563278,False,
MTIF2,0.125,0.0,-0.4058422693712185,0.1734791986694195,False,
MTIF3,0.25,0.125,-0.176942989780252,0.2931428971803487,False,
MTM1,0.625,-0.25,-0.409807892385159,0.2789151062134989,False,
MTMR1,0.0,-0.125,-0.0961092621491811,-0.5101865099176026,False,
MTMR10,0.0,0.0,-0.0049906430147847,0.64349595043132,False,
MTMR11,-0.125,-0.125,0.0068569984282732,-0.296196872945127,False,
MTMR12,-0.125,-0.125,0.1922327049826765,-0.0237712042039515,False,
MTMR14,0.125,-0.25,0.0580829750350065,-0.171653081904135,False,
MTMR2,-0.375,0.25,-0.0319532130415686,-0.3520524803555691,False,
MTMR3,0.5,-0.25,-0.2173348330186424,-0.3309760579332987,False,
MTMR4,-0.25,0.5,-0.013120948822454,0.2324589882767731,False,
MTMR6,0.125,0.0,0.3726448382083205,0.1473384157980088,False,
MTMR9,0.411764705882353,-0.1764705882352941,-0.378258622196245,0.3329785112938328,False,
MTO1,0.375,-0.125,-0.6115103931934285,-0.06525211336574,False,
MTOR,0.0,0.0,-0.41924848702243,-0.1629133500506814,False,
MTPAP,-0.125,0.125,-0.0455268549946953,-0.0595131416841142,False,
MTR,0.375,0.375,-0.5595061628706766,-0.2453467558945647,False,
MTRF1,0.375,-0.125,-0.8180188296044195,-0.5184913924458632,False,
MTRF1L,0.125,-0.375,-0.080168674564653,-0.0963313652328987,False,
MTRR,0.0,-0.25,-0.0825765924793395,-0.6987286982041969,False,
MTSS1,0.125,-0.125,-0.29645624105046,-0.1936122852897632,False,
MTURN,0.4666666666666665,-0.6000000000000001,-1.03564621573877,0.3803443849897543,False,
MTUS1,0.6000000000000001,0.1999999999999999,-0.749153040619214,-0.7103857270446619,False,
MTX1,-0.25,0.5,0.1258946937310406,0.1695039644610854,False,
MTX2,-0.25,-0.125,0.133573316375163,0.2753625574160434,False,
MTX3,0.0,-0.375,-0.5518828216092435,-0.1299958413446931,False,
MUC1,0.6000000000000001,-0.1999999999999999,-0.572788958135433,0.4143398157131224,False,
MUL1,0.3333333333333332,-0.2222222222222223,-0.161735277925909,0.5277433578934296,False,
MUS81,-0.125,-0.25,0.0508758736462625,0.3726340436681177,False,
MUTYH,0.1999999999999999,0.1999999999999999,-0.381100098108903,0.1045394819456553,False,
MVB12A,0.125,0.375,-0.0164369948741309,0.0411351148826408,False,
MVB12B,0.0,-0.25,-0.1962818691546025,0.4629186588103273,False,
MVK,-0.125,-0.125,0.0372597203066031,0.4864239882021637,False,
MVP,0.0,-0.25,0.3668728819956545,0.0829849865561271,False,
MX1,0.375,-0.375,-0.1870080882885165,-0.4450626758926403,False,
MX2,0.125,-0.25,-0.241735138216011,-0.0882164215708358,False,
MXD1,0.125,-0.25,-0.5067687551504095,-0.0472271325985746,False,
MXD3,-0.375,0.0,0.4634207803130025,-0.3982260342088317,False,
MXD4,0.125,0.5,-0.377220956248571,0.3562163077432703,False,
MXI1,0.875,0.125,-0.6319279429934165,0.0658064193976115,True,1.0
MXRA7,0.375,0.0,-0.4630540325230885,-0.0608611578245166,False,
MXRA8,0.375,0.25,-0.6361409401613984,0.2147855398762788,False,
MYADM,0.0,-0.125,0.0377107415018759,0.5519560625639026,False,
MYBBP1A,-0.625,0.375,0.7582934075004906,0.0046205132850938,False,
MYBL1,-0.75,-0.375,0.4834917704870245,0.015481492437833,False,
MYBL2,-0.375,0.0,0.494245238781023,0.3102695477500139,False,
MYC,0.0,-0.25,0.0615150010445184,0.3931985892118717,False,
MYCBP,-0.5294117647058822,0.1764705882352941,0.471308094028831,0.3829951372799556,False,
MYCBP2,0.5,0.25,-0.6670988029833015,-0.1863243192792363,False,
MYCL,0.1999999999999999,-0.1999999999999999,0.0527647127274463,0.7163171837952669,False,
MYCT1,-0.4666666666666665,0.0666666666666666,0.887563869627548,-1.2458551744519144,False,
MYD88,0.375,-0.375,0.0575520233787955,0.8630031537394179,False,
MYDGF,-0.5,0.125,0.7933475060938995,0.299326477708264,False,
MYEF2,-0.625,-0.375,0.4763760727738945,-0.5196864469925175,False,
MYEOV,-0.2941176470588236,0.0588235294117647,0.834903697779607,-0.0365599801710567,False,
MYH10,-0.5,-0.25,0.283432357009596,-0.0390120224711667,False,
MYH15,-0.375,0.375,0.364774962470082,-1.2146802032208344,False,
MYH3,0.3333333333333332,-0.1999999999999999,-0.270724848830785,0.450109842662203,False,
MYH9,-0.375,-0.25,0.5101144179886025,-0.0655638118755681,False,
MYL12A,0.25,-0.375,0.1243989919599389,-0.3064784124104136,False,
MYL12B,-0.125,-0.125,0.2430040469739415,0.030706523651093,False,
MYL5,0.1111111111111111,0.0,0.1353103470897905,0.2358821259163821,False,
MYL6,-0.125,0.0,0.388285991640622,-0.2872324205489853,False,
MYL6B,-0.375,0.125,0.467130977061569,0.074086909129964,False,
MYL9,0.125,0.125,0.1181870971607235,0.0974469558355295,False,
MYLIP,0.625,0.125,-0.8382789108180646,-0.0741278907233966,False,
MYLK,0.0,-0.125,0.241266471878485,-0.0546904470273772,False,
MYLK4,0.4666666666666665,0.0666666666666666,-0.57720748797273,-1.0995293276944684,False,
MYNN,0.125,0.0,-0.3552285312407824,0.035992242392719,False,
MYO10,-0.125,-0.125,0.2453343456168227,-0.3127283949989614,False,
MYO15B,0.8666666666666667,-0.1999999999999999,-0.78558927273897,0.5610903271211574,True,1.0
MYO18A,-0.375,-0.25,0.3566595772596695,-0.1185984128882515,False,
MYO19,-0.4444444444444444,0.0,0.2941090893676585,0.102890319606244,False,
MYO1B,-0.625,-0.625,0.7695895981050784,-0.3621436759064504,False,
MYO1C,0.375,0.0,-0.3461451199145859,0.8230182838465021,False,
MYO1D,0.625,0.0,-0.565536829607881,0.132447578070034,False,
MYO1E,0.1111111111111111,-0.1111111111111111,-0.1969221492150535,0.051634720793273,False,
MYO1F,0.6000000000000001,-0.1999999999999999,-0.272725824768816,-0.0691428354405174,False,
MYO5A,-0.125,0.125,0.0513288466768075,-0.0927946397571326,False,
MYO5B,-0.1999999999999999,-0.0666666666666666,-0.290283136600403,-1.0169196188193443,False,
MYO5C,-0.0666666666666666,0.4666666666666665,0.149947333355807,-1.0948452223184273,False,
MYO6,0.0,0.125,-0.1644306324032601,-0.2181680330511146,False,
MYO7B,0.0666666666666666,-0.3333333333333332,-0.383376605447492,-0.7425747360056034,False,
MYO9A,0.375,0.125,-0.886762495951384,-0.0024217705020688,False,
MYO9B,-0.25,0.0,0.2157964587888415,0.2312274219332586,False,
MYOF,-0.375,-0.25,0.4930256303592245,-0.5918283317758242,False,
MYOM3,0.1999999999999999,0.1999999999999999,-0.300979109945323,-0.6329425982976926,False,
MYPN,0.0,-0.625,0.300878354118061,-0.6933002294981785,False,
MYPOP,0.1111111111111111,-0.2222222222222223,0.0212298732003494,0.0291795113397794,False,
MYRF,0.1999999999999999,-0.7333333333333334,0.246825757428311,0.2248830198981595,False,
MYSM1,-0.125,-0.375,0.0212943090536216,0.2974028169782867,False,
MZF1,0.3333333333333332,-0.1111111111111111,-0.3570890009458385,0.3008205143534161,False,
MZT1,-0.4444444444444444,0.1111111111111111,0.3422951521086655,0.1317099050966894,False,
MZT2A,-0.375,0.125,0.3783591743101765,0.5044186021200874,False,
MZT2B,-0.25,0.5,0.362421857291608,0.6862255987521113,False,
N4BP1,0.2222222222222223,-0.1111111111111111,-0.3053451231157237,-0.1472193757526021,False,
N4BP2,0.25,-0.25,-0.7674905371930705,0.5533097370192341,False,
N4BP2L1,0.5,0.25,-0.611686910675814,0.3131407995355086,False,
N4BP2L2,0.4444444444444444,0.0,-0.8090501585650101,-0.3813461341154687,False,
N6AMT1,0.375,0.0,-0.3065243781840725,0.7318376375723716,False,
NAA10,-0.625,0.5,0.500922544441878,-0.1467586291522467,False,
NAA16,-0.25,0.375,-0.238629454728136,0.166440217315567,False,
NAA20,0.125,-0.375,-0.1287986357772703,0.0552625994768223,False,
NAA25,-0.5,-0.375,0.535598550640117,-0.162230202564543,False,
NAA30,0.125,0.125,-0.1483125095297601,-0.0718446444869154,False,
NAA35,-0.375,0.125,-0.070520604716103,0.0298457709519333,False,
NAA38,-0.25,0.125,0.0791098019787257,-0.1004371157619665,False,
NAA40,-0.875,-0.25,0.619137108928415,0.2815777447862171,True,-1.0
NAA50,-0.25,0.0,0.360818320553903,-0.4518745203251799,False,
NAA60,0.125,-0.125,-0.1365930288040409,-0.1394539492753677,False,
NAAA,0.0,0.125,0.0049658972062815,-0.007602333679753,False,
NAALADL2,-0.125,-0.125,-0.2671300752783615,-0.1686523372502781,False,
NAB1,0.625,0.25,-0.6387735836690185,0.1517313485626199,False,
NAB2,0.125,0.375,-0.0785942941547858,0.3841576741882928,False,
NABP1,-0.125,-0.125,0.4429881617094779,0.0369939995134216,False,
NABP2,-0.375,0.375,0.5513824551656186,0.2120336834429337,False,
NACA,0.125,0.125,-0.0621511099920426,-0.0311011355439552,False,
NACAD,-0.1764705882352941,-0.1764705882352941,0.0821502671932681,0.4121105763935218,False,
NACC1,-0.3333333333333332,-0.2222222222222223,0.727147919209896,0.1648892626303562,False,
NACC2,-0.2222222222222223,0.2222222222222223,0.0127540435683683,0.3776460760831939,False,
NADK,0.0,-0.25,0.4958792999067495,0.5369366064773691,False,
NADK2,-0.25,0.375,-0.1257288341082692,0.0168427087348921,False,
NADSYN1,-0.125,0.375,-0.015614961879417,0.3198085187872463,False,
NAE1,-0.375,0.25,0.202943996762775,-0.087794738572299,False,
NAF1,0.0,-0.4444444444444444,-0.396548251196857,0.1713040418476998,False,
NAGA,-0.5,-0.25,0.535954319908205,0.2934593283998583,False,
NAGK,0.0,0.25,0.129380154765422,-0.1056073671203057,False,
NAGLU,0.5,0.375,-0.3697787821357324,0.7110167999905439,False,
NAGPA,-0.125,0.125,-0.1505191962779195,0.0391355470399072,False,
NAGS,0.0666666666666666,-0.1999999999999999,0.100042721210089,0.2968004386948371,False,
NAIF1,-0.2222222222222223,0.0,0.1245199872934396,-0.1596075471505251,False,
NALCN,0.5,-0.125,-0.9135695607058154,-0.8017815137231423,False,
NAMPT,0.125,-0.125,-0.199314483737323,0.5435591293880662,False,
NANOS1,0.411764705882353,0.2941176470588236,-0.6524882024017,0.6277754943940219,False,
NANOS3,0.3333333333333332,-0.4666666666666665,0.0259078812234081,0.3482603771743213,False,
NANP,-0.1111111111111111,0.1111111111111111,-0.1172453456369815,0.1396076078136112,False,
NANS,-0.375,0.0,0.6322828554019131,0.0265703588756363,False,
NAP1L1,0.0,0.375,0.501945512940217,0.2457524299229958,False,
NAP1L2,-0.25,0.25,0.4172038108348785,0.1014651126656913,False,
NAP1L3,0.0666666666666666,0.0666666666666666,0.220693824639986,-0.0547763949822224,False,
NAP1L4,-0.625,-0.25,0.46338023418623,0.0223392031971663,False,
NAP1L5,-0.1111111111111111,0.4444444444444444,-0.0078020949081612,0.4072940670403586,False,
NAPA,0.2222222222222223,-0.1111111111111111,0.1549058564618425,0.262417053304635,False,
NAPB,0.125,-0.375,-0.675399656293078,0.0567286828019804,False,
NAPEPLD,-0.125,0.25,0.115522789899371,-0.0628958781607536,False,
NAPG,0.0,-0.25,-0.0127726118428153,0.1487392477940226,False,
NAPSA,0.25,0.375,-0.660880832163079,-0.507799859561396,False,
NARF,-0.375,0.25,0.0455293560904732,0.206300555893903,False,
NARS2,-0.5,-0.125,0.4172713916936015,-0.6535814003016367,False,
NASP,-0.375,-0.125,0.5737912515504615,-0.1606655771389307,False,
NAT1,0.375,0.0,-0.1573116150632922,-0.4558270850859938,False,
NAT10,-0.125,0.125,0.586702323120128,-0.2578411427452685,False,
NAT14,-0.4444444444444444,0.1111111111111111,0.513711364719217,0.8544218791884928,False,
NAT9,0.0,0.25,0.2956062887587525,0.0732075202582778,False,
NATD1,0.25,0.375,-0.684961874013517,0.2165055981081398,False,
NAV1,-0.125,0.0,0.1890146682504084,-0.1187067575560463,False,
NAV2,0.875,-0.25,-0.876806945504468,-0.2752517364659099,True,1.0
NAV3,-0.125,-0.25,0.3453232032932335,-0.2696459734540881,False,
NBAS,-0.125,0.25,-0.1529255073909474,-0.5286999616403478,False,
NBEA,-0.5,0.25,0.012141674085371,1.1043983466812015,False,
NBEAL1,0.0,0.375,-0.5960245307718195,-0.5384823032954339,False,
NBEAL2,-0.375,-0.125,0.2330856317507595,0.6180658342751858,False,
NBL1,0.4666666666666665,0.1999999999999999,-0.665665125575957,0.3277532799902203,False,
NBN,0.25,-0.25,-0.3670251660415314,0.08359039825155,False,
NBPF1,-0.125,-0.25,-0.0834015780549796,0.1430983136989119,False,
NBPF11,0.2222222222222223,0.0,-0.5878812504001936,0.3480630788900376,False,
NBPF12,0.5555555555555556,0.1111111111111111,-0.393496567089983,0.0931196241372644,False,
NBPF15,0.2222222222222223,-0.3333333333333332,-0.5396989794065561,0.0755970427753771,False,
NBPF3,0.375,0.125,-0.9331984582522757,-0.2315097102874551,False,
NBPF9,0.8888888888888888,-0.3333333333333332,-0.824808059967553,-0.0563828084664328,True,1.0
NBR1,0.75,-0.25,-0.4828399994725825,-0.1864067913085891,False,
NCALD,0.0666666666666666,0.3333333333333332,-0.354147838498334,-0.3136912804758287,False,
NCAM1,-0.1999999999999999,0.1999999999999999,0.0837582355446994,-0.4358317220053354,False,
NCAPD3,-0.375,-0.375,0.5005430197526515,-0.2389449501970686,False,
NCAPG,-0.25,0.0,0.6041414597430015,-0.6516456033001063,False,
NCAPG2,-0.375,-0.375,0.619154961572858,0.2408099958194118,False,
NCAPH,-0.25,0.125,0.4428934632634875,0.2113041004934559,False,
NCAPH2,-0.5,0.125,0.414248641497859,0.2212504147855929,False,
NCBP2,-0.375,0.0,0.1964842212631624,0.1672044795464264,False,
NCDN,-0.125,0.0,0.1221206339833601,0.2542441324155531,False,
NCEH1,-0.375,-0.625,0.793846111422182,-0.6569261413887175,False,
NCF2,-0.1999999999999999,-0.3333333333333332,0.145487009118386,-1.9241314067985635,False,
NCK1,0.5555555555555556,-0.1111111111111111,-0.6144739843188195,0.7202368011424726,False,
NCK2,0.125,-0.375,0.0463412385467117,0.3123714460871953,False,
NCKAP1,0.375,0.0,-0.6220925514085295,0.0569790933346587,False,
NCKAP5,-0.125,0.0,0.205333785412285,-0.9816827832205408,False,
NCKAP5L,0.0,-0.25,0.0432487837539989,0.1741633194658449,False,
NCKIPSD,0.2222222222222223,-0.3333333333333332,0.189047343694805,0.161838203110652,False,
NCL,-0.375,-0.25,0.534223401562969,0.2330487494087365,False,
NCLN,-0.375,0.25,0.4793896333874815,0.2630451695654612,False,
NCOA1,0.375,0.125,-0.703161045951086,0.1223244520715265,False,
NCOA2,0.75,-0.125,-0.771789429496039,-0.1363891196345816,False,
NCOA3,0.75,-0.5,-0.6844652942464331,0.0807488563365477,True,1.0
NCOA4,0.0,0.2222222222222223,-0.063488464120821,0.0377332350616077,False,
NCOA5,0.125,0.0,-0.0414967741652866,0.2533512310872363,False,
NCOA6,0.25,-0.125,-0.231039049536026,0.2917159361032566,False,
NCOA7,0.625,-0.5,-0.8816146257595185,-0.6547718060616261,False,
NCOR1,0.25,0.0,-0.19392495052219,-0.1509880542117274,False,
NCOR2,0.375,-0.375,-0.318184418487299,0.2624706104390393,False,
NCR3LG1,0.4444444444444444,-0.5555555555555556,-0.9236673452995284,0.4192874120454579,False,
NCS1,-0.375,0.25,0.566865158268131,0.7047212026657197,False,
NCSTN,0.125,0.125,-0.1614730702316165,0.8251240003588459,False,
NDC1,-0.625,-0.125,0.4272315136682775,0.2188298672097541,False,
NDE1,-0.125,0.0,0.0956511382663738,-0.0587215889980039,False,
NDEL1,-0.375,0.25,0.02276577611194,0.3761392194300259,False,
NDFIP1,0.625,-0.25,-0.877691744051559,0.2896093197072638,False,
NDFIP2,0.0,-0.125,0.2322211764257345,-0.8968799288887508,False,
NDN,-0.125,0.125,0.373927335701384,0.930786975244312,False,
NDRG1,-0.25,-0.125,0.30187850972109,-0.0316631127030313,False,
NDRG2,0.6000000000000001,0.4666666666666665,-0.393983292167309,-0.6594296213721225,False,
NDRG3,-0.625,0.125,0.5807600827232966,-0.5399484903195697,False,
NDRG4,-0.4666666666666665,0.0666666666666666,0.634158272570797,-0.2372042649295425,False,
NDST1,0.0,-0.5,0.254836483002515,-0.0170271210617656,False,
NDUFA1,0.1111111111111111,0.1111111111111111,-0.0217530272809533,0.1784672355209365,False,
NDUFA10,-0.25,0.5,0.2458374052921025,-0.0551816739322794,False,
NDUFA11,-0.375,0.5,0.3099288660855545,0.0156718289826347,False,
NDUFA12,0.0,0.125,0.1279068258432906,0.0283922835539991,False,
NDUFA13,-0.125,0.625,0.0447113370655903,-0.2964567859620944,False,
NDUFA2,0.0,0.5555555555555556,0.1054511693603698,-0.2154398167551559,False,
NDUFA4,0.25,0.0,-0.1342103374776347,0.1524299161017923,False,
NDUFA5,0.5,0.125,-0.440902267945228,-0.6303655413665252,False,
NDUFA6,-0.25,0.0,0.217900683279035,1.1786355991808288,False,
NDUFA7,-0.0666666666666666,-0.0666666666666666,-0.484779531446291,0.1394130914739895,False,
NDUFA8,-0.3333333333333332,0.0,0.1312018442714228,-0.0805499532201263,False,
NDUFA9,-0.3333333333333332,0.0666666666666666,0.599931780836227,-0.1549522222201703,False,
NDUFAB1,-0.25,0.25,0.184118465550749,0.42522500940838,False,
NDUFAF1,0.125,-0.25,-0.0163515374865287,-0.2980393759426554,False,
NDUFAF2,-0.25,-0.125,0.1118260012736374,-0.7874285863717327,False,
NDUFAF3,-0.625,-0.125,0.5706971518378701,0.2339852771719228,False,
NDUFAF4,0.1111111111111111,0.1111111111111111,-0.0830795689938976,0.0314365195387451,False,
NDUFAF5,0.125,-0.25,-0.193911150460462,0.0728524801307395,False,
NDUFAF6,0.125,-0.125,-0.551333050996929,0.5439399856057787,False,
NDUFAF7,0.0,0.0,-0.3487153743637685,0.0302857678151045,False,
NDUFB1,0.0,0.25,0.2020090845239305,0.3597770196993426,False,
NDUFB10,-0.25,0.375,0.314006000111194,0.4251275262194021,False,
NDUFB11,-0.25,0.25,0.1297287752146143,-0.0503267713407722,False,
NDUFB2,0.25,0.125,0.0584496485993144,0.1332952729639163,False,
NDUFB3,-0.25,0.0,-0.1266458582819035,-0.7522005982718678,False,
NDUFB4,-0.1111111111111111,0.1111111111111111,0.2644394965221555,-0.3507334914898949,False,
NDUFB5,0.375,0.25,-0.356159305729812,-1.3770419132072762,False,
NDUFB6,-0.25,0.0,0.0788717405560062,-0.2271890962154592,False,
NDUFB7,-0.1111111111111111,0.3333333333333332,0.377848806720565,-0.3210023659570562,False,
NDUFB8,-0.3333333333333332,0.1999999999999999,0.208273576736829,-0.1711580961653549,False,
NDUFC1,-0.25,0.25,0.1086066689238715,-0.0058275097115991,False,
NDUFS1,-0.25,0.0,0.3075191545513145,0.3103517833010589,False,
NDUFS2,-0.125,0.25,0.5011035923989335,-0.2017867912923887,False,
NDUFS3,-0.375,0.625,0.2634289408767715,-0.1427088476248799,False,
NDUFS4,0.0,0.125,0.1380025468694835,-0.3987264362857581,False,
NDUFS5,-0.25,0.0,0.2522074075754505,-0.1206506869444132,False,
NDUFS7,-0.375,0.375,0.5717265271832135,-0.1542846805850768,False,
NDUFS8,-0.625,0.125,0.7575153857625625,-0.3642666846866222,False,
NDUFV1,-0.25,0.375,0.4186435591259044,0.5440837226529613,False,
NDUFV2,-0.1999999999999999,0.0666666666666666,0.234098685944725,-0.1095665006712631,False,
NDUFV3,-0.25,0.25,0.4367870364070479,0.3639358025654982,False,
NEBL,0.8666666666666667,0.0666666666666666,-0.612853714131383,-0.745940861011333,True,1.0
NECAB3,-0.375,0.25,0.680221118351947,0.4186854777960413,False,
NECAP1,0.375,-0.375,-0.3814167712544115,-0.4797952894382624,False,
NECAP2,-0.125,-0.125,0.1185804999285365,0.0936806577737654,False,
NEDD1,-0.25,-0.5,0.4880528021776905,0.1580820487530745,False,
NEDD4,0.25,-0.375,-0.686797441041892,-0.1731172337607178,False,
NEDD4L,-0.375,-0.375,0.6413105659243435,-0.3426741935698949,False,
NEDD9,0.625,-0.375,-0.5895734027212285,-0.3260365213378247,False,
NEFH,-0.1999999999999999,-0.6000000000000001,0.33227876912411,-0.1331715592434631,False,
NEFL,-0.1999999999999999,-0.0666666666666666,-0.107034122661648,-0.3540437593245573,False,
NEGR1,0.0,-0.125,-0.217474663783761,-0.0786003612165777,False,
NEIL1,0.6000000000000001,0.3333333333333332,-0.51012842628455,0.1406866742500243,False,
NEIL2,-0.625,0.25,0.5915308021386481,0.1291705213346095,False,
NEIL3,-0.3333333333333332,-0.4444444444444444,0.46030335946289,-0.7812320911017054,False,
NEK1,0.125,0.125,-0.6013553920536054,0.2690076224049655,False,
NEK10,-0.5,0.25,0.4314978196264235,-0.1841709509877902,False,
NEK11,0.375,0.125,-0.543514935907346,-0.2006257795218236,False,
NEK2,-0.375,-0.125,0.374167803577724,-0.3702436970669858,False,
NEK3,0.25,-0.25,0.134075575024498,0.0193954434421628,False,
NEK4,-0.375,-0.25,0.259195120633909,0.5552739867624452,False,
NEK6,0.125,0.0,-0.237613000610671,0.1419310545507608,False,
NEK7,-0.25,-0.375,0.477067237312374,-0.3221655136103143,False,
NEK8,0.625,0.375,-0.469409166899742,0.1558426547899012,False,
NEK9,0.5,-0.125,-0.679457877445921,-0.1244835587118027,False,
NELFA,-0.625,0.375,0.3353516921232989,0.349598659972405,False,
NELFB,-0.4444444444444444,-0.2222222222222223,0.6245955791270905,0.6099932184053811,False,
NELFCD,0.0,-0.5,0.1402023558093826,-0.0284315427083083,False,
NELFE,-0.0666666666666666,0.0666666666666666,0.419682288597983,0.2205994786068266,False,
NEMF,0.5,0.125,-0.7308394642564775,0.0989228699337942,False,
NENF,0.125,0.125,-0.242683407369563,0.6188469784295174,False,
NEO1,0.125,0.125,-0.0284141175662903,0.5218819606025686,False,
NES,-0.25,0.125,0.431333530696487,0.2224005713480501,False,
NET1,-0.125,0.125,0.613667749353501,-0.047613930688358,False,
NETO2,-0.125,0.375,0.522873467263861,-0.0553370766402216,False,
NEU1,0.0666666666666666,-0.0666666666666666,-0.19575269236214,-0.0881053522195962,False,
NEU3,-0.25,-0.125,0.2637985827938855,-0.0478607516502251,False,
NEURL1B,-0.1111111111111111,-0.1111111111111111,0.484215356983196,0.4920686511631713,False,
NEURL2,-0.0588235294117647,-0.0588235294117647,-0.408982119793424,-0.0663265715026979,False,
NEURL4,-0.1111111111111111,-0.1111111111111111,0.0556302203848602,0.3360384647599508,False,
NEXN,0.625,-0.375,-0.4725224876353819,-0.1417712170909757,False,
NF1,-0.125,-0.125,-0.005750977784656,-0.4930899310836301,False,
NF2,-0.5,0.25,0.410365723246938,-0.0813354091006064,False,
NFASC,-0.3333333333333332,0.3333333333333332,1.12830539553944,-0.1793300600034757,False,
NFAT5,-0.125,0.125,-0.1741836221936585,-0.4546074804471443,False,
NFATC1,0.75,0.125,-0.697892917235575,0.4381402105704279,False,
NFATC2,-0.4666666666666665,0.0666666666666666,0.197147334297147,-0.1251466564341075,False,
NFATC2IP,-0.125,-0.25,0.1156881061623919,0.016681371875479,False,
NFATC3,0.625,0.0,-0.7133979275205605,0.2292788542110639,False,
NFATC4,-0.2222222222222223,0.0,0.221475291662731,0.0997839448677311,False,
NFE2L1,0.5,-0.125,-0.429778128650489,0.0010632215862051,False,
NFE2L2,0.75,-0.25,-0.9320908831592796,0.0900437180044484,False,
NFE2L3,-0.0588235294117647,-0.1764705882352941,0.342587257428567,-0.4635135484709399,False,
NFIA,0.875,0.125,-0.937574079970778,-0.05226651809454,True,1.0
NFIB,-0.125,0.0,0.0347739515833052,0.3771488974424208,False,
NFIC,0.25,0.0,-0.013938198356442,0.3121610944210284,False,
NFIL3,0.5555555555555556,-0.3333333333333332,-0.8688021916894411,0.5392968295910339,False,
NFIX,0.25,-0.125,-0.1711834238421514,0.4150101673069652,False,
NFKB1,0.25,-0.25,0.0311563723189094,0.0229494636112117,False,
NFKB2,0.5,0.0,-0.408036265933305,0.3193075268113028,False,
NFKBIA,0.875,-0.375,-0.923206460976145,0.3057168179855454,True,1.0
NFKBID,0.1999999999999999,-0.6000000000000001,-0.124375637037127,-0.0424388033987548,False,
NFKBIE,0.125,-0.125,0.0851470865600589,0.2314232737928305,False,
NFKBIL1,0.1999999999999999,0.1999999999999999,-0.283655507958232,0.0708583709745624,False,
NFKBIZ,-0.125,-0.125,-0.278474913885503,0.0906962337172592,False,
NFRKB,-0.125,-0.375,-0.0800254933103205,0.2896900857265352,False,
NFS1,-0.25,0.375,0.4333518085235375,0.418229272499776,False,
NFU1,0.25,0.25,-0.5849958918411615,0.0539547262715265,False,
NFX1,0.0,-0.25,-0.5549935887554585,-0.2874197034013743,False,
NFXL1,0.25,-0.375,-0.546154368205772,-0.0395799460627355,False,
NFYA,-0.25,-0.375,0.427459958405884,0.5226607644836938,False,
NFYB,0.1111111111111111,0.2222222222222223,-0.3479660697731945,-0.3063735899653927,False,
NFYC,0.125,-0.375,0.0461983633093493,-0.2704973596124516,False,
NGDN,-0.25,0.0,-0.050703547337641,-0.625023332890482,False,
NGEF,-0.7333333333333334,-0.0666666666666666,0.45571347587309,-0.4661345709740407,False,
NGF,-0.7647058823529411,-0.5294117647058822,0.813467327094934,0.3069187497316701,False,
NGFR,0.1764705882352941,0.1764705882352941,-0.128618430909991,1.206513394917538,False,
NGLY1,0.25,0.125,-0.353661316413784,0.2360933487299119,False,
NGRN,0.2941176470588236,-0.1764705882352941,-0.414633511615998,0.1733223516240278,False,
NHEJ1,0.1999999999999999,-0.1999999999999999,-0.167322974535008,0.1237497246526904,False,
NHLRC1,-0.2941176470588236,0.411764705882353,0.0020213448413566,0.7426874977159599,False,
NHLRC2,0.1111111111111111,-0.1111111111111111,-0.158920940488584,-0.1930021797881762,False,
NHLRC3,0.125,-0.5,-0.3900127903612105,0.3045318946003694,False,
NHP2,-0.625,0.125,0.785159141523884,-0.0571777579130992,False,
NHS,-0.625,0.0,0.6780717216543115,-0.2479031266393583,False,
NHSL1,0.75,0.0,-0.4918507071706875,-0.3195334447838278,False,
NHSL2,-0.0666666666666666,-0.0666666666666666,0.0594021599568173,-0.8440781292675048,False,
NID1,0.625,0.25,-0.740910571192285,0.0407007365920222,False,
NID2,0.125,-0.5,-0.0699428678684455,0.306681111649294,False,
NIF3L1,-0.25,-0.125,0.1230306218461456,-0.9221153306967812,False,
NIFK,-0.1999999999999999,-0.1999999999999999,0.129558393450048,0.0667345673359678,False,
NIM1K,-0.125,0.0,-0.264067517326777,0.0254965292974436,False,
NIN,0.0,-0.375,-0.0853989468748647,-0.1402195477559678,False,
NINJ1,0.375,0.25,-0.5549192225134125,0.4456711818879544,False,
NINL,0.125,-0.375,-0.206694627942308,1.126695554080772,False,
NIP7,-0.625,-0.125,0.0695899009476374,-0.288635943421089,False,
NIPA1,0.125,-0.125,-0.0727833696851722,0.461344064934317,False,
NIPA2,0.0,-0.375,-0.1173903836703336,0.1142301390163278,False,
NIPAL1,-0.1999999999999999,-0.1999999999999999,0.531663002488553,0.0813772807232275,False,
NIPAL2,0.75,-0.125,-0.6447586210030074,0.4172004990182258,False,
NIPAL3,-0.125,0.25,-0.0550457796846124,-0.122580242073558,False,
NIPBL,0.25,-0.25,-0.539722136158949,0.2166176771144399,False,
NIPSNAP1,-0.625,0.375,1.1377160852237749,0.4129125098800608,False,
NIPSNAP3A,0.375,0.25,-0.0072110293950689,0.094709109598978,False,
NIPSNAP3B,-0.1999999999999999,0.1999999999999999,-0.441142607023968,0.3151723857210071,False,
NISCH,0.125,0.125,-0.2123970411937228,0.2696781372844539,False,
NIT1,-0.25,0.375,-0.0527297209405746,-0.1800999915367398,False,
NIT2,-0.125,0.25,-0.1308961115358987,0.5991423840507673,False,
NKAP,0.125,0.125,-0.0318304626821766,0.1619791646700676,False,
NKD1,0.7333333333333334,-0.4666666666666665,-0.514262086221638,0.2920726595549313,False,
NKIRAS1,0.5,-0.5,-0.381019777132012,-0.1375649313975309,False,
NKIRAS2,0.25,-0.375,-0.2013111762069645,0.3607314198655378,False,
NKRF,-0.25,-0.375,0.348440637397032,-0.117484773888483,False,
NKTR,0.0,-0.125,-0.0016570805129947,0.9805739591101904,False,
NKX3-1,-0.125,-0.25,0.12026048543616,0.336462282448196,False,
NKX3-2,0.5,0.25,-0.3487478905867655,-0.0115559147099864,False,
NLE1,-0.125,0.375,0.6079834397976425,0.3108139020384894,False,
NLGN1,-0.375,-0.25,0.153201069617475,0.1771533879829312,False,
NLGN2,-0.3333333333333332,0.2222222222222223,0.992976684403813,-0.2052670036524793,False,
NLK,-0.375,-0.125,0.2602082019993275,-0.2593742746957002,False,
NLN,-0.625,0.0,0.414607094627932,-0.5221928608414728,False,
NLRC5,0.0,-0.25,0.1401698530458455,-0.4731901195691801,False,
NLRP1,-0.625,0.0,0.5310576278444015,-0.3281412108950907,False,
NLRP10,-0.1999999999999999,0.3333333333333332,0.726975229787334,-0.6543457532513932,False,
NLRP3,-0.0666666666666666,-0.1999999999999999,0.315533188405116,-0.3765389989111023,False,
NLRX1,0.5,-0.125,-0.4213830925878085,-0.0449633679059986,False,
NMB,-0.25,0.125,-0.1351005553167354,0.4405761278912607,False,
NMD3,-0.375,0.125,0.1433443431552063,-0.17719543093119,False,
NME1,-0.6470588235294117,0.0588235294117647,0.460068722605639,-0.4723041693982062,False,
NME3,0.0,0.6666666666666667,0.1171719173771575,1.0847323971842688,False,
NME4,-0.25,0.0,0.1623358729724204,0.2838585984533879,False,
NME5,0.25,0.5,-0.207240063877137,0.0664882243196811,False,
NME6,0.375,-0.125,-0.4064300786040765,0.7624606896490624,False,
NME7,0.0,0.125,0.0278511458574605,-0.6626479621199399,False,
NMI,0.125,-0.375,0.0864050977483355,0.9145114696811608,False,
NMNAT1,0.625,0.125,-0.746270723127193,0.5881313461015892,False,
NMNAT2,0.125,-0.25,0.2866889436730039,-0.1386653878557529,False,
NMRAL1,-0.125,0.375,0.0386905479961289,-1.3728480885498588,False,
NMRK1,0.5,0.625,-0.2338850707380775,0.2944563707238745,False,
NMT1,0.0,0.0,0.378402328143009,-0.0796761584174738,False,
NMT2,-0.5,-0.375,0.726664074556211,0.1695684605881755,False,
NNMT,0.7777777777777777,0.2222222222222223,-0.8421343983099205,0.0372463108867187,False,
NNT,0.0,-0.125,-0.365651737963705,-1.025081714204552,False,
NOA1,0.1111111111111111,0.2222222222222223,-0.278335819840311,-0.0238970973148968,False,
NOB1,0.0,0.375,0.2735149474150802,0.1212485707658501,False,
NOC2L,-0.625,0.25,0.60780154105856,0.4158109268799066,False,
NOC3L,-0.375,-0.25,0.2031623374509464,0.1474582063189098,False,
NOCT,0.0,-0.5,0.544216697968454,-0.2641802544217158,False,
NOD1,0.375,0.25,-0.3915139287713189,0.0608946160596004,False,
NOG,0.5294117647058822,-0.1764705882352941,-0.511749866487412,0.2856858180644406,False,
NOL10,-0.25,-0.25,0.501991932129396,-0.155188323911305,False,
NOL11,-0.375,0.125,0.1939876393265645,-0.0502544628727572,False,
NOL12,-0.5294117647058822,0.1764705882352941,0.165547105979394,-0.2120032240900595,False,
NOL3,0.625,0.0,-0.5878858376528879,0.5537965033831909,False,
NOL6,-0.25,0.375,0.2234242904541598,-0.4148151669800284,False,
NOL7,-0.2222222222222223,-0.2222222222222223,0.2269567426504355,0.4262831513620493,False,
NOL8,0.125,-0.125,-0.4198359230334335,-0.617474745958293,False,
NOL9,-0.375,0.0,0.1755553796866735,-0.3759724792079193,False,
NOLC1,-0.25,-0.125,0.7339045666715189,-0.2918885734122773,False,
NOM1,-0.2222222222222223,-0.1111111111111111,0.287880427680442,-0.0709516804732754,False,
NOMO1,-0.625,0.0,0.5705236710516045,0.1421560713148444,False,
NOMO2,-0.375,0.25,0.745632436965098,0.8622085214632648,False,
NOMO3,-0.3333333333333332,-0.1999999999999999,0.805086891820658,0.8112611960940789,False,
NONO,-0.5,-0.25,0.59745226995197,-0.7391004698204977,False,
NOP10,-0.1111111111111111,0.1111111111111111,0.135076178930911,-0.8200842267946761,False,
NOP14,-0.25,-0.25,0.133252150763868,0.1599736676034369,False,
NOP16,-0.25,0.125,0.2737368829932615,-0.2708285930938654,False,
NOP56,-0.5,-0.25,0.5184045110162235,0.3051512437963555,False,
NOP58,-0.25,-0.125,0.293890149506265,-0.3805483000578444,False,
NOS1AP,0.3333333333333332,0.3333333333333332,0.176642710601283,0.0144697812186389,False,
NOSIP,-0.375,0.125,0.3298765542155469,-0.1179013238095656,False,
NOTCH1,-0.5,-0.375,0.4056481558074369,0.429926022715045,False,
NOTCH2,0.375,-0.375,-0.50457315261225,-0.7395817978630701,False,
NOTCH3,0.0,0.1111111111111111,0.0709806845911619,0.4438091359758911,False,
NOTCH4,0.25,0.25,0.1206995300295827,0.7734875422570344,False,
NOTUM,0.0666666666666666,-0.0666666666666666,-0.177133615556438,0.9425556199355088,False,
NOX4,0.625,0.125,-0.6945422419425424,-0.5150070192300075,False,
NOXA1,-0.0666666666666666,0.6000000000000001,0.145915479874642,0.1818039981838616,False,
NPAS1,-0.0666666666666666,-0.0666666666666666,0.233993771901561,0.0078308110757507,False,
NPAS2,0.875,-0.375,-0.990593648922648,-0.462150449697658,True,1.0
NPAT,0.125,-0.25,-0.409459905307453,1.7178651658182011,False,
NPC1,0.25,-0.25,-0.1092724769173191,0.1080890739352118,False,
NPC2,0.25,0.0,-0.364335964916115,0.1197002900595003,False,
NPDC1,-0.375,0.25,0.508767815172432,-0.209007787565232,False,
NPEPPS,-0.125,0.0,0.547765925314826,0.0805142836878163,False,
NPHP1,-0.125,0.25,-0.048054268823387,-0.9450387006714008,False,
NPHP3,0.7333333333333334,-0.3333333333333332,-0.2307197619375,0.1966968726229483,False,
NPHP4,0.0,0.0,0.1305682948675995,0.116760167747193,False,
NPL,0.875,0.0,-0.455968032342081,0.3422982666202765,True,1.0
NPLOC4,-0.375,0.125,0.4408040931835485,-0.2901944449207794,False,
NPM1,-0.375,0.0,0.4338402981204989,-0.1877903081149186,False,
NPM3,-0.25,0.25,0.3104292559413208,0.1093191292706716,False,
NPR2,0.625,0.0,-0.458136601717116,0.2303548179370795,False,
NPR3,0.5,-0.375,-0.8605707297083665,0.2442303357640951,False,
NPRL2,-0.125,0.25,-0.1108297465853289,0.2976061311212299,False,
NPRL3,-0.125,-0.125,-0.122727652363237,0.0645732602260666,False,
NPTN,0.0,0.0,0.144649416087268,0.1783703716223135,False,
NPTX1,-0.1764705882352941,-0.411764705882353,-0.0762593466063526,1.1506018883616824,False,
NPTXR,0.1764705882352941,0.0588235294117647,-0.430361393363355,1.3846432827827155,False,
NQO1,-0.375,0.125,0.7376689639023706,-0.1144421286729926,False,
NQO2,-0.375,0.125,0.0797188555187523,-0.1048823852799758,False,
NR1D1,-0.1111111111111111,-0.1111111111111111,0.106022543307795,0.0685196381720074,False,
NR1D2,-0.375,0.0,0.445070893294326,0.1905054578798757,False,
NR1H2,0.375,0.25,0.0246315299865721,-0.1511309754699965,False,
NR1H3,0.25,0.75,-0.091234257956734,-0.1098472964235641,False,
NR2C1,0.25,0.25,-0.0931612457144087,0.0273209010544785,False,
NR2C2,0.125,-0.375,-0.2326649013937035,-1.592369955088668,False,
NR2C2AP,-0.5,-0.25,0.1447711536647109,-0.4641213299847189,False,
NR2F1,0.375,0.5,-0.667978455725189,0.2286589315663092,False,
NR2F2,-0.25,0.375,0.2050693286152199,0.2252923739074543,False,
NR2F6,-0.3333333333333332,-0.3333333333333332,0.494913154373414,0.5540152894387607,False,
NR3C1,-0.25,-0.625,0.137758321775661,0.233285054925973,False,
NR3C2,0.125,0.125,-0.0248793848559204,-0.0798842164654893,False,
NR4A1,-0.0666666666666666,0.0666666666666666,-0.0109297519587708,0.4565655296420008,False,
NR4A2,0.125,-0.25,-0.5221409308730125,0.2879671333919438,False,
NR4A3,0.1999999999999999,0.0666666666666666,-0.159297182931404,0.3083599086361923,False,
NR6A1,-0.1999999999999999,-0.0666666666666666,0.014810270251187,-0.0414901111449768,False,
NRARP,-0.4666666666666665,0.1999999999999999,0.628155586810909,0.3844508567405145,False,
NRAS,-0.3333333333333332,-0.2222222222222223,0.4182897436411324,0.3204493618574755,False,
NRBF2,0.375,0.25,-0.5340033336807415,0.0317564962269232,False,
NRBP1,-0.25,0.125,0.1772821472474708,0.3251379159690097,False,
NRBP2,0.5,0.0,-0.4766630178268319,0.1765073623840742,False,
NRDE2,0.25,-0.25,-0.4173449678787735,-0.1706180439762632,False,
NREP,0.125,0.0,0.452659421553726,-0.4156259206040951,False,
NRF1,0.0,-0.25,0.0847405717614511,0.2173230626484517,False,
NRG1,-0.125,-0.25,0.5561545918086265,-0.2996543009430574,False,
NRG2,-0.1999999999999999,0.3333333333333332,0.530634858350376,0.1038554405215883,False,
NRGN,0.0666666666666666,-0.1999999999999999,0.0744572280353254,0.0460550052971191,False,
NRIP1,-0.25,0.0,0.5222232838677,0.041257161358406,False,
NRIP3,-0.375,-0.25,0.513861834019255,-0.5935733722768395,False,
NRL,0.0,0.0,-0.302701902419904,-0.2225136243693319,False,
NRM,-0.6000000000000001,0.0666666666666666,0.70832518770573,-0.1430232230142012,False,
NRN1,-0.5294117647058822,-0.1764705882352941,0.158892646305289,0.0758825635452016,False,
NRP1,-0.25,-0.75,0.368971589336986,-0.4305065549674407,False,
NRP2,0.625,-0.125,-0.3950653935759935,-0.2067446511653963,False,
NRROS,0.1999999999999999,-0.0666666666666666,0.137546788061715,0.1382274491616605,False,
NRSN2,-0.375,0.25,0.4926250996009714,0.0855411246016815,False,
NRXN3,-0.3333333333333332,0.0666666666666666,0.625530065940747,-0.1656639942366031,False,
NSA2,0.125,0.375,0.1408239096642595,-0.0670841683290855,False,
NSD1,-0.125,-0.125,0.0723387467276591,0.8208806251276193,False,
NSF,-0.5,0.0,0.3707187388409725,-0.9411423857295258,False,
NSFL1C,-0.375,0.125,0.59211578051922,-0.1590062665690292,False,
NSL1,-0.375,0.25,0.4053168440930995,-0.005590340630498,False,
NSMAF,0.5555555555555556,-0.3333333333333332,-0.6401325446986945,0.1182037782253222,False,
NSMCE1,0.125,0.125,0.0791885489639205,-0.1245509414726127,False,
NSMCE2,0.1111111111111111,0.1111111111111111,-0.5381994709442814,-0.8944199881737123,False,
NSMCE4A,-0.25,-0.125,-0.151938081783472,0.1308526011192503,False,
NSMF,0.625,0.25,-0.994116734288681,0.5584837274880425,False,
NSRP1,0.25,-0.25,-0.2064605712027835,-0.2140012843537564,False,
NSUN2,-0.375,0.0,0.5027889382512425,0.2787642277129687,False,
NSUN4,0.5,-0.25,-0.7216123827329399,-0.0162447182430502,False,
NSUN5,0.0,0.125,0.2007591170747553,0.2534069233364923,False,
NSUN6,0.5555555555555556,-0.1111111111111111,-0.6187416217054895,-0.0270696236503016,False,
NT5C,-0.3333333333333332,0.0,0.2728902861303725,0.4933314326094713,False,
NT5C2,0.25,-0.25,-0.6781627268546675,0.3723752604361632,False,
NT5C3A,0.0,-0.25,-0.0715573250429275,0.025506919030489,False,
NT5C3B,0.0,0.125,0.16861062787105,0.8988597016546145,False,
NT5DC1,0.125,0.375,0.1044163536115714,0.1049614103340084,False,
NT5DC2,-0.125,0.125,0.0524605909523824,0.3705777242173989,False,
NT5DC3,0.375,-0.5,-0.6758247384457305,-0.2715701804783408,False,
NT5E,-0.625,-0.375,0.6869626717209735,0.1321536555591587,False,
NT5M,0.3333333333333332,-0.4666666666666665,-0.24273478087445,0.2965350520697059,False,
NTAN1,0.2222222222222223,-0.2222222222222223,-0.153186427720083,0.2276546639976939,False,
NTF3,0.0,0.25,0.2960791370644275,0.4933125431448799,False,
NTHL1,-0.3333333333333332,0.3333333333333332,0.506075683545288,0.3972002001637296,False,
NTM,-0.25,0.0,0.4132425496847445,-0.3289290017728317,False,
NTMT1,-0.375,-0.125,0.614567201549727,-0.0332815242425956,False,
NTN1,0.5294117647058822,-0.0588235294117647,-0.281254061316188,-0.0964935163931594,False,
NTN4,-0.5,-0.125,0.572913885549061,0.0697542226726286,False,
NTNG1,-0.5,-0.25,-0.0498379438831218,-0.5140352740765564,False,
NTNG2,-0.0666666666666666,0.0666666666666666,0.0671881664063114,0.2731662351169972,False,
NTPCR,0.25,0.125,-0.231637321848136,-0.4225348694822797,False,
NUAK1,-0.125,-0.25,0.079207036427345,-0.0871430906123529,False,
NUAK2,-0.25,-0.125,0.5736889503130256,0.5262979059943262,False,
NUB1,0.5,-0.125,-0.589159684131637,0.1967236178786313,False,
NUBP1,-0.25,0.125,0.1075023947698195,-0.1681371875832287,False,
NUBP2,-0.125,0.375,0.4050575914489415,0.0487855664360687,False,
NUBPL,0.0,-0.125,-0.0851928426033492,0.4676725281745775,False,
NUCB1,0.25,-0.25,-0.3242728441212755,0.0220712488005929,False,
NUCB2,-0.375,0.25,0.2823978994353325,-0.1335060985917859,False,
NUCKS1,-0.25,-0.25,0.439781501526464,0.1567605811429788,False,
NUDC,-0.5,-0.125,0.3008513031553125,0.3971132595948274,False,
NUDCD1,-0.25,-0.5,0.242442975293246,-0.1733113938374417,False,
NUDCD2,0.5,-0.25,-0.554388682134351,0.4864528721312469,False,
NUDCD3,-0.375,0.125,0.3062316739674055,0.0984583966084171,False,
NUDT1,-0.625,0.25,0.5510395890834215,-0.0305825683327038,False,
NUDT11,-0.1111111111111111,0.0,0.4202582388422125,-0.2225923946575263,False,
NUDT12,0.25,-0.25,-0.3115295704580235,-0.1679083521099569,False,
NUDT13,-0.375,0.25,-0.0306693811313297,-0.208645764075837,False,
NUDT14,0.3333333333333332,0.1999999999999999,-0.12450551900517,0.4412251620064276,False,
NUDT15,-0.2222222222222223,-0.1111111111111111,0.2039370902580365,0.0411085148465382,False,
NUDT16,0.125,0.25,-0.4264551202911349,1.5209698708201242,False,
NUDT16L1,-0.125,0.5,0.1323554686016578,0.3523963215966272,False,
NUDT17,0.125,0.125,-0.0045871010476356,0.4850694529904262,False,
NUDT18,0.2222222222222223,0.2222222222222223,-0.2762097019042835,0.3830589955549492,False,
NUDT19,0.0,-0.2222222222222223,0.1292977818903315,-0.1604592069789419,False,
NUDT2,0.375,0.25,-0.0548429130623892,-0.1002396873516926,False,
NUDT21,0.125,-0.125,-0.4810786474699315,-0.2470238876289658,False,
NUDT22,-0.4444444444444444,0.3333333333333332,0.563911077304251,1.0843888187035726,False,
NUDT3,0.1111111111111111,0.0,0.0380634005495855,0.8038086540153755,False,
NUDT4,0.375,0.25,-0.2416676920659985,-0.4734428557766705,False,
NUDT5,0.0,0.25,-0.2593405879167605,-0.169389005570069,False,
NUDT6,-0.125,0.125,-0.0869959807749272,-0.5017400907874441,False,
NUDT7,-0.0666666666666666,0.3333333333333332,0.013155351647538,-0.1042193233956489,False,
NUDT8,-0.0666666666666666,0.3333333333333332,0.0188850483241153,0.1425174454148456,False,
NUDT9,0.375,0.25,-0.3420062905829695,-0.4151990273899371,False,
NUF2,-0.375,0.0,0.625321094640363,-0.7407191289008408,False,
NUFIP1,-0.3333333333333332,-0.1111111111111111,0.4554584718086695,-0.1850987560205008,False,
NUFIP2,0.6666666666666667,-0.5555555555555556,-0.717812337563438,-0.3060570680247978,False,
NUMA1,0.125,-0.125,-0.389360074727907,-0.2364441119165268,False,
NUMB,0.0,0.0,0.020839625833426,-0.5114295116306544,False,
NUMBL,0.2222222222222223,0.0,-0.193688659212734,0.171163894967647,False,
NUP133,-0.25,0.0,0.3088917508917335,-0.0142331230426169,False,
NUP153,-0.5,-0.375,0.3752163230849394,0.2189982355049169,False,
NUP155,-0.625,-0.375,0.4250273870788115,-0.4644236726749566,False,
NUP160,0.0,-0.5,-0.127553578679423,0.3516177737663453,False,
NUP188,-0.375,-0.25,0.2248263816987945,-0.7510560316599637,False,
NUP205,-0.5,-0.375,0.706900505805332,-0.4424421495334751,False,
NUP214,-0.25,-0.125,0.0204701210048077,-0.317712588541283,False,
NUP35,-0.5,-0.25,0.1402906915045986,-0.1212055403558982,False,
NUP37,0.1111111111111111,0.0,-0.232504535735119,0.1132788111807392,False,
NUP43,-0.5,-0.25,0.4179078157518405,-0.0332909668480079,False,
NUP54,-0.25,0.0,0.1707431681960335,-0.1630810974875562,False,
NUP62,-0.1999999999999999,-0.1999999999999999,0.418355563302201,0.2746614864639523,False,
NUP85,-0.5,0.25,0.2381086435523114,0.1237791267533521,False,
NUP88,-0.75,0.125,0.4945250679804515,-0.1573524642954962,False,
NUP93,-0.625,0.0,0.718382579886769,-0.4942541838513472,False,
NUP98,0.25,-0.625,-0.0341762513191313,-0.3867385969409482,False,
NUPR1,0.5555555555555556,-0.3333333333333332,-0.7518760992213135,-0.2855752903906794,False,
NUS1,-0.1111111111111111,-0.1111111111111111,0.109007700516492,0.1799510326057869,False,
NUTF2,-0.375,0.0,0.738370172459502,0.0338977657796339,False,
NVL,-0.5,-0.125,0.2410912448480044,-0.0528208356467403,False,
NXF1,0.25,-0.25,-0.393615817083694,-0.3090093433476031,False,
NXN,0.125,-0.375,0.0999217123163925,0.0105812824245123,False,
NXNL2,-0.3333333333333332,0.0666666666666666,0.315052442733405,-0.1942764990591463,False,
NXPE3,-0.5,0.0,0.1589752857504435,-0.0565168972399097,False,
NXPH3,0.4444444444444444,0.0,-0.658519632209852,0.7032839936909245,False,
NXPH4,0.0666666666666666,0.0666666666666666,-0.0347946268673605,0.2879749671527785,False,
NXT1,-0.2222222222222223,0.0,0.2621697145271705,0.0110685626162423,False,
NXT2,0.0,0.0,-0.4781637130760005,-0.3463380395563806,False,
NYAP1,-0.0666666666666666,-0.1999999999999999,0.0182346782172346,0.6673750005051693,False,
NYNRIN,-0.4444444444444444,0.1111111111111111,0.356051466409539,0.1196903388232193,False,
OAF,-0.5555555555555556,0.1111111111111111,0.500369098466915,0.0669605075837047,False,
OARD1,0.125,0.25,-0.523606027629431,0.3836758720933311,False,
OAS1,0.5,-0.25,-0.0799174006702444,-0.4860994152058682,False,
OAS2,0.5,-0.375,-0.0844411540887053,-0.5935376185179577,False,
OAS3,0.25,-0.25,-0.0970787989615009,0.2684123962772597,False,
OASL,0.3333333333333332,-0.3333333333333332,-0.128879288017047,-0.4710190526815048,False,
OAT,0.125,0.125,-0.2124273708379865,0.232002336874963,False,
OAZ1,0.1999999999999999,-0.1999999999999999,-0.08033991186599,0.3007869529245823,False,
OAZ2,-0.875,0.375,0.8422532222082215,0.0903126010062957,False,
OAZ3,0.0666666666666666,0.4666666666666665,-0.206736869733417,-0.0026678275902897,False,
OBSCN,-0.0666666666666666,-0.0666666666666666,-0.0562770509743305,0.0424909476069883,False,
OBSL1,0.25,0.25,-0.339903423637509,0.3326140254136329,False,
OCEL1,0.4444444444444444,0.2222222222222223,-0.0785846698878019,-0.0946772783127167,False,
OCIAD1,0.125,-0.25,-0.2938295206847044,-0.2233741388020065,False,
OCIAD2,-0.625,0.25,1.013704938033111,-0.7768436951087625,False,
OCLN,-0.4666666666666665,-0.0666666666666666,0.658722172119349,0.6306217365423084,False,
OCRL,-0.125,-0.125,-0.0377535398244561,0.7283312931725809,False,
ODC1,-0.5,-0.25,0.6227726698533895,0.5584651739964266,False,
ODF2,-0.375,0.0,0.564837072347434,-0.1171956490717498,False,
ODF2L,0.25,-0.375,-0.428194274859397,-0.2480544981677823,False,
OGDH,0.25,0.0,0.0217304015383505,0.1158835468020993,False,
OGFOD2,0.1999999999999999,0.3333333333333332,-0.399967190528739,-0.0420174059663622,False,
OGFOD3,-0.375,0.25,0.886037418466588,0.6276756918074919,False,
OGFR,0.0,0.125,-0.090766620024183,0.0600288357084861,False,
OGFRL1,0.0,0.0,0.221835964837607,-0.1245737132136826,False,
OGG1,0.25,0.125,-0.165619477736168,-0.1148825955731851,False,
OGT,0.5,-0.25,-0.6040072690850085,-0.55674802671245,False,
OIP5,-0.4444444444444444,0.0,0.37532568102144,-0.309010959027546,False,
OLA1,-0.25,0.0,0.6250076185597471,0.2902789979471061,False,
OLAH,0.8666666666666667,-0.4666666666666665,-0.919199482017902,0.3905638732541412,True,1.0
OLFM2,-0.411764705882353,-0.2941176470588236,0.204864208186575,0.0554692386048563,False,
OLFML2A,0.625,-0.25,-1.007764839864897,0.0711586659806047,False,
OLFML2B,0.25,0.0,-0.2449924515380502,-0.2920389386912347,False,
OLFML3,0.625,-0.125,-0.780535635579824,-0.0025708282629013,False,
OMA1,0.1999999999999999,0.0666666666666666,-0.210895048366042,-0.2368232061643049,False,
ONECUT2,0.375,0.0,-0.3656596068328105,0.237542407752048,False,
OPA1,-0.625,-0.125,0.543477044401868,-0.3934034295504296,False,
OPA3,0.1111111111111111,-0.3333333333333332,-0.0457960687010914,-0.209758328709507,False,
OPCML,-0.1999999999999999,0.3333333333333332,0.931254143190809,0.1473849782890134,False,
OPHN1,0.5,0.0,-0.094088333427508,0.2835317021920898,False,
OPLAH,-0.0666666666666666,-0.4666666666666665,0.317607715168584,0.4530879822739615,False,
OPN3,0.6470588235294117,-0.0588235294117647,-0.619722864715528,-0.8911934277751643,False,
OPTN,0.5,-0.125,-0.5763517085834015,0.3957157513903966,False,
OR1F1,0.1999999999999999,0.1999999999999999,0.0815374058398006,-0.6574773050694698,False,
ORAI1,-0.6470588235294117,-0.0588235294117647,0.809515507403744,0.7556121287210162,False,
ORAI2,-0.5,0.25,0.552492123521286,0.4215474316728673,False,
ORAI3,0.2222222222222223,0.1111111111111111,-0.4091326058639335,0.1566857156645826,False,
ORC1,-0.25,0.0,0.5096519641218891,-0.3307308659753545,False,
ORC2,-0.6666666666666667,-0.2222222222222223,0.318898251540067,-0.3813456675909781,False,
ORC4,0.0,-0.125,-0.154288566842375,-0.2298873701070394,False,
ORC5,-0.125,0.125,-0.1263503440729911,0.0391383493885562,False,
ORC6,-0.3333333333333332,0.1111111111111111,0.4905553978030404,-0.2998993145883744,False,
ORMDL1,-0.125,0.25,-0.344626547753124,-0.1861732749496516,False,
ORMDL2,-0.625,-0.125,0.3509229848106585,-0.437123275448615,False,
ORMDL3,0.0,0.25,-0.1863369320517426,-0.567175967364562,False,
OS9,0.125,0.5,-0.1875451424233342,-0.200179810354343,False,
OSBP,0.25,0.0,-0.3085919414053439,-0.0112751861991822,False,
OSBP2,-0.375,0.0,0.260815977060819,0.292888514735214,False,
OSBPL10,0.75,0.375,-0.8046770787587729,-0.5114594587624608,False,
OSBPL11,-0.1111111111111111,0.0,0.0873949545005121,0.2357561965510464,False,
OSBPL1A,0.375,-0.125,-0.7046433733301265,-0.0413401745629622,False,
OSBPL2,-0.25,0.0,0.2826350236978055,0.2576301789827497,False,
OSBPL3,-0.25,-0.25,-0.1622674376734535,-0.1407633089024642,False,
OSBPL5,0.75,0.25,-0.951796525214167,0.1039451467817511,False,
OSBPL6,0.375,-0.25,-0.234946277249678,0.5390256979732992,False,
OSBPL7,-0.25,0.0,0.203553174078835,0.1190788064569812,False,
OSBPL8,0.375,-0.125,-0.4954283538033245,0.0287310796830611,False,
OSBPL9,0.125,-0.125,-0.7150860482881349,-0.1985543705403025,False,
OSCP1,-0.25,0.75,0.1146505375249194,0.1978571239029172,False,
OSER1,0.625,-0.125,-0.5264712508671741,0.0460256630032396,False,
OSGEP,-0.375,-0.125,0.200411097228034,0.4900653139033035,False,
OSGEPL1,-0.25,-0.25,-0.21253433226068,-0.0355994108828658,False,
OSGIN1,-0.125,0.125,0.3813827528726325,0.000374459359631,False,
OSGIN2,0.25,-0.125,-0.6056949908847225,0.4644907694365425,False,
OSMR,-0.125,0.25,-0.0159147207166309,-0.9386414003709904,False,
OSR1,-0.2222222222222223,-0.3333333333333332,0.38113336096971,0.3411600742498983,False,
OSR2,0.1999999999999999,-0.1999999999999999,-0.236256235437138,0.5023140754262823,False,
OST4,-0.1111111111111111,0.2222222222222223,-0.0591018276453176,0.8383175131520564,False,
OSTC,0.25,0.25,-0.427073753904694,-0.1412537403467584,False,
OSTF1,-0.5,0.0,0.1059583923896278,0.0964165479377419,False,
OSTM1,0.125,0.25,-0.178227005639378,0.5931172418786965,False,
OTUB1,-0.625,0.25,0.6417963219451045,0.66517178982757,False,
OTUB2,-0.6000000000000001,0.3333333333333332,0.604919233481044,0.1515331843973215,False,
OTUD1,0.7777777777777777,0.0,-0.486107794660317,0.3985907246812066,False,
OTUD3,-0.1111111111111111,-0.2222222222222223,-0.063098159775173,0.2748196085565002,False,
OTUD4,0.0,-0.375,-0.1613189827474485,0.3228785170624277,False,
OTUD5,-0.125,-0.5,0.2563262085669885,0.0130153591560846,False,
OTUD7B,0.2222222222222223,-0.3333333333333332,-0.6869762820140275,-0.0063378057948977,False,
OTULIN,-0.375,-0.125,-0.1101904005948457,-0.0406836108935726,False,
OVGP1,0.4666666666666665,0.1999999999999999,-0.607455378646578,-1.295756411859285,False,
OXA1L,0.5,0.5,-0.283378554225742,0.1296862523210225,False,
OXCT1,0.125,0.125,-0.018843424450078,-0.6866565952467338,False,
OXLD1,0.1111111111111111,0.2222222222222223,-0.3406579598915065,0.4047702134382991,False,
OXNAD1,0.125,0.0,-0.1024024513886564,-0.6442688075935179,False,
OXR1,0.375,-0.125,-0.9784023838862336,-0.1177055112141585,False,
OXSM,0.4444444444444444,-0.2222222222222223,-0.4242755847231595,-0.2025160257324456,False,
OXSR1,0.2222222222222223,-0.2222222222222223,-0.1141831281113901,-0.0856208615197844,False,
OXTR,0.125,-0.25,-0.0476613151755705,0.3542305842778677,False,
P2RX4,0.625,0.0,-0.3125873282333985,0.3136413483358411,False,
P2RX6,-0.375,0.375,0.2367659439024115,0.140742806769289,False,
P2RY11,0.411764705882353,-0.5294117647058822,-0.419900548032348,1.2178492119999114,False,
P2RY2,-0.0666666666666666,-0.1999999999999999,-0.31631716983053,0.9222960530239503,False,
P2RY6,-0.0666666666666666,0.0666666666666666,-0.0171455608127643,-0.6174465649853311,False,
P4HA1,-0.375,0.0,0.574294872805353,-0.135664761654759,False,
P4HA2,-0.375,0.0,0.1976290351669425,-0.5227839774342513,False,
P4HA3,0.5,0.375,-0.485059477203743,-0.1521538653141907,False,
P4HB,-0.375,0.125,0.5857519918517605,0.2029485572277907,False,
P4HTM,0.125,0.25,-0.2469465066500629,0.1982514993292836,False,
PA2G4,-0.5,-0.375,0.696416487007848,0.130462450726462,False,
PAAF1,0.0,0.25,-0.093528284099212,0.0254869223077145,False,
PABPC1,-0.125,-0.125,0.234848574488131,0.1321990141027065,False,
PABPC1L,-0.0666666666666666,-0.0666666666666666,-0.0472043591849184,0.3660865190499143,False,
PABPC4,0.0,0.125,0.1341432332805796,0.4226936622801758,False,
PABPC4L,0.2222222222222223,-0.3333333333333332,-0.3728247658082195,-0.4223238417600498,False,
PABPC5,0.375,0.125,-0.3399093801700095,0.0802453801003815,False,
PABPN1,-0.125,0.0,0.173138399456381,0.2438007299487856,False,
PACRGL,-0.375,-0.125,-0.1906716083745875,0.1978172932820783,False,
PACS1,0.125,-0.25,0.136644260645749,0.0324876589616649,False,
PACS2,0.5,0.375,-0.3600305399420445,0.2927577944876036,False,
PACSIN2,0.5,-0.25,-0.270851853501858,-0.1007021283939582,False,
PACSIN3,-0.5,-0.125,0.355810096035321,0.2665008097078076,False,
PADI1,-0.7333333333333334,0.0666666666666666,0.58345143786824,0.3574603267321872,False,
PAF1,-0.5,0.0,0.4587169928162879,-0.1097289610634533,False,
PAFAH1B1,0.125,0.25,-0.266647055632393,0.1147493148851954,False,
PAFAH1B2,-0.25,-0.125,0.2416394879608242,0.1870626192787741,False,
PAFAH1B3,-0.7777777777777777,0.3333333333333332,1.0016575507741394,0.0493015861168288,False,
PAFAH2,0.375,-0.125,-0.250274289331119,-0.1661729452148903,False,
PAG1,0.411764705882353,0.0588235294117647,-0.369680707339554,0.2432368897566463,False,
PAGR1,-0.5294117647058822,0.0588235294117647,0.523452051267067,-0.1607579008109296,False,
PAICS,-0.3333333333333332,-0.2222222222222223,0.4668639865904325,0.2815223402264042,False,
PAIP1,0.5,-0.25,-0.3002165144197275,-0.0153527073694865,False,
PAIP2,0.25,-0.125,-0.3198383890631955,0.1190306110254275,False,
PAIP2B,0.2941176470588236,0.2941176470588236,-0.33224033995009,-0.4167032655112703,False,
PAK1,-0.625,-0.125,0.539736434810911,-0.1809411955261795,False,
PAK1IP1,0.2222222222222223,-0.1111111111111111,0.0963192633174836,-0.3960366735705729,False,
PAK2,0.0,-0.625,0.2787058198075789,0.2630530825929185,False,
PAK3,-0.3333333333333332,-0.1999999999999999,0.434519646900984,-1.3525505045868718,False,
PAK4,-0.25,0.0,0.5932086707042761,-0.0267594342648247,False,
PALB2,-0.25,-0.375,-0.197861165971595,-0.1920968951325807,False,
PALD1,-0.0666666666666666,-0.3333333333333332,0.136797649154991,0.7167666854763024,False,
PALLD,0.875,-0.125,-0.7886754228485885,-0.3729976651522801,True,1.0
PALM,0.7333333333333334,0.0666666666666666,-0.843497394552972,0.3915444960844287,False,
PALMD,-0.3333333333333332,0.0666666666666666,0.156830490016858,-0.4882372535682213,False,
PAM,0.125,-0.25,-0.2353645159084935,-0.1345477052820047,False,
PAM16,-0.25,0.25,0.264513963957821,0.3017883154203171,False,
PAMR1,0.125,-0.25,-0.333689983153593,-0.5320529649950778,False,
PAN2,0.5,0.25,-0.4852996973655594,-0.0532021223357812,False,
PAN3,-0.25,0.125,0.5148134567609179,0.0429647651733802,False,
PANK1,0.125,-0.125,-0.270661518457979,-0.2675295316115158,False,
PANK2,0.375,-0.25,-0.451060937839258,-0.0836147039175707,False,
PANK3,0.3333333333333332,0.0,-0.3803306142672925,0.0329044636155511,False,
PANK4,-0.25,-0.125,0.242215339556356,0.3424478898878647,False,
PANX1,0.4444444444444444,-0.3333333333333332,-0.4372288653102125,0.2359261513181105,False,
PAOX,0.1999999999999999,0.0666666666666666,0.0173967796231859,0.4789801557642583,False,
PAPLN,0.5,-0.125,-0.6466314753012835,-0.3466686765344229,False,
PAPOLA,0.0,0.125,-0.2130035980646125,-0.0788116736056525,False,
PAPOLG,0.25,0.0,-0.232567191011135,0.0965563006664811,False,
PAPPA,0.0,-0.125,-0.2424499958570845,-0.6438432995809276,False,
PAPSS1,0.4444444444444444,0.1111111111111111,-0.6187468714381065,0.0460437136514619,False,
PAPSS2,0.125,0.0,0.1608671840508821,-0.510711548071251,False,
PAQR3,0.0,-0.375,0.0080918394408797,0.6156008566005737,False,
PAQR4,-0.25,0.0,0.5090060855602515,0.342760490314713,False,
PAQR5,-0.1999999999999999,0.0666666666666666,0.724194847313896,-0.1887975711851743,False,
PAQR7,0.0,0.0,0.0343061277816584,0.5511705191623726,False,
PAQR8,-0.0588235294117647,0.411764705882353,0.180509384715522,-0.5032566182689661,False,
PARD3,-0.375,-0.25,0.4951605004819365,-0.2916565446842638,False,
PARD3B,0.5,0.125,-0.8634364489331965,0.2538653049823236,False,
PARD6A,-0.3333333333333332,0.3333333333333332,0.157851535154365,0.2671224394280362,False,
PARD6B,0.0588235294117647,0.0588235294117647,0.323730935581322,-0.0453822906422543,False,
PARD6G,-0.4666666666666665,0.1999999999999999,0.237916143692289,0.2712338534542997,False,
PARG,0.0,0.1111111111111111,-0.2349777042068717,0.0158396696614833,False,
PARK7,0.0,0.25,0.1210600310963604,0.1545501330875596,False,
PARL,-0.6000000000000001,0.1999999999999999,0.387321382387447,-0.2650257751971652,False,
PARN,-0.125,-0.125,-0.199326368684309,-0.2815326865301002,False,
PARP1,-0.375,0.0,0.7079815016677236,0.0894993503940528,False,
PARP10,0.25,0.0,-0.0564115600081075,-0.5486416684287985,False,
PARP11,0.375,0.125,0.0045793032355898,-0.0989230687368674,False,
PARP12,0.375,-0.5,-0.147907603657891,-0.80708323188977,False,
PARP14,0.375,-0.5,-0.4553986683551295,-0.1592408559431086,False,
PARP16,-0.125,0.125,-0.024406401876029,0.5027098090879405,False,
PARP2,-0.25,0.125,0.351404896333289,-0.0573209692044636,False,
PARP3,-0.25,0.25,0.224707254878044,-0.3287502775164719,False,
PARP4,0.1111111111111111,-0.2222222222222223,-0.3171857268732415,0.0196059290381316,False,
PARP6,0.625,0.0,-0.7968854785891205,-0.0548888779536578,False,
PARP8,0.125,0.0,-0.0140036718868731,0.4417507449689344,False,
PARP9,0.25,-0.375,-0.286885955286161,0.0279788760331798,False,
PARPBP,-0.25,-0.125,0.1456477635223789,0.2707576051873109,False,
PARS2,0.1111111111111111,-0.1111111111111111,-0.0223359344115231,-0.0952508172401782,False,
PARVA,0.125,0.25,0.0666959733618369,-0.1934299846115768,False,
PARVB,0.0,0.0,0.2831309032837455,0.1750810837838936,False,
PASK,-0.25,0.0,0.6471148054624536,-0.3165031421864823,False,
PATL1,-0.25,-0.375,0.1126933758176065,-0.0663455836534763,False,
PATL2,-0.1764705882352941,0.0588235294117647,-0.0014743788273556,-0.441532394447357,False,
PATZ1,0.375,-0.125,-0.1475102621629228,0.5906604033171574,False,
PAWR,-0.5,-0.25,0.3720878687389055,0.0014469561480989,False,
PAX8,0.1999999999999999,-0.3333333333333332,0.113143805132034,-0.2297719094845272,False,
PAXBP1,-0.5,0.25,-0.1377543847240767,0.2471235430912415,False,
PAXIP1,-0.5,0.0,0.266035309991968,0.1565394693571553,False,
PBDC1,0.125,0.0,0.0007587518696055,-0.4999901670623361,False,
PBK,-0.375,-0.125,0.2449770241314605,-0.2250144578221595,False,
PBLD,0.25,0.125,-0.4775945332356215,0.0073184533318759,False,
PBRM1,-0.25,-0.125,0.0854235758746055,0.4046024018262,False,
PBX1,0.0,0.125,-0.1037458467736297,-0.2033525859256921,False,
PBX2,-0.5,0.375,0.5760575893067255,-0.4889797068937476,False,
PBX3,0.375,0.125,-0.8154901806275314,0.1460264739567738,False,
PBX4,0.1999999999999999,-0.1999999999999999,-0.242558736360505,0.0753420409319662,False,
PBXIP1,0.0,0.5,-0.0796256372466694,0.0018413844816815,False,
PC,0.375,0.25,-0.295333016411457,0.2891048738056758,False,
PCBD1,0.0,0.2222222222222223,0.3671412722630575,1.1896132961709274,False,
PCBD2,0.375,0.0,-0.110422699539732,0.5080584492481082,False,
PCBP2,0.125,-0.25,0.1637742627159208,0.0417737512013114,False,
PCBP4,-0.5,-0.25,0.3165846856976325,-0.0606403708137284,False,
PCCA,-0.125,0.5,0.1188143434005185,-0.5839063893516991,False,
PCCB,-0.375,0.0,0.822353381630587,0.2407586907140371,False,
PCDH10,0.0,-0.3333333333333332,-0.281997757090175,-0.3953797523719641,False,
PCDH18,0.25,0.0,-0.805232557981246,-0.8707637659775664,False,
PCDH7,0.0666666666666666,0.3333333333333332,0.0380340492645105,0.0609271597838391,False,
PCDH9,0.5,0.375,-0.751620004433248,0.1246535863574713,False,
PCDHB14,0.2941176470588236,0.411764705882353,-0.0312715620713836,0.0461068100098296,False,
PCDHB6,0.375,-0.25,-0.20229745216244,0.2411302719558691,False,
PCDHGA1,-0.3333333333333332,0.0666666666666666,0.324474448845865,-0.5259563404105825,False,
PCDHGA10,0.125,-0.25,0.0731521645574409,-0.6180873056079345,False,
PCDHGA11,-0.0666666666666666,-0.3333333333333332,0.283760653183666,0.0620323963293872,False,
PCDHGA12,0.0666666666666666,-0.3333333333333332,0.0021794634527791,-0.1776932364895145,False,
PCDHGA7,0.0,0.0,-0.2201507901419405,0.6024675349757903,False,
PCDHGB1,0.125,0.0,-0.0202430107445119,-0.6821140606410213,False,
PCDHGB3,-0.125,0.0,0.034541193655741,-0.5928065837115206,False,
PCDHGB4,-0.4666666666666665,-0.0666666666666666,0.412798928849391,0.1498980704518687,False,
PCDHGB6,0.0,-0.25,-0.281946793645721,0.6786864935480614,False,
PCDHGB7,-0.5,0.125,-0.1970562585910837,-0.1384963227718616,False,
PCDHGC3,-0.375,-0.125,0.2248635527827684,-0.1164282015999194,False,
PCDHGC5,-0.1999999999999999,-0.1999999999999999,0.336267410553644,-1.1172702716409757,False,
PCED1A,0.375,0.125,-0.380386679377564,0.6307298793498575,False,
PCED1B,-0.0666666666666666,-0.0666666666666666,0.0764655014978364,0.2928190493708209,False,
PCF11,0.375,-0.25,-0.7043353147310816,-0.324885643211696,False,
PCGF1,0.0,0.5,-0.149648745572516,0.312042838201938,False,
PCGF2,-0.0588235294117647,-0.0588235294117647,0.0529013665147238,-0.4322492498496575,False,
PCGF3,0.125,0.125,0.0327614544893103,0.441801766830066,False,
PCGF5,0.75,-0.625,-0.428265725532283,0.4402814124092584,False,
PCGF6,0.0,-0.125,-0.092530500416028,0.6977379226075806,False,
PCID2,0.0,-0.125,0.1339068013026704,-0.2350244021614327,False,
PCIF1,0.375,-0.25,0.0627506712660797,0.3250566799561607,False,
PCK2,-0.3333333333333332,0.1111111111111111,-0.0003218308715798,-0.0393274987190594,False,
PCM1,0.125,-0.125,-0.5651809603781005,-0.2243560051757085,False,
PCMT1,-0.25,0.125,0.4089414760405225,0.1569426428722351,False,
PCMTD1,0.625,-0.125,-0.820353114108985,-0.0179885365973584,False,
PCMTD2,0.25,0.125,-0.7678616572207759,0.6480740271415995,False,
PCNA,-0.25,-0.125,0.4993941566823915,0.1890125941827332,False,
PCNP,0.125,0.125,-0.3634810531798965,-0.0635646078714038,False,
PCNT,-0.25,-0.25,0.494077899690002,0.5587181042212761,False,
PCNX3,0.0666666666666666,-0.4666666666666665,-0.0075161312054927,-0.3277867421462135,False,
PCOLCE,-0.125,0.375,-0.0498361018338608,0.0515347636665595,False,
PCOLCE2,-0.3333333333333332,0.1111111111111111,0.4180491615223625,-0.7647879765369954,False,
PCSK4,-0.3333333333333332,0.3333333333333332,-0.0067004669546732,0.0497917393831373,False,
PCSK7,-0.125,0.0,0.384800656073853,0.2162745985842113,False,
PCTP,0.25,0.25,-0.324587803823735,0.1927406910123479,False,
PCYOX1,0.0,0.125,-0.0656521626249995,0.3285315036766927,False,
PCYOX1L,-0.25,-0.25,0.0723342762888309,-0.1549241786515223,False,
PCYT1A,0.0,0.125,0.2252314815748675,-0.3175792443222174,False,
PCYT2,-0.125,0.25,0.150921758928217,0.3550849491145207,False,
PDAP1,-0.375,-0.25,0.2632829477420395,0.0564954622665672,False,
PDCD10,0.125,-0.25,0.0011557003485479,-0.4497569559337524,False,
PDCD11,-0.625,0.375,0.513637326156725,-0.4830676735937687,False,
PDCD1LG2,-0.2222222222222223,-0.1111111111111111,0.4394453015503955,-1.288572863072086,False,
PDCD2,-0.125,0.375,0.0641366111682704,0.0045535364894484,False,
PDCD2L,-0.411764705882353,0.1764705882352941,0.199001423104959,-0.230915221107826,False,
PDCD4,0.75,0.25,-0.6014378092816011,-0.3970955658329522,False,
PDCD5,0.5,-0.5,-0.2234537823770155,0.4613763177206968,False,
PDCD6,-0.0588235294117647,0.411764705882353,0.210185711575865,0.4944174033183092,False,
PDCD6IP,0.5,-0.5,-0.596407574724003,-0.0452127377878976,False,
PDCD7,-0.375,0.25,0.4154209236291385,0.3391531315061757,False,
PDCL,-0.125,0.125,-0.1538035967471533,0.0837460616515586,False,
PDCL3,-0.375,-0.125,0.376312980089923,0.1097342884537231,False,
PDE10A,0.0666666666666666,0.1999999999999999,-0.335040332955562,-0.4785356050779468,False,
PDE12,-0.1111111111111111,-0.5555555555555556,-0.0233771639317973,0.1878005608361421,False,
PDE1A,0.6000000000000001,-0.0666666666666666,-0.871130053606866,0.5413033138877751,False,
PDE1C,-0.375,-0.5,0.402928847374722,-0.4074579170224197,False,
PDE2A,-0.1999999999999999,-0.1999999999999999,-0.0091386001775846,0.6688457611103704,False,
PDE3A,-0.25,0.125,-0.066464495945643,-0.0499951947742647,False,
PDE3B,-0.1999999999999999,-0.0666666666666666,0.450069090352849,0.205602096920292,False,
PDE4A,0.875,-0.125,-0.651527869516349,0.2619578698064311,False,
PDE4B,0.0,-0.125,-0.0783411388193369,-0.5490779920530375,False,
PDE4C,0.0666666666666666,-0.0666666666666666,-0.348210788968672,0.0439198393438005,False,
PDE4D,0.375,0.0,-0.5437458696987439,-0.0844159158269901,False,
PDE4DIP,0.875,0.25,-1.0331554481607998,0.304564300225276,True,1.0
PDE5A,0.0,-0.375,0.0779405449625683,-0.4486699967789422,False,
PDE6D,0.125,0.125,0.0657176768252299,-0.3973251330341152,False,
PDE7A,-0.25,-0.125,0.2143667126656954,0.208760017971477,False,
PDE7B,0.125,0.0,0.00914791978792,-0.1728991048932049,False,
PDE8A,-0.25,-0.125,-0.4227981017034845,-0.1457405497072166,False,
PDF,-0.125,-0.125,0.432289253215461,0.1945764795753732,False,
PDGFA,0.5,-0.375,-0.1509509509161805,0.591869489110119,False,
PDGFC,0.0,-0.25,0.0513510199179302,-0.4727964344156987,False,
PDGFRA,0.375,0.125,-0.852248999043978,-0.0673829266244734,False,
PDGFRB,0.875,0.125,-0.7968057201337545,-0.1905450339330285,False,
PDHA1,-0.125,-0.25,0.663547784075224,0.0978520055789782,False,
PDHB,-0.75,0.125,0.9720002581878304,-0.4173839806990953,False,
PDHX,-0.125,0.125,0.4925584247345095,-0.7571000064718363,False,
PDIA3,-0.625,-0.125,0.7547401761066965,-0.0489580671616083,False,
PDIA4,-0.75,0.0,0.4789982811855044,0.2851751533254036,False,
PDIA5,-0.375,-0.25,0.3423992842958115,0.0917922205468073,False,
PDIA6,-0.625,0.125,0.1674402881684139,0.2195277451371242,False,
PDIK1L,0.0,0.25,-0.0874447323368231,0.5698925600087126,False,
PDK1,-0.5,0.125,0.8212792098070435,0.0128421343318376,False,
PDK2,0.25,0.375,-0.0820904535559667,0.0870415459910027,False,
PDK3,0.1999999999999999,0.0666666666666666,-0.154433911023654,0.2329402035020251,False,
PDK4,0.3333333333333332,0.1111111111111111,-0.4697144681805875,0.050856574448165,False,
PDLIM1,0.1111111111111111,0.0,0.1740854736452755,-0.3622671672104891,False,
PDLIM2,0.125,0.125,0.2480957821643984,-0.1710373595326402,False,
PDLIM3,0.0,0.125,0.300442428500143,-0.3485053720429281,False,
PDLIM4,0.375,0.0,-0.2285116375212725,-0.5311670524767989,False,
PDLIM5,0.0,-0.25,-0.0802731676501124,0.0717178335709118,False,
PDLIM7,-0.125,-0.125,0.2151724453288645,0.0518195395738052,False,
PDP1,0.125,-0.625,0.0022129644534494,0.3439566134278835,False,
PDP2,0.0,-0.3333333333333332,0.034045470879124,-0.3627496128843062,False,
PDPK1,-0.125,0.375,0.2747839830442845,0.3939248250103748,False,
PDPR,0.0,0.0,-0.0817274572431024,0.1395473949355112,False,
PDRG1,-0.1111111111111111,-0.1111111111111111,0.055132538233362,-0.3130637523358492,False,
PDS5A,0.5,-0.375,-0.7498695479492861,0.4779863855145185,False,
PDS5B,0.5,0.0,-0.4201828600473525,0.3578715300399753,False,
PDSS1,-0.75,0.0,0.588553875490375,0.1192759178504807,False,
PDSS2,-0.25,0.125,0.0108627951333501,-0.1580117063081929,False,
PDXDC1,-0.125,-0.125,0.1301161602461025,-0.007860204112406,False,
PDXK,0.5,0.125,-0.747018564321434,0.4296859024321549,False,
PDXP,-0.25,0.25,0.326018001007667,-0.7051079498269133,False,
PDZD11,-0.125,0.375,0.1218301976264853,-0.7464380520046183,False,
PDZD2,0.4666666666666665,-0.0666666666666666,-0.320755968650951,0.3936076616643924,False,
PDZD7,-0.7333333333333334,0.1999999999999999,0.50821756460145,0.0363410213295232,False,
PDZD8,-0.125,-0.125,-0.2525651056264025,0.22714287010248,False,
PDZRN3,-0.25,0.25,-0.2252724824443714,0.1295179459621942,False,
PEA15,0.25,-0.25,-0.0785144302284799,0.0149752170453032,False,
PEAK1,0.625,-0.125,-0.5159134988136684,-0.3323827322417005,False,
PEAR1,-0.125,0.0,0.4103981284422765,-0.1821706328566104,False,
PEBP1,-0.4444444444444444,0.1111111111111111,0.6299799756661766,0.3012337905036003,False,
PECR,-0.25,0.375,-0.2056605628468875,-0.2966391801793304,False,
PEF1,-0.375,0.0,0.3449456604051725,0.0976794896602437,False,
PELI1,0.125,0.125,-0.2244916078814565,-0.2588453751531006,False,
PELI2,0.25,0.125,-0.211162396447044,0.5088741416060725,False,
PELI3,-0.375,0.0,0.16598429103314,0.4981754948423424,False,
PELO,-0.0666666666666666,0.0666666666666666,0.228687306518899,0.0753195332623224,False,
PELP1,-0.5,0.25,1.015019373616113,-1.2553116420640238,False,
PEMT,0.125,-0.125,0.3962843010698015,-0.0886694062744362,False,
PEPD,0.125,0.125,-0.202039729436637,0.0740459750794473,False,
PER1,0.75,0.25,-0.9559624375011472,0.2041027942372952,False,
PER2,-0.625,-0.125,0.165091241999726,-0.0916681423351151,False,
PER3,-0.75,0.125,0.772569738812583,0.3720242729027951,False,
PERP,0.125,0.5,-0.0374617870001064,-0.1757637363571749,False,
PES1,-0.625,0.25,0.525893079241004,-0.0764406581720686,False,
PEX1,0.125,0.0,-0.676956710210302,-0.4749803992945627,False,
PEX10,-0.25,0.25,0.5661662645797185,0.4529200404641154,False,
PEX11A,0.3333333333333332,0.0,-0.5263359196294325,0.0641199183989996,False,
PEX11B,0.375,0.625,-0.3530385399104035,0.4558488860402465,False,
PEX11G,-0.0588235294117647,0.0588235294117647,-0.111554441049482,0.714433586696342,False,
PEX12,0.5,0.25,-0.529442365859758,0.0523656875822533,False,
PEX13,0.1111111111111111,0.1111111111111111,-0.297031766560673,-0.472737050986346,False,
PEX14,-0.375,-0.25,0.633424279030296,0.1241527878397898,False,
PEX16,-0.125,0.375,0.3007747040619425,0.1445794857596709,False,
PEX19,-0.25,-0.125,-0.034094405137805,-0.0034928329738947,False,
PEX2,0.375,0.375,-0.5682224254213135,-0.0879631743223372,False,
PEX26,0.125,-0.25,0.565359494808503,-0.1140181336009268,False,
PEX5,0.4444444444444444,0.1111111111111111,-0.2838411328048605,0.1488503386718385,False,
PEX6,-0.125,0.375,-0.2662458589255628,0.6548272229016692,False,
PEX7,0.25,0.0,-0.2918629249570745,0.0224086294027001,False,
PF4,0.4666666666666665,0.1999999999999999,-0.7981697609765,-1.387640453512739,False,
PFAS,-0.375,0.0,0.422666594531429,0.0523735758012551,False,
PFDN1,-0.25,-0.5,0.5036517963205714,-0.731365742597136,False,
PFDN2,-0.1111111111111111,0.0,0.3010123471666185,0.0684269977057825,False,
PFDN4,-0.5,0.125,0.4652174749675845,0.2193008447032309,False,
PFDN5,0.125,0.125,-0.1463563352669275,0.1511447073279175,False,
PFDN6,-0.6000000000000001,-0.3333333333333332,0.557816847213197,-0.4737433363399603,False,
PFKFB2,0.25,-0.375,-0.6956278895576276,-0.6690252269790964,False,
PFKFB3,-0.375,0.25,0.2191875517244265,0.4954299193503577,False,
PFKFB4,0.0,0.125,0.0910558332158757,-0.0565058691742734,False,
PFKL,-0.125,0.25,0.2608565115313714,0.5427516122375438,False,
PFKM,-0.25,0.125,-0.1164143268932333,-0.2126045863739381,False,
PFKP,-0.25,-0.25,0.484873930224081,0.0189035316348555,False,
PFN1,-0.2222222222222223,0.2222222222222223,0.4945602845289645,0.0729268383857237,False,
PFN2,0.125,0.0,0.3244747190492975,-0.0220905413591827,False,
PFN4,0.375,-0.375,-0.5864268920556045,0.4513507598384851,False,
PGAM1,-0.4444444444444444,0.5555555555555556,0.7081459087989346,-0.142621279833164,False,
PGAM5,-0.3333333333333332,0.0,0.6052196718745,0.5673745190760187,False,
PGAP1,0.25,-0.25,-0.3982142968624505,0.0325127538627345,False,
PGAP2,0.0,0.25,0.1184615693370045,-0.0346357571261468,False,
PGBD1,0.1111111111111111,0.1111111111111111,-0.45668033898265,0.0101872843243793,False,
PGBD2,-0.375,-0.25,-0.0947621708438942,0.345871128418199,False,
PGD,-0.5,0.25,0.6599945517398484,0.1675468544432452,False,
PGF,-0.125,-0.125,0.0797909358880948,0.2173168139428687,False,
PGGT1B,-0.125,0.25,0.133408613245979,0.1338677024065011,False,
PGK1,0.125,0.375,-0.1577330008996245,-0.0033007489055045,False,
PGLS,0.0,-0.2222222222222223,0.0539628451100796,-0.2924512701905944,False,
PGM1,0.25,0.25,-0.4325374923119155,-0.0733373478237182,False,
PGM2,0.25,-0.25,-0.212442113643045,0.1090755402261796,False,
PGM2L1,0.3333333333333332,0.0,-0.46564243826319,-0.1479023216704351,False,
PGM3,-0.375,0.0,0.1632611775559921,-0.3576419279639746,False,
PGP,-0.3333333333333332,0.0,0.6017920856013125,0.3988495909300784,False,
PGPEP1,0.0,0.25,0.0926540066688988,0.5019956968671779,False,
PGRMC1,-0.25,0.0,0.1864395524303205,0.1656982649112575,False,
PGRMC2,0.25,0.125,-0.2867346174129435,-0.2042210428712643,False,
PGS1,0.125,0.125,-0.231902695142205,-0.1020616229494431,False,
PHACTR1,0.25,0.0,-0.0043659252883021,-0.4505432926485739,False,
PHACTR2,0.25,-0.375,-0.6500711253789364,0.0343856806899047,False,
PHACTR4,0.0,-0.375,-0.15032508939538,-0.2317707779463669,False,
PHAX,0.0,0.125,0.2241254975705345,0.4143003705294692,False,
PHB2,-0.125,0.25,0.2800288262209925,-0.4568363319042754,False,
PHC1,0.25,-0.25,-0.1366975544991248,-0.4098805845593185,False,
PHC2,0.25,0.0,-0.0915368378188555,0.0267605842823033,False,
PHC3,0.375,-0.25,-0.4806409854307875,-0.0845917133118576,False,
PHF1,-0.125,0.0,-0.1072482464135423,0.4530968943862379,False,
PHF10,0.25,0.0,-0.3468707523667604,0.0217268088180477,False,
PHF11,0.0,-0.125,0.1428870341980135,-0.0431157320246491,False,
PHF12,-0.25,0.125,0.3328914558864145,-0.1610020713121952,False,
PHF13,-0.1111111111111111,-0.2222222222222223,0.320770208454879,0.2788982688907193,False,
PHF14,-0.375,0.0,0.359023605494723,-0.1567726117068146,False,
PHF19,-0.25,0.125,-0.3715655644937995,0.4142542154158479,False,
PHF2,0.125,0.0,-0.330755037581413,0.3194166758145398,False,
PHF20,0.125,-0.75,0.0876677470553985,0.1294663115656402,False,
PHF20L1,0.375,-0.375,-0.648129989820788,0.0997678316823797,False,
PHF21A,0.25,-0.375,-0.3558467034588125,0.2008016391427016,False,
PHF23,0.125,0.125,0.378713025216068,-0.1526669003337346,False,
PHF3,0.0,-0.25,-0.4709818839480325,0.1823424148247197,False,
PHF5A,0.1111111111111111,-0.1111111111111111,0.1230952779217718,-0.5143824926125551,False,
PHF6,-0.125,0.0,0.1977089584611024,-0.072495133188617,False,
PHF7,0.25,0.125,-0.562268328027987,0.2307791285197318,False,
PHF8,-0.125,-0.125,-0.093935727651239,-0.0319535125437329,False,
PHGDH,-0.25,-0.375,0.0060573862443433,-0.0068761337305485,False,
PHIP,-0.125,-0.125,-0.079232523137445,0.1362138411492406,False,
PHKA1,0.625,-0.125,-0.619934114175518,0.1753893797676899,False,
PHKA2,0.125,0.125,-0.0108200506969707,0.2972752994731671,False,
PHKB,0.0,0.0,-0.2237277227705118,0.0556877885648101,False,
PHKG2,-0.625,0.5,0.444527225993571,0.3774842658729485,False,
PHLDA1,-0.5,-0.5,0.6715120528388765,-0.0806855702067514,False,
PHLDA2,-0.2941176470588236,-0.1764705882352941,0.418942946061249,0.7618722121917856,False,
PHLDA3,0.3333333333333332,-0.1111111111111111,-0.541652107191853,0.2295817982364232,False,
PHLDB1,0.625,0.125,-0.5979437095807449,-0.1144105276875393,False,
PHLDB2,-0.5,0.0,0.588384627681656,-0.6870966694000282,False,
PHLDB3,0.125,-0.125,0.0521633328819303,0.2315997095154962,False,
PHLPP1,-0.25,0.25,0.0031421803252252,-0.2138737799791483,False,
PHLPP2,0.0,-0.375,-0.0274955368694987,0.4543418461901278,False,
PHPT1,0.0,0.5,-0.0706777292093351,0.25895407467734,False,
PHRF1,-0.125,0.125,0.0726628494988281,0.2415248240008809,False,
PHTF1,-0.125,-0.125,0.467345115844058,0.2719934086351934,False,
PHTF2,-0.125,-0.125,0.1813180271340175,-0.6002239772536807,False,
PHYH,0.25,0.25,-0.621798371943111,0.1977014479749876,False,
PHYHD1,0.0666666666666666,0.3333333333333332,0.0764601757686221,0.080553010903666,False,
PHYHIP,-0.0666666666666666,0.0666666666666666,-0.0282497138029193,-0.5094969671744098,False,
PHYKPL,0.625,-0.625,-0.715935712139214,0.493708630365234,False,
PI4K2A,0.125,-0.625,-0.0538104354264032,-0.0972795454832367,False,
PI4K2B,-0.375,0.0,0.6605860031637265,0.2671342957249336,False,
PI4KA,0.0,-0.125,-0.0521029565098169,0.2532843472278516,False,
PI4KB,0.25,0.0,-0.170076675230773,-0.1197308094776614,False,
PIANP,-0.3333333333333332,0.3333333333333332,0.384537010216524,-0.096627023381044,False,
PIAS1,0.625,-0.5,-0.6894944721824015,-0.0423358551111729,False,
PIAS2,-0.125,0.5,-0.1401638802624683,0.6777119800682019,False,
PIAS3,0.5,0.125,-0.280504244250553,0.187161840347275,False,
PIAS4,-0.1111111111111111,-0.3333333333333332,0.3492435732162979,0.5407797033476252,False,
PICALM,0.25,0.0,0.1528057143777464,0.1016469192871674,False,
PICK1,-0.625,0.125,0.5150475644779431,0.1075421535094476,False,
PID1,0.625,-0.25,-0.6350752016117065,0.0563363031011681,False,
PIEZO1,0.0,-0.375,0.419907396402267,-0.0289952530049393,False,
PIF1,-0.25,-0.125,0.244014143699709,-0.0627357516891908,False,
PIGA,0.125,-0.125,-0.074111401172893,0.2369646491119965,False,
PIGB,0.0,0.25,-0.3760143211016264,-0.0240476231307984,False,
PIGC,0.5,0.375,-0.588930717132855,-0.58579932156051,False,
PIGF,-0.125,0.25,-0.1569588071064183,-0.0369133798582326,False,
PIGH,0.4444444444444444,-0.1111111111111111,-0.7423628504672954,0.1820311075526448,False,
PIGK,-0.375,0.125,0.054422402385501,-0.0520404549361148,False,
PIGL,-0.375,0.25,-0.1276717896936293,-0.385374217897058,False,
PIGM,-0.411764705882353,0.1764705882352941,0.147567160625847,-0.2329389929351182,False,
PIGN,0.125,0.0,-0.1430201086371325,-0.0505253315993705,False,
PIGO,0.0,-0.125,0.0662757584201813,0.4030165688944958,False,
PIGP,0.25,0.125,-0.342168900095736,0.137567798862582,False,
PIGQ,-0.125,0.375,0.19996266536113,0.7064695214403232,False,
PIGS,-0.0666666666666666,-0.0666666666666666,0.229447719636783,0.3856412471942807,False,
PIGT,0.5,0.25,-0.3237343109958049,-0.2628153523714975,False,
PIGU,-0.5,0.0,0.4865880998486205,-0.1155228655789031,False,
PIGV,0.75,-0.25,-0.760067772232799,0.0402100192653063,False,
PIGW,-0.6470588235294117,0.0588235294117647,0.600011413741324,0.5112655013013938,False,
PIGZ,0.3333333333333332,0.2222222222222223,-0.458182899385734,0.9149260487432828,False,
PIH1D1,-0.25,0.5,0.2431579333237025,-0.3786573205639021,False,
PIH1D2,-0.125,0.0,0.0508978949783017,-0.1101323768053061,False,
PIK3AP1,0.3333333333333332,-0.3333333333333332,-0.223831754096474,0.2431528633649311,False,
PIK3C2A,0.25,-0.25,-0.216771415279655,0.2477107925800736,False,
PIK3C2B,-0.5,0.125,0.3567445568004614,0.500787085649486,False,
PIK3C3,0.0,-0.25,0.2431926826539725,-0.7127934868554004,False,
PIK3CA,0.4444444444444444,0.0,-1.013860713299515,-0.7830349340624381,False,
PIK3CB,0.3333333333333332,-0.1111111111111111,-0.440315964963457,-0.305854260657326,False,
PIK3CD,0.0,-0.25,0.0948555373544703,0.257175235363285,False,
PIK3IP1,0.625,0.375,-0.371646779452732,-0.0105505459576975,False,
PIK3R1,0.875,0.5,-1.12777323753121,0.0906887514255201,True,1.0
PIK3R3,0.125,0.125,-0.0760303982428034,-0.007986902628835,False,
PIK3R4,-0.3333333333333332,0.0,-0.341500221001476,-0.4933154758125395,False,
PIKFYVE,0.375,-0.125,-0.3151572042166165,0.5872168962861977,False,
PIM1,0.125,-0.25,0.107521574138484,0.120540885467189,False,
PIM2,-0.25,-0.625,0.363797279731205,-0.1920208293666512,False,
PIM3,0.1111111111111111,-0.3333333333333332,0.1016871380744093,0.3135057477969276,False,
PIN1,-0.375,0.125,0.6625243392960365,0.3937070009331851,False,
PIN4,-0.25,0.0,0.0615472207243415,-0.5512083547653486,False,
PINK1,0.2222222222222223,0.0,-0.2397556723443525,0.0903735619910004,False,
PINX1,-0.2941176470588236,0.1764705882352941,0.082855719905887,-0.2558492468857967,False,
PIP4K2A,0.125,0.0,0.1139622875927524,0.6315226153181075,False,
PIP4K2B,-0.1111111111111111,0.0,0.0008490129378484,-0.0685811044627691,False,
PIP4K2C,-0.25,0.0,0.601843688351301,0.6517850392490641,False,
PIP5K1A,-0.125,-0.625,0.269641764654923,-0.4022198786766147,False,
PIP5K1C,-0.125,0.25,-0.1893830403025085,0.2476993967556753,False,
PIP5KL1,-0.7333333333333334,0.1999999999999999,0.43928773485489,0.1030417207537963,False,
PIPOX,0.4666666666666665,0.4666666666666665,-0.222598267722386,-0.1927285851651285,False,
PIR,-0.1999999999999999,0.4666666666666665,0.21847690845446,0.1952428694147157,False,
PISD,0.125,-0.125,-0.278853353818385,0.1467511309363733,False,
PITHD1,-0.25,-0.125,0.2922539765319915,-0.8732702510163727,False,
PITPNA,0.375,-0.125,-0.2805687556104935,0.6962518559646003,False,
PITPNB,-0.125,-0.25,0.0998575014829027,0.0423537874637602,False,
PITPNC1,-0.25,0.125,0.0096785086663985,-0.0789631237545727,False,
PITPNM1,0.0,0.0,0.0060540954814633,-0.4163665349855907,False,
PITPNM2,0.125,-0.125,-0.28428219843573,0.7981817801104569,False,
PITPNM3,0.0666666666666666,0.0666666666666666,-0.0898786782373575,-0.4882225672272522,False,
PITRM1,0.125,-0.25,0.2754713590427345,0.1189711501807395,False,
PITX2,0.375,0.0,-0.0722040294231875,0.3051789742904853,False,
PIWIL4,0.75,-0.375,-0.7497609587116205,0.4406520345510034,False,
PJA1,0.125,-0.625,-0.0137971305926249,0.2337623940164137,False,
PJA2,0.25,-0.25,-0.1208131394204561,-0.1717126050822242,False,
PKD1,0.375,-0.25,-0.5022456079719205,-0.1542022965056584,False,
PKD2,0.0,0.2222222222222223,-0.1442609268830326,0.0981089901854121,False,
PKDCC,0.0666666666666666,-0.0666666666666666,-0.412259916817628,0.3719794991230913,False,
PKIA,-0.5,0.25,0.1795903939004919,0.3513347217677829,False,
PKIB,-0.25,0.25,-0.2735196658757735,0.4450774274781375,False,
PKIG,0.125,-0.125,-0.254921564929126,0.0515481394158938,False,
PKM,-0.75,0.375,0.6824929904681515,-0.1215591412996732,False,
PKMYT1,-0.375,0.125,0.6748375584912385,0.5263130923179722,False,
PKN1,-0.375,0.0,0.377544138373004,0.7789163743448606,False,
PKN2,0.0,-0.125,-0.206317519222684,0.0270312637618133,False,
PKN3,-0.411764705882353,-0.0588235294117647,0.2878584994762,0.502447630279808,False,
PKNOX1,-0.25,-0.25,0.218567440178403,0.4303732631378127,False,
PKP1,-0.4666666666666665,-0.0666666666666666,0.118327170231364,0.0945706314204131,False,
PKP3,-0.7333333333333334,-0.0666666666666666,0.855608147343005,0.2267260348319189,False,
PKP4,-0.625,0.0,0.462186196666262,-0.6605615543987309,False,
PLA2G12A,0.125,0.25,-0.1032516901430758,0.1282089844005356,False,
PLA2G15,-0.125,0.25,0.420346039290311,0.2747141302325122,False,
PLA2G4A,0.0,-0.375,-0.38729261117166,0.1530939083309408,False,
PLA2G4C,0.4666666666666665,-0.4666666666666665,-0.474592838844844,-0.2278273930725523,False,
PLA2G6,0.25,0.25,-0.335666712936683,-0.0782953254598899,False,
PLA2R1,0.25,0.25,-0.7453940480774726,-0.464770782816857,False,
PLAA,-0.375,0.0,0.4885012010173565,-0.2796387612919901,False,
PLAC8,0.3333333333333332,0.1999999999999999,-0.0876080489636494,0.2459450835417083,False,
PLAC8L1,-0.25,0.25,0.1978674274295604,0.6306366606998328,False,
PLAG1,0.3333333333333332,0.3333333333333332,-0.7499662679310265,0.3820698387871184,False,
PLAGL1,0.125,-0.125,-0.2259860545814335,-0.2844894957787205,False,
PLAGL2,0.1111111111111111,-0.4444444444444444,-0.209286386856801,0.4170701202442028,False,
PLAT,0.25,-0.125,-0.3285325255198464,-0.1994775385062812,False,
PLAU,-0.375,0.25,0.2928611075705465,-0.0476816201167729,False,
PLAUR,-0.375,0.125,0.8215883314249846,-0.0641887602230566,False,
PLB1,0.4666666666666665,-0.0666666666666666,-0.424659439576124,-0.1140552166393162,False,
PLBD2,0.0,-0.1111111111111111,0.0294971551555516,-0.0867164453904307,False,
PLCB1,-0.125,0.0,0.398155123461179,-0.6001551287664655,False,
PLCB2,-0.4666666666666665,-0.0666666666666666,0.501768808151705,0.2496355166530048,False,
PLCB3,-0.875,0.125,0.6388865616734445,0.535196343895965,True,-1.0
PLCB4,-0.375,0.375,0.3563260624302969,0.1860625675786273,False,
PLCD1,0.25,-0.125,-0.442192864470376,0.1381261845035659,False,
PLCD3,0.25,0.0,-0.2108309353399819,-0.5503502044280997,False,
PLCD4,-0.375,0.25,-0.021922487461401,-0.6768416274856661,False,
PLCE1,0.625,0.0,-0.7130964774445225,0.0437238529974495,False,
PLCG1,0.5,0.125,-0.5159588157873175,0.3120087395932369,False,
PLCG2,0.0666666666666666,-0.3333333333333332,-0.141463371059117,-0.2155836481647748,False,
PLCH2,-0.6000000000000001,-0.1999999999999999,0.650758182635699,-0.0140076743726436,False,
PLCL1,0.4666666666666665,-0.0666666666666666,-0.897256406722527,0.0449451460901095,False,
PLCL2,-0.2222222222222223,-0.1111111111111111,-0.312205892226707,0.5709936992429097,False,
PLCXD2,-0.6666666666666667,0.2222222222222223,0.6929622560303605,0.1583580932495207,False,
PLD1,0.0,0.125,-0.3789718658457059,-0.1963516596885495,False,
PLD2,0.0,0.125,0.0220725145378751,0.4399378933694615,False,
PLD3,0.0,0.5,-0.1842574807700935,0.2178725597274378,False,
PLD6,-0.5294117647058822,-0.1764705882352941,0.135058057828917,1.1381953050114149,False,
PLEC,0.25,-0.375,-0.2173639593686305,0.4072686121389721,False,
PLEK2,-0.5294117647058822,-0.411764705882353,0.562270337394993,-0.1725954507816294,False,
PLEKHA1,1.0,-0.25,-0.842249660528118,0.4199877067711912,True,1.0
PLEKHA2,0.375,-0.25,-0.510160857603897,-0.7408364879119085,False,
PLEKHA3,0.0,0.25,-0.4237918237123775,0.2195169497359805,False,
PLEKHA4,0.0,-0.375,0.0916017499991145,-0.2548219103953133,False,
PLEKHA5,-0.125,-0.25,0.0239514979714111,-0.1877301016191253,False,
PLEKHA6,0.0,-0.125,0.0898514318355752,-0.5374153490965425,False,
PLEKHA7,0.5,-0.375,-0.6212566931825585,-0.2922841470571429,False,
PLEKHA8,-0.125,-0.125,0.1181374801498219,0.154405897844609,False,
PLEKHB1,-0.0666666666666666,0.3333333333333332,-0.146012090256388,0.2441988874793677,False,
PLEKHB2,-0.125,-0.5,0.222838460610847,-0.1358163258653251,False,
PLEKHF1,-0.1111111111111111,-0.2222222222222223,-0.0090534136343774,-0.3547054465408368,False,
PLEKHF2,0.2222222222222223,-0.2222222222222223,-0.5325401842676285,0.5427272105866057,False,
PLEKHG1,0.3333333333333332,-0.1999999999999999,-0.437101436125547,0.0112142172334304,False,
PLEKHG2,0.25,-0.125,-0.283939549466398,-0.3214737531357836,False,
PLEKHG3,0.0,0.25,0.127638912018052,-0.4223758338067389,False,
PLEKHG4,-0.7333333333333334,-0.0666666666666666,0.224700471851238,-0.1158274478068728,False,
PLEKHG4B,-0.6000000000000001,-0.1999999999999999,0.102622027389988,-0.2468016214444213,False,
PLEKHG5,-0.25,0.125,0.485436233570135,-0.074108785765703,False,
PLEKHH1,-0.0666666666666666,0.0666666666666666,0.43082016306374,0.446595449406999,False,
PLEKHH2,0.125,0.0,-0.3730089422066195,-0.5686968045082716,False,
PLEKHH3,0.375,-0.125,-0.294717138935756,-0.0736793096683703,False,
PLEKHJ1,0.0,0.0,0.141257105483278,0.1693280880451368,False,
PLEKHM1,0.125,0.375,-0.0042417149025023,-0.2272133228419526,False,
PLEKHM2,0.125,-0.125,-0.159738824947153,0.7641958276343148,False,
PLEKHM3,0.75,-0.125,-0.5000232378942485,0.3117378782770739,False,
PLEKHN1,-0.3333333333333332,0.0666666666666666,0.403898807520816,0.2136764719770423,False,
PLEKHO1,-0.125,0.0,0.266810693695116,-0.128635171711962,False,
PLEKHO2,0.4666666666666665,0.0666666666666666,-0.4564476012948,0.2366639528264591,False,
PLGRKT,-0.375,-0.25,0.4987095984332615,0.0700487126963667,False,
PLIN2,0.5,-0.125,-0.58936665588936,-0.1180982453830754,False,
PLIN3,-0.5555555555555556,0.0,0.7192234064162535,-0.0744445189643467,False,
PLK1,-0.25,0.0,0.5068790875535185,0.1331075892762423,False,
PLK2,-0.625,-0.25,0.889864165931519,0.1465798500521722,False,
PLK3,0.0,-0.25,0.286616080326199,-0.1076583859739455,False,
PLK4,-0.375,-0.125,0.3671566707293985,0.0884243446385877,False,
PLOD1,0.0,-0.125,-0.0247948150795864,-0.0530920704170498,False,
PLOD2,0.0,0.125,-0.1672582896888025,-0.4197918545092447,False,
PLOD3,-0.25,-0.125,0.6304342491228025,-0.3410139975663746,False,
PLP2,-0.25,0.0,0.392986426213802,0.194212992900177,False,
PLPP3,-0.0666666666666666,-0.3333333333333332,-0.47023852371407,-0.1642728552833476,False,
PLPP6,0.0666666666666666,0.0666666666666666,0.0535610366989803,-0.0477727643634433,False,
PLPP7,0.1999999999999999,-0.0666666666666666,0.131068408757829,0.0824100439490567,False,
PLRG1,-0.125,0.0,-0.1300477558760669,-0.2803886364917556,False,
PLS1,-0.3333333333333332,-0.4666666666666665,0.551240487912028,-0.4920768892518241,False,
PLS3,0.125,-0.5,0.0387906826514047,0.1092023324529036,False,
PLSCR1,0.375,0.0,-0.492678586549636,0.1611151867096003,False,
PLSCR4,0.5,0.0,-0.629978235761508,0.1418463343273805,False,
PLTP,0.25,0.0,-0.2180817412446301,0.3473147005055219,False,
PLXNA1,-0.125,0.25,0.195829699467917,-0.6368007067101,False,
PLXNA2,0.5555555555555556,-0.1111111111111111,-0.7354267879969225,-0.2476449053578666,False,
PLXNA3,-0.2222222222222223,-0.1111111111111111,0.5302763778232256,-0.0794220988525225,False,
PLXNA4,-0.125,0.0,0.150891131263083,-0.5017712007212003,False,
PLXNB2,0.375,-0.25,-0.1428447943297126,0.2612245836920581,False,
PLXNB3,-0.6000000000000001,0.0666666666666666,0.645858085249758,0.1005211892646522,False,
PLXNC1,-0.0588235294117647,-0.0588235294117647,-0.240881645520317,-0.9285273417414932,False,
PLXND1,0.625,0.5,-0.5654940876911015,0.4119892774029448,False,
PM20D2,0.1111111111111111,-0.1111111111111111,-0.2058475901757799,0.4142083667535212,False,
PMAIP1,0.0,-0.25,0.0455916159408381,0.1202853324884785,False,
PMEL,-0.3333333333333332,0.4666666666666665,0.169635480361103,-0.3102739252182107,False,
PMEPA1,0.625,0.0,-0.304311726821785,0.2975277074883942,False,
PMF1,-0.3333333333333332,0.0666666666666666,0.278495870808312,0.0966433932403982,False,
PMFBP1,0.3333333333333332,0.0666666666666666,-0.608023855250647,-0.8439660775772618,False,
PML,0.5,0.25,-0.4210852243880995,-0.5774146412417394,False,
PMM1,-0.125,0.625,0.2357406404526232,-0.0072457573465873,False,
PMM2,-0.25,-0.125,0.337990567422252,-0.205764640367972,False,
PMP22,0.75,-0.125,-1.082671422892675,0.1083787726790559,False,
PMPCB,0.0,0.25,0.0191428038046462,0.0768898533932112,False,
PMS1,-0.25,0.125,-0.0465182361481193,-0.7844210544089307,False,
PMS2,0.25,-0.125,-0.560096396230831,-0.2157213245070308,False,
PMVK,-0.1111111111111111,0.2222222222222223,0.3747652406694395,-0.0466581648106791,False,
PNISR,0.125,-0.125,-0.0047371330341843,-0.4291219820394034,False,
PNKD,0.25,-0.125,-0.329113674851911,0.0727377102003075,False,
PNKP,-0.5,0.0,0.4101452523578924,-0.0815431240625668,False,
PNMA1,0.1111111111111111,-0.3333333333333332,-0.0093883904688749,0.755088864508433,False,
PNMA2,-0.1111111111111111,-0.1111111111111111,0.187433073079104,1.4730260349685007,False,
PNN,-0.1111111111111111,0.1111111111111111,0.264844986018026,-0.3531185199392923,False,
PNO1,0.0,0.0,-0.314594545105849,-0.4547221974436237,False,
PNP,-0.5,0.0,0.573938509740044,-0.4895454760104716,False,
PNPLA2,0.25,0.125,-0.482427398131524,0.2821595226584752,False,
PNPLA3,-0.125,0.125,0.173165719153384,0.0475097214444795,False,
PNPLA4,-0.0666666666666666,-0.1999999999999999,0.0849035326305923,0.2213285523648951,False,
PNPLA6,-0.5,0.25,0.603173164891182,0.1252987279387767,False,
PNPLA7,0.4666666666666665,0.3333333333333332,-0.667912716067842,0.4294112098715732,False,
PNPLA8,0.375,-0.125,-1.022453023424907,0.0193992663369302,False,
PNPT1,0.0,-0.5,-0.0237435003369943,0.0685582928251609,False,
PNRC1,0.75,-0.125,-0.8549167285830105,0.2035629434272698,False,
PNRC2,0.3333333333333332,-0.1999999999999999,-0.296455890457946,-0.0342214322284677,False,
POC1A,-0.3333333333333332,0.1111111111111111,0.7320975942063085,0.0471571875688239,False,
POC1B,0.5,-0.25,-0.593028907976203,-0.4398108071108244,False,
POC5,-0.125,-0.5,-0.0713056058695894,-0.2982423798353046,False,
PODNL1,0.5,0.5,-0.693016031230218,0.3065970150236357,False,
PODXL,-0.5,-0.75,0.499839472469341,0.2901565027185877,False,
PODXL2,-0.3333333333333332,0.0666666666666666,0.241029528851546,0.820124006807825,False,
POFUT2,-0.375,-0.125,0.7331239713676816,0.5301397081989143,False,
POGK,-0.25,-0.5,-0.1100593907969929,0.3129313668988014,False,
POGLUT1,0.375,-0.125,-0.4815005609452915,0.6048023305188343,False,
POGZ,0.125,-0.375,-0.257321377379948,-0.1091282187852673,False,
POLA1,-0.5,-0.25,0.586047825121718,-0.0936612338652458,False,
POLA2,-0.6000000000000001,0.1999999999999999,0.823968563641477,-0.0046580692242392,False,
POLB,-0.5,0.0,0.371685660685109,0.8495883585117197,False,
POLD1,-0.5,0.0,0.662865512430754,0.0459411643584282,False,
POLD2,-0.375,-0.125,0.8109701569821595,0.150878091644294,False,
POLD3,-0.2222222222222223,0.0,0.0918331403413096,-0.1001040463533415,False,
POLD4,0.3333333333333332,-0.1111111111111111,-0.441217232688869,0.0813454949960417,False,
POLDIP2,-0.375,0.0,0.3861489582590435,1.0262558300086255,False,
POLDIP3,0.25,-0.25,-0.1307868183003221,0.2707351387171544,False,
POLE,-0.25,0.0,0.387789957598844,0.2780174987716846,False,
POLE2,-0.5,-0.125,0.5015064749865781,0.0786812512084529,False,
POLE3,-0.375,-0.125,0.318097699247944,0.1491226855046519,False,
POLE4,-0.125,0.0,0.2614727741602835,0.2315723673500107,False,
POLG,0.0,0.125,-0.126973597175911,-0.1025631158991,False,
POLG2,-0.1111111111111111,0.4444444444444444,-0.3277851818307325,-0.0861277920455212,False,
POLH,0.0,-0.375,-0.431457355450249,-0.1220993494905793,False,
POLI,0.25,0.0,-0.6399520204396261,-0.4788148122576499,False,
POLK,0.375,-0.375,-0.7910056073102805,-0.4331149380275294,False,
POLL,-0.375,0.125,0.0966143688972768,0.1899692813907805,False,
POLM,0.125,0.125,-0.0419716699058745,0.0898619070282538,False,
POLN,0.4666666666666665,-0.1999999999999999,-0.327013166648802,-0.0307981028903392,False,
POLQ,-0.375,-0.125,0.5326120306528145,-0.1890055220551452,False,
POLR1A,0.0,-0.125,0.0964558048596219,-0.5822446721020027,False,
POLR1B,-0.375,-0.375,0.2151228401734395,0.2370864983217062,False,
POLR1C,-0.375,0.25,0.4266147621675955,0.012027494442321,False,
POLR1D,0.125,0.25,0.1329129459134555,0.2910700769946301,False,
POLR1E,-0.375,0.0,0.633535528883264,-0.0355476199958597,False,
POLR2A,0.0,-0.2222222222222223,-0.1732634591230395,-0.0906073447453295,False,
POLR2B,-0.375,0.0,0.2165286525956904,-0.690496713164173,False,
POLR2C,-0.25,0.25,0.2048362443318894,0.2849228730682558,False,
POLR2D,-0.375,-0.125,0.5150192747052655,0.183584438609389,False,
POLR2E,-0.625,0.25,0.525433754856395,-0.2052687196344853,False,
POLR2F,-0.1999999999999999,0.0666666666666666,0.556484249911,-0.0522985300669176,False,
POLR2G,0.25,0.25,0.0699259140077258,-0.061283422721247,False,
POLR2H,0.0,0.125,0.3164238257754105,-0.2329706034548833,False,
POLR2I,-0.4444444444444444,0.2222222222222223,0.370944916187191,0.5381340068069178,False,
POLR2J,-0.125,0.25,0.134554993468216,-0.3770206632273141,False,
POLR2J3,0.1999999999999999,-0.1999999999999999,-0.0549860002359332,0.2793546839707562,False,
POLR2K,0.375,-0.25,-0.5911816057879805,-0.0621899120586668,False,
POLR2L,-0.3333333333333332,0.5555555555555556,0.547411999397674,0.564968736765193,False,
POLR2M,0.4444444444444444,0.4444444444444444,-0.405744268409951,-0.1017779218710033,False,
POLR3A,-0.5,0.0,0.695856546012735,-0.2503736292116698,False,
POLR3B,-0.375,0.125,0.2567947908427355,-0.0611775456915877,False,
POLR3C,0.25,0.125,-0.1705175586929622,0.5813902855966182,False,
POLR3D,0.125,-0.125,-0.3044164579663595,-0.8476550057870765,False,
POLR3E,0.0,0.1111111111111111,-0.0017865567466855,-0.1353862707504842,False,
POLR3F,-0.375,0.25,0.074348787269339,-0.060072700987972,False,
POLR3G,-0.5,0.25,0.3854459094858085,-0.1505135391409731,False,
POLR3H,-0.375,0.125,0.7909094629641744,0.1504789725539712,False,
POLR3K,-0.5555555555555556,0.4444444444444444,0.5812225806353495,0.1662841495488463,False,
POLRMT,0.0,0.0,0.1432460375683048,0.1104091487799383,False,
POM121,0.0,-0.25,0.0426512049009206,0.0919376725658045,False,
POM121C,0.0,-0.1111111111111111,0.2192740833144055,0.2234297476208051,False,
POMGNT1,0.5,-0.25,-0.3228394158853405,0.3974212594203976,False,
POMGNT2,-0.2222222222222223,0.3333333333333332,0.439937076508872,-0.0535622812313751,False,
POMK,-0.375,0.0,0.459303921908677,0.4195957557176522,False,
POMP,0.3333333333333332,-0.1111111111111111,-0.217439464345753,0.5659388762285302,False,
POMT1,0.0,0.0,-0.0225141409141698,0.3768026250741541,False,
POMT2,0.25,-0.25,0.0503052693215605,-0.0835807648058963,False,
PON2,0.75,0.25,-0.4861267094441825,0.3072281012935018,False,
POP1,-0.5,-0.25,0.5221121450544425,-0.0815964832124538,False,
POP4,0.25,0.25,0.061273064456925,0.1381752263776055,False,
POP5,-0.25,0.375,0.0482890602799079,-0.1756124929844431,False,
POP7,-0.3333333333333332,0.0,0.568780999127337,0.1852226054335046,False,
POPDC2,0.6000000000000001,-0.0666666666666666,-0.4955491723728,-0.9925361532416768,False,
POPDC3,0.0,0.125,-0.389815939747191,-0.4705062201357659,False,
POR,0.0,-0.125,-0.153905381244466,0.6035100432685372,False,
PORCN,0.25,-0.375,0.063217099519825,-0.1785485646872628,False,
POT1,0.0,-0.25,-0.31408038081045,-0.0428092526232779,False,
POU2F1,0.25,-0.25,-0.2207343345995905,-0.1028254575080978,False,
POU2F2,-0.125,-0.125,0.3579923250971165,0.2410286311559923,False,
POU6F1,0.125,0.0,-0.4466863750269415,0.2807717001762508,False,
PPA1,0.125,-0.25,0.0046328014250792,0.5237851311557891,False,
PPA2,-0.25,0.25,0.1724926921437276,-0.0665711037053968,False,
PPAN,-0.0666666666666666,-0.1999999999999999,0.25676158644281,0.2865205521180065,False,
PPARA,0.75,-0.25,-0.5639834853617095,0.044270008114029,False,
PPARD,0.125,0.0,-0.1813723743939126,0.1418069237475414,False,
PPARG,0.375,-0.125,-0.667329839664041,-0.3352761650138607,False,
PPARGC1A,1.0,0.1764705882352941,-0.636887333029623,-0.0846851410824016,True,1.0
PPARGC1B,0.1999999999999999,0.0666666666666666,-0.151838276135039,-0.1343980533556577,False,
PPAT,-0.5555555555555556,-0.1111111111111111,0.476515679837166,-0.0629256625235616,False,
PPCDC,-0.125,0.0,0.243881719979403,0.0861900095938246,False,
PPCS,0.1111111111111111,0.3333333333333332,-0.0541011682479394,0.4968610285555679,False,
PPDPF,-0.25,0.375,0.354273001669521,0.9712003485003692,False,
PPFIA1,0.125,0.25,-0.3762673291203144,0.3804591402395623,False,
PPFIA2,-0.4666666666666665,0.1999999999999999,0.670972111412754,-0.4325191640702017,False,
PPFIA3,-0.1999999999999999,0.0666666666666666,0.486895727872779,0.1857712416691455,False,
PPFIA4,-0.25,0.0,0.4973686626688465,-0.1874373060851508,False,
PPFIBP1,0.125,0.0,-0.1283633906127275,-0.3317117515203733,False,
PPFIBP2,0.1999999999999999,0.0666666666666666,-0.424095792378667,-0.3909918942819961,False,
PPHLN1,-0.125,-0.125,0.0858251051640364,0.2673622747834511,False,
PPIA,-0.375,-0.25,0.4600602995016429,0.0997491067640563,False,
PPIB,-0.3333333333333332,0.2222222222222223,0.5253422246392174,0.4729268781833609,False,
PPIC,0.5555555555555556,0.2222222222222223,-0.5165263978719534,0.0028753263499963,False,
PPID,0.0,0.0,-0.0869427826030371,-0.1491484441154877,False,
PPIE,0.0,0.25,-0.1501173496024516,-0.1425992900434574,False,
PPIF,0.0,0.25,0.22102497726031,0.5905175831845175,False,
PPIG,0.125,-0.125,-0.0719662736698292,-0.3815718349090549,False,
PPIH,-0.5,-0.125,0.3665882553935075,0.1608474964123658,False,
PPIL1,-0.5555555555555556,0.0,0.2635102304319134,-0.1137371829950897,False,
PPIL2,-0.625,0.375,0.0689540056198692,0.2922891479414327,False,
PPIL3,-0.125,0.125,0.0981418723137237,-0.6211527899517197,False,
PPIL4,0.0,0.1111111111111111,-0.260175748063282,0.0005112815510384,False,
PPIL6,0.5,0.25,-0.8029459746593399,0.1666663596230084,False,
PPL,-0.125,0.125,0.0080898777563444,1.464361721961165,False,
PPM1A,0.25,0.0,-0.577914000925971,0.2264891342137791,False,
PPM1B,0.25,-0.25,-0.491052970969691,-0.0113567172506221,False,
PPM1D,0.0,-0.125,-0.3650717526193485,-0.1709148574615735,False,
PPM1E,-0.1999999999999999,-0.0666666666666666,-0.363661843759915,0.4163560599132202,False,
PPM1F,-0.625,0.0,0.3579781127688189,-0.0336178736047201,False,
PPM1G,-0.625,0.125,0.7523494284836381,0.6227639827374019,False,
PPM1H,-0.125,-0.125,0.349497480013586,-0.2584909729609874,False,
PPM1J,-0.4666666666666665,0.0666666666666666,0.381415175545706,0.0949491522097245,False,
PPM1K,0.375,-0.125,-0.4093417249547195,0.2078738194465883,False,
PPM1M,0.375,0.5,-0.1291685323670049,0.2690691545354429,False,
PPOX,0.5,0.375,-0.335892303653255,-0.1665865793853393,False,
PPP1CA,-0.375,0.375,0.4707396941027115,0.4848776268957362,False,
PPP1CB,0.5,0.25,-0.8553637691691325,-0.0447515787660754,False,
PPP1CC,-0.125,-0.125,0.1328279674948461,-0.1310070911644301,False,
PPP1R10,0.1999999999999999,-0.3333333333333332,-0.330814143105485,-0.2806924784188909,False,
PPP1R11,0.0,-0.1111111111111111,0.191721754335192,0.0128437851471812,False,
PPP1R12A,0.0,-0.375,0.018055278044165,-0.1595043197651664,False,
PPP1R12B,0.125,-0.25,-0.3087991295561755,-0.3559637275261642,False,
PPP1R12C,-0.125,-0.25,0.1490184512187179,-0.096038686314209,False,
PPP1R13B,-0.375,-0.125,0.3929934445758339,-0.3343898246289655,False,
PPP1R13L,0.1999999999999999,-0.6000000000000001,-0.187351462498335,0.2634687341134594,False,
PPP1R14C,0.0,0.625,0.0675435335305287,0.7234787422584363,False,
PPP1R15A,-0.2222222222222223,-0.4444444444444444,0.234664326302027,-0.319008247790689,False,
PPP1R15B,0.0,-0.5,0.0419719770111337,0.3040730480761282,False,
PPP1R16A,-0.875,0.25,0.5557381032306875,0.3970191705850925,True,-1.0
PPP1R18,-0.3333333333333332,0.0666666666666666,0.350602540586825,-0.0554579042346645,False,
PPP1R2,0.4444444444444444,0.0,-0.498229991825358,0.2289217658480229,False,
PPP1R21,0.5,-0.125,-0.7510612534886665,-0.0008457840863682,False,
PPP1R26,0.0,-0.75,-0.0501269675612786,0.3542635399578817,False,
PPP1R35,-0.4444444444444444,0.0,0.4221513744574265,0.5701512814963212,False,
PPP1R36,0.125,0.125,-0.3099438999707765,0.4088579904230122,False,
PPP1R37,-0.3333333333333332,-0.0666666666666666,0.0259478182305449,-0.0171406809919631,False,
PPP1R3B,0.4444444444444444,-0.1111111111111111,-0.5698694138943861,0.5335166927925421,False,
PPP1R3C,0.2222222222222223,0.3333333333333332,-0.355019652313312,-0.0480771705178129,False,
PPP1R3D,0.5555555555555556,-0.3333333333333332,-0.4875254205782779,-0.1264924213877005,False,
PPP1R3E,0.1111111111111111,0.1111111111111111,-0.4246984836462385,0.3867391633852142,False,
PPP1R3F,0.625,0.25,-0.43983116037713,0.1991427774728427,False,
PPP1R3G,0.25,0.25,-0.1961160553289905,-0.7249851815995145,False,
PPP1R7,-0.375,0.375,0.274599090561507,0.0160397433234216,False,
PPP1R8,-0.5,0.125,0.2194853465795049,0.2555110065741677,False,
PPP1R9B,-0.5,-0.125,0.6579624914695995,0.1727213981579105,False,
PPP2CA,-0.3333333333333332,-0.3333333333333332,0.471557152855766,0.0522043553450104,False,
PPP2CB,0.625,-0.5,-0.5699367369790185,-0.3714114386460121,False,
PPP2R1A,-0.375,0.375,0.4873945008093014,-0.1263012497209583,False,
PPP2R1B,-0.375,-0.25,0.5140836703268761,-0.3447962396827813,False,
PPP2R2A,-0.25,-0.25,0.3266907478194975,-0.0022453924984993,False,
PPP2R2D,0.0,0.125,0.4384676412067425,0.5742411297191583,False,
PPP2R3A,-0.5,-0.25,0.4056529224266815,0.278878030690834,False,
PPP2R3C,0.375,0.25,-0.7450325990756514,0.3349873086505486,False,
PPP2R5A,0.25,-0.125,-0.391423984978429,0.1892574883877489,False,
PPP2R5B,0.0,0.125,0.1438395460989744,0.0270433453082405,False,
PPP2R5C,-0.25,0.0,0.014152524432578,0.0722979508729908,False,
PPP2R5D,-0.5,0.125,0.6612899029721444,0.1192244423553861,False,
PPP2R5E,-0.125,0.0,-0.0500286880674561,-0.3308380088267552,False,
PPP3CA,-0.5,0.375,-0.0228519245390391,-0.0166310158566935,False,
PPP3CB,0.125,0.5,-0.2966335743123905,-0.2364571104590893,False,
PPP3CC,0.5,-0.25,-0.2895029816167985,-0.0019697994947263,False,
PPP3R1,-0.0666666666666666,-0.3333333333333332,0.363208721164025,0.4133285458118156,False,
PPP4C,-0.25,0.25,0.4038251021194595,-0.0485215476883882,False,
PPP4R1,-0.125,-0.5,0.0635693695940275,0.4166062648841193,False,
PPP4R2,-0.25,-0.25,0.0386915785941262,0.3816944774693613,False,
PPP4R3B,0.5,-0.25,-0.839397263542631,-0.1422253932776502,False,
PPP5C,0.375,-0.125,-0.0922405862753741,-0.1521163080746337,False,
PPP6C,-0.125,0.25,0.192453188228814,-0.1742155386687836,False,
PPP6R1,-0.25,0.0,0.251322714876729,-0.0444497377717234,False,
PPP6R2,-0.25,0.25,0.638406439905962,0.2710281663819793,False,
PPP6R3,-0.25,-0.25,0.2435278683972845,0.0257289648811025,False,
PPRC1,-0.25,-0.125,0.3041843304513845,0.0197506352981076,False,
PPT1,-0.125,-0.375,0.2235449279704046,-0.305708808932227,False,
PPTC7,0.4444444444444444,-0.4444444444444444,-0.7254433338605351,0.4669032195260372,False,
PPWD1,0.5,0.125,-0.7723301814385655,0.5110897447118854,False,
PQBP1,-0.125,0.125,0.3780093425275654,0.1312182173467415,False,
PRADC1,-0.2222222222222223,0.3333333333333332,0.0055676091911682,0.1079062047487493,False,
PRAF2,-0.3333333333333332,-0.1111111111111111,0.221988145484024,-0.0874295221472454,False,
PRC1,-0.25,-0.125,0.4675447390418665,0.0897761259443794,False,
PRCC,0.0,0.125,0.1769691299090667,-0.4262266278803488,False,
PRCP,-0.375,0.125,0.0935866549637109,0.0747968845738515,False,
PRDM1,0.25,0.0,-0.3059704734986764,-0.353607583913301,False,
PRDM10,-0.375,0.125,0.397548543352348,-0.3661640617878363,False,
PRDM11,0.375,-0.25,-0.8656610308915315,0.472540995963461,False,
PRDM15,-0.375,0.0,0.20389543744495,-0.0732212424125058,False,
PRDM16,-0.1999999999999999,0.0666666666666666,-0.0752118936577189,0.1890935334137167,False,
PRDM2,0.375,0.0,-0.4564588394816175,0.4347270421373457,False,
PRDM4,-0.5,-0.375,0.200273479384826,-0.3894786144179396,False,
PRDM5,0.125,-0.125,-0.4658981810244484,0.0457352806344544,False,
PRDM8,-0.125,0.0,0.0412892908296216,-0.019535283279086,False,
PRDX1,-0.375,0.0,0.571261180175856,-0.4127749505628542,False,
PRDX2,-0.3333333333333332,0.3333333333333332,0.970287336728104,0.2020157024362898,False,
PRDX3,0.1111111111111111,0.0,-0.0595947096790475,-0.1401704659119378,False,
PRDX4,0.125,0.375,0.1973442009194806,-0.4048987774809671,False,
PRDX5,0.0,0.25,-0.0542379512604182,0.0507737925595845,False,
PRDX6,0.3333333333333332,0.1111111111111111,0.0949521702478604,0.5310492482261939,False,
PREB,0.0,0.375,0.3373768341310195,0.5971359481878697,False,
PRELID2,-0.5,-0.125,0.7800049517589485,0.1664299691922608,False,
PREP,-0.125,0.125,0.235975063337028,0.1982147701226839,False,
PREPL,0.125,-0.125,-0.21014572109142,-0.0383266917612803,False,
PREX1,-0.125,0.125,0.2229107220998952,0.4509216142890599,False,
PRICKLE1,-0.25,0.375,0.466299651799279,0.4697395784969944,False,
PRICKLE2,0.625,-0.125,-0.5030385549440445,-0.3830874332647185,False,
PRICKLE3,0.0,0.125,-0.2749536456588605,-0.0334424309909884,False,
PRIM1,-0.375,-0.125,0.2118960814399449,0.7870917138932443,False,
PRIM2,-0.75,0.0,0.6334840405150539,-0.6925537936240502,False,
PRIMPOL,0.25,0.125,-0.5527951732091541,-1.012132171794283,False,
PRKAA1,0.25,-0.125,0.0284302754593354,0.3130885336219347,False,
PRKAB1,0.375,-0.625,-0.644847369363658,0.1405551821695088,False,
PRKAB2,0.5555555555555556,0.1111111111111111,-0.7523314113721945,0.1470569118489204,False,
PRKACA,-0.2941176470588236,0.1764705882352941,0.604764929858012,0.4138636748876179,False,
PRKACB,0.25,0.125,0.0355739338436165,0.1434178839816859,False,
PRKAG1,0.375,0.25,-0.300159276707758,0.075742232692106,False,
PRKAG2,0.25,-0.625,0.0084729648175375,-0.0642620397776085,False,
PRKAR1A,0.125,-0.125,-0.517821499267261,0.1285451598764471,False,
PRKAR1B,-0.25,-0.125,0.5313057920858439,-0.0787718662124581,False,
PRKAR2B,-0.3333333333333332,-0.0666666666666666,0.343598793321529,0.8479515699350464,False,
PRKCA,-0.625,-0.375,0.1868554285247806,0.2315986610691869,False,
PRKCD,0.25,-0.375,-0.293684085507385,0.2953953790117691,False,
PRKCE,0.625,-0.375,-0.0404069418519737,-0.3947360605013661,False,
PRKCH,0.25,0.25,-0.031927379024842,-0.6845883616865365,False,
PRKCI,-0.125,-0.125,0.4264504546551095,-0.0719506320346718,False,
PRKCSH,-0.625,0.375,0.5618695706330095,0.1095619559003463,False,
PRKCZ,-0.4666666666666665,0.3333333333333332,0.545993260841756,0.1811268063824824,False,
PRKD1,0.25,0.625,-0.1228304642173359,-0.2795068194221755,False,
PRKD2,0.0,-0.25,0.391375304415724,0.2164429493006854,False,
PRKD3,0.375,0.0,-0.4325511943543025,-0.0264060228177935,False,
PRKDC,-0.3333333333333332,0.1111111111111111,0.377897589533534,0.0362551963778867,False,
PRKG1,0.0,0.125,-0.469876973295236,0.0174012647562147,False,
PRKRA,-0.375,0.125,0.0027688998221556,0.4979140801049873,False,
PRKRIP1,0.25,0.0,-0.3112547262922965,0.0901433711864334,False,
PRKX,-0.1111111111111111,-0.2222222222222223,-0.1707633414887595,-0.100298026077662,False,
PRLR,0.3333333333333332,-0.1999999999999999,-0.062250981278802,-0.985232691993418,False,
PRMT1,-0.625,-0.125,0.8550223269817034,-0.1953477099132836,False,
PRMT2,0.0,0.375,-0.0872380156852363,0.1803877441863868,False,
PRMT3,-0.25,-0.25,0.0756463466544212,0.0448073441033574,False,
PRMT6,-0.4444444444444444,0.2222222222222223,0.240371939500242,0.515666621739151,False,
PRMT7,-0.375,0.375,0.4963558999847605,0.1998796815253554,False,
PRMT9,0.6000000000000001,0.0666666666666666,-0.597676535165974,0.1829248142761246,False,
PRNP,-0.125,0.125,0.0465680124453632,0.0024621089228278,False,
PROB1,0.125,0.0,-0.0906484050980812,1.000003601040528,False,
PROCA1,-0.0666666666666666,-0.0666666666666666,0.143044398802562,0.2528208653342867,False,
PROCR,-0.7777777777777777,-0.3333333333333332,0.91669496242823,-0.5267345028886325,False,
PROS1,0.5,0.25,-0.837322655803574,-0.0868824761603179,False,
PROSER1,0.0,-0.5,0.0894897360451089,0.0910449307310599,False,
PROSER2,0.3333333333333332,-0.1999999999999999,-0.286572346654452,-0.1377550106868434,False,
PRPF18,-0.25,0.375,-0.1218865283397424,-0.2523994798682358,False,
PRPF19,-0.3333333333333332,0.4444444444444444,0.4007293906073955,-0.0974954714297386,False,
PRPF3,-0.125,-0.25,0.1862603893366058,0.1369858648329189,False,
PRPF31,-0.375,-0.5,0.712263540214852,0.140956323723282,False,
PRPF38A,-0.625,0.125,0.48575385616598,1.0203617237412137,False,
PRPF38B,-0.25,-0.25,0.1223448004686922,0.3231119188143538,False,
PRPF39,0.125,-0.375,-0.2802762357297464,-0.0699083961802475,False,
PRPF40A,-0.125,-0.375,0.3678528197950185,-0.0397853058304895,False,
PRPF40B,-0.25,0.25,0.189384609050445,0.0054647507756211,False,
PRPF6,-0.3333333333333332,0.1111111111111111,0.178100155665209,0.3606938864833995,False,
PRPF8,-0.375,-0.25,0.0004340749620001,-0.289976448875195,False,
PRPH2,-0.4666666666666665,0.3333333333333332,-0.354561662563307,0.1774648936730271,False,
PRPS1,-0.375,0.125,1.083995848926705,-0.3289373471960335,False,
PRPS2,-0.25,0.125,0.06104295704067,0.2263309764156955,False,
PRPSAP1,-0.625,0.25,0.234541360903714,0.2406344637376816,False,
PRPSAP2,-0.5,0.25,0.4516528187014485,-0.0769217844844627,False,
PRR12,-0.125,-0.25,0.0806672477145453,-0.2024111553889538,False,
PRR13,0.0,-0.25,0.1506256225212022,-0.1700382968362697,False,
PRR14,0.25,-0.125,-0.1928668989241985,0.1296927675376262,False,
PRR14L,-0.125,-0.25,0.2346032699731205,-0.4312676393379793,False,
PRR15,0.4444444444444444,0.0,-0.541220024250893,0.718694005093709,False,
PRR16,0.75,0.0,-0.6720582566872975,-0.2434829431085376,False,
PRR3,-0.4666666666666665,0.0666666666666666,0.308445101239477,0.3628822987717285,False,
PRR5,-0.1999999999999999,0.4666666666666665,-0.253729886817374,0.023432908832647,False,
PRR5L,0.25,-0.25,-0.6106434641205185,-0.1906799153527654,False,
PRR7,-0.625,0.25,0.9013251030518824,-0.0418471517213516,False,
PRRC1,-0.5,0.375,0.1426803697684205,0.483978264143599,False,
PRRC2A,0.0,-0.5,-0.0064656548192161,-0.0694434814545688,False,
PRRC2C,-0.125,0.0,0.1291200130691024,-0.4528530311227801,False,
PRRG1,0.4666666666666665,-0.4666666666666665,0.0793015271350728,-0.4472168904899616,False,
PRRG4,0.5294117647058822,-0.0588235294117647,-0.472679515749306,0.7547099889722617,False,
PRRT2,-0.4666666666666665,-0.0666666666666666,-0.04068210022271,-0.2970779107483028,False,
PRRT3,-0.375,0.375,0.2204699104477024,0.1887788947024437,False,
PRRX2,0.0,0.25,-0.674441312026332,0.4119585783374937,False,
PRSS12,0.0,-0.3333333333333332,0.1098072772352129,0.3391608633994667,False,
PRSS23,0.375,0.0,-0.1749537493959125,0.007921095462446,False,
PRSS27,0.3333333333333332,0.0666666666666666,-0.384447270454857,0.4223234780768787,False,
PRSS35,-0.1764705882352941,0.2941176470588236,0.0087869178004689,0.0294979236408818,False,
PRSS53,-0.125,-0.125,0.0913070081369009,-1.200270208048117,False,
PRTFDC1,0.125,-0.375,-0.441399022706609,1.2800632740772748,False,
PRUNE2,0.125,0.0,-0.7039464935499965,-0.0179908796137588,False,
PRX,0.25,-0.125,-0.4598682458816735,-0.1559258840708661,False,
PSAP,0.125,0.75,-0.3137710587108629,-0.0033480138980235,False,
PSAT1,0.125,-0.125,0.0159707408119618,0.0152547005939909,False,
PSCA,0.0,-0.2222222222222223,0.0051146294151648,-0.5435442207822381,False,
PSD3,-0.125,-0.5,0.1422793066041354,-0.1678833335086009,False,
PSD4,0.0666666666666666,-0.0666666666666666,-0.323990998924,0.1988660433474127,False,
PSEN1,0.75,-0.25,-0.7385387829732866,-0.3335409064932135,False,
PSEN2,-0.1764705882352941,-0.1764705882352941,0.189399747086346,-0.4156916446343992,False,
PSIP1,-0.125,0.0,-0.2108136062706005,-0.3920545993968856,False,
PSKH1,0.375,0.0,-0.1299218917674579,-0.0412164747012173,False,
PSMA1,-0.375,0.125,0.4543938797387485,-0.4630752465342778,False,
PSMA3,-0.375,0.0,0.355793038641905,-0.3140823956185019,False,
PSMA4,0.0,-0.25,0.1824919995737495,0.1020742947886541,False,
PSMA5,-0.375,-0.375,0.0758359735461898,-0.1887460095888982,False,
PSMA6,0.0,-0.375,-0.0200556339603975,0.0111523338347891,False,
PSMA7,-0.25,0.0,0.289758854794655,0.4551283681651972,False,
PSMB1,-0.4444444444444444,0.2222222222222223,0.1525970089095935,-0.267757742781062,False,
PSMB10,0.25,0.0,-0.1995347640847172,0.0984414085009407,False,
PSMB2,-0.25,-0.25,0.4680863301060605,-0.1477885929978983,False,
PSMB3,-0.6666666666666667,0.2222222222222223,0.527733229940768,-0.3161088571515318,False,
PSMB4,-0.25,0.0,0.3961118421175604,-0.2948449366587049,False,
PSMB5,-0.5,0.5,0.7886156482810075,-0.5052928901710709,False,
PSMB6,-0.5,0.125,0.5527394546055115,-0.5018366684181863,False,
PSMB7,-0.375,0.0,0.4476019844798335,-0.3290185907164598,False,
PSMB8,0.1999999999999999,-0.1999999999999999,0.0360555339542864,0.023018613643885,False,
PSMC1,-0.375,-0.125,0.409479041157102,-0.2272566669080788,False,
PSMC2,-0.375,-0.125,0.3584471536986585,-0.229500496848918,False,
PSMC3,-0.4444444444444444,0.1111111111111111,0.696483569204125,0.2180563932518109,False,
PSMC3IP,-0.25,0.0,0.3406030935987389,0.1086707795220793,False,
PSMC4,-0.4444444444444444,-0.2222222222222223,0.626104375783649,0.3354831932096811,False,
PSMC5,-0.125,0.125,0.3101732483433425,-0.5307370443159007,False,
PSMC6,-0.625,0.125,0.398087558965445,-0.0919330893369809,False,
PSMD1,-0.5,-0.125,0.572429653937338,-0.4153374674389161,False,
PSMD10,0.0,-0.125,-0.030954739704577,-0.3578831210549631,False,
PSMD11,-0.25,-0.5,0.5561915149251935,-0.1120371339125627,False,
PSMD12,-0.25,-0.5,0.3324077898317755,-0.3826287351995967,False,
PSMD13,-0.5,-0.25,0.5646186048154955,0.4515388352645367,False,
PSMD14,-0.125,-0.125,0.502100837082419,-0.5938622468799439,False,
PSMD2,-0.75,-0.125,0.8134666113105871,0.0708596637901175,False,
PSMD3,-0.5,0.125,0.6458972379485115,-0.3222978173242916,False,
PSMD4,-0.375,0.125,0.4683655112450929,-0.3615534852173114,False,
PSMD5,0.0,0.125,-0.1689466840100825,0.0180465625465657,False,
PSMD6,-0.75,0.25,0.3051512211584455,-0.110865666735656,False,
PSMD7,0.25,-0.25,0.1036225531582084,-0.0753136386682368,False,
PSMD8,0.125,0.0,0.0555372620743674,0.1607620689405378,False,
PSMD9,-0.375,0.0,0.185642224026862,-0.1099235467851955,False,
PSME1,-0.2222222222222223,-0.2222222222222223,-0.0917638869723817,0.2244319555423173,False,
PSME3,-0.375,-0.125,0.5470731022338825,-0.0915644267101072,False,
PSME4,-0.25,-0.125,0.394358450735393,0.0078892317134808,False,
PSMG1,-0.25,0.125,0.306091943458731,0.191616574611698,False,
PSMG2,0.125,0.125,-0.0293258653809729,0.4139771771728884,False,
PSMG3,-0.3333333333333332,-0.1111111111111111,-0.0877337656219762,0.0964708638644582,False,
PSMG4,-0.25,0.0,0.151687061419309,0.2613443655309324,False,
PSORS1C1,0.375,0.125,-0.2399101160918125,-0.0270610652817535,False,
PSPC1,-0.25,-0.25,0.361483632213535,0.3055013916871838,False,
PSPH,-0.25,-0.125,-0.2055939266885444,0.0945387893379003,False,
PSPN,0.7647058823529411,-0.1764705882352941,-0.207439980577205,0.2844311299940653,False,
PSRC1,-0.125,0.125,0.1252917886308032,-0.17885972696501,False,
PSTK,0.125,0.0,-0.2442903216260375,0.30484253672339,False,
PSTPIP2,0.125,-0.375,0.0318025242422541,-0.3939476599499252,False,
PTAR1,-0.125,-0.25,0.0360947733000184,0.3595808203565713,False,
PTBP1,-0.375,-0.125,0.328142539669313,0.1209916854352655,False,
PTBP2,-0.5,-0.125,0.1728067090674735,0.309101012793997,False,
PTBP3,-0.5,-0.375,0.2961198221064844,0.4604143288320026,False,
PTCD1,0.1999999999999999,-0.1999999999999999,0.0087151544919269,0.3122927909009463,False,
PTCH1,0.0,0.25,-0.5438020074602035,0.3845876262148704,False,
PTCH2,0.0666666666666666,-0.0666666666666666,-0.227491768841511,0.2790516862823191,False,
PTCHD4,0.2222222222222223,0.2222222222222223,-0.5352969535292615,-0.0852504325356333,False,
PTDSS1,-0.25,0.125,0.441094419946897,0.2572987022390469,False,
PTDSS2,-0.125,0.625,0.247950142846216,0.4350836804158828,False,
PTEN,0.1111111111111111,-0.1111111111111111,-0.3473942845301475,-0.5096942119450213,False,
PTER,0.25,-0.25,-0.561847353754902,-0.3007001118307726,False,
PTGER2,0.4444444444444444,-0.2222222222222223,-0.8316558363977264,0.5408704897898795,False,
PTGER4,0.4444444444444444,0.1111111111111111,-0.506421851243383,-0.0254505067196353,False,
PTGES,0.25,0.0,-0.522026935520894,-0.2907516730081227,False,
PTGES2,-0.5,-0.125,0.9192282021913796,0.5465837376012841,False,
PTGES3,-0.375,0.0,0.47540416846793,-0.0749029125974458,False,
PTGFR,0.25,0.25,-0.654136420551587,-0.0826167962300297,False,
PTGFRN,-0.625,-0.125,0.720745174752208,0.1241313932259771,False,
PTGIR,0.25,0.25,0.0551659253361292,-0.080139723744175,False,
PTGIS,0.1764705882352941,0.0588235294117647,-0.394183111757193,1.0969743414861055,False,
PTGR1,-0.125,0.125,-0.093066008658802,0.1987059997846183,False,
PTGR2,-0.0666666666666666,0.0666666666666666,-0.158225152883556,-0.0251206466335682,False,
PTGS1,0.25,-0.125,-0.5087996184076355,0.5813854439774819,False,
PTGS2,-0.125,0.0,0.0431206204727429,-0.1531222914043972,False,
PTH1R,0.7333333333333334,-0.3333333333333332,-0.513711817184281,0.3946689501874663,False,
PTHLH,-0.6000000000000001,-0.0666666666666666,0.783168722515522,-1.1302266555163822,False,
PTK2,0.125,-0.5,-0.2561200447813925,-0.1688036293577393,False,
PTK2B,0.625,-0.625,-0.747793237710414,0.522299138344241,False,
PTK6,0.0,0.0,-0.0455262691526795,0.5111309946105167,False,
PTK7,0.25,-0.125,-0.5431098119389279,0.1876098159244539,False,
PTMA,-0.375,-0.375,0.4553069133489419,0.1703049937961687,False,
PTMS,-0.375,0.0,0.4436767110855555,-0.100661946833612,False,
PTN,-0.25,-0.5,0.379436703137918,-0.3114416455327415,False,
PTOV1,-0.375,0.25,0.4434728751528205,0.4613559879652307,False,
PTP4A2,-0.375,-0.25,0.2527838550600205,0.0433705951468246,False,
PTPDC1,0.75,-0.375,-1.244184526423485,-0.2030523916085469,False,
PTPN1,0.0,-0.375,-0.2370446998119945,-0.2020420515915133,False,
PTPN11,0.125,0.0,-0.1163583607406153,0.0799443801716839,False,
PTPN12,0.25,-0.25,-0.4403548394438595,0.0405526887929803,False,
PTPN13,0.125,0.125,-0.1683626504748844,0.1582316404229435,False,
PTPN14,-0.5,0.25,0.618204398455059,-0.0235760245973941,False,
PTPN18,0.125,-0.125,-0.419481709143802,0.4113239222476181,False,
PTPN2,0.375,-0.25,-0.1395214091741025,0.035648869059798,False,
PTPN21,0.25,-0.125,-0.014328626880671,-0.179761077673175,False,
PTPN22,-0.125,0.125,0.0500459513071801,-1.4775531250883056,False,
PTPN23,0.25,-0.25,-0.0618479074752839,0.1754423757844967,False,
PTPN3,0.125,-0.125,-0.2658689852544604,-0.5802325897585083,False,
PTPN4,0.0,0.0,-0.3393730595198605,-0.121745978785031,False,
PTPN6,-0.1999999999999999,0.0666666666666666,0.51149614660877,0.28412076848133,False,
PTPN9,0.125,-0.25,0.045856869177554,0.5868516042578382,False,
PTPRA,0.5,0.125,-0.4416114031049785,0.1980392761871048,False,
PTPRB,-0.3333333333333332,0.1999999999999999,0.182382015380691,-0.3013297095524047,False,
PTPRE,0.6000000000000001,-0.0666666666666666,-0.0625592434187399,0.050681198258462,False,
PTPRF,-0.5,-0.125,0.6375443688711284,-0.3654158941731951,False,
PTPRG,0.375,0.0,-0.6280446151458774,0.301963311759299,False,
PTPRH,-0.4666666666666665,0.0666666666666666,0.363392712371433,-0.5081069741856776,False,
PTPRJ,-0.25,-0.375,0.6936921583385911,0.308002758762379,False,
PTPRK,-0.125,-0.125,0.2388753976326603,-0.2636010054084097,False,
PTPRM,0.75,0.0,-0.5182775983999359,-0.2154008527121496,False,
PTPRN,-0.4666666666666665,0.3333333333333332,0.515206658085911,-0.3936295086744061,False,
PTPRN2,0.1999999999999999,-0.4666666666666665,-0.0401233136739378,0.2703773362585617,False,
PTPRS,-0.375,-0.125,0.0596627894079672,0.3987172703981612,False,
PTPRU,0.5,-0.125,-0.6255943118082494,0.4971382962204362,False,
PTRH1,-0.375,0.125,0.413368195720751,0.0692171868505702,False,
PTRH2,-0.25,0.0,0.3711343200416435,-0.0676359156091761,False,
PTRHD1,0.0,0.6666666666666667,0.229527496180143,-0.4433816123208687,False,
PTS,0.8888888888888888,0.0,-0.553462891216276,0.0272129491210182,True,1.0
PTTG1,-0.375,-0.125,0.568878501155228,-0.5861029941097131,False,
PTTG1IP,0.0,0.0,0.0911078452775994,0.0634086810044354,False,
PTX3,0.6666666666666667,-0.4444444444444444,-0.6930380580687054,-0.1250180077214653,False,
PUF60,0.0,0.5,0.0609659380060225,0.1452213290946402,False,
PUM1,0.25,0.0,-0.2853473227450985,0.1534881101576592,False,
PUM2,0.375,-0.25,-0.432487973713041,-0.0289662899135558,False,
PURA,0.2222222222222223,0.1111111111111111,-0.5167054698080149,0.4096415567954934,False,
PURB,0.0,-0.625,-0.105681391146455,0.2537265526091814,False,
PURG,0.6000000000000001,-0.0666666666666666,-0.325124339260971,0.2801289061868819,False,
PUS1,-0.125,-0.125,0.058733242320143,0.1721445217940633,False,
PUS10,0.125,0.0,-0.183129422470524,-0.2057529405775315,False,
PUS3,0.0,0.3333333333333332,-0.0832682112770317,-0.0170201973161532,False,
PUS7,-0.125,-0.25,0.450314018138348,0.1262690386653906,False,
PUS7L,0.0,0.0,-0.214529144502035,-0.2122380784856026,False,
PUSL1,-0.5,0.375,0.527380872993656,0.7452578841341566,False,
PVR,-0.5,-0.625,0.504252762618893,0.3688313690663003,False,
PWP1,-0.625,-0.125,0.38029263044218,-0.4506549325839204,False,
PWWP2A,0.5,-0.375,-0.267095219483289,-0.3790614441583466,False,
PWWP2B,0.0,0.125,0.1909788980860995,0.3829138831345586,False,
PXDC1,0.75,-0.125,-0.6621764341277334,0.4334697844172854,False,
PXDN,0.125,0.125,-0.1242661365964479,0.0856315984117124,False,
PXK,-0.25,-0.125,-0.306889216481331,-0.2358389774296054,False,
PXMP4,0.375,0.0,-0.3129466912810685,-0.1775095916241098,False,
PXN,-0.125,-0.375,0.2694426819457023,-0.108418317775075,False,
PYCR1,-0.125,0.0,0.306036869779928,0.6479056100775034,False,
PYCR2,0.1999999999999999,-0.0666666666666666,-0.278633961366285,0.1944130414943985,False,
PYGB,0.375,0.125,-0.305784336339805,0.0291067400640465,False,
PYGL,0.0,0.5,-0.2163524620628015,-0.4809389196838651,False,
PYGO1,0.125,0.125,-0.402977917057956,0.4372067609448162,False,
PYGO2,-0.4444444444444444,-0.1111111111111111,0.20598106675114,0.3146862231528773,False,
PYROXD1,0.125,0.375,-0.316415437591799,-0.441425813037172,False,
PYROXD2,0.125,-0.25,0.0813936016817599,-0.0264417822965814,False,
QDPR,-0.625,0.375,0.44693024236299,-0.0335062444568756,False,
QKI,0.5,-0.125,-0.625748249817239,0.0326483325852557,False,
QPCT,0.7333333333333334,-0.3333333333333332,-0.577149595023667,-0.2712864567337478,False,
QPCTL,-0.25,0.25,0.704277066991194,-0.1518679566304297,False,
QPRT,0.125,0.375,0.1364963073892001,0.2148033465953238,False,
QRICH1,-0.125,0.125,0.0393513789573576,-0.2877680008402721,False,
QRICH2,0.0,0.5,-0.1638981184706615,0.4560263840224491,False,
QRSL1,-0.125,0.0,-0.181223829675907,-0.7513535155648194,False,
QSER1,-0.5,-0.375,-0.0194690465774552,0.3457101062590952,False,
QSOX1,-0.75,0.125,0.650354319621266,0.0147448838011534,False,
QSOX2,-0.75,-0.375,0.764923191731816,0.7948864357674612,False,
QTRT1,0.1111111111111111,0.4444444444444444,0.143196650938335,0.0633000989890681,False,
R3HCC1,0.0,0.0,-0.0463280807068644,0.8364467531849038,False,
R3HCC1L,0.375,-0.25,-0.4327731764168195,0.128169698242516,False,
R3HDM1,-0.375,0.0,0.373331195104566,-0.2753939125999333,False,
R3HDM2,0.5,-0.375,-0.5348207331545796,-0.0150086694184339,False,
R3HDM4,-0.25,0.125,0.7985620360570935,0.7590955887510253,False,
RAB10,0.25,-0.375,0.331902248201564,0.2684389685231956,False,
RAB11A,-0.25,0.25,0.412399689342204,0.0064294932673063,False,
RAB11FIP1,0.75,-0.25,-0.6317799054468695,0.0104105265284695,False,
RAB11FIP2,0.5,-0.125,-0.681540398752267,0.253839774919288,False,
RAB11FIP3,0.375,0.0,-0.7225639166168745,0.1920177341479134,False,
RAB11FIP4,-0.4666666666666665,-0.1999999999999999,0.471171343766072,0.3820290119167839,False,
RAB11FIP5,-0.125,0.0,0.2088789869201445,-0.2248109164975602,False,
RAB12,0.1111111111111111,-0.3333333333333332,-0.1917001308155556,-0.0388742145537355,False,
RAB13,0.125,0.5,-0.0750556257140437,-0.0629280073140701,False,
RAB14,0.375,-0.125,-0.5269185599008299,0.0546173423589255,False,
RAB15,0.0,0.125,-0.209050369597274,0.7017522735502797,False,
RAB18,0.375,0.375,-0.3770794560758485,-0.0689226138269751,False,
RAB1A,-0.125,0.125,-0.154545006473465,0.2126747717351724,False,
RAB1B,-0.375,0.0,0.6315647281861829,0.3386599760570963,False,
RAB20,0.0588235294117647,0.1764705882352941,-0.324685442612974,-0.0959291633184968,False,
RAB21,0.4444444444444444,-0.1111111111111111,-0.2875624462235825,0.1874061328683915,False,
RAB22A,0.2222222222222223,-0.2222222222222223,-0.2499160900038115,0.4569927222358387,False,
RAB23,-0.375,0.25,0.27776467792661,-0.0869528897365934,False,
RAB24,0.0666666666666666,-0.0666666666666666,-0.0549703687293507,0.1613789135148149,False,
RAB26,-0.6000000000000001,0.6000000000000001,0.798775452127709,0.722567594009663,False,
RAB27A,0.125,-0.125,-0.7898391267336464,0.2290032154695236,False,
RAB27B,0.25,-0.25,-0.2264557681549804,-0.6997410532358268,False,
RAB28,0.25,-0.125,-0.4761260340826599,-0.2902526207714189,False,
RAB2A,0.625,0.125,-0.1851575235635905,0.4386025580286794,False,
RAB2B,0.5,0.0,-0.7071035680861846,-0.1404743893622444,False,
RAB30,-0.125,-0.25,-0.1009261359569209,-0.8926664148332342,False,
RAB31,0.375,0.125,-0.640668218681704,-0.0365250087887201,False,
RAB32,-0.1111111111111111,-0.2222222222222223,-0.1538259208244705,0.2769862283048661,False,
RAB33B,0.1111111111111111,0.2222222222222223,-0.4629574559849595,-0.5490571651816776,False,
RAB34,-0.25,0.25,0.0275382223141183,0.3440893410819918,False,
RAB35,-0.125,-0.25,0.245406790438338,0.0176575745091986,False,
RAB36,-0.75,0.125,0.5942986357676865,0.0075689628402066,False,
RAB38,-0.4666666666666665,0.0666666666666666,0.272907710727085,0.2466180014551731,False,
RAB3A,-0.3333333333333332,0.1999999999999999,0.793039366335895,0.1704030475576323,False,
RAB3B,-0.6666666666666667,-0.7777777777777777,0.9261443522511664,0.3985286461866877,False,
RAB3D,-0.1111111111111111,0.1111111111111111,0.0013007442873786,0.2770972168596168,False,
RAB3GAP1,-0.125,0.0,-0.23237428328932,-0.2890283377479616,False,
RAB3GAP2,0.0,0.125,-0.2175579703320365,-0.026608239974752,False,
RAB3IL1,0.0,0.25,-0.4199494187278985,0.1944896621070677,False,
RAB3IP,0.125,-0.25,-0.394101180574972,0.6501623144772863,False,
RAB40A,0.75,0.25,-0.7917572665817825,-0.2179700816573164,False,
RAB40B,0.125,0.125,-0.0063170747849704,0.0764481270738999,False,
RAB40C,-0.125,-0.125,0.000557595660822,0.1116062560754742,False,
RAB42,-0.125,0.25,-0.386158795744477,0.6607926651430629,False,
RAB4A,0.5,0.125,-0.3984106633191265,-0.3405169517096171,False,
RAB5A,0.5,0.0,-0.414823554024337,-0.1009648284418296,False,
RAB5B,0.125,0.0,-0.17780119275261,-0.1480788212068442,False,
RAB5C,0.25,-0.25,0.182124326209957,-0.0765616891595448,False,
RAB6A,0.25,0.0,-0.099365761009937,0.0057116216185453,False,
RAB7A,0.5,-0.125,-0.4541891232019535,-0.4154167204323618,False,
RAB8A,0.0,-0.25,0.542464773911051,0.0504809248051536,False,
RAB8B,0.5,-0.75,-0.2220273581219825,0.3762776850052436,False,
RAB9A,0.6666666666666667,-0.1111111111111111,-0.257577273163856,-0.2418225044400377,False,
RAB9B,0.2941176470588236,0.1764705882352941,-0.30263585902819,-0.5556761930498952,False,
RABAC1,0.125,0.125,0.421933362461576,-0.1060134114906414,False,
RABEP1,0.25,-0.125,-0.4622647396270275,0.1186605496782029,False,
RABEP2,0.125,0.0,0.0964909264376887,0.1463959141014554,False,
RABEPK,-0.25,0.375,0.5437756418879229,0.1785988465209222,False,
RABGAP1,0.625,-0.25,-0.809592199398852,-0.3492912801401968,False,
RABGAP1L,0.25,-0.25,-0.206156243807366,-0.8329958915302718,False,
RABGEF1,-0.25,-0.375,0.2301231879732614,-0.0122522171944097,False,
RABGGTA,0.1111111111111111,0.1111111111111111,-0.1636464162112625,0.2239828111814468,False,
RABGGTB,-0.375,0.125,0.301307109525505,-0.2326929681380978,False,
RABIF,0.0,0.2222222222222223,-0.2573548813558005,0.1944853362137149,False,
RABL2B,0.125,0.0,-0.2560585178317415,0.2256029060041542,False,
RABL3,-0.25,-0.125,0.02767251023098,-0.4790132606939554,False,
RABL6,-0.5,0.125,0.7826894814821046,1.0889931041082672,False,
RAC1,-0.25,0.0,0.3551693163492175,-0.1196972976672969,False,
RAC2,-0.75,-0.5,0.6770763065826345,-0.4799974116444243,False,
RAC3,0.1111111111111111,0.1111111111111111,-0.0001721154934576,1.343874066959846,False,
RACGAP1,-0.125,-0.125,0.4105004965704065,-0.5196337597667395,False,
RAD1,0.25,0.125,-0.4218626489796485,0.0453268542204603,False,
RAD17,-0.125,-0.25,-0.2249681981096526,0.0594325313149572,False,
RAD18,-0.375,-0.25,0.6497026491226665,0.082628275030733,False,
RAD21,0.25,-0.25,-0.5064795437835875,-0.0358716511414378,False,
RAD21L1,-0.6000000000000001,0.0666666666666666,0.575747798739448,0.6364932702019561,False,
RAD23A,-0.125,-0.125,0.4251553801364844,0.2096561093652504,False,
RAD23B,0.0,-0.25,0.1698412620909775,-0.0112349823309512,False,
RAD50,0.125,0.0,-0.218180983580017,0.1804010398733029,False,
RAD51,-0.25,0.0,0.4529730470505645,0.6249189224795053,False,
RAD51AP1,-0.375,-0.125,0.4586630855529375,-0.0248604916623826,False,
RAD51B,-0.5,0.125,-0.23679573112843,-0.3218354710963078,False,
RAD51C,-0.125,0.125,-0.0373283951867075,0.2800506739603199,False,
RAD51D,-0.6000000000000001,0.0666666666666666,0.589869172110917,0.1147258751716562,False,
RAD52,-0.125,0.125,-0.4697875748374305,-0.2397974205488156,False,
RAD54B,-0.375,-0.25,0.2656539315332375,-0.3585325127821805,False,
RAD54L,-0.5,0.375,0.578059015495278,-0.2668156989071408,False,
RAD54L2,-0.5,-0.25,0.0411850894193533,0.0633461184363488,False,
RAD9A,-0.3333333333333332,0.2222222222222223,0.297594249705423,-0.1837285804457746,False,
RAD9B,0.6000000000000001,-0.0666666666666666,-0.689514768056112,-0.0101553128011202,False,
RAE1,-0.375,0.125,0.093353647752757,0.3517849158409503,False,
RAET1G,0.1764705882352941,-0.2941176470588236,-0.145789579811008,-0.6801127803186575,False,
RAF1,0.25,-0.375,-0.6082444633071765,-0.0591631981390792,False,
RAG1,0.125,0.125,-0.416467409497977,-0.2879511365402432,False,
RAI1,-0.125,-0.5,0.1945831557080904,0.5801742952015281,False,
RAI14,0.0,-0.125,0.1226324260469565,-0.2341769870547905,False,
RALA,-0.1111111111111111,-0.2222222222222223,0.2393568711826845,-0.3648262372300608,False,
RALB,-0.25,-0.25,0.282273792944249,-0.0640119195779327,False,
RALBP1,0.25,-0.125,-0.0904255461778987,0.1062465812108586,False,
RALGAPA1,0.125,0.125,-0.458673644899401,-0.1703012646985047,False,
RALGAPA2,0.125,0.25,-0.1729005415487305,0.0103939750948733,False,
RALGAPB,0.0,-0.125,-0.3934307292198595,0.1728760974541701,False,
RALGDS,-0.3333333333333332,0.0666666666666666,0.635355393895659,0.1902511195074794,False,
RALGPS1,-0.0666666666666666,-0.0666666666666666,0.0757632526990218,-0.0123065891209992,False,
RALGPS2,-0.25,-0.375,0.458888753361572,0.186849145329931,False,
RALY,-0.375,0.0,0.652850177661287,-1.0609487883819082,False,
RAMP2,-0.0666666666666666,-0.0666666666666666,0.0361391219533388,0.1752831675753097,False,
RAN,-0.625,0.125,0.5093222405757014,0.4327651987962722,False,
RANBP17,0.75,-0.125,-0.8680315688386895,0.8179818861724684,False,
RANBP2,0.125,-0.125,-0.0827695868504576,0.1318131212261666,False,
RANBP3,-0.5,0.0,0.15977083847435,0.1800565862898255,False,
RANBP3L,0.5,0.125,-0.501148085904189,-0.343667812411683,False,
RANBP6,-0.375,-0.25,0.0628155755915227,-0.1615823209388309,False,
RANBP9,0.5,-0.125,-0.7355439698244405,0.7231123808830837,False,
RANGAP1,-0.5,0.0,0.785846482428196,0.1391094065142737,False,
RANGRF,-0.375,0.625,0.4063007318445855,-0.0438701594841437,False,
RAP1A,0.25,0.5,-0.4267194333717715,0.4248260650817026,False,
RAP1B,0.375,-0.75,-0.460132342926789,0.2877216910375857,False,
RAP1GAP2,0.0,-0.625,0.0851030499482808,-0.0384048657558286,False,
RAP1GDS1,0.0,0.0,-0.13483108364398,-0.0843170111572972,False,
RAP2A,0.5555555555555556,0.0,-0.663109746869854,0.0156644218116239,False,
RAP2B,-0.6666666666666667,0.1111111111111111,0.8113865415757631,-0.2106916249824788,False,
RAP2C,0.0,-0.25,-0.285388074965504,0.2990840120424689,False,
RAPGEF1,0.625,-0.125,-0.50625873485657,0.3915475723022146,False,
RAPGEF2,-0.25,0.0,0.141014086632858,-0.2197204505894197,False,
RAPGEF3,-0.375,-0.125,0.500385167504844,-0.0930789404540672,False,
RAPGEF5,0.3333333333333332,-0.3333333333333332,0.0707977979479435,-0.7088044262040238,False,
RAPGEF6,-0.25,-0.375,0.127336299952664,-0.1841420422837028,False,
RAPGEFL1,-0.3333333333333332,0.1999999999999999,0.379696675203373,0.0280969455189616,False,
RAPH1,0.0,-0.125,-0.169519964351987,-0.537400364470197,False,
RARA,0.375,-0.125,-0.186279257707815,0.1294830141746921,False,
RARB,0.125,-0.25,-0.422765843421027,-0.672848081704938,False,
RARG,-0.125,-0.125,0.3417123537862345,0.0602765994470626,False,
RARRES1,0.1999999999999999,0.0666666666666666,-0.412729729403639,-0.6643480073136003,False,
RARRES2,0.375,0.125,-0.500405159194785,0.1186264985068747,False,
RARS2,0.25,0.125,-0.241798117216432,0.1956607054658139,False,
RASA1,-0.625,-0.25,0.746204483353957,0.0286809246626607,False,
RASA2,0.0,-0.125,0.2495693271676263,0.2161188045532407,False,
RASA3,-0.4444444444444444,-0.3333333333333332,0.5238821764168575,-0.1644531371000273,False,
RASAL2,0.625,-0.5,-0.186164304964456,-0.4805527956379336,False,
RASD1,0.4444444444444444,-0.1111111111111111,-0.5707699809772745,0.8682909627811826,False,
RASD2,-0.5294117647058822,0.2941176470588236,0.563567246937848,0.3991276079854366,False,
RASGRF2,0.6000000000000001,-0.1999999999999999,-0.487298884790233,0.4456580507218444,False,
RASGRP3,0.375,-0.375,-0.352427857409217,-0.7639360120082519,False,
RASIP1,0.0666666666666666,-0.1999999999999999,-0.138145397887657,-0.2046919073145463,False,
RASL10B,0.125,0.375,-0.6981536946778405,0.834685139183619,False,
RASL11A,0.5555555555555556,0.2222222222222223,-0.391836277607256,0.2419049234046735,False,
RASL11B,0.6470588235294117,0.0588235294117647,-0.807764866290795,0.2210113670573954,False,
RASSF1,-0.125,0.0,0.2857311479717955,0.243636700996237,False,
RASSF2,0.125,-0.375,0.352743532643644,-0.2684603500905684,False,
RASSF3,-0.5,0.0,-0.07802553509677,0.7230882059792894,False,
RASSF4,0.875,0.0,-0.464053448136138,-0.4596159479541928,True,1.0
RASSF5,0.0588235294117647,0.1764705882352941,0.275262848061794,-0.2738421467970298,False,
RASSF7,-0.4666666666666665,0.1999999999999999,0.619648900135258,0.5530910767865684,False,
RASSF8,0.125,-0.5,-0.5639493439487385,-0.3508474020587107,False,
RASSF9,-0.1764705882352941,0.411764705882353,0.0550268232631896,-0.0626500395852793,False,
RAVER1,-0.25,0.0,0.2794952145125858,0.25442665156669,False,
RAVER2,0.0,0.0,0.0308778302043744,-0.327324726911798,False,
RB1,0.375,0.0,-0.0579691788817596,-0.8257240007076752,False,
RB1CC1,0.25,-0.25,-0.528495798532992,0.1726961041226333,False,
RBAK,-0.0666666666666666,-0.3333333333333332,0.0377927837764832,0.51747323220909,False,
RBBP4,-0.375,-0.125,0.42362527361575,-0.0534713400037905,False,
RBBP5,-0.375,0.0,0.2888700892073405,-0.1203823234520351,False,
RBBP6,-0.125,-0.375,-0.0900078470830459,0.1515418087701903,False,
RBBP7,0.0,-0.375,0.0883997942696099,0.1835948735486607,False,
RBBP8,-0.125,-0.375,-0.0593135271676248,0.047084061925382,False,
RBBP9,0.5,-0.125,-0.401251072047098,0.2260056301930229,False,
RBCK1,-0.125,0.0,0.4603100377108154,-0.0305274971835154,False,
RBFOX2,-0.625,0.125,0.4358494997791565,-0.2526783184174777,False,
RBL1,-0.25,-0.5,0.429965365986968,0.1080251184531437,False,
RBL2,0.5,0.125,-0.908459617656512,-0.1493172635759445,False,
RBM10,-0.25,0.125,0.6087812840704615,0.1825817016074289,False,
RBM12B,-0.125,-0.375,-0.070023639260099,-0.0692312017870704,False,
RBM14,-0.2941176470588236,-0.411764705882353,0.364673643031212,0.4680937836401766,False,
RBM15,-0.375,-0.25,0.1632388955290352,0.4636693721128373,False,
RBM15B,-0.2222222222222223,0.3333333333333332,0.5446701135920295,0.2620628609941602,False,
RBM17,-0.5,0.125,0.4528829256933885,-0.1116243072785736,False,
RBM19,-0.125,0.0,0.341672922341302,-0.2363057501267236,False,
RBM20,0.125,-0.25,-0.3700681091432179,-0.6234237346317597,False,
RBM22,-0.125,-0.125,0.1802498287642325,-0.1922504255081341,False,
RBM23,-0.25,-0.25,0.0445949494519585,-0.0934955946992426,False,
RBM24,-0.0666666666666666,-0.4666666666666665,0.602872150424029,-0.1046455744926568,False,
RBM25,-0.375,-0.25,0.415495272253286,-0.2761478818066947,False,
RBM26,-0.375,-0.375,0.1068097107257737,0.2653273915992948,False,
RBM27,-0.1764705882352941,-0.0588235294117647,-0.455552385910034,-0.3349462884180432,False,
RBM28,0.0,-0.5555555555555556,0.1076148636856416,-0.3112866153982403,False,
RBM3,-0.125,-0.25,0.1060856521352439,-0.2492750857467973,False,
RBM33,-0.125,-0.25,-0.4401133659572295,-0.3068067058829449,False,
RBM34,-0.0666666666666666,0.1999999999999999,-0.237542995624771,-0.0736725818572159,False,
RBM38,-0.4666666666666665,-0.1999999999999999,0.997279787057375,0.5594256611992352,False,
RBM39,0.375,0.0,-0.5442749393254626,-0.4594938693248074,False,
RBM4,-0.125,0.125,0.141538739648719,-0.1434167308672025,False,
RBM41,0.25,-0.25,-0.475956887662079,0.1823739869091767,False,
RBM42,-0.375,0.125,0.6050664752794126,0.0705794189212647,False,
RBM43,0.5555555555555556,-0.2222222222222223,-0.4938279488731285,0.1674548299601852,False,
RBM45,0.0,0.25,0.3548259998968215,0.3644107181798648,False,
RBM4B,-0.125,0.25,-0.3267738976451755,0.2344649539976111,False,
RBM5,0.375,-0.125,-0.5009040760109135,0.3283416636418823,False,
RBM6,0.0,-0.375,-0.26226239649855,0.2186611046968942,False,
RBM7,0.0,-0.75,0.0702264022594046,-0.0784461418991293,False,
RBM8A,-0.5555555555555556,0.0,0.5511750134481985,-0.5446429401661508,False,
RBMS1,0.875,-0.125,-0.5831229808546065,-0.2678018539588875,True,1.0
RBMS2,-0.125,-0.375,0.218600880729366,-0.0656071716251025,False,
RBMS3,-0.125,0.0,-0.3926047073798749,-0.5603887755139634,False,
RBMX,-0.625,-0.25,0.4419775808672805,-0.6086161656888585,False,
RBMX2,-0.125,0.0,-0.0171470769608184,-0.1713455964790363,False,
RBMXL1,0.1999999999999999,-0.6000000000000001,-0.0596176867717724,0.2775320725151267,False,
RBP1,0.0666666666666666,0.0666666666666666,-0.291251157171046,0.2957246137489442,False,
RBP4,0.625,-0.375,-0.5362258594779575,0.4747531795694113,False,
RBPJ,0.0,-0.375,-0.241496121323586,-0.4265778517110696,False,
RBPMS,-0.375,0.0,0.277141603546948,-0.2370358009438091,False,
RBPMS2,0.1999999999999999,0.0666666666666666,0.322053480413971,0.8665089090507426,False,
RBX1,-0.2222222222222223,0.2222222222222223,0.0591192686992853,-0.0036612894655241,False,
RC3H1,0.375,0.25,-0.7097917135832674,0.4383733587917744,False,
RC3H2,0.375,0.0,-0.3839937880916455,-0.2746013400476395,False,
RCAN1,-0.125,-0.125,0.375593391796553,-0.2821914256547244,False,
RCAN2,0.0666666666666666,-0.0666666666666666,0.182071327829166,-0.5816484175504253,False,
RCAN3,0.625,0.0,-0.1251379825431394,0.5306723681309942,False,
RCBTB1,0.375,0.125,-0.454255360994213,0.0894019622494746,False,
RCBTB2,0.375,0.25,-0.659093539683195,0.2886778220460622,False,
RCC1,-0.25,-0.375,0.4081703254449295,-0.1982845140515481,False,
RCC2,-0.2222222222222223,-0.1111111111111111,0.1614526410913911,0.3165643670405202,False,
RCCD1,-0.5,0.125,0.628829964555168,0.1188511233559799,False,
RCE1,-0.2222222222222223,0.2222222222222223,-0.055163439726296,0.1526198567975272,False,
RCHY1,-0.25,0.25,-0.03079314335092,-0.4242728485397664,False,
RCL1,0.5,-0.25,-0.401941636002727,0.2626682348603224,False,
RCN1,-0.125,0.0,0.345226794194537,-0.3306371323135293,False,
RCN2,0.125,0.125,-0.0014452626492039,0.3038507338160165,False,
RCN3,0.3333333333333332,-0.1111111111111111,0.269712393381201,0.3623568740965672,False,
RCOR1,-0.125,-0.25,0.2465449350516455,0.0344855971310491,False,
RCOR2,-0.2941176470588236,0.1764705882352941,-0.241738896969468,1.449282792275054,False,
RCOR3,0.375,0.0,-0.8786970857253991,-0.0946053116873719,False,
RDH10,0.0,0.125,-0.246637187210737,0.4156657921586653,False,
RDH11,-0.5,0.0,0.5892946331721995,-0.2196777192259107,False,
RDH14,0.1111111111111111,-0.2222222222222223,0.3156136308492555,0.1119807737673674,False,
RDX,0.25,-0.25,-0.4178923602340365,0.2460196556329394,False,
REC8,0.411764705882353,-0.0588235294117647,-0.182466725170565,-0.4420497900307718,False,
RECK,0.375,-0.25,-0.6440878754023645,0.4806618225607288,False,
RECQL,0.25,0.0,-0.50167699511703,-0.2998402368150561,False,
RECQL4,-0.375,0.25,0.512053045434521,0.5792516303778077,False,
RECQL5,0.75,0.25,-0.548144293002981,-0.2793434881993142,False,
REEP1,0.4666666666666665,0.3333333333333332,-0.236682282522272,-1.0557447966156328,False,
REEP2,-0.8666666666666667,0.1999999999999999,0.850524143038967,0.8034607376916729,True,-1.0
REEP3,0.875,0.0,-0.8076757358236071,0.5623799102479863,True,1.0
REEP4,-0.25,0.0,0.3636193409112065,0.28858306705165,False,
REEP5,0.375,0.125,-0.4565709443685379,0.6089514239058507,False,
REEP6,-0.1999999999999999,0.1999999999999999,0.627605984539951,0.2620787166421179,False,
REL,0.375,-0.625,-0.6056525162251525,0.6165479130054523,False,
RELA,0.0,0.125,-0.1594054009535003,0.8054668697711187,False,
RELB,0.625,-0.25,-0.064575177263055,0.1757522004110172,False,
RELL1,0.125,0.25,0.09997877850062,-0.0394591360022258,False,
RELL2,-0.5555555555555556,0.1111111111111111,0.6683937451783115,0.4432263480435201,False,
RELN,0.1999999999999999,-0.3333333333333332,-0.103219979202281,-0.0033459276063061,False,
RELT,-0.5,0.0,0.8626005868165709,0.3521581980312538,False,
REPIN1,-0.375,0.375,0.1672521917375705,-0.6831896178154664,False,
REPS1,-0.625,0.0,0.144289757693325,-0.1007596674982544,False,
REPS2,0.7333333333333334,0.1999999999999999,-0.70476421292498,0.3551069421974908,False,
RERE,0.375,-0.375,-0.5683366039704625,-0.0026583357128253,False,
RERG,1.0,-0.0588235294117647,-0.775262374916435,0.1543445727898249,True,1.0
REST,0.375,-0.125,-0.6213439018130571,0.6795020331916999,False,
RETSAT,0.375,0.0,-0.223653098839796,-0.0118515276824386,False,
REV1,0.0,-0.125,-0.167055672139282,0.2887486389797988,False,
REV3L,0.875,0.0,-0.9220215623742096,0.6574998664993319,True,1.0
REXO1,-0.375,-0.25,0.4200960660019995,0.2626085836184597,False,
REXO2,-0.125,-0.25,0.113389380518619,-0.2867738885357105,False,
REXO4,-0.2941176470588236,0.0588235294117647,0.606035303351255,-0.0259885115556648,False,
RFC1,-0.25,0.0,0.190598266761314,-0.5230446762679561,False,
RFC2,-0.25,-0.125,0.475098999355936,-0.1141285788141113,False,
RFC3,-0.5,0.0,0.6339399835387535,-0.0164907463443408,False,
RFC4,-0.625,-0.125,0.4712987101348395,0.4760552090787282,False,
RFC5,-0.375,-0.25,0.4619473355366995,0.0124504104331548,False,
RFESD,0.5,-0.125,-0.5282495595117706,0.36744052130258,False,
RFFL,0.375,0.0,-0.5432645643573369,0.323648162920612,False,
RFK,0.75,-0.375,-0.4741402576596945,0.1625996567258498,True,1.0
RFT1,-0.5,-0.375,0.453099281886913,-0.2616999245251472,False,
RFTN1,0.375,-0.375,-0.252914333393117,-0.6384746369952996,False,
RFWD3,-0.375,-0.5,0.637471081791688,-0.4329647472565816,False,
RFX1,0.0588235294117647,-0.1764705882352941,0.301443131912837,-0.0135151388258547,False,
RFX2,-0.125,-0.25,0.269415088340552,0.0294606091953775,False,
RFX3,-0.125,0.5,-0.139968051204644,0.0633928558785563,False,
RFX5,-0.125,-0.375,0.0719284334111058,-0.2054927389911824,False,
RFX7,-0.125,-0.375,-0.1201973995250185,0.1643417298243554,False,
RFX8,-0.125,0.0,0.3803611090916075,-0.5493787303570472,False,
RFXAP,-0.1111111111111111,0.1111111111111111,0.346639050049805,0.4506962632643159,False,
RGL1,0.0,-0.375,-0.489738554605814,-0.0502802450294574,False,
RGL2,0.125,0.0,-0.3598333875223205,0.1638370963407691,False,
RGL3,0.6000000000000001,-0.0666666666666666,-0.152878140260859,0.4056220802647008,False,
RGMB,-0.75,0.125,0.670232289326613,0.1058744556964548,False,
RGP1,0.0,-0.125,-0.0561856503808977,-0.1826111636975846,False,
RGS10,-0.25,0.375,0.147150066822943,-0.2136566194728084,False,
RGS12,-0.375,-0.25,0.1274404967118836,0.15257810268489,False,
RGS14,-0.3333333333333332,0.1999999999999999,0.592360667530627,0.2408251686129383,False,
RGS16,-0.0666666666666666,0.0666666666666666,-0.182890312848513,-0.1029449971729956,False,
RGS17,-0.1111111111111111,0.2222222222222223,-0.1557927752824189,0.924529365247978,False,
RGS19,-0.25,-0.25,0.340108139260824,0.9833879548220644,False,
RGS2,0.4444444444444444,-0.2222222222222223,-0.8424560555438589,0.1043945378246489,False,
RGS20,-0.125,-0.375,0.236907221721405,-0.497761350836968,False,
RGS3,-0.5,0.125,0.7773702129492995,-0.1700356437695975,False,
RGS4,-0.75,-0.125,0.5177167036583246,-1.195363241630178,False,
RGS5,0.0,0.125,-0.1108690284520928,-0.2565329199356867,False,
RGS7,-0.8666666666666667,-0.1999999999999999,0.795866848495736,0.8479752874324393,True,-1.0
RGS9,-0.0666666666666666,0.0666666666666666,-0.331828335141294,0.2789791433856116,False,
RHBDD1,0.75,-0.125,-0.699346452283155,0.1493581001683916,False,
RHBDD2,0.375,0.0,-0.1023727625062103,0.3199226549362888,False,
RHBDF1,0.0,0.25,0.2225976491311875,0.2657229433757742,False,
RHBDF2,-0.3333333333333332,-0.1999999999999999,0.291402951375698,0.0125858497372433,False,
RHBDL1,-0.3333333333333332,0.3333333333333332,0.204121866142406,0.6104395543291264,False,
RHBDL2,-0.0666666666666666,0.0666666666666666,0.0231240961370458,0.0147887166894726,False,
RHEB,0.375,0.125,-0.5514878097819556,0.1473041192353328,False,
RHEBL1,-0.0666666666666666,-0.4666666666666665,-0.0720500753049993,-0.0661929410466233,False,
RHNO1,-0.5,-0.125,0.620545334229329,0.0360168760472252,False,
RHOA,0.0,0.0,0.0145837353475703,0.0993687109501695,False,
RHOB,0.5,0.0,-0.590013630365432,0.0622437263392843,False,
RHOBTB1,0.375,0.125,-0.3266261898727635,0.6741710054581223,False,
RHOBTB2,0.125,0.125,-0.2027887442126432,0.1412204283436664,False,
RHOBTB3,0.5,0.375,-0.644164688780166,-0.4601952814946446,False,
RHOC,-0.625,0.0,0.168740655239404,0.0096017854987344,False,
RHOD,0.3333333333333332,0.2222222222222223,0.0112629218372341,0.1743552884058761,False,
RHOF,-0.411764705882353,-0.0588235294117647,0.473879144105029,0.4315550987051693,False,
RHOG,0.0,0.0,0.3023621652352189,-0.0885419190895491,False,
RHOQ,0.625,-0.375,-0.865440738640977,0.3602486834211018,False,
RHOT1,0.125,0.0,-0.491782300303589,-0.3564578836088832,False,
RHOT2,-0.25,0.25,0.28790758141098,0.6519254914482904,False,
RHOU,0.6000000000000001,-0.1999999999999999,-0.331579843427174,0.6616158297175858,False,
RHPN1,-0.1999999999999999,0.4666666666666665,0.0682811605952485,0.0211014872968675,False,
RHPN2,-0.2941176470588236,-0.1764705882352941,0.0810992999904089,0.3150066841291477,False,
RIBC2,-0.411764705882353,0.1764705882352941,0.339393329342404,0.3992979198933207,False,
RIC8A,-0.5,-0.125,0.2435171408358815,-0.0187300984548555,False,
RIC8B,-0.25,0.0,-0.326301265758244,-0.2897076639753244,False,
RICTOR,0.375,-0.125,-0.396655857474573,0.1424587876702308,False,
RIF1,-0.25,-0.375,0.326240200540612,-0.0908366532526527,False,
RILP,0.3333333333333332,-0.0666666666666666,-0.202951995030481,0.8501174981234745,False,
RILPL1,0.375,-0.5,-0.3435457350440964,0.5789981466823375,False,
RILPL2,0.625,-0.125,-0.621441724606365,0.7040740020985923,False,
RIMKLB,-0.125,-0.125,-0.0031964586172759,-0.0306461573717315,False,
RIMS1,0.125,-0.125,0.0538469424662569,-0.6003589996659424,False,
RIMS3,-0.1999999999999999,0.4666666666666665,-0.310178836855928,0.6578598701940226,False,
RIN1,-0.625,-0.125,0.6143189649611001,-0.051773291600595,False,
RIN2,-0.25,-0.125,-0.305526503936949,-0.3407737097564527,False,
RIN3,-0.5,0.125,0.542222453242926,-0.0329712462505082,False,
RING1,-0.0588235294117647,0.2941176470588236,-0.183824831609638,0.2546674277930207,False,
RINL,-0.25,0.125,0.0857824780283154,0.8386752311097107,False,
RINT1,-0.1111111111111111,0.1111111111111111,0.0731637654192039,-0.1056646948207373,False,
RIOK1,0.1111111111111111,0.0,0.1012809305560258,-0.2596283326312707,False,
RIOK2,0.0,-0.125,-0.0001605536414086,-0.2531468553375107,False,
RIOK3,0.375,-0.5,-0.6490593036757,-0.1531569067590803,False,
RIPK1,0.5,-0.25,-0.5606214473415585,0.1845908794632942,False,
RIPK2,-0.1111111111111111,0.0,0.2860909662283485,-0.7307561455716818,False,
RIPK4,-0.6000000000000001,-0.1999999999999999,0.536370122041538,-0.4832408802714885,False,
RIT1,0.0,-0.25,-0.220580358525373,-0.1263350785480452,False,
RITA1,-0.6000000000000001,-0.1999999999999999,0.820264697855308,0.0658355623909598,False,
RLF,0.3333333333333332,-0.3333333333333332,-0.3645745297387225,0.0613380418269264,False,
RLIM,-0.125,-0.25,-0.2610253167423025,-0.0707682633797985,False,
RMDN1,0.125,0.625,-0.0857263812825282,0.2225612957950811,False,
RMDN2,0.375,0.375,-0.4926553239789265,0.2322911245888017,False,
RMDN3,0.125,0.5,-0.310286539833923,0.019221830818374,False,
RMI1,-0.25,-0.25,0.0951065790823174,0.9462926982961644,False,
RMI2,-0.125,0.125,0.0312009621290457,-0.1908434480003475,False,
RMND1,0.125,0.0,-0.3052301228781545,-0.3947769457522496,False,
RMND5A,0.875,-0.25,-0.9103656838127596,0.1704652035250129,True,1.0
RMND5B,-0.25,0.0,0.1212482031952525,0.3511238572938406,False,
RNASE4,0.5,0.5,-0.532630362328209,-0.3000116724553203,False,
RNASEH1,-0.4666666666666665,-0.1999999999999999,0.735092008783798,-0.0149634521681409,False,
RNASEH2A,-0.411764705882353,-0.0588235294117647,0.169780246873197,0.6966976934966651,False,
RNASEH2B,-0.125,-0.125,-0.2860234488816505,0.2234551988570299,False,
RNASEH2C,-0.25,0.125,0.0145050135226911,0.1978107482094768,False,
RNASEL,0.375,0.0,-0.89795394101601,-0.1879223492482686,False,
RNASET2,-0.5,0.25,0.850125736030205,-0.0579171338047603,False,
RND1,0.1999999999999999,-0.0666666666666666,-0.0889692556360885,-0.0174622426457384,False,
RND3,0.0,-0.25,0.2027767426498705,-0.2262069262499344,False,
RNF10,0.125,0.0,-0.2778593390548249,-0.0600073646817955,False,
RNF103,0.5294117647058822,-0.1764705882352941,-0.653585470991115,0.5823581259621027,False,
RNF11,0.3333333333333332,0.1111111111111111,-0.5528444420335955,-0.2329274597131418,False,
RNF111,0.0,-0.25,-0.023611524086844,-0.1208035234526099,False,
RNF113A,0.4444444444444444,0.2222222222222223,-0.0647434716829529,0.4495848011319452,False,
RNF114,-0.125,0.125,-0.0743326915076266,0.325062906577181,False,
RNF121,-0.25,0.25,0.2205317029540892,0.0423744005379291,False,
RNF122,0.0588235294117647,-0.0588235294117647,-0.234247463551697,-0.1067951486316642,False,
RNF123,0.125,0.0,0.065716702337606,1.2061186838677191,False,
RNF125,-0.125,0.125,0.1550669059491923,0.2157117556517507,False,
RNF126,-0.25,0.0,0.4055402421130475,0.5151355170151586,False,
RNF13,0.375,-0.125,-0.58321624956044,-0.2087333551226011,False,
RNF130,0.625,0.375,-0.7341635489364975,0.2566690805223186,False,
RNF135,0.25,0.125,-0.2246252902309959,0.6110167817437429,False,
RNF138,-0.25,-0.5,0.0136161948819255,0.3529955751319042,False,
RNF139,0.4444444444444444,-0.3333333333333332,-0.5223981873561481,-0.7383073867615112,False,
RNF14,0.5,-0.125,-0.6144522396110835,-0.108731885191017,False,
RNF141,-0.1111111111111111,0.3333333333333332,0.005743851056571,-0.7534866734269283,False,
RNF144B,0.75,-0.375,-0.8646911559243925,-0.0431800121456875,False,
RNF145,-0.625,-0.125,0.688597245762635,-0.1847282409674338,False,
RNF146,0.375,-0.375,-0.7877307718798485,0.207562641165119,False,
RNF149,0.4444444444444444,-0.1111111111111111,-0.3880766025229555,-0.2122795585647812,False,
RNF150,0.5,-0.25,-1.057726941909288,0.2161392330095148,False,
RNF152,0.5,-0.625,-0.1595770368110575,0.6490241982804548,False,
RNF157,-0.1999999999999999,0.1999999999999999,-0.0338845894743476,0.2463982595385185,False,
RNF166,-0.375,0.125,0.258684465652816,0.1499103314477854,False,
RNF167,-0.5,0.375,0.106547027992911,-0.0177171913454907,False,
RNF168,-0.2222222222222223,-0.1111111111111111,-0.218091261338312,0.0160043220897287,False,
RNF169,0.2222222222222223,-0.2222222222222223,-0.0547409618319355,-0.3781625438729339,False,
RNF170,0.875,-0.25,-0.768307981919245,0.1487477375564432,False,
RNF180,-0.0666666666666666,-0.0666666666666666,-0.0859822546409533,0.4192311580632377,False,
RNF181,-0.25,0.375,0.4150144926337725,-0.2370538090991578,False,
RNF182,-0.25,-0.25,0.391275288573385,-0.1636846545593311,False,
RNF185,0.375,0.125,-0.5293789825465616,0.242395176703112,False,
RNF187,-0.1111111111111111,0.2222222222222223,0.0917333940061106,0.0362934812754573,False,
RNF19A,0.375,-0.5,-0.416818005995923,0.041972987969685,False,
RNF19B,0.375,-0.375,-0.0173067637946769,0.239207880046421,False,
RNF2,0.125,0.0,-0.3795112413392635,0.5116533902177405,False,
RNF20,0.0,0.375,-0.383095861442431,-0.2548148725012478,False,
RNF207,0.3333333333333332,-0.3333333333333332,-0.567689920433098,0.6057271764043042,False,
RNF208,-0.7647058823529411,0.1764705882352941,0.787566109782811,-0.5812811136071886,False,
RNF213,0.375,-0.125,-0.637960178697465,0.6837373336934407,False,
RNF214,0.125,-0.25,-0.4677337694033485,-0.6420175617554031,False,
RNF215,0.125,0.125,0.0678482648069727,0.0986642576273704,False,
RNF216,0.0,-0.375,-0.001459547798194,0.4846135533774616,False,
RNF217,0.375,0.125,-0.6578770902205215,-0.3794073839788137,False,
RNF220,0.125,0.25,-0.259319037341306,-0.1484698101059276,False,
RNF24,0.125,0.25,-0.3075020737555185,-0.0863815187175622,False,
RNF25,-0.5555555555555556,0.2222222222222223,0.504173995638681,-0.0846275741478899,False,
RNF26,-0.4444444444444444,-0.4444444444444444,0.322770440609439,-0.1231728121382271,False,
RNF31,-0.0588235294117647,-0.5294117647058822,-0.148430560265946,-0.2731455700728729,False,
RNF32,0.4666666666666665,0.0666666666666666,-0.454431717784669,-0.8484683592324469,False,
RNF38,0.125,-0.125,-0.2509256735347515,0.513227291788009,False,
RNF4,-0.125,-0.25,0.1711771240493905,0.2274838544516635,False,
RNF41,0.125,-0.25,-0.2105736128178945,-0.0683371668279044,False,
RNF44,0.125,-0.125,-0.2326314373526914,-0.0880436886658668,False,
RNF6,-0.375,-0.125,-0.0331256826842407,-0.5359264016383243,False,
RNF7,0.125,0.0,-0.0592220443926324,0.2002173034442975,False,
RNF8,-0.375,0.25,0.587354811042051,-0.1702395005902683,False,
RNFT1,0.625,-0.375,-0.991514938301856,-0.309511312000438,False,
RNGTT,-0.375,0.0,0.445258220401238,-0.0058500511734482,False,
RNH1,0.25,-0.125,-0.1249937875130497,0.3880825293510255,False,
RNLS,0.125,0.375,-0.2161038981449358,0.4065208776968878,False,
RNMT,0.375,-0.125,-0.2300886367803585,0.5121071514660982,False,
RNPC3,0.25,0.25,-0.78233222161163,-0.5772115048200694,False,
RNPEP,-0.5,0.0,0.7161692032890465,0.1183555731755663,False,
RNPEPL1,0.125,0.25,-0.1972000668058735,0.5601026313757438,False,
RNPS1,-0.375,0.125,0.561288755177941,0.4353799293181519,False,
ROBO1,0.0,0.125,-0.1577235626428715,-0.0109593655111051,False,
ROBO3,-0.4666666666666665,-0.4666666666666665,0.0178067284081061,0.2622762914350764,False,
ROBO4,-0.1999999999999999,-0.3333333333333332,0.110752798559009,-1.0442905437895194,False,
ROCK1,0.3333333333333332,-0.1111111111111111,-0.4845342326531699,0.1440745419712756,False,
ROCK2,0.5,-0.125,-0.4189647007899665,0.2194420588999706,False,
ROGDI,-0.1999999999999999,0.4666666666666665,0.284844504164821,-0.0870763443475275,False,
ROM1,0.2222222222222223,0.3333333333333332,-0.393021412674391,0.0978495809246022,False,
ROMO1,-0.375,0.125,0.1146950898118417,0.039013424661262,False,
ROR1,0.25,-0.25,0.0819627663503267,0.0572047050781505,False,
RORA,0.75,0.125,-0.672247413389222,-0.1074910751390327,False,
ROS1,0.6000000000000001,-0.3333333333333332,-0.694432236019314,1.0695512900506738,False,
RP2,0.4444444444444444,-0.2222222222222223,-0.5254453898368054,-0.0041045129455623,False,
RP9,-0.125,-0.5,0.0683587341949385,0.1224056996807272,False,
RPA1,-0.625,0.125,0.3770439394055584,-0.6364760484968044,False,
RPA2,-0.375,0.125,-0.0521768085919498,-0.2342190715328476,False,
RPA3,-0.125,-0.125,-0.1744572757667474,-0.268633023411069,False,
RPAIN,-0.25,0.0,0.146720509588938,-0.507402848396671,False,
RPAP1,-0.125,-0.25,0.2774733365779014,0.6921068723545227,False,
RPAP3,-0.125,0.0,0.5220305848684675,-0.0424776133194133,False,
RPE,-0.125,0.25,0.2018244407893294,0.2610407769887635,False,
RPF1,-0.125,0.125,0.0693405855383341,0.0304726379671302,False,
RPF2,0.125,0.0,-0.0076481923888117,0.3490562767775405,False,
RPGR,0.5,-0.5,-0.1703627108904214,-0.1409059585603178,False,
RPGRIP1L,-0.125,0.125,0.2304027729448965,-0.5088861124395874,False,
RPH3AL,-0.3333333333333332,0.1999999999999999,0.269216568869326,0.2343273048876013,False,
RPIA,0.1111111111111111,-0.3333333333333332,0.0127078067209983,0.1565774487240552,False,
RPL10,0.375,0.125,-0.4445479161754625,0.0354193917613723,False,
RPL10A,0.125,0.25,-0.2395811168820545,0.2022145174794809,False,
RPL11,0.125,0.125,-0.175838354244478,-0.063721298139316,False,
RPL12,0.375,0.0,-0.4078192051384235,0.1757864231917387,False,
RPL13A,0.125,0.125,-0.341853034028783,-0.1857718984575282,False,
RPL14,0.0,0.125,-0.0983461883341043,-0.2990560498007366,False,
RPL15,0.125,0.0,-0.0565320975138775,0.0496144409501498,False,
RPL17,0.0588235294117647,0.2941176470588236,-0.0885008096221404,-0.6802312735977825,False,
RPL18A,0.125,0.0,-0.0964372432162743,-0.6391489785973676,False,
RPL19,0.125,0.0,-0.217526008267526,-0.2016583284256383,False,
RPL21,-0.125,0.125,0.0192969259340376,0.1418364336033457,False,
RPL22,0.125,-0.125,0.0442750573034755,-0.1106666186062526,False,
RPL22L1,-0.125,-0.375,0.1484794303045865,-0.205357320281482,False,
RPL23,0.0,0.0,-0.1032633377912027,0.1874446343290661,False,
RPL23A,0.0,0.125,-0.020575628595233,-0.2758745481983089,False,
RPL24,0.0,0.0,0.0928211455515383,-0.1509863462118139,False,
RPL26,0.0666666666666666,0.3333333333333332,-0.0208184355232903,-0.37511284764145,False,
RPL26L1,-0.4444444444444444,0.1111111111111111,0.1474627313646225,-0.7624892892503714,False,
RPL27,0.0,-0.25,0.0029670805326845,-0.1248596145740865,False,
RPL27A,0.375,0.125,-0.2983088099994639,-0.0436960708841738,False,
RPL28,0.0,0.125,-0.0881184557266133,-0.2517232660775219,False,
RPL29,0.0,0.25,0.0173929793335849,-0.2232339773745768,False,
RPL3,0.0,0.25,-0.306666609246454,-0.2188922876963901,False,
RPL30,0.25,0.0,-0.357688285633488,0.1834544780954048,False,
RPL31,0.125,0.125,-0.2445335924299085,-0.2407432932531448,False,
RPL32,0.0,0.125,-0.04365542011615,-0.3064150965399115,False,
RPL35,0.125,0.0,0.302823211298845,0.4036918378655931,False,
RPL35A,0.0,0.125,0.160707353836437,-0.1570450122014346,False,
RPL36,0.0,0.125,0.0787886391737668,0.3732891442260289,False,
RPL36AL,0.1111111111111111,0.2222222222222223,0.1326238592634956,-0.892281187589925,False,
RPL37,0.25,0.0,-0.3169099564665305,0.0149605269110204,False,
RPL37A,0.0,0.375,-0.1548222868391895,-0.3479158560798288,False,
RPL38,0.125,0.125,-0.0509981208333077,-0.2151290783760093,False,
RPL39,0.3333333333333332,0.2222222222222223,-0.3289198197878115,-0.522640991172659,False,
RPL39L,-0.25,-0.25,0.1080465762636542,-0.2288585128444937,False,
RPL4,0.25,0.25,-0.1827436742869564,0.1482440559193767,False,
RPL41,0.0,0.1111111111111111,-0.0146576275105419,-0.2003685400458292,False,
RPL5,0.0,0.125,-0.0757270745892509,0.2969564616948328,False,
RPL6,0.25,-0.125,-0.0664784663707931,-0.3802182353997818,False,
RPL7,0.125,0.25,-0.119523989449611,0.2691797035760483,False,
RPL7A,0.2222222222222223,0.2222222222222223,-0.0179180359596412,0.3187612822714187,False,
RPL7L1,0.125,-0.375,-0.0064166704227039,0.0375592219158309,False,
RPL8,0.0,0.125,0.2046069641623015,0.2698047057742521,False,
RPL9,0.0,0.0,0.0735863686342873,-0.4319308888520299,False,
RPLP0,0.125,0.0,-0.293882605443961,-0.0933050619008639,False,
RPLP1,0.25,0.125,-0.1593982947062684,-0.3464118605339001,False,
RPLP2,0.1111111111111111,0.2222222222222223,-0.1708200079321165,0.147341109596256,False,
RPN1,-0.125,0.25,0.2962510500792494,0.1557881153864753,False,
RPN2,-0.25,0.0,0.5691918941656275,-0.5102350370714435,False,
RPP25,0.4444444444444444,-0.2222222222222223,-0.440511589056894,0.2110992058549401,False,
RPP25L,0.0,0.5,0.2017408000644485,0.5222741758663552,False,
RPP30,-0.125,0.0,-0.2217405114109845,-0.0177623305754721,False,
RPP38,0.125,0.375,-0.1993082482284795,0.0792737682893083,False,
RPP40,-0.5,0.125,0.398576608689588,0.0043408384273639,False,
RPRD1A,0.0,-0.375,0.239506741514911,-0.0366550817529818,False,
RPRD1B,0.5,-0.25,-0.046195470909884,0.0946400490812544,False,
RPRD2,-0.25,-0.375,0.0481908455913685,-0.5317367895462057,False,
RPS11,0.2222222222222223,0.3333333333333332,-0.2440195610315895,-0.0902636083137005,False,
RPS12,0.3333333333333332,0.2222222222222223,-0.445290938666723,-0.5533259773105321,False,
RPS13,0.2222222222222223,0.1111111111111111,-0.2304782659476835,-0.2854299783733003,False,
RPS14,0.0,0.25,-0.0512796590112183,0.3715424684363626,False,
RPS15,-0.125,0.0,0.438360651860516,0.3604524723788447,False,
RPS15A,0.0,0.25,-0.1816881662178714,-0.1661556513774065,False,
RPS16,0.2222222222222223,0.3333333333333332,-0.139217415557888,0.4285762680096758,False,
RPS17,-0.3333333333333332,0.1999999999999999,0.0656730541098774,-0.1834805292041696,False,
RPS19,0.3333333333333332,0.4444444444444444,-0.291468572362173,0.1559272710574606,False,
RPS19BP1,0.0,0.3333333333333332,0.1531374899668463,-0.062588799376253,False,
RPS2,0.25,0.375,0.0390436848550322,0.2319168464441721,False,
RPS20,0.125,0.25,-0.1158487798243484,-0.2363542564800642,False,
RPS21,0.125,0.5,-0.0844523285374765,0.1560847221987735,False,
RPS23,0.0,0.0,-0.1642665237598205,-0.0188791586035197,False,
RPS24,0.125,0.125,0.124494781693959,-0.1344868864365218,False,
RPS26,-0.5,-0.25,0.4368801531676595,-0.3217219972062399,False,
RPS27,0.125,0.125,-0.2065692501382705,-0.8219410983445814,False,
RPS27A,0.25,0.125,-0.194735865726791,0.2138147931307827,False,
RPS27L,-0.125,0.25,-0.2616735298553995,0.0401058595936301,False,
RPS29,0.25,0.125,-0.221323087126824,0.8075246973310882,False,
RPS3,0.0,0.125,-0.0236613588350336,0.446771449234566,False,
RPS3A,0.0,0.125,-0.101795667470792,-0.0100323820305434,False,
RPS4X,0.375,0.0,-0.379717978062247,-0.4022113184994711,False,
RPS5,0.1111111111111111,0.2222222222222223,-0.1766520034150769,0.0692145424633272,False,
RPS6,0.125,0.0,-0.0889200289934608,-0.2194631263734647,False,
RPS6KA1,0.0,-0.125,0.195805443805417,0.6860376831639856,False,
RPS6KA2,0.625,-0.25,-1.2836463524253698,0.2698160915220526,False,
RPS6KA3,0.25,-0.375,0.2161237934522645,-0.0750894638358956,False,
RPS6KA4,-0.625,-0.125,0.738148429693934,0.6949589969899648,False,
RPS6KA6,0.0,0.0,-0.2103834869262795,-0.2539006408159999,False,
RPS6KB1,-0.25,-0.5,-0.1964116743225036,0.7332269638738689,False,
RPS6KB2,-0.25,0.375,0.6193011474219005,0.0334049466019918,False,
RPS6KC1,-0.125,0.0,-0.0918651725656716,-0.3359683279493701,False,
RPS6KL1,-0.6000000000000001,0.0666666666666666,0.546029669731119,0.0669048504742599,False,
RPS7,0.125,0.0,-0.3234189119205964,-0.0355771332612322,False,
RPS8,0.25,0.0,-0.216095597119526,0.058700037647615,False,
RPS9,0.125,0.125,0.1111725904506125,-0.1111640904243378,False,
RPSA,0.125,0.125,0.1400547542150227,-0.1486261892335503,False,
RPTOR,0.125,-0.375,-0.0969481192294534,-0.3603686607652945,False,
RPUSD1,-0.2222222222222223,-0.2222222222222223,0.1874851523860234,0.4816405156632091,False,
RPUSD2,-0.25,0.125,0.2190338624545085,-0.0551967546418379,False,
RPUSD3,-0.25,0.125,0.293539095430117,0.0840980110613474,False,
RRAD,0.3333333333333332,0.1999999999999999,-0.106860242400451,0.0229109057544807,False,
RRAGB,0.25,0.125,-0.519178660632746,-0.4871137959426732,False,
RRAGC,0.2222222222222223,-0.1111111111111111,-0.689709774943014,0.1294676197038065,False,
RRAGD,0.1999999999999999,-0.0666666666666666,-0.3931033326564,0.399135121492764,False,
RRAS,0.3333333333333332,0.2222222222222223,-0.5770580730698125,0.0157985121608148,False,
RRAS2,0.0,0.0,0.2242372047252911,-0.3361736973704969,False,
RRBP1,-0.375,0.0,0.565167386533336,0.1250596623573843,False,
RREB1,0.125,-0.625,-0.4001468767728575,0.134095815867389,False,
RRM1,-0.375,-0.375,0.4791703471148595,0.073737919666982,False,
RRM2,-0.125,-0.375,0.4591563053309835,0.1055215567683993,False,
RRM2B,0.375,0.0,-0.3177946507918955,0.2088956053201198,False,
RRN3,-0.125,-0.625,0.0997618917825599,0.0302620286330044,False,
RRP1,-0.5,0.0,0.535482042433338,0.6193342197757505,False,
RRP12,-0.5,0.375,0.4310764938486809,-0.1919990005283107,False,
RRP15,-0.4444444444444444,0.1111111111111111,0.0837732457919477,-0.188860951003464,False,
RRP1B,-0.125,-0.375,0.3072786000052315,1.8058654140062445,False,
RRP36,-0.5555555555555556,0.3333333333333332,0.4442672000877025,0.5878701840598439,False,
RRP7A,-0.5,0.125,0.6613927875142604,0.7112561756796281,False,
RRP8,0.0,0.0,0.1046150200322238,0.5169602613185207,False,
RRP9,-0.3333333333333332,0.2222222222222223,0.5106407204129411,0.1059586373889129,False,
RSAD1,-0.125,0.0,0.368950244885582,0.0231661630002193,False,
RSBN1,-0.125,0.125,0.2121380174669085,0.2599471192277107,False,
RSBN1L,0.25,0.0,-0.455929745487635,-0.0529449586010226,False,
RSF1,0.5,-0.375,-0.4179002527031275,-0.3140739575001237,False,
RSL1D1,0.0,-0.125,-0.1260559060769435,0.0098034353740854,False,
RSL24D1,0.125,0.125,0.0923297724469981,-0.4441935170958255,False,
RSPH3,0.375,0.125,-0.545914912352613,0.2112628498655544,False,
RSPRY1,0.125,0.25,-0.2403738228178385,-0.5710891883258571,False,
RSRC1,0.125,0.5,-0.2094425245056646,-0.1762680138265762,False,
RSRC2,-0.125,-0.125,0.1745936250175339,-0.3996229213371935,False,
RSU1,-0.25,0.125,0.1570554940504166,-0.160354037123128,False,
RTCB,-0.25,0.25,0.46179428090698,0.3991369732216749,False,
RTEL1,-0.3333333333333332,-0.1999999999999999,0.191722150759468,-0.1940502391937641,False,
RTF1,-0.375,-0.25,0.282192322991781,0.7062605694819093,False,
RTKN,0.25,0.25,0.248281574261756,0.2300673185725941,False,
RTKN2,-0.5,-0.125,0.5944022229523851,0.2492908234406827,False,
RTN2,0.5,0.375,-0.3223062927328854,0.1865630335346457,False,
RTN3,-0.5,0.25,0.2223163888893733,0.1659135095970314,False,
RTN4,0.125,-0.125,-0.30708512676365,-0.0399571068117521,False,
RTN4IP1,-0.5,0.0,0.609758586575256,-0.1560849371172881,False,
RTN4R,-0.4666666666666665,-0.1999999999999999,0.589466032291445,0.1286020592395502,False,
RTN4RL1,0.0588235294117647,-0.0588235294117647,-0.176258552584548,0.5636788382944511,False,
RTN4RL2,-0.125,0.125,-0.1258204719203479,0.2374947709627231,False,
RTP4,0.1764705882352941,0.1764705882352941,-0.0326987304825068,-0.0153462388173426,False,
RTTN,-0.75,-0.375,0.2889879737218495,-0.3213983720164117,False,
RUFY1,0.1111111111111111,0.1111111111111111,-0.203436410330878,0.3245607585885492,False,
RUFY2,-0.25,-0.25,-0.0722722621477936,0.4380073530401933,False,
RUFY3,0.375,-0.375,-0.7629557344144084,-0.0777509433830143,False,
RUNDC1,0.2222222222222223,-0.3333333333333332,-0.429661042800643,0.526060738974484,False,
RUNX1,0.0666666666666666,0.1999999999999999,-0.307766269936902,0.0492103272143085,False,
RUNX1T1,0.5,0.125,-0.7199523528800791,-0.4292751764084865,False,
RUNX2,0.375,-0.125,-0.6443792089531325,-0.204306951111362,False,
RUSC1,-0.5,0.0,0.311483498631741,0.3608647711066211,False,
RUSC2,-0.125,0.125,-0.0786311644609402,-0.021113031873861,False,
RUVBL1,-0.75,0.125,0.6716179745278645,0.2297324661244668,False,
RUVBL2,-0.5,-0.125,0.5934492658871859,-0.0553317156436214,False,
RWDD1,0.125,0.5,-0.3071002283139675,0.034768040374836,False,
RWDD2B,0.2222222222222223,0.1111111111111111,-0.1461835304961676,0.4611526040323657,False,
RWDD4,0.625,0.125,-0.3804869519422485,0.050292847780859,False,
RXRA,0.5,0.25,-0.4631336270366775,0.4853335222334944,False,
RXRB,-0.125,0.0,-0.1254361011685708,0.1118327282394155,False,
RYBP,0.6666666666666667,0.3333333333333332,-0.8192364095459526,0.3527735683999773,False,
RYK,-0.125,0.125,-0.3264822618989345,0.2693114064353614,False,
RYR1,0.0666666666666666,0.0666666666666666,-0.313054851958773,0.9340366605655068,False,
S100A10,0.1111111111111111,0.0,0.1375187104418799,-0.1217586831235548,False,
S100A11,-0.1111111111111111,0.0,0.0342148277090596,-0.2084966005614479,False,
S100A13,0.5,0.25,-0.4232449664325445,0.1651517585932342,False,
S100A16,-0.375,-0.125,0.6013808988952235,0.3176530288862829,False,
S100A2,-0.1999999999999999,-0.0666666666666666,0.663283938173229,-0.1152358451816661,False,
S100A3,0.3333333333333332,-0.1999999999999999,-0.421758435875054,-0.2502172372671998,False,
S100A4,-0.1999999999999999,0.4666666666666665,0.454736668588403,-0.0875113376887775,False,
S100A6,0.0,-0.125,0.1232544494412865,0.0627378548680854,False,
S100PBP,0.25,-0.25,-0.5406375455171575,-0.4042189876371855,False,
S1PR1,-0.125,0.25,0.0984216834256889,0.0698566144024552,False,
S1PR3,0.3333333333333332,-0.2222222222222223,-0.406364991483148,0.5126983288435953,False,
SAA1,0.8666666666666667,-0.6000000000000001,-0.710762767590689,1.4633274536798868,True,1.0
SAA2,0.7333333333333334,-0.6000000000000001,-0.633288832334582,-0.8181559075524161,False,
SAAL1,-0.625,-0.375,0.422535626372497,0.2242598329231153,False,
SAC3D1,-0.5,0.125,0.4890144943807715,0.4012420437053121,False,
SACM1L,0.125,-0.25,-0.6543186924160276,-0.0475626387561276,False,
SACS,-0.25,-0.5,0.3130597383856029,0.0105021412522057,False,
SAE1,-0.5,-0.375,0.36903056206735,-0.1130332391592809,False,
SAFB,-0.125,-0.125,0.1607758027456965,0.1161169261491101,False,
SAFB2,0.0,-0.25,-0.137845356113174,-0.6139578565803663,False,
SALL2,-0.7333333333333334,0.3333333333333332,0.458214385778051,0.0422402951803774,False,
SAMD1,-0.1999999999999999,0.3333333333333332,-0.0236335069194206,0.6262891978306528,False,
SAMD10,-0.4666666666666665,0.0666666666666666,0.727716168724158,0.1374102475716247,False,
SAMD11,0.0666666666666666,-0.0666666666666666,-0.260910055849909,0.243211623230799,False,
SAMD12,-0.3333333333333332,-0.1999999999999999,0.768950034230296,-0.647952735775962,False,
SAMD13,0.25,0.5,-0.3104359992477115,0.0176381804475731,False,
SAMD14,-0.3333333333333332,0.1999999999999999,0.541213133821399,0.3691649917597608,False,
SAMD15,-0.5555555555555556,0.1111111111111111,0.595094858385248,0.0992389736531231,False,
SAMD4A,0.375,-0.5,-0.492529718031956,-0.262231789926326,False,
SAMD4B,-0.125,0.0,0.0944070380548952,0.00898333173502,False,
SAMD5,0.0588235294117647,0.411764705882353,-0.203655662053841,0.6746994322491195,False,
SAMD8,0.25,-0.125,-0.402992085068727,0.4206676394945559,False,
SAMD9,0.1111111111111111,-0.2222222222222223,-0.5420807968269661,-1.399093277856415,False,
SAMD9L,0.25,-0.25,-0.1408614764549578,-1.1405104646294577,False,
SAMHD1,0.5,-0.375,-0.5429324103150455,-0.0354096339484004,False,
SAMM50,-0.375,0.25,0.5111250795049835,0.0856891327576523,False,
SAP130,-0.125,0.0,0.1757809906039502,0.1648852390206103,False,
SAP18,0.125,0.25,-0.1985415488000535,0.0536568056275976,False,
SAP30,0.0,-0.1111111111111111,-0.0891995029641354,-0.1930177468770444,False,
SAP30BP,0.5,-0.5,-0.2680481713057385,0.0532007805530749,False,
SAP30L,0.625,0.25,-0.6904676966243185,0.0854502451286627,False,
SAPCD2,-0.411764705882353,-0.2941176470588236,0.426741786136212,-0.0397042235308129,False,
SAR1A,0.375,0.125,-0.3926663633366449,0.3823328714059917,False,
SAR1B,-0.125,0.375,-0.2193380419389784,-0.0787589983190977,False,
SARDH,-0.6000000000000001,-0.0666666666666666,0.844455056716724,0.204932695521069,False,
SARM1,-0.125,-0.125,0.3676751742250175,0.1502139408061953,False,
SARNP,-0.411764705882353,0.411764705882353,0.0817328010282857,-0.2591127665117128,False,
SARS2,-0.5,0.625,0.3545164646282275,0.0832891051635398,False,
SART1,-0.5,-0.25,0.2221238419071525,-0.0316956820026992,False,
SART3,-0.375,-0.125,0.1053164807356885,-0.7326677107750199,False,
SASH1,0.0,0.0,-0.384603773356173,-0.393995217815696,False,
SASS6,-0.25,-0.375,0.2291268681800105,-0.4981984996955697,False,
SAT1,0.625,0.25,-0.638349553727678,-0.0924614080412093,False,
SAT2,0.5,0.25,-0.404927835899545,0.3129798144526479,False,
SATB1,0.0666666666666666,0.3333333333333332,-0.403817165638797,-0.4008473842554441,False,
SATB2,-0.125,-0.375,0.0829585474542475,-0.1933051091753941,False,
SAV1,0.5,0.0,-0.6952094651045335,0.208784311520997,False,
SAYSD1,0.25,0.125,-0.1688499754518905,0.2415082150705787,False,
SBDS,0.5,-0.375,0.0316376392846795,-0.1404173622504667,False,
SBF1,-0.125,0.0,-0.3484875209823005,0.6729572030018884,False,
SBF2,0.5,-0.625,-0.9564439601059516,-0.3165325928185334,False,
SBNO2,0.0,0.0,-0.0810505956410548,0.3780343528922421,False,
SC5D,0.375,-0.125,-0.4436405651397045,0.57088722147648,False,
SCAF1,0.0,-0.125,0.2160503303806983,0.0281243539258997,False,
SCAF11,0.375,0.25,-0.2820816506730464,-0.0140084581310429,False,
SCAF4,-0.125,-0.25,0.2289665624981535,0.2648042484368269,False,
SCAF8,0.375,-0.25,-0.3038539401911285,0.4081693809364108,False,
SCAI,-0.25,0.25,0.0064401615872409,0.1847948324504607,False,
SCAMP2,0.0,-0.125,0.2098066181946233,0.0172621720445449,False,
SCAMP3,-0.25,0.25,0.1023740525542067,-0.2558776912386133,False,
SCAMP4,0.125,0.125,0.1268004965234692,0.2803147551095253,False,
SCAMP5,0.0666666666666666,-0.1999999999999999,-0.258718472537092,0.3425679661433085,False,
SCAP,0.0,0.5,-0.1143476271833593,-0.4093789425513554,False,
SCAPER,0.0,0.5,-0.2541852536260475,-0.464275579182265,False,
SCARA3,0.375,-0.25,-0.377240057783051,0.4165148897666706,False,
SCARB1,-0.25,0.375,0.122381482193483,-0.0702534902049119,False,
SCARB2,0.0,0.125,-0.45727915362719,0.5574552963554336,False,
SCARF2,0.2222222222222223,-0.2222222222222223,-0.14834450384465,0.5116905274275301,False,
SCCPDH,0.125,-0.125,-0.443296860568104,0.2612626925007897,False,
SCD,-0.2222222222222223,-0.1111111111111111,0.1286057771530233,-0.0180738798293598,False,
SCD5,0.625,0.0,0.0377203170891881,0.3638277205239111,False,
SCFD1,0.0,0.125,-0.034426498925799,0.0593416754421993,False,
SCFD2,-0.5,0.375,0.4301843664845465,-0.182513359853691,False,
SCG2,0.3333333333333332,0.1111111111111111,-0.172228478543231,-0.5698362650001483,False,
SCG5,-0.3333333333333332,0.0,0.3129070630036065,-0.81845727853388,False,
SCIN,0.0666666666666666,-0.0666666666666666,0.356080097941722,-0.2892299997062491,False,
SCMH1,0.5,0.0,-0.720175974057349,-0.3441822045111657,False,
SCML1,0.5,0.0,-0.7189516047751114,-0.5511918356747709,False,
SCML2,-0.25,-0.625,-0.0172151440373076,-0.3537808674913769,False,
SCN1B,-0.1999999999999999,0.0666666666666666,0.294531705048846,0.687118898545467,False,
SCN2A,0.0,0.0,0.2959471476290305,-0.4860228399351103,False,
SCN2B,0.125,0.375,-0.1155153538766615,0.599540734040725,False,
SCN3A,-0.375,0.0,0.196290460715394,-0.22697832312822,False,
SCN5A,-0.4666666666666665,0.3333333333333332,0.713698736870103,0.6703710372136136,False,
SCN8A,0.0,-0.125,-0.0295966915750139,-0.0871070712587878,False,
SCN9A,-0.125,0.0,0.3427464179609955,-0.6460458438114907,False,
SCNN1D,-0.0666666666666666,0.3333333333333332,-0.063640024158071,-0.1524348509551359,False,
SCO1,0.0,0.125,-0.0314502715476251,1.084242650894995,False,
SCO2,-0.125,0.0,-0.1658000647583244,0.1426139665834638,False,
SCOC,0.125,0.5,0.0518408195996238,-0.8095176334370422,False,
SCP2,0.0,0.0,-0.347144442236893,-0.2771543680174426,False,
SCPEP1,0.25,0.375,-0.446100886555887,0.2389207106422544,False,
SCRIB,-0.25,-0.125,0.280583413148094,0.3664943157378224,False,
SCRN1,0.25,-0.375,-0.5474668311438,-0.1569900166971116,False,
SCRN2,-0.375,0.5,0.4419056446113319,0.1367101917099593,False,
SCUBE2,0.4666666666666665,0.3333333333333332,-0.647617814021132,0.1622569107451754,False,
SCX,0.3333333333333332,0.3333333333333332,-0.602131409031396,0.7112598455018826,False,
SCYL1,-0.125,0.25,0.0556528538574724,0.3914666792925181,False,
SCYL2,0.25,0.0,-0.124126284238612,0.2117787717678007,False,
SCYL3,0.5,-0.375,-0.784870384338732,-0.1564727367756249,False,
SDAD1,-0.125,-0.125,0.0257915951686241,0.0254572402388364,False,
SDC1,-0.25,-0.25,0.5094534256102945,0.5592933295303353,False,
SDC2,0.0,0.25,0.0614960005447125,-0.2304005662724866,False,
SDC3,0.375,-0.125,-0.3510835195308655,0.4288906720275838,False,
SDC4,0.2222222222222223,-0.3333333333333332,0.0898301774274275,0.7070507227592746,False,
SDCBP,0.625,-0.375,-0.5379239336112025,0.0930542061349801,False,
SDCCAG8,0.0,-0.125,-0.050455617320531,-0.507779332795895,False,
SDE2,-0.25,-0.625,0.270387621497319,0.109274451443539,False,
SDF2,0.375,0.125,-0.167678094749141,0.035878221214457,False,
SDF2L1,-0.6666666666666667,0.2222222222222223,0.336921069975279,0.0732010894269743,False,
SDF4,0.0,0.0,0.459500199859853,0.3402899521449338,False,
SDHA,-0.3333333333333332,-0.1999999999999999,0.661903061509497,0.479361518188528,False,
SDHAF1,-0.1111111111111111,0.4444444444444444,0.0825019393166809,0.3775648492142589,False,
SDHAF3,0.125,0.25,-0.520936258773255,0.1927413016062953,False,
SDHAF4,0.375,0.375,-0.451826539051361,0.0074978575269208,False,
SDHB,-0.375,-0.375,0.194886270673636,-0.0573006746988293,False,
SDHC,0.25,0.0,-0.1225102159680326,0.1794180340467059,False,
SDR39U1,0.25,0.25,-0.274598319034717,0.3278721663348345,False,
SDR42E1,-0.0666666666666666,-0.1999999999999999,-0.171628559049412,0.5127140714350249,False,
SDSL,-0.375,-0.125,0.5572475200790405,-0.455485655122269,False,
SEC11A,0.125,0.5,-0.174267811381047,0.2066018927036146,False,
SEC11C,-0.1111111111111111,0.1111111111111111,-0.0639265915573338,-0.915842808246808,False,
SEC13,-0.375,0.125,0.4331172252683389,0.4683098886639976,False,
SEC14L1,0.0,-0.375,-0.036774550505519,-0.1611054547438706,False,
SEC14L2,0.375,-0.125,-0.532295854129575,0.0617951237410587,False,
SEC16A,-0.125,0.0,-0.3200510988187435,-0.1860584167426595,False,
SEC22A,0.0,0.375,0.0324904068880342,0.3378919346105111,False,
SEC22B,0.3333333333333332,0.4444444444444444,-0.2699029387189985,-0.0400874379803075,False,
SEC22C,0.625,-0.25,-0.3563668373034965,-0.0467230763987664,False,
SEC23A,-0.5,0.125,0.2818034692772639,-0.1213983364420543,False,
SEC23B,-0.375,-0.125,0.238824029253285,0.0812698634181265,False,
SEC24A,-0.125,0.125,0.058446876259154,0.037589883849171,False,
SEC24C,-0.5,0.0,0.282181704371411,0.1083781410416899,False,
SEC24D,-0.375,0.125,0.3511409786133985,-0.3532908778066477,False,
SEC31A,-0.25,0.0,0.468956025930712,-0.0433494726805419,False,
SEC31B,0.125,0.0,-0.3176873321704915,-1.2016225323703724,False,
SEC61A1,-0.375,0.5,0.8711256180261765,-1.0842366669660124,False,
SEC61A2,-0.375,-0.125,0.5325628229752755,0.2897567208716811,False,
SEC61B,-0.5,0.0,0.491854514450408,0.1471175815742933,False,
SEC61G,-0.25,0.0,0.3511761051765805,-0.1180895555217071,False,
SEC62,0.125,0.0,-0.6000759408466415,0.1740098103668645,False,
SEC63,0.25,0.125,-0.3710683532941675,0.0223082441104365,False,
SECISBP2,0.25,-0.25,0.0675079126415305,0.2333804034417661,False,
SECISBP2L,0.3333333333333332,-0.4444444444444444,-0.3694269237278325,0.1835712221441146,False,
SECTM1,-0.1764705882352941,-0.1764705882352941,0.0429060213219517,0.3717919386813288,False,
SEH1L,-0.25,-0.5,0.408021787183773,0.295216678162622,False,
SEL1L,-0.25,0.0,-0.1514089949549675,-0.1611070804829548,False,
SEL1L3,-0.125,-0.25,0.4294282603813785,0.6529638000857523,False,
SELENBP1,-0.125,0.25,-0.152790059498493,0.2968424146850781,False,
SELPLG,-0.3333333333333332,-0.6000000000000001,0.72643223310436,-0.5400234062421723,False,
SEMA3A,-0.5,-0.125,0.796728346975662,-0.2884713242281888,False,
SEMA3B,-0.1999999999999999,-0.1999999999999999,0.0507406885537283,-0.4272567765224904,False,
SEMA3C,0.125,0.125,-0.228568388728822,0.1780917494210472,False,
SEMA3F,-0.625,0.125,0.602641975211314,0.4452283505200103,False,
SEMA4A,0.1999999999999999,-0.0666666666666666,0.217019140348611,-0.1847522698612356,False,
SEMA4B,-0.625,0.0,0.3893598004258345,-0.3003421044055407,False,
SEMA4C,-0.625,-0.25,0.4029005254321955,0.9348940794396364,False,
SEMA4D,0.1999999999999999,-0.0666666666666666,0.163268448591102,1.1858278588994045,False,
SEMA4F,0.125,-0.125,0.3928829744192075,0.0905708556192248,False,
SEMA4G,-0.1999999999999999,-0.0666666666666666,0.0191436224778429,1.1904085159412716,False,
SEMA5A,-0.25,0.125,0.044609094485231,-0.0703666010378767,False,
SEMA6A,-0.0666666666666666,0.3333333333333332,0.403300010901145,-0.0836895303880806,False,
SEMA6B,-0.1999999999999999,0.1999999999999999,0.193767935148741,0.4557598668950389,False,
SEMA6C,-0.0666666666666666,0.1999999999999999,-0.484914114228215,0.1902076869374536,False,
SEMA7A,-0.411764705882353,-0.411764705882353,0.782180343890799,0.7366643358583087,False,
SENP2,-0.125,-0.125,-0.287458477991226,0.0077817350034261,False,
SENP3,-0.125,-0.125,0.0003940498304697,0.4198226219682208,False,
SENP5,-0.125,0.0,-0.387516035563576,0.5458780365371294,False,
SENP6,0.25,-0.125,-0.2892777109118245,0.4063269090602888,False,
SENP7,0.25,-0.125,-0.7338147734737961,0.0189161289632366,False,
SEPHS1,-0.375,-0.125,0.3826937617246065,0.4416102426968522,False,
SEPHS2,0.25,0.0,-0.1942855814605145,0.1417167985135374,False,
SEPSECS,0.5,-0.375,-0.9240700709212916,-0.1776326811989264,False,
SERAC1,0.375,-0.25,-0.291696400839501,-0.0224572125348001,False,
SERBP1,-0.625,0.0,0.516757423443727,-0.0872292613552869,False,
SERF2,0.25,0.125,-0.198338015847431,0.0968814151451877,False,
SERGEF,-0.25,0.5,-0.0421947698690797,0.3066461249035526,False,
SERHL2,-0.1999999999999999,-0.0666666666666666,0.0905892177678149,0.307712866638145,False,
SERINC1,0.2222222222222223,0.1111111111111111,-0.61651934790928,-0.0039398351915838,False,
SERINC2,0.0,0.125,-0.1971762173153455,-0.107034666176917,False,
SERINC3,0.25,0.5,-0.5872495595638655,-0.0663293121896848,False,
SERINC5,-0.375,0.25,0.332107085150634,0.06140596046458,False,
SERP1,-0.375,-0.125,0.4230607625916,-0.0110294895794846,False,
SERPINA1,0.0666666666666666,-0.3333333333333332,-0.245582360552167,0.5632923813402513,False,
SERPINB1,0.25,0.0,-0.0936829200390964,0.1215065957880638,False,
SERPINB2,-0.25,-0.125,0.35098684300827,-0.4721558854486523,False,
SERPINB6,0.125,-0.25,-0.3482491455770905,-0.1316695549835516,False,
SERPINB7,-0.3333333333333332,-0.0666666666666666,0.430398993462021,-0.6050509148973005,False,
SERPINB8,0.25,-0.5,0.313417646366961,-0.0283146539683132,False,
SERPINB9,-0.25,-0.25,0.36809535249111,0.4096175986676149,False,
SERPINE1,0.0,-0.1111111111111111,0.097473351762551,-0.11323578211447,False,
SERPINE2,-0.5,-0.125,0.6660909142090825,0.5736594287522345,False,
SERPING1,0.5,-0.25,-0.440299411682679,0.5221905196794605,False,
SERPINH1,-0.125,0.0,0.0468503658989395,0.0058682822607467,False,
SERPINI1,0.0,0.375,-0.240361726533747,-0.0841429047016424,False,
SERTAD1,0.0,-0.3333333333333332,0.1508611373162535,-0.0679595878491881,False,
SERTAD2,-0.4444444444444444,-0.2222222222222223,0.779987273085766,0.1203462601589677,False,
SERTAD3,0.0,0.0,-0.0993017292051048,0.0908242021640215,False,
SERTAD4,0.1111111111111111,0.2222222222222223,-0.073908068692115,-0.6697513480152077,False,
SESN1,0.625,0.0,-0.8325147319312034,0.5318765468668989,False,
SESN2,0.2941176470588236,-0.1764705882352941,-0.403959024516423,0.0501187391811277,False,
SESN3,0.625,0.25,-0.8249975748664269,0.2151876557468226,False,
SESTD1,0.75,0.25,-0.723986621804475,-0.1885275150738923,False,
SET,-0.375,-0.375,0.482998046064961,0.2718434744213773,False,
SETBP1,0.375,0.25,-0.630692623206362,0.2375050022540914,False,
SETD1A,-0.125,-0.125,-0.1703033306471419,0.1716184948116548,False,
SETD1B,0.25,-0.375,-0.329696543200456,0.7486524849350439,False,
SETD2,0.125,0.0,-0.165346333672723,0.0367939537576273,False,
SETD3,-0.25,0.25,0.1556951127987238,0.0391608216012921,False,
SETD4,-0.125,0.125,-0.1369637601957558,0.224046743191181,False,
SETD5,-0.25,-0.25,-0.1878543125233945,-1.2965982851774025,False,
SETD6,-0.25,0.0,-0.1792797898587055,0.3960502384778062,False,
SETD7,0.125,0.125,-0.1261281965857765,-0.1163993679402408,False,
SETD9,0.125,-0.125,-0.0560791701586336,0.3979884296730263,False,
SETDB1,0.125,0.125,-0.464960241526122,-0.172549590567381,False,
SETDB2,-0.125,0.25,-0.0794220893533134,0.4242130165254162,False,
SETMAR,-0.25,0.375,-0.13367109577508,0.1977629168745238,False,
SETX,0.375,-0.25,-0.221233077727226,0.1438795692053522,False,
SEZ6L2,-0.0666666666666666,0.0666666666666666,0.486522535322844,-0.1136565680751506,False,
SF1,-0.25,-0.125,0.200722309062151,-0.0537538369889274,False,
SF3A1,-0.125,-0.125,0.1205642494449185,0.7424974735378587,False,
SF3A3,-0.5,-0.5,0.3109163533169535,-0.3709934637442353,False,
SF3B1,-0.375,-0.125,-0.2327016796870815,-0.1939593185632819,False,
SF3B2,-0.25,0.0,0.4447830294941154,0.3045862487724644,False,
SF3B3,-0.625,-0.375,0.5505040523932675,0.1116840949843247,False,
SF3B4,-0.25,-0.25,0.4598007250978785,0.4991338243141388,False,
SF3B5,-0.2222222222222223,0.5555555555555556,0.1815263782260245,-0.307268534689316,False,
SF3B6,0.25,-0.125,-0.1681985152399511,-0.3129043940001903,False,
SFI1,-0.125,0.0,-0.1005003394416209,0.3397364839921488,False,
SFMBT1,-0.125,-0.25,-0.1624867127463355,0.4439432785792574,False,
SFPQ,-0.375,-0.125,0.28463612425711,-0.373995427085426,False,
SFR1,0.25,-0.25,-0.1808008393313226,0.0527872243827824,False,
SFRP1,-0.25,0.0,0.4261180883511055,0.3613771706587285,False,
SFRP2,0.0588235294117647,0.0588235294117647,-0.415396665876468,0.145872950955981,False,
SFSWAP,0.125,-0.25,-0.33871923770625,-0.3258852676574326,False,
SFT2D1,0.0,-0.125,-0.0806171290979195,0.250241052200425,False,
SFT2D2,0.25,0.375,-0.0954776587617105,0.4111772012582255,False,
SFT2D3,0.4666666666666665,0.1999999999999999,-0.46262888961138,0.2505393308972148,False,
SFXN1,-0.375,-0.125,0.3642036358029275,0.5118880839747877,False,
SFXN2,-0.375,0.0,0.4802767608201734,0.3009755578404527,False,
SFXN3,0.125,-0.125,-0.0182113038731395,0.4145839304239604,False,
SFXN4,0.0,0.125,-0.0215202378404565,0.2439636986068329,False,
SFXN5,-0.5,0.0,-0.0469402887642737,-0.0149538936982867,False,
SGCB,0.5,-0.25,-0.835603821865861,0.2537434149791717,False,
SGCD,0.25,0.25,-0.635961244253216,-0.6458725119146984,False,
SGCE,0.125,-0.25,-0.318235762182951,-0.6301731746751176,False,
SGF29,-0.0666666666666666,0.1999999999999999,-0.0898387565222864,0.381538491651558,False,
SGIP1,0.125,0.25,0.070910568192822,-0.3122652754186634,False,
SGK1,0.125,0.25,0.293302282108162,-0.0489786627100974,False,
SGK3,0.7333333333333334,0.0666666666666666,-0.481047918308198,0.3446531170610662,False,
SGMS1,0.125,-0.25,-0.183514911044183,-0.1926079859443183,False,
SGMS2,0.0,0.0,0.0995311037507221,-0.1366972266904751,False,
SGPL1,0.125,-0.125,-0.506172528619557,0.3273667883151008,False,
SGPP1,-0.1111111111111111,-0.2222222222222223,0.310166905938229,0.1498534893579093,False,
SGSM2,-0.5,-0.125,-0.0172284947650519,0.0781928470092188,False,
SGSM3,-0.0666666666666666,-0.0666666666666666,-0.15800043360895,0.3460369291533203,False,
SGTA,-0.25,0.0,0.6481554546575985,-0.0508915593026668,False,
SGTB,0.375,0.125,-0.488539045595631,0.0770219790687587,False,
SH2B1,0.125,0.375,-0.124349809070404,-0.0326873715346582,False,
SH2B2,-0.3333333333333332,0.0666666666666666,0.178001617264751,0.6919449959043948,False,
SH2B3,-0.25,0.0,0.4970365979325105,-0.0437973572589083,False,
SH2D2A,0.1999999999999999,0.0666666666666666,0.163032185129858,-0.3257986446701524,False,
SH2D4A,-0.5,0.0,0.1083451088498531,-0.4754692458836485,False,
SH2D5,-0.6000000000000001,0.0666666666666666,0.79352483837659,-0.2887800747152731,False,
SH3BGRL2,0.2222222222222223,0.1111111111111111,-0.3869401023366695,0.104543059445731,False,
SH3BGRL3,-0.25,0.125,0.8459286346978365,-0.2695896072629256,False,
SH3BP1,-0.6000000000000001,0.0666666666666666,0.453115977939461,0.2378910228553881,False,
SH3BP2,0.25,0.0,-0.3151747416552165,0.4000411038368701,False,
SH3BP4,-0.125,-0.5,0.3067179535341545,0.177457099180065,False,
SH3BP5,-0.25,0.0,0.291071447515845,-0.0354925544173529,False,
SH3BP5L,-0.5,0.25,0.1538146050605687,-0.3829865918321586,False,
SH3D19,0.375,-0.25,-0.851849802570808,-0.2724542698965453,False,
SH3D21,-0.1999999999999999,0.0666666666666666,0.171769714324973,0.0142703014439669,False,
SH3GL1,-0.2222222222222223,0.2222222222222223,0.396117050908543,0.1969580481518398,False,
SH3GLB1,0.625,-0.25,-0.4438358751781069,0.0879372033209153,False,
SH3GLB2,-0.25,0.125,0.5162777281143875,0.0565514817483165,False,
SH3KBP1,0.25,-0.25,0.0131626058395837,-0.6604833819935596,False,
SH3PXD2A,0.75,0.0,-0.7866751568700825,-0.235385971078708,False,
SH3PXD2B,0.5,-0.25,-0.2388636016112445,-0.317506569536444,False,
SH3RF1,-0.75,0.0,0.850854057201349,-0.3705101789776122,True,-1.0
SH3RF2,-0.875,0.5,0.7124747353807905,-0.7698592194269147,True,-1.0
SH3RF3,0.625,-0.125,-1.14970306418254,1.4341086821854638,False,
SH3TC1,-0.125,-0.125,-0.0729363237488362,0.1331424244277976,False,
SH3TC2,-0.375,0.0,0.588048181041902,-0.7650294690572141,False,
SH3YL1,-0.125,0.125,0.12540945309413,-0.0955907535166047,False,
SHANK1,-0.6000000000000001,-0.1999999999999999,0.495599320890917,-0.2682066603353747,False,
SHANK2,-0.1999999999999999,-0.0666666666666666,0.0120865751578804,-0.0809686952509101,False,
SHANK3,0.1999999999999999,-0.1999999999999999,-0.0775480350236607,0.3499887474202727,False,
SHARPIN,0.125,0.0,0.0801585032254726,0.0802989601151824,False,
SHB,-0.375,-0.25,0.607397524925508,-0.0900055382298339,False,
SHC1,-0.125,0.0,-0.0587816513118537,-0.1928918429580366,False,
SHC3,-0.3333333333333332,-0.3333333333333332,0.352400145006862,0.0190273376183691,False,
SHC4,0.0666666666666666,0.3333333333333332,-0.122956279154591,0.1024180182755118,False,
SHCBP1,-0.4444444444444444,-0.2222222222222223,0.4818362196255865,0.2412216672910971,False,
SHF,-0.0666666666666666,0.4666666666666665,-0.149419973770292,-0.7756516601677124,False,
SHISA2,-0.5294117647058822,-0.0588235294117647,0.819095143450715,0.0070536953292863,False,
SHISA4,0.2222222222222223,0.2222222222222223,-0.0126106912639705,-0.0902242755860549,False,
SHISA5,-0.375,-0.125,0.242238794568199,0.2705841027001225,False,
SHKBP1,0.0,0.0,0.2406399030586525,0.0518353429578346,False,
SHMT1,-0.375,-0.125,0.3542481521982495,0.1369761929444386,False,
SHMT2,0.0,0.0,-0.1011833682780289,-0.4543844566229567,False,
SHOC2,0.5,0.125,-0.8171778353628221,0.1174730336508249,False,
SHPK,-0.2941176470588236,-0.1764705882352941,0.0506809035617624,1.2268430442510765,False,
SHPRH,-0.125,-0.125,-0.0024558965566824,-0.1833542972232273,False,
SHQ1,-0.5,0.375,0.0315890499659739,-0.6178406320220429,False,
SHROOM1,0.625,-0.25,-0.333116981717407,0.0759947490618282,False,
SHROOM2,0.0666666666666666,-0.3333333333333332,-0.525575196302866,-0.2756507043296605,False,
SHROOM3,-0.125,-0.375,0.3128789250992915,-0.6114178379198709,False,
SHROOM4,0.375,0.125,-0.2673518591052575,-0.0102884984597269,False,
SIAE,0.375,0.0,-0.6534324586289395,-0.6990030994078156,False,
SIAH1,0.625,0.375,-0.7627400387471099,0.2632090933351607,False,
SIAH2,0.3333333333333332,-0.3333333333333332,-0.211552366670165,0.1696889447364888,False,
SIDT2,0.0,0.5,-0.1642509164297092,0.0964855380608744,False,
SIGIRR,-0.4666666666666665,0.0666666666666666,0.0958890405988709,0.5958158137572118,False,
SIGLEC15,-0.6000000000000001,-0.1999999999999999,0.55914262813006,-0.3207704820962669,False,
SIGMAR1,-0.25,0.125,0.555716738361584,0.4474718705769707,False,
SIK2,0.5555555555555556,0.2222222222222223,-0.485462530639725,0.4005858190486462,False,
SIK3,0.0,0.0,-0.3508825826343985,-0.5023830664716002,False,
SIKE1,0.25,-0.125,-0.431236758403809,-0.2317351249659445,False,
SIL1,0.0,0.25,0.188476627418467,0.0298782580863719,False,
SIM1,0.25,-0.125,-0.2752736342244945,-0.2288375607283992,False,
SIMC1,0.5,-0.125,-0.487851275152146,0.478268513816472,False,
SIN3A,-0.5,-0.125,0.1231534820586022,-0.0733556947353903,False,
SIN3B,0.375,-0.375,0.1613849159181481,-0.2853547568081047,False,
SIPA1,0.0,0.25,0.0435143580312638,0.5945492078441279,False,
SIPA1L1,-0.125,0.125,-0.127214969668476,-0.3595147551608337,False,
SIPA1L2,-0.25,0.25,-0.2383537377908885,-0.3854149073874131,False,
SIPA1L3,-0.375,-0.25,0.2406886389878825,-0.0227147224666453,False,
SIRPA,-0.375,0.125,0.5175475274001655,0.8060049122888551,False,
SIRT1,0.5,-0.25,-0.3755508671959925,0.2939463196285139,False,
SIRT2,0.2222222222222223,0.4444444444444444,-0.0982654949182211,-0.2385547102491299,False,
SIRT3,0.375,0.25,-0.4714222903088705,0.3534945103872842,False,
SIRT4,0.411764705882353,0.411764705882353,-0.167227944078928,-0.8230807383302357,False,
SIRT5,0.125,-0.125,-0.202519205791534,0.1734309789006372,False,
SIRT6,-0.375,-0.125,0.53243880626869,-0.0837885639085207,False,
SIRT7,-0.375,-0.125,0.2860042772417285,-0.7646048757935255,False,
SIVA1,-0.375,0.0,0.1875532102643945,0.2030645421070041,False,
SIX1,0.375,-0.375,-0.575250767509158,0.5272417008278456,False,
SIX2,0.4444444444444444,0.0,-0.744251444623684,0.2551124818804373,False,
SIX4,0.5555555555555556,-0.3333333333333332,-0.635909809484279,-0.0598656492184455,False,
SIX5,0.25,0.375,-0.326419093873874,0.3918789591592375,False,
SKA1,-0.3333333333333332,-0.3333333333333332,0.57894857279787,0.0232857549835521,False,
SKA2,-0.25,-0.375,0.167880749989904,-0.1705631301842247,False,
SKA3,-0.125,-0.25,0.3395586442723015,0.1505047222658788,False,
SKAP2,0.25,-0.125,-0.328508885433174,-0.1445419058127783,False,
SKI,0.375,0.125,-0.3996243507223905,0.3903199584208852,False,
SKIDA1,0.1999999999999999,-0.1999999999999999,-0.316443055010261,0.0259892538586248,False,
SKIL,0.375,0.125,-0.669508383782461,0.4368282255469071,False,
SKP1,-0.125,0.5,0.257805703018742,-0.2447553708043819,False,
SLAIN2,0.0,-0.125,0.0153887161049183,0.3804751429161457,False,
SLBP,-0.375,0.0,0.2926096437692667,0.0908396663593533,False,
SLC10A3,0.375,-0.125,-0.4747400461781945,0.3202036427172499,False,
SLC10A7,0.375,0.375,-0.4855494584344875,-0.1193717379430516,False,
SLC11A2,0.25,-0.125,-0.278898009398291,0.0855052256052157,False,
SLC12A2,0.0,0.25,-0.260665162027036,0.7602862225099953,False,
SLC12A4,0.125,0.375,-0.3050950551357675,0.2817732341263439,False,
SLC12A6,0.375,-0.25,-0.5948455001576125,-0.4588924412848141,False,
SLC12A7,0.1999999999999999,0.0666666666666666,0.0554056645992292,1.6775924566935747,False,
SLC12A8,-0.125,0.125,-0.3687677620668715,-0.4295090651979305,False,
SLC12A9,0.125,0.375,0.352599001829279,-0.9486350366719218,False,
SLC13A3,0.0666666666666666,-0.0666666666666666,-0.257804550932002,0.0427445465674085,False,
SLC14A1,-0.7333333333333334,-0.0666666666666666,0.354444869430652,-0.705632951447432,True,-1.0
SLC15A3,0.25,-0.125,0.0733647081552347,0.5338950759709176,False,
SLC15A4,0.75,-0.375,-0.654709757816987,-0.3876414418549729,False,
SLC16A1,-0.3333333333333332,-0.1111111111111111,0.1174799842158467,-0.3677027940199968,False,
SLC16A12,0.375,0.25,-0.8338542480744966,-0.6558211618988703,False,
SLC16A13,0.0588235294117647,0.0588235294117647,0.301026516044163,-0.1082727455392653,False,
SLC16A14,-0.4666666666666665,0.1999999999999999,0.911130281201738,-0.1997848942811138,False,
SLC16A2,-0.375,0.125,0.3308049774473974,0.4109396073418199,False,
SLC16A3,-0.125,0.125,0.25550746397679,0.9887278879000292,False,
SLC16A4,0.375,0.125,-0.75349380624065,-0.1443306482624264,False,
SLC16A5,0.25,0.0,0.0862904799087681,0.1124131447124852,False,
SLC16A7,-0.375,-0.25,0.0128053806118513,0.056171184655577,False,
SLC16A9,-0.3333333333333332,0.4666666666666665,-0.0240763310306714,0.1083244288312232,False,
SLC17A5,0.375,-0.25,-0.424947056418722,0.0745575454872864,False,
SLC17A9,-0.5,0.125,0.2545119505602335,0.2031760319739253,False,
SLC18B1,0.0,0.25,0.207429259195761,-0.1646674968116868,False,
SLC19A1,-0.375,-0.125,0.6086536671545835,0.9913918926127532,False,
SLC19A2,0.625,-0.125,-0.781938037872856,-0.073844167738307,False,
SLC1A1,-0.875,0.25,0.500031346551013,-0.0302853563241392,True,-1.0
SLC1A3,0.5,0.125,-0.502828217618964,-0.4311182398973372,False,
SLC1A4,0.125,0.125,-0.4185374953876735,0.3928638081494693,False,
SLC1A5,-0.375,-0.125,0.232874940014078,-0.1595894548052201,False,
SLC20A1,-0.25,0.25,0.47534315103946,0.541783905554892,False,
SLC20A2,-0.125,0.125,0.7176741648647145,-0.3724373743422591,False,
SLC22A15,0.375,0.0,-0.6411532896543326,0.4948112664365125,False,
SLC22A17,-0.125,0.0,-0.1821454892677051,-0.1384752841028484,False,
SLC22A18,0.0,0.125,-0.0422585503573274,0.0168615132258982,False,
SLC22A23,0.0,0.125,-0.1862476195401841,-0.3479001797653831,False,
SLC22A3,0.125,0.25,0.124261132113526,-0.2627089113464897,False,
SLC22A4,0.1111111111111111,0.0,-0.0261040099891804,0.2590975083291655,False,
SLC22A5,0.25,-0.25,-0.28517012259651,-0.7058617212689935,False,
SLC23A2,0.0,-0.25,-0.0270959677269977,-0.1981835221157977,False,
SLC24A1,0.125,0.125,-0.3792257404572825,-0.9665808534574006,False,
SLC25A1,-0.25,0.5,0.4174071479573895,0.2836612212757661,False,
SLC25A10,-0.3333333333333332,-0.0666666666666666,0.605703841524099,0.4167886378349226,False,
SLC25A12,0.375,0.25,-0.82272367729682,0.5346555211127337,False,
SLC25A13,-0.125,-0.25,0.430172446276755,0.138783609209895,False,
SLC25A14,-0.5,0.125,0.6012498825731556,-0.1811975667597913,False,
SLC25A15,-0.375,-0.25,0.532727020952654,0.3487022984615102,False,
SLC25A16,0.0,0.0,-0.383168015559589,0.0124615081000727,False,
SLC25A17,-0.5,-0.125,0.559089140103029,0.2831826680114293,False,
SLC25A19,0.0,-0.125,-0.0932246087649727,-0.0867755483426901,False,
SLC25A20,-0.25,-0.125,0.2249547117503015,0.2384216457852925,False,
SLC25A22,-0.375,0.375,0.6480235582603485,0.4608311301805723,False,
SLC25A23,-0.5,0.5,0.200791854700861,0.3599222116493161,False,
SLC25A24,0.125,-0.5,-0.0458827087026937,0.343449229943173,False,
SLC25A25,0.125,-0.5,0.0453090544377062,-0.0214660175714778,False,
SLC25A26,0.1111111111111111,0.2222222222222223,-0.2096665928500455,-0.6127396264405105,False,
SLC25A27,0.5,0.125,-0.5098960255545915,0.6125537521443529,False,
SLC25A28,0.625,-0.125,-0.6538014672400274,-0.0090903811384324,False,
SLC25A29,0.25,-0.125,0.2859064981518585,0.3767761179572999,False,
SLC25A3,0.0,0.375,0.3154463947377775,-0.0962612367119559,False,
SLC25A30,0.5,-0.125,-0.2748262302584485,0.0265401678442018,False,
SLC25A32,-0.1999999999999999,0.0666666666666666,0.0885905749136721,-0.2855304909678948,False,
SLC25A33,0.0,0.2222222222222223,0.2788241718502065,0.2455281988187221,False,
SLC25A35,0.6000000000000001,-0.1999999999999999,-0.463462798841944,0.2889863211588279,False,
SLC25A36,0.375,-0.125,-0.477082039892966,-0.1827199017715148,False,
SLC25A37,0.25,-0.25,-0.277479029142287,0.1119906595983466,False,
SLC25A38,0.125,0.25,-0.0830518969388156,0.1789224396918269,False,
SLC25A39,-0.5,0.375,0.730698577688204,0.6312734084681408,False,
SLC25A4,-0.25,0.25,0.55336111473729,0.4311863222312373,False,
SLC25A42,0.0,0.5,0.1418600056034114,-0.0498238445935732,False,
SLC25A43,0.625,-0.375,-0.5264402390967725,-0.3637204283516777,False,
SLC25A44,-0.375,-0.125,0.466233662528217,-0.5059031239590248,False,
SLC25A45,0.75,0.25,-0.3318224152621535,0.0192217514117762,False,
SLC25A46,0.375,0.0,-0.4849467893508035,0.4119447099448223,False,
SLC25A51,0.1999999999999999,-0.0666666666666666,-0.331730441720282,-0.2021400535950399,False,
SLC25A53,0.2222222222222223,0.3333333333333332,-0.323003704487703,0.0126675491534866,False,
SLC26A11,-0.25,0.375,0.0204371205467467,0.1567139108445265,False,
SLC26A2,0.6666666666666667,0.0,-0.8864789825585365,-0.0586381918861627,False,
SLC26A4,-0.5,0.125,0.353778855543065,-0.763204697371068,False,
SLC26A6,0.375,-0.125,-0.8118960738400449,-0.082077812860799,False,
SLC26A7,0.1999999999999999,-0.0666666666666666,-0.280048384728567,-0.2130101176874094,False,
SLC27A1,-0.125,0.25,0.175873538477732,-0.0105547626252082,False,
SLC27A3,0.3333333333333332,0.1999999999999999,-0.388332805459034,0.6855833150898774,False,
SLC27A4,-0.125,-0.25,0.1428557683932629,0.6408831860292514,False,
SLC27A5,-0.4666666666666665,0.6000000000000001,0.144455467903923,0.0776966839585791,False,
SLC28A3,-0.4666666666666665,0.3333333333333332,0.284909317057398,-0.6049925881312973,False,
SLC29A1,-0.125,0.0,-0.3165488329135619,0.3449330844236717,False,
SLC29A2,-0.3333333333333332,0.0666666666666666,0.129239197909314,-0.398104990537472,False,
SLC29A3,0.1999999999999999,-0.0666666666666666,-0.344973316677064,0.1923438358493474,False,
SLC29A4,-0.7333333333333334,0.3333333333333332,0.651432800014937,0.5848032595893893,False,
SLC2A1,-0.25,0.125,0.225676825243442,-0.0486610345785902,False,
SLC2A10,0.4444444444444444,0.1111111111111111,-0.5982641140404765,0.7997153885318593,False,
SLC2A11,-0.1999999999999999,0.3333333333333332,-0.0399296734363899,-0.064380298920994,False,
SLC2A12,-0.1111111111111111,0.0,0.0119922561047265,-0.3038337299190352,False,
SLC2A13,0.375,0.375,-0.419883830303836,0.0338887027941554,False,
SLC2A3,-0.5,0.25,0.3953661049508655,-0.6519838670615115,False,
SLC2A4RG,-0.375,0.125,0.43962729218812,0.6234892164335832,False,
SLC2A5,0.1999999999999999,-0.1999999999999999,-0.523848354529887,-0.2963642938879989,False,
SLC2A6,-0.2941176470588236,0.0588235294117647,0.103214833530935,0.2169069892656758,False,
SLC30A1,0.0,-0.125,-0.0297116597857825,0.1490942298586919,False,
SLC30A4,0.2222222222222223,0.2222222222222223,-0.145399462911023,0.5649121714309411,False,
SLC30A5,-0.125,0.0,-0.2172855679969795,-0.2889291364885955,False,
SLC30A6,0.125,0.25,-0.1919534849463125,0.0840589631046304,False,
SLC30A7,-0.125,0.0,-0.2769013345114075,-0.2025647433905462,False,
SLC30A9,-0.25,0.0,0.1624290991376515,-0.1439820718247169,False,
SLC31A1,-0.375,-0.25,0.2804460586913415,0.2721820719776014,False,
SLC31A2,0.625,0.125,-0.4431904909170255,0.6330349059970819,False,
SLC33A1,0.1999999999999999,0.0666666666666666,-0.451887791230291,-0.1493644389468316,False,
SLC35A1,0.5,0.375,-0.454500554861418,0.0195761937286449,False,
SLC35A2,0.0,0.125,0.2122913891239416,0.3755021685033577,False,
SLC35A3,0.125,0.0,-0.1564457821159365,-0.0767446867450249,False,
SLC35A5,0.2222222222222223,-0.1111111111111111,-0.80991541501442,-0.9370667442369868,False,
SLC35B1,-0.625,0.0,0.36795040844191,-0.5590289216553221,False,
SLC35B2,0.375,0.125,-0.2336988490308186,0.4303589889282475,False,
SLC35B3,0.125,0.375,-0.469281332535143,0.0651393371297359,False,
SLC35B4,0.375,-0.25,-0.414110816754439,0.1945278535320107,False,
SLC35C1,0.0,0.2222222222222223,0.318000483514436,0.1668143712531442,False,
SLC35C2,-0.25,0.125,0.2549616442213965,-0.0414617306118594,False,
SLC35D1,0.5555555555555556,0.2222222222222223,-0.922021455523306,0.1469174287763333,False,
SLC35D2,0.625,-0.375,-0.4048915658263115,0.8344990905988083,False,
SLC35E1,-0.0666666666666666,0.1999999999999999,0.352897109605625,0.1092885522521776,False,
SLC35E2B,0.0,0.0,-0.12965213889605,0.2201642022290273,False,
SLC35E3,0.625,0.0,-0.797139720591304,-0.0066667616136504,False,
SLC35E4,-0.375,0.125,0.7406182936979315,-0.0009731794665084,False,
SLC35F2,0.0666666666666666,-0.0666666666666666,-0.33761341801821,-0.1380452551567521,False,
SLC35F5,0.375,0.0,-0.6150956206247951,-0.1155707041965943,False,
SLC35F6,-0.0588235294117647,-0.0588235294117647,0.390560369952597,0.4323533108929318,False,
SLC35G1,0.625,0.0,-0.1667786045493945,1.0375807963339534,False,
SLC35G2,0.1111111111111111,-0.3333333333333332,-0.1911774462230921,-0.296695200869713,False,
SLC36A1,0.25,-0.25,0.1009183496703404,-0.1105608291523285,False,
SLC36A4,0.0,0.0,-0.2254743157470665,0.2199848376602555,False,
SLC37A1,-0.0666666666666666,-0.0666666666666666,-0.23109573729266,0.3642359343252789,False,
SLC37A2,-0.3333333333333332,-0.0666666666666666,0.198032143825604,0.0424105753382377,False,
SLC37A3,0.125,0.25,-0.5018751936199976,-0.3882172639305632,False,
SLC37A4,-0.8823529411764706,0.2941176470588236,0.741266873319158,0.1837950936659691,True,-1.0
SLC38A1,0.125,0.0,-0.6094980929061635,0.2253621418628926,False,
SLC38A10,-0.375,0.25,0.0282787575295643,-0.1019663433648139,False,
SLC38A2,0.75,-0.375,-0.9058503128984436,0.2364330337572613,False,
SLC38A3,0.0666666666666666,0.4666666666666665,-0.313799615300226,0.9068743949487634,False,
SLC38A4,0.875,0.25,-0.7082336179078325,0.2286656274167156,True,1.0
SLC38A5,-0.125,-0.125,0.3821875699638465,-0.9727916682836916,False,
SLC38A6,0.375,0.25,-0.359042266556275,-0.3142792114026127,False,
SLC38A7,0.2222222222222223,0.1111111111111111,0.0319290642072797,-0.2130154559671271,False,
SLC38A9,0.125,-0.125,-0.573052916466691,-0.2733893182129225,False,
SLC39A10,-0.5,0.0,0.5554084584696926,-0.297479436776392,False,
SLC39A11,0.125,0.375,-0.5348584605863895,-0.2091914752631809,False,
SLC39A13,0.75,-0.125,-0.527771358056332,0.2102673738566611,False,
SLC39A14,0.375,-0.125,-0.4499456372157774,0.2056559894461274,False,
SLC39A3,-0.4666666666666665,0.6000000000000001,0.633885434862919,0.0044612895773346,False,
SLC39A4,0.0588235294117647,0.5294117647058822,0.167036767430915,0.2366450654237175,False,
SLC39A6,-0.125,0.25,0.0602594380572576,0.1213693300237754,False,
SLC39A7,-0.1999999999999999,0.3333333333333332,0.462749250834042,0.2786192556759242,False,
SLC39A8,0.375,-0.125,-0.439798726842721,0.4169173148782994,False,
SLC39A9,0.25,0.25,-0.419428350125723,-0.2174889552533134,False,
SLC3A2,0.0,0.0,-0.138825175532807,-0.2633674668910748,False,
SLC40A1,0.375,0.5,-0.8376186639746885,0.2519861261054021,False,
SLC41A1,-0.25,0.0,0.758805911638302,-0.1749049062348979,False,
SLC41A2,0.25,-0.25,-0.365199582091543,-0.4554070692694805,False,
SLC41A3,0.125,-0.25,-0.1448120682774597,0.3136165023140758,False,
SLC43A1,0.1111111111111111,0.3333333333333332,-0.3391927364721295,0.1280662547216438,False,
SLC43A2,0.125,0.125,-0.0550346391573042,0.2515307853470867,False,
SLC43A3,0.75,-0.25,-0.4423044011431355,-0.1862855576059634,False,
SLC44A1,0.625,0.125,-0.8077428664759055,-0.0558993040593147,False,
SLC44A2,0.375,0.25,-0.431760556988417,0.6058620790371374,False,
SLC44A3,0.1999999999999999,-0.0666666666666666,-0.242893663411682,-1.555869167160676,False,
SLC45A1,0.3333333333333332,0.1999999999999999,-0.58884382412031,0.3049528075056369,False,
SLC45A3,-0.411764705882353,-0.2941176470588236,0.487005193959693,0.6730329295826474,False,
SLC45A4,-0.0666666666666666,-0.1999999999999999,0.835091322600696,0.8015264607065418,False,
SLC46A1,-0.5,0.125,0.5276957517784475,1.2448911620559977,False,
SLC46A3,0.75,0.125,-0.8984725064453944,0.0798391831095357,False,
SLC48A1,-0.125,0.375,0.283295749184124,0.2043440365747182,False,
SLC4A11,0.7333333333333334,-0.4666666666666665,-0.597035050892887,0.5315966882009581,True,1.0
SLC4A1AP,-0.125,-0.125,-0.2035364839587045,0.2286273409988239,False,
SLC4A2,-0.125,0.0,0.5299710915216129,0.1136922984348851,False,
SLC4A3,-0.4666666666666665,-0.0666666666666666,0.514360944194134,0.7477073768216851,False,
SLC4A4,-0.25,-0.375,0.402847625757752,-0.3318266902767059,False,
SLC4A7,-0.75,0.0,0.594979792884746,0.3700864987400236,False,
SLC4A8,-0.625,-0.125,0.4746955169054465,-0.1150691671844343,False,
SLC50A1,-0.125,0.25,0.312535378188063,0.3358079585562934,False,
SLC52A2,-0.1999999999999999,0.0666666666666666,0.217143437715293,0.2161714919582507,False,
SLC5A6,0.0,0.125,-0.0633917295241073,0.5368274481959312,False,
SLC6A16,0.6000000000000001,-0.0666666666666666,-0.418285091625021,0.0885562345685441,False,
SLC6A17,-0.625,-0.25,0.9067370731314774,-0.6537245842644468,False,
SLC6A6,-0.25,-0.125,0.3804063217250655,-0.3698275335183263,False,
SLC6A8,0.25,0.0,-0.1602093699267701,0.8523597712849426,False,
SLC6A9,0.0,0.25,-0.3342329967372099,-0.1501423973219888,False,
SLC7A1,-0.25,-0.5,-0.0396882794236786,-0.0693595491332663,False,
SLC7A11,-0.125,-0.125,0.1690155546218315,-0.7426846203634763,False,
SLC7A14,-0.6470588235294117,-0.0588235294117647,0.768575898678226,0.4069189412168581,False,
SLC7A2,0.4666666666666665,-0.0666666666666666,-0.732818157140709,0.4102139382980032,False,
SLC7A5,-0.1111111111111111,-0.2222222222222223,0.470619420957385,-0.0911726501721905,False,
SLC7A6,0.375,-0.125,-0.551112625579693,-0.0648567262890456,False,
SLC7A7,0.4666666666666665,-0.3333333333333332,-0.397408783767883,-0.609438564294154,False,
SLC7A8,-0.125,0.375,-0.0390780861268807,0.0084700956497036,False,
SLC8A1,-0.5,-0.125,0.258705501394351,-0.2803433531191586,False,
SLC8B1,0.625,-0.125,-0.501528300467481,-0.0600577700934779,False,
SLC9A1,0.125,0.0,-0.0610641482712897,-0.3849838035837933,False,
SLC9A5,-0.6000000000000001,0.1999999999999999,0.135430381553322,-0.2787220550997453,False,
SLC9A6,-0.125,-0.125,-0.4365468980186014,-0.5111711807131432,False,
SLC9A7,-0.375,-0.125,0.3167081944669619,0.0513514683422104,False,
SLC9A8,0.375,-0.25,-0.226223854213343,-0.1931286841160533,False,
SLC9A9,0.3333333333333332,0.1999999999999999,-0.656787178336911,-0.7464314374860075,False,
SLC9B2,0.625,0.0,-0.6445474653625289,-0.1021106827657045,False,
SLCO3A1,-0.0666666666666666,-0.0666666666666666,-0.370937141486424,0.4486694446511139,False,
SLCO4A1,-0.1999999999999999,-0.3333333333333332,0.145546331632716,-0.2783535183217354,False,
SLCO4C1,-0.3333333333333332,0.4666666666666665,0.633214108541985,0.2526946156765031,False,
SLFN11,-0.125,-0.125,0.046443066270815,-0.1963987725628915,False,
SLFN12,0.25,-0.125,-0.214812484248359,-0.4837594975898338,False,
SLFN13,0.1999999999999999,0.3333333333333332,0.0369854126921962,1.09035078297955,False,
SLFN5,0.25,0.0,-0.2768674148480105,-0.3840894175558333,False,
SLIRP,-0.375,0.0,0.2490625435829674,0.209173489246085,False,
SLIT2,-0.25,0.125,0.293512370656101,-0.1884639280205013,False,
SLIT3,-0.625,0.25,0.612233297842624,-0.446349901737594,False,
SLK,0.5,-0.375,-0.7383455622325086,0.2565354807275692,False,
SLMAP,0.25,0.0,-0.0663431355109155,-0.5843545215099519,False,
SLPI,0.75,-0.5,-0.581099929667783,1.4009804053666357,False,
SLTM,0.0,-0.125,-0.282011201468799,0.1611383737703922,False,
SLU7,0.0,0.125,-0.4401377778882375,-0.0073687490875089,False,
SLX4,0.0,-0.375,0.3158082792291184,0.9781306439138024,False,
SLX4IP,0.25,0.125,-0.406663629644189,-0.2545780335771415,False,
SMAD1,-0.125,0.25,-0.325301744758028,0.1845577192156007,False,
SMAD2,0.375,-0.25,-0.3810929118234455,0.1667677726320415,False,
SMAD3,-0.5,-0.125,0.7256510302369259,-0.003691414459352,False,
SMAD4,0.125,-0.125,-0.2093264378920505,-0.4421456188413457,False,
SMAD5,0.25,-0.25,-0.0514987378940774,0.051299038942334,False,
SMAD6,-0.125,0.125,-0.1288386298508547,-0.0036895311111444,False,
SMAD7,-0.125,0.125,-0.0367355503566268,0.0782685629223265,False,
SMAD9,0.25,0.125,-0.31834811535156,0.2734162654547332,False,
SMAGP,-0.5,-0.25,0.4692427535268685,0.16974838764286,False,
SMAP1,-0.125,0.375,0.0733688219637929,0.2708644136283284,False,
SMAP2,-0.375,-0.125,0.5721335718042,-0.193356066757687,False,
SMARCA1,-0.25,-0.125,0.27298993737981,0.1230472011724985,False,
SMARCA2,1.0,0.375,-0.909069446105374,-0.0382589426721375,True,1.0
SMARCA4,-0.375,0.0,0.659637842099134,0.2124176634171655,False,
SMARCA5,0.0,-0.1111111111111111,-0.3258126156300069,0.0459502058387935,False,
SMARCAD1,-0.125,0.0,-0.0592377072365758,0.0165868910431055,False,
SMARCAL1,0.0,-0.25,-0.221243465153604,-0.2033438648273131,False,
SMARCB1,-0.3333333333333332,0.1999999999999999,0.301398883716113,-0.4795967641853562,False,
SMARCC1,-0.75,-0.125,0.742108500570543,-0.0827306829159124,False,
SMARCC2,-0.5,0.125,0.282453465155946,0.1293031163474389,False,
SMARCD1,-0.5,-0.375,0.3463273043864285,-0.3351242054916872,False,
SMARCD2,0.125,0.5,-0.122299996152181,0.3818129922635216,False,
SMARCD3,0.25,0.375,-0.5375318678179825,0.2549576548721117,False,
SMARCE1,-0.25,0.125,0.3030412501940085,0.2989107395024937,False,
SMC1A,-0.125,-0.375,0.5107988100990626,-0.0529676026677266,False,
SMC2,-0.375,0.0,0.3475848659839819,-0.0864121867320397,False,
SMC3,-0.375,-0.25,-0.1311557210756194,-0.0952597601072628,False,
SMC4,-0.5,0.0,0.145661079613863,-0.1849322499265182,False,
SMC5,0.2222222222222223,-0.1111111111111111,-0.45429812627844,-0.8373751937560907,False,
SMC6,0.25,-0.25,0.1014661764170004,0.0023244799959845,False,
SMCHD1,0.0,-0.125,-0.408470876855821,0.213133627142219,False,
SMCO4,0.0,0.2222222222222223,-0.286085833759018,-0.2112653405365909,False,
SMCR8,0.25,-0.375,-0.143866859825717,-0.0443974375458471,False,
SMDT1,0.411764705882353,0.2941176470588236,-0.0553143203413408,0.1481537120434972,False,
SMG1,0.0,-0.125,-0.0599287101196255,-0.2473938626269389,False,
SMG5,0.1111111111111111,-0.4444444444444444,-0.1345803408814589,-0.0040430733120837,False,
SMG6,0.0,-0.25,0.018923296370179,-0.1458049857181009,False,
SMG7,0.0,-0.375,-0.1800779960063615,0.043927670191771,False,
SMG8,0.3333333333333332,-0.0666666666666666,-0.267393959892019,-0.4776683604934775,False,
SMG9,0.125,0.0,-0.0130981262188052,-0.2304851749193548,False,
SMIM10,0.3333333333333332,0.4444444444444444,-0.0162094975358326,0.644587447751521,False,
SMIM10L1,0.125,-0.125,0.0582423719907436,-0.3703131327736715,False,
SMIM12,-0.2222222222222223,0.0,0.2181601094810894,0.2741682760634623,False,
SMIM13,0.2222222222222223,-0.4444444444444444,-0.3602963766812125,0.2429505719138438,False,
SMIM14,0.5,0.125,-0.6592228800830096,0.1720984899199211,False,
SMIM15,-0.4444444444444444,-0.1111111111111111,-0.2999723429033339,0.2690598528847829,False,
SMIM19,0.25,0.25,-0.2533370222256355,0.1976022039384948,False,
SMIM20,0.0,0.3333333333333332,-0.0267263617435394,0.1182755558673989,False,
SMIM3,0.2222222222222223,-0.1111111111111111,-0.4759997211038935,-0.2629158442945902,False,
SMIM5,0.5,-0.375,-0.4584536527518574,0.0112651490327888,False,
SMIM7,-0.2941176470588236,0.411764705882353,-0.228401341517544,0.065051782830281,False,
SMIM8,-0.25,0.25,0.3702617137888125,0.1250494997443392,False,
SMKR1,-0.3333333333333332,-0.0666666666666666,0.46621585592259,1.05844018985381,False,
SMNDC1,0.125,-0.375,-0.2591543772373484,-0.2513445307708575,False,
SMO,-0.375,0.625,0.276862931190677,0.8873279111754677,False,
SMOC1,-0.0666666666666666,-0.0666666666666666,-0.176678874431811,-0.7866470183718857,False,
SMOX,0.125,0.375,0.2536462092442695,0.2150587984397036,False,
SMPD1,0.0,0.0,0.1711157973857084,0.1485320748084886,False,
SMPD2,0.3333333333333332,-0.1111111111111111,-0.0353726745109844,0.3420713070279731,False,
SMPD4,-0.625,0.125,0.361297919382507,0.0329641225297763,False,
SMPDL3A,0.5,0.625,-0.6277601955452715,0.2154125250520824,False,
SMS,-0.25,-0.375,0.3401750067379765,-0.2526493311466753,False,
SMTN,-0.25,-0.125,0.8261713651587594,0.2109993716928069,False,
SMU1,-0.3333333333333332,0.0,-0.1119891806293438,0.0250054861744475,False,
SMUG1,0.25,0.25,-0.2450808433427395,-0.3212131225781669,False,
SMURF1,0.0,0.0,0.197227154101393,-0.0501313620462022,False,
SMURF2,-0.625,-0.125,0.477069891773117,0.1460694214265581,False,
SMYD2,0.5,0.125,-0.558267874672426,-0.0026268489783811,False,
SMYD3,-0.375,0.5,0.9581015017069976,-0.5765313325843393,False,
SMYD4,0.625,-0.25,-0.673366505831597,0.5105411864648253,False,
SMYD5,-0.25,-0.125,0.3954941773900294,-0.1506176387429434,False,
SNAI1,-0.2222222222222223,0.0,0.0506218596743692,0.2635815823689666,False,
SNAI2,0.75,0.0,-0.630545696441736,0.1724171270291712,False,
SNAP23,-0.25,0.0,0.3045228403138455,-0.261289952450594,False,
SNAP47,-0.25,0.25,0.315579560120744,-0.1443783099368762,False,
SNAPC1,-0.1111111111111111,-0.5555555555555556,0.0136326001107887,-0.0195336382500839,False,
SNAPC2,-0.25,-0.25,0.4124724557852795,0.1189581589177364,False,
SNAPC3,0.25,-0.375,-0.247484569322939,0.17743366874463,False,
SNAPC4,-0.2222222222222223,-0.3333333333333332,0.2208693851344145,0.7807642391683269,False,
SNAPC5,0.0,0.125,0.0178082121001787,0.0891089935871103,False,
SNAPIN,-0.25,0.25,0.0559325935055559,-0.1124335351880987,False,
SNCAIP,0.1999999999999999,-0.3333333333333332,-0.642331199535775,-0.0689108701192364,False,
SNCG,-0.6000000000000001,-0.0666666666666666,0.438378295602675,-0.3494911072213404,False,
SND1,-0.25,0.125,0.6578529014443415,-0.25502192000652,False,
SNED1,0.375,0.75,-0.8153960823531805,0.4409077340099923,False,
SNF8,-0.25,0.375,0.3239322494314779,0.3769227554871079,False,
SNIP1,0.125,-0.375,-0.2606412747337055,-0.0895898476634928,False,
SNN,0.0,0.0,-0.1426518702530945,0.4840408982686304,False,
SNPH,-0.125,0.125,0.2197528496892944,0.3643327736159463,False,
SNRK,0.0,-0.5,-0.3873965187901345,-0.2993804024498456,False,
SNRNP200,-0.5,-0.125,0.470803289545473,0.4693025662608783,False,
SNRNP27,0.25,-0.25,-0.2257200432900932,-0.550146307023111,False,
SNRNP35,0.0,0.0,0.050488481352071,0.2985150437164485,False,
SNRNP40,-0.375,-0.25,0.371904760089492,-0.097085677718514,False,
SNRNP48,-0.125,-0.375,0.1279178558749465,-0.293693087076289,False,
SNRNP70,-0.125,0.0,0.0838172390994273,0.215828271303939,False,
SNRPA,-0.4444444444444444,0.1111111111111111,0.506182014984075,-0.4631394760325862,False,
SNRPA1,-0.375,-0.125,0.390414131021557,0.2739016314938229,False,
SNRPB,-0.5,-0.125,0.6656922553815835,-0.3866167288186091,False,
SNRPB2,-0.25,-0.125,0.3288425081453385,-0.0296625207321836,False,
SNRPC,-0.375,-0.25,0.3569338127529715,0.1582934309199704,False,
SNRPD1,-0.625,-0.375,0.5567759552798225,0.4128736420786585,False,
SNRPD2,-0.125,0.375,0.4071057207348785,-0.151577866263278,False,
SNRPE,-0.375,0.125,0.38365590929687,0.0516262486934913,False,
SNRPF,-0.5,-0.125,0.6863817867462141,0.0127314629112393,False,
SNRPG,-0.5,-0.125,0.2659626015491835,-0.0586221718803323,False,
SNTA1,0.0,0.3333333333333332,-0.206851082474039,0.2349592355059042,False,
SNTB1,-0.125,-0.375,0.2551355044296169,-0.5512626486497711,False,
SNTB2,0.0,0.125,-0.4675779381063205,0.2883466297587498,False,
SNUPN,0.125,0.0,-0.0594106981743416,0.2746047733714021,False,
SNW1,-0.25,-0.125,0.0590431307689254,-0.5897149562510413,False,
SNX1,0.375,0.5,-0.5155855469334615,0.0903306059811359,False,
SNX11,0.0,0.0,0.1010951390848857,0.0559102816468357,False,
SNX12,0.0,-0.25,-0.228096989858439,-0.08804374750295,False,
SNX13,0.25,0.0,-0.48496619444275,0.1701165728959925,False,
SNX14,0.5,-0.375,-0.5898877951254515,-0.0422965525799186,False,
SNX16,0.25,-0.375,-0.5554126156085855,0.1078301076190766,False,
SNX18,0.25,0.125,-0.650318611979541,-0.1598629996442067,False,
SNX19,0.375,0.125,-0.4664782204595324,-0.1392509066688174,False,
SNX2,0.1111111111111111,-0.1111111111111111,-0.2210124824014747,0.0812672847563336,False,
SNX21,0.25,-0.125,-0.1743578150317025,-0.3640752377173721,False,
SNX22,-0.5,0.25,0.585927719562286,0.4361050122507031,False,
SNX24,0.375,-0.25,-0.259583508117497,0.0560536421617441,False,
SNX25,0.0,0.25,-0.0871102707945674,0.1729966781899885,False,
SNX27,0.125,0.125,-0.3963477272606159,0.0085099838938134,False,
SNX29,0.0,0.625,-0.4213889689157605,-0.3450582139212157,False,
SNX3,-0.25,0.5,0.2890093161122793,0.2136845341794853,False,
SNX30,-0.125,-0.125,0.266066331173883,0.079028726323068,False,
SNX32,0.3333333333333332,0.0666666666666666,-0.470347389766144,0.2345178423520397,False,
SNX33,0.4444444444444444,0.0,-0.4036305753094285,0.289619815971132,False,
SNX4,0.375,0.0,-0.2927347671351995,-0.0738404511217452,False,
SNX5,0.0,0.125,-0.0716511344916836,0.159085391564131,False,
SNX6,0.0,0.0,-0.0478707648955144,0.4439832632016245,False,
SNX7,0.125,0.375,-0.658109186430607,0.5813027234392076,False,
SNX8,0.375,0.0,-0.14338651838707,-0.2489070247546156,False,
SNX9,-0.125,-0.375,0.3074988390362145,0.0238084738882706,False,
SOAT1,0.0,0.125,0.365941093545705,-0.3180387153924693,False,
SOBP,0.125,-0.125,8.530824177794757e-05,0.0070610851414243,False,
SOCS1,0.411764705882353,-0.411764705882353,-0.640298237621544,0.2085534571277367,False,
SOCS2,0.125,-0.25,-0.1286050517857111,-0.0724929330056936,False,
SOCS3,0.0,-0.4444444444444444,-0.215991746131988,-0.2096607829531303,False,
SOCS5,-0.5555555555555556,-0.2222222222222223,0.6081424031074305,-0.6224552528974311,False,
SOCS6,-0.2222222222222223,-0.2222222222222223,0.4187107353374905,0.8449500376640464,False,
SOCS7,-0.2222222222222223,-0.2222222222222223,0.3266448205429105,0.1493863411974119,False,
SOD1,-0.25,0.25,0.2981175115837455,-0.2518373084425693,False,
SOD3,0.0588235294117647,-0.411764705882353,-0.354465853078395,-0.1042497557568489,False,
SORBS1,0.25,0.25,-0.1915492649076604,0.1546652618206976,False,
SORBS2,0.625,0.125,-0.7578905629824355,-0.6560165629019168,False,
SORBS3,0.0,0.0,0.0540242235000557,0.0982039712828712,False,
SORCS2,0.3333333333333332,-0.0666666666666666,-0.44307031181262,0.9630026787173548,False,
SORD,-0.375,0.0,0.7170840005126919,0.0301123347785141,False,
SORL1,-0.7333333333333334,0.4666666666666665,0.613429228837206,-0.1986391475056022,False,
SORT1,0.625,0.125,-0.7230276780435005,-0.1864679793552421,False,
SOS1,0.0,-0.25,-0.3863183310046685,-0.0415178224988124,False,
SOS2,0.5,0.0,-0.953505072661396,0.1335319625406361,False,
SOWAHC,0.2222222222222223,-0.3333333333333332,0.0410604459188288,1.0164809080038222,False,
SOX11,-0.375,-0.125,0.6979233605358639,0.2318107000657732,False,
SOX12,-0.3333333333333332,0.0,0.5452313861317645,0.232025278817842,False,
SOX13,0.25,-0.375,-0.3567785923218491,0.1447897903220019,False,
SOX15,-0.2941176470588236,-0.1764705882352941,0.0176316101753398,0.3087956820565138,False,
SOX4,0.1111111111111111,-0.3333333333333332,-0.4723572831275075,-0.3095449362306561,False,
SOX6,0.3333333333333332,0.1999999999999999,-0.379337705095877,0.1439016310293093,False,
SOX9,-0.1111111111111111,0.0,0.269241763767815,-0.164860061632255,False,
SP1,0.5,-0.5,-0.84267680843601,-0.1959619297701182,False,
SP100,0.25,0.0,-0.480688239592788,-0.1610828338949836,False,
SP110,0.375,-0.5,-0.217690930192993,0.6327862509278102,False,
SP140L,-0.25,0.125,0.0830164034645501,-1.0332723115299949,False,
SP2,0.0,-0.125,-0.2015376204997316,0.0792439286344457,False,
SP3,-0.125,0.375,-0.2627999168342553,0.1295968509610161,False,
SP4,0.0,0.125,-0.3013506981172765,0.3168349699953965,False,
SP6,0.0,-0.625,0.3336518506386695,0.4474432934826693,False,
SPA17,-0.2222222222222223,-0.5555555555555556,0.0751525359486601,0.3416842558586301,False,
SPAG1,0.5,-0.625,-0.1702637017770842,0.2747224034512352,False,
SPAG16,0.125,0.0,-0.0788410756827807,0.2470780834123299,False,
SPAG4,0.125,0.25,0.0033596745410319,0.2208365207618996,False,
SPAG7,-0.3333333333333332,0.2222222222222223,-0.011583287576823,0.10570861301795,False,
SPAG8,-0.3333333333333332,0.1999999999999999,0.0652539131127577,0.088561427772992,False,
SPAG9,0.375,0.125,-0.842831570349734,-0.1331249703471848,False,
SPARC,0.25,0.125,-0.2608911399975085,-0.1006757375543494,False,
SPAST,0.125,-0.125,-0.213225700025937,-0.0392867061648725,False,
SPATA18,0.375,0.25,-0.772529502043261,-0.0085736832117779,False,
SPATA2,0.0,0.0,0.3068550368421155,-0.2212414742001374,False,
SPATA20,0.25,0.125,-0.160015482972729,0.2514494300396417,False,
SPATA24,-0.4666666666666665,0.3333333333333332,0.520316920126816,0.2606828048703198,False,
SPATA2L,-0.25,-0.25,0.3335247167623465,0.4019986580075092,False,
SPATA33,-0.375,-0.125,0.3996348313643125,0.3097905771548119,False,
SPATA4,0.5,0.5,-0.3943876015487815,-0.4120003390845803,False,
SPATA6,0.25,0.75,-0.6889106418839406,0.0386906747898456,False,
SPATA6L,0.4666666666666665,-0.4666666666666665,-0.147051388912295,-0.130420751627373,False,
SPATA7,0.125,0.125,-0.445893872497971,0.1849532736020891,False,
SPATC1L,-0.75,0.0,0.7701615586914515,0.3323160165250716,False,
SPATS2,0.25,-0.25,-0.202308052306699,-0.0218495176415864,False,
SPATS2L,0.375,0.125,-0.261780005153319,-0.3596627591734878,False,
SPC24,-0.25,-0.375,0.5320948429849179,-0.1492592119008722,False,
SPC25,-0.3333333333333332,0.0,0.732857209887543,-0.2107866678896415,False,
SPCS1,-0.5,0.25,0.0407702704162707,0.635670600342092,False,
SPCS2,0.0,0.125,0.116117361740583,0.2643499766847436,False,
SPCS3,-0.125,0.0,-0.6421428335170725,-0.0174619853547199,False,
SPDL1,-0.75,-0.25,0.6587388181530435,-0.3924706195985483,True,-1.0
SPECC1,-0.125,0.125,-0.052677849766626,0.1039906186081389,False,
SPECC1L,0.6000000000000001,0.0666666666666666,-0.741538151738846,-0.6868933897543473,False,
SPEF2,0.0,0.375,-0.2304045331415393,-0.4187864914348713,False,
SPEG,-0.375,0.125,0.19787851437464,-0.3349117865687177,False,
SPEN,-0.125,-0.375,-0.0184173929148607,0.2484736022862228,False,
SPG11,0.5,-0.25,-0.676274966666223,0.0652048928299375,False,
SPG21,0.5,0.25,-0.2658850928912625,0.1092085581781514,False,
SPG7,-0.5,0.375,0.4699728708023815,0.7564765202100574,False,
SPHK1,-0.125,0.0,0.1966710729598779,0.2690517392641134,False,
SPHK2,-0.375,0.375,0.0795372635221708,0.3338597050558607,False,
SPIDR,0.25,-0.375,-0.9711047512422176,0.1323817615454738,False,
SPIN1,0.0,-0.375,0.3310446859232425,0.0109392546316011,False,
SPIN2A,-0.1999999999999999,0.6000000000000001,-0.303930674101792,0.3932108663499604,False,
SPIN2B,0.125,0.125,-0.1290966955711022,0.2417912864211802,False,
SPIN3,0.25,0.125,-0.3426138320993455,-0.0597724109759914,False,
SPIN4,-0.7777777777777777,0.1111111111111111,0.597921736919543,-0.1099390805094226,True,-1.0
SPINT1,-0.0666666666666666,0.0666666666666666,0.17416969379124,-0.2875403206415758,False,
SPINT2,-0.0666666666666666,-0.3333333333333332,0.445532506957204,-0.3156459921996575,False,
SPIRE1,0.125,0.0,-0.357647462932808,-0.4068786423258177,False,
SPIRE2,0.125,-0.25,-0.157818396277501,0.6100606509317115,False,
SPNS1,0.1999999999999999,-0.3333333333333332,-0.0395230546604909,0.1054795616470469,False,
SPNS2,-0.0588235294117647,-0.0588235294117647,0.14655315247856,0.3468814192664426,False,
SPOCD1,-0.375,0.0,0.52410020243018,-0.4772980632602399,False,
SPOCK1,-0.5,-0.125,0.5620898599337245,-0.9987377774477671,False,
SPON1,0.0,-0.125,0.0463923812920439,0.8896962033578879,False,
SPOP,0.625,-0.125,-0.6841552403931705,-0.0630480716596877,False,
SPOPL,0.1111111111111111,-0.1111111111111111,-0.4971058661356845,0.1401485651582814,False,
SPP1,-0.1999999999999999,-0.0666666666666666,0.0747975843371503,-0.9209779066126342,False,
SPPL2A,0.5,-0.125,-0.4692591730644735,-0.1842287045100654,False,
SPPL2B,0.125,0.0,-0.1505753131189413,0.6024728580293691,False,
SPPL3,0.0,0.25,-0.1171955171265745,0.3387133553089017,False,
SPR,0.2222222222222223,0.1111111111111111,-0.1338650394292871,0.2608549779795253,False,
SPRED1,0.0,-0.125,0.1538880129004834,-0.2931626807308141,False,
SPRED2,-0.375,0.0,0.4241866470206695,-0.386901465034124,False,
SPRED3,-0.625,-0.125,0.7174327978839825,-0.6454282429197655,False,
SPRTN,-0.125,-0.25,-0.0579550237725679,-0.0651345710242978,False,
SPRY1,0.375,0.125,-0.400703656849657,0.2046768744229217,False,
SPRY2,-0.625,0.125,0.506266256590649,0.1000960459317905,False,
SPRY3,0.0666666666666666,-0.1999999999999999,-0.182420196711329,-0.0420972652206468,False,
SPRY4,0.125,-0.25,-0.0874390242391888,-0.0790664942487429,False,
SPRYD3,-0.2222222222222223,0.0,0.282752085280615,-0.0816690724753526,False,
SPRYD4,-0.625,0.25,0.479719732982187,0.0705294149582602,False,
SPRYD7,0.0,-0.25,0.3544273331605935,0.0504694150465896,False,
SPSB1,0.625,0.0,-0.7169459806667164,-0.0811566938497612,False,
SPSB2,0.125,-0.125,0.0060201407510086,0.1951689662505207,False,
SPTAN1,-0.25,-0.125,0.334519046119292,0.1799812338054991,False,
SPTB,0.0666666666666666,-0.1999999999999999,-0.0956052978372276,-0.4885868544420275,False,
SPTBN1,0.25,-0.625,-0.3672530255016295,0.2057394743549272,False,
SPTBN2,-0.1999999999999999,-0.0666666666666666,-0.120289326492233,0.1940442185415047,False,
SPTBN4,-0.6000000000000001,0.3333333333333332,0.737240455754668,0.1346532239152229,False,
SPTLC1,0.125,-0.125,-0.2580738485462335,-0.0661856283675068,False,
SPTLC2,-0.1111111111111111,-0.5555555555555556,0.334030804508335,-0.0345870339122811,False,
SPTLC3,0.0,0.125,-0.156214126122302,-0.4444179575291569,False,
SPTSSA,0.5294117647058822,0.1764705882352941,-0.512506692903735,0.2860189991705839,False,
SPTY2D1,0.125,0.25,-0.0445996327302659,0.0123851270596326,False,
SQLE,0.125,0.0,0.1303442371895041,0.2771209611002607,False,
SQSTM1,0.3333333333333332,0.0,-0.488524094465474,0.4502061659664362,False,
SRA1,-0.25,0.25,0.3433435225644038,-0.0517535131405737,False,
SRBD1,-0.25,0.0,0.31294194407898,-0.0640362046896627,False,
SRC,0.0,-0.125,0.0678616804402951,0.272768777236581,False,
SRCAP,0.125,-0.5,-0.3795778532576485,0.4731306997043036,False,
SRD5A1,-0.25,0.125,0.361551493382517,0.8295258527923348,False,
SRD5A3,0.5,0.125,-0.6687969519362356,0.0287834871632362,False,
SREBF1,0.25,0.125,0.1128534118520021,0.4686366183959873,False,
SREBF2,0.0,0.125,0.1976192951080529,0.0705666759471079,False,
SREK1,0.0,0.0,-0.2006636457737795,0.0850069014817518,False,
SREK1IP1,-0.125,-0.25,0.28666783937613,0.1941355226947747,False,
SRF,-0.1111111111111111,-0.2222222222222223,0.0061947272476307,0.0345359664695394,False,
SRFBP1,0.0,-0.2222222222222223,-0.1196107654801852,-0.5477789524734278,False,
SRGAP1,0.125,-0.125,-0.259454229268666,0.4248996841011685,False,
SRGAP2,0.1111111111111111,-0.2222222222222223,-0.2423516731387689,-0.1621149684908158,False,
SRGAP2B,0.5,-0.125,-0.654974518612597,0.0967208860968888,False,
SRGAP2C,0.3333333333333332,-0.0666666666666666,-0.29350599815073,-0.1659825327119817,False,
SRGAP3,-0.3333333333333332,0.1999999999999999,-0.18797728714121,-0.3974010992704184,False,
SRGN,0.2222222222222223,-0.2222222222222223,-0.0702394176408971,-0.2486603384545929,False,
SRI,-0.25,0.0,0.3278803112492425,0.0482946479685462,False,
SRM,0.0,0.375,0.2126641298814705,0.5318728016087952,False,
SRP14,0.0,0.375,0.00609064210375,0.1479161288269233,False,
SRP19,-0.125,0.0,0.180475428037643,-0.591936639595591,False,
SRP54,-0.25,-0.125,0.303815457526308,-0.2097385096732926,False,
SRP68,0.125,0.25,-0.1110341788900425,-0.1405469991989942,False,
SRP72,-0.25,0.125,0.252087387844768,-0.0437569779730329,False,
SRP9,-0.125,0.25,0.0099579453307931,0.0620196219711983,False,
SRPK1,-0.125,-0.5,0.430379370879814,0.2490505231639215,False,
SRPK2,0.0,-0.125,-0.3834666250419924,-0.1069597753515396,False,
SRPRB,0.0,0.25,0.3194372843718975,-0.2071847012970606,False,
SRPX,0.375,0.0,-0.3221156260823425,0.2348950035554433,False,
SRPX2,0.5555555555555556,0.1111111111111111,-0.3401272150491775,-0.3945288915301228,False,
SRR,0.375,-0.25,-0.1534799447682055,0.9384175568350268,False,
SRRD,-0.375,-0.5,0.32706451105059,0.2350213400899274,False,
SRRM1,-0.25,-0.25,0.449366981158574,0.0866371700986805,False,
SRRM2,0.25,-0.375,-0.3096926741075275,1.4529912030525514,False,
SRRM3,0.3333333333333332,-0.1999999999999999,-0.580832000710249,0.353539515760561,False,
SRRT,-0.5,-0.375,0.258304380505842,0.361294308857687,False,
SRSF1,-0.5,-0.375,0.539770839555504,-0.0003788063644081,False,
SRSF10,-0.375,-0.125,0.241861742724915,0.0343312646505307,False,
SRSF11,0.0,-0.125,-0.1778121540681512,0.0700132096507757,False,
SRSF12,-0.0588235294117647,-0.0588235294117647,0.0776467298234909,0.5587750948018605,False,
SRSF2,-0.5,-0.125,0.7275012154759519,0.008292411074422,False,
SRSF3,-0.5,0.125,0.5715484355663609,0.157417047602387,False,
SRSF4,-0.125,0.375,0.1892882126034631,0.1381233891710072,False,
SRSF5,-0.25,0.0,-0.0004937673469845,0.1739099609271321,False,
SRSF6,-0.125,0.25,-0.1246275874392235,0.0516668712588557,False,
SRSF7,-0.5,-0.125,0.6499792810699015,0.2055031634120503,False,
SRSF8,0.7777777777777777,0.4444444444444444,-0.35846771237749,-0.0642095677895606,False,
SRSF9,0.0,-0.125,0.049969939944281,0.4609732048363617,False,
SRXN1,-0.5,0.0,0.546519232829923,0.218511724015896,False,
SS18,0.125,-0.5,-0.2741160440871505,0.2819138733008839,False,
SS18L1,0.0,-0.125,0.1521249108363885,0.2910082522716708,False,
SS18L2,-0.25,0.5,0.2208325448433304,-0.2230940622426613,False,
SSB,0.0,0.0,0.13562575321863,-0.1978261203346871,False,
SSBP2,0.375,0.25,-0.9289484287303164,-0.0413563793798958,False,
SSBP3,0.375,-0.25,-0.390008863362272,-0.2241646116487357,False,
SSBP4,-0.5,-0.125,0.543264431158444,0.465300712948149,False,
SSC4D,0.3333333333333332,-0.0666666666666666,0.0297577396693664,0.2687498421331806,False,
SSC5D,0.0,0.375,0.0919187347549675,-0.1894219271135124,False,
SSH1,-0.25,-0.125,0.264225341188434,-0.1769447793802152,False,
SSH2,0.25,0.375,-0.5729154771138435,0.0476958880814399,False,
SSH3,-0.375,0.375,0.0733541831498709,0.7054806308334491,False,
SSNA1,-0.5,0.25,0.4679067013034544,0.7176977712341033,False,
SSPN,0.375,-0.125,-0.810263080615116,-0.0547100959567372,False,
SSR1,-0.375,0.125,0.1067300655943542,0.2200264654484089,False,
SSR2,-0.25,0.5,0.6612868780443191,0.195454312931494,False,
SSR3,-0.1111111111111111,-0.1111111111111111,0.271178350667026,-0.2068154859147264,False,
SSR4,0.125,0.375,-0.1107306544350495,0.5168450621901235,False,
SSRP1,-0.6666666666666667,0.0,0.376194099326914,-0.0738077261402989,False,
SSU72,-0.375,0.0,0.308687576712146,0.0904248737502224,False,
SSX2IP,-0.375,0.125,0.1190765649172587,0.1355125849832497,False,
ST13,0.0,0.125,0.0499852723168599,0.2955673040368252,False,
ST3GAL1,-0.125,-0.125,0.0964867628624648,0.1137088529768184,False,
ST3GAL2,-0.25,0.125,0.3240857543612245,0.4174253954651528,False,
ST3GAL4,0.625,-0.125,-0.6810426254456565,-0.0485294551344959,False,
ST3GAL5,0.375,-0.125,-0.5687033406862575,-0.4637923583754193,False,
ST3GAL6,0.0,0.75,0.1537645793192071,-1.3243919179759822,False,
ST6GAL1,0.6000000000000001,-0.1999999999999999,-0.734709941070945,-0.0739636239028369,False,
ST6GALNAC2,0.7333333333333334,-0.1999999999999999,-0.582922377919909,0.6043063487312476,False,
ST6GALNAC3,-0.6000000000000001,0.0666666666666666,0.13669798492452,0.3202884666102936,False,
ST6GALNAC4,-0.25,0.375,0.566926686563347,-0.0355198326850096,False,
ST6GALNAC5,0.0666666666666666,-0.0666666666666666,0.483466742978202,-0.5355542313434565,False,
ST7,0.25,-0.25,-0.5048995267658395,-0.4653611692096437,False,
ST7L,0.25,-0.375,-0.799919332588097,-0.2746051105390465,False,
ST8SIA1,0.1999999999999999,0.0666666666666666,-0.266335463911517,-1.4735996447134263,False,
ST8SIA4,0.125,0.375,-0.0372003779583264,-0.3481821413543908,False,
ST8SIA5,-0.3333333333333332,0.3333333333333332,-0.0099011393320485,0.4025076890104011,False,
STAC,-0.625,-0.25,0.3810803441384045,-0.8386497258174797,False,
STAG1,0.0,-0.125,0.0930718647341699,-0.014021163756595,False,
STAG2,0.125,-0.375,-0.0932606553241967,0.0116630825069212,False,
STAM,0.0,-0.25,0.226027090595461,0.1232911830712932,False,
STAM2,0.0,-0.125,-0.5238994390196605,0.0465471786184483,False,
STAMBP,0.25,-0.25,-0.1693532325186937,-0.7632035653106128,False,
STAMBPL1,0.0,0.0,-0.1412763790420845,-0.2164466127275781,False,
STAP2,-0.0666666666666666,0.0666666666666666,0.49345613816094,0.0266626387696673,False,
STARD10,-0.125,-0.125,0.0041390281144459,-0.5343363911816323,False,
STARD13,0.125,0.0,-0.321757915074636,-0.3060695321615778,False,
STARD3,-0.125,0.0,0.0877349295093592,0.7678120316341042,False,
STARD3NL,-0.25,-0.25,0.3625570527515135,-0.0203402843136548,False,
STARD4,0.25,-0.5,-0.513873998396009,-0.0818207764374512,False,
STARD5,-0.1999999999999999,0.3333333333333332,0.379325635901852,0.0961368881702173,False,
STARD7,0.0,0.125,0.361964153746745,-0.0430593503478622,False,
STARD8,-0.75,-0.125,0.8018800349985715,-0.4143906751229491,True,-1.0
STARD9,0.75,-0.125,-0.7392212458942544,0.401071738715459,False,
STAT1,-0.25,-0.125,0.3460825064566145,0.1102113441573604,False,
STAT2,0.875,0.0,-0.805044051900823,-0.0971188135276341,False,
STAT3,0.625,0.0,-0.772979699945409,0.0272223160913203,False,
STAT4,-0.0666666666666666,0.0666666666666666,0.136676120074959,-0.5623071393650945,False,
STAT5A,0.875,0.0,-0.890042573594308,0.3985979527872307,True,1.0
STAT5B,0.0,-0.375,-0.4809570238610485,0.5927547658493415,False,
STAT6,0.75,0.0,-0.524848245732772,0.1324482656919245,False,
STAU1,-0.25,0.375,0.0959450108351642,0.371414190353228,False,
STAU2,0.125,0.125,0.3700627760170735,0.0232300779870828,False,
STBD1,-0.25,0.125,0.1884217629847984,0.3230601654510545,False,
STC1,-0.125,0.25,0.0069988281050855,-0.6800337771970795,False,
STC2,0.125,-0.125,-0.28631287530606,-0.0068161963043507,False,
STEAP1,0.1111111111111111,0.3333333333333332,-0.213505991885632,0.0119128846204463,False,
STEAP1B,-0.0,0.0,-0.171111723040465,-0.2638714161655264,False,
STEAP3,-0.25,-0.125,-0.3788290203382515,-0.0793881860746053,False,
STIL,-0.25,-0.125,0.6790487030218555,-0.0093050713535762,False,
STIM1,0.5,0.125,-0.5371320790444996,-0.2468674633986225,False,
STIM2,-0.125,0.125,0.224843352552204,-0.0905423412541606,False,
STIP1,-0.625,-0.375,0.8738425180687975,-0.0252597464919217,False,
STK10,0.5,-0.5,-0.2137721930405092,-0.0368953201595227,False,
STK11,-0.75,0.25,0.69745618330655,0.4928803766923315,False,
STK11IP,-0.125,0.125,0.3707483088086725,0.203938427902957,False,
STK17A,-0.4444444444444444,-0.2222222222222223,0.4355962595561885,0.4076248035391141,False,
STK17B,0.5,-0.125,0.0274229457397947,0.2070056609736092,False,
STK19,0.3333333333333332,0.3333333333333332,-0.493407577231331,-0.2786510883393649,False,
STK24,-0.375,-0.375,0.1796133399981704,0.522036609411483,False,
STK25,-0.125,0.125,0.0945450254402098,0.3663861395219157,False,
STK3,0.375,-0.125,-0.1747405522148115,-0.0341178886632795,False,
STK32B,-0.5,0.0,0.4066991343146174,-0.3480372507207949,False,
STK32C,-0.5,0.0,0.357296763582579,0.2126162325091143,False,
STK33,-0.6000000000000001,0.3333333333333332,0.442390779467361,-1.0926741151653898,False,
STK35,-0.625,0.0,0.375693663652436,0.2594331886360925,False,
STK36,0.625,-0.25,-0.5011752104031231,-0.9879147990230654,False,
STK38,0.4444444444444444,0.3333333333333332,-0.458750694935979,0.0192908623548389,False,
STK38L,0.4444444444444444,0.0,-0.670301896874089,0.3038373176700655,False,
STK39,-0.25,0.5,0.284873701615435,0.4603277570950128,False,
STK4,0.375,-0.5,-0.449670860578336,-0.2618385275807732,False,
STK40,-0.125,0.0,0.13081297490877,-0.200249467339066,False,
STMN1,-0.625,-0.25,0.546702147005844,0.0452387460417238,False,
STMN3,-0.6000000000000001,-0.3333333333333332,0.524499699165402,0.7048427773870786,False,
STOM,0.25,-0.25,-0.754809913137942,0.0126366150964591,False,
STOML1,0.375,-0.125,-0.337150959232936,-0.1360410351523517,False,
STOML2,-0.25,0.25,0.3475378947139385,0.1420956473113679,False,
STON1,0.8888888888888888,0.0,-0.964820731073721,-0.4842820869300848,False,
STON2,-0.0666666666666666,0.1999999999999999,0.0583845068480207,-0.2709894172160161,False,
STPG1,0.25,-0.375,-0.104281889052534,-0.746540278185206,False,
STRA6,0.0,-0.25,0.0536060028381947,-0.6520982458286304,False,
STRADA,-0.1111111111111111,0.0,0.0408781304710132,0.1730175135366889,False,
STRADB,0.25,0.25,-0.4036778757370485,0.6113226347618677,False,
STRBP,0.0,-0.5,0.223590797356322,0.2211672158872417,False,
STRIP1,0.25,-0.25,-0.1213163296692362,-0.5972606892117389,False,
STRIP2,-0.125,-0.125,0.4789466378140575,0.0172530848239182,False,
STRN,0.125,-0.375,-0.6098952417688105,0.3799207063576344,False,
STRN4,-0.125,-0.125,0.0091576939843769,-0.1591668316510586,False,
STS,0.2222222222222223,-0.2222222222222223,-0.2533330512890535,0.030076443802997,False,
STT3A,-0.375,0.125,0.2342802512314095,0.1178296389402902,False,
STT3B,-0.25,0.25,-0.0063680030200504,0.1508770389478253,False,
STUB1,-0.25,0.5,0.5571354995016725,0.2518855574345999,False,
STX10,-0.375,0.25,0.180765906703439,0.0246514206688481,False,
STX11,0.1999999999999999,-0.4666666666666665,-0.138181864142478,0.9747668600810804,False,
STX12,0.25,0.0,-0.2317992936992915,-0.0460140117364091,False,
STX16,0.125,-0.125,-0.2242152978353375,0.4251303085766285,False,
STX17,0.375,-0.5,-0.6291151148273004,-0.2994459903746512,False,
STX18,0.375,0.0,-0.1133589185343785,0.0527453293705648,False,
STX1A,-0.375,0.0,0.0992768345705939,0.3481059213193593,False,
STX1B,-0.4666666666666665,0.0666666666666666,0.836550980513583,-0.0445018806662496,False,
STX2,0.0,-0.375,-0.1326136969896406,0.1791004759485375,False,
STX3,0.0,-0.125,0.4088837959357575,-0.2275316114240482,False,
STX4,-0.125,0.25,0.186320510942758,-0.0765728679917994,False,
STX5,-0.25,0.375,0.114233977984353,0.0953555815481661,False,
STX6,0.25,-0.125,-0.1041082238208853,-0.0443916692111376,False,
STX7,0.375,0.125,-0.348259086579058,-0.2100646859929118,False,
STX8,0.125,0.25,-0.507835842893111,-0.1295763448354545,False,
STXBP1,-0.25,0.125,0.2903124464304755,0.3279887711588753,False,
STXBP3,0.125,-0.125,0.0152741963530129,0.2029958668378215,False,
STXBP4,0.125,0.25,-0.5985089672365564,-0.338822920038609,False,
STXBP5,0.375,-0.375,-0.5091320679687494,0.7279575976142496,False,
STXBP6,-0.0666666666666666,-0.1999999999999999,-0.208521821227221,-0.3092019886771526,False,
STYK1,-0.8823529411764706,0.1764705882352941,0.845935938984483,0.1417311398518892,True,-1.0
STYX,0.0,0.125,-0.3422084663013079,0.1424434986833778,False,
STYXL1,-0.125,0.0,-0.1230189682724216,0.1851548110577217,False,
SUB1,-0.125,-0.25,0.1614551737285677,0.1337000436155881,False,
SUCLA2,-0.25,0.25,0.0014292088808122,0.1139099802606273,False,
SUCLG1,-0.125,0.375,0.429366349028472,-0.2906420577841935,False,
SUCLG2,0.0,-0.125,-0.1939867686443225,0.0328631107227206,False,
SUCO,-0.25,0.125,-0.23925577256131,0.0803402138391438,False,
SUDS3,-0.5,0.0,0.32166476646824,-1.174785486633353,False,
SUFU,-0.125,0.25,0.0524247576440382,-0.0893316696947117,False,
SUGCT,0.4666666666666665,0.0666666666666666,-0.187190567485563,-0.5565857673786105,False,
SUGP2,-0.125,-0.25,0.0271256745012835,-0.140828608667014,False,
SUGT1,0.0,0.25,-0.1239588016173705,-0.1083653058818385,False,
SULF1,0.625,-0.5,-0.719701367723196,-0.2851077502537373,False,
SULF2,0.25,0.125,-0.5045210994005945,0.2216935624322993,False,
SUMF1,0.4666666666666665,0.4666666666666665,-0.251468996304066,0.2786222303276158,False,
SUMF2,0.25,0.25,-0.5185326091405735,0.0217802776376516,False,
SUMO1,-0.5,0.0,0.1254298740211084,-0.194717143896105,False,
SUMO2,-0.25,-0.25,0.191944762294016,0.4421910120379455,False,
SUMO3,-0.125,0.0,0.13762242352275,0.4953959441165967,False,
SUN1,-0.375,-0.375,0.214848382465643,0.1658784112569122,False,
SUN2,0.25,-0.125,-0.536467823721446,0.4438759425390177,False,
SUOX,-0.375,0.375,0.174457333436758,-0.0494257046376072,False,
SUPT16H,-0.625,-0.25,0.5233188002062861,-0.3127427255996342,False,
SUPT20H,-0.625,-0.25,0.255538099384153,0.0469994903586616,False,
SUPT3H,0.5,0.125,-0.625049191407702,0.297155781881488,False,
SUPT4H1,-0.125,0.375,0.301567012839553,0.3295829745234506,False,
SUPT5H,-0.5,0.125,0.6792067610995075,0.1755395627375406,False,
SUPT6H,0.125,-0.125,0.0445501148976996,-0.3356389823229845,False,
SUPV3L1,-0.375,0.0,0.4250473583055459,0.0677964193812281,False,
SURF1,0.0588235294117647,0.1764705882352941,-0.408089823569239,0.5119791122190755,False,
SURF4,-0.4444444444444444,0.0,0.4952677758526705,0.4201242180219111,False,
SURF6,-0.1764705882352941,0.0588235294117647,0.160613485042578,0.0636008817092705,False,
SUSD1,0.25,-0.625,-0.207123461880298,-0.7992506295018771,False,
SUSD4,-0.1999999999999999,-0.0666666666666666,0.480326547391556,-1.0275175238562562,False,
SUSD5,0.1111111111111111,-0.1111111111111111,-0.425756009419223,0.3848266693324598,False,
SUSD6,0.875,-0.125,-0.785974838493131,0.5813773694833899,False,
SUV39H1,-0.25,0.125,0.468976078244052,0.0952423471456649,False,
SUV39H2,-0.625,-0.5,0.416703545435962,0.4356583474064162,False,
SUZ12,-0.375,-0.5,0.084694726449375,0.6774012851078086,False,
SV2A,-0.75,0.25,0.633026152420251,0.1419670774227645,False,
SVEP1,0.625,0.25,-0.694916449351584,0.1210056354650086,False,
SVIL,0.0,0.125,0.2027794553860016,-0.0103646776563306,False,
SVIP,0.2222222222222223,-0.1111111111111111,-0.1282416782468095,-0.0514671165116853,False,
SWAP70,0.25,-0.5,-0.4064354920634004,0.0086477317916506,False,
SWI5,-0.25,0.25,-0.0177851544074115,0.1632139423059364,False,
SWSAP1,-0.5294117647058822,0.1764705882352941,0.177186260472254,-0.1156732758580973,False,
SWT1,0.625,0.125,-0.5010852535406415,0.6557187157224567,False,
SYAP1,-0.3333333333333332,0.1111111111111111,0.104353577739698,0.1258640119114966,False,
SYCE1L,-0.375,0.125,0.3065375404470259,-0.1624914242966213,False,
SYCE2,-0.0588235294117647,-0.5294117647058822,-0.194950607094168,0.5209078660589193,False,
SYCP2,0.7333333333333334,-0.0666666666666666,-0.471987848071847,0.0089549673276139,False,
SYDE1,0.125,-0.125,-0.081164304862108,0.4275320424625528,False,
SYDE2,0.5,0.0,-0.394393809996033,0.6044021168924574,False,
SYF2,0.125,0.0,-0.4730074689367565,-0.3317994213129567,False,
SYMPK,0.0,0.0,0.293605121813787,-0.0370064030058503,False,
SYN1,0.1999999999999999,-0.1999999999999999,-0.202902811892317,0.3732678332108718,False,
SYNC,0.0,-0.25,0.1695004831977625,-0.1675910596526426,False,
SYNCRIP,-0.2222222222222223,-0.3333333333333332,0.406134103861163,0.2093349393574257,False,
SYNDIG1,0.125,0.5,-0.1100777251009101,0.9259316007506372,False,
SYNE1,0.125,0.25,-0.607714956447383,-0.2358733137633892,False,
SYNE2,0.125,0.375,-0.6466632204710105,-0.2871242172093917,False,
SYNGAP1,-0.125,-0.25,-0.1582029751419404,0.2774834747069301,False,
SYNGR1,0.0666666666666666,-0.0666666666666666,-0.2342234253351,-0.5056834255610348,False,
SYNGR2,-0.2222222222222223,-0.1111111111111111,0.7330957704841985,0.8051080916591545,False,
SYNGR3,-0.1999999999999999,-0.3333333333333332,0.431379734580917,1.006327571267295,False,
SYNJ1,0.125,-0.125,-0.400176766962828,0.5077631657423289,False,
SYNJ2,-0.75,-0.5,0.7996503016802134,-0.2359919179736453,False,
SYNM,-0.5,0.5,0.2367391146843315,0.3751229269748486,False,
SYNPO,0.5,-0.375,-0.3856236910732565,-0.3906757977961805,False,
SYNPO2,0.125,0.5,-0.3231640736816655,-0.534583466796898,False,
SYNRG,-0.1111111111111111,0.1111111111111111,0.253306203693473,-0.2750196174872292,False,
SYP,-0.1999999999999999,0.0666666666666666,0.0339321401926092,0.2759205180554935,False,
SYPL1,0.25,-0.25,0.0141491840904402,0.0412568115249278,False,
SYS1,-0.0666666666666666,0.4666666666666665,-0.149894872562262,0.4504295993746816,False,
SYT11,-0.2222222222222223,-0.2222222222222223,0.3874825389372395,0.1809501326209908,False,
SYT12,0.3333333333333332,-0.3333333333333332,-0.282543864189515,0.1819918528294728,False,
SYT14,0.4666666666666665,-0.1999999999999999,-0.533496890536901,-1.207669199862793,False,
SYT8,0.8666666666666667,0.4666666666666665,-0.782431736747986,0.7891504547006747,True,1.0
SYTL2,-0.5,0.25,0.516193733688887,-0.6272885068943297,False,
SYTL3,-0.375,0.0,0.575525537156389,-0.2787961750060677,False,
SYTL4,0.375,0.0,-0.2802700027655634,-0.8711024605243649,False,
SYVN1,-0.5,0.125,0.1049740109152798,0.0625302116563912,False,
SZRD1,0.25,-0.125,0.1406818551014775,-0.093291612798235,False,
SZT2,0.0,-0.125,-0.321429029643272,-0.2580745950780281,False,
TAB1,-0.25,0.375,0.3601303097227039,0.2126111795643253,False,
TAB2,0.25,-0.375,-0.541273996388985,0.5881375309392216,False,
TAB3,0.0,-0.125,-0.0180658176183949,-0.1697379023004104,False,
TACC1,0.75,-0.125,-0.8053488465493985,-0.1917627667731323,True,1.0
TACC2,-0.125,0.0,0.54758558009771,0.0963262818241732,False,
TACC3,-0.125,0.0,0.457545539069957,0.4700511503049811,False,
TACO1,-0.2222222222222223,0.3333333333333332,0.0741456081585226,0.1847848844808215,False,
TACSTD2,0.7333333333333334,-0.1999999999999999,-0.771238597398805,1.2034430848440372,True,1.0
TADA1,0.0,0.1111111111111111,0.0600328714378837,-0.0003965612470713,False,
TADA2A,-0.3333333333333332,-0.2222222222222223,-0.098262567552551,-0.4061560775586357,False,
TADA2B,0.125,-0.125,-0.4240118510793215,0.432078390603734,False,
TADA3,0.0,0.0,0.1981417199561058,-0.0101078931118467,False,
TAF1,0.0,-0.125,-0.151951331950109,-0.4589016830074834,False,
TAF10,-0.125,0.25,0.0152224783640626,0.3090003101049157,False,
TAF11,0.25,-0.125,-0.2318074526751166,0.0290289505007932,False,
TAF12,0.0,0.25,-0.0977254562295625,0.0989811235968756,False,
TAF13,-0.125,0.125,-0.1286815509103157,0.2741971591614871,False,
TAF15,-0.2222222222222223,-0.3333333333333332,0.218063991715682,-0.2042531792605975,False,
TAF1B,0.0,-0.125,-0.2624112505063615,0.2159598927674704,False,
TAF1C,-0.125,0.25,-0.007336736542821,0.0752658621859858,False,
TAF1D,-0.375,-0.25,-0.016317445974429,-0.4205681059980477,False,
TAF2,-0.375,0.0,0.0658198956898999,0.3136529159919514,False,
TAF3,-0.4444444444444444,0.1111111111111111,-0.2773143354099596,-0.0287528683112754,False,
TAF4,0.125,-0.375,-0.2531033157104595,0.2409223200797761,False,
TAF4B,0.25,-0.125,-0.3130683400872249,-0.1024025162400783,False,
TAF5,-0.375,-0.25,0.003721862802446,0.0095723656736717,False,
TAF5L,-0.625,-0.375,0.4175523897634995,0.6096614893187482,False,
TAF6,-0.625,-0.25,0.288585946512252,0.1585671822635694,False,
TAF6L,-0.1111111111111111,0.0,-0.1728590613152685,-0.0706859479958317,False,
TAF7,0.7647058823529411,-0.2941176470588236,-0.414699460471084,-0.2036572418006403,False,
TAF8,0.625,0.0,-0.7479807158997065,0.3176323751945777,False,
TAF9B,-0.7777777777777777,0.1111111111111111,0.348011938554695,-0.1917119551078265,False,
TAGLN,0.0,0.25,0.1049931024173516,0.1168213884979971,False,
TAGLN2,0.0,-0.125,0.247805609174983,0.2037261312061562,False,
TALDO1,-0.5,0.125,0.396042965199524,0.0931246347579102,False,
TAMM41,-0.625,0.25,0.3708965712654145,-0.2386316279142426,False,
TANC1,-0.375,0.25,0.5042914115872881,0.0813232287606249,False,
TANC2,0.625,-0.5,-0.7708093364192985,-0.7318286152727818,False,
TANGO2,-0.125,0.375,-0.0130741303684439,0.4118130258581933,False,
TANGO6,-0.1111111111111111,0.1111111111111111,0.4325097909445825,-0.1795726113272886,False,
TANK,0.375,-0.125,-0.9076733268308076,-0.123704833616872,False,
TAOK1,0.125,-0.375,-0.1268908075785965,0.1985375006476242,False,
TAOK2,-0.25,0.25,0.2813718416903235,0.1114087373846168,False,
TAOK3,0.625,0.25,-0.5346301839051385,-0.0172347259671785,False,
TAP1,0.4666666666666665,0.0666666666666666,-0.258121552252947,0.2858299319394111,False,
TAP2,0.0666666666666666,-0.1999999999999999,0.0838620048739324,-0.5048410601464619,False,
TAPBP,0.25,-0.125,-0.1006294018409857,0.8400184758386211,False,
TAPBPL,0.125,0.125,-0.2927620480224054,-0.0700473644902176,False,
TAPT1,0.125,0.25,-0.251156857379368,-0.3842757463356081,False,
TARBP1,0.125,0.125,-0.2301698059663345,0.3048734787913973,False,
TARBP2,-0.375,0.0,0.3881277066223095,0.0238748400174224,False,
TARDBP,-0.5,-0.125,0.575951410772928,0.3842522073420054,False,
TARS2,-0.625,0.0,0.0471356250166476,-0.3661500991335371,False,
TAS2R14,-0.4666666666666665,0.1999999999999999,0.137104218403718,-0.483811020714922,False,
TASP1,0.125,0.0,-0.5053739380051241,-0.3747321859779204,False,
TATDN1,-0.125,0.125,0.212854210740351,-0.0048969416073307,False,
TATDN2,-0.125,0.0,0.283939172900434,0.3396220558126113,False,
TATDN3,0.25,0.375,-0.4873144672765169,0.1263992393127978,False,
TAX1BP1,-0.125,0.25,0.1136538980916593,0.0132859788108774,False,
TAX1BP3,-0.1764705882352941,0.0588235294117647,-0.0191690022775461,-0.0547985026348873,False,
TBC1D1,0.25,0.0,-0.412405383701026,-0.3904329381730682,False,
TBC1D10A,-0.25,0.125,0.1040747495979962,0.1502120632524151,False,
TBC1D10B,-0.25,0.125,0.7040219761911914,0.0011332588466068,False,
TBC1D12,0.3333333333333332,-0.2222222222222223,-0.244246460080136,-0.0068238888616631,False,
TBC1D13,-0.125,0.125,0.0836665786130333,0.3220795245416761,False,
TBC1D14,0.0,-0.125,0.0371583907837379,0.2945908819204628,False,
TBC1D15,0.25,0.125,-0.5335605613027175,-0.0110946413031216,False,
TBC1D16,0.625,0.125,-0.8681565688492545,0.248903015785904,False,
TBC1D17,0.125,0.0,-0.127419098724605,0.0991444010522961,False,
TBC1D19,0.125,-0.25,0.0178568194782117,-0.2561920026565945,False,
TBC1D2,-0.125,-0.25,0.497564386980918,0.1313451043392168,False,
TBC1D20,0.5,0.125,-0.358790075727276,-0.2002724323567535,False,
TBC1D22A,-0.625,0.625,0.701931155186061,0.0601468932481883,False,
TBC1D23,-0.25,0.0,0.1760583567910105,-0.4645798316653762,False,
TBC1D24,-0.25,0.0,0.3082784891242445,0.5477631956342108,False,
TBC1D25,0.5,-0.5,-0.2578710089016295,0.1316002086558665,False,
TBC1D2B,0.625,-0.25,-0.43912901948815,-0.0325647524179886,False,
TBC1D31,-0.375,0.125,-0.0901192310516948,-0.1185100681352975,False,
TBC1D32,0.0,-0.125,-0.2228815493731672,-0.1620687808507028,False,
TBC1D4,0.25,-0.125,-0.162779304792003,-0.5736822163864779,False,
TBC1D5,0.125,-0.125,-0.4327209973900915,0.0603427494537864,False,
TBC1D7,-0.125,0.25,-0.277148971576328,0.2877961833166629,False,
TBC1D8,0.75,0.25,-0.5624826241001,0.2623594711892676,False,
TBC1D8B,-0.25,0.25,-0.2397764867599285,-0.1919001359865997,False,
TBC1D9,0.0,-0.2222222222222223,-0.0185279709684003,0.2834633416313896,False,
TBC1D9B,0.1111111111111111,-0.1111111111111111,0.1281368930972728,0.6538207322427678,False,
TBCA,0.0,-0.25,0.1205775378275708,0.0999276308396757,False,
TBCB,-0.5,0.125,0.7135339887556175,-0.0330653137648329,False,
TBCC,0.2222222222222223,-0.3333333333333332,-0.286342175456037,-0.4911181707431089,False,
TBCCD1,0.25,-0.125,-0.8832571273800955,-0.1369193961753732,False,
TBCD,-0.5,0.5,0.856090843556084,0.0931612033050908,False,
TBCE,-0.4666666666666665,-0.1999999999999999,0.663718131398518,-0.4986100774359387,False,
TBCEL,0.7333333333333334,-0.0666666666666666,-0.934036673458648,-1.052252699207325,False,
TBCK,0.375,0.0,-0.3213242097234605,-0.1281346304719621,False,
TBK1,0.0,-0.125,-0.2199964024405395,-0.0849093754364029,False,
TBKBP1,0.0666666666666666,0.3333333333333332,-0.0788541303780691,0.8628978669640401,False,
TBL1X,0.125,-0.25,-0.1116024327144921,-0.1938094291423384,False,
TBL1XR1,0.0,0.0,-0.1273186636013402,-0.2946589180008319,False,
TBL2,-0.25,0.125,0.5686538616556576,-0.0054545821892517,False,
TBL3,-0.25,0.375,0.8755685011269956,0.0758126451177321,False,
TBP,0.125,-0.125,-0.1201129029528746,-0.2765170414279252,False,
TBPL1,-0.375,0.0,-0.0458888392153869,-0.2977080630927782,False,
TBRG1,0.875,-0.25,-0.9075017659408176,-0.0369492649952811,True,1.0
TBRG4,0.0,-0.125,0.0327339839400585,0.1965540498185554,False,
TBX15,0.25,0.0,-0.1651440435717175,0.3563400212993297,False,
TBX18,-0.25,-0.375,-0.0875876154274677,0.0953998932529978,False,
TBX19,0.4666666666666665,0.1999999999999999,-0.637151687346885,-0.5343572495136866,False,
TBX3,-0.375,-0.125,0.0591386913231354,0.0586954993187682,False,
TBXA2R,-0.3333333333333332,0.0666666666666666,0.35323453019743,0.2975596063843885,False,
TBXAS1,0.0,0.125,-0.1228018731658692,-0.9171559517879716,False,
TCAIM,0.25,0.125,-0.3095037853469325,-0.0018366187056675,False,
TCEA1,0.0,-0.25,-0.5024137951624614,0.0913497284352349,False,
TCEA2,0.25,0.25,-0.225003940773315,0.1970415469328017,False,
TCEA3,0.25,-0.125,-0.576537043772928,-0.2098016076891662,False,
TCEAL1,0.875,-0.125,-0.8353524335955851,-0.5206818444643166,True,1.0
TCEAL3,0.875,-0.125,-0.486075641503824,0.4437591393052159,True,1.0
TCEAL4,0.875,-0.125,-0.8247338245825985,0.349375916662473,True,1.0
TCEAL8,0.0,0.25,-0.3358311176814434,0.0235380518891923,False,
TCEANC,0.4444444444444444,0.0,-0.4914875726645905,-0.0198038812558771,False,
TCERG1,-0.125,-0.5,0.4541200593198455,-0.2259066252406114,False,
TCF12,0.0,-0.25,-0.339212397388707,-1.2158100974854305,False,
TCF20,-0.5,-0.25,0.5617724853053655,0.4176859586453016,False,
TCF25,-0.375,0.375,0.5891754081187814,-0.0606185092060544,False,
TCF3,-0.5,-0.375,0.757691108660949,0.021906682814889,False,
TCF4,-0.125,0.375,0.1704138173401805,-0.3303841378604515,False,
TCF7,-0.625,0.125,0.299464003956981,-0.5191110659145992,False,
TCF7L1,0.0,-0.2222222222222223,0.0490689630378194,0.6385154111545994,False,
TCF7L2,0.125,0.25,-0.301573898977699,0.1472287587201117,False,
TCFL5,0.0,0.0,0.3689771004764675,0.2392246138207867,False,
TCHP,-0.5,0.0,0.459125856155301,0.1051050182964568,False,
TCIRG1,-0.125,-0.375,0.35786046546704,-0.0368776081205677,False,
TCN2,0.125,0.25,-0.7597506549681655,-0.4955804692737384,False,
TCOF1,-0.375,0.0,0.4122713899671145,-0.1135057606252245,False,
TCP1,-0.75,0.125,0.4976674106111705,-0.1535472748547239,False,
TCP11L1,0.375,0.125,-0.7346038728383231,0.3168513920668894,False,
TCP11L2,0.25,0.125,-0.4137520046348195,0.1733719092487029,False,
TCTN1,0.25,0.25,-0.4558767235861075,-0.1182278880347627,False,
TCTN2,0.0,0.25,-0.0356822250379195,-0.4629544682805175,False,
TCTN3,0.125,0.5,-0.2101057962334745,-0.3194933873021526,False,
TDP1,-0.25,-0.5,0.4286425220495909,-0.1827769615296439,False,
TDP2,0.0,-0.125,-0.2680053933922323,0.2952081680853116,False,
TDRD3,0.125,0.0,-0.5308811191394005,0.1199238501409851,False,
TDRD7,0.2222222222222223,-0.1111111111111111,-0.1942814789736485,0.6200484283540053,False,
TDRKH,0.0,-0.125,0.134091649719028,-0.1529624638834907,False,
TEAD1,0.375,0.125,-0.450662769477694,-0.2482006775116363,False,
TEAD2,-0.5,0.125,0.4691854676610355,0.0610441626427122,False,
TEAD3,-0.125,-0.25,0.0854733951849656,0.4786544824519101,False,
TEAD4,-0.5,0.0,0.8256076952613445,0.5672449074871637,False,
TEC,0.0666666666666666,-0.0666666666666666,-0.230641380622629,-0.3680036666778101,False,
TECPR1,-0.375,0.25,0.237209028880042,0.2043894849870482,False,
TECPR2,0.25,0.0,-0.33273638285141,0.3444804740716791,False,
TECR,-0.25,0.0,0.8121718592996374,0.0662362763940209,False,
TECTA,0.3333333333333332,-0.4666666666666665,-0.337797495212021,-0.8414472565578088,False,
TEF,-0.75,0.0,0.263491900126715,0.218409114249396,False,
TEFM,0.0,0.25,-0.143061269850465,-0.0885192428526682,False,
TELO2,-0.375,-0.125,0.413606877536409,0.7057309250271011,False,
TENM2,-0.0666666666666666,-0.0666666666666666,0.105879227809624,-0.6810384550195794,False,
TENM3,0.0,-0.1111111111111111,-0.452816528582645,-0.4510220334527304,False,
TENM4,0.1999999999999999,-0.0666666666666666,-0.0067663570372004,0.4705045020903244,False,
TEP1,0.375,-0.125,-0.425268405603603,0.0326464523799461,False,
TERF1,-0.125,-0.125,0.1812617635225235,0.0188229250034628,False,
TERF2,0.125,-0.125,-0.0360422250756884,0.413616421177517,False,
TERF2IP,-0.1111111111111111,0.2222222222222223,-0.0423932780632764,1.168237891788114,False,
TES,0.0,-0.25,-0.2036740932193865,-0.0047468303435911,False,
TESK1,0.25,0.0,-0.545278661038022,0.0816059404591529,False,
TET1,-0.1111111111111111,0.0,-0.384008393259217,0.3014113102846851,False,
TET2,0.375,-0.25,-0.4705508165757305,-0.2415211346203873,False,
TET3,-0.125,-0.375,-0.0292950713903753,0.384204044559572,False,
TEX10,-0.375,-0.5,0.273032489221627,-0.4918052773453145,False,
TEX14,-0.1999999999999999,0.1999999999999999,-0.002288670500132,-0.5615003324396223,False,
TEX2,0.5555555555555556,0.2222222222222223,-0.7050658884486141,-0.0406972063994035,False,
TEX22,0.0666666666666666,-0.4666666666666665,-0.186937165289607,0.7418124751710191,False,
TEX261,0.3333333333333332,0.0666666666666666,-0.15549800148262,0.4567873158757476,False,
TEX264,0.875,0.5,-0.389311374026799,0.214393952888551,True,1.0
TEX30,-0.25,0.25,0.0889001283199746,0.1764545435926399,False,
TEX9,0.0,0.375,-0.2282715045710895,-0.2588994127458488,False,
TFAM,-0.25,-0.125,-0.1399309121417405,-0.0249123612697688,False,
TFAP2A,-0.625,-0.125,0.42641550189869,0.4502062795985559,False,
TFAP2E,0.6000000000000001,-0.1999999999999999,-0.390010493588207,0.268127603506713,False,
TFAP4,-0.25,0.125,0.2621772467987669,0.2188133700613925,False,
TFB1M,-0.125,-0.5,-0.0010969646598195,-0.1829970597673926,False,
TFB2M,-0.2222222222222223,0.3333333333333332,0.175966724361896,-0.1748124877327557,False,
TFCP2,-0.375,0.125,0.514440984716633,-0.0731886481506025,False,
TFDP1,-0.25,-0.125,0.5381119331346795,-0.4223729182599134,False,
TFDP2,0.125,0.25,-0.4247391512289105,-0.2027589186614604,False,
TFE3,0.0,-0.375,0.1166982193261294,0.0073348646496049,False,
TFEB,0.0,0.125,-0.0299879283141629,0.328923849771757,False,
TFG,-0.375,0.5,0.319003141569595,-0.042953948741859,False,
TFIP11,0.125,-0.25,-0.0632715131233835,-1.4582261269605523,False,
TFPI,0.125,0.125,-0.1362257734308135,-0.7512382565548248,False,
TFPI2,-0.25,0.0,0.336481247409361,-0.7348187332679128,False,
TFPT,-0.25,-0.125,0.6062881197663954,0.5174893652926819,False,
TFRC,-0.75,-0.125,0.888489782012546,0.2934626857459004,False,
TG,0.8666666666666667,-0.4666666666666665,-0.904907794206927,-0.3765135796205086,False,
TGDS,-0.125,0.375,0.0318584510202753,0.0721155063832919,False,
TGFB1,-0.125,0.0,0.0517127749546331,0.4469446485762667,False,
TGFB1I1,0.125,0.125,-0.0095009769670806,0.1866491174700226,False,
TGFB2,-0.25,-0.25,0.196911059454385,-0.0137734210167737,False,
TGFB3,-0.1111111111111111,0.2222222222222223,0.1290947607019362,-0.2531941593513536,False,
TGFBI,-0.375,0.0,0.460525322968266,-0.5134920264545642,False,
TGFBR1,0.375,-0.125,-0.626603834204279,0.3397935825106182,False,
TGFBR2,0.5,0.0,-0.3863255555085165,-0.1673121450792587,False,
TGFBR3,0.0,0.0,-0.494541542448291,0.033326062619452,False,
TGFBR3L,0.125,0.0,-0.1890915785288275,0.1918020435292844,False,
TGFBRAP1,0.5,-0.375,-0.379770260830986,0.8150494751551953,False,
TGIF1,0.625,-0.5,-0.3421104404160915,0.1972162024177186,False,
TGIF2,-0.125,-0.125,0.594965493550976,-0.7546721482846844,False,
TGM1,0.2941176470588236,0.0588235294117647,-0.355158871349673,0.3692862482801788,False,
TGM2,-0.125,-0.25,0.5263686699904124,-0.213829082532881,False,
TGOLN2,-0.125,-0.25,0.41590349257164,0.0976882156388008,False,
THADA,0.375,0.125,-0.628191596835415,-0.1720928686280642,False,
THAP1,0.3333333333333332,0.0,-0.464680834770967,0.0768233535204037,False,
THAP10,-0.5555555555555556,0.1111111111111111,0.4118340574900195,0.3542602550498415,False,
THAP11,0.0,-0.1111111111111111,-0.2648909413423604,0.4066795234480805,False,
THAP2,0.5555555555555556,0.1111111111111111,-0.6144066566712669,-0.370814485734118,False,
THAP3,0.125,0.25,0.3244756658813345,0.3261081083792967,False,
THAP4,-0.125,0.125,0.2204786167417158,0.0183672546824678,False,
THAP5,0.0666666666666666,0.3333333333333332,-0.60925246568666,0.1279572505947785,False,
THAP6,0.5,0.0,-0.769157178747887,-0.2992220037233348,False,
THAP8,0.25,0.0,-0.4735612489349765,0.0916076276782962,False,
THAP9,0.25,0.125,-0.4729541468023805,-1.637884966478467,False,
THBD,0.0588235294117647,0.1764705882352941,-0.265425335443177,0.3831512589544105,False,
THBS1,-0.25,0.125,0.1775392570905111,0.5599850095809757,False,
THBS2,0.0,0.125,-0.202716709772416,-0.6030664579807672,False,
THBS3,0.375,-0.125,-0.978321647407133,-0.1708642060275531,False,
THBS4,-0.3333333333333332,-0.0666666666666666,-0.0467684405593121,-1.3134678828338786,False,
THEM4,0.25,-0.25,-0.224057034887448,0.1452486963222097,False,
THEMIS2,0.0666666666666666,0.4666666666666665,0.10314502949966,0.0697788461088615,False,
THG1L,0.25,0.125,0.0149280854445093,-0.0025011164143573,False,
THNSL1,0.125,0.25,0.0429948472998364,0.2333704837066488,False,
THOC1,-0.25,-0.125,-0.1405503317461175,-0.414975551962498,False,
THOC2,0.25,-0.125,-0.1110550509049411,-0.7985059193675195,False,
THOC3,-0.25,-0.125,0.7107000337314751,0.5613343632992942,False,
THOC5,-0.5,0.25,0.7084419592840265,-0.0861614118384035,False,
THOC6,-0.375,0.125,-0.2249262993873124,0.4283770188052986,False,
THOC7,0.125,0.125,-0.3195323978575715,0.2861164936503755,False,
THOP1,-0.625,0.125,0.6209415162402445,0.0526928864069891,False,
THRA,0.625,0.5,-0.6994126074136879,0.3550130450240372,False,
THRAP3,-0.5,0.0,0.51130377484352,0.034324740508012,False,
THRB,0.875,0.375,-0.940041899467066,0.9093031420940696,True,1.0
THSD1,-0.3333333333333332,-0.3333333333333332,0.0117403726871933,0.416395867203109,False,
THSD4,0.5,-0.625,-0.209921029932104,0.5605124886007028,False,
THTPA,0.2222222222222223,0.4444444444444444,-0.0434791768910092,-0.007256046300121,False,
THUMPD1,-0.25,0.125,0.0789620672636708,0.0345785645812402,False,
THUMPD2,0.25,-0.125,-0.567260179515116,-0.8491792445819035,False,
THUMPD3,-0.125,0.125,0.1320022507381222,-0.1392366926777257,False,
THY1,-0.25,-0.25,0.5745552762215149,0.1872603283851575,False,
THYN1,0.0,0.25,-0.0960523713152787,0.1391799460789065,False,
TIA1,0.0,-0.25,-0.2189701930306025,-0.7815108211760817,False,
TIAL1,-0.125,0.25,0.0492323857859316,-0.1547677468969595,False,
TIAM1,-0.375,-0.125,0.2301257689205765,-0.8868019983164714,False,
TIAM2,0.625,-0.25,-0.6823899142002714,-0.514437488513722,False,
TICAM1,-0.375,-0.125,0.420685333482378,0.1721184048257407,False,
TICAM2,-0.1999999999999999,0.0666666666666666,0.456829214402959,-0.2204021142072898,False,
TICRR,-0.5,0.0,0.609234082367392,-0.2177266554067358,False,
TIFA,-0.125,0.0,-0.0482370215171875,0.0736197950163406,False,
TIGAR,0.0666666666666666,0.0666666666666666,-0.0540435014636053,0.2859703127623221,False,
TIGD1,-0.3333333333333332,0.2222222222222223,0.089613245775613,-0.1628737781121514,False,
TIGD2,-0.2222222222222223,0.3333333333333332,0.1662894807512659,0.1456919783895567,False,
TIGD5,0.3333333333333332,-0.2222222222222223,-0.1408471461279825,1.392502568209995,False,
TIGD7,0.375,0.0,-0.5980617528441066,0.2762971837986319,False,
TIMELESS,-0.125,-0.125,0.584155831633841,0.2441981439513902,False,
TIMM10,-0.3333333333333332,0.0,0.329041243659837,-0.4282431418674191,False,
TIMM10B,0.0666666666666666,0.0666666666666666,-0.214594366248278,0.996910036111253,False,
TIMM13,-0.3333333333333332,0.2222222222222223,0.6461425372891555,0.3863083350445193,False,
TIMM17A,-0.625,0.0,0.373426606942109,0.0042227352727453,False,
TIMM17B,-0.375,0.0,0.2686111453294519,-0.1219499334405838,False,
TIMM21,-0.625,0.125,0.220653699497154,-0.1548555755573124,False,
TIMM22,-0.2941176470588236,0.1764705882352941,0.476398165590727,0.1692065026361664,False,
TIMM23,-0.3333333333333332,0.0,0.268312018826282,0.3365316281134928,False,
TIMM44,0.1111111111111111,-0.2222222222222223,-0.0585065400200404,-0.1309278326621452,False,
TIMM50,-0.5,0.25,0.4936267864178575,0.3909741939450661,False,
TIMM8A,-0.4444444444444444,0.3333333333333332,0.4341376731750965,-0.0664945387868318,False,
TIMM8B,-0.25,0.25,0.1388394270578335,-0.0221073170832606,False,
TIMM9,0.0,0.375,0.1216072160907655,0.1773990268320852,False,
TIMMDC1,0.0,0.375,-0.164549801762367,0.220889350323798,False,
TIMP1,0.25,0.125,-0.260920111182977,-0.0379579520005104,False,
TIMP2,0.5,0.125,-0.2985906207356675,0.1770485957184493,False,
TIMP3,0.25,0.25,-0.0877001376701465,-0.0482072394116448,False,
TINAGL1,0.1999999999999999,-0.3333333333333332,0.211039272811705,-0.1435182699316985,False,
TINF2,0.3333333333333332,0.2222222222222223,-0.386489686689863,0.1679001495984766,False,
TIPARP,0.0,-0.125,-0.1449414147726345,-0.026165937235651,False,
TIPIN,-0.625,0.0,0.1774180023711476,0.1470908922029985,False,
TIPRL,0.5,0.125,-0.3307440955818716,-0.1663014707614527,False,
TIRAP,-0.25,0.25,0.0496373192045046,-0.0412011020938631,False,
TJAP1,0.25,-0.375,-0.61654768033271,0.2885346787376228,False,
TJP1,-0.5,0.0,0.292055086734221,0.091354433849025,False,
TJP2,-0.0666666666666666,-0.6000000000000001,0.151396528570416,-0.3696091628617965,False,
TK1,-0.375,0.125,0.6647442302961355,-0.7436401344505118,False,
TK2,0.25,0.25,-0.6279891604642225,-0.0086258144797133,False,
TKT,-0.5,0.25,0.796795791787095,-0.2087875228532891,False,
TLCD1,-0.0666666666666666,0.1999999999999999,-0.0890127535584385,0.2558870760597762,False,
TLCD2,0.625,-0.125,-0.939360910023009,0.8762480517123612,False,
TLE1,0.375,-0.5,-0.188920629245727,0.4573145407309607,False,
TLE2,0.6000000000000001,-0.0666666666666666,-0.903499622526525,0.6632715744243438,False,
TLE3,-0.5,0.25,0.203300366141467,0.1036199605649441,False,
TLE4,0.5,-0.5,-0.2604323183739925,0.0182120206765441,False,
TLK1,0.25,0.125,-0.2466667835836464,0.3940233541237097,False,
TLK2,0.0,-0.5,-0.0088589884007444,-0.2157156825448911,False,
TLL1,0.0,0.1111111111111111,-0.3064929592618728,0.7831937783579772,False,
TLL2,0.25,-0.25,0.2690900831059465,0.092709550288367,False,
TLN1,-0.125,0.0,0.2940963289778475,0.0402441325248448,False,
TLN2,0.25,0.375,-0.162936310732793,-0.7345200089390573,False,
TLR1,0.1111111111111111,0.3333333333333332,-0.2622281663377175,-0.3861931565156815,False,
TLR2,0.3333333333333332,0.0666666666666666,-0.753813218639274,0.1745654329739977,False,
TLR3,0.25,-0.25,-0.491108895311431,-0.2194312034991872,False,
TLR4,0.3333333333333332,-0.0666666666666666,-0.347794653299856,-0.7001555605732688,False,
TLR5,-0.6000000000000001,0.0666666666666666,-0.0910035343053837,-0.0024333059102921,False,
TM2D1,0.5,0.125,-0.7834905118465945,-0.134542345445658,False,
TM2D2,0.375,0.25,-0.363771104718288,-0.1348891542035493,False,
TM2D3,0.625,0.625,-0.5202729194566225,-0.1117137214501204,False,
TM4SF1,-0.875,-0.375,0.555896200557894,-0.6270618027004327,True,-1.0
TM4SF18,-0.375,0.125,0.891007712703865,-0.0770247308610053,False,
TM7SF2,-0.3333333333333332,0.1999999999999999,0.143597818623924,0.5509202692394495,False,
TM7SF3,0.0,0.125,0.2088616054707515,0.2866891034341734,False,
TM9SF1,-0.1764705882352941,-0.5294117647058822,0.072392540484402,0.1795081834307632,False,
TM9SF2,-0.125,0.125,-0.266919268096887,-0.1933930561551093,False,
TM9SF3,0.125,0.375,-0.5841478619557735,0.3091307596349049,False,
TM9SF4,0.0,-0.125,-0.4516299108511969,-0.0388365237007251,False,
TMA16,-0.75,0.125,0.0751775684877369,-0.0352757859161356,False,
TMBIM1,0.75,-0.5,-0.7118847552296594,-0.0373778984188932,False,
TMBIM4,0.625,0.25,-0.541796865529665,-0.2698633773116734,False,
TMBIM6,0.375,-0.125,-0.2395963574622536,-0.1145078992121906,False,
TMC6,-0.4666666666666665,0.1999999999999999,-0.0265775603642395,1.058375409533847,False,
TMC7,0.0,-0.125,-0.16846092598609,-0.1354279363363693,False,
TMCC1,0.0,0.25,0.0242431976714218,-0.2099096021828186,False,
TMCC2,-0.6000000000000001,0.0666666666666666,0.130863158693377,-0.448355373885694,False,
TMCO1,0.25,0.25,-0.2503769074567755,-0.3572576900031281,False,
TMCO3,0.125,-0.25,-0.697116455755438,-0.5651224374008907,False,
TMCO4,0.375,-0.375,0.1053148129956619,-0.4022447850218338,False,
TMCO6,0.125,-0.25,-0.5469238909652165,0.2560401207427181,False,
TMED1,-0.1111111111111111,-0.2222222222222223,0.411733459489619,-0.0342102193997186,False,
TMED10,0.1111111111111111,0.0,-0.4831114469898345,0.2975802560674867,False,
TMED2,-0.125,0.25,-0.0939655128690875,-0.2142523427302627,False,
TMED3,-0.125,0.625,-0.0520040689752077,-0.113449494066661,False,
TMED4,-0.375,0.125,0.0045005487254997,-0.3121935589685898,False,
TMED5,0.25,-0.5,-0.6292711022387281,0.3039636132056551,False,
TMED9,-0.625,0.125,0.616140687015885,0.0693099540176283,False,
TMEFF1,-0.1999999999999999,-0.6000000000000001,-0.115884458012889,0.9404875546241692,False,
TMEM100,0.6000000000000001,0.6000000000000001,-0.995871949185967,-0.2908999397644163,False,
TMEM101,-0.375,0.125,0.0767874409906883,0.0900860613938552,False,
TMEM102,0.25,-0.25,0.2112122535375445,-0.555173120415982,False,
TMEM106A,-0.2222222222222223,0.1111111111111111,0.392989273251645,0.1729398949416181,False,
TMEM106B,-0.25,0.125,-0.1650209669601725,0.2681705847786397,False,
TMEM106C,-0.5,0.125,0.2333313675826984,-0.173802282822054,False,
TMEM107,-0.25,0.0,0.2192795251460875,-0.2186313866379565,False,
TMEM108,-0.0666666666666666,0.0666666666666666,0.145498722955778,-0.2313171112364254,False,
TMEM109,0.125,0.0,0.225665752003482,0.1493926449760705,False,
TMEM11,-0.125,0.5,0.117526197214809,0.3162502606959445,False,
TMEM115,0.1111111111111111,0.0,-0.0270333957587234,-0.071207333921845,False,
TMEM116,0.5,0.25,-0.588195601550676,-0.1411206241824594,False,
TMEM117,0.0,0.125,-0.1007686442856514,-0.1155481745309106,False,
TMEM119,0.25,-0.125,-0.5161401502073639,0.2245129923980016,False,
TMEM120A,0.75,0.125,-0.2984287310719274,0.4287380616525835,False,
TMEM120B,-0.25,0.0,0.3738495565320154,0.0399346949767807,False,
TMEM121,0.0666666666666666,0.3333333333333332,0.0974456052959033,0.6412536388022856,False,
TMEM123,0.375,-0.125,-0.4332678966882125,-0.4825060402814716,False,
TMEM126A,0.0,0.4444444444444444,0.0364907727947995,0.1230385260000244,False,
TMEM126B,0.5,0.5,-0.389839425449072,-0.1339560860333617,False,
TMEM127,-0.125,0.125,-0.1665531831708664,0.1427239038749665,False,
TMEM128,0.25,-0.125,-0.366000676514185,-0.0620861106570065,False,
TMEM129,0.0,0.5,-0.1155418887364713,0.6183133724158485,False,
TMEM130,-0.0666666666666666,-0.3333333333333332,-0.0552567600491212,0.7788323604036813,False,
TMEM131,-0.125,0.125,-0.3072155169719359,0.3112372177035154,False,
TMEM132A,-0.375,0.0,0.632750624719074,0.4843654966277702,False,
TMEM132B,-0.4666666666666665,0.6000000000000001,0.510122235923267,0.256667981628871,False,
TMEM134,-0.1111111111111111,-0.1111111111111111,-0.138947599691137,0.0931277911626713,False,
TMEM135,0.25,0.125,-0.3417278032741635,-0.0696039311187952,False,
TMEM138,-0.125,0.375,0.0918472237639935,-0.3629080588229842,False,
TMEM140,0.4444444444444444,-0.1111111111111111,-0.413255682390366,-0.3965718108740033,False,
TMEM141,-0.5294117647058822,0.0588235294117647,0.431524478822719,0.1049921453196005,False,
TMEM143,0.0,0.125,-0.4771315694578054,0.0731686628132255,False,
TMEM144,0.25,-0.125,-0.3759410640823615,0.0061916940599076,False,
TMEM14A,-0.3333333333333332,0.2222222222222223,0.086040121045548,0.4763500514159118,False,
TMEM14B,-0.375,0.0,0.083130215698495,0.259930507638991,False,
TMEM14C,0.4444444444444444,-0.2222222222222223,-0.4640824271343254,0.2788783510876107,False,
TMEM150A,0.375,0.25,-0.554516718255884,-0.1103401613269285,False,
TMEM150C,0.2941176470588236,0.1764705882352941,-0.239899256316224,1.468225372094732,False,
TMEM154,0.25,-0.125,0.0682741039642529,0.3918633562164821,False,
TMEM156,-0.375,-0.375,0.268234583733488,0.5005628024331141,False,
TMEM158,-0.1111111111111111,0.0,0.2212377801328025,0.5570846793175204,False,
TMEM160,-0.2222222222222223,-0.2222222222222223,0.293237387725353,-0.3974667682222703,False,
TMEM161A,-0.125,0.125,0.606646243952664,0.1149778403973766,False,
TMEM161B,0.125,0.25,-0.2565666913114355,-0.1857652031105143,False,
TMEM164,0.125,-0.125,-0.2561157821726375,0.4427090032789573,False,
TMEM165,0.5,0.125,-0.6117750424659235,-0.0180236194729852,False,
TMEM167A,-0.125,0.375,-0.2859839411795655,-0.0491995836871286,False,
TMEM167B,0.4444444444444444,-0.1111111111111111,-0.7792146792074666,-0.2446407284168272,False,
TMEM168,0.25,0.0,-0.5021644689092435,0.0910456806371087,False,
TMEM17,0.375,0.125,-0.352967429641935,0.391794835717933,False,
TMEM170A,-0.1999999999999999,-0.1999999999999999,0.0071017861919387,0.1582111455004042,False,
TMEM170B,0.0,0.1111111111111111,-0.1155889060803686,-0.3443045205369206,False,
TMEM171,0.375,-0.25,-0.3334467058293265,-0.252862229989707,False,
TMEM177,-0.125,0.125,0.5852003651857685,0.7303126504909239,False,
TMEM178A,0.6000000000000001,0.1999999999999999,-0.677699812146896,0.0655325153086652,False,
TMEM178B,0.375,-0.25,-0.3876547508407529,0.1772253915650261,False,
TMEM179B,0.25,0.25,-0.16584045141043,0.1908672343358373,False,
TMEM18,0.125,0.375,0.0244463277631069,0.2123713782003369,False,
TMEM181,0.375,0.0,-0.4731278149700085,-0.0238999830016124,False,
TMEM182,0.1999999999999999,-0.0666666666666666,-0.469716588393897,-0.3429881804112785,False,
TMEM183A,-0.125,0.125,0.1852528350770175,0.4485415121567389,False,
TMEM184A,0.0666666666666666,-0.1999999999999999,0.0645363559718526,0.2986838527716018,False,
TMEM184B,-0.125,0.125,0.1724763891080928,-0.2398992815414784,False,
TMEM184C,0.5555555555555556,0.1111111111111111,-0.666328094955597,-0.0691751105059497,False,
TMEM185A,0.5555555555555556,-0.3333333333333332,-0.4051244541400385,-0.6276778653997666,False,
TMEM185B,0.3333333333333332,-0.4444444444444444,-0.2185980643884515,0.5615584370542934,False,
TMEM186,-0.1111111111111111,0.2222222222222223,0.033084300582101,0.1832374054983971,False,
TMEM187,0.3333333333333332,0.4444444444444444,-0.1108046397555295,0.617526672690903,False,
TMEM19,0.25,0.0,-0.3596369767302418,0.0446294004509919,False,
TMEM192,-0.125,0.0,0.1798770023887015,0.0944256144458792,False,
TMEM198,0.1999999999999999,0.7333333333333334,0.0528775953139333,0.2101471180415162,False,
TMEM199,-0.125,0.0,0.1482329514336157,0.2563071809558184,False,
TMEM200A,-0.625,0.125,0.8570250255257601,-0.1774509337037473,False,
TMEM200B,0.1111111111111111,-0.1111111111111111,-0.5130435955179995,0.7264123286609396,False,
TMEM201,-0.375,0.0,0.562048343788593,0.5087638529049885,False,
TMEM203,-0.2222222222222223,0.2222222222222223,0.236910368280065,0.6136173559831724,False,
TMEM209,0.125,-0.125,-0.2358900104518475,-0.3503982144568991,False,
TMEM214,0.25,0.0,-0.306235938889784,0.2105595384783452,False,
TMEM216,0.375,0.125,-0.8833710705967734,0.5068051805735188,False,
TMEM217,-0.0666666666666666,-0.3333333333333332,-0.0459322291824913,0.2421066487314185,False,
TMEM218,0.0,0.125,-0.265214274694564,-0.1185388599739907,False,
TMEM219,0.25,0.25,-0.2331179134214825,-0.2905277343434305,False,
TMEM220,0.3333333333333332,0.1111111111111111,-0.6329964846988635,0.41203907139357,False,
TMEM222,0.5,0.0,0.0094307735574209,0.3008187656728185,False,
TMEM223,-0.2222222222222223,0.0,0.2207232313165975,0.3333348695307176,False,
TMEM229B,0.1764705882352941,0.1764705882352941,-0.0441422901237811,-0.1988273167942134,False,
TMEM230,0.125,0.375,-0.2315452264668679,0.178021346886549,False,
TMEM231,-0.25,0.0,0.080511963421379,-0.1646408617221153,False,
TMEM232,0.0666666666666666,0.0666666666666666,-0.132196042888225,-0.4637847826138919,False,
TMEM234,-0.375,0.5,0.295626113485827,-0.1688148979500547,False,
TMEM237,-0.125,-0.125,-0.1543454794070335,-0.16661051042581,False,
TMEM241,-0.375,0.0,0.1083476973871514,-0.1158663016165766,False,
TMEM242,0.25,-0.125,-0.306386335042906,-0.0672208140635142,False,
TMEM243,-0.125,0.25,-0.1330286349643948,0.2632918861231288,False,
TMEM245,0.125,0.125,0.1384651451019275,-0.3756489659996975,False,
TMEM248,0.25,0.125,-0.3151742311019825,0.1340168282043694,False,
TMEM25,-0.3333333333333332,0.0666666666666666,0.327388936915119,0.1041357800144507,False,
TMEM254,0.25,0.375,-0.0459031623371586,-0.0379448931893922,False,
TMEM255A,-0.1999999999999999,0.0666666666666666,0.0047128685756031,-0.5064395049003331,False,
TMEM256,-0.5294117647058822,0.0588235294117647,0.440217492209254,-0.0075438487268052,False,
TMEM258,0.125,0.5,0.22559993938116,0.5217033046063904,False,
TMEM259,0.25,-0.125,-0.3186141788497385,0.3372678868899212,False,
TMEM260,0.25,0.375,-0.5950112837976276,-0.601561997740601,False,
TMEM30A,-0.625,0.25,0.394919912140162,-0.4629543263796489,False,
TMEM33,0.125,-0.125,-0.2609067654962885,-0.6464949540419234,False,
TMEM37,-0.25,0.375,0.287387151789877,0.4960888388250961,False,
TMEM38B,0.125,0.125,-0.482067906445951,0.1098656032905989,False,
TMEM39A,-0.125,0.125,0.1615859687535965,0.1021371510526414,False,
TMEM39B,0.0,0.125,0.39334196756198,-0.2288470626350034,False,
TMEM41A,0.375,-0.25,-0.0853314918712865,0.1592661738662473,False,
TMEM41B,-0.375,0.25,0.295803178878229,-0.3126378000775403,False,
TMEM42,0.411764705882353,0.0588235294117647,-0.610499684323829,0.629110779062038,False,
TMEM43,0.4444444444444444,-0.2222222222222223,-0.5842610351118654,-0.0840343531890788,False,
TMEM44,0.125,0.0,-0.355617159301317,-0.013775623427481,False,
TMEM45A,0.5,0.0,-0.5372308955223626,0.3085179362288506,False,
TMEM47,-0.1111111111111111,0.2222222222222223,-0.232646815859367,0.1531036505656935,False,
TMEM50A,0.375,-0.5,-0.342763747493123,-0.1452884053473018,False,
TMEM50B,0.5,0.25,-0.7513979765397175,0.4779552584221473,False,
TMEM51,0.125,-0.375,0.194475281461198,0.5450981131869407,False,
TMEM53,-0.375,0.375,-0.0409364287655406,0.2923149137633847,False,
TMEM54,0.375,-0.125,-0.325626496241515,0.6852293646379821,False,
TMEM59,0.5,0.25,-0.79592296168571,0.0666144552106056,False,
TMEM60,0.2222222222222223,-0.2222222222222223,-0.258723020232873,0.0294497195001155,False,
TMEM62,0.2222222222222223,-0.4444444444444444,-0.356668336738091,0.224277633517282,False,
TMEM63A,0.25,0.125,-0.3184691543947585,-0.0271990195017366,False,
TMEM63B,-0.25,-0.125,0.2289286213348835,0.0118370723610479,False,
TMEM64,0.5,0.0,-0.400443428786323,0.4244118157259344,False,
TMEM65,-0.3333333333333332,-0.2222222222222223,0.275909110385471,0.1046777213117939,False,
TMEM67,-0.25,0.25,-0.0052867106983021,-0.0233379298986413,False,
TMEM68,0.125,-0.25,-0.2108110744199134,0.0921990548028439,False,
TMEM69,0.0,0.0,-0.040425412824461,-0.2494715512885205,False,
TMEM70,0.25,0.375,-0.100841541344399,0.5132205643208518,False,
TMEM71,-0.125,-0.375,0.1738690594658996,-1.1731520405373523,False,
TMEM80,0.6000000000000001,0.6000000000000001,-0.542556096889388,0.055603909840328,False,
TMEM86A,0.2941176470588236,0.2941176470588236,-0.0401394828396374,-0.1356787607300558,False,
TMEM87A,0.375,-0.25,-0.6803720951404499,-0.3057238501769719,False,
TMEM87B,0.0,-0.25,0.173088824785823,0.1080674612900205,False,
TMEM8B,0.125,0.375,0.0444121667092324,0.3639660687198858,False,
TMEM9,-0.625,0.25,0.465647943344581,0.3663355354833695,False,
TMEM92,-0.125,0.0,0.3157863419341989,0.225039877004096,False,
TMEM97,-0.5,0.125,0.5263301702684595,0.3204164898071684,False,
TMEM98,0.5,0.125,-0.280361738289532,1.0598084902599365,False,
TMEM9B,0.375,0.125,-0.537332697131909,0.4823868696017883,False,
TMF1,-0.25,-0.125,-0.334677923077186,0.1391487837332028,False,
TMIE,0.3333333333333332,-0.1999999999999999,-0.25766545483477,-0.8461980206482254,False,
TMLHE,-0.125,0.0,0.0611673706047932,0.146101180365672,False,
TMOD2,0.125,-0.375,-0.269431756261386,-0.3670687361782421,False,
TMOD3,0.125,-0.25,-0.0593700590414077,0.1214959408044018,False,
TMPO,-0.5,-0.125,0.588891396746713,-0.2780897428742821,False,
TMPRSS5,0.4666666666666665,0.1999999999999999,-0.560923545353934,0.2207157302249451,False,
TMSB10,0.0,0.0,0.3417922441758945,0.6865760487585573,False,
TMSB15A,-0.7647058823529411,0.1764705882352941,0.649353339730857,-0.5112120417500572,True,-1.0
TMSB4X,-0.125,0.0,0.4306415966477105,-0.3070743608875388,False,
TMTC2,-0.1764705882352941,0.5294117647058822,0.118842588048378,-0.1203466408619498,False,
TMTC4,-0.625,0.0,0.278112219937089,0.066668119005472,False,
TMUB1,-0.375,0.25,0.5269087749758555,0.5558029529645152,False,
TMX1,-0.125,0.0,0.0268700534129761,-0.0136254316861355,False,
TMX3,0.0,-0.125,-0.5066679085166039,-0.0136453903140743,False,
TMX4,0.5555555555555556,0.1111111111111111,-0.714709939434089,0.3812099217979412,False,
TNC,0.0,-0.25,0.1900023424173434,-0.7591009158830233,False,
TNFAIP1,-0.25,-0.25,0.1274206224198351,0.1798625481920428,False,
TNFAIP2,0.0,-0.125,0.0472519347378449,0.173930541392119,False,
TNFAIP3,0.25,0.125,-0.6350226980178515,0.0246904227937498,False,
TNFAIP6,0.2222222222222223,0.1111111111111111,-0.3544141779453465,-0.2693958669379948,False,
TNFAIP8,-0.2222222222222223,-0.1111111111111111,-0.1300200967518622,0.3219710887677776,False,
TNFAIP8L1,-0.3333333333333332,0.1111111111111111,0.353198489178565,0.3529986124227029,False,
TNFAIP8L3,0.7777777777777777,-0.2222222222222223,-1.029401204593275,0.1137166928644299,False,
TNFRSF10A,0.125,0.0,0.0859407300135494,0.3972247363446846,False,
TNFRSF10B,0.0,-0.5,-0.1511702797084826,-0.1978762072820925,False,
TNFRSF10C,-0.0666666666666666,0.4666666666666665,-0.10218788376777,-0.4821941223080285,False,
TNFRSF10D,-0.4444444444444444,-0.1111111111111111,0.3050640408848775,0.1574375514826016,False,
TNFRSF11B,0.1111111111111111,-0.5555555555555556,0.1926478630091125,0.3599606679534188,False,
TNFRSF12A,0.0,-0.375,0.2043010798163875,0.1117859373258873,False,
TNFRSF13C,-0.125,-0.25,0.1585884019311549,1.1358267959180088,False,
TNFRSF14,-0.25,0.0,0.060854039499572,0.3796101721834688,False,
TNFRSF19,-0.25,0.125,0.190115676564144,0.1995191269720284,False,
TNFRSF1A,-0.1111111111111111,0.4444444444444444,0.375506398110591,-0.4036994407282259,False,
TNFRSF21,-0.2222222222222223,0.1111111111111111,0.1498040320228179,0.1408268206807985,False,
TNFSF10,0.375,0.375,-0.279235499124262,-0.4574125057359928,False,
TNFSF13B,0.0666666666666666,-0.0666666666666666,-0.236731612647352,-0.8211925068844281,False,
TNFSF15,-0.1764705882352941,-0.2941176470588236,-0.0894433813665089,-0.3975367627916586,False,
TNFSF4,0.5,-0.375,-0.1505754415257258,-0.1559398978107375,False,
TNFSF9,-0.2222222222222223,-0.3333333333333332,0.298841176075892,-0.002821039822531,False,
TNIK,-0.4666666666666665,-0.0666666666666666,0.35587457472808,-0.9304917990872504,False,
TNIP1,0.0,0.125,-0.2550133115968855,-0.3300084623789208,False,
TNIP2,0.125,0.0,-0.0284013596618225,1.102489756982281,False,
TNK2,-0.375,-0.25,0.545796632546412,0.1553171600693135,False,
TNKS,0.2222222222222223,-0.1111111111111111,-0.18623017890386,-0.3298218529572723,False,
TNKS1BP1,0.375,-0.125,-0.3663378140508709,0.0829647264258084,False,
TNKS2,0.2222222222222223,0.0,-0.1564225915957569,-0.1997121061340726,False,
TNNT1,-0.6000000000000001,-0.4666666666666665,0.725786594788074,-0.011088390647219,False,
TNPO1,0.375,0.0,-0.7518062081887571,0.1243084508116174,False,
TNPO2,0.0,0.0,0.0467747775171016,0.2103962696898347,False,
TNPO3,0.0,-0.5,0.0326185990205865,0.0544581996611048,False,
TNRC18,0.125,0.0,-0.2485795660889415,-0.2177380972044975,False,
TNRC6A,-0.125,-0.125,-0.202511300395616,-0.120824703622496,False,
TNRC6B,0.125,-0.25,-0.3027481671739406,-0.7032612065058066,False,
TNRC6C,0.25,-0.125,-0.2301706501934695,0.0520735041132014,False,
TNS1,0.375,0.0,-0.352624279983406,-0.3552510865311191,False,
TNS3,0.875,0.0,-0.836140475587555,-0.1852199985696949,True,1.0
TNXB,-0.4666666666666665,0.1999999999999999,-0.0718371391653459,-0.2043845343316137,False,
TOB1,0.5555555555555556,0.3333333333333332,-0.6921851879388605,0.4050733648007325,False,
TOB2,0.0,0.4444444444444444,-0.4162894402851764,-0.0090482423092441,False,
TOLLIP,0.375,0.375,-0.326115727386007,0.7610760243419561,False,
TOM1,0.375,0.125,-0.3184305420491415,-0.2770437107562258,False,
TOM1L1,0.375,-0.25,-0.258606347087286,-0.0830613372511592,False,
TOM1L2,0.0,0.125,0.302881843328692,-0.047612736637598,False,
TOMM20,-0.25,0.125,0.392144597960705,0.3496021895641767,False,
TOMM22,-0.5555555555555556,0.4444444444444444,0.6946579000013875,-0.0151930665249671,False,
TOMM34,-0.1111111111111111,-0.3333333333333332,0.369446667892414,0.0903982837817207,False,
TOMM40,-0.625,0.0,0.814450217831472,0.0472734864679247,False,
TOMM40L,-0.25,0.0,0.397071738491941,-0.2266693365705268,False,
TOMM7,-0.25,0.5,0.2070881905120385,-0.1114979380938123,False,
TONSL,-0.375,0.0,0.5786328815308195,0.5795476540327247,False,
TOP1,0.2222222222222223,-0.2222222222222223,-0.103399685140654,-0.0805793096426774,False,
TOP1MT,-0.625,0.125,0.6423257645556415,0.1821019726359805,False,
TOP2A,-0.25,-0.125,0.407889783287691,-0.3912718883759756,False,
TOP2B,-0.75,0.0,0.5815516584167885,0.0846178824913987,False,
TOP3A,-0.5,0.0,0.323266123843215,-0.3072697640569599,False,
TOP3B,-0.25,-0.125,0.1135771861855769,0.0588006387646138,False,
TOPBP1,-0.5,-0.125,0.2789253375154445,-0.0532048052809983,False,
TOPORS,0.0,-0.1111111111111111,-0.0096667527207541,-0.4624865902600426,False,
TOR1A,0.0,-0.125,0.421955193881946,0.0136077749754155,False,
TOR1AIP1,0.5,-0.125,-0.981790096973038,-0.1838684204681508,False,
TOR1AIP2,-0.125,0.25,0.08587083578797,0.2153281903096735,False,
TOR1B,0.125,-0.125,-0.167244891584247,0.4017329464881549,False,
TOR2A,-0.375,0.125,0.1385731916055897,0.1034071483655703,False,
TOR3A,-0.25,0.125,0.0017516734418119,0.1477970145246456,False,
TOR4A,-0.1111111111111111,-0.1111111111111111,0.2333607709412865,-0.0414120397737192,False,
TOX2,-0.375,0.0,-0.0805931055950461,0.1757144273286162,False,
TOX4,-0.0666666666666666,0.0666666666666666,-0.0883022584516558,-0.4333175542368526,False,
TP53,-0.5,-0.125,0.2100097448242605,-0.0626749356175426,False,
TP53BP1,-0.375,0.25,0.0919600694658892,-0.2255994559208836,False,
TP53BP2,0.375,-0.375,-0.333944238365196,0.0256894855891287,False,
TP53I11,0.375,-0.375,0.2107600860570292,0.9746760263465536,False,
TP53I13,-0.125,0.5,0.2511431273515505,0.105060857816378,False,
TP53I3,0.5,-0.125,-0.3950212479106955,0.2478249419662597,False,
TP53INP1,0.5,-0.25,-0.5178411736946276,0.2645258600476339,False,
TP53INP2,0.625,0.125,-0.403752330477526,0.346497219933273,False,
TP53RK,0.4444444444444444,-0.1111111111111111,-0.198472678285396,-0.0985131131295045,False,
TP63,0.4666666666666665,-0.0666666666666666,-0.238990240334701,0.1910750036825839,False,
TPBG,0.1111111111111111,-0.2222222222222223,0.091596917417621,-0.1410879483063833,False,
TPCN1,0.0,0.125,0.087835409040107,-0.1627028969723123,False,
TPCN2,0.125,-0.25,-0.0237885086400682,0.0969169179999998,False,
TPD52,0.0666666666666666,-0.0666666666666666,0.241549375179611,-0.1800838341803499,False,
TPD52L1,0.3333333333333332,0.0666666666666666,-0.253464574479447,-0.7260462710063331,False,
TPD52L2,-0.375,0.25,0.4081283223013635,-0.0476645597004319,False,
TPGS1,0.2941176470588236,0.1764705882352941,0.406937271688007,0.0776617436326718,False,
TPGS2,-0.5,-0.5,0.6513827131307646,0.3554396272688347,False,
TPI1,-0.375,0.375,0.4701588582517485,0.1122926312498102,False,
TPK1,-0.125,0.125,-0.0111493371903732,0.2200110840789171,False,
TPM1,-0.375,-0.375,0.501005894134875,0.1599283174314067,False,
TPM2,-0.125,0.25,0.2800325906124895,0.1555489305757271,False,
TPM3,-0.375,-0.25,0.479749048353725,-0.1018071650778691,False,
TPM4,0.625,-0.375,0.0185916700301796,0.1325799451285334,False,
TPMT,0.2222222222222223,-0.3333333333333332,0.0518633617531572,0.2463774931794895,False,
TPP1,0.375,-0.25,-0.4936609265215935,-0.1102321686023062,False,
TPP2,-0.375,0.5,0.35011987293599,-0.0118186067623669,False,
TPPP3,-0.1999999999999999,0.0666666666666666,0.450625973921092,-0.2012870018333548,False,
TPR,-0.125,0.0,-0.372601285339135,-0.1344922271207793,False,
TPRA1,0.25,0.0,-0.0320836237377993,0.32850935863837,False,
TPRG1L,0.25,0.0,-0.4270364325708535,0.1186489597744198,False,
TPRKB,-0.25,0.0,0.3732751101663125,0.0679551997123759,False,
TPRN,0.0,0.375,0.0071059954768733,-0.0146400448311134,False,
TPST1,0.25,0.25,-0.478323680895465,0.4345936721345413,False,
TPST2,-0.125,-0.25,0.4478372640030369,-0.4159949622965464,False,
TPT1,0.625,0.125,-0.3838242823541745,0.3142777638134522,False,
TPX2,-0.125,-0.25,0.4527206534282419,-0.3295330526064171,False,
TRA2A,-0.375,-0.125,0.7385091365860185,-0.1530901196020657,False,
TRA2B,-0.375,-0.375,0.6255491352454134,-0.1839628815324454,False,
TRABD,-0.5,0.25,0.4467007432784445,0.4987295227571993,False,
TRABD2A,0.0,0.0,0.2035644331098278,-0.5090435341061599,False,
TRABD2B,0.5,-0.125,-0.776362385184767,-0.2205821537037628,False,
TRADD,0.625,0.0,-0.4086288560095605,0.5110185674223766,False,
TRAF1,0.375,-0.25,-0.6322912000404359,-0.1686606903171337,False,
TRAF2,-0.375,0.0,0.5071406248382415,0.1281688312881872,False,
TRAF3,0.125,-0.5,-0.047407302982767,-0.0093616840156163,False,
TRAF3IP1,0.0,0.0,-0.1306210634881004,0.1914442512603726,False,
TRAF3IP2,0.25,-0.5,0.0820664765646651,-0.3145143330225881,False,
TRAF4,-0.25,-0.125,0.551536248156527,0.3796757887688535,False,
TRAF5,0.0,0.125,-0.1443324869066096,-0.0604487686969907,False,
TRAF6,0.375,-0.125,-0.6509543395444379,0.0552211956766317,False,
TRAF7,-0.5,0.0,0.488828957134276,0.6554245736404019,False,
TRAFD1,0.25,0.0,-0.1581426127944185,0.2318760626574119,False,
TRAIP,-0.3333333333333332,0.2222222222222223,0.539336585975618,-0.1368187022458702,False,
TRAK1,-0.375,0.0,0.6870974383394925,0.0780836793538002,False,
TRAK2,0.5,0.0,-0.728182202145663,-0.0141191487032483,False,
TRAM1,0.4444444444444444,0.1111111111111111,-1.010333893441335,0.0258082052771282,False,
TRAM1L1,-0.0588235294117647,0.1764705882352941,-0.0574506382017766,0.147448241062976,False,
TRAM2,0.0,-0.1111111111111111,0.1157345291343594,0.6176036740567894,False,
TRANK1,0.25,0.0,-0.3383874804774055,0.0292260867641087,False,
TRAP1,-0.125,0.0,0.7687380457312996,-0.2792898306796982,False,
TRAPPC10,0.125,-0.25,-0.0738688511016088,0.6571913903753805,False,
TRAPPC11,0.375,0.125,-0.6173232208926095,0.0581564468249288,False,
TRAPPC12,0.125,0.25,0.01225183220263,0.0852979901018931,False,
TRAPPC13,-0.25,0.0,-0.2440063741006505,-0.2317644857568344,False,
TRAPPC2,0.0,0.0,0.1337795587822534,-0.0383090700100408,False,
TRAPPC2L,0.25,0.375,-0.0840285734308108,0.0490685315061492,False,
TRAPPC3,0.125,0.375,0.0954910028110281,-0.1211223389330986,False,
TRAPPC4,-0.3333333333333332,0.4444444444444444,0.313509166865711,0.2096010728280908,False,
TRAPPC5,0.2941176470588236,0.5294117647058822,0.0533375787875817,0.4698797387747833,False,
TRAPPC6A,0.25,0.375,-0.1247477486110715,0.0778713658396855,False,
TRAPPC6B,0.375,0.125,-0.4585709706104045,-0.3141885085866787,False,
TRAPPC8,-0.25,-0.25,-0.2493984690487585,-0.0790909728000266,False,
TRAPPC9,0.125,0.25,-0.3898101687740305,-0.2094609556122693,False,
TRDMT1,-0.625,0.25,0.4551961233875264,0.0848888562907634,False,
TRERF1,-0.75,-0.25,0.687000495532696,0.3142316293126885,False,
TRIAP1,-0.2222222222222223,0.1111111111111111,0.176967668318858,-0.1807877481316957,False,
TRIB1,0.1111111111111111,-0.1111111111111111,0.0322103376500104,0.1928582801512464,False,
TRIB2,0.25,0.375,-0.271791956287875,0.1121764607077615,False,
TRIB3,0.0,-0.25,-0.346824222558623,0.0432954436204906,False,
TRIM11,-0.625,-0.375,0.67070641207505,-0.22908868900675,False,
TRIM13,0.375,0.25,-0.480007413346837,0.6811521447706376,False,
TRIM14,-0.375,-0.25,0.21680499434856,0.9927714147021198,False,
TRIM16,-0.25,-0.125,-0.104180231099421,-0.0416382775544734,False,
TRIM2,-0.125,0.375,-0.1973873322898255,-0.239159017184146,False,
TRIM21,0.125,-0.375,-0.1397661737781835,-0.1918156164118949,False,
TRIM22,0.625,-0.375,-0.1336080493127689,-0.2666253507399214,False,
TRIM23,0.125,0.0,-0.4597998286907725,-0.0127376756041628,False,
TRIM24,-0.5,0.0,0.2442324713800708,0.1433990269679004,False,
TRIM25,0.25,-0.375,0.0017744956530832,-0.5807328627344814,False,
TRIM26,0.1111111111111111,0.0,-0.0823844428415399,-0.0649123513772744,False,
TRIM27,0.1999999999999999,0.1999999999999999,-0.265962789863543,-0.0159716477980333,False,
TRIM28,-0.75,0.125,0.6084340753678465,0.0137853524299349,False,
TRIM3,0.0,0.5,-0.0097216946704035,-0.0803859805659081,False,
TRIM33,0.0,-0.375,-0.134277914386964,0.3097460505909057,False,
TRIM35,0.625,-0.375,-0.717466888609532,-0.0523652256272453,False,
TRIM37,-0.25,-0.25,0.0477860602602156,0.1750724295112227,False,
TRIM38,0.625,-0.25,-0.882795810344464,-0.629038510738305,False,
TRIM39,-0.3333333333333332,0.1999999999999999,-0.0815199831155161,0.3745506137061065,False,
TRIM4,0.875,0.0,-0.415518689306072,0.2546035384553526,True,1.0
TRIM41,-0.25,0.125,-0.024448176008871,-0.2314365744642881,False,
TRIM44,0.3333333333333332,-0.4444444444444444,-0.181343617676659,0.4008935574006378,False,
TRIM45,0.25,0.0,-0.442838011854074,0.2569351323550077,False,
TRIM46,-0.1999999999999999,-0.0666666666666666,0.00586486366278,0.2008368518805483,False,
TRIM47,0.6666666666666667,-0.1111111111111111,-0.237691792849949,-0.0869376138985131,False,
TRIM5,-0.25,-0.25,0.3486706107815674,-0.1631990478870193,False,
TRIM52,0.4444444444444444,0.1111111111111111,-0.734798753528995,-0.0418934249719178,False,
TRIM56,0.5,-0.375,-0.6584519620302365,0.6237231256126863,False,
TRIM59,-0.4444444444444444,0.1111111111111111,0.1899878043522815,-0.4274760873950479,False,
TRIM6,-0.6000000000000001,-0.0666666666666666,0.408211178259961,-0.542355253681643,False,
TRIM62,0.125,0.25,0.0122424801438256,0.3347116271765733,False,
TRIM65,0.375,-0.125,-0.344664226559209,0.5209308990633497,False,
TRIM66,0.5,0.0,-0.615703447903856,-1.1985725799248383,False,
TRIM68,0.375,0.25,-0.7602891758624195,0.0854245025517781,False,
TRIM69,0.375,-0.125,-0.57649092598307,-0.3755276621773378,False,
TRIM7,0.25,-0.125,-0.191919198419987,-0.5566931457011117,False,
TRIM8,0.25,-0.125,-0.1209449707409341,-0.0820614351099116,False,
TRIM9,0.3333333333333332,0.1999999999999999,-0.304017941214479,0.2427305768446359,False,
TRIO,0.25,-0.125,-0.1176007672898717,-0.0608264556322275,False,
TRIOBP,-0.375,-0.125,-0.0502009756870266,-0.2391040304737131,False,
TRIP10,0.5,-0.125,-0.8311899478851466,0.05679975381499,False,
TRIP11,0.0,0.0,-0.5343351462858815,-0.2480265302072792,False,
TRIP12,0.125,-0.125,-0.416387896371948,0.1171295486336756,False,
TRIP13,-0.25,0.0,0.402073592261532,-0.1188683953193581,False,
TRIP4,0.375,-0.25,-0.1591692576076707,-0.820672040466509,False,
TRIP6,-0.75,-0.25,0.754673670578388,0.0689050881432167,False,
TRIQK,0.25,0.25,-0.490423984449622,0.0960343538424726,False,
TRIT1,0.0,0.0,0.1597329118369812,-0.2268225820698155,False,
TRMT10A,-0.25,0.125,0.0768290328861965,-0.2170306556273176,False,
TRMT10B,0.25,-0.125,-0.279244614951078,0.4201126533815478,False,
TRMT10C,-0.1111111111111111,0.0,0.0173872507566292,-0.1905492788511937,False,
TRMT11,-0.375,0.0,0.212037378235056,-0.7092267028326997,False,
TRMT112,-0.3333333333333332,0.4444444444444444,0.2610824888350355,0.2811388181583869,False,
TRMT12,-0.3333333333333332,0.3333333333333332,-0.0108328907172393,-0.0637485337643355,False,
TRMT1L,0.125,-0.25,-0.647043576818643,-0.0213411318491596,False,
TRMT2A,0.0,0.5,0.1624018122503831,0.4793659117148476,False,
TRMT2B,-0.75,0.375,0.555725536188663,0.2252607075202004,False,
TRMT44,-0.125,0.0,0.244912836601168,0.3167614149956159,False,
TRMT5,0.2222222222222223,-0.1111111111111111,-0.5633559548490075,0.5280311152698559,False,
TRMT6,-0.125,-0.25,0.0192269240037425,0.0111841051675278,False,
TRMT61A,0.0,0.125,0.112894431073253,-0.6602806537864963,False,
TRMT61B,0.0,0.125,-0.205820016919087,0.0693033169249668,False,
TRMU,0.0,0.0,0.1656962696920129,0.3593731266610094,False,
TRNAU1AP,0.0,0.2222222222222223,0.1603561940223985,-0.1394934721789611,False,
TRNP1,0.4444444444444444,-0.3333333333333332,-0.7993617946545135,1.144795413314862,False,
TRNT1,0.25,0.0,-0.4225656871575944,0.3363544260381021,False,
TRO,-0.5,0.25,0.002499013188313,-0.0214382351571955,False,
TROAP,-0.25,-0.125,0.4131020533218055,0.056131405412295,False,
TRPC1,0.25,-0.375,-0.677812312483495,-0.1173967551150809,False,
TRPC4,-0.5,0.0,0.847825704556912,-0.7320879490093912,False,
TRPC4AP,0.125,-0.125,0.2613898540432064,-0.4697789567995902,False,
TRPM4,0.375,0.0,-0.1645324978232825,0.2065496483565359,False,
TRPM7,0.25,-0.125,-0.5520045393485244,0.1194667835240437,False,
TRPS1,0.375,-0.125,-0.5874514748518436,0.1442225332952698,False,
TRPT1,-0.375,0.5,0.1654279261067724,0.2132146361975639,False,
TRPV1,0.4666666666666665,0.0666666666666666,-0.481019880897096,0.2550334299245749,False,
TRPV2,-0.375,0.125,0.58640369981666,-0.3916388416615937,False,
TRPV3,-0.4666666666666665,-0.3333333333333332,0.216733144002765,0.9952803546551352,False,
TRRAP,0.125,-0.25,-0.029438206292147,0.2810754740671042,False,
TRUB1,-0.1111111111111111,-0.2222222222222223,-0.173038274947155,-0.4538274920980667,False,
TRUB2,-0.5,0.0,0.451276497773121,-0.0713778235166342,False,
TSC1,0.25,0.0,-0.4325535539287525,-0.0132521144239357,False,
TSC2,0.25,0.25,-0.2935355290990245,-0.2692747416440901,False,
TSC22D1,-0.125,0.25,-0.1225714794835814,-0.1118861692762669,False,
TSC22D2,-0.375,0.25,0.5297604666554729,0.038554954863549,False,
TSC22D3,0.875,0.5,-1.0209492070198651,0.3952927012352161,True,1.0
TSC22D4,0.3333333333333332,0.0,-0.010405161506923,0.2793472447640241,False,
TSEN15,-0.125,0.125,0.0547491713826021,-0.5061384503269033,False,
TSEN2,0.125,-0.25,-0.1583223065253515,0.3609982014468622,False,
TSEN34,-0.25,0.375,0.679471904285933,-0.0408580547026673,False,
TSEN54,-0.125,-0.25,0.4357731130143915,0.9266647182595036,False,
TSFM,-0.3333333333333332,-0.0666666666666666,0.228014424469761,0.0905265814350577,False,
TSG101,0.0,0.25,-0.1345047205238286,-0.2423044594350991,False,
TSGA10,0.1999999999999999,0.1999999999999999,0.185956031130779,-0.0993331183391239,False,
TSHZ1,0.25,-0.125,-0.140559704142657,-0.4283101169081116,False,
TSHZ3,-0.1111111111111111,-0.3333333333333332,-0.0400985186393755,0.5107350972976219,False,
TSKU,0.4444444444444444,0.0,-0.51267143085911,0.3103688605333312,False,
TSN,-0.375,-0.125,0.0904567754736316,0.3109324183607551,False,
TSNARE1,0.625,0.125,-0.3469914932362224,0.8575430941040345,False,
TSNAX,0.0666666666666666,0.1999999999999999,-0.0330010204474532,-0.2467856619830591,False,
TSNAXIP1,0.6000000000000001,0.1999999999999999,-0.391790420976585,0.0752829987657146,False,
TSPAN10,0.375,0.125,-0.0853388210396056,-0.5822631461773442,False,
TSPAN11,0.3333333333333332,0.3333333333333332,-0.0595094833609151,0.4580180552855821,False,
TSPAN12,0.1764705882352941,0.0588235294117647,-0.270796130642013,-0.0381899746894054,False,
TSPAN13,-0.411764705882353,-0.1764705882352941,0.576452645409533,-0.1222653127304977,False,
TSPAN14,0.25,0.0,0.2924027381184405,-0.024304936710668,False,
TSPAN15,0.6000000000000001,-0.4666666666666665,0.0042377947888986,0.3880371734910177,False,
TSPAN17,0.0,-0.25,0.2201863708344785,0.1971155116115821,False,
TSPAN18,0.3333333333333332,0.0666666666666666,0.0555333927975242,-0.2036994318354201,False,
TSPAN2,0.4666666666666665,-0.0666666666666666,0.0588548374274127,-0.4924184144483916,False,
TSPAN3,0.0,0.5,-0.4804652981223825,-0.0644949315130931,False,
TSPAN31,0.75,-0.25,-0.379223631588275,0.1403863847744517,False,
TSPAN33,0.0666666666666666,-0.1999999999999999,0.133929786366131,0.5181321324087675,False,
TSPAN4,0.125,0.25,-0.0098044647024617,0.091198419224685,False,
TSPAN5,0.0,-0.3333333333333332,-0.317837790406202,-0.1238080752813388,False,
TSPAN6,0.25,0.375,-0.162321931668207,-0.4594179490101795,False,
TSPAN9,0.125,0.25,-0.0704687894549586,0.1099533651170583,False,
TSPO,0.0,0.25,-0.0093074233676614,0.4189711423949203,False,
TSPYL1,0.1111111111111111,-0.1111111111111111,0.0633212176529103,-0.0217752514275635,False,
TSPYL2,0.0,0.25,-0.338493197962579,0.0233622679281477,False,
TSPYL4,0.125,0.125,-0.1143741380742267,-0.67314260582957,False,
TSPYL5,0.375,0.0,-0.1175949632593977,-0.1346856617839258,False,
TSR1,-0.5,-0.25,0.6012479603580655,0.4369361001580185,False,
TSR2,-0.1111111111111111,-0.1111111111111111,0.0364641750555598,-0.2301685557297894,False,
TSR3,-0.1111111111111111,0.4444444444444444,0.335252890291976,0.1943987265300301,False,
TSSC4,-0.375,0.625,0.146458406988284,0.2059551203103899,False,
TST,-0.375,0.625,0.600960874005847,0.3422280951115566,False,
TSTD2,0.5,-0.125,-0.4315563498376454,0.0904360254953169,False,
TSTD3,-0.1764705882352941,0.1764705882352941,-0.106615951394788,-0.0805287455099224,False,
TTBK2,0.375,-0.25,-0.4095119968607504,0.0494159600234787,False,
TTC1,-0.375,0.125,0.3857728552408345,-0.5460274148114925,False,
TTC12,-0.375,-0.125,-0.1497807472916228,0.3376700776925729,False,
TTC13,0.0,0.0,0.1619618041720265,0.1076681345907308,False,
TTC14,0.5,-0.125,-0.6365145100979405,-0.1185521103247189,False,
TTC17,0.5,0.0,-0.5125357709230375,-0.1337873616754681,False,
TTC21A,0.1999999999999999,0.3333333333333332,-0.349496152706839,-0.3633222727608849,False,
TTC21B,-0.125,0.125,-0.457902547368548,0.1044723923084962,False,
TTC23,0.5,-0.125,-0.763272015931647,-0.1606725695419864,False,
TTC27,-0.375,-0.125,0.3140138692961784,-0.2768587364508894,False,
TTC28,0.125,0.125,-0.1850049192579633,-0.2494419863826853,False,
TTC3,0.0,0.0,-0.319167577860743,-0.6762195717036615,False,
TTC31,-0.25,0.125,0.5019955902983095,-1.6576291283677178,False,
TTC32,0.3333333333333332,-0.2222222222222223,-0.5184481012536135,0.0404487708993719,False,
TTC33,0.375,0.0,-0.73486918230031,-0.1850756089336203,False,
TTC38,0.375,0.125,-0.2256979558194575,0.1766237385145723,False,
TTC39B,0.625,-0.25,-0.8414265780878465,0.2238233025854787,False,
TTC39C,0.125,-0.125,-0.206609309099852,-0.3869711969651623,False,
TTC4,-0.1999999999999999,-0.1999999999999999,0.0805204436629951,0.0369740983582751,False,
TTC5,0.0,-0.125,-0.155806790443701,-0.2157889873705889,False,
TTC7A,-0.125,-0.375,-0.118803698496658,0.1633880049951095,False,
TTC7B,-0.375,-0.25,0.276153791053676,-0.1211705916557126,False,
TTC8,0.0,0.0,0.0971978459907566,-0.1071308406084656,False,
TTC9C,-0.5,0.125,0.517627906902311,-0.2875934402164533,False,
TTF1,-0.625,-0.25,0.3484006114049575,0.0127529590219945,False,
TTF2,-0.125,-0.5,0.52534445635622,-0.5504766515001394,False,
TTI1,-0.375,-0.375,0.382801439911764,-0.5887285882077067,False,
TTI2,0.0,0.0,0.010093508202263,-0.7518199912767889,False,
TTK,-0.375,0.0,0.329762912206923,0.2377843544770876,False,
TTL,0.2222222222222223,-0.5555555555555556,-0.0014562091364863,0.3894186743068828,False,
TTLL1,0.25,0.125,-0.2639707222959275,-0.0602046293816882,False,
TTLL11,0.75,-0.25,-0.634669691855736,0.3459979526632613,False,
TTLL12,-0.375,-0.125,0.6685296089714605,0.5962089735134573,False,
TTLL3,0.375,0.125,-0.499798946996357,0.237319891706079,False,
TTLL4,0.125,-0.375,0.352874111604312,-0.1421360923263281,False,
TTLL5,-0.625,0.25,0.4011261203924889,-0.9150681947155554,False,
TTLL7,-0.125,-0.25,-0.3614292396537535,-1.0150364810436154,False,
TTPA,-0.4666666666666665,0.6000000000000001,0.290666279658739,0.0395932726585226,False,
TTPAL,0.375,0.0,-0.2414490863012815,0.5987266136236671,False,
TTYH2,-0.0666666666666666,0.0666666666666666,0.124528215027009,-0.1380109130386663,False,
TTYH3,-0.125,-0.125,0.0212842401056571,-0.1280464018152529,False,
TUB,-0.3333333333333332,0.4444444444444444,0.265676289795361,0.506004429225769,False,
TUBA1A,-0.625,-0.375,0.5842739375180245,-0.3533258699447787,False,
TUBA1B,-0.375,-0.125,0.5279138982571195,0.1443300838964396,False,
TUBA1C,-0.5,-0.5,0.5757817006349345,0.1031032220498446,False,
TUBA4A,-0.625,0.25,0.8005860844541025,-0.5121395917888649,False,
TUBB,-0.3333333333333332,-0.6000000000000001,0.4562438706155,0.3154606351872,False,
TUBB2A,0.0,0.0,-0.1754208247099924,0.3810962927936632,False,
TUBB2B,0.7333333333333334,-0.3333333333333332,-0.276793624257771,0.2592898142850404,False,
TUBB3,-0.6470588235294117,-0.411764705882353,0.697187954305824,0.1212657970218171,False,
TUBB4B,-0.5555555555555556,-0.4444444444444444,0.533934763089249,0.0908351832934717,False,
TUBB6,-0.125,-0.625,0.3695914136445595,0.387439901765561,False,
TUBD1,0.0,0.25,-0.28063084635447,0.0053396993179948,False,
TUBE1,-0.125,-0.25,-0.387437761431798,-0.4119099800352883,False,
TUBG2,-0.1111111111111111,-0.2222222222222223,-0.0216343085134194,0.4540366335308943,False,
TUBGCP2,-0.5,0.125,0.328487026260499,-0.1056301976467559,False,
TUBGCP3,-0.375,-0.125,0.1168981512403359,-0.1193353596269641,False,
TUBGCP4,-0.5,0.125,0.1970238934355387,0.706885138409131,False,
TUBGCP5,0.0,-0.2222222222222223,-0.230873910251636,0.176257131246265,False,
TUBGCP6,0.25,0.25,-0.0458917953156296,0.15721250198157,False,
TUFT1,-0.5,-0.125,0.4854877557434894,-0.3566914948773765,False,
TULP3,-0.375,-0.25,0.2053691673355593,-0.2169353825499569,False,
TULP4,0.25,-0.125,-0.3399230854858825,-1.2015086020882944,False,
TUSC1,-0.1111111111111111,0.2222222222222223,0.178189330891862,-0.0440823772052776,False,
TUSC2,-0.375,0.25,0.260876273401354,0.222652877270965,False,
TUSC3,-0.125,-0.25,0.3092232825094345,-0.0057951690366033,False,
TUT1,-0.0666666666666666,-0.4666666666666665,0.087403517010452,-0.0992638661997853,False,
TVP23B,0.0,0.125,0.1959430202032535,0.3588351054821093,False,
TVP23C,-0.0666666666666666,-0.0666666666666666,0.0154116448289817,0.5215476252895993,False,
TWF1,0.0,0.25,0.3170871955469669,0.2492408998310762,False,
TWF2,-0.625,0.25,0.6574248587101605,0.1403670197115722,False,
TWIST2,0.2222222222222223,-0.1111111111111111,-0.2529895711604625,0.2807909969936175,False,
TWSG1,0.375,-0.125,-0.627008436279916,0.1112825742727476,False,
TXLNA,0.0,0.5,-0.210683849364149,0.409634589945981,False,
TXLNB,0.25,0.375,-0.2169398359904895,-0.6867660701848715,False,
TXLNG,0.125,0.125,-0.1025050889379323,-0.2411882181194271,False,
TXN,-0.25,-0.25,0.380814222909423,0.3155602326082869,False,
TXN2,-0.25,0.5,0.3222531556450995,0.138896423461877,False,
TXNDC11,0.25,0.25,-0.608693204379744,0.2043398833642173,False,
TXNDC12,0.125,-0.25,-0.1220803458038924,-0.1923743949698297,False,
TXNDC15,0.375,0.25,-0.484938117373854,-0.1578677229791401,False,
TXNDC17,-0.125,0.375,0.1059139109273664,-0.38959033960752,False,
TXNDC5,-0.2941176470588236,0.1764705882352941,0.463571574416888,0.6327597471324022,False,
TXNDC9,0.25,-0.125,0.0438501315691735,0.0874612441603708,False,
TXNIP,0.3333333333333332,-0.1111111111111111,-0.409129658660937,0.1179196617482207,False,
TXNL1,-0.375,-0.125,0.3663798413370814,0.0174236304468671,False,
TXNL4A,-0.125,0.0,0.3433901926423089,0.44722612264583,False,
TXNL4B,0.0,-0.4444444444444444,-0.203489876682198,-0.276493126869334,False,
TXNRD1,-0.5,-0.375,0.383098142822468,-0.3410936598936729,False,
TXNRD2,0.0,0.0,0.0434442695544187,0.130067136872547,False,
TXNRD3,0.25,0.125,-0.4200193435970315,-0.1188160201418837,False,
TYK2,0.125,0.125,-0.3142724304996045,0.0393813230375772,False,
TYMP,0.6000000000000001,0.0666666666666666,-0.864393177879227,1.5974386013397226,False,
TYMS,-0.25,-0.125,0.3508071208805535,0.1341913102368817,False,
TYRO3,-0.25,0.0,0.1786290394844665,0.6746280961408708,False,
TYSND1,0.125,0.0,-0.3533027277771959,0.0141557216476955,False,
TYW1,-0.125,0.125,0.0261070869437417,-0.1772936223420957,False,
TYW1B,0.0,-0.2222222222222223,-0.01668585010797,0.1435852607063767,False,
TYW5,0.25,-0.375,-0.568142451339942,-0.1955387754123476,False,
U2AF1,-0.3333333333333332,-0.0666666666666666,0.128359299062345,1.2717356703020382,False,
U2AF2,-0.25,0.0,0.152520881363566,-0.0642843225647564,False,
U2SURP,-0.25,-0.25,0.2495481530289875,-0.3703584579570549,False,
UACA,-0.25,0.125,-0.3102111313377464,-0.2917465642581103,False,
UAP1,0.125,-0.375,-0.0980484149443279,0.3338524849856887,False,
UAP1L1,0.125,0.0,-0.0934110432546373,0.7040905134687794,False,
UBA1,0.125,-0.625,0.533209861603295,-0.1421327933967173,False,
UBA2,0.0,-0.375,-0.1720243010963495,0.0819521849195901,False,
UBA3,0.0,-0.25,-0.0681939907657641,0.2520713418942275,False,
UBA5,-0.375,0.5,0.4094946198755185,0.1242928913939707,False,
UBA52,0.3333333333333332,0.3333333333333332,-0.2119709498094455,0.5640173197059202,False,
UBA6,-0.5,0.125,0.418276910895015,0.1692922946596571,False,
UBA7,0.25,-0.125,0.0518707939489972,-0.7246718097747741,False,
UBAC1,-0.3333333333333332,0.2222222222222223,0.327852982252823,0.634167275258068,False,
UBAC2,0.375,0.0,-0.579426214528681,-0.5794103250564544,False,
UBALD1,0.0,-0.125,0.1337405453226132,0.4608668036614416,False,
UBALD2,0.1111111111111111,0.0,-0.2494252514079645,0.0270183133971375,False,
UBAP1,0.5,-0.375,-0.4063807296413639,-0.5446627639052082,False,
UBAP2,0.125,-0.125,-0.1479630717113845,-0.5214744031585168,False,
UBAP2L,0.125,-0.25,0.0260066748530467,-0.2000948922284928,False,
UBASH3B,-0.5,0.25,0.828451393700451,-0.1605005404760153,False,
UBB,-0.625,0.25,0.7421310062620385,-0.0435808930140071,False,
UBC,0.875,-0.25,-0.4504804649873219,-0.3081305992304703,False,
UBE2A,0.25,-0.5,0.0969164596593479,0.0998877969090261,False,
UBE2B,0.5555555555555556,-0.4444444444444444,-0.7385980908201955,0.0503595826808107,False,
UBE2C,-0.25,-0.125,0.3469858401126725,-0.4462613114281608,False,
UBE2D1,0.25,-0.125,-0.2671652483075249,0.1696811836410348,False,
UBE2D2,0.0,0.125,-0.1388710644791951,0.417259631231587,False,
UBE2D3,0.25,-0.375,-0.075427632386745,0.0435303405017779,False,
UBE2D4,0.375,0.0,-0.2719031318382265,0.5033491565270714,False,
UBE2E1,0.375,-0.125,-0.4893519192930959,-0.0870156569688007,False,
UBE2E2,0.625,-0.375,-0.3330679357033065,0.4033730484100442,False,
UBE2E3,-0.25,0.125,0.132595461691229,0.3158414906442734,False,
UBE2F,0.3333333333333332,-0.0666666666666666,-0.0162541967191571,0.1520774474292001,False,
UBE2G1,-0.375,-0.25,0.4584339579117424,-0.0050361241155396,False,
UBE2G2,0.5,-0.125,-0.3997067854759735,0.7300568800142049,False,
UBE2H,0.625,0.125,-0.5417639621789481,-0.10144326380995,False,
UBE2I,-0.25,0.125,0.4176588646563834,0.3359470662423152,False,
UBE2J1,0.2222222222222223,0.2222222222222223,-0.342759184690805,0.4749892677724516,False,
UBE2J2,0.0,-0.25,0.0277953301087264,0.0391463848546855,False,
UBE2K,-0.375,-0.125,0.6381516144041555,0.1724673391743705,False,
UBE2L3,-0.25,-0.25,0.5948453830785195,-0.0220690646243306,False,
UBE2L6,0.125,-0.25,0.0685932199477994,0.1591652385315844,False,
UBE2M,-0.1111111111111111,-0.2222222222222223,0.573086712801245,0.0485699331324029,False,
UBE2N,-0.25,-0.375,0.387623903930561,0.2171475069224993,False,
UBE2O,-0.25,0.0,0.5730697161588121,0.3707999661434165,False,
UBE2Q1,0.375,0.375,-0.483973976305297,0.1860098272190065,False,
UBE2Q2,0.75,-0.125,-1.055201003084595,-0.0375648867448219,False,
UBE2R2,0.3333333333333332,-0.3333333333333332,-0.139456303639958,-0.1591952412423105,False,
UBE2S,-0.375,-0.125,0.6580912107486989,0.1878786482100252,False,
UBE2T,-0.375,-0.25,0.7350291324644276,0.1342918404210129,False,
UBE2V1,-0.0666666666666666,-0.1999999999999999,0.0258848920254435,-0.2094700650561054,False,
UBE2V2,-0.125,0.0,0.1383260469110295,0.339544813832453,False,
UBE2W,0.0666666666666666,-0.0666666666666666,-0.263285576910761,0.035082411826532,False,
UBE2Z,0.25,-0.25,-0.153868676035838,0.0155480280528856,False,
UBE3A,0.125,-0.125,0.0174935965732401,0.6535645580285512,False,
UBE3B,0.5,-0.125,-0.380292547480496,-0.670773778274939,False,
UBE3C,-0.375,0.0,0.3013421970922375,0.1716573695942247,False,
UBE3D,-0.5,0.125,0.2081065618947045,0.0119886186065054,False,
UBE4A,-0.125,0.125,0.0022798582020158,0.3310803586740349,False,
UBE4B,-0.25,0.0,0.0886624856608478,-0.0994919854109248,False,
UBIAD1,0.125,0.25,-0.1273659563601206,0.0564029374063288,False,
UBL3,0.375,0.125,-0.6878820329764045,0.255644901159072,False,
UBL4A,0.125,-0.125,-0.1665672836469975,0.9758334691131316,False,
UBL7,-0.2941176470588236,0.0588235294117647,0.530120775276344,-0.2094308658136388,False,
UBLCP1,0.0,0.2222222222222223,0.0600247886161225,0.2970155912410148,False,
UBN1,-0.125,0.25,-0.1073760305921995,0.1101143814198142,False,
UBN2,0.375,0.0,-0.4912597564847345,0.0532866275929819,False,
UBOX5,0.125,-0.125,-0.0410493755017965,-0.2026578668375307,False,
UBP1,-0.25,-0.375,0.413387185779967,0.0624239500505878,False,
UBQLN1,0.125,-0.625,0.302058619901889,-0.0416817376369087,False,
UBQLN2,0.4444444444444444,-0.1111111111111111,0.1353126666629595,-0.1046150660900047,False,
UBQLN4,-0.1111111111111111,-0.1111111111111111,0.0628376997061787,0.0459683692590808,False,
UBR1,0.125,-0.5,-0.1745977305038454,-0.5077142343892393,False,
UBR2,0.125,0.0,-0.6080874738562976,0.0005138048744677,False,
UBR3,0.375,0.125,-0.772503418530173,-0.0777076484805281,False,
UBR4,0.375,-0.375,-0.4950861686094909,0.2496980007988223,False,
UBR5,-0.125,-0.125,0.204868595835033,-0.0085447803140401,False,
UBR7,-0.5,0.375,0.0410927197643695,-0.0549308759733726,False,
UBTD2,0.5555555555555556,-0.2222222222222223,-0.6223500472882124,0.1461904431045346,False,
UBTF,0.125,0.0,-0.144655626043995,0.383182269438088,False,
UBXN1,-0.375,0.5,0.0712813977650762,-0.074953265941307,False,
UBXN11,-0.375,-0.125,0.3750224786731585,-0.5725474800571557,False,
UBXN2A,0.375,-0.5,-0.5837173815307906,0.3888153008761186,False,
UBXN2B,0.25,-0.125,-0.2509738829384855,0.4115496540730821,False,
UBXN4,0.5,-0.125,-0.600058661858957,0.0415932846004198,False,
UBXN6,0.0,0.375,0.2470719813607255,-0.1371335356011669,False,
UBXN7,0.125,-0.25,-0.467279495202511,0.3307022732786917,False,
UBXN8,0.5,-0.25,-0.380197905280235,-0.4054746162250369,False,
UCHL1,-0.1999999999999999,0.0666666666666666,0.16733336765363,0.2517648710084033,False,
UCHL3,-0.625,-0.125,0.3228854448796815,-0.5443232191500305,False,
UCHL5,-0.125,-0.375,0.1212956170905376,-0.1720868814689047,False,
UCK1,0.375,0.25,-0.2773242626726629,0.266913660062626,False,
UCK2,-0.5,-0.375,0.6226402812967444,-0.2620020967305594,False,
UCKL1,0.375,-0.125,-0.3443675997744689,0.4809554482651448,False,
UCN,0.5,-0.5,-0.7059153561000939,0.1294396451948097,False,
UCN2,0.2941176470588236,-0.2941176470588236,-0.104627725800334,0.0471829890723527,False,
UCP2,-0.3333333333333332,-0.3333333333333332,0.498992125346745,-0.0181883796151263,False,
UCP3,0.0666666666666666,0.0666666666666666,0.101100888631396,-0.0717153244233224,False,
UEVLD,0.375,0.0,-0.6823057405333119,0.063611342235812,False,
UFC1,0.625,0.75,-0.16988376440509,-0.1974602321782315,False,
UFL1,0.25,-0.125,-0.8751396486867424,0.0938733013760551,False,
UFM1,0.125,0.125,-0.4907336128042605,-0.0563646818836871,False,
UFSP1,0.375,0.0,0.0787849379590913,0.4116814702531441,False,
UFSP2,0.0,0.375,-0.3291717673659765,-0.3443206718285059,False,
UGCG,-0.625,-0.625,0.620868765545702,-0.0992364753589551,False,
UGDH,-0.25,-0.25,0.238358531976975,0.0111885096886554,False,
UGGT1,-0.75,0.0,0.346418972490247,0.0360232383600607,False,
UGGT2,-0.125,0.125,-0.2798917715244566,0.3349496536637169,False,
UGP2,0.625,-0.125,-0.3383674820496215,0.2946035726267038,False,
UHMK1,0.125,-0.5,-0.179207599770364,0.3566072093618955,False,
UHRF1,-0.3333333333333332,0.2222222222222223,0.453954192349816,-0.2434234120171421,False,
UHRF2,0.0,-0.125,-0.6086893912924205,-0.4413845685827842,False,
UIMC1,-0.25,0.125,-0.1000082042174132,0.1327190041853065,False,
ULBP1,0.6470588235294117,-0.411764705882353,-0.752138731037682,0.1467133617094638,False,
ULBP2,-0.1111111111111111,0.1111111111111111,0.1532396343213524,-0.20349751973075,False,
ULBP3,-0.5,-0.25,0.8031878394943615,0.240075449672378,False,
ULK1,-0.25,0.0,0.1564367756171167,0.2358807670368508,False,
ULK2,0.625,-0.375,-0.768378769928683,0.7625401618980492,False,
ULK3,0.625,-0.125,-0.6480778206557685,0.4068973057708738,False,
ULK4,0.25,0.0,-0.3023503071114885,-0.1412806340120638,False,
UMPS,0.0,-0.25,0.2745720096528284,0.3699969199932857,False,
UNC119,-0.3333333333333332,0.0666666666666666,0.29126177621508,0.2004238285388639,False,
UNC119B,0.0,0.25,-0.2239226845416562,0.1825061504995713,False,
UNC13B,0.5,-0.125,-0.6410631087719221,-0.331422392517199,False,
UNC45A,-0.25,-0.125,0.392490696508449,0.0200313300739973,False,
UNC50,0.375,0.125,-0.83496129541129,-0.1250323140276041,False,
UNC5B,0.5,-0.5,-0.487925656091483,0.1372243272739339,False,
UNC93B1,0.0,-0.1111111111111111,0.1294457963232635,0.7089819291860582,False,
UNG,-0.5,0.25,0.551863638051095,0.1628018700122213,False,
UNK,0.125,-0.125,-0.4030555894066325,0.0529627675154436,False,
UNKL,0.0,0.125,0.381231259744561,0.6178714208478966,False,
UPF1,0.125,-0.25,-0.1474610509081891,-0.1106802816815797,False,
UPF2,-0.375,-0.25,0.1627580899396538,-0.020699195094747,False,
UPF3A,0.125,-0.25,0.115309571293719,0.0248493535209819,False,
UPF3B,0.125,-0.5,0.0524021745470216,-0.183419692250919,False,
UPK2,0.25,0.0,-0.1558854119601328,0.0424492816105823,False,
UPP1,0.5,0.0,-0.50667525783166,0.2967228236981505,False,
UPRT,0.375,0.125,0.1182295854565305,-0.2974970834809056,False,
UQCC1,-0.25,0.25,-0.0666361437138695,-0.4517150870799522,False,
UQCC2,-0.125,0.125,0.258795558744935,-0.0283448903152301,False,
UQCR10,-0.375,0.125,0.321752148215695,0.0280692935273105,False,
UQCR11,0.0666666666666666,0.3333333333333332,-0.125433538265184,-0.103620505925897,False,
UQCRB,-0.125,0.0,0.3898018201549765,-0.0214430833238346,False,
UQCRC1,0.0,0.0,-0.2371125350730175,0.3983080600290654,False,
UQCRC2,0.0,0.125,-0.0175114201783409,-0.0907266343414043,False,
UQCRFS1,-0.3333333333333332,0.1111111111111111,0.5182086853061321,0.3238028175005429,False,
UQCRHL,-0.1764705882352941,0.1764705882352941,0.0477127714117919,-0.5967944910546309,False,
URB1,0.4444444444444444,0.0,-0.7731398303847055,-0.3238094462288738,False,
URB2,-0.375,-0.375,0.209243721531368,0.0834016557706733,False,
URGCP,0.25,-0.5,0.0326580212123065,-0.2995352601707823,False,
URI1,0.0,0.125,0.0331093164216591,0.5072575028638375,False,
URM1,-0.375,0.25,0.431102434104609,0.0411584216220801,False,
UROD,-0.25,0.5,0.4337250601346875,0.020654819630872,False,
UROS,-0.125,0.125,0.7736106699482325,0.1678302481328459,False,
USB1,0.0,-0.375,-0.131735120692904,-0.1315944788610674,False,
USE1,0.25,0.0,0.192064384446549,0.204979475362117,False,
USF1,-0.375,0.0,0.0656391393334898,-0.0049562198589745,False,
USF2,-0.375,0.25,-0.299801262471203,0.7328628230463594,False,
USO1,-0.5,0.25,0.0122508129779234,-0.6182086654335714,False,
USP1,-0.625,-0.125,0.0511533806332063,-0.2487153263102182,False,
USP10,-0.375,-0.5,0.5333630947743815,0.1149553582473332,False,
USP11,0.25,-0.625,-0.2952995087573785,0.018284627682791,False,
USP12,0.5,-0.375,-0.4651661832940205,0.5566632827691604,False,
USP13,-0.125,-0.625,0.2195776675338645,0.0279909030157772,False,
USP14,-0.125,0.0,0.503533249340975,0.1374935082913619,False,
USP15,0.0,-0.25,0.2137567235101713,-0.4123939709922004,False,
USP16,-0.125,0.0,-0.413160338041953,-0.2497818189533496,False,
USP18,0.5,-0.375,-0.2507171283859835,-0.0656481496140384,False,
USP19,0.25,0.0,-0.2855748438921765,-0.0632421290628331,False,
USP2,0.1999999999999999,-0.0666666666666666,-0.244755422194237,0.1329053947539682,False,
USP21,0.375,0.125,-0.216577716736942,0.2024891997778724,False,
USP22,-0.375,-0.25,0.0266369124743213,0.1886914080823385,False,
USP24,-0.125,-0.375,-0.1843621286785058,-0.2508022491595274,False,
USP25,0.125,-0.125,-0.662142956866595,-0.2389285181873637,False,
USP28,0.375,-0.25,-0.518442080516703,0.2740029550774774,False,
USP3,-0.125,-0.25,-0.1457327549786708,-0.1108084712735202,False,
USP30,0.5,0.125,-0.3316838362741859,-0.0948216021962167,False,
USP31,0.25,-0.375,-0.258337113671588,0.1419202658766654,False,
USP32,0.125,-0.375,-0.660830032851541,-0.6661718986571814,False,
USP33,0.375,-0.25,-0.605865824227747,-0.0037099383945635,False,
USP34,0.0,0.25,0.0023461959510409,-0.1412209862480189,False,
USP35,0.125,0.0,-0.149288942319948,0.8075880368112591,False,
USP36,-0.25,0.0,0.2911444350354742,0.1507505517537226,False,
USP37,0.125,-0.375,-0.4395248210849525,-0.1515994447495039,False,
USP39,0.0,-0.125,0.279653078692962,-0.1263205491113672,False,
USP4,-0.375,0.25,0.1282308203019945,0.1271765341863262,False,
USP40,0.625,0.0,-0.5833570490727076,-0.2417625865787838,False,
USP42,0.25,-0.25,-0.308124548162878,0.2113902178975482,False,
USP45,0.0,-0.375,-0.129475569778303,0.1410265058635711,False,
USP46,0.5,0.0,-0.5885862225708955,0.5250610931436519,False,
USP47,0.25,-0.375,-0.2489027335058874,-0.2569423422270649,False,
USP48,-0.375,0.25,0.4870460847780065,0.0683702654322275,False,
USP49,0.625,0.0,-0.37064231641684,0.0254587174455538,False,
USP5,-0.75,0.25,0.6627317548694536,0.0133843170034961,False,
USP51,-0.1111111111111111,0.3333333333333332,-0.338146408823155,-0.2463784872492243,False,
USP53,0.25,0.0,-0.1820053677102724,-0.4159793532952238,False,
USP54,0.75,-0.375,-0.4971818732865285,-0.4635613145291297,False,
USP6NL,-0.375,-0.625,0.226374031394078,0.0546046144260623,False,
USP7,-0.5,-0.25,0.4598127394364705,0.2467891103299657,False,
USP8,-0.125,0.125,-0.385775890146168,0.0644269923146301,False,
USP9X,-0.125,-0.375,0.1432578666093539,0.3028241466451056,False,
UST,0.3333333333333332,-0.4444444444444444,-0.689934443678641,-0.16568505055006,False,
UTP14A,0.25,-0.5,-0.117653300195828,-0.4145384207579761,False,
UTP18,-0.125,-0.375,0.2527796229449425,-0.421039749567266,False,
UTP20,-0.4444444444444444,-0.2222222222222223,0.2196295927106945,-0.1478811646897493,False,
UTP23,0.625,-0.125,-0.269431672439073,0.0898215637290423,False,
UTP3,-0.1111111111111111,-0.3333333333333332,0.0825606469522312,-0.3420320691244374,False,
UTP6,-0.625,-0.125,0.3502053955743435,-0.0379120216586392,False,
UTRN,0.0,0.0,-0.0915308309564608,-0.5540974864702428,False,
UVRAG,0.4444444444444444,0.2222222222222223,-0.4876504923487434,-1.1012417073265923,False,
UVSSA,0.0,0.0,-0.1491652095795909,0.1361127865418265,False,
UXS1,0.0,-0.375,0.173934185501793,0.3334636473064361,False,
UXT,0.25,0.25,-0.165283441532937,-0.0252120628400451,False,
VAC14,0.375,-0.25,-0.0796495977480113,-0.3175559848406397,False,
VAMP1,0.5,0.375,-0.2625036379886035,0.0689032123494963,False,
VAMP2,0.25,0.125,-0.173971987478847,0.7110260876721559,False,
VAMP3,-0.125,0.125,0.3283148374010994,0.624462028064982,False,
VAMP4,0.25,0.125,-0.300745234942428,-0.2620045341253618,False,
VAMP5,0.4444444444444444,0.1111111111111111,-0.260901870359718,-0.4953296353383685,False,
VAMP8,-0.0666666666666666,0.3333333333333332,0.436637386275867,0.1039189623841063,False,
VANGL1,-0.25,-0.25,0.3322449284243465,-0.0938640344748771,False,
VAPA,0.25,0.25,-0.6055793433160266,0.2077859060020697,False,
VAPB,0.25,0.0,-0.4484858081066695,-0.0271033805928904,False,
VARS2,-0.0666666666666666,0.4666666666666665,-0.341940111289105,0.1685892215091922,False,
VASH1,-0.25,0.25,-0.5992979063303645,0.6324594582068503,False,
VASN,0.1111111111111111,0.0,-0.3917912494961995,0.226176444460096,False,
VASP,-0.625,-0.25,0.560390724733919,-0.0667411930929335,False,
VAT1,0.125,0.0,0.2731760473052544,0.1847626570902338,False,
VAT1L,-0.5,0.375,0.1670630593109014,0.5522712842712468,False,
VAV2,0.0,-0.625,0.0995321975827031,-0.3113198467690923,False,
VAX2,-0.0588235294117647,-0.0588235294117647,0.229102097645342,-0.0123881051091989,False,
VBP1,-0.25,0.0,0.194486509683076,-0.5382511633361049,False,
VCAM1,0.0,0.25,0.1786102046610255,-0.0269961703411762,False,
VCAN,0.125,0.0,-0.0826375745762457,0.3017589247097558,False,
VCL,-0.25,0.125,0.15038939003885,-0.0640824936726933,False,
VCP,-0.625,-0.125,0.7833532549323345,0.1649854259446788,False,
VCPIP1,0.3333333333333332,-0.3333333333333332,-0.500064601655541,-0.2269379538436968,False,
VCPKMT,0.125,0.0,-0.4218903777101205,0.2677457154345339,False,
VDAC1,-0.5,-0.25,0.250435824961611,0.3450577905346037,False,
VDAC2,-0.375,-0.5,0.2011887278403915,0.1335633021823894,False,
VDAC3,-0.375,0.0,0.0703997798273745,0.4306751169716976,False,
VDR,0.125,0.5,-0.0446374220154404,0.1116848593326711,False,
VEGFA,-0.625,-0.25,0.5065480383575885,0.0368693383936267,False,
VEGFB,0.25,0.375,-0.5253124519622254,0.6104044179231012,False,
VEGFC,-0.6666666666666667,0.0,0.743433164151008,-0.4977492260322744,False,
VEPH1,0.125,-0.25,-0.0066965202936128,-0.5265330773209991,False,
VEZF1,0.4444444444444444,-0.4444444444444444,-0.6516738407817175,0.5547729434938669,False,
VEZT,-0.25,0.125,0.3221237889543795,-0.0999978396209346,False,
VGLL3,0.3333333333333332,0.1111111111111111,-0.6566430556573426,0.110293166353776,False,
VGLL4,0.375,0.0,-0.4030899790582165,-0.1494364639191734,False,
VHL,0.25,-0.125,-0.2874740674599875,0.7085637735830086,False,
VILL,0.5,0.375,-0.347887319636281,0.3827334606880144,False,
VIM,-0.5,0.25,0.1897781190361983,0.0684043578098796,False,
VIPAS39,0.625,0.125,-0.98766118064104,-0.2310786616071567,False,
VKORC1,0.375,0.25,-0.2342715315757045,0.041055863257184,False,
VKORC1L1,0.4444444444444444,0.0,-0.4454817803399455,0.4147829417125801,False,
VMA21,-0.125,0.375,-0.180158660261629,0.5008605362636569,False,
VMP1,0.125,0.125,-0.153052612836306,-0.0402179662097263,False,
VOPP1,0.0,0.125,0.183460689383717,-0.192300405484552,False,
VPS11,0.4444444444444444,0.1111111111111111,-0.4549252460615299,0.1590202485615428,False,
VPS13A,-0.125,-0.125,-0.0235895453166026,0.2059390269798133,False,
VPS13B,0.5,0.25,-0.668904188221128,0.1093770901317963,False,
VPS13C,0.25,0.0,-0.572439612078768,-0.0828660481200098,False,
VPS13D,0.5,-0.125,-0.628669429291011,-0.0592555657039097,False,
VPS16,-0.375,0.375,0.537613514368947,-1.1378942192991963,False,
VPS18,-0.125,0.125,0.1974092296548645,0.1566760251382803,False,
VPS25,-0.2222222222222223,0.0,0.3716313361232395,-0.3993705057328225,False,
VPS26A,0.25,0.125,0.1559983335370803,0.0584256194808712,False,
VPS26B,-0.125,0.25,0.0050938005627303,0.3777216523787745,False,
VPS28,0.2222222222222223,0.1111111111111111,0.0582692588970412,0.2620164353806467,False,
VPS29,0.25,0.125,-0.3360290377682855,-0.0478013634946323,False,
VPS33A,0.0666666666666666,-0.1999999999999999,0.0509018430472942,-0.2244029194806036,False,
VPS33B,-0.0666666666666666,-0.0666666666666666,-0.029089038639354,0.0754773416432237,False,
VPS35,-0.125,-0.125,0.0713974990347598,-0.2187220452738452,False,
VPS36,0.25,-0.375,-0.3812494082617895,0.0575688226184465,False,
VPS37A,0.5,-0.625,-0.3632436955609295,-0.0029577476052262,False,
VPS37B,-0.4444444444444444,-0.2222222222222223,0.614081244717268,0.0242138069445783,False,
VPS37C,0.125,0.0,0.076900570456299,0.5471945872053094,False,
VPS37D,-0.6000000000000001,0.1999999999999999,0.109530033553148,0.2459798259724934,False,
VPS39,0.375,0.0,-0.243054101039366,-0.1882074305260441,False,
VPS41,-0.125,0.125,0.1272588013243595,-0.346870641546996,False,
VPS45,-0.125,0.375,0.1047851358725943,0.0080323600120304,False,
VPS4A,-0.125,0.0,0.1875721420065755,0.2003940698648381,False,
VPS4B,0.375,-0.125,-0.2832215639170889,0.1197271281458971,False,
VPS51,0.375,0.25,-0.0394128313225789,-0.3601834639257011,False,
VPS52,-0.0588235294117647,0.0588235294117647,-0.272082660531933,-0.408215278758151,False,
VPS53,-0.5555555555555556,0.0,0.3853084175372779,-0.2795518138050412,False,
VPS54,0.25,-0.125,-0.760884169945948,0.3769154982012919,False,
VPS72,-0.25,0.125,0.473151970734415,-0.2766413694246621,False,
VPS8,0.25,0.0,-0.1482228728341192,-0.1063551451055997,False,
VPS9D1,-0.25,0.375,-0.350219435902488,-1.055378748856846,False,
VRK1,-0.2222222222222223,0.0,0.5521466944128754,0.0257719677901682,False,
VRK2,0.0,-0.25,0.3496869194999635,0.3873124916979051,False,
VRK3,-0.25,0.125,0.496924176313754,-0.6690825241468674,False,
VSIG10,-0.375,-0.125,0.1360175619191265,0.1079199004256081,False,
VSIG10L,0.2941176470588236,0.2941176470588236,0.0175032213192305,-0.0697922868449807,False,
VSTM2L,0.6000000000000001,-0.3333333333333332,-0.388005157484026,-0.3381921541110773,False,
VSTM4,0.0,0.25,0.0041546619709771,0.2968691855480228,False,
VSTM5,0.125,0.0,-0.0751542175940375,0.2204250246782872,False,
VTA1,0.0,0.0,-0.2959180094890132,-0.0807783510143123,False,
VTI1A,0.25,-0.125,-0.259618131705961,0.1747948871364995,False,
VTI1B,0.0,0.125,-0.242676630069432,0.458263787283458,False,
VWA1,-0.6000000000000001,0.0666666666666666,0.40175936587876,0.5398266899912982,False,
VWA5A,0.375,0.125,-0.2524420255959609,-0.1907245841809863,False,
VWA8,0.125,0.0,0.1397604798880545,-0.4371667929124831,False,
VWCE,0.4666666666666665,-0.1999999999999999,-0.308779128323159,-0.3741748403872256,False,
WAC,0.125,-0.125,-0.4839725290815555,-0.0926873848160174,False,
WARS2,0.5,0.375,-0.2356743907163785,0.0702254272228062,False,
WASF1,0.375,-0.25,-0.6600972356095456,-0.2259677307279215,False,
WASF2,0.125,-0.375,-0.2865579306482333,-0.343909856428747,False,
WASF3,0.125,0.25,-0.3737278428861215,0.5218276194181124,False,
WASL,0.5555555555555556,-0.3333333333333332,-0.418383861299456,0.0567768017171101,False,
WBP1,-0.125,0.25,-0.294943591373771,-0.2509102715141522,False,
WBP11,0.1111111111111111,-0.3333333333333332,-0.2531745137963725,-0.369425856858347,False,
WBP1L,0.75,0.75,-0.850452070737066,-0.0957822181633223,False,
WBP2,0.375,0.0,-0.1709001095232259,-0.3251701242471978,False,
WBP4,0.2222222222222223,0.1111111111111111,0.0648721393145039,0.3183943510529257,False,
WDFY1,0.1999999999999999,-0.3333333333333332,-0.578819768841672,-1.0195637932620376,False,
WDFY2,-0.1111111111111111,-0.1111111111111111,0.4118238706847145,0.1310101653078139,False,
WDFY3,0.25,-0.125,-0.500905604909123,-0.3328911366220177,False,
WDHD1,-0.5,-0.25,0.6695182648095915,0.3605809276475611,False,
WDPCP,0.125,0.125,-0.3333933506484125,-0.3902340536661035,False,
WDR1,-0.25,-0.375,0.230791290374332,-0.0894795279767439,False,
WDR11,0.5,-0.375,-0.7256210002089529,0.2992374630197579,False,
WDR12,-0.25,0.125,0.2176168180523595,-0.3196518167574607,False,
WDR13,0.375,0.125,-0.385805620146616,0.2864593338573669,False,
WDR18,-0.25,0.0,0.1135729100149632,0.3847121605852377,False,
WDR19,0.125,0.375,-0.7368100824496,-0.219111073103019,False,
WDR20,-0.375,0.125,0.31063458049323,-1.6082356449872122,False,
WDR24,0.125,0.5,-0.1215260994095681,0.4339391473846234,False,
WDR25,0.25,0.0,-0.1870861697701665,-0.990930263218373,False,
WDR26,-0.25,-0.375,-0.0580315981356626,-0.2587169314759643,False,
WDR27,-0.1999999999999999,-0.0666666666666666,0.0170962476760888,-0.0258703964410025,False,
WDR31,0.125,0.5,-0.4361681702984624,0.1411884536484415,False,
WDR33,-0.25,-0.25,0.123184498474307,0.043618659181134,False,
WDR35,0.0,-0.25,-0.4572767556702445,0.150483874608573,False,
WDR36,-0.625,-0.375,0.471299357213092,0.0006353726430461,False,
WDR37,0.125,-0.125,0.1322295990269511,0.3978664383429313,False,
WDR4,-0.5,-0.125,0.38768398432542,0.1567624454982299,False,
WDR41,0.0,0.0,-0.462446163873341,0.132746721852476,False,
WDR43,-0.25,0.0,0.270079431786031,-0.0720341493412632,False,
WDR44,0.25,-0.5,-0.1735880338697727,-0.5068754096381043,False,
WDR45,0.625,0.375,-0.520259812760005,-0.0080661578401302,False,
WDR45B,0.375,-0.375,-0.1662286756899695,0.3711370731626013,False,
WDR46,-0.5,0.0,0.6769361883939495,-0.2966719526638115,False,
WDR47,0.25,0.0,-0.6067000029724685,0.0790035655234588,False,
WDR48,0.25,-0.5,-0.531901207111224,0.297549564989027,False,
WDR5,-0.125,-0.375,0.2687297084341665,0.218867954194434,False,
WDR53,0.1111111111111111,-0.2222222222222223,-0.5605078239856469,0.2584847816817661,False,
WDR54,-0.625,0.25,0.5386816017298095,0.2362097635576385,False,
WDR55,0.25,0.125,-0.1184547796673514,0.0303408435969529,False,
WDR59,0.125,0.0,-0.233845270382192,-0.0188975511460856,False,
WDR5B,0.3333333333333332,0.1111111111111111,-0.189997611606175,-0.3289874509098036,False,
WDR6,-0.25,0.25,0.2046213003774256,0.1926367186115185,False,
WDR62,-0.375,0.25,0.554309604318341,-0.5489303582505436,False,
WDR7,0.125,0.0,-0.3860185643216135,-0.569486607987973,False,
WDR70,-0.3333333333333332,-0.1111111111111111,-0.0861449308531679,-0.2695674904236975,False,
WDR73,-0.375,0.0,-0.1757883732099265,-0.1230678585995996,False,
WDR74,0.0,0.125,0.222931309021176,-0.7363424392647806,False,
WDR75,0.0,-0.125,0.3842761874876125,-0.4799643149083676,False,
WDR76,-0.125,0.125,0.0534539939485615,0.6447920317193618,False,
WDR77,-0.75,0.0,0.413227262259373,-0.5545454324524621,False,
WDR81,0.875,0.125,-0.919571167882486,0.3500785584675241,False,
WDR82,0.0,0.0,0.3934279789832205,0.1123714016624441,False,
WDR83,-0.125,0.0,0.0420371198848911,0.322152062221839,False,
WDR89,0.125,-0.375,-0.132205558794325,-0.2362957696832537,False,
WDR90,-0.5,-0.125,0.2460005609420095,0.2376622768589786,False,
WDR91,0.5,0.125,-0.4204383898909185,0.2477121941559357,False,
WDSUB1,0.0,-0.375,-0.4870296480328665,0.0967179394750354,False,
WDTC1,0.0,0.0,-0.0932793876454268,0.1102153641763088,False,
WEE1,0.0,-0.125,-0.3584489176397295,0.2627220877394425,False,
WFS1,-0.375,0.375,0.4855856679868865,0.2088020466806681,False,
WHAMM,0.6666666666666667,-0.5555555555555556,-0.6448905426934726,0.4148798418527857,False,
WIPF1,0.875,0.125,-0.8152601071336449,-0.1826764030085748,False,
WIPF2,-0.125,-0.375,0.298251489442755,-0.4129639597118821,False,
WIPI1,0.75,0.375,-0.6396686255764246,0.176130471445802,False,
WIPI2,0.0,0.375,0.1091289414379122,0.0878274401641583,False,
WIZ,0.25,0.125,-0.2695929253445025,0.3760014937603992,False,
WLS,0.25,0.375,-0.0833153903088536,-0.554486458370179,False,
WNK1,0.25,0.0,-0.0810380320336636,-0.2451172621443382,False,
WNK3,-0.1999999999999999,-0.0666666666666666,0.0171655740979304,0.4785480182632737,False,
WNK4,-0.3333333333333332,0.0666666666666666,0.478439313857364,-0.2432687328912713,False,
WNT10B,-0.6000000000000001,0.1999999999999999,0.715551295533166,0.1815027565573141,False,
WNT2B,0.625,-0.25,-0.8954651774319085,-0.1806505160568372,False,
WNT5A,0.125,0.0,0.241077751900341,-0.0175706438719434,False,
WNT5B,-0.25,0.625,0.0877524279878455,-0.4998269801254245,False,
WNT7B,-0.3333333333333332,-0.1999999999999999,0.141640336106296,0.9787818022535404,False,
WNT9A,-0.1764705882352941,0.6470588235294117,0.312557128273723,0.4197911049251548,False,
WRAP53,-0.5,0.0,0.6451987451910495,0.0068220558522167,False,
WRAP73,0.375,-0.125,-0.3185615210161935,0.1210243993762227,False,
WRN,0.5,-0.125,-0.527953168188814,-1.0415935002850811,False,
WRNIP1,0.125,0.0,-0.2309940457435075,0.26223749807352,False,
WSB1,0.5,-0.125,-0.7847763792044355,-0.2904203310271209,False,
WSB2,0.0,-0.2222222222222223,0.1080339675575285,-0.2974354288153575,False,
WSCD1,0.0666666666666666,-0.0666666666666666,-0.238616515972363,0.0657024207004208,False,
WTAP,0.5,0.0,-0.5149677571237825,0.6277115580863661,False,
WTIP,0.25,-0.375,-0.4012619742238604,0.129015911061229,False,
WWC1,-0.25,-0.625,0.6432879374982174,-0.3725961455015176,False,
WWC2,0.0,-0.125,-0.1170835508967289,-0.5905075980280188,False,
WWC3,0.75,-0.25,-0.583113984733482,0.1816418933262169,True,1.0
WWOX,0.125,0.25,-0.5067004671417215,-0.1691400393535964,False,
WWP1,0.25,-0.25,-0.5081912203843411,-0.1130347703544734,False,
WWP2,-0.375,0.0,0.3126407036111145,-0.059984856195479,False,
WWTR1,-0.25,0.0,0.3349392631180495,-0.7268799209362049,False,
XAF1,0.25,-0.25,-0.3402391330724384,-0.4164148793926441,False,
XBP1,0.0,0.0,-0.3864569278727835,0.4533158737827047,False,
XDH,-0.25,0.25,0.407817552556675,-0.3099791997423806,False,
XIAP,0.125,-0.375,-0.156490452936741,-0.0080605539590195,False,
XKR5,-0.6470588235294117,-0.0588235294117647,0.725673543500634,-0.4502695161009042,False,
XKR6,0.1999999999999999,-0.0666666666666666,0.009315245969587,0.1254000347814359,False,
XKR8,-0.3333333333333332,0.1111111111111111,0.47611662172692,-0.0988532374079866,False,
XPA,-0.125,0.5,0.1609950113737452,0.4687647116201923,False,
XPC,0.875,-0.625,-0.507957721019752,-0.5328126320506379,True,1.0
XPNPEP1,-0.375,0.125,-0.25395573275216,-0.0586364970814363,False,
XPNPEP3,-0.375,0.25,0.1255517579281176,0.2642376446476571,False,
XPO1,-0.375,-0.5,0.4681557009231145,-0.0596780637957201,False,
XPO4,-0.25,-0.25,0.1641363281502615,0.2515444356999563,False,
XPO5,-0.25,-0.375,0.193140315066601,0.361789369628636,False,
XPO6,-0.375,-0.5,0.463566499159152,0.0991561463314858,False,
XPO7,-0.25,-0.625,0.2863448588568245,-0.3501559316752161,False,
XPOT,-0.125,-0.125,-0.0878793029946389,0.1268590556727198,False,
XPR1,0.25,-0.125,-0.1143657284093103,-0.2667018693079197,False,
XRCC1,-0.25,0.125,0.1826262166273846,-0.5929944536871388,False,
XRCC2,-0.2222222222222223,-0.3333333333333332,0.35991242356231,0.3048254240519905,False,
XRCC3,-0.375,-0.125,0.6651704118660444,0.1330976412132951,False,
XRCC4,0.0,-0.25,0.145850129143299,-1.6566322102601587,False,
XRCC5,-0.5,-0.5,0.542248293668559,-0.5259227596803691,False,
XRCC6,-0.625,-0.125,0.5824721863789705,0.042756136861576,False,
XRN1,0.125,-0.125,-0.5870475527199059,0.0706462622875236,False,
XRN2,-0.1111111111111111,0.1111111111111111,-0.0056220454810709,0.2862261130891861,False,
XRRA1,0.375,0.125,-0.1469799603134814,-0.2418623099770913,False,
XXYLT1,-0.375,0.125,0.415936531342996,0.3623910230972544,False,
XYLB,-0.375,0.25,0.594890478941818,0.2949097960580071,False,
XYLT1,0.0,0.25,0.2535249380759973,-0.1843963086835578,False,
XYLT2,-0.875,0.125,0.6409295741096385,0.0247913511953457,True,-1.0
YAF2,0.625,0.0,-0.4828435098697045,0.4517922887807031,False,
YAP1,-0.25,0.0,-0.2447667977170635,-0.476833297730264,False,
YARS2,-0.5,0.375,0.5092614848273405,-0.4444741874501048,False,
YBEY,-0.125,0.375,-0.0368315478784384,-0.0678777248236734,False,
YBX1,-0.125,-0.25,0.1670174010522905,-0.0946634747679335,False,
YBX3,0.375,0.0,-0.590925428169065,-0.1625982078757033,False,
YDJC,-0.375,0.0,0.344798881455694,0.5858872558077077,False,
YEATS2,0.375,-0.375,-0.0497844389928527,-0.1839198798500962,False,
YEATS4,-0.2222222222222223,0.1111111111111111,-0.1046738473268472,-0.0184465519389385,False,
YES1,-0.125,-0.125,0.2778660920120955,0.1234979382729797,False,
YIF1A,-0.125,0.125,0.3573147291098825,0.1444938457013491,False,
YIF1B,-0.25,0.125,0.30072866258382,0.4669971393055681,False,
YIPF1,0.25,0.375,0.1127341381958834,-0.1180207432805073,False,
YIPF2,-0.125,0.25,0.387012372820131,-0.0700839022011579,False,
YIPF3,-0.125,0.5,0.1836180719640023,-0.0248795747479522,False,
YIPF4,0.625,0.125,-0.8375854954108795,-0.359863884129928,False,
YIPF5,-0.25,0.125,0.1391347337183975,-0.5337070645903266,False,
YIPF6,0.125,0.125,-0.409922898455393,-0.042112594063385,False,
YJEFN3,-0.0666666666666666,0.0666666666666666,-0.160705187147213,0.1289263882686941,False,
YKT6,-0.3333333333333332,0.0,0.5309197757514845,0.1525813311856976,False,
YLPM1,-0.375,0.0,-0.0704604761282606,-0.484502200453953,False,
YME1L1,0.0,0.125,-0.3078214118891325,-0.0452719565348433,False,
YOD1,0.0,-0.125,-0.126929341640812,-0.12372869270731,False,
YPEL1,0.0666666666666666,0.3333333333333332,-0.694608505848055,0.5141562835594451,False,
YPEL2,0.875,0.0,-0.9744655178868316,-0.1677741488048929,True,1.0
YPEL4,-0.0666666666666666,0.0666666666666666,-0.0495774123194558,-0.0607629144014425,False,
YPEL5,0.25,0.125,-0.408466128200191,0.1008403348134878,False,
YRDC,0.0,-0.1111111111111111,0.237635717242533,0.0422087680269354,False,
YTHDC1,0.0,-0.125,-0.0337566217246061,0.0928764305370322,False,
YTHDC2,0.25,-0.125,-0.260647626945797,-0.015236052339536,False,
YTHDF1,-0.25,0.25,0.2267764077490009,0.1517489042590747,False,
YTHDF2,-0.125,-0.375,0.1578885028419995,0.1381288941775094,False,
YTHDF3,0.5,-0.125,-0.497631151430878,0.8864126326514814,False,
YWHAB,0.125,0.0,0.17720510400057,0.0276587061538835,False,
YWHAE,-0.375,-0.25,0.7031088498319495,0.2680968278700382,False,
YWHAG,0.0,-0.3333333333333332,0.2507222984820775,-0.0482609497995754,False,
YWHAH,-0.5,-0.125,0.331329108145199,0.3308676906595482,False,
YWHAQ,-0.375,-0.125,0.2185353660891305,0.2887036837657493,False,
YWHAZ,-0.375,-0.125,0.5759400129565375,0.0830050800452979,False,
YY1,0.125,-0.125,-0.1160987513219349,0.248338910200855,False,
YY1AP1,0.0,0.0,-0.2884667256754415,0.294037138825697,False,
ZBED3,0.3333333333333332,0.2222222222222223,-0.4889822161443115,0.1904071657563462,False,
ZBED4,-0.2222222222222223,-0.4444444444444444,0.247079840134046,0.391627839992994,False,
ZBED5,-0.1111111111111111,0.1111111111111111,0.0972756214743404,0.1942050052317228,False,
ZBTB1,0.625,0.125,-0.9349921223926264,0.3649261935248007,False,
ZBTB10,0.75,-0.5,-0.2608596864529855,0.0043617176819954,False,
ZBTB11,-0.1111111111111111,0.0,-0.1714061249635625,-0.2779440463294245,False,
ZBTB12,-0.625,-0.125,0.0087968939151214,0.084586644497139,False,
ZBTB14,0.125,-0.25,-0.46645301623568,0.5015642146949313,False,
ZBTB16,1.0,0.0666666666666666,-1.05689221784881,4.277827260160226,True,1.0
ZBTB17,0.125,0.0,-0.0602734981155622,-0.2102552456633191,False,
ZBTB18,-0.5,-0.25,0.888695088205583,0.3857722788328743,False,
ZBTB2,-0.1111111111111111,-0.3333333333333332,-0.081295470137523,0.2539637241147541,False,
ZBTB20,0.375,0.25,-0.4638798380453515,-0.4376303815117341,False,
ZBTB21,0.125,-0.625,-0.205196111648982,0.4169846535546604,False,
ZBTB22,-0.0588235294117647,-0.0588235294117647,-0.0661111874619726,-0.0650959030840132,False,
ZBTB24,0.5555555555555556,-0.3333333333333332,-0.4450564020001355,0.4821339905538284,False,
ZBTB25,0.5,0.125,-0.8741405926447915,0.2361011027935851,False,
ZBTB26,0.0,0.0,-0.1225432176855986,-0.0676115229832929,False,
ZBTB3,-0.1111111111111111,0.1111111111111111,0.0373755473750418,-0.1989735648375554,False,
ZBTB33,0.3333333333333332,0.1111111111111111,-0.1616759324490415,0.2085740449503803,False,
ZBTB34,0.5,-0.375,-1.018605785886945,0.4060540486359372,False,
ZBTB38,0.5,-0.125,-0.3635911132010505,-0.0063463885425449,False,
ZBTB39,-0.3333333333333332,-0.3333333333333332,0.1990061879028234,0.071600356601164,False,
ZBTB4,-0.2222222222222223,0.0,0.273362399701221,0.2919590810958428,False,
ZBTB40,0.375,-0.25,-0.4282057876142085,-0.061980929820377,False,
ZBTB41,0.3333333333333332,-0.2222222222222223,-0.3896308110399135,-0.1303959404105326,False,
ZBTB42,0.0,-0.25,0.0019581083530813,0.8307099255223822,False,
ZBTB43,0.75,-0.625,-0.8196483322782705,-0.5750698950144781,False,
ZBTB44,0.375,0.0,-0.644417965818231,0.0617938231176933,False,
ZBTB45,0.125,-0.125,0.1879226782707695,0.120898747863499,False,
ZBTB46,0.1999999999999999,-0.3333333333333332,-0.245301905941292,0.0230099637162881,False,
ZBTB47,0.625,-0.125,-0.855178824309867,-0.3335689438649569,False,
ZBTB48,-0.125,0.125,-0.0189606662723288,0.1002338019892294,False,
ZBTB49,0.25,0.0,-0.608467851240709,0.0349061463742774,False,
ZBTB5,0.6666666666666667,-0.5555555555555556,-0.5450723999613455,-0.0188237563196822,False,
ZBTB6,0.2222222222222223,0.1111111111111111,-0.4028945880824135,0.034781293880002,False,
ZBTB7A,-0.4444444444444444,-0.3333333333333332,0.513647602361165,0.5463129795487958,False,
ZBTB7B,0.125,0.125,-0.0512054526602338,0.1768139260202308,False,
ZBTB8A,0.5,-0.125,-0.657153844984567,-0.2230074281512402,False,
ZBTB8OS,0.125,0.0,-0.341752457257014,-0.504269472436653,False,
ZBTB9,-0.75,-0.75,0.329985794056732,0.2964390191912596,False,
ZC2HC1A,0.25,-0.25,-0.7545385121553045,-0.3051915375913667,False,
ZC2HC1C,0.1999999999999999,-0.1999999999999999,-0.296168198053445,0.4394101636899075,False,
ZC3H10,0.411764705882353,-0.0588235294117647,-0.296264329579352,-0.7969670229445112,False,
ZC3H12A,0.0,0.125,-0.0998382686708942,-0.3722281324706475,False,
ZC3H12C,0.75,-0.375,-0.999060627231928,0.5685127352802892,False,
ZC3H12D,0.4666666666666665,0.0666666666666666,-0.361416933146472,0.2513269331584777,False,
ZC3H13,0.0,-0.25,-0.2029025979202518,-0.5639909964744065,False,
ZC3H14,0.25,-0.25,0.0968613340758201,0.2832736861669231,False,
ZC3H15,-0.125,0.125,0.2056483794736635,-0.0376043915008761,False,
ZC3H18,-0.5,0.0,0.7102161043808335,0.1159380330499477,False,
ZC3H3,-0.2222222222222223,0.0,-0.0494117101168364,0.3283215568454762,False,
ZC3H4,-0.25,-0.5,0.285494280738014,0.6876743147770426,False,
ZC3H6,0.125,0.0,-0.253885469035092,0.0375579229643263,False,
ZC3H7A,0.5,-0.375,-0.452621937306957,0.1614290499850517,False,
ZC3H7B,-0.125,-0.375,0.0882825446293104,0.4106587973665772,False,
ZC3H8,0.0,-0.375,-0.1099505303475729,-0.4370176228349702,False,
ZC3HAV1,0.375,-0.25,-0.420458666057074,-0.1420925649674678,False,
ZC3HAV1L,0.2222222222222223,-0.1111111111111111,-0.4666334058729675,0.3493397774330398,False,
ZC3HC1,-0.375,0.0,0.631160188588031,-0.5600586319128151,False,
ZC4H2,-0.5,0.375,0.5597758009321405,-0.0789788478430582,False,
ZCCHC10,0.375,0.125,-0.205884973700291,-0.1050344041258886,False,
ZCCHC14,-0.125,0.125,-0.120588571872833,-0.3245793919917461,False,
ZCCHC17,-0.25,-0.375,0.1775795770715035,-0.195403106374874,False,
ZCCHC18,0.3333333333333332,0.1999999999999999,-0.132085510610643,0.0429287325752107,False,
ZCCHC2,0.125,-0.375,-0.050658326154028,0.3788717289012551,False,
ZCCHC24,0.1111111111111111,0.7777777777777777,-0.374011037466414,0.0837395903853259,False,
ZCCHC3,-0.1111111111111111,-0.1111111111111111,0.3746261460774095,0.3237126659459619,False,
ZCCHC4,-0.75,0.0,0.27947291372194,0.382750721849878,False,
ZCCHC7,0.125,0.25,-0.329861532673417,0.0424263203894641,False,
ZCCHC8,0.625,-0.625,-0.8450010568243149,-0.1131727064284646,False,
ZCCHC9,-0.25,0.125,-0.1998072529475212,-0.9541421613175468,False,
ZCRB1,-0.1111111111111111,0.2222222222222223,-0.0045546243912346,-0.046016729130583,False,
ZCWPW1,0.625,0.125,-0.933107988445439,-0.2625216228272866,False,
ZCWPW2,0.125,0.375,-0.5720832393947085,0.1738018929434597,False,
ZDBF2,0.0,-0.375,-0.20937933531232,0.1625851391785997,False,
ZDHHC1,0.375,0.0,-0.413380674038974,0.0185027174289689,False,
ZDHHC12,-0.25,-0.25,0.219608572498334,0.2580384275654885,False,
ZDHHC13,0.25,-0.5,-0.187122257897305,0.3292321201351367,False,
ZDHHC14,-0.125,0.0,-0.1392061657154948,-0.1343617781912853,False,
ZDHHC15,0.1999999999999999,-0.0666666666666666,-0.0467622828134778,0.6200864838866962,False,
ZDHHC16,-0.375,0.0,0.17744307417241,-0.0242358738407699,False,
ZDHHC17,0.25,0.125,-0.2366056580962244,0.5126280993560282,False,
ZDHHC18,-0.375,-0.125,0.482323437790524,-0.4669879842834561,False,
ZDHHC2,0.25,-0.375,-0.7293311567329905,0.2596970320843859,False,
ZDHHC20,-0.375,-0.25,0.4308058291272055,0.0039546768855833,False,
ZDHHC21,-0.125,-0.125,0.0802308977676461,0.2677365102296591,False,
ZDHHC23,0.375,0.25,-0.6187237581753315,0.201518996072828,False,
ZDHHC24,-0.1111111111111111,0.5555555555555556,0.5515243508487525,0.1931021241124275,False,
ZDHHC3,0.625,-0.125,-0.8056303483570766,-0.0642848813329111,False,
ZDHHC4,0.0,0.375,-0.2585447678112595,0.1861853571530778,False,
ZDHHC5,0.25,-0.375,-0.5482956427194701,0.0805796559164822,False,
ZDHHC6,0.0,0.0,-0.114825966014768,0.358320079339717,False,
ZDHHC7,-0.125,-0.25,0.283561723229601,-0.252872356630895,False,
ZDHHC8,0.5,0.0,-0.3473440958650275,0.2567159917167392,False,
ZDHHC9,0.75,0.125,-0.6813061609133355,0.0709407803204564,False,
ZEB1,0.5,0.125,-0.692514484379096,-0.585565032072721,False,
ZEB2,0.0,-0.5,-0.0159411761594013,-0.3131900602530142,False,
ZER1,0.125,0.5,0.0036696084363469,0.1882021830675548,False,
ZFAND1,-0.25,0.125,0.0317042273003417,-0.186000303498155,False,
ZFAND2A,0.0,0.25,-0.2529363334672699,0.241974070822216,False,
ZFAND2B,-0.125,-0.125,0.1094203856180827,0.2182466563661926,False,
ZFAND3,0.25,0.125,-0.3704984515009175,0.0246872419368262,False,
ZFAND4,0.375,0.0,-0.7519011125550594,0.3851922421669762,False,
ZFAND5,0.125,-0.125,-0.212105476461062,0.1455891093568424,False,
ZFAND6,-0.125,0.25,-0.2170429527078169,-0.0594880101996317,False,
ZFAT,-0.125,0.0,-0.0145233419491184,-0.0905068468507699,False,
ZFC3H1,0.125,-0.25,-0.328207199075339,-0.3928683330078497,False,
ZFHX2,0.0666666666666666,-0.0666666666666666,0.0954760083514367,-0.409016658233444,False,
ZFHX3,0.75,-0.125,-0.7463766241709515,0.1500176434105258,False,
ZFHX4,0.75,-0.5,-0.5661969251250945,0.0723341829475789,True,1.0
ZFP1,0.125,0.0,-0.4064505972584045,0.1357033323221674,False,
ZFP14,0.125,0.0,-0.396082503039916,0.1837915165724428,False,
ZFP2,0.375,0.25,-0.0679853858561559,0.287308552105874,False,
ZFP28,-0.0,-0.1111111111111111,-0.1371672841338975,0.7361757053641629,False,
ZFP3,0.411764705882353,-0.2941176470588236,-0.267435585738928,0.32732820288497,False,
ZFP30,0.375,0.0,-0.5196725037834515,0.7073675226630989,False,
ZFP36,0.6666666666666667,-0.1111111111111111,-0.663012972208221,0.4378673090206533,False,
ZFP36L1,0.375,0.0,-0.291821923504229,0.430485989578302,False,
ZFP36L2,0.4444444444444444,0.1111111111111111,-0.703383562034702,0.4726281784061874,False,
ZFP37,0.0,0.5,-0.1790823329517368,0.1187202484475422,False,
ZFP41,-0.125,-0.125,-0.0652478342741609,0.3660026399567355,False,
ZFP62,0.0,-0.125,-0.3242031506670165,0.3358017874968513,False,
ZFP64,-0.375,-0.25,0.801237787868749,0.4154703949268934,False,
ZFP69,-0.125,-0.25,-0.0960451182501657,1.2072260183765526,False,
ZFP69B,0.0,-0.25,-0.310472197882206,0.1049331213819053,False,
ZFP82,0.0,0.1111111111111111,-0.221898910339858,0.0804557748328631,False,
ZFP90,0.375,-0.125,-0.498497714198974,0.2171297481443823,False,
ZFPM1,-0.1111111111111111,-0.3333333333333332,0.0719927529452448,0.2389822482735595,False,
ZFPM2,0.25,-0.125,-0.1621313824704086,-0.5744094780822411,False,
ZFR,0.125,-0.25,-0.4915036557024724,0.2106659042399687,False,
ZFX,0.5,-0.25,-0.867278047395214,0.5162380735552095,False,
ZFYVE1,0.75,-0.125,-0.3854812202625119,-0.1832095794298158,False,
ZFYVE16,0.375,0.0,-0.861297357707892,0.124590607964198,False,
ZFYVE19,0.125,0.375,0.0126110862433682,-0.1571807070117705,False,
ZFYVE21,0.25,0.125,-0.2986536117249305,0.7497989100586322,False,
ZFYVE26,0.375,-0.25,-0.4500412981909485,-0.1655543291828793,False,
ZFYVE27,0.125,0.125,0.0474987677443121,0.1292608957265559,False,
ZFYVE28,-0.125,-0.375,-0.0074512634379094,0.047661598339481,False,
ZFYVE9,0.125,0.125,-0.609523227098445,-0.021490934730846,False,
ZGLP1,0.25,-0.125,-0.262434454968156,0.6072736462900332,False,
ZGPAT,-0.0666666666666666,-0.0666666666666666,-0.0034879299110338,-0.2159194228876272,False,
ZHX1,-0.25,-0.375,0.0677372721210959,-0.2792989727952619,False,
ZHX2,0.2222222222222223,0.0,-0.343599114866173,0.5207695523892548,False,
ZHX3,0.625,0.375,-0.732593448795282,-0.0074408645325467,False,
ZIK1,0.0,-0.5,-0.3461423484491695,-0.2873120594203153,False,
ZKSCAN1,0.0,-0.125,-0.329558949064984,-0.252483206642949,False,
ZKSCAN2,0.0,-0.25,-0.1877320430717335,0.4404376108890688,False,
ZKSCAN3,-0.25,0.125,0.0540381426404386,-0.1009363020481246,False,
ZKSCAN4,0.5555555555555556,-0.1111111111111111,-0.630529404467648,-0.220244000729008,False,
ZKSCAN5,0.25,-0.25,-0.238954175896177,0.089276481492992,False,
ZKSCAN7,0.0,0.3333333333333332,-0.2740123242778045,0.0881682587716716,False,
ZKSCAN8,0.25,-0.625,-0.3518326707464559,-0.1642054789452811,False,
ZMAT1,0.125,0.0,-0.4450256467056205,0.0177295880257664,False,
ZMAT2,-0.375,0.125,0.2284502761964365,-0.4460772934102861,False,
ZMAT3,0.25,0.0,-0.3821080339661315,0.1235603978406807,False,
ZMAT5,0.125,0.0,0.1573172941870923,-0.4188699841263694,False,
ZMIZ1,-0.25,-0.5,-0.081153132448235,0.316661478227652,False,
ZMIZ2,0.0,0.125,0.1508033804370417,0.1166790900371941,False,
ZMPSTE24,-0.25,0.125,-0.0481699342587935,-0.1426897727342555,False,
ZMYM1,-0.375,-0.25,-0.0969883411231584,-0.0537901633112596,False,
ZMYM2,0.25,0.25,-0.3288298313583845,0.3946393936004493,False,
ZMYM3,-0.375,0.25,0.543484052843629,0.4530214512636725,False,
ZMYM4,-0.125,-0.25,0.0436489726080332,-0.4419593337835454,False,
ZMYM5,0.625,-0.125,-0.6322529287294215,0.3754962280166007,False,
ZMYM6,0.125,0.0,-0.4717549855269105,-0.5258072417343911,False,
ZMYND10,-0.8666666666666667,0.3333333333333332,0.395330506903379,0.7028635694372721,True,-1.0
ZMYND11,0.25,-0.125,-0.4747817747102915,-0.2079789236637084,False,
ZMYND19,-0.4444444444444444,0.0,0.409258455876502,0.4822461871086605,False,
ZMYND8,0.0,-0.125,-0.032435781901551,-0.2451560868134201,False,
ZNF100,-0.25,-0.5,0.0313759639023732,-0.5799199519881255,False,
ZNF101,-0.125,-0.125,-0.0443523913469097,-0.2691324364106615,False,
ZNF106,0.25,-0.25,-0.366675957778775,-0.6703213162280734,False,
ZNF107,-0.25,-0.25,0.1992738963170995,-0.1259924472529121,False,
ZNF112,0.125,0.125,-0.5416713291644495,-0.4751256098673491,False,
ZNF114,-0.0666666666666666,-0.1999999999999999,0.273027211645642,0.3107399705927121,False,
ZNF12,0.125,-0.25,-0.2819381813269905,0.062174702383021,False,
ZNF121,-0.5,0.0,0.481242267192377,0.4535315124627022,False,
ZNF131,0.125,-0.125,-0.1178164478584517,0.3567739453266156,False,
ZNF132,0.375,-0.125,-0.3703529929032459,0.2645022563765629,False,
ZNF133,-0.125,0.25,-0.158670805738598,-0.3157558834152985,False,
ZNF134,0.125,0.0,-0.0816911792035247,-0.0363661397879051,False,
ZNF135,0.1999999999999999,0.0666666666666666,0.27327011830621,0.2411578481304244,False,
ZNF136,0.625,0.125,-0.583069770346086,0.0671831496171608,False,
ZNF138,0.0,0.0,-0.0655118618007433,0.1647184535477128,False,
ZNF14,0.2222222222222223,0.2222222222222223,-0.129175700245514,-0.093172982067017,False,
ZNF140,0.75,-0.25,-0.5486396166976875,0.1716919098515315,False,
ZNF141,0.375,-0.25,-0.4145288107986979,-0.1278013910044833,False,
ZNF142,0.0,-0.125,-0.0107726749245113,0.348623626117013,False,
ZNF143,-0.125,-0.125,0.213105228901956,0.1038205741185085,False,
ZNF146,-0.375,-0.25,0.288757843610483,-1.0662476791069984,False,
ZNF148,-0.125,-0.25,-0.1947696770390735,0.4103349272956673,False,
ZNF154,-0.0666666666666666,0.3333333333333332,-0.458903338162453,0.0403402169942728,False,
ZNF155,0.5,-0.375,-0.2761662611572105,-0.1984678633657961,False,
ZNF16,0.25,0.25,-0.392397846407072,-0.0680306007039863,False,
ZNF160,0.125,-0.25,-0.271907101730185,0.1902619296227219,False,
ZNF165,-0.1764705882352941,0.1764705882352941,0.177015068090694,-0.081132724398417,False,
ZNF169,0.375,-0.25,-0.243780842391804,-0.6604147160891849,False,
ZNF17,-0.0666666666666666,0.0666666666666666,0.0471370426281401,-0.0223211968664047,False,
ZNF175,-0.2222222222222223,-0.3333333333333332,-0.0925743352959331,-0.8809828123015444,False,
ZNF18,0.125,0.125,-0.39910887780871,0.1837582862816811,False,
ZNF180,-0.25,-0.25,0.1481720807127895,0.2957211333855092,False,
ZNF181,0.375,-0.125,-0.5896114442222735,-0.0509482942423971,False,
ZNF182,0.0,-0.125,-0.3769013620021555,0.2295477178517004,False,
ZNF184,0.0,-0.125,-0.4653797103140875,0.207120147667279,False,
ZNF185,0.0666666666666666,-0.1999999999999999,-0.144914970167525,0.0248438388700538,False,
ZNF19,-0.25,0.375,-0.122582762184934,-0.2367430440498825,False,
ZNF195,-0.5,-0.5,0.595650496582937,-0.0613193121371451,False,
ZNF197,0.411764705882353,-0.2941176470588236,-0.59442925473168,-0.4950623568461345,False,
ZNF200,0.125,-0.375,0.0577704997496595,-0.1667539873337085,False,
ZNF202,-0.375,-0.375,-0.194242303944797,0.0670518359248899,False,
ZNF205,0.0,0.125,0.1274686485637164,0.1321757481316916,False,
ZNF207,-0.25,-0.25,0.4230683827249875,-0.0636685228324462,False,
ZNF211,0.0,0.0,-0.2154634434360505,0.1656659346573423,False,
ZNF212,-0.1111111111111111,-0.3333333333333332,-0.0413464612568144,-0.2504724808357763,False,
ZNF213,0.0,-0.125,-0.2180355630406565,0.0547431176450234,False,
ZNF214,0.25,0.0,-0.279470744924718,0.547888349495916,False,
ZNF215,0.0,-0.375,0.3001728249057535,-0.2986185607429608,False,
ZNF217,-0.25,-0.625,0.192957529157738,0.1097321438013652,False,
ZNF219,0.5,0.0,-0.4044107196150615,-0.1497947934564316,False,
ZNF22,0.5555555555555556,0.3333333333333332,-0.6008772974289089,0.2736823344222632,False,
ZNF221,0.125,0.0,-0.0516671837604941,-0.1368851429952915,False,
ZNF224,0.4444444444444444,-0.4444444444444444,-0.2302730614785975,-0.0475575987937397,False,
ZNF225,0.1111111111111111,0.0,-0.3319588807664525,-0.1490272045589649,False,
ZNF226,0.25,0.125,-0.1886676156530201,-0.2146314224100813,False,
ZNF227,0.125,0.0,-0.7968822556753345,-0.3087213881560373,False,
ZNF229,0.2222222222222223,0.0,-0.420539870594027,0.0775354921477871,False,
ZNF234,-0.1111111111111111,-0.1111111111111111,-0.2261882093490035,-0.2577515111411175,False,
ZNF235,0.125,0.25,-0.6302605683425739,-0.2959006091616838,False,
ZNF236,0.0,-0.375,-0.5311316931719849,0.5907601754182044,False,
ZNF239,0.0,-0.125,-0.0852223010060374,0.0919913584249578,False,
ZNF24,0.0,-0.25,-0.410516612650637,0.0920029736735421,False,
ZNF248,-0.125,0.375,7.119259054104996e-05,-0.0608713083816181,False,
ZNF25,0.125,-0.25,-0.582048820951437,0.0496685207388458,False,
ZNF250,0.25,0.375,-0.3165316134484129,0.0482455866716069,False,
ZNF251,0.4444444444444444,0.0,-0.313503682334336,0.3187675938443171,False,
ZNF253,0.2222222222222223,0.1111111111111111,-0.4311676880710845,-0.1660430291461798,False,
ZNF254,0.25,-0.375,-0.1305280164380983,-0.1725435776102037,False,
ZNF256,-0.3333333333333332,0.1111111111111111,0.3769167362257615,-0.207518703381353,False,
ZNF26,0.2222222222222223,0.0,-0.356976059894423,0.3003398668062094,False,
ZNF260,0.2222222222222223,-0.1111111111111111,-0.2658077984294315,0.0197240206766649,False,
ZNF263,-0.25,-0.125,-0.2266839280972518,0.0971890664509871,False,
ZNF264,0.25,-0.375,-0.520062309816283,0.0014518465438388,False,
ZNF266,0.25,0.125,-0.410745813075247,0.1904616479746725,False,
ZNF267,-0.125,0.0,-0.2516563809539375,-0.4997530330632291,False,
ZNF268,-0.125,0.0,-0.494103382704569,-0.4151655919589523,False,
ZNF273,-0.25,-0.125,0.1279459359732523,0.2822559727119023,False,
ZNF274,0.375,-0.625,-0.417654647465125,0.0306634956198164,False,
ZNF275,-0.125,0.125,-0.573944870176272,0.286137677935161,False,
ZNF276,0.0,-0.25,-0.288455905655705,0.7121260340908735,False,
ZNF28,0.375,-0.125,-0.6172417963972645,0.1330890318332152,False,
ZNF280B,-0.125,-0.25,0.4616807699478955,0.4388850130379675,False,
ZNF280C,-0.125,-0.375,0.172412087904705,-0.3873880006531582,False,
ZNF280D,0.375,-0.125,-0.6154944782964216,0.1100748261651154,False,
ZNF281,-0.3333333333333332,-0.4444444444444444,0.3100888703481415,0.1253154324591447,False,
ZNF282,0.25,-0.25,0.295539531931101,0.0767040277684163,False,
ZNF283,0.125,0.125,-0.302059354778896,0.6098899167587719,False,
ZNF284,0.6666666666666667,-0.1111111111111111,-0.20731568727643,-0.2215099550022965,False,
ZNF285,0.2941176470588236,0.1764705882352941,-0.415806796992907,-0.3860012551104319,False,
ZNF286A,-0.4666666666666665,-0.1999999999999999,0.214835783399065,-0.2626821540562516,False,
ZNF287,0.375,0.0,-0.5048671796123895,0.329084093597727,False,
ZNF292,0.25,-0.375,-0.1675086899934387,0.2885264705666244,False,
ZNF3,-0.5,-0.375,0.267734711472584,-0.1116019373944969,False,
ZNF30,0.0,0.0,0.0119638794737668,0.7827432527245165,False,
ZNF300,-0.125,-0.125,-0.404018761136891,0.0347582451423029,False,
ZNF302,0.125,0.25,-0.740159929408216,0.1265463165443421,False,
ZNF304,-0.5,-0.125,-0.0598459404028764,-0.0710951160176858,False,
ZNF311,0.375,0.0,-0.4055749825459925,-0.0998151265962805,False,
ZNF316,0.2222222222222223,0.0,0.1085762620131408,0.6149261241728925,False,
ZNF317,0.5,-0.25,-0.2617189478769084,-0.1954408479938649,False,
ZNF318,0.0,-0.75,-0.1419276398332021,0.228878933193299,False,
ZNF319,0.5555555555555556,-0.1111111111111111,-0.61886415274012,0.7150750345679651,False,
ZNF32,0.625,0.375,-0.3783689219465935,0.6503393955837686,False,
ZNF320,0.25,-0.125,-0.266809267946851,0.2542227763511926,False,
ZNF322,0.125,0.0,-0.3322253042967977,-0.1541317909447275,False,
ZNF324,0.125,-0.125,-0.2937948146497074,0.0678786525190351,False,
ZNF324B,0.0588235294117647,0.0588235294117647,-0.0789300804345546,0.0337941829339425,False,
ZNF326,0.0,-0.125,-0.021460870373212,0.330053047416079,False,
ZNF329,0.25,-0.375,-0.3083141248164701,-0.0341668645360506,False,
ZNF330,0.125,0.0,-0.0791221324927623,-0.4332944683817745,False,
ZNF331,0.5,-0.375,-0.644374512800469,0.0325702096638362,False,
ZNF333,0.375,0.25,-0.487723644539555,0.2164845694301713,False,
ZNF335,0.2222222222222223,-0.3333333333333332,-0.32818318094992,-0.0365680963533687,False,
ZNF337,-0.25,-0.125,-0.225386633222753,-0.1758805651170494,False,
ZNF33A,0.25,-0.25,-0.349622414556726,0.226926846828793,False,
ZNF33B,0.0,-0.125,-0.1527259889313772,0.2558529671118004,False,
ZNF34,0.5,-0.5,-0.6480876201694514,0.2195273936079962,False,
ZNF341,-0.625,0.25,0.3002855303997715,0.0998967289956782,False,
ZNF343,-0.125,0.0,-0.1205754256773865,0.223723475914821,False,
ZNF345,0.125,0.125,-0.281293549805954,0.1512983009442265,False,
ZNF346,0.125,0.125,-0.312574432553746,-0.5953212008363182,False,
ZNF347,0.125,0.0,-0.454139420376179,-0.0795671547030203,False,
ZNF35,-0.1111111111111111,0.0,-0.0493064969568952,0.2294295511777686,False,
ZNF350,0.3333333333333332,0.0,-0.6579077109919464,-0.4920990806072207,False,
ZNF354A,0.25,-0.25,-0.6537874682450324,0.1004325575125562,False,
ZNF354B,0.5,0.0,-0.5358830747982164,0.0134621122065965,False,
ZNF354C,0.1111111111111111,0.4444444444444444,-0.1922502682368549,0.254330803137329,False,
ZNF358,0.0,0.2222222222222223,-0.213335855678658,-0.1523207236021724,False,
ZNF362,0.0,0.375,-0.2350393627698347,0.3722182404232268,False,
ZNF365,0.0,-0.125,0.0567803756483765,-0.0373273065244808,False,
ZNF367,-0.4444444444444444,-0.1111111111111111,0.3538166831556745,0.1986267176842084,False,
ZNF37A,0.1999999999999999,0.3333333333333332,-0.618717225400554,-0.0245649881087932,False,
ZNF382,0.375,-0.375,-0.1084970237770129,-0.2985505030692423,False,
ZNF383,0.375,0.375,-0.339047617320065,-0.2535882602876964,False,
ZNF384,0.125,0.0,0.0954970541306988,-0.0927166718413339,False,
ZNF385A,0.1999999999999999,-0.0666666666666666,-0.0924869550656547,-0.0655565025655571,False,
ZNF385D,0.3333333333333332,0.4666666666666665,-0.519312224424271,-0.2890696950008935,False,
ZNF391,0.5555555555555556,-0.1111111111111111,-0.190252250030978,0.0301333418941194,False,
ZNF394,-0.125,-0.125,0.2823853638411425,-0.1585929250308315,False,
ZNF395,0.125,0.125,-0.344590195160543,0.5111533751286261,False,
ZNF396,0.375,0.125,-0.511973287128388,-0.0456650948803298,False,
ZNF397,0.125,0.125,-0.3787394571206894,0.001438728217002,False,
ZNF398,-0.3333333333333332,-0.3333333333333332,0.2763015781233525,0.5518310232906618,False,
ZNF408,0.0,0.1111111111111111,-0.1360997799581426,-0.763293277848223,False,
ZNF41,-0.125,-0.25,-0.163038080591121,-0.2360981184658184,False,
ZNF414,0.0,-0.125,-0.0460544533551855,0.0976734502151894,False,
ZNF415,0.375,0.0,-0.451774228347405,0.1594432135095014,False,
ZNF416,0.3333333333333332,-0.2222222222222223,-0.6126413461067479,-0.1706186115152743,False,
ZNF417,-0.1999999999999999,0.0666666666666666,-0.370681364618218,-0.2892762678182716,False,
ZNF418,-0.1999999999999999,0.0666666666666666,-0.382295324816962,-0.18663344747745,False,
ZNF420,0.25,0.0,-0.5514188955994386,0.0957698436891139,False,
ZNF423,-0.4666666666666665,0.1999999999999999,0.235089623098412,-0.2930374242458904,False,
ZNF425,0.1111111111111111,-0.1111111111111111,-0.222486936673325,0.4441347217644764,False,
ZNF428,-0.625,0.5,0.5761698049934415,0.1298191194373483,False,
ZNF429,0.75,0.0,-0.4573615344637015,-0.0667340769118887,False,
ZNF43,0.125,-0.25,-0.193585482949237,0.0350038453511527,False,
ZNF430,0.25,-0.25,-0.340134863620379,-0.1757521440951004,False,
ZNF431,0.3333333333333332,0.1111111111111111,-0.354473834290898,-0.1732834390390234,False,
ZNF432,0.2222222222222223,0.0,-0.1274509374688751,0.0066294217751106,False,
ZNF436,0.4666666666666665,-0.1999999999999999,-0.714906245582778,-0.022468551799669,False,
ZNF438,0.875,0.0,-0.7660094232694146,0.3314582040702216,True,1.0
ZNF439,-0.0588235294117647,0.1764705882352941,-0.14288201138836,-0.114699330842769,False,
ZNF44,0.4666666666666665,-0.4666666666666665,-0.714705584928314,0.1883417632804356,False,
ZNF440,-0.3333333333333332,0.3333333333333332,0.402395981736787,0.1738814576382283,False,
ZNF441,0.0666666666666666,0.0666666666666666,0.0097212108574075,-0.00607639012417,False,
ZNF442,0.4666666666666665,-0.0666666666666666,-0.388607947769958,-0.066159457140055,False,
ZNF443,0.1999999999999999,0.4666666666666665,-0.307725716333559,0.1031115675232507,False,
ZNF444,0.0,0.125,0.218321522687393,-0.1257512965016531,False,
ZNF445,-0.25,-0.25,0.0887392281449762,0.6160752687225863,False,
ZNF446,0.25,0.5,-0.615792251562357,0.2133787089763603,False,
ZNF449,0.125,-0.375,-0.1945780748496859,0.0309235550643285,False,
ZNF45,0.25,-0.5,-0.2960542068574575,-0.0343613852063344,False,
ZNF451,0.25,-0.25,-0.1053592649303141,-0.1604587619187527,False,
ZNF454,0.0,-0.125,-0.0981125632854248,0.0298828605356158,False,
ZNF460,0.2222222222222223,-0.3333333333333332,-0.1208055971453193,0.1239676474325102,False,
ZNF461,0.125,-0.25,-0.3150736319849669,-0.2251966687240467,False,
ZNF462,-0.375,0.25,0.1129304607009955,-0.3605020684059279,False,
ZNF469,0.3333333333333332,-0.2222222222222223,-0.522954529085496,0.7410501922042123,False,
ZNF470,0.0,0.0,-0.155828421794739,-0.0816098955840005,False,
ZNF471,0.3333333333333332,-0.2222222222222223,-0.3385940948756735,-0.0259804330828776,False,
ZNF473,-0.375,-0.125,0.2048796827633315,-0.1909554863487743,False,
ZNF474,-0.0666666666666666,-0.1999999999999999,0.12468055069236,-0.9838292168811726,False,
ZNF48,-0.375,0.125,0.322471258453923,0.3888189676726976,False,
ZNF480,-0.25,0.0,-0.0997895908013883,0.0065897673482142,False,
ZNF483,0.1999999999999999,0.3333333333333332,-0.377174849252999,0.0188926277984513,False,
ZNF484,0.125,-0.25,-0.2417394694773205,0.2540672268624799,False,
ZNF485,0.375,-0.375,-0.3811532112664405,0.3456572059736895,False,
ZNF486,-0.1111111111111111,0.3333333333333332,-0.0266138282021658,-0.2884254278505556,False,
ZNF488,-0.7333333333333334,0.0666666666666666,0.729970569451079,0.317876670245957,False,
ZNF490,0.25,0.125,-0.1626237519465455,-0.4910799025547461,False,
ZNF493,0.375,-0.125,-0.2991961309762619,-0.0815766936324964,False,
ZNF496,0.25,0.125,-0.1194955242962345,0.2091558936295516,False,
ZNF500,0.0,0.125,-0.1519959728820314,-0.2051524631134555,False,
ZNF501,0.0,0.1111111111111111,-0.257836927586628,0.598412130324915,False,
ZNF502,0.1764705882352941,0.2941176470588236,-0.537221194391712,0.1356436908100149,False,
ZNF503,0.5,0.125,-0.4836486416382235,0.0429234301272569,False,
ZNF506,0.25,0.0,-0.1869573020108012,0.0958541831275123,False,
ZNF507,0.0,-0.25,-0.140634525979094,0.1683235826137441,False,
ZNF510,0.25,-0.125,-0.4015914566291055,0.0583798753119624,False,
ZNF512,0.125,0.25,-0.347634836902631,0.2579323220240856,False,
ZNF512B,-0.4444444444444444,0.0,0.6474562161714055,-0.0953875344791519,False,
ZNF513,-0.125,0.0,-0.3144568178069645,0.7430244012041092,False,
ZNF514,0.5,-0.5,-0.5102697742216625,0.1403006756769604,False,
ZNF516,0.25,-0.625,-0.421060918133103,1.012909196504325,False,
ZNF517,0.625,0.125,-0.6379438925216305,0.2624314174581741,False,
ZNF518A,0.0,0.0,-0.3675239570680695,-0.3273228393779201,False,
ZNF518B,0.1764705882352941,-0.1764705882352941,-0.318073952632867,0.5402266842625094,False,
ZNF519,-0.875,0.125,0.474033984360983,-0.2306982154177563,True,-1.0
ZNF521,0.4666666666666665,0.1999999999999999,-0.645584315641284,0.082499106814712,False,
ZNF524,0.1111111111111111,0.5555555555555556,0.1071869007906171,0.2864547520985558,False,
ZNF526,-0.25,0.0,0.2100275175391765,0.3798740694906812,False,
ZNF527,0.25,0.0,-0.4907298399047455,0.2775712361536731,False,
ZNF528,0.25,-0.25,-0.6866316392467895,0.957556022791488,False,
ZNF529,0.125,-0.125,-0.308596742219425,0.5461048187462996,False,
ZNF530,-0.75,0.125,0.45840137188157,0.4935388641107472,False,
ZNF532,0.75,-0.25,-0.7581501678431475,-0.0583332217452683,False,
ZNF540,0.6000000000000001,0.4666666666666665,-0.451165220340893,0.1573422053566371,False,
ZNF543,-0.4444444444444444,-0.1111111111111111,-0.1412302201145655,0.2637462817476872,False,
ZNF546,0.3333333333333332,-0.2222222222222223,-0.5712236744199966,-0.459437607006151,False,
ZNF548,0.0666666666666666,0.0666666666666666,-0.456453188147308,-0.6394755585576721,False,
ZNF549,0.2222222222222223,-0.1111111111111111,-0.4488332977566925,0.1036046736090083,False,
ZNF550,0.0,-0.125,-0.226271274372213,-0.1289819518536683,False,
ZNF551,-0.7333333333333334,-0.1999999999999999,0.199313290988921,-0.5977996336825393,False,
ZNF552,-0.2222222222222223,0.0,0.1855637547325845,-0.3114440355438743,False,
ZNF554,0.25,-0.125,-0.3598910493786725,-0.0353184347761177,False,
ZNF555,0.25,0.25,-0.207172235412646,0.1628449502535489,False,
ZNF557,0.375,0.0,-0.460799441937938,0.0673733964806659,False,
ZNF558,0.4444444444444444,-0.3333333333333332,-0.460228853175617,0.0965090876641916,False,
ZNF559,0.125,0.0,-0.547116574848918,-0.187173230180464,False,
ZNF562,0.75,-0.5,-0.5145218414789455,0.3342238130544033,False,
ZNF563,-0.0,0.375,0.13846708053213,0.0310707194797741,False,
ZNF564,-0.0666666666666666,-0.1999999999999999,-0.171637998185686,0.3186158028970696,False,
ZNF565,0.125,0.25,-0.4024180455975384,-0.1617629890586993,False,
ZNF566,0.25,-0.25,-0.3419836345888505,-0.5967909144613146,False,
ZNF568,0.125,-0.25,-0.4950797080983214,0.4117744144448094,False,
ZNF569,0.25,-0.125,-0.0137859200178769,0.3150201788362303,False,
ZNF57,0.125,0.125,-0.0162742741563154,0.0173823846508551,False,
ZNF572,0.5555555555555556,0.1111111111111111,-0.658218028304596,-0.1248424953828843,False,
ZNF573,0.125,0.0,-0.2497472246362915,-0.1547889420359061,False,
ZNF574,-0.125,-0.375,0.5840220801641485,0.0500892609907968,False,
ZNF575,0.3333333333333332,-0.1999999999999999,-0.446847592836448,0.1276201683292082,False,
ZNF576,-0.25,0.0,-0.2747809315720479,0.1653192999242609,False,
ZNF578,0.125,0.0,0.0537649561888059,-0.2975312322009986,False,
ZNF579,0.0,-0.3333333333333332,-0.097826619252071,0.4633102779699625,False,
ZNF580,-0.1111111111111111,-0.1111111111111111,0.187414531924008,0.2066221311133005,False,
ZNF581,-0.0666666666666666,0.1999999999999999,0.0354081821049943,0.2273805059498554,False,
ZNF582,0.4666666666666665,-0.1999999999999999,-0.156206387543313,0.0092326389513286,False,
ZNF583,0.3333333333333332,-0.1111111111111111,-0.507676375656231,0.1985451331900485,False,
ZNF584,-0.25,-0.125,0.1746024947600548,0.1148212080766972,False,
ZNF585A,0.1999999999999999,0.0666666666666666,-0.254339075543226,-0.0473004904600928,False,
ZNF585B,0.25,0.0,-0.4419695189278195,0.1576547409221018,False,
ZNF586,-0.5,-0.25,0.1917856694544254,0.0233731929267042,False,
ZNF587,-0.125,-0.25,0.199621281284516,-0.3532805674572907,False,
ZNF587B,-0.0588235294117647,0.1764705882352941,0.0709602252326294,-0.0553762754423368,False,
ZNF589,0.25,-0.25,-0.3897758624396435,0.555154204120375,False,
ZNF592,0.0,-0.25,-0.365360118097885,0.4081463265977492,False,
ZNF593,-0.4444444444444444,0.5555555555555556,0.435390878330951,0.3343722348827387,False,
ZNF594,-0.125,-0.375,-0.234891128688171,0.811329030723253,False,
ZNF595,-0.1111111111111111,0.3333333333333332,-0.0327199774302949,0.3040656955538537,False,
ZNF596,0.0,0.5,-0.214140017870945,-0.2397410294621413,False,
ZNF597,0.6666666666666667,-0.3333333333333332,-0.5221330808147625,-0.5522879309797744,False,
ZNF598,-0.125,0.0,0.2176818892981478,0.4199467569917694,False,
ZNF599,0.25,0.375,-0.4767765234707055,0.1977839584647232,False,
ZNF600,0.0,-0.375,-0.313391993310028,0.1644224571372909,False,
ZNF605,-0.1999999999999999,-0.0666666666666666,0.0696071374885709,0.2744216382481752,False,
ZNF606,0.375,-0.375,-0.4906230375574945,0.8195520357826137,False,
ZNF607,0.125,-0.25,-0.275348667164557,0.2532589841622714,False,
ZNF608,0.625,0.0,-0.4116053692003785,-0.2005258045776949,False,
ZNF609,0.0,-0.375,-0.1033948237601775,-0.1619744986702724,False,
ZNF610,0.1999999999999999,-0.0666666666666666,0.168127700704671,0.2395534767007907,False,
ZNF611,0.125,0.0,-0.316226370598186,0.1480385061784193,False,
ZNF613,0.125,-0.25,-0.0933869324705192,-0.171988360024345,False,
ZNF614,-0.125,-0.375,0.146437311969266,-0.1874351995437835,False,
ZNF615,0.0,0.25,-0.315844056208363,0.3008602290284776,False,
ZNF616,0.4444444444444444,0.1111111111111111,-0.7341637196219499,0.0333158097283843,False,
ZNF618,0.0,0.0,0.0626822873909362,0.4003463675084739,False,
ZNF619,-0.0666666666666666,0.1999999999999999,0.115145272553854,-0.4278946889614672,False,
ZNF620,-0.375,-0.375,0.0691211284241917,-0.8969188078305805,False,
ZNF621,0.25,-0.125,-0.5293784155780594,0.1011598535007842,False,
ZNF622,0.2222222222222223,0.3333333333333332,-0.4258125120266725,0.0802682362819462,False,
ZNF623,0.125,-0.5,-0.37803946055291,0.2435910728184047,False,
ZNF624,-0.25,0.125,0.2444660722000675,0.4408368705102568,False,
ZNF626,0.0666666666666666,0.3333333333333332,-0.397165347950334,-0.1245025939544532,False,
ZNF627,-0.25,-0.375,0.0052177016833871,-0.2365647322735529,False,
ZNF628,0.0666666666666666,-0.0666666666666666,-0.0353311403747755,-0.1465742858093079,False,
ZNF629,-0.3333333333333332,-0.1111111111111111,0.1968656583925552,0.5692115835206246,False,
ZNF630,0.0666666666666666,-0.3333333333333332,-0.401063466526635,0.5083147454040865,False,
ZNF638,0.25,0.0,-0.3232673478077205,0.2893881600957089,False,
ZNF639,0.125,0.0,-0.5266684036114451,0.1572797338616336,False,
ZNF641,0.25,0.25,-0.3737424224481245,0.2710524401796315,False,
ZNF644,0.125,-0.25,-0.187457579917836,-0.3040755997887978,False,
ZNF649,0.5,-0.375,-0.271122896730249,0.2231650149148982,False,
ZNF652,0.5555555555555556,0.0,-0.619252135441836,-0.056945628592201,False,
ZNF653,-0.1999999999999999,0.3333333333333332,0.645293010980889,0.3500651460742854,False,
ZNF655,0.125,-0.625,-0.3305143994265515,-0.288808615209803,False,
ZNF658,0.1111111111111111,0.1111111111111111,-0.133911542690904,-0.1459368918992358,False,
ZNF660,0.411764705882353,-0.2941176470588236,-0.398245594356446,-0.4071098405187084,False,
ZNF664,-0.625,-0.125,0.1658522080371465,-0.8002700146457671,False,
ZNF665,0.0,-0.25,0.0075812369619514,0.1982962405410568,False,
ZNF667,-0.0666666666666666,0.1999999999999999,0.198093807986426,-1.000672732956606,False,
ZNF668,-0.125,0.0,0.3388721689056595,-0.344288636388856,False,
ZNF669,-0.25,-0.125,-0.1010052261342707,-0.0628334093272267,False,
ZNF671,-0.125,0.375,-0.2187300462704455,-0.1964971247651248,False,
ZNF672,-0.25,-0.375,0.0338403944769255,-0.1421338349984013,False,
ZNF674,0.0,0.1111111111111111,-0.2448523247406261,-0.2118615154741849,False,
ZNF675,0.375,0.0,-0.3209570677014965,0.1753364657439653,False,
ZNF677,0.125,0.25,0.0937678627658341,0.1686755190337785,False,
ZNF678,-0.125,0.125,0.0304898932189933,-0.2471138433438584,False,
ZNF680,0.125,-0.125,-0.4639295971310675,-0.2644288120037084,False,
ZNF681,0.1111111111111111,0.0,-0.1981826440697606,-0.2197804975290891,False,
ZNF682,-0.25,0.25,-0.1116836777417664,-0.1211430111258398,False,
ZNF684,0.125,0.0,-0.2473284483484334,-0.0677987387603193,False,
ZNF687,-0.25,-0.25,0.172216675881115,-0.318443552024831,False,
ZNF688,0.1111111111111111,0.4444444444444444,-0.2414289793404535,0.0260615998038091,False,
ZNF689,0.25,-0.125,-0.32961690367806,-0.3496489175121677,False,
ZNF69,0.0666666666666666,0.1999999999999999,-0.17534413470132,0.4413580799267544,False,
ZNF691,0.25,0.375,0.0116536165387969,-0.2724941525373232,False,
ZNF692,-0.375,0.375,-0.0997102799560747,0.1954613922350301,False,
ZNF696,0.0,-0.2222222222222223,0.0452565787771717,0.607878681875591,False,
ZNF697,-0.1111111111111111,-0.1111111111111111,0.241668320238635,-0.0104040777257794,False,
ZNF699,0.4444444444444444,-0.2222222222222223,-0.5248067828487695,-0.3294058794493031,False,
ZNF7,0.25,-0.375,-0.4708386052855224,0.2801892752118458,False,
ZNF70,-0.2222222222222223,-0.2222222222222223,0.0112844946268206,0.3644253686532508,False,
ZNF700,-0.375,0.0,0.0039482099603612,0.8289563881141715,False,
ZNF701,0.625,-0.5,-0.8763838006744765,-0.0406803367757895,False,
ZNF703,-0.2222222222222223,-0.1111111111111111,0.3478826081093314,0.3621019532952361,False,
ZNF704,0.0666666666666666,0.1999999999999999,-0.606713917226685,0.2580180154385527,False,
ZNF706,0.125,-0.25,-0.472698894615677,0.1944096918635729,False,
ZNF707,0.25,-0.5,-0.0354312868366465,0.3723389426045178,False,
ZNF708,0.375,0.0,-0.269657045424674,-0.0958906711645077,False,
ZNF709,0.1999999999999999,0.1999999999999999,-0.483379845579749,-0.2868865710925194,False,
ZNF710,-0.25,-0.125,0.448828423423607,-0.842159548472583,False,
ZNF714,-0.125,-0.25,0.4637740554653635,-0.4306256513027582,False,
ZNF717,0.625,-0.125,-0.5191007113336046,0.1127014186759818,False,
ZNF718,0.3333333333333332,0.0,-0.4504088265513585,0.0609372648383015,False,
ZNF721,0.0,0.125,-0.308342745149905,-0.1828360442876833,False,
ZNF726,-0.3333333333333332,-0.0666666666666666,0.0708588883003789,-0.033495932011279,False,
ZNF730,-0.875,-0.125,0.537906165256982,-0.0831262852677814,True,-1.0
ZNF736,-0.1999999999999999,0.0666666666666666,-0.286982623330028,-0.2316989075427153,False,
ZNF737,0.1111111111111111,0.1111111111111111,-0.2993219709879985,-0.1363983471225933,False,
ZNF74,-0.25,-0.375,0.2983628665349205,-0.1959794026576171,False,
ZNF746,-0.125,-0.25,-0.0356176040008033,0.2947710092815088,False,
ZNF747,0.1764705882352941,0.1764705882352941,-0.210922867277419,0.4264510479939729,False,
ZNF749,-0.3333333333333332,-0.3333333333333332,0.3441004751650119,-0.2063436808219672,False,
ZNF75A,0.25,-0.25,-0.621787659359148,0.312308391075174,False,
ZNF75D,0.625,-0.375,-0.493801736932113,-0.157117905752643,False,
ZNF76,0.625,0.125,-0.5363665997336164,0.2909920338603173,False,
ZNF761,-0.0666666666666666,-0.0666666666666666,-0.235946897430461,-0.2293398422342503,False,
ZNF764,-0.375,-0.25,0.179297745194212,-0.0042563111601152,False,
ZNF765,-0.25,0.125,0.3269888010941449,0.1287091474985362,False,
ZNF766,0.25,0.0,-0.4104803145244045,-0.0615866567208405,False,
ZNF768,-0.125,0.125,0.058972253150566,0.0591414774124885,False,
ZNF77,0.1111111111111111,-0.2222222222222223,0.0104085268439907,-0.267990518737947,False,
ZNF770,0.3333333333333332,0.3333333333333332,-0.1569375317214185,-0.0974782589298943,False,
ZNF771,-0.125,-0.125,0.0650485105800552,-0.2201477274915446,False,
ZNF772,-0.4666666666666665,-0.3333333333333332,-0.0880756186340093,-0.2017310388023068,False,
ZNF773,-0.125,-0.375,-0.4673471209867895,0.130607655674539,False,
ZNF774,-0.1999999999999999,-0.0666666666666666,0.160651756356829,-0.5520620179798092,False,
ZNF775,-0.0666666666666666,-0.1999999999999999,-0.209837166429061,0.6774297532427895,False,
ZNF776,0.375,-0.25,-0.428584131468356,-0.7305834590440294,False,
ZNF777,-0.2941176470588236,-0.2941176470588236,0.146837413265855,0.1347200684570997,False,
ZNF778,-0.375,-0.375,0.0927523065092088,0.2172498137284009,False,
ZNF780A,0.1111111111111111,0.0,-0.388138528418273,-0.2224959514866222,False,
ZNF780B,0.2222222222222223,-0.3333333333333332,-0.291413417320523,0.050163295001133,False,
ZNF782,-0.25,-0.125,-0.0673268968018525,-0.0371186314639708,False,
ZNF784,-0.1111111111111111,-0.2222222222222223,0.3146503468810595,-0.2265209666143812,False,
ZNF785,0.0,-0.125,-0.3210262138514235,-0.3809196959146557,False,
ZNF786,-0.25,-0.375,0.021348914841585,0.3032348312084529,False,
ZNF787,-0.3333333333333332,-0.1111111111111111,0.5192796477335455,0.2047767430369824,False,
ZNF789,-0.25,0.25,0.1267524355504191,0.0352804891884321,False,
ZNF79,-0.25,0.0,0.0784184959894881,0.0706598820010795,False,
ZNF790,0.3333333333333332,0.3333333333333332,-0.2583831241905845,-0.1229734324192577,False,
ZNF791,0.0,0.0,-0.2199016471595795,-0.3797689882384238,False,
ZNF792,-0.25,-0.25,0.3101318835740545,0.4012997293877369,False,
ZNF799,0.125,0.375,-0.0087332223658352,-0.1822821495988544,False,
ZNF800,0.25,-0.125,-0.439615551425615,0.2889121238781662,False,
ZNF804A,0.3333333333333332,0.0666666666666666,-0.0460657549540802,0.4815033273876272,False,
ZNF805,0.1111111111111111,-0.2222222222222223,-0.387568435376668,-0.138264909139173,False,
ZNF808,0.0,-0.125,-0.353259407812741,0.0849651896132841,False,
ZNF81,0.625,0.0,-0.2924892865360745,0.2359503041631825,False,
ZNF813,0.125,-0.25,-0.4192887940839575,-0.0517490787334853,False,
ZNF814,-0.125,0.0,-0.237726298911294,0.0022208766928619,False,
ZNF816,-0.1999999999999999,0.4666666666666665,0.144351498810809,0.1206614066535531,False,
ZNF821,-0.25,0.125,0.260874800995013,0.1837235789319042,False,
ZNF823,-0.375,0.0,0.108897169041605,-0.3684215365818648,False,
ZNF827,-0.25,0.125,0.2204075784496891,0.0515984904687405,False,
ZNF829,-0.125,0.0,-0.2693435947529125,-0.1622423990481829,False,
ZNF83,0.25,-0.125,-0.7298396430618794,-0.0619578840409853,False,
ZNF836,0.375,0.5,-0.5366857148927925,0.0653834654941121,False,
ZNF837,-0.25,0.375,0.1963374255884225,0.1855342379672295,False,
ZNF839,0.0,-0.375,-0.0884577068490038,0.0325316683980587,False,
ZNF84,0.0,0.0,-0.2127464490081825,0.4834157201364621,False,
ZNF841,-0.0666666666666666,-0.0666666666666666,-0.0265632464071802,0.0922835916364848,False,
ZNF845,0.125,0.25,-0.659558357156629,-0.1104422625747627,False,
ZNF846,0.0,0.2222222222222223,-0.0965592974180463,0.0045338294836891,False,
ZNF85,-0.125,0.0,0.3030303856497425,-0.2979695501438582,False,
ZNF850,-0.1111111111111111,-0.1111111111111111,-0.1038635684649953,-0.3846928816406432,False,
ZNF852,0.0588235294117647,0.2941176470588236,-0.162027733059739,0.037941660047521,False,
ZNF862,0.5,0.125,-0.3056359710664384,0.1344216508476905,False,
ZNF865,0.0,-0.4444444444444444,-0.269772224748461,-0.0242665679796476,False,
ZNF879,0.1111111111111111,-0.1111111111111111,-0.0232721064402706,0.0632648920674903,False,
ZNF880,0.0,0.3333333333333332,-0.3947462099443735,0.289103384176951,False,
ZNF888,0.0,0.2222222222222223,-0.361800591242542,-0.0906921810625176,False,
ZNF891,0.3333333333333332,0.1111111111111111,-0.5098860662402229,0.530325052276122,False,
ZNF90,-0.0666666666666666,-0.3333333333333332,-0.130585395909365,0.1457432109049865,False,
ZNF91,0.25,-0.5,-0.347556547412417,-0.3029626151490014,False,
ZNF92,-0.375,-0.125,-0.0427305731302712,0.1186930597892441,False,
ZNF93,0.125,0.125,0.0671631629350234,-0.1202939795698294,False,
ZNFX1,0.5,-0.125,-0.3399804774999124,0.0708179787154179,False,
ZNHIT2,-0.1111111111111111,0.2222222222222223,0.23886705338403,-0.2241731822335673,False,
ZNHIT3,-0.0588235294117647,-0.0588235294117647,-0.0800930028438447,-0.1818813372419603,False,
ZNHIT6,-0.125,0.125,0.2176255282547095,-0.1295040167189736,False,
ZNRF1,-0.5,-0.125,0.348131196038223,0.3935957500829079,False,
ZNRF2,0.75,-0.25,-0.8537127261848305,0.2818838820338083,False,
ZNRF3,0.125,0.0,-0.016886302436113,0.2873962285096816,False,
ZP3,-0.1999999999999999,-0.0666666666666666,0.192152706056654,0.2027118593507322,False,
ZRANB1,0.5555555555555556,-0.1111111111111111,-0.712892425067488,0.5502526495748441,False,
ZRANB2,-0.5,0.25,0.393648128315096,-0.4008386375797541,False,
ZRANB3,-0.25,0.0,0.286148048989379,-0.2239942362001841,False,
ZRSR2,0.0,0.0,-0.210337450420324,-0.0204189518166328,False,
ZSCAN12,0.25,-0.5,-0.391446757383787,-0.102827842204568,False,
ZSCAN16,-0.4444444444444444,-0.1111111111111111,0.1571645802948488,0.5760105591348703,False,
ZSCAN18,0.0,0.125,0.1873016957706395,0.3212322242400014,False,
ZSCAN2,-0.375,-0.25,0.4637395229062175,-0.0311018901320796,False,
ZSCAN20,-0.25,0.0,-0.0623633544784114,-0.0991105101891691,False,
ZSCAN21,0.25,-0.375,-0.348786855331434,0.3309416077953475,False,
ZSCAN23,0.125,-0.375,-0.0882744460954125,0.5290710344027432,False,
ZSCAN25,0.625,-0.375,-0.645328454373593,-0.0411728497458461,False,
ZSCAN29,0.0,-0.5,-0.138987728481588,0.9203042593955448,False,
ZSCAN30,-0.25,-0.375,-0.0628628650255699,0.3191337089039967,False,
ZSCAN31,-0.3333333333333332,0.2222222222222223,0.073183644862464,-0.3829732373524765,False,
ZSCAN32,0.0,-0.125,-0.1624798012428375,0.101043630843717,False,
ZSCAN5A,-0.5,0.5,0.3551886574469665,-0.1031667899927804,False,
ZSCAN9,-0.125,-0.25,0.1081224576010166,0.0063207540000018,False,
ZSWIM1,0.3333333333333332,0.2222222222222223,-0.182849211056418,-0.2766775462581998,False,
ZSWIM3,0.2222222222222223,0.0,-0.162490658606248,-0.9306048443678402,False,
ZSWIM4,0.1764705882352941,-0.0588235294117647,-0.0850318139939125,0.0198439366884866,False,
ZSWIM5,0.1999999999999999,0.0666666666666666,-0.46959074841091,-0.3093508595485694,False,
ZSWIM6,-0.5555555555555556,-0.5555555555555556,0.824639800634339,0.4113380242140154,False,
ZSWIM7,0.4444444444444444,0.1111111111111111,-0.2644831677172164,0.4229779418260828,False,
ZSWIM8,0.25,-0.125,-0.3786769081654875,0.1154814800007191,False,
ZW10,-0.6666666666666667,0.1111111111111111,0.238104436122085,0.1034180991226061,False,
ZWILCH,-0.375,-0.25,0.59261585982228,0.1727201288972557,False,
ZWINT,-0.25,-0.125,0.553764715913767,-0.0546069004157248,False,
ZXDA,0.4444444444444444,-0.1111111111111111,-0.7113940128894924,0.1926267967154004,False,
ZXDB,-0.1111111111111111,0.1111111111111111,-0.063149594365434,0.7076116366623948,False,
ZXDC,0.375,-0.25,-0.1803038728197395,0.2957252264520362,False,
ZYG11B,0.375,-0.125,-0.6321957790326656,-0.0566247805122936,False,
ZYX,0.1111111111111111,-0.3333333333333332,0.1717227886562235,0.1499329200057704,False,
ZZEF1,0.25,0.5,-0.288754579988837,0.0136874860185425,False,
ZZZ3,-0.125,0.0,0.1006170658717883,0.3786485227627549,False,
